<?xml version='1.0' encoding='utf-8'?>
<gpx xmlns="http://www.topografix.com/GPX/1/1" xmlns:xsi="http://www.w3.org/2001/XMLSchema-instance" version="1.1" creator="Gravelle Estrie" xsi:schemaLocation="http://www.topografix.com/GPX/1/1 http://www.topografix.com/GPX/1/1/gpx.xsd">
  <metadata>
    <name>16/08/21</name>
  </metadata>
  <trk>
    <name>16/08/21</name>
    <trkseg>
      <trkpt lat="45.328339" lon="-72.194429">
        <ele>259.9</ele>
      </trkpt>
      <trkpt lat="45.3284" lon="-72.194481">
        <ele>260</ele>
      </trkpt>
      <trkpt lat="45.328466" lon="-72.194549">
        <ele>260.1</ele>
      </trkpt>
      <trkpt lat="45.328528" lon="-72.194612">
        <ele>260.2</ele>
      </trkpt>
      <trkpt lat="45.328593" lon="-72.194667">
        <ele>260.2</ele>
      </trkpt>
      <trkpt lat="45.328643" lon="-72.194728">
        <ele>260.3</ele>
      </trkpt>
      <trkpt lat="45.328721" lon="-72.19482">
        <ele>260.4</ele>
      </trkpt>
      <trkpt lat="45.328797" lon="-72.194907">
        <ele>260.4</ele>
      </trkpt>
      <trkpt lat="45.328862" lon="-72.194976">
        <ele>260.5</ele>
      </trkpt>
      <trkpt lat="45.328928" lon="-72.195071">
        <ele>260.6</ele>
      </trkpt>
      <trkpt lat="45.328981" lon="-72.19516">
        <ele>260.7</ele>
      </trkpt>
      <trkpt lat="45.329026" lon="-72.195246">
        <ele>260.9</ele>
      </trkpt>
      <trkpt lat="45.329073" lon="-72.195329">
        <ele>261.1</ele>
      </trkpt>
      <trkpt lat="45.329125" lon="-72.195414">
        <ele>261.3</ele>
      </trkpt>
      <trkpt lat="45.329172" lon="-72.195515">
        <ele>261.6</ele>
      </trkpt>
      <trkpt lat="45.329213" lon="-72.195632">
        <ele>262.1</ele>
      </trkpt>
      <trkpt lat="45.329223" lon="-72.195723">
        <ele>262.5</ele>
      </trkpt>
      <trkpt lat="45.329247" lon="-72.195846">
        <ele>263.1</ele>
      </trkpt>
      <trkpt lat="45.329298" lon="-72.195933">
        <ele>263.5</ele>
      </trkpt>
      <trkpt lat="45.329331" lon="-72.196016">
        <ele>263.9</ele>
      </trkpt>
      <trkpt lat="45.329305" lon="-72.196148">
        <ele>264.7</ele>
      </trkpt>
      <trkpt lat="45.329311" lon="-72.196287">
        <ele>265.6</ele>
      </trkpt>
      <trkpt lat="45.329356" lon="-72.196431">
        <ele>266.4</ele>
      </trkpt>
      <trkpt lat="45.329432" lon="-72.196516">
        <ele>266.7</ele>
      </trkpt>
      <trkpt lat="45.32953" lon="-72.196561">
        <ele>266.7</ele>
      </trkpt>
      <trkpt lat="45.32963" lon="-72.196657">
        <ele>267.1</ele>
      </trkpt>
      <trkpt lat="45.329692" lon="-72.196796">
        <ele>268</ele>
      </trkpt>
      <trkpt lat="45.329691" lon="-72.196952">
        <ele>269.4</ele>
      </trkpt>
      <trkpt lat="45.329665" lon="-72.19712">
        <ele>271</ele>
      </trkpt>
      <trkpt lat="45.329684" lon="-72.19734">
        <ele>272.6</ele>
      </trkpt>
      <trkpt lat="45.329713" lon="-72.197432">
        <ele>273.2</ele>
      </trkpt>
      <trkpt lat="45.329751" lon="-72.197533">
        <ele>273.6</ele>
      </trkpt>
      <trkpt lat="45.329803" lon="-72.197634">
        <ele>273.9</ele>
      </trkpt>
      <trkpt lat="45.32986" lon="-72.197761">
        <ele>274.1</ele>
      </trkpt>
      <trkpt lat="45.329915" lon="-72.197889">
        <ele>274.2</ele>
      </trkpt>
      <trkpt lat="45.329973" lon="-72.19801">
        <ele>274.1</ele>
      </trkpt>
      <trkpt lat="45.330039" lon="-72.198146">
        <ele>273.9</ele>
      </trkpt>
      <trkpt lat="45.330079" lon="-72.198288">
        <ele>273.7</ele>
      </trkpt>
      <trkpt lat="45.330114" lon="-72.198411">
        <ele>273.6</ele>
      </trkpt>
      <trkpt lat="45.33014" lon="-72.198515">
        <ele>273.5</ele>
      </trkpt>
      <trkpt lat="45.330184" lon="-72.198698">
        <ele>273.2</ele>
      </trkpt>
      <trkpt lat="45.330217" lon="-72.198846">
        <ele>273</ele>
      </trkpt>
      <trkpt lat="45.33025" lon="-72.198987">
        <ele>272.7</ele>
      </trkpt>
      <trkpt lat="45.330282" lon="-72.19913">
        <ele>272.5</ele>
      </trkpt>
      <trkpt lat="45.330305" lon="-72.199277">
        <ele>272.2</ele>
      </trkpt>
      <trkpt lat="45.330309" lon="-72.199248">
        <ele>272.2</ele>
      </trkpt>
      <trkpt lat="45.330222" lon="-72.199576">
        <ele>272.4</ele>
      </trkpt>
      <trkpt lat="45.330201" lon="-72.199723">
        <ele>272.6</ele>
      </trkpt>
      <trkpt lat="45.330205" lon="-72.199916">
        <ele>272.7</ele>
      </trkpt>
      <trkpt lat="45.33019" lon="-72.200125">
        <ele>273.2</ele>
      </trkpt>
      <trkpt lat="45.330171" lon="-72.200288">
        <ele>273.7</ele>
      </trkpt>
      <trkpt lat="45.330154" lon="-72.200416">
        <ele>274.3</ele>
      </trkpt>
      <trkpt lat="45.330139" lon="-72.200488">
        <ele>274.7</ele>
      </trkpt>
      <trkpt lat="45.330128" lon="-72.200586">
        <ele>275.2</ele>
      </trkpt>
      <trkpt lat="45.330114" lon="-72.200745">
        <ele>276.1</ele>
      </trkpt>
      <trkpt lat="45.330112" lon="-72.200868">
        <ele>276.8</ele>
      </trkpt>
      <trkpt lat="45.330092" lon="-72.200975">
        <ele>277.6</ele>
      </trkpt>
      <trkpt lat="45.330032" lon="-72.201071">
        <ele>278.6</ele>
      </trkpt>
      <trkpt lat="45.329942" lon="-72.201154">
        <ele>279.9</ele>
      </trkpt>
      <trkpt lat="45.329877" lon="-72.201241">
        <ele>281</ele>
      </trkpt>
      <trkpt lat="45.329837" lon="-72.201347">
        <ele>282.1</ele>
      </trkpt>
      <trkpt lat="45.329818" lon="-72.201417">
        <ele>282.7</ele>
      </trkpt>
      <trkpt lat="45.329783" lon="-72.201545">
        <ele>284</ele>
      </trkpt>
      <trkpt lat="45.329742" lon="-72.201694">
        <ele>285.4</ele>
      </trkpt>
      <trkpt lat="45.329708" lon="-72.201857">
        <ele>286.8</ele>
      </trkpt>
      <trkpt lat="45.329662" lon="-72.202015">
        <ele>288.3</ele>
      </trkpt>
      <trkpt lat="45.329612" lon="-72.202175">
        <ele>289.8</ele>
      </trkpt>
      <trkpt lat="45.329563" lon="-72.202308">
        <ele>291.1</ele>
      </trkpt>
      <trkpt lat="45.329513" lon="-72.202446">
        <ele>292.5</ele>
      </trkpt>
      <trkpt lat="45.329443" lon="-72.202678">
        <ele>294.6</ele>
      </trkpt>
      <trkpt lat="45.329387" lon="-72.202831">
        <ele>296</ele>
      </trkpt>
      <trkpt lat="45.329343" lon="-72.202973">
        <ele>297.3</ele>
      </trkpt>
      <trkpt lat="45.329314" lon="-72.203102">
        <ele>298.4</ele>
      </trkpt>
      <trkpt lat="45.329264" lon="-72.203222">
        <ele>299.6</ele>
      </trkpt>
      <trkpt lat="45.329159" lon="-72.203339">
        <ele>301.3</ele>
      </trkpt>
      <trkpt lat="45.329113" lon="-72.203418">
        <ele>302.3</ele>
      </trkpt>
      <trkpt lat="45.32903" lon="-72.203501">
        <ele>303.7</ele>
      </trkpt>
      <trkpt lat="45.32901" lon="-72.20363">
        <ele>304.7</ele>
      </trkpt>
      <trkpt lat="45.329053" lon="-72.203757">
        <ele>305.2</ele>
      </trkpt>
      <trkpt lat="45.329096" lon="-72.203858">
        <ele>305.5</ele>
      </trkpt>
      <trkpt lat="45.329128" lon="-72.203962">
        <ele>305.9</ele>
      </trkpt>
      <trkpt lat="45.329161" lon="-72.204069">
        <ele>306.3</ele>
      </trkpt>
      <trkpt lat="45.329213" lon="-72.204158">
        <ele>306.4</ele>
      </trkpt>
      <trkpt lat="45.329284" lon="-72.204234">
        <ele>306.2</ele>
      </trkpt>
      <trkpt lat="45.329351" lon="-72.204277">
        <ele>305.7</ele>
      </trkpt>
      <trkpt lat="45.329455" lon="-72.204303">
        <ele>304.8</ele>
      </trkpt>
      <trkpt lat="45.329538" lon="-72.204324">
        <ele>304</ele>
      </trkpt>
      <trkpt lat="45.329595" lon="-72.204347">
        <ele>303.5</ele>
      </trkpt>
      <trkpt lat="45.329666" lon="-72.204385">
        <ele>302.9</ele>
      </trkpt>
      <trkpt lat="45.329767" lon="-72.204448">
        <ele>302.2</ele>
      </trkpt>
      <trkpt lat="45.329826" lon="-72.204476">
        <ele>301.8</ele>
      </trkpt>
      <trkpt lat="45.329931" lon="-72.204516">
        <ele>300.9</ele>
      </trkpt>
      <trkpt lat="45.32999" lon="-72.204538">
        <ele>300.4</ele>
      </trkpt>
      <trkpt lat="45.330062" lon="-72.204556">
        <ele>299.8</ele>
      </trkpt>
      <trkpt lat="45.330147" lon="-72.204598">
        <ele>299.2</ele>
      </trkpt>
      <trkpt lat="45.330234" lon="-72.204654">
        <ele>298.8</ele>
      </trkpt>
      <trkpt lat="45.330287" lon="-72.20469">
        <ele>298.5</ele>
      </trkpt>
      <trkpt lat="45.330334" lon="-72.204717">
        <ele>298.3</ele>
      </trkpt>
      <trkpt lat="45.330403" lon="-72.204754">
        <ele>297.9</ele>
      </trkpt>
      <trkpt lat="45.330483" lon="-72.204802">
        <ele>297.5</ele>
      </trkpt>
      <trkpt lat="45.330558" lon="-72.204851">
        <ele>297.2</ele>
      </trkpt>
      <trkpt lat="45.330633" lon="-72.20493">
        <ele>297.1</ele>
      </trkpt>
      <trkpt lat="45.330675" lon="-72.205046">
        <ele>297.5</ele>
      </trkpt>
      <trkpt lat="45.330692" lon="-72.205162">
        <ele>298.2</ele>
      </trkpt>
      <trkpt lat="45.330705" lon="-72.205281">
        <ele>298.8</ele>
      </trkpt>
      <trkpt lat="45.330746" lon="-72.205428">
        <ele>299.3</ele>
      </trkpt>
      <trkpt lat="45.33081" lon="-72.205524">
        <ele>299.3</ele>
      </trkpt>
      <trkpt lat="45.330866" lon="-72.205553">
        <ele>299</ele>
      </trkpt>
      <trkpt lat="45.330982" lon="-72.205567">
        <ele>297.9</ele>
      </trkpt>
      <trkpt lat="45.331082" lon="-72.205569">
        <ele>297</ele>
      </trkpt>
      <trkpt lat="45.331168" lon="-72.205524">
        <ele>295.9</ele>
      </trkpt>
      <trkpt lat="45.331249" lon="-72.205534">
        <ele>295.1</ele>
      </trkpt>
      <trkpt lat="45.331292" lon="-72.205542">
        <ele>294.8</ele>
      </trkpt>
      <trkpt lat="45.331328" lon="-72.205558">
        <ele>294.5</ele>
      </trkpt>
      <trkpt lat="45.331379" lon="-72.205554">
        <ele>294</ele>
      </trkpt>
      <trkpt lat="45.331452" lon="-72.205538">
        <ele>293.3</ele>
      </trkpt>
      <trkpt lat="45.331568" lon="-72.205539">
        <ele>292.3</ele>
      </trkpt>
      <trkpt lat="45.331682" lon="-72.205582">
        <ele>291.6</ele>
      </trkpt>
      <trkpt lat="45.331711" lon="-72.205622">
        <ele>291.7</ele>
      </trkpt>
      <trkpt lat="45.3318" lon="-72.20569">
        <ele>291.5</ele>
      </trkpt>
      <trkpt lat="45.331897" lon="-72.205754">
        <ele>291.2</ele>
      </trkpt>
      <trkpt lat="45.331985" lon="-72.205806">
        <ele>291</ele>
      </trkpt>
      <trkpt lat="45.3321" lon="-72.205883">
        <ele>290.9</ele>
      </trkpt>
      <trkpt lat="45.33222" lon="-72.205998">
        <ele>291.1</ele>
      </trkpt>
      <trkpt lat="45.332305" lon="-72.206115">
        <ele>291.5</ele>
      </trkpt>
      <trkpt lat="45.332361" lon="-72.206235">
        <ele>292.1</ele>
      </trkpt>
      <trkpt lat="45.332379" lon="-72.206326">
        <ele>292.7</ele>
      </trkpt>
      <trkpt lat="45.332459" lon="-72.206429">
        <ele>293</ele>
      </trkpt>
      <trkpt lat="45.332557" lon="-72.206561">
        <ele>293.4</ele>
      </trkpt>
      <trkpt lat="45.332649" lon="-72.206692">
        <ele>293.7</ele>
      </trkpt>
      <trkpt lat="45.332688" lon="-72.206738">
        <ele>293.8</ele>
      </trkpt>
      <trkpt lat="45.332754" lon="-72.206951">
        <ele>294.5</ele>
      </trkpt>
      <trkpt lat="45.332814" lon="-72.207199">
        <ele>295.4</ele>
      </trkpt>
      <trkpt lat="45.332891" lon="-72.207402">
        <ele>295.8</ele>
      </trkpt>
      <trkpt lat="45.333054" lon="-72.207529">
        <ele>295.4</ele>
      </trkpt>
      <trkpt lat="45.333174" lon="-72.207584">
        <ele>294.8</ele>
      </trkpt>
      <trkpt lat="45.333298" lon="-72.207611">
        <ele>294</ele>
      </trkpt>
      <trkpt lat="45.333413" lon="-72.207604">
        <ele>293.2</ele>
      </trkpt>
      <trkpt lat="45.333618" lon="-72.207573">
        <ele>291.6</ele>
      </trkpt>
      <trkpt lat="45.333751" lon="-72.207586">
        <ele>290.6</ele>
      </trkpt>
      <trkpt lat="45.333915" lon="-72.207641">
        <ele>289.7</ele>
      </trkpt>
      <trkpt lat="45.334055" lon="-72.207831">
        <ele>289.4</ele>
      </trkpt>
      <trkpt lat="45.33417" lon="-72.208203">
        <ele>290</ele>
      </trkpt>
      <trkpt lat="45.33421" lon="-72.208445">
        <ele>290.6</ele>
      </trkpt>
      <trkpt lat="45.334225" lon="-72.208691">
        <ele>291.4</ele>
      </trkpt>
      <trkpt lat="45.334216" lon="-72.208929">
        <ele>292.3</ele>
      </trkpt>
      <trkpt lat="45.334187" lon="-72.209167">
        <ele>293.4</ele>
      </trkpt>
      <trkpt lat="45.334147" lon="-72.209405">
        <ele>294.7</ele>
      </trkpt>
      <trkpt lat="45.334166" lon="-72.209649">
        <ele>295.7</ele>
      </trkpt>
      <trkpt lat="45.334243" lon="-72.209884">
        <ele>296.3</ele>
      </trkpt>
      <trkpt lat="45.334377" lon="-72.210075">
        <ele>296.3</ele>
      </trkpt>
      <trkpt lat="45.33452" lon="-72.210198">
        <ele>295.9</ele>
      </trkpt>
      <trkpt lat="45.334658" lon="-72.210297">
        <ele>295.4</ele>
      </trkpt>
      <trkpt lat="45.334749" lon="-72.210369">
        <ele>295.2</ele>
      </trkpt>
      <trkpt lat="45.334868" lon="-72.210459">
        <ele>294.8</ele>
      </trkpt>
      <trkpt lat="45.334992" lon="-72.21058">
        <ele>294.6</ele>
      </trkpt>
      <trkpt lat="45.335149" lon="-72.210771">
        <ele>294.5</ele>
      </trkpt>
      <trkpt lat="45.335253" lon="-72.210866">
        <ele>294.4</ele>
      </trkpt>
      <trkpt lat="45.335364" lon="-72.210931">
        <ele>294.1</ele>
      </trkpt>
      <trkpt lat="45.335473" lon="-72.210985">
        <ele>293.8</ele>
      </trkpt>
      <trkpt lat="45.335545" lon="-72.211023">
        <ele>293.6</ele>
      </trkpt>
      <trkpt lat="45.335628" lon="-72.21106">
        <ele>293.3</ele>
      </trkpt>
      <trkpt lat="45.335718" lon="-72.21111">
        <ele>293</ele>
      </trkpt>
      <trkpt lat="45.335816" lon="-72.211166">
        <ele>292.7</ele>
      </trkpt>
      <trkpt lat="45.335905" lon="-72.21122">
        <ele>292.4</ele>
      </trkpt>
      <trkpt lat="45.336003" lon="-72.21127">
        <ele>292.1</ele>
      </trkpt>
      <trkpt lat="45.336144" lon="-72.211348">
        <ele>291.6</ele>
      </trkpt>
      <trkpt lat="45.336313" lon="-72.211436">
        <ele>291.1</ele>
      </trkpt>
      <trkpt lat="45.33645" lon="-72.2115">
        <ele>290.7</ele>
      </trkpt>
      <trkpt lat="45.336558" lon="-72.211554">
        <ele>290.4</ele>
      </trkpt>
      <trkpt lat="45.336654" lon="-72.211621">
        <ele>290.1</ele>
      </trkpt>
      <trkpt lat="45.336733" lon="-72.21173">
        <ele>290.2</ele>
      </trkpt>
      <trkpt lat="45.336762" lon="-72.211834">
        <ele>290.4</ele>
      </trkpt>
      <trkpt lat="45.336767" lon="-72.211902">
        <ele>290.7</ele>
      </trkpt>
      <trkpt lat="45.336772" lon="-72.211979">
        <ele>291</ele>
      </trkpt>
      <trkpt lat="45.336756" lon="-72.212065">
        <ele>291.4</ele>
      </trkpt>
      <trkpt lat="45.336735" lon="-72.212168">
        <ele>291.9</ele>
      </trkpt>
      <trkpt lat="45.336693" lon="-72.212282">
        <ele>292.5</ele>
      </trkpt>
      <trkpt lat="45.33665" lon="-72.212405">
        <ele>293.2</ele>
      </trkpt>
      <trkpt lat="45.336629" lon="-72.212493">
        <ele>293.6</ele>
      </trkpt>
      <trkpt lat="45.336618" lon="-72.212583">
        <ele>293.9</ele>
      </trkpt>
      <trkpt lat="45.336603" lon="-72.21268">
        <ele>294.4</ele>
      </trkpt>
      <trkpt lat="45.336614" lon="-72.212812">
        <ele>294.8</ele>
      </trkpt>
      <trkpt lat="45.336679" lon="-72.212995">
        <ele>295.1</ele>
      </trkpt>
      <trkpt lat="45.33677" lon="-72.213107">
        <ele>295</ele>
      </trkpt>
      <trkpt lat="45.336896" lon="-72.213159">
        <ele>294.4</ele>
      </trkpt>
      <trkpt lat="45.33703" lon="-72.213207">
        <ele>293.8</ele>
      </trkpt>
      <trkpt lat="45.337258" lon="-72.213361">
        <ele>293</ele>
      </trkpt>
      <trkpt lat="45.33739" lon="-72.213496">
        <ele>292.7</ele>
      </trkpt>
      <trkpt lat="45.337497" lon="-72.213647">
        <ele>292.7</ele>
      </trkpt>
      <trkpt lat="45.337562" lon="-72.213784">
        <ele>292.9</ele>
      </trkpt>
      <trkpt lat="45.337575" lon="-72.213835">
        <ele>293</ele>
      </trkpt>
      <trkpt lat="45.337611" lon="-72.213868">
        <ele>292.9</ele>
      </trkpt>
      <trkpt lat="45.337701" lon="-72.2139">
        <ele>292.6</ele>
      </trkpt>
      <trkpt lat="45.337786" lon="-72.213916">
        <ele>292.2</ele>
      </trkpt>
      <trkpt lat="45.337925" lon="-72.213973">
        <ele>291.8</ele>
      </trkpt>
      <trkpt lat="45.338045" lon="-72.21404">
        <ele>291.4</ele>
      </trkpt>
      <trkpt lat="45.338155" lon="-72.214104">
        <ele>291.1</ele>
      </trkpt>
      <trkpt lat="45.338332" lon="-72.214186">
        <ele>290.4</ele>
      </trkpt>
      <trkpt lat="45.338463" lon="-72.21425">
        <ele>289.9</ele>
      </trkpt>
      <trkpt lat="45.338601" lon="-72.21432">
        <ele>289.3</ele>
      </trkpt>
      <trkpt lat="45.338681" lon="-72.214362">
        <ele>289</ele>
      </trkpt>
      <trkpt lat="45.338752" lon="-72.214404">
        <ele>288.8</ele>
      </trkpt>
      <trkpt lat="45.338788" lon="-72.21444">
        <ele>288.7</ele>
      </trkpt>
      <trkpt lat="45.33888" lon="-72.214472">
        <ele>288.4</ele>
      </trkpt>
      <trkpt lat="45.338917" lon="-72.214508">
        <ele>288.3</ele>
      </trkpt>
      <trkpt lat="45.338965" lon="-72.214553">
        <ele>288.3</ele>
      </trkpt>
      <trkpt lat="45.339026" lon="-72.21459">
        <ele>288.2</ele>
      </trkpt>
      <trkpt lat="45.339078" lon="-72.214635">
        <ele>288.1</ele>
      </trkpt>
      <trkpt lat="45.339139" lon="-72.214694">
        <ele>288.1</ele>
      </trkpt>
      <trkpt lat="45.339201" lon="-72.214776">
        <ele>288.3</ele>
      </trkpt>
      <trkpt lat="45.339243" lon="-72.214828">
        <ele>288.3</ele>
      </trkpt>
      <trkpt lat="45.339293" lon="-72.214876">
        <ele>288.4</ele>
      </trkpt>
      <trkpt lat="45.339371" lon="-72.214933">
        <ele>288.4</ele>
      </trkpt>
      <trkpt lat="45.339415" lon="-72.21497">
        <ele>288.4</ele>
      </trkpt>
      <trkpt lat="45.339462" lon="-72.215012">
        <ele>288.4</ele>
      </trkpt>
      <trkpt lat="45.339504" lon="-72.215048">
        <ele>288.4</ele>
      </trkpt>
      <trkpt lat="45.339559" lon="-72.215091">
        <ele>288.5</ele>
      </trkpt>
      <trkpt lat="45.339606" lon="-72.215133">
        <ele>288.5</ele>
      </trkpt>
      <trkpt lat="45.33964" lon="-72.215189">
        <ele>288.7</ele>
      </trkpt>
      <trkpt lat="45.339683" lon="-72.2153">
        <ele>289.1</ele>
      </trkpt>
      <trkpt lat="45.339732" lon="-72.215346">
        <ele>289.2</ele>
      </trkpt>
      <trkpt lat="45.339779" lon="-72.215378">
        <ele>289.2</ele>
      </trkpt>
      <trkpt lat="45.339826" lon="-72.215405">
        <ele>289.2</ele>
      </trkpt>
      <trkpt lat="45.339901" lon="-72.21546">
        <ele>289.3</ele>
      </trkpt>
      <trkpt lat="45.339941" lon="-72.215499">
        <ele>289.3</ele>
      </trkpt>
      <trkpt lat="45.340036" lon="-72.215618">
        <ele>289.7</ele>
      </trkpt>
      <trkpt lat="45.340109" lon="-72.215707">
        <ele>290</ele>
      </trkpt>
      <trkpt lat="45.340214" lon="-72.21582">
        <ele>290.3</ele>
      </trkpt>
      <trkpt lat="45.340316" lon="-72.21587">
        <ele>290.1</ele>
      </trkpt>
      <trkpt lat="45.340412" lon="-72.2159">
        <ele>289.9</ele>
      </trkpt>
      <trkpt lat="45.340501" lon="-72.215937">
        <ele>289.7</ele>
      </trkpt>
      <trkpt lat="45.340598" lon="-72.215968">
        <ele>289.4</ele>
      </trkpt>
      <trkpt lat="45.34075" lon="-72.216021">
        <ele>289.1</ele>
      </trkpt>
      <trkpt lat="45.340841" lon="-72.216082">
        <ele>289.1</ele>
      </trkpt>
      <trkpt lat="45.340934" lon="-72.216135">
        <ele>289</ele>
      </trkpt>
      <trkpt lat="45.341018" lon="-72.216178">
        <ele>288.9</ele>
      </trkpt>
      <trkpt lat="45.341052" lon="-72.216212">
        <ele>289</ele>
      </trkpt>
      <trkpt lat="45.341129" lon="-72.216251">
        <ele>289</ele>
      </trkpt>
      <trkpt lat="45.341263" lon="-72.216337">
        <ele>289</ele>
      </trkpt>
      <trkpt lat="45.341337" lon="-72.21639">
        <ele>289</ele>
      </trkpt>
      <trkpt lat="45.341507" lon="-72.216494">
        <ele>289</ele>
      </trkpt>
      <trkpt lat="45.341623" lon="-72.216573">
        <ele>289.1</ele>
      </trkpt>
      <trkpt lat="45.341757" lon="-72.216644">
        <ele>289.1</ele>
      </trkpt>
      <trkpt lat="45.341884" lon="-72.216684">
        <ele>289</ele>
      </trkpt>
      <trkpt lat="45.342018" lon="-72.216725">
        <ele>288.9</ele>
      </trkpt>
      <trkpt lat="45.342151" lon="-72.21678">
        <ele>288.9</ele>
      </trkpt>
      <trkpt lat="45.34227" lon="-72.216856">
        <ele>289.1</ele>
      </trkpt>
      <trkpt lat="45.342394" lon="-72.21693">
        <ele>289.3</ele>
      </trkpt>
      <trkpt lat="45.342515" lon="-72.217014">
        <ele>289.5</ele>
      </trkpt>
      <trkpt lat="45.342631" lon="-72.217089">
        <ele>289.8</ele>
      </trkpt>
      <trkpt lat="45.342735" lon="-72.217145">
        <ele>289.9</ele>
      </trkpt>
      <trkpt lat="45.342808" lon="-72.217229">
        <ele>290.2</ele>
      </trkpt>
      <trkpt lat="45.342862" lon="-72.2173">
        <ele>290.5</ele>
      </trkpt>
      <trkpt lat="45.342905" lon="-72.217365">
        <ele>290.8</ele>
      </trkpt>
      <trkpt lat="45.342959" lon="-72.217436">
        <ele>291</ele>
      </trkpt>
      <trkpt lat="45.343018" lon="-72.2175">
        <ele>291.2</ele>
      </trkpt>
      <trkpt lat="45.343138" lon="-72.217593">
        <ele>291.4</ele>
      </trkpt>
      <trkpt lat="45.343241" lon="-72.21767">
        <ele>291.5</ele>
      </trkpt>
      <trkpt lat="45.343335" lon="-72.217734">
        <ele>291.6</ele>
      </trkpt>
      <trkpt lat="45.343435" lon="-72.217804">
        <ele>291.7</ele>
      </trkpt>
      <trkpt lat="45.343535" lon="-72.217863">
        <ele>291.7</ele>
      </trkpt>
      <trkpt lat="45.343723" lon="-72.217948">
        <ele>291.7</ele>
      </trkpt>
      <trkpt lat="45.343853" lon="-72.218003">
        <ele>291.7</ele>
      </trkpt>
      <trkpt lat="45.343982" lon="-72.218058">
        <ele>291.8</ele>
      </trkpt>
      <trkpt lat="45.344149" lon="-72.218101">
        <ele>291.7</ele>
      </trkpt>
      <trkpt lat="45.344315" lon="-72.218159">
        <ele>291.6</ele>
      </trkpt>
      <trkpt lat="45.344459" lon="-72.218273">
        <ele>292</ele>
      </trkpt>
      <trkpt lat="45.344552" lon="-72.218402">
        <ele>292.5</ele>
      </trkpt>
      <trkpt lat="45.344633" lon="-72.218518">
        <ele>292.9</ele>
      </trkpt>
      <trkpt lat="45.344758" lon="-72.218655">
        <ele>293.3</ele>
      </trkpt>
      <trkpt lat="45.344865" lon="-72.218714">
        <ele>293.2</ele>
      </trkpt>
      <trkpt lat="45.344976" lon="-72.21877">
        <ele>293.1</ele>
      </trkpt>
      <trkpt lat="45.345083" lon="-72.218849">
        <ele>293.2</ele>
      </trkpt>
      <trkpt lat="45.345176" lon="-72.218954">
        <ele>293.5</ele>
      </trkpt>
      <trkpt lat="45.345289" lon="-72.219109">
        <ele>294.1</ele>
      </trkpt>
      <trkpt lat="45.345344" lon="-72.219177">
        <ele>294.3</ele>
      </trkpt>
      <trkpt lat="45.345461" lon="-72.219274">
        <ele>294.5</ele>
      </trkpt>
      <trkpt lat="45.345582" lon="-72.219338">
        <ele>294.4</ele>
      </trkpt>
      <trkpt lat="45.345717" lon="-72.219413">
        <ele>294.4</ele>
      </trkpt>
      <trkpt lat="45.345832" lon="-72.219494">
        <ele>294.4</ele>
      </trkpt>
      <trkpt lat="45.345963" lon="-72.219556">
        <ele>294.3</ele>
      </trkpt>
      <trkpt lat="45.346137" lon="-72.21962">
        <ele>294.1</ele>
      </trkpt>
      <trkpt lat="45.346331" lon="-72.219699">
        <ele>293.8</ele>
      </trkpt>
      <trkpt lat="45.346574" lon="-72.219874">
        <ele>294</ele>
      </trkpt>
      <trkpt lat="45.346739" lon="-72.22002">
        <ele>294.3</ele>
      </trkpt>
      <trkpt lat="45.346865" lon="-72.220172">
        <ele>294.8</ele>
      </trkpt>
      <trkpt lat="45.34696" lon="-72.220322">
        <ele>295.3</ele>
      </trkpt>
      <trkpt lat="45.347042" lon="-72.220483">
        <ele>296</ele>
      </trkpt>
      <trkpt lat="45.34712" lon="-72.220627">
        <ele>296.6</ele>
      </trkpt>
      <trkpt lat="45.347226" lon="-72.220819">
        <ele>297.4</ele>
      </trkpt>
      <trkpt lat="45.347322" lon="-72.220929">
        <ele>297.8</ele>
      </trkpt>
      <trkpt lat="45.347437" lon="-72.221056">
        <ele>298.2</ele>
      </trkpt>
      <trkpt lat="45.347536" lon="-72.221166">
        <ele>298.7</ele>
      </trkpt>
      <trkpt lat="45.347624" lon="-72.221287">
        <ele>299.2</ele>
      </trkpt>
      <trkpt lat="45.347714" lon="-72.221427">
        <ele>299.9</ele>
      </trkpt>
      <trkpt lat="45.347847" lon="-72.221648">
        <ele>300.9</ele>
      </trkpt>
      <trkpt lat="45.347915" lon="-72.221799">
        <ele>301.5</ele>
      </trkpt>
      <trkpt lat="45.347962" lon="-72.221939">
        <ele>302.1</ele>
      </trkpt>
      <trkpt lat="45.348007" lon="-72.222064">
        <ele>302.6</ele>
      </trkpt>
      <trkpt lat="45.348073" lon="-72.222164">
        <ele>302.8</ele>
      </trkpt>
      <trkpt lat="45.348153" lon="-72.222261">
        <ele>303.1</ele>
      </trkpt>
      <trkpt lat="45.348242" lon="-72.222346">
        <ele>303.2</ele>
      </trkpt>
      <trkpt lat="45.348336" lon="-72.222456">
        <ele>303.5</ele>
      </trkpt>
      <trkpt lat="45.348408" lon="-72.222573">
        <ele>303.8</ele>
      </trkpt>
      <trkpt lat="45.348462" lon="-72.22268">
        <ele>304.1</ele>
      </trkpt>
      <trkpt lat="45.348585" lon="-72.222866">
        <ele>304.4</ele>
      </trkpt>
      <trkpt lat="45.348649" lon="-72.222973">
        <ele>304.4</ele>
      </trkpt>
      <trkpt lat="45.348661" lon="-72.222899">
        <ele>304.3</ele>
      </trkpt>
      <trkpt lat="45.348708" lon="-72.222976">
        <ele>304.4</ele>
      </trkpt>
      <trkpt lat="45.348728" lon="-72.223034">
        <ele>304.4</ele>
      </trkpt>
      <trkpt lat="45.348756" lon="-72.2231">
        <ele>304.4</ele>
      </trkpt>
      <trkpt lat="45.348821" lon="-72.223203">
        <ele>304.4</ele>
      </trkpt>
      <trkpt lat="45.348959" lon="-72.223412">
        <ele>304.2</ele>
      </trkpt>
      <trkpt lat="45.349053" lon="-72.223565">
        <ele>304.1</ele>
      </trkpt>
      <trkpt lat="45.349139" lon="-72.223708">
        <ele>304</ele>
      </trkpt>
      <trkpt lat="45.349224" lon="-72.223853">
        <ele>303.9</ele>
      </trkpt>
      <trkpt lat="45.349306" lon="-72.224">
        <ele>303.9</ele>
      </trkpt>
      <trkpt lat="45.349385" lon="-72.224161">
        <ele>303.9</ele>
      </trkpt>
      <trkpt lat="45.349459" lon="-72.224315">
        <ele>304</ele>
      </trkpt>
      <trkpt lat="45.349528" lon="-72.224453">
        <ele>304.2</ele>
      </trkpt>
      <trkpt lat="45.349592" lon="-72.224566">
        <ele>304.6</ele>
      </trkpt>
      <trkpt lat="45.349664" lon="-72.224712">
        <ele>305.3</ele>
      </trkpt>
      <trkpt lat="45.34979" lon="-72.224996">
        <ele>307.3</ele>
      </trkpt>
      <trkpt lat="45.349807" lon="-72.225161">
        <ele>308.4</ele>
      </trkpt>
      <trkpt lat="45.349815" lon="-72.225319">
        <ele>309.6</ele>
      </trkpt>
      <trkpt lat="45.34982" lon="-72.225485">
        <ele>310.9</ele>
      </trkpt>
      <trkpt lat="45.349838" lon="-72.225637">
        <ele>312.3</ele>
      </trkpt>
      <trkpt lat="45.349855" lon="-72.225742">
        <ele>313.2</ele>
      </trkpt>
      <trkpt lat="45.349871" lon="-72.225838">
        <ele>314</ele>
      </trkpt>
      <trkpt lat="45.349896" lon="-72.225902">
        <ele>314.6</ele>
      </trkpt>
      <trkpt lat="45.349914" lon="-72.225971">
        <ele>315.1</ele>
      </trkpt>
      <trkpt lat="45.349938" lon="-72.226066">
        <ele>315.8</ele>
      </trkpt>
      <trkpt lat="45.350022" lon="-72.226212">
        <ele>317</ele>
      </trkpt>
      <trkpt lat="45.350086" lon="-72.226346">
        <ele>317.9</ele>
      </trkpt>
      <trkpt lat="45.350142" lon="-72.226471">
        <ele>318.8</ele>
      </trkpt>
      <trkpt lat="45.350197" lon="-72.226597">
        <ele>319.6</ele>
      </trkpt>
      <trkpt lat="45.350254" lon="-72.226715">
        <ele>320.3</ele>
      </trkpt>
      <trkpt lat="45.350306" lon="-72.226851">
        <ele>321.2</ele>
      </trkpt>
      <trkpt lat="45.350336" lon="-72.227009">
        <ele>322.1</ele>
      </trkpt>
      <trkpt lat="45.350363" lon="-72.227164">
        <ele>323.1</ele>
      </trkpt>
      <trkpt lat="45.350369" lon="-72.227316">
        <ele>324</ele>
      </trkpt>
      <trkpt lat="45.35037" lon="-72.227456">
        <ele>324.9</ele>
      </trkpt>
      <trkpt lat="45.350378" lon="-72.227588">
        <ele>325.7</ele>
      </trkpt>
      <trkpt lat="45.350398" lon="-72.22769">
        <ele>326.5</ele>
      </trkpt>
      <trkpt lat="45.350452" lon="-72.227793">
        <ele>327.2</ele>
      </trkpt>
      <trkpt lat="45.350539" lon="-72.22792">
        <ele>328.2</ele>
      </trkpt>
      <trkpt lat="45.350619" lon="-72.228027">
        <ele>329.1</ele>
      </trkpt>
      <trkpt lat="45.350702" lon="-72.228119">
        <ele>329.8</ele>
      </trkpt>
      <trkpt lat="45.350786" lon="-72.22823">
        <ele>330.7</ele>
      </trkpt>
      <trkpt lat="45.350854" lon="-72.228384">
        <ele>331.8</ele>
      </trkpt>
      <trkpt lat="45.35091" lon="-72.228515">
        <ele>332.7</ele>
      </trkpt>
      <trkpt lat="45.350964" lon="-72.228629">
        <ele>333.6</ele>
      </trkpt>
      <trkpt lat="45.351022" lon="-72.228778">
        <ele>334.6</ele>
      </trkpt>
      <trkpt lat="45.351022" lon="-72.228949">
        <ele>336.1</ele>
      </trkpt>
      <trkpt lat="45.350957" lon="-72.229051">
        <ele>337.1</ele>
      </trkpt>
      <trkpt lat="45.35089" lon="-72.229142">
        <ele>338.1</ele>
      </trkpt>
      <trkpt lat="45.350813" lon="-72.229241">
        <ele>339.3</ele>
      </trkpt>
      <trkpt lat="45.350732" lon="-72.229344">
        <ele>340.8</ele>
      </trkpt>
      <trkpt lat="45.350686" lon="-72.22945">
        <ele>342.3</ele>
      </trkpt>
      <trkpt lat="45.350648" lon="-72.22954">
        <ele>343.8</ele>
      </trkpt>
      <trkpt lat="45.350587" lon="-72.229621">
        <ele>345.1</ele>
      </trkpt>
      <trkpt lat="45.350503" lon="-72.229742">
        <ele>347.1</ele>
      </trkpt>
      <trkpt lat="45.350441" lon="-72.229871">
        <ele>349.3</ele>
      </trkpt>
      <trkpt lat="45.350406" lon="-72.229983">
        <ele>351.3</ele>
      </trkpt>
      <trkpt lat="45.350364" lon="-72.230116">
        <ele>353.6</ele>
      </trkpt>
      <trkpt lat="45.350345" lon="-72.230244">
        <ele>355.8</ele>
      </trkpt>
      <trkpt lat="45.350317" lon="-72.230332">
        <ele>357.3</ele>
      </trkpt>
      <trkpt lat="45.350297" lon="-72.230443">
        <ele>359.1</ele>
      </trkpt>
      <trkpt lat="45.350307" lon="-72.230553">
        <ele>360.7</ele>
      </trkpt>
      <trkpt lat="45.350337" lon="-72.230662">
        <ele>362.2</ele>
      </trkpt>
      <trkpt lat="45.350385" lon="-72.230768">
        <ele>363.5</ele>
      </trkpt>
      <trkpt lat="45.350466" lon="-72.230888">
        <ele>364.7</ele>
      </trkpt>
      <trkpt lat="45.350552" lon="-72.231014">
        <ele>365.7</ele>
      </trkpt>
      <trkpt lat="45.350593" lon="-72.231142">
        <ele>366.5</ele>
      </trkpt>
      <trkpt lat="45.350605" lon="-72.231286">
        <ele>367.2</ele>
      </trkpt>
      <trkpt lat="45.350609" lon="-72.231441">
        <ele>367.7</ele>
      </trkpt>
      <trkpt lat="45.350643" lon="-72.231588">
        <ele>368.2</ele>
      </trkpt>
      <trkpt lat="45.350713" lon="-72.231672">
        <ele>368.3</ele>
      </trkpt>
      <trkpt lat="45.350813" lon="-72.231687">
        <ele>368.2</ele>
      </trkpt>
      <trkpt lat="45.350948" lon="-72.231721">
        <ele>368</ele>
      </trkpt>
      <trkpt lat="45.35106" lon="-72.23186">
        <ele>368.2</ele>
      </trkpt>
      <trkpt lat="45.351119" lon="-72.23204">
        <ele>368.5</ele>
      </trkpt>
      <trkpt lat="45.351118" lon="-72.232222">
        <ele>369.1</ele>
      </trkpt>
      <trkpt lat="45.351119" lon="-72.232376">
        <ele>369.6</ele>
      </trkpt>
      <trkpt lat="45.35113" lon="-72.2325">
        <ele>370</ele>
      </trkpt>
      <trkpt lat="45.351152" lon="-72.232569">
        <ele>370.2</ele>
      </trkpt>
      <trkpt lat="45.351173" lon="-72.232648">
        <ele>370.4</ele>
      </trkpt>
      <trkpt lat="45.351194" lon="-72.232711">
        <ele>370.6</ele>
      </trkpt>
      <trkpt lat="45.351241" lon="-72.232791">
        <ele>370.8</ele>
      </trkpt>
      <trkpt lat="45.351321" lon="-72.232866">
        <ele>370.8</ele>
      </trkpt>
      <trkpt lat="45.351384" lon="-72.232914">
        <ele>370.7</ele>
      </trkpt>
      <trkpt lat="45.351446" lon="-72.232989">
        <ele>370.8</ele>
      </trkpt>
      <trkpt lat="45.351489" lon="-72.233015">
        <ele>370.8</ele>
      </trkpt>
      <trkpt lat="45.351531" lon="-72.233076">
        <ele>370.9</ele>
      </trkpt>
      <trkpt lat="45.351612" lon="-72.23325">
        <ele>371.3</ele>
      </trkpt>
      <trkpt lat="45.351654" lon="-72.233356">
        <ele>371.6</ele>
      </trkpt>
      <trkpt lat="45.351684" lon="-72.233462">
        <ele>371.9</ele>
      </trkpt>
      <trkpt lat="45.351709" lon="-72.233596">
        <ele>372.2</ele>
      </trkpt>
      <trkpt lat="45.351722" lon="-72.233675">
        <ele>372.5</ele>
      </trkpt>
      <trkpt lat="45.351726" lon="-72.233806">
        <ele>372.9</ele>
      </trkpt>
      <trkpt lat="45.351728" lon="-72.233949">
        <ele>373.4</ele>
      </trkpt>
      <trkpt lat="45.351733" lon="-72.234045">
        <ele>373.7</ele>
      </trkpt>
      <trkpt lat="45.351737" lon="-72.23414">
        <ele>374</ele>
      </trkpt>
      <trkpt lat="45.351737" lon="-72.23424">
        <ele>374.3</ele>
      </trkpt>
      <trkpt lat="45.351738" lon="-72.23434">
        <ele>374.6</ele>
      </trkpt>
      <trkpt lat="45.351746" lon="-72.234451">
        <ele>374.8</ele>
      </trkpt>
      <trkpt lat="45.351757" lon="-72.234561">
        <ele>375</ele>
      </trkpt>
      <trkpt lat="45.351767" lon="-72.234696">
        <ele>375.3</ele>
      </trkpt>
      <trkpt lat="45.351777" lon="-72.234811">
        <ele>375.4</ele>
      </trkpt>
      <trkpt lat="45.351792" lon="-72.234913">
        <ele>375.4</ele>
      </trkpt>
      <trkpt lat="45.351804" lon="-72.235011">
        <ele>375.4</ele>
      </trkpt>
      <trkpt lat="45.351816" lon="-72.235131">
        <ele>375.4</ele>
      </trkpt>
      <trkpt lat="45.351837" lon="-72.235224">
        <ele>375.2</ele>
      </trkpt>
      <trkpt lat="45.351866" lon="-72.23528">
        <ele>374.9</ele>
      </trkpt>
      <trkpt lat="45.3519" lon="-72.235346">
        <ele>374.6</ele>
      </trkpt>
      <trkpt lat="45.351944" lon="-72.235449">
        <ele>374.1</ele>
      </trkpt>
      <trkpt lat="45.351982" lon="-72.235573">
        <ele>373.5</ele>
      </trkpt>
      <trkpt lat="45.352" lon="-72.235631">
        <ele>373.3</ele>
      </trkpt>
      <trkpt lat="45.352043" lon="-72.235751">
        <ele>372.6</ele>
      </trkpt>
      <trkpt lat="45.352066" lon="-72.235806">
        <ele>372.3</ele>
      </trkpt>
      <trkpt lat="45.35212" lon="-72.235903">
        <ele>371.5</ele>
      </trkpt>
      <trkpt lat="45.352153" lon="-72.235974">
        <ele>371</ele>
      </trkpt>
      <trkpt lat="45.352186" lon="-72.236083">
        <ele>370.4</ele>
      </trkpt>
      <trkpt lat="45.352202" lon="-72.236173">
        <ele>370</ele>
      </trkpt>
      <trkpt lat="45.352224" lon="-72.236251">
        <ele>369.6</ele>
      </trkpt>
      <trkpt lat="45.352233" lon="-72.236327">
        <ele>369.2</ele>
      </trkpt>
      <trkpt lat="45.352235" lon="-72.236396">
        <ele>369</ele>
      </trkpt>
      <trkpt lat="45.352234" lon="-72.236483">
        <ele>368.7</ele>
      </trkpt>
      <trkpt lat="45.352213" lon="-72.236576">
        <ele>368.6</ele>
      </trkpt>
      <trkpt lat="45.352176" lon="-72.23669">
        <ele>368.7</ele>
      </trkpt>
      <trkpt lat="45.352132" lon="-72.236808">
        <ele>368.7</ele>
      </trkpt>
      <trkpt lat="45.352101" lon="-72.236921">
        <ele>368.5</ele>
      </trkpt>
      <trkpt lat="45.352067" lon="-72.237044">
        <ele>368.3</ele>
      </trkpt>
      <trkpt lat="45.352049" lon="-72.237147">
        <ele>368</ele>
      </trkpt>
      <trkpt lat="45.352056" lon="-72.237277">
        <ele>367.1</ele>
      </trkpt>
      <trkpt lat="45.352066" lon="-72.237406">
        <ele>366.2</ele>
      </trkpt>
      <trkpt lat="45.35208" lon="-72.237551">
        <ele>365.3</ele>
      </trkpt>
      <trkpt lat="45.352093" lon="-72.237713">
        <ele>364.5</ele>
      </trkpt>
      <trkpt lat="45.35212" lon="-72.237886">
        <ele>363.6</ele>
      </trkpt>
      <trkpt lat="45.352159" lon="-72.237987">
        <ele>362.9</ele>
      </trkpt>
      <trkpt lat="45.352228" lon="-72.238104">
        <ele>361.8</ele>
      </trkpt>
      <trkpt lat="45.352284" lon="-72.238233">
        <ele>361.1</ele>
      </trkpt>
      <trkpt lat="45.352328" lon="-72.238353">
        <ele>360.5</ele>
      </trkpt>
      <trkpt lat="45.352341" lon="-72.238451">
        <ele>360.3</ele>
      </trkpt>
      <trkpt lat="45.352376" lon="-72.238623">
        <ele>359.9</ele>
      </trkpt>
      <trkpt lat="45.352388" lon="-72.238786">
        <ele>359.7</ele>
      </trkpt>
      <trkpt lat="45.352391" lon="-72.23894">
        <ele>359.7</ele>
      </trkpt>
      <trkpt lat="45.352375" lon="-72.239179">
        <ele>359.8</ele>
      </trkpt>
      <trkpt lat="45.352354" lon="-72.239335">
        <ele>359.9</ele>
      </trkpt>
      <trkpt lat="45.352336" lon="-72.239487">
        <ele>360</ele>
      </trkpt>
      <trkpt lat="45.352313" lon="-72.239617">
        <ele>360.1</ele>
      </trkpt>
      <trkpt lat="45.352308" lon="-72.239718">
        <ele>360.1</ele>
      </trkpt>
      <trkpt lat="45.352322" lon="-72.239879">
        <ele>359.8</ele>
      </trkpt>
      <trkpt lat="45.352334" lon="-72.240028">
        <ele>359.5</ele>
      </trkpt>
      <trkpt lat="45.35233" lon="-72.240115">
        <ele>359.5</ele>
      </trkpt>
      <trkpt lat="45.352314" lon="-72.240237">
        <ele>359.7</ele>
      </trkpt>
      <trkpt lat="45.352277" lon="-72.240626">
        <ele>360.1</ele>
      </trkpt>
      <trkpt lat="45.352222" lon="-72.240806">
        <ele>360.8</ele>
      </trkpt>
      <trkpt lat="45.352172" lon="-72.240954">
        <ele>361.5</ele>
      </trkpt>
      <trkpt lat="45.352134" lon="-72.241129">
        <ele>362.1</ele>
      </trkpt>
      <trkpt lat="45.352111" lon="-72.241312">
        <ele>362.5</ele>
      </trkpt>
      <trkpt lat="45.352081" lon="-72.241503">
        <ele>362.9</ele>
      </trkpt>
      <trkpt lat="45.352038" lon="-72.241812">
        <ele>363.5</ele>
      </trkpt>
      <trkpt lat="45.351978" lon="-72.242018">
        <ele>364.1</ele>
      </trkpt>
      <trkpt lat="45.35191" lon="-72.242226">
        <ele>364.8</ele>
      </trkpt>
      <trkpt lat="45.35188" lon="-72.242488">
        <ele>364.8</ele>
      </trkpt>
      <trkpt lat="45.351857" lon="-72.242766">
        <ele>364.5</ele>
      </trkpt>
      <trkpt lat="45.351811" lon="-72.24304">
        <ele>364.3</ele>
      </trkpt>
      <trkpt lat="45.351738" lon="-72.243272">
        <ele>364.5</ele>
      </trkpt>
      <trkpt lat="45.35172" lon="-72.243504">
        <ele>364.3</ele>
      </trkpt>
      <trkpt lat="45.351721" lon="-72.243749">
        <ele>364.1</ele>
      </trkpt>
      <trkpt lat="45.351706" lon="-72.243972">
        <ele>364.1</ele>
      </trkpt>
      <trkpt lat="45.351679" lon="-72.244149">
        <ele>364.2</ele>
      </trkpt>
      <trkpt lat="45.351657" lon="-72.244374">
        <ele>364</ele>
      </trkpt>
      <trkpt lat="45.351645" lon="-72.244503">
        <ele>363.7</ele>
      </trkpt>
      <trkpt lat="45.351625" lon="-72.244658">
        <ele>363.4</ele>
      </trkpt>
      <trkpt lat="45.351603" lon="-72.244807">
        <ele>363</ele>
      </trkpt>
      <trkpt lat="45.351574" lon="-72.244964">
        <ele>362.7</ele>
      </trkpt>
      <trkpt lat="45.351544" lon="-72.245117">
        <ele>362.4</ele>
      </trkpt>
      <trkpt lat="45.35151" lon="-72.245303">
        <ele>362.1</ele>
      </trkpt>
      <trkpt lat="45.351494" lon="-72.245478">
        <ele>361.9</ele>
      </trkpt>
      <trkpt lat="45.351486" lon="-72.245631">
        <ele>361.8</ele>
      </trkpt>
      <trkpt lat="45.351463" lon="-72.245771">
        <ele>361.8</ele>
      </trkpt>
      <trkpt lat="45.351402" lon="-72.24593">
        <ele>361.9</ele>
      </trkpt>
      <trkpt lat="45.351359" lon="-72.24605">
        <ele>362</ele>
      </trkpt>
      <trkpt lat="45.351322" lon="-72.246127">
        <ele>362</ele>
      </trkpt>
      <trkpt lat="45.351268" lon="-72.246214">
        <ele>362.2</ele>
      </trkpt>
      <trkpt lat="45.351234" lon="-72.246268">
        <ele>362.3</ele>
      </trkpt>
      <trkpt lat="45.351172" lon="-72.246359">
        <ele>362.6</ele>
      </trkpt>
      <trkpt lat="45.351126" lon="-72.246396">
        <ele>362.8</ele>
      </trkpt>
      <trkpt lat="45.351079" lon="-72.24642">
        <ele>363.1</ele>
      </trkpt>
      <trkpt lat="45.351042" lon="-72.246437">
        <ele>363.3</ele>
      </trkpt>
      <trkpt lat="45.350993" lon="-72.246447">
        <ele>363.6</ele>
      </trkpt>
      <trkpt lat="45.350972" lon="-72.246446">
        <ele>363.8</ele>
      </trkpt>
      <trkpt lat="45.350928" lon="-72.246449">
        <ele>364.2</ele>
      </trkpt>
      <trkpt lat="45.35086" lon="-72.246459">
        <ele>364.8</ele>
      </trkpt>
      <trkpt lat="45.350829" lon="-72.24646">
        <ele>365.1</ele>
      </trkpt>
      <trkpt lat="45.350799" lon="-72.246459">
        <ele>365.4</ele>
      </trkpt>
      <trkpt lat="45.350778" lon="-72.246449">
        <ele>365.7</ele>
      </trkpt>
      <trkpt lat="45.350753" lon="-72.246438">
        <ele>366</ele>
      </trkpt>
      <trkpt lat="45.350733" lon="-72.246444">
        <ele>366.2</ele>
      </trkpt>
      <trkpt lat="45.350718" lon="-72.246448">
        <ele>366.4</ele>
      </trkpt>
      <trkpt lat="45.350684" lon="-72.246455">
        <ele>366.8</ele>
      </trkpt>
      <trkpt lat="45.350663" lon="-72.246458">
        <ele>367.1</ele>
      </trkpt>
      <trkpt lat="45.350626" lon="-72.246472">
        <ele>367.6</ele>
      </trkpt>
      <trkpt lat="45.350593" lon="-72.246494">
        <ele>368.1</ele>
      </trkpt>
      <trkpt lat="45.350559" lon="-72.246532">
        <ele>368.6</ele>
      </trkpt>
      <trkpt lat="45.350553" lon="-72.246545">
        <ele>368.7</ele>
      </trkpt>
      <trkpt lat="45.350522" lon="-72.246563">
        <ele>369.2</ele>
      </trkpt>
      <trkpt lat="45.350484" lon="-72.246585">
        <ele>369.8</ele>
      </trkpt>
      <trkpt lat="45.350466" lon="-72.246592">
        <ele>370.1</ele>
      </trkpt>
      <trkpt lat="45.350436" lon="-72.246614">
        <ele>370.6</ele>
      </trkpt>
      <trkpt lat="45.350419" lon="-72.246631">
        <ele>370.9</ele>
      </trkpt>
      <trkpt lat="45.350404" lon="-72.246646">
        <ele>371.1</ele>
      </trkpt>
      <trkpt lat="45.350382" lon="-72.246668">
        <ele>371.5</ele>
      </trkpt>
      <trkpt lat="45.350367" lon="-72.246683">
        <ele>371.7</ele>
      </trkpt>
      <trkpt lat="45.35036" lon="-72.246692">
        <ele>371.9</ele>
      </trkpt>
      <trkpt lat="45.350341" lon="-72.246723">
        <ele>372.2</ele>
      </trkpt>
      <trkpt lat="45.350327" lon="-72.246747">
        <ele>372.5</ele>
      </trkpt>
      <trkpt lat="45.350227" lon="-72.246857">
        <ele>374.2</ele>
      </trkpt>
      <trkpt lat="45.350194" lon="-72.246877">
        <ele>374.9</ele>
      </trkpt>
      <trkpt lat="45.350147" lon="-72.246904">
        <ele>375.8</ele>
      </trkpt>
      <trkpt lat="45.350111" lon="-72.246912">
        <ele>376.4</ele>
      </trkpt>
      <trkpt lat="45.35007" lon="-72.246931">
        <ele>377.2</ele>
      </trkpt>
      <trkpt lat="45.350044" lon="-72.246944">
        <ele>377.7</ele>
      </trkpt>
      <trkpt lat="45.349995" lon="-72.246971">
        <ele>378.7</ele>
      </trkpt>
      <trkpt lat="45.349991" lon="-72.24697">
        <ele>378.7</ele>
      </trkpt>
      <trkpt lat="45.349977" lon="-72.24698">
        <ele>379</ele>
      </trkpt>
      <trkpt lat="45.34993" lon="-72.247021">
        <ele>379.9</ele>
      </trkpt>
      <trkpt lat="45.349911" lon="-72.24704">
        <ele>380.3</ele>
      </trkpt>
      <trkpt lat="45.349878" lon="-72.247073">
        <ele>380.9</ele>
      </trkpt>
      <trkpt lat="45.349829" lon="-72.247136">
        <ele>381.9</ele>
      </trkpt>
      <trkpt lat="45.349802" lon="-72.247182">
        <ele>382.4</ele>
      </trkpt>
      <trkpt lat="45.349784" lon="-72.247219">
        <ele>382.7</ele>
      </trkpt>
      <trkpt lat="45.349755" lon="-72.247292">
        <ele>383.3</ele>
      </trkpt>
      <trkpt lat="45.349707" lon="-72.247343">
        <ele>384.2</ele>
      </trkpt>
      <trkpt lat="45.349662" lon="-72.2474">
        <ele>385</ele>
      </trkpt>
      <trkpt lat="45.349619" lon="-72.247469">
        <ele>385.7</ele>
      </trkpt>
      <trkpt lat="45.349565" lon="-72.247564">
        <ele>386.6</ele>
      </trkpt>
      <trkpt lat="45.349505" lon="-72.247648">
        <ele>387.5</ele>
      </trkpt>
      <trkpt lat="45.349421" lon="-72.247711">
        <ele>388.9</ele>
      </trkpt>
      <trkpt lat="45.349363" lon="-72.247772">
        <ele>389.8</ele>
      </trkpt>
      <trkpt lat="45.349296" lon="-72.247833">
        <ele>390.9</ele>
      </trkpt>
      <trkpt lat="45.349225" lon="-72.247888">
        <ele>392</ele>
      </trkpt>
      <trkpt lat="45.349173" lon="-72.247932">
        <ele>392.8</ele>
      </trkpt>
      <trkpt lat="45.349053" lon="-72.248014">
        <ele>394.8</ele>
      </trkpt>
      <trkpt lat="45.348978" lon="-72.248076">
        <ele>396</ele>
      </trkpt>
      <trkpt lat="45.348917" lon="-72.248154">
        <ele>396.8</ele>
      </trkpt>
      <trkpt lat="45.348844" lon="-72.248258">
        <ele>397.8</ele>
      </trkpt>
      <trkpt lat="45.348802" lon="-72.248354">
        <ele>398.1</ele>
      </trkpt>
      <trkpt lat="45.348767" lon="-72.24844">
        <ele>398.4</ele>
      </trkpt>
      <trkpt lat="45.348714" lon="-72.248548">
        <ele>399</ele>
      </trkpt>
      <trkpt lat="45.348695" lon="-72.248614">
        <ele>399.1</ele>
      </trkpt>
      <trkpt lat="45.348654" lon="-72.248794">
        <ele>399.2</ele>
      </trkpt>
      <trkpt lat="45.348617" lon="-72.248983">
        <ele>399.3</ele>
      </trkpt>
      <trkpt lat="45.348577" lon="-72.249207">
        <ele>399.4</ele>
      </trkpt>
      <trkpt lat="45.348545" lon="-72.249381">
        <ele>399.4</ele>
      </trkpt>
      <trkpt lat="45.348521" lon="-72.249486">
        <ele>399.6</ele>
      </trkpt>
      <trkpt lat="45.348439" lon="-72.249616">
        <ele>400.8</ele>
      </trkpt>
      <trkpt lat="45.348327" lon="-72.249748">
        <ele>402.8</ele>
      </trkpt>
      <trkpt lat="45.348212" lon="-72.249937">
        <ele>405</ele>
      </trkpt>
      <trkpt lat="45.348175" lon="-72.250027">
        <ele>405.9</ele>
      </trkpt>
      <trkpt lat="45.348158" lon="-72.250128">
        <ele>406.2</ele>
      </trkpt>
      <trkpt lat="45.348107" lon="-72.250244">
        <ele>407.5</ele>
      </trkpt>
      <trkpt lat="45.348053" lon="-72.250355">
        <ele>408.9</ele>
      </trkpt>
      <trkpt lat="45.348" lon="-72.250446">
        <ele>410.3</ele>
      </trkpt>
      <trkpt lat="45.34785" lon="-72.250564">
        <ele>414.4</ele>
      </trkpt>
      <trkpt lat="45.347776" lon="-72.250624">
        <ele>416.4</ele>
      </trkpt>
      <trkpt lat="45.347686" lon="-72.250719">
        <ele>418.9</ele>
      </trkpt>
      <trkpt lat="45.347599" lon="-72.250824">
        <ele>421.4</ele>
      </trkpt>
      <trkpt lat="45.347544" lon="-72.250895">
        <ele>423</ele>
      </trkpt>
      <trkpt lat="45.347501" lon="-72.250965">
        <ele>424.3</ele>
      </trkpt>
      <trkpt lat="45.347453" lon="-72.25111">
        <ele>425.9</ele>
      </trkpt>
      <trkpt lat="45.347433" lon="-72.251206">
        <ele>426.5</ele>
      </trkpt>
      <trkpt lat="45.347427" lon="-72.251351">
        <ele>426.7</ele>
      </trkpt>
      <trkpt lat="45.347437" lon="-72.251588">
        <ele>425.7</ele>
      </trkpt>
      <trkpt lat="45.347447" lon="-72.251751">
        <ele>424.4</ele>
      </trkpt>
      <trkpt lat="45.347452" lon="-72.251905">
        <ele>422.9</ele>
      </trkpt>
      <trkpt lat="45.347462" lon="-72.252051">
        <ele>420.9</ele>
      </trkpt>
      <trkpt lat="45.347468" lon="-72.252206">
        <ele>418.6</ele>
      </trkpt>
      <trkpt lat="45.347489" lon="-72.252445">
        <ele>414.1</ele>
      </trkpt>
      <trkpt lat="45.347507" lon="-72.25264">
        <ele>409.8</ele>
      </trkpt>
      <trkpt lat="45.347522" lon="-72.25282">
        <ele>405.7</ele>
      </trkpt>
      <trkpt lat="45.34754" lon="-72.253009">
        <ele>401.4</ele>
      </trkpt>
      <trkpt lat="45.347555" lon="-72.253245">
        <ele>396.9</ele>
      </trkpt>
      <trkpt lat="45.347557" lon="-72.253589">
        <ele>393.6</ele>
      </trkpt>
      <trkpt lat="45.347561" lon="-72.253811">
        <ele>393.1</ele>
      </trkpt>
      <trkpt lat="45.34757" lon="-72.254022">
        <ele>393.3</ele>
      </trkpt>
      <trkpt lat="45.347591" lon="-72.254231">
        <ele>393.4</ele>
      </trkpt>
      <trkpt lat="45.34761" lon="-72.254425">
        <ele>393.5</ele>
      </trkpt>
      <trkpt lat="45.347623" lon="-72.254626">
        <ele>393.5</ele>
      </trkpt>
      <trkpt lat="45.347638" lon="-72.254838">
        <ele>393.1</ele>
      </trkpt>
      <trkpt lat="45.347652" lon="-72.255034">
        <ele>392.5</ele>
      </trkpt>
      <trkpt lat="45.347667" lon="-72.255234">
        <ele>391.7</ele>
      </trkpt>
      <trkpt lat="45.347672" lon="-72.255445">
        <ele>390.9</ele>
      </trkpt>
      <trkpt lat="45.347676" lon="-72.255659">
        <ele>389.9</ele>
      </trkpt>
      <trkpt lat="45.34768" lon="-72.255868">
        <ele>389</ele>
      </trkpt>
      <trkpt lat="45.34769" lon="-72.256064">
        <ele>388.1</ele>
      </trkpt>
      <trkpt lat="45.347703" lon="-72.256266">
        <ele>387.2</ele>
      </trkpt>
      <trkpt lat="45.347709" lon="-72.256462">
        <ele>386.4</ele>
      </trkpt>
      <trkpt lat="45.347717" lon="-72.256666">
        <ele>385.4</ele>
      </trkpt>
      <trkpt lat="45.347714" lon="-72.256839">
        <ele>384.6</ele>
      </trkpt>
      <trkpt lat="45.347722" lon="-72.257003">
        <ele>383.7</ele>
      </trkpt>
      <trkpt lat="45.347736" lon="-72.25719">
        <ele>382.6</ele>
      </trkpt>
      <trkpt lat="45.347758" lon="-72.257387">
        <ele>381.3</ele>
      </trkpt>
      <trkpt lat="45.347772" lon="-72.257574">
        <ele>380.1</ele>
      </trkpt>
      <trkpt lat="45.347777" lon="-72.257752">
        <ele>379.1</ele>
      </trkpt>
      <trkpt lat="45.347784" lon="-72.257923">
        <ele>378.1</ele>
      </trkpt>
      <trkpt lat="45.347802" lon="-72.258101">
        <ele>377.1</ele>
      </trkpt>
      <trkpt lat="45.347823" lon="-72.258295">
        <ele>376.1</ele>
      </trkpt>
      <trkpt lat="45.347826" lon="-72.258502">
        <ele>375.3</ele>
      </trkpt>
      <trkpt lat="45.347822" lon="-72.258712">
        <ele>374.9</ele>
      </trkpt>
      <trkpt lat="45.347831" lon="-72.259037">
        <ele>374.2</ele>
      </trkpt>
      <trkpt lat="45.347848" lon="-72.25924">
        <ele>373.8</ele>
      </trkpt>
      <trkpt lat="45.347876" lon="-72.259465">
        <ele>373.4</ele>
      </trkpt>
      <trkpt lat="45.347889" lon="-72.25968">
        <ele>372.9</ele>
      </trkpt>
      <trkpt lat="45.347892" lon="-72.259909">
        <ele>372.5</ele>
      </trkpt>
      <trkpt lat="45.347903" lon="-72.260289">
        <ele>371.3</ele>
      </trkpt>
      <trkpt lat="45.347917" lon="-72.260569">
        <ele>370.2</ele>
      </trkpt>
      <trkpt lat="45.347925" lon="-72.260824">
        <ele>369.3</ele>
      </trkpt>
      <trkpt lat="45.347931" lon="-72.261105">
        <ele>368.3</ele>
      </trkpt>
      <trkpt lat="45.347923" lon="-72.261358">
        <ele>367.4</ele>
      </trkpt>
      <trkpt lat="45.347924" lon="-72.261758">
        <ele>365.7</ele>
      </trkpt>
      <trkpt lat="45.34794" lon="-72.262002">
        <ele>364.5</ele>
      </trkpt>
      <trkpt lat="45.347955" lon="-72.262243">
        <ele>363.1</ele>
      </trkpt>
      <trkpt lat="45.347954" lon="-72.262527">
        <ele>361.7</ele>
      </trkpt>
      <trkpt lat="45.347967" lon="-72.262796">
        <ele>360.4</ele>
      </trkpt>
      <trkpt lat="45.347972" lon="-72.263069">
        <ele>359.4</ele>
      </trkpt>
      <trkpt lat="45.34797" lon="-72.263347">
        <ele>358.5</ele>
      </trkpt>
      <trkpt lat="45.347962" lon="-72.263633">
        <ele>357.6</ele>
      </trkpt>
      <trkpt lat="45.347966" lon="-72.263917">
        <ele>356.5</ele>
      </trkpt>
      <trkpt lat="45.34799" lon="-72.264337">
        <ele>354.8</ele>
      </trkpt>
      <trkpt lat="45.348002" lon="-72.264632">
        <ele>353.6</ele>
      </trkpt>
      <trkpt lat="45.348013" lon="-72.264925">
        <ele>352.4</ele>
      </trkpt>
      <trkpt lat="45.348018" lon="-72.265235">
        <ele>351.2</ele>
      </trkpt>
      <trkpt lat="45.348019" lon="-72.265536">
        <ele>350.1</ele>
      </trkpt>
      <trkpt lat="45.348027" lon="-72.266024">
        <ele>348.2</ele>
      </trkpt>
      <trkpt lat="45.348028" lon="-72.266333">
        <ele>346.8</ele>
      </trkpt>
      <trkpt lat="45.348042" lon="-72.266637">
        <ele>345.4</ele>
      </trkpt>
      <trkpt lat="45.348064" lon="-72.26689">
        <ele>344.2</ele>
      </trkpt>
      <trkpt lat="45.348069" lon="-72.267128">
        <ele>343.2</ele>
      </trkpt>
      <trkpt lat="45.348051" lon="-72.267343">
        <ele>342.4</ele>
      </trkpt>
      <trkpt lat="45.348039" lon="-72.267554">
        <ele>341.7</ele>
      </trkpt>
      <trkpt lat="45.348047" lon="-72.267747">
        <ele>341.1</ele>
      </trkpt>
      <trkpt lat="45.348064" lon="-72.267931">
        <ele>340.5</ele>
      </trkpt>
      <trkpt lat="45.348074" lon="-72.268139">
        <ele>339.9</ele>
      </trkpt>
      <trkpt lat="45.348084" lon="-72.26838">
        <ele>339.3</ele>
      </trkpt>
      <trkpt lat="45.348102" lon="-72.268611">
        <ele>338.7</ele>
      </trkpt>
      <trkpt lat="45.348114" lon="-72.268847">
        <ele>338.2</ele>
      </trkpt>
      <trkpt lat="45.348145" lon="-72.269067">
        <ele>337.5</ele>
      </trkpt>
      <trkpt lat="45.348199" lon="-72.269334">
        <ele>336.8</ele>
      </trkpt>
      <trkpt lat="45.348218" lon="-72.269473">
        <ele>336.4</ele>
      </trkpt>
      <trkpt lat="45.348238" lon="-72.269596">
        <ele>336</ele>
      </trkpt>
      <trkpt lat="45.348254" lon="-72.269764">
        <ele>335.6</ele>
      </trkpt>
      <trkpt lat="45.348255" lon="-72.269955">
        <ele>335.2</ele>
      </trkpt>
      <trkpt lat="45.34826" lon="-72.270179">
        <ele>334.7</ele>
      </trkpt>
      <trkpt lat="45.34828" lon="-72.270427">
        <ele>334.4</ele>
      </trkpt>
      <trkpt lat="45.348283" lon="-72.270663">
        <ele>334.2</ele>
      </trkpt>
      <trkpt lat="45.348282" lon="-72.271014">
        <ele>334.3</ele>
      </trkpt>
      <trkpt lat="45.348294" lon="-72.27122">
        <ele>334.4</ele>
      </trkpt>
      <trkpt lat="45.348316" lon="-72.271382">
        <ele>334.5</ele>
      </trkpt>
      <trkpt lat="45.348317" lon="-72.271568">
        <ele>334.4</ele>
      </trkpt>
      <trkpt lat="45.3483" lon="-72.271745">
        <ele>334</ele>
      </trkpt>
      <trkpt lat="45.348287" lon="-72.271952">
        <ele>333.3</ele>
      </trkpt>
      <trkpt lat="45.348299" lon="-72.272172">
        <ele>332.1</ele>
      </trkpt>
      <trkpt lat="45.348374" lon="-72.272474">
        <ele>330.2</ele>
      </trkpt>
      <trkpt lat="45.348393" lon="-72.272679">
        <ele>329.1</ele>
      </trkpt>
      <trkpt lat="45.348389" lon="-72.272887">
        <ele>328.2</ele>
      </trkpt>
      <trkpt lat="45.348377" lon="-72.273114">
        <ele>327.4</ele>
      </trkpt>
      <trkpt lat="45.348362" lon="-72.273346">
        <ele>326.6</ele>
      </trkpt>
      <trkpt lat="45.348364" lon="-72.2736">
        <ele>325.5</ele>
      </trkpt>
      <trkpt lat="45.348386" lon="-72.27388">
        <ele>324.2</ele>
      </trkpt>
      <trkpt lat="45.348394" lon="-72.274138">
        <ele>323</ele>
      </trkpt>
      <trkpt lat="45.348399" lon="-72.274368">
        <ele>322.1</ele>
      </trkpt>
      <trkpt lat="45.348389" lon="-72.274599">
        <ele>321.2</ele>
      </trkpt>
      <trkpt lat="45.348369" lon="-72.274826">
        <ele>320.4</ele>
      </trkpt>
      <trkpt lat="45.348361" lon="-72.275051">
        <ele>319.7</ele>
      </trkpt>
      <trkpt lat="45.348367" lon="-72.275274">
        <ele>318.9</ele>
      </trkpt>
      <trkpt lat="45.348357" lon="-72.275487">
        <ele>318.1</ele>
      </trkpt>
      <trkpt lat="45.348321" lon="-72.275717">
        <ele>317.4</ele>
      </trkpt>
      <trkpt lat="45.348291" lon="-72.275914">
        <ele>316.7</ele>
      </trkpt>
      <trkpt lat="45.348251" lon="-72.27603">
        <ele>316.4</ele>
      </trkpt>
      <trkpt lat="45.348132" lon="-72.276122">
        <ele>316.2</ele>
      </trkpt>
      <trkpt lat="45.348045" lon="-72.276166">
        <ele>316.2</ele>
      </trkpt>
      <trkpt lat="45.348004" lon="-72.276221">
        <ele>316</ele>
      </trkpt>
      <trkpt lat="45.347904" lon="-72.276303">
        <ele>315.9</ele>
      </trkpt>
      <trkpt lat="45.347727" lon="-72.276401">
        <ele>315.7</ele>
      </trkpt>
      <trkpt lat="45.347499" lon="-72.276562">
        <ele>315.4</ele>
      </trkpt>
      <trkpt lat="45.347286" lon="-72.2767">
        <ele>315.2</ele>
      </trkpt>
      <trkpt lat="45.347124" lon="-72.276733">
        <ele>315.2</ele>
      </trkpt>
      <trkpt lat="45.346972" lon="-72.276738">
        <ele>315.4</ele>
      </trkpt>
      <trkpt lat="45.346816" lon="-72.276773">
        <ele>315.4</ele>
      </trkpt>
      <trkpt lat="45.346684" lon="-72.276826">
        <ele>315.3</ele>
      </trkpt>
      <trkpt lat="45.346586" lon="-72.276876">
        <ele>315.2</ele>
      </trkpt>
      <trkpt lat="45.346502" lon="-72.277003">
        <ele>314.8</ele>
      </trkpt>
      <trkpt lat="45.346489" lon="-72.27707">
        <ele>314.5</ele>
      </trkpt>
      <trkpt lat="45.346479" lon="-72.277152">
        <ele>314.2</ele>
      </trkpt>
      <trkpt lat="45.346484" lon="-72.277322">
        <ele>313.6</ele>
      </trkpt>
      <trkpt lat="45.346491" lon="-72.277494">
        <ele>313</ele>
      </trkpt>
      <trkpt lat="45.346488" lon="-72.277689">
        <ele>312.4</ele>
      </trkpt>
      <trkpt lat="45.346491" lon="-72.277876">
        <ele>311.7</ele>
      </trkpt>
      <trkpt lat="45.346497" lon="-72.278065">
        <ele>311.1</ele>
      </trkpt>
      <trkpt lat="45.346508" lon="-72.278252">
        <ele>310.5</ele>
      </trkpt>
      <trkpt lat="45.346513" lon="-72.278461">
        <ele>309.7</ele>
      </trkpt>
      <trkpt lat="45.346517" lon="-72.278676">
        <ele>309</ele>
      </trkpt>
      <trkpt lat="45.346522" lon="-72.279012">
        <ele>307.7</ele>
      </trkpt>
      <trkpt lat="45.346518" lon="-72.279226">
        <ele>306.9</ele>
      </trkpt>
      <trkpt lat="45.346505" lon="-72.279442">
        <ele>306.1</ele>
      </trkpt>
      <trkpt lat="45.346482" lon="-72.279667">
        <ele>305.3</ele>
      </trkpt>
      <trkpt lat="45.346437" lon="-72.279876">
        <ele>304.7</ele>
      </trkpt>
      <trkpt lat="45.346388" lon="-72.280192">
        <ele>304.1</ele>
      </trkpt>
      <trkpt lat="45.346401" lon="-72.280417">
        <ele>303.9</ele>
      </trkpt>
      <trkpt lat="45.346425" lon="-72.280667">
        <ele>303.8</ele>
      </trkpt>
      <trkpt lat="45.346456" lon="-72.280901">
        <ele>303.8</ele>
      </trkpt>
      <trkpt lat="45.346475" lon="-72.281135">
        <ele>303.7</ele>
      </trkpt>
      <trkpt lat="45.346469" lon="-72.281378">
        <ele>303.5</ele>
      </trkpt>
      <trkpt lat="45.346403" lon="-72.281609">
        <ele>303.3</ele>
      </trkpt>
      <trkpt lat="45.346273" lon="-72.281767">
        <ele>303.3</ele>
      </trkpt>
      <trkpt lat="45.346179" lon="-72.281866">
        <ele>303.2</ele>
      </trkpt>
      <trkpt lat="45.346097" lon="-72.281911">
        <ele>303.2</ele>
      </trkpt>
      <trkpt lat="45.345959" lon="-72.281941">
        <ele>303.3</ele>
      </trkpt>
      <trkpt lat="45.345833" lon="-72.281955">
        <ele>303.3</ele>
      </trkpt>
      <trkpt lat="45.345682" lon="-72.281968">
        <ele>303.3</ele>
      </trkpt>
      <trkpt lat="45.345538" lon="-72.281981">
        <ele>303.3</ele>
      </trkpt>
      <trkpt lat="45.345407" lon="-72.281993">
        <ele>303.3</ele>
      </trkpt>
      <trkpt lat="45.345283" lon="-72.28201">
        <ele>303.3</ele>
      </trkpt>
      <trkpt lat="45.345099" lon="-72.28205">
        <ele>303.2</ele>
      </trkpt>
      <trkpt lat="45.344959" lon="-72.282073">
        <ele>303.1</ele>
      </trkpt>
      <trkpt lat="45.344826" lon="-72.282099">
        <ele>303.1</ele>
      </trkpt>
      <trkpt lat="45.344705" lon="-72.282134">
        <ele>303</ele>
      </trkpt>
      <trkpt lat="45.344579" lon="-72.282148">
        <ele>303</ele>
      </trkpt>
      <trkpt lat="45.344477" lon="-72.282155">
        <ele>302.9</ele>
      </trkpt>
      <trkpt lat="45.344362" lon="-72.282167">
        <ele>302.9</ele>
      </trkpt>
      <trkpt lat="45.344239" lon="-72.282185">
        <ele>302.9</ele>
      </trkpt>
      <trkpt lat="45.344038" lon="-72.282214">
        <ele>302.8</ele>
      </trkpt>
      <trkpt lat="45.343897" lon="-72.282226">
        <ele>302.8</ele>
      </trkpt>
      <trkpt lat="45.343758" lon="-72.282248">
        <ele>302.8</ele>
      </trkpt>
      <trkpt lat="45.343646" lon="-72.28226">
        <ele>302.7</ele>
      </trkpt>
      <trkpt lat="45.343472" lon="-72.282292">
        <ele>302.6</ele>
      </trkpt>
      <trkpt lat="45.343329" lon="-72.282313">
        <ele>302.6</ele>
      </trkpt>
      <trkpt lat="45.343189" lon="-72.282332">
        <ele>302.5</ele>
      </trkpt>
      <trkpt lat="45.343032" lon="-72.282346">
        <ele>302.5</ele>
      </trkpt>
      <trkpt lat="45.342885" lon="-72.282334">
        <ele>302.6</ele>
      </trkpt>
      <trkpt lat="45.342728" lon="-72.28232">
        <ele>302.7</ele>
      </trkpt>
      <trkpt lat="45.342565" lon="-72.282328">
        <ele>302.8</ele>
      </trkpt>
      <trkpt lat="45.342405" lon="-72.282344">
        <ele>302.9</ele>
      </trkpt>
      <trkpt lat="45.342234" lon="-72.282356">
        <ele>303.1</ele>
      </trkpt>
      <trkpt lat="45.342075" lon="-72.282363">
        <ele>303.3</ele>
      </trkpt>
      <trkpt lat="45.341923" lon="-72.282389">
        <ele>303.4</ele>
      </trkpt>
      <trkpt lat="45.341685" lon="-72.28242">
        <ele>303.8</ele>
      </trkpt>
      <trkpt lat="45.341537" lon="-72.282428">
        <ele>303.9</ele>
      </trkpt>
      <trkpt lat="45.341386" lon="-72.282428">
        <ele>304.1</ele>
      </trkpt>
      <trkpt lat="45.341224" lon="-72.282464">
        <ele>304.4</ele>
      </trkpt>
      <trkpt lat="45.341072" lon="-72.282573">
        <ele>304.5</ele>
      </trkpt>
      <trkpt lat="45.341024" lon="-72.282745">
        <ele>304.5</ele>
      </trkpt>
      <trkpt lat="45.341009" lon="-72.283055">
        <ele>304.6</ele>
      </trkpt>
      <trkpt lat="45.341" lon="-72.28323">
        <ele>304.6</ele>
      </trkpt>
      <trkpt lat="45.340994" lon="-72.283446">
        <ele>304.6</ele>
      </trkpt>
      <trkpt lat="45.340997" lon="-72.283659">
        <ele>304.7</ele>
      </trkpt>
      <trkpt lat="45.340986" lon="-72.284008">
        <ele>304.7</ele>
      </trkpt>
      <trkpt lat="45.340991" lon="-72.284237">
        <ele>304.7</ele>
      </trkpt>
      <trkpt lat="45.341001" lon="-72.284459">
        <ele>304.8</ele>
      </trkpt>
      <trkpt lat="45.341003" lon="-72.284673">
        <ele>304.8</ele>
      </trkpt>
      <trkpt lat="45.341009" lon="-72.284888">
        <ele>304.8</ele>
      </trkpt>
      <trkpt lat="45.341008" lon="-72.285102">
        <ele>304.7</ele>
      </trkpt>
      <trkpt lat="45.341018" lon="-72.28533">
        <ele>304.5</ele>
      </trkpt>
      <trkpt lat="45.341038" lon="-72.285643">
        <ele>304.2</ele>
      </trkpt>
      <trkpt lat="45.341051" lon="-72.285852">
        <ele>304.1</ele>
      </trkpt>
      <trkpt lat="45.341074" lon="-72.28605">
        <ele>304</ele>
      </trkpt>
      <trkpt lat="45.341077" lon="-72.286224">
        <ele>303.9</ele>
      </trkpt>
      <trkpt lat="45.341077" lon="-72.286384">
        <ele>303.9</ele>
      </trkpt>
      <trkpt lat="45.341087" lon="-72.28655">
        <ele>303.9</ele>
      </trkpt>
      <trkpt lat="45.3411" lon="-72.286767">
        <ele>304</ele>
      </trkpt>
      <trkpt lat="45.341112" lon="-72.287">
        <ele>303.9</ele>
      </trkpt>
      <trkpt lat="45.341123" lon="-72.287251">
        <ele>303.9</ele>
      </trkpt>
      <trkpt lat="45.341131" lon="-72.287633">
        <ele>303.6</ele>
      </trkpt>
      <trkpt lat="45.341143" lon="-72.287888">
        <ele>303.5</ele>
      </trkpt>
      <trkpt lat="45.341158" lon="-72.288142">
        <ele>303.3</ele>
      </trkpt>
      <trkpt lat="45.341172" lon="-72.288382">
        <ele>303.1</ele>
      </trkpt>
      <trkpt lat="45.341176" lon="-72.288621">
        <ele>303</ele>
      </trkpt>
      <trkpt lat="45.341191" lon="-72.288855">
        <ele>302.8</ele>
      </trkpt>
      <trkpt lat="45.341206" lon="-72.289072">
        <ele>302.6</ele>
      </trkpt>
      <trkpt lat="45.341216" lon="-72.289262">
        <ele>302.4</ele>
      </trkpt>
      <trkpt lat="45.341217" lon="-72.289455">
        <ele>302.2</ele>
      </trkpt>
      <trkpt lat="45.341219" lon="-72.289575">
        <ele>301.9</ele>
      </trkpt>
      <trkpt lat="45.341247" lon="-72.289741">
        <ele>301.5</ele>
      </trkpt>
      <trkpt lat="45.341259" lon="-72.289872">
        <ele>301.1</ele>
      </trkpt>
      <trkpt lat="45.341257" lon="-72.290039">
        <ele>300.6</ele>
      </trkpt>
      <trkpt lat="45.341248" lon="-72.290229">
        <ele>300</ele>
      </trkpt>
      <trkpt lat="45.341251" lon="-72.290451">
        <ele>299.1</ele>
      </trkpt>
      <trkpt lat="45.34126" lon="-72.290701">
        <ele>298.2</ele>
      </trkpt>
      <trkpt lat="45.341262" lon="-72.290981">
        <ele>297.3</ele>
      </trkpt>
      <trkpt lat="45.34126" lon="-72.291303">
        <ele>296.5</ele>
      </trkpt>
      <trkpt lat="45.341284" lon="-72.291864">
        <ele>294.9</ele>
      </trkpt>
      <trkpt lat="45.341289" lon="-72.292252">
        <ele>293.5</ele>
      </trkpt>
      <trkpt lat="45.341291" lon="-72.292612">
        <ele>292.2</ele>
      </trkpt>
      <trkpt lat="45.3413" lon="-72.292895">
        <ele>291.4</ele>
      </trkpt>
      <trkpt lat="45.341237" lon="-72.293125">
        <ele>291</ele>
      </trkpt>
      <trkpt lat="45.341102" lon="-72.293275">
        <ele>291</ele>
      </trkpt>
      <trkpt lat="45.340978" lon="-72.293396">
        <ele>291.1</ele>
      </trkpt>
      <trkpt lat="45.340913" lon="-72.293459">
        <ele>291.1</ele>
      </trkpt>
      <trkpt lat="45.340798" lon="-72.293581">
        <ele>291.1</ele>
      </trkpt>
      <trkpt lat="45.340652" lon="-72.293768">
        <ele>291</ele>
      </trkpt>
      <trkpt lat="45.340552" lon="-72.293901">
        <ele>290.7</ele>
      </trkpt>
      <trkpt lat="45.340458" lon="-72.294019">
        <ele>290.5</ele>
      </trkpt>
      <trkpt lat="45.340347" lon="-72.294136">
        <ele>290.2</ele>
      </trkpt>
      <trkpt lat="45.340226" lon="-72.294234">
        <ele>290</ele>
      </trkpt>
      <trkpt lat="45.340032" lon="-72.294394">
        <ele>289.6</ele>
      </trkpt>
      <trkpt lat="45.33992" lon="-72.294483">
        <ele>289.4</ele>
      </trkpt>
      <trkpt lat="45.339799" lon="-72.294556">
        <ele>289.3</ele>
      </trkpt>
      <trkpt lat="45.339665" lon="-72.294639">
        <ele>289.2</ele>
      </trkpt>
      <trkpt lat="45.33948" lon="-72.294781">
        <ele>289.1</ele>
      </trkpt>
      <trkpt lat="45.339339" lon="-72.294899">
        <ele>288.9</ele>
      </trkpt>
      <trkpt lat="45.339185" lon="-72.295014">
        <ele>288.7</ele>
      </trkpt>
      <trkpt lat="45.339033" lon="-72.295123">
        <ele>288.3</ele>
      </trkpt>
      <trkpt lat="45.338872" lon="-72.295228">
        <ele>287.8</ele>
      </trkpt>
      <trkpt lat="45.338702" lon="-72.295328">
        <ele>287.1</ele>
      </trkpt>
      <trkpt lat="45.338529" lon="-72.295423">
        <ele>286.4</ele>
      </trkpt>
      <trkpt lat="45.338365" lon="-72.295531">
        <ele>285.6</ele>
      </trkpt>
      <trkpt lat="45.338213" lon="-72.295631">
        <ele>284.9</ele>
      </trkpt>
      <trkpt lat="45.338052" lon="-72.295734">
        <ele>284.3</ele>
      </trkpt>
      <trkpt lat="45.337889" lon="-72.295834">
        <ele>283.8</ele>
      </trkpt>
      <trkpt lat="45.337742" lon="-72.295932">
        <ele>283.2</ele>
      </trkpt>
      <trkpt lat="45.337603" lon="-72.296033">
        <ele>282.6</ele>
      </trkpt>
      <trkpt lat="45.337379" lon="-72.296155">
        <ele>281.6</ele>
      </trkpt>
      <trkpt lat="45.337248" lon="-72.296225">
        <ele>280.9</ele>
      </trkpt>
      <trkpt lat="45.337116" lon="-72.296314">
        <ele>280.1</ele>
      </trkpt>
      <trkpt lat="45.336975" lon="-72.296414">
        <ele>279.1</ele>
      </trkpt>
      <trkpt lat="45.336852" lon="-72.296509">
        <ele>278.2</ele>
      </trkpt>
      <trkpt lat="45.336709" lon="-72.296603">
        <ele>277.3</ele>
      </trkpt>
      <trkpt lat="45.336563" lon="-72.2967">
        <ele>276.4</ele>
      </trkpt>
      <trkpt lat="45.336423" lon="-72.296802">
        <ele>275.7</ele>
      </trkpt>
      <trkpt lat="45.336214" lon="-72.296951">
        <ele>274.8</ele>
      </trkpt>
      <trkpt lat="45.336081" lon="-72.297045">
        <ele>274.4</ele>
      </trkpt>
      <trkpt lat="45.335953" lon="-72.297141">
        <ele>274.2</ele>
      </trkpt>
      <trkpt lat="45.335834" lon="-72.297235">
        <ele>274</ele>
      </trkpt>
      <trkpt lat="45.335714" lon="-72.29732">
        <ele>273.9</ele>
      </trkpt>
      <trkpt lat="45.335588" lon="-72.297402">
        <ele>273.9</ele>
      </trkpt>
      <trkpt lat="45.335448" lon="-72.297488">
        <ele>273.9</ele>
      </trkpt>
      <trkpt lat="45.335231" lon="-72.297595">
        <ele>273.9</ele>
      </trkpt>
      <trkpt lat="45.335097" lon="-72.297679">
        <ele>273.9</ele>
      </trkpt>
      <trkpt lat="45.33497" lon="-72.297792">
        <ele>273.9</ele>
      </trkpt>
      <trkpt lat="45.334843" lon="-72.297878">
        <ele>273.9</ele>
      </trkpt>
      <trkpt lat="45.334692" lon="-72.297976">
        <ele>273.9</ele>
      </trkpt>
      <trkpt lat="45.334561" lon="-72.298087">
        <ele>273.9</ele>
      </trkpt>
      <trkpt lat="45.334436" lon="-72.298178">
        <ele>273.9</ele>
      </trkpt>
      <trkpt lat="45.334313" lon="-72.298261">
        <ele>273.9</ele>
      </trkpt>
      <trkpt lat="45.334186" lon="-72.298355">
        <ele>273.9</ele>
      </trkpt>
      <trkpt lat="45.334051" lon="-72.298448">
        <ele>273.9</ele>
      </trkpt>
      <trkpt lat="45.333922" lon="-72.298529">
        <ele>273.9</ele>
      </trkpt>
      <trkpt lat="45.333767" lon="-72.298632">
        <ele>273.9</ele>
      </trkpt>
      <trkpt lat="45.333653" lon="-72.298707">
        <ele>273.9</ele>
      </trkpt>
      <trkpt lat="45.333531" lon="-72.298777">
        <ele>273.9</ele>
      </trkpt>
      <trkpt lat="45.333421" lon="-72.298864">
        <ele>273.9</ele>
      </trkpt>
      <trkpt lat="45.333302" lon="-72.298951">
        <ele>273.9</ele>
      </trkpt>
      <trkpt lat="45.333103" lon="-72.299079">
        <ele>273.8</ele>
      </trkpt>
      <trkpt lat="45.332977" lon="-72.29917">
        <ele>273.8</ele>
      </trkpt>
      <trkpt lat="45.332847" lon="-72.29926">
        <ele>273.9</ele>
      </trkpt>
      <trkpt lat="45.332705" lon="-72.299345">
        <ele>273.9</ele>
      </trkpt>
      <trkpt lat="45.332581" lon="-72.299421">
        <ele>273.9</ele>
      </trkpt>
      <trkpt lat="45.332473" lon="-72.299509">
        <ele>273.9</ele>
      </trkpt>
      <trkpt lat="45.332348" lon="-72.299599">
        <ele>273.9</ele>
      </trkpt>
      <trkpt lat="45.332221" lon="-72.299695">
        <ele>273.9</ele>
      </trkpt>
      <trkpt lat="45.332091" lon="-72.299789">
        <ele>274</ele>
      </trkpt>
      <trkpt lat="45.33196" lon="-72.299865">
        <ele>274</ele>
      </trkpt>
      <trkpt lat="45.331751" lon="-72.299972">
        <ele>274</ele>
      </trkpt>
      <trkpt lat="45.331635" lon="-72.30004">
        <ele>273.9</ele>
      </trkpt>
      <trkpt lat="45.331515" lon="-72.300108">
        <ele>273.9</ele>
      </trkpt>
      <trkpt lat="45.331382" lon="-72.300163">
        <ele>273.9</ele>
      </trkpt>
      <trkpt lat="45.331158" lon="-72.300224">
        <ele>273.9</ele>
      </trkpt>
      <trkpt lat="45.331005" lon="-72.300285">
        <ele>273.9</ele>
      </trkpt>
      <trkpt lat="45.330855" lon="-72.300344">
        <ele>273.9</ele>
      </trkpt>
      <trkpt lat="45.330691" lon="-72.300408">
        <ele>273.9</ele>
      </trkpt>
      <trkpt lat="45.330527" lon="-72.300474">
        <ele>273.9</ele>
      </trkpt>
      <trkpt lat="45.33038" lon="-72.300542">
        <ele>273.9</ele>
      </trkpt>
      <trkpt lat="45.33023" lon="-72.300614">
        <ele>273.9</ele>
      </trkpt>
      <trkpt lat="45.330096" lon="-72.300679">
        <ele>273.9</ele>
      </trkpt>
      <trkpt lat="45.329962" lon="-72.30074">
        <ele>273.8</ele>
      </trkpt>
      <trkpt lat="45.329804" lon="-72.30081">
        <ele>273.8</ele>
      </trkpt>
      <trkpt lat="45.329575" lon="-72.3009">
        <ele>273.9</ele>
      </trkpt>
      <trkpt lat="45.329424" lon="-72.300958">
        <ele>273.9</ele>
      </trkpt>
      <trkpt lat="45.329297" lon="-72.301033">
        <ele>273.9</ele>
      </trkpt>
      <trkpt lat="45.329157" lon="-72.301116">
        <ele>273.9</ele>
      </trkpt>
      <trkpt lat="45.329009" lon="-72.301193">
        <ele>273.9</ele>
      </trkpt>
      <trkpt lat="45.328847" lon="-72.301262">
        <ele>273.9</ele>
      </trkpt>
      <trkpt lat="45.328691" lon="-72.30131">
        <ele>273.9</ele>
      </trkpt>
      <trkpt lat="45.32848" lon="-72.301421">
        <ele>273.9</ele>
      </trkpt>
      <trkpt lat="45.32834" lon="-72.301495">
        <ele>273.9</ele>
      </trkpt>
      <trkpt lat="45.328199" lon="-72.301562">
        <ele>273.9</ele>
      </trkpt>
      <trkpt lat="45.328056" lon="-72.301613">
        <ele>273.9</ele>
      </trkpt>
      <trkpt lat="45.3279" lon="-72.301673">
        <ele>273.9</ele>
      </trkpt>
      <trkpt lat="45.327747" lon="-72.301739">
        <ele>273.9</ele>
      </trkpt>
      <trkpt lat="45.327585" lon="-72.301803">
        <ele>273.9</ele>
      </trkpt>
      <trkpt lat="45.327422" lon="-72.30187">
        <ele>273.9</ele>
      </trkpt>
      <trkpt lat="45.327255" lon="-72.301937">
        <ele>273.8</ele>
      </trkpt>
      <trkpt lat="45.327095" lon="-72.302006">
        <ele>273.8</ele>
      </trkpt>
      <trkpt lat="45.326932" lon="-72.302067">
        <ele>273.7</ele>
      </trkpt>
      <trkpt lat="45.326768" lon="-72.302122">
        <ele>273.5</ele>
      </trkpt>
      <trkpt lat="45.326595" lon="-72.302181">
        <ele>273.4</ele>
      </trkpt>
      <trkpt lat="45.326432" lon="-72.302248">
        <ele>273.2</ele>
      </trkpt>
      <trkpt lat="45.326274" lon="-72.30232">
        <ele>273.1</ele>
      </trkpt>
      <trkpt lat="45.326043" lon="-72.302435">
        <ele>272.9</ele>
      </trkpt>
      <trkpt lat="45.325898" lon="-72.302507">
        <ele>272.9</ele>
      </trkpt>
      <trkpt lat="45.32575" lon="-72.302566">
        <ele>272.9</ele>
      </trkpt>
      <trkpt lat="45.325609" lon="-72.302613">
        <ele>273</ele>
      </trkpt>
      <trkpt lat="45.325469" lon="-72.302666">
        <ele>273.1</ele>
      </trkpt>
      <trkpt lat="45.325327" lon="-72.302731">
        <ele>273.1</ele>
      </trkpt>
      <trkpt lat="45.325179" lon="-72.302784">
        <ele>273.1</ele>
      </trkpt>
      <trkpt lat="45.325022" lon="-72.302837">
        <ele>273.1</ele>
      </trkpt>
      <trkpt lat="45.324868" lon="-72.302877">
        <ele>273</ele>
      </trkpt>
      <trkpt lat="45.324741" lon="-72.302947">
        <ele>272.9</ele>
      </trkpt>
      <trkpt lat="45.324602" lon="-72.30303">
        <ele>272.7</ele>
      </trkpt>
      <trkpt lat="45.324452" lon="-72.303092">
        <ele>272.5</ele>
      </trkpt>
      <trkpt lat="45.324316" lon="-72.303139">
        <ele>272.3</ele>
      </trkpt>
      <trkpt lat="45.324233" lon="-72.303167">
        <ele>272.2</ele>
      </trkpt>
      <trkpt lat="45.324147" lon="-72.303212">
        <ele>272.1</ele>
      </trkpt>
      <trkpt lat="45.324065" lon="-72.303256">
        <ele>271.9</ele>
      </trkpt>
      <trkpt lat="45.323968" lon="-72.303306">
        <ele>271.8</ele>
      </trkpt>
      <trkpt lat="45.323812" lon="-72.303382">
        <ele>271.4</ele>
      </trkpt>
      <trkpt lat="45.323707" lon="-72.303432">
        <ele>271.2</ele>
      </trkpt>
      <trkpt lat="45.323565" lon="-72.303502">
        <ele>270.9</ele>
      </trkpt>
      <trkpt lat="45.323427" lon="-72.303576">
        <ele>270.6</ele>
      </trkpt>
      <trkpt lat="45.323295" lon="-72.303643">
        <ele>270.3</ele>
      </trkpt>
      <trkpt lat="45.323158" lon="-72.303699">
        <ele>270.1</ele>
      </trkpt>
      <trkpt lat="45.322956" lon="-72.30379">
        <ele>269.8</ele>
      </trkpt>
      <trkpt lat="45.3228" lon="-72.303839">
        <ele>269.7</ele>
      </trkpt>
      <trkpt lat="45.322663" lon="-72.303884">
        <ele>269.6</ele>
      </trkpt>
      <trkpt lat="45.322522" lon="-72.303925">
        <ele>269.5</ele>
      </trkpt>
      <trkpt lat="45.322382" lon="-72.303965">
        <ele>269.4</ele>
      </trkpt>
      <trkpt lat="45.32223" lon="-72.304001">
        <ele>269.3</ele>
      </trkpt>
      <trkpt lat="45.322077" lon="-72.304022">
        <ele>269.3</ele>
      </trkpt>
      <trkpt lat="45.321927" lon="-72.304044">
        <ele>269.2</ele>
      </trkpt>
      <trkpt lat="45.321765" lon="-72.304063">
        <ele>269.2</ele>
      </trkpt>
      <trkpt lat="45.321603" lon="-72.30409">
        <ele>269.1</ele>
      </trkpt>
      <trkpt lat="45.32133" lon="-72.304149">
        <ele>268.9</ele>
      </trkpt>
      <trkpt lat="45.321165" lon="-72.304213">
        <ele>268.8</ele>
      </trkpt>
      <trkpt lat="45.321004" lon="-72.304295">
        <ele>268.7</ele>
      </trkpt>
      <trkpt lat="45.320824" lon="-72.304371">
        <ele>268.7</ele>
      </trkpt>
      <trkpt lat="45.320673" lon="-72.304459">
        <ele>268.8</ele>
      </trkpt>
      <trkpt lat="45.320538" lon="-72.304541">
        <ele>268.8</ele>
      </trkpt>
      <trkpt lat="45.320318" lon="-72.304677">
        <ele>268.8</ele>
      </trkpt>
      <trkpt lat="45.32017" lon="-72.304776">
        <ele>268.6</ele>
      </trkpt>
      <trkpt lat="45.32002" lon="-72.304861">
        <ele>268.4</ele>
      </trkpt>
      <trkpt lat="45.319879" lon="-72.304942">
        <ele>268.2</ele>
      </trkpt>
      <trkpt lat="45.319739" lon="-72.305023">
        <ele>267.9</ele>
      </trkpt>
      <trkpt lat="45.319612" lon="-72.305114">
        <ele>267.7</ele>
      </trkpt>
      <trkpt lat="45.319482" lon="-72.305207">
        <ele>267.4</ele>
      </trkpt>
      <trkpt lat="45.319344" lon="-72.305292">
        <ele>267.2</ele>
      </trkpt>
      <trkpt lat="45.319196" lon="-72.305381">
        <ele>267</ele>
      </trkpt>
      <trkpt lat="45.319052" lon="-72.305474">
        <ele>266.8</ele>
      </trkpt>
      <trkpt lat="45.318898" lon="-72.305562">
        <ele>266.7</ele>
      </trkpt>
      <trkpt lat="45.318744" lon="-72.305645">
        <ele>266.5</ele>
      </trkpt>
      <trkpt lat="45.3186" lon="-72.305727">
        <ele>266.3</ele>
      </trkpt>
      <trkpt lat="45.318457" lon="-72.305811">
        <ele>266.1</ele>
      </trkpt>
      <trkpt lat="45.318315" lon="-72.305893">
        <ele>265.9</ele>
      </trkpt>
      <trkpt lat="45.318176" lon="-72.305979">
        <ele>265.6</ele>
      </trkpt>
      <trkpt lat="45.318042" lon="-72.306056">
        <ele>265.4</ele>
      </trkpt>
      <trkpt lat="45.317823" lon="-72.306168">
        <ele>265.1</ele>
      </trkpt>
      <trkpt lat="45.317675" lon="-72.306243">
        <ele>264.9</ele>
      </trkpt>
      <trkpt lat="45.317541" lon="-72.306334">
        <ele>264.7</ele>
      </trkpt>
      <trkpt lat="45.317344" lon="-72.306438">
        <ele>264.3</ele>
      </trkpt>
      <trkpt lat="45.317204" lon="-72.306528">
        <ele>264</ele>
      </trkpt>
      <trkpt lat="45.317107" lon="-72.30661">
        <ele>263.7</ele>
      </trkpt>
      <trkpt lat="45.317014" lon="-72.306661">
        <ele>263.5</ele>
      </trkpt>
      <trkpt lat="45.316903" lon="-72.306713">
        <ele>263.3</ele>
      </trkpt>
      <trkpt lat="45.316783" lon="-72.306773">
        <ele>263.1</ele>
      </trkpt>
      <trkpt lat="45.316704" lon="-72.30687">
        <ele>262.8</ele>
      </trkpt>
      <trkpt lat="45.316755" lon="-72.306988">
        <ele>262.6</ele>
      </trkpt>
      <trkpt lat="45.316847" lon="-72.307015">
        <ele>262.7</ele>
      </trkpt>
      <trkpt lat="45.317055" lon="-72.307015">
        <ele>262.8</ele>
      </trkpt>
      <trkpt lat="45.317115" lon="-72.307011">
        <ele>262.9</ele>
      </trkpt>
      <trkpt lat="45.317289" lon="-72.307009">
        <ele>263</ele>
      </trkpt>
      <trkpt lat="45.317409" lon="-72.307012">
        <ele>263.1</ele>
      </trkpt>
      <trkpt lat="45.317546" lon="-72.307014">
        <ele>263.1</ele>
      </trkpt>
      <trkpt lat="45.317679" lon="-72.307029">
        <ele>263.1</ele>
      </trkpt>
      <trkpt lat="45.317883" lon="-72.307053">
        <ele>263.1</ele>
      </trkpt>
      <trkpt lat="45.318027" lon="-72.307063">
        <ele>263</ele>
      </trkpt>
      <trkpt lat="45.318161" lon="-72.307069">
        <ele>263</ele>
      </trkpt>
      <trkpt lat="45.318293" lon="-72.307078">
        <ele>263.1</ele>
      </trkpt>
      <trkpt lat="45.318423" lon="-72.307085">
        <ele>263.1</ele>
      </trkpt>
      <trkpt lat="45.318545" lon="-72.307102">
        <ele>263.1</ele>
      </trkpt>
      <trkpt lat="45.318672" lon="-72.30712">
        <ele>263.1</ele>
      </trkpt>
      <trkpt lat="45.318809" lon="-72.307135">
        <ele>263.2</ele>
      </trkpt>
      <trkpt lat="45.318948" lon="-72.30715">
        <ele>263.2</ele>
      </trkpt>
      <trkpt lat="45.31915" lon="-72.307164">
        <ele>263.2</ele>
      </trkpt>
      <trkpt lat="45.319293" lon="-72.307171">
        <ele>263.2</ele>
      </trkpt>
      <trkpt lat="45.319438" lon="-72.307183">
        <ele>263.1</ele>
      </trkpt>
      <trkpt lat="45.319572" lon="-72.307199">
        <ele>263</ele>
      </trkpt>
      <trkpt lat="45.319711" lon="-72.307214">
        <ele>262.8</ele>
      </trkpt>
      <trkpt lat="45.319906" lon="-72.307219">
        <ele>262.7</ele>
      </trkpt>
      <trkpt lat="45.320043" lon="-72.30723">
        <ele>262.6</ele>
      </trkpt>
      <trkpt lat="45.320177" lon="-72.307243">
        <ele>262.5</ele>
      </trkpt>
      <trkpt lat="45.320318" lon="-72.30726">
        <ele>262.5</ele>
      </trkpt>
      <trkpt lat="45.320459" lon="-72.307267">
        <ele>262.5</ele>
      </trkpt>
      <trkpt lat="45.320589" lon="-72.307283">
        <ele>262.4</ele>
      </trkpt>
      <trkpt lat="45.320728" lon="-72.307308">
        <ele>262.4</ele>
      </trkpt>
      <trkpt lat="45.320865" lon="-72.307324">
        <ele>262.4</ele>
      </trkpt>
      <trkpt lat="45.321001" lon="-72.307335">
        <ele>262.4</ele>
      </trkpt>
      <trkpt lat="45.32114" lon="-72.307353">
        <ele>262.4</ele>
      </trkpt>
      <trkpt lat="45.321279" lon="-72.307377">
        <ele>262.3</ele>
      </trkpt>
      <trkpt lat="45.32148" lon="-72.307406">
        <ele>262.2</ele>
      </trkpt>
      <trkpt lat="45.32161" lon="-72.307438">
        <ele>262.1</ele>
      </trkpt>
      <trkpt lat="45.321737" lon="-72.307477">
        <ele>262</ele>
      </trkpt>
      <trkpt lat="45.32188" lon="-72.307491">
        <ele>262</ele>
      </trkpt>
      <trkpt lat="45.32202" lon="-72.307521">
        <ele>261.9</ele>
      </trkpt>
      <trkpt lat="45.322163" lon="-72.307567">
        <ele>261.8</ele>
      </trkpt>
      <trkpt lat="45.322299" lon="-72.307614">
        <ele>261.7</ele>
      </trkpt>
      <trkpt lat="45.322502" lon="-72.307692">
        <ele>261.5</ele>
      </trkpt>
      <trkpt lat="45.322637" lon="-72.307748">
        <ele>261.4</ele>
      </trkpt>
      <trkpt lat="45.32277" lon="-72.307807">
        <ele>261.3</ele>
      </trkpt>
      <trkpt lat="45.322899" lon="-72.307894">
        <ele>261.1</ele>
      </trkpt>
      <trkpt lat="45.323027" lon="-72.307965">
        <ele>260.9</ele>
      </trkpt>
      <trkpt lat="45.323154" lon="-72.308045">
        <ele>260.7</ele>
      </trkpt>
      <trkpt lat="45.323284" lon="-72.308122">
        <ele>260.5</ele>
      </trkpt>
      <trkpt lat="45.323417" lon="-72.308197">
        <ele>260.3</ele>
      </trkpt>
      <trkpt lat="45.323543" lon="-72.308275">
        <ele>260.1</ele>
      </trkpt>
      <trkpt lat="45.323732" lon="-72.308391">
        <ele>259.8</ele>
      </trkpt>
      <trkpt lat="45.32386" lon="-72.30848">
        <ele>259.6</ele>
      </trkpt>
      <trkpt lat="45.323992" lon="-72.308564">
        <ele>259.4</ele>
      </trkpt>
      <trkpt lat="45.324116" lon="-72.308641">
        <ele>259.3</ele>
      </trkpt>
      <trkpt lat="45.324249" lon="-72.308718">
        <ele>259.2</ele>
      </trkpt>
      <trkpt lat="45.324385" lon="-72.308793">
        <ele>259.1</ele>
      </trkpt>
      <trkpt lat="45.324588" lon="-72.308908">
        <ele>259.1</ele>
      </trkpt>
      <trkpt lat="45.32472" lon="-72.308983">
        <ele>259.1</ele>
      </trkpt>
      <trkpt lat="45.324852" lon="-72.309069">
        <ele>259</ele>
      </trkpt>
      <trkpt lat="45.324986" lon="-72.309167">
        <ele>259</ele>
      </trkpt>
      <trkpt lat="45.325118" lon="-72.309226">
        <ele>259</ele>
      </trkpt>
      <trkpt lat="45.325321" lon="-72.309356">
        <ele>259</ele>
      </trkpt>
      <trkpt lat="45.325454" lon="-72.309437">
        <ele>259</ele>
      </trkpt>
      <trkpt lat="45.325582" lon="-72.309514">
        <ele>258.9</ele>
      </trkpt>
      <trkpt lat="45.32571" lon="-72.309591">
        <ele>258.9</ele>
      </trkpt>
      <trkpt lat="45.325833" lon="-72.30967">
        <ele>258.9</ele>
      </trkpt>
      <trkpt lat="45.325953" lon="-72.309734">
        <ele>258.9</ele>
      </trkpt>
      <trkpt lat="45.326077" lon="-72.309793">
        <ele>258.9</ele>
      </trkpt>
      <trkpt lat="45.326204" lon="-72.309839">
        <ele>258.9</ele>
      </trkpt>
      <trkpt lat="45.326339" lon="-72.30988">
        <ele>259</ele>
      </trkpt>
      <trkpt lat="45.32647" lon="-72.309913">
        <ele>259</ele>
      </trkpt>
      <trkpt lat="45.326595" lon="-72.309938">
        <ele>259</ele>
      </trkpt>
      <trkpt lat="45.326731" lon="-72.309954">
        <ele>259.1</ele>
      </trkpt>
      <trkpt lat="45.326935" lon="-72.309968">
        <ele>259.1</ele>
      </trkpt>
      <trkpt lat="45.327078" lon="-72.309956">
        <ele>259.2</ele>
      </trkpt>
      <trkpt lat="45.327224" lon="-72.309933">
        <ele>259.3</ele>
      </trkpt>
      <trkpt lat="45.327354" lon="-72.309902">
        <ele>259.4</ele>
      </trkpt>
      <trkpt lat="45.32747" lon="-72.309863">
        <ele>259.5</ele>
      </trkpt>
      <trkpt lat="45.32765" lon="-72.309822">
        <ele>259.7</ele>
      </trkpt>
      <trkpt lat="45.327787" lon="-72.309795">
        <ele>259.9</ele>
      </trkpt>
      <trkpt lat="45.32792" lon="-72.309765">
        <ele>260</ele>
      </trkpt>
      <trkpt lat="45.328052" lon="-72.309725">
        <ele>260.3</ele>
      </trkpt>
      <trkpt lat="45.32818" lon="-72.309696">
        <ele>260.5</ele>
      </trkpt>
      <trkpt lat="45.328301" lon="-72.309664">
        <ele>260.7</ele>
      </trkpt>
      <trkpt lat="45.328442" lon="-72.30963">
        <ele>261</ele>
      </trkpt>
      <trkpt lat="45.328579" lon="-72.309615">
        <ele>261.1</ele>
      </trkpt>
      <trkpt lat="45.328772" lon="-72.309575">
        <ele>261.4</ele>
      </trkpt>
      <trkpt lat="45.328902" lon="-72.309545">
        <ele>261.6</ele>
      </trkpt>
      <trkpt lat="45.329034" lon="-72.3095">
        <ele>261.8</ele>
      </trkpt>
      <trkpt lat="45.329166" lon="-72.309455">
        <ele>262</ele>
      </trkpt>
      <trkpt lat="45.329313" lon="-72.309421">
        <ele>262.2</ele>
      </trkpt>
      <trkpt lat="45.329453" lon="-72.309395">
        <ele>262.3</ele>
      </trkpt>
      <trkpt lat="45.329659" lon="-72.309386">
        <ele>262.3</ele>
      </trkpt>
      <trkpt lat="45.329779" lon="-72.309369">
        <ele>262.3</ele>
      </trkpt>
      <trkpt lat="45.329904" lon="-72.309343">
        <ele>262.4</ele>
      </trkpt>
      <trkpt lat="45.330029" lon="-72.309299">
        <ele>262.6</ele>
      </trkpt>
      <trkpt lat="45.33017" lon="-72.309267">
        <ele>262.7</ele>
      </trkpt>
      <trkpt lat="45.330297" lon="-72.309227">
        <ele>262.8</ele>
      </trkpt>
      <trkpt lat="45.330414" lon="-72.309197">
        <ele>262.9</ele>
      </trkpt>
      <trkpt lat="45.330613" lon="-72.309149">
        <ele>263.1</ele>
      </trkpt>
      <trkpt lat="45.330756" lon="-72.309105">
        <ele>263.2</ele>
      </trkpt>
      <trkpt lat="45.330907" lon="-72.309071">
        <ele>263.3</ele>
      </trkpt>
      <trkpt lat="45.331057" lon="-72.309032">
        <ele>263.5</ele>
      </trkpt>
      <trkpt lat="45.331204" lon="-72.30901">
        <ele>263.6</ele>
      </trkpt>
      <trkpt lat="45.331343" lon="-72.308985">
        <ele>263.7</ele>
      </trkpt>
      <trkpt lat="45.331554" lon="-72.308941">
        <ele>263.9</ele>
      </trkpt>
      <trkpt lat="45.331689" lon="-72.30891">
        <ele>264.1</ele>
      </trkpt>
      <trkpt lat="45.331824" lon="-72.308874">
        <ele>264.2</ele>
      </trkpt>
      <trkpt lat="45.331969" lon="-72.308848">
        <ele>264.3</ele>
      </trkpt>
      <trkpt lat="45.332109" lon="-72.308795">
        <ele>264.3</ele>
      </trkpt>
      <trkpt lat="45.332248" lon="-72.308752">
        <ele>264.3</ele>
      </trkpt>
      <trkpt lat="45.332372" lon="-72.308714">
        <ele>264.2</ele>
      </trkpt>
      <trkpt lat="45.332518" lon="-72.308682">
        <ele>264</ele>
      </trkpt>
      <trkpt lat="45.332658" lon="-72.308666">
        <ele>263.7</ele>
      </trkpt>
      <trkpt lat="45.332802" lon="-72.308631">
        <ele>263.4</ele>
      </trkpt>
      <trkpt lat="45.332998" lon="-72.308594">
        <ele>262.9</ele>
      </trkpt>
      <trkpt lat="45.333144" lon="-72.308552">
        <ele>262.6</ele>
      </trkpt>
      <trkpt lat="45.333288" lon="-72.308528">
        <ele>262.4</ele>
      </trkpt>
      <trkpt lat="45.333436" lon="-72.308494">
        <ele>262.2</ele>
      </trkpt>
      <trkpt lat="45.33358" lon="-72.308458">
        <ele>262.1</ele>
      </trkpt>
      <trkpt lat="45.333726" lon="-72.308426">
        <ele>262</ele>
      </trkpt>
      <trkpt lat="45.333862" lon="-72.308397">
        <ele>262</ele>
      </trkpt>
      <trkpt lat="45.334012" lon="-72.308364">
        <ele>262</ele>
      </trkpt>
      <trkpt lat="45.334233" lon="-72.308309">
        <ele>262.1</ele>
      </trkpt>
      <trkpt lat="45.334376" lon="-72.308273">
        <ele>262.2</ele>
      </trkpt>
      <trkpt lat="45.334518" lon="-72.308229">
        <ele>262.3</ele>
      </trkpt>
      <trkpt lat="45.334657" lon="-72.308195">
        <ele>262.5</ele>
      </trkpt>
      <trkpt lat="45.334807" lon="-72.308156">
        <ele>262.6</ele>
      </trkpt>
      <trkpt lat="45.334952" lon="-72.308115">
        <ele>262.8</ele>
      </trkpt>
      <trkpt lat="45.335095" lon="-72.308067">
        <ele>263</ele>
      </trkpt>
      <trkpt lat="45.335235" lon="-72.308016">
        <ele>263.2</ele>
      </trkpt>
      <trkpt lat="45.335439" lon="-72.307951">
        <ele>263.4</ele>
      </trkpt>
      <trkpt lat="45.335571" lon="-72.307901">
        <ele>263.6</ele>
      </trkpt>
      <trkpt lat="45.335707" lon="-72.30785">
        <ele>263.8</ele>
      </trkpt>
      <trkpt lat="45.335838" lon="-72.307795">
        <ele>264</ele>
      </trkpt>
      <trkpt lat="45.335964" lon="-72.307757">
        <ele>264.1</ele>
      </trkpt>
      <trkpt lat="45.3361" lon="-72.307716">
        <ele>264.3</ele>
      </trkpt>
      <trkpt lat="45.336241" lon="-72.307668">
        <ele>264.5</ele>
      </trkpt>
      <trkpt lat="45.336452" lon="-72.307595">
        <ele>264.7</ele>
      </trkpt>
      <trkpt lat="45.336585" lon="-72.307553">
        <ele>264.8</ele>
      </trkpt>
      <trkpt lat="45.336728" lon="-72.30751">
        <ele>264.9</ele>
      </trkpt>
      <trkpt lat="45.336882" lon="-72.30747">
        <ele>264.9</ele>
      </trkpt>
      <trkpt lat="45.337022" lon="-72.307429">
        <ele>264.9</ele>
      </trkpt>
      <trkpt lat="45.337154" lon="-72.307388">
        <ele>264.9</ele>
      </trkpt>
      <trkpt lat="45.337285" lon="-72.307349">
        <ele>264.8</ele>
      </trkpt>
      <trkpt lat="45.33741" lon="-72.307315">
        <ele>264.8</ele>
      </trkpt>
      <trkpt lat="45.337548" lon="-72.307282">
        <ele>264.7</ele>
      </trkpt>
      <trkpt lat="45.337687" lon="-72.307243">
        <ele>264.6</ele>
      </trkpt>
      <trkpt lat="45.337824" lon="-72.307203">
        <ele>264.6</ele>
      </trkpt>
      <trkpt lat="45.337964" lon="-72.307151">
        <ele>264.6</ele>
      </trkpt>
      <trkpt lat="45.338175" lon="-72.307055">
        <ele>264.7</ele>
      </trkpt>
      <trkpt lat="45.338301" lon="-72.307001">
        <ele>264.8</ele>
      </trkpt>
      <trkpt lat="45.33842" lon="-72.30696">
        <ele>264.8</ele>
      </trkpt>
      <trkpt lat="45.338548" lon="-72.306913">
        <ele>264.8</ele>
      </trkpt>
      <trkpt lat="45.338682" lon="-72.306847">
        <ele>264.9</ele>
      </trkpt>
      <trkpt lat="45.338862" lon="-72.306691">
        <ele>265.2</ele>
      </trkpt>
      <trkpt lat="45.33898" lon="-72.306579">
        <ele>265.3</ele>
      </trkpt>
      <trkpt lat="45.339098" lon="-72.306464">
        <ele>265.5</ele>
      </trkpt>
      <trkpt lat="45.339222" lon="-72.306358">
        <ele>265.5</ele>
      </trkpt>
      <trkpt lat="45.339344" lon="-72.306256">
        <ele>265.6</ele>
      </trkpt>
      <trkpt lat="45.339519" lon="-72.306099">
        <ele>265.7</ele>
      </trkpt>
      <trkpt lat="45.339633" lon="-72.305981">
        <ele>265.9</ele>
      </trkpt>
      <trkpt lat="45.339743" lon="-72.305865">
        <ele>266.1</ele>
      </trkpt>
      <trkpt lat="45.339866" lon="-72.30577">
        <ele>266.2</ele>
      </trkpt>
      <trkpt lat="45.339984" lon="-72.30568">
        <ele>266.3</ele>
      </trkpt>
      <trkpt lat="45.340103" lon="-72.305593">
        <ele>266.4</ele>
      </trkpt>
      <trkpt lat="45.340228" lon="-72.305505">
        <ele>266.5</ele>
      </trkpt>
      <trkpt lat="45.340354" lon="-72.305414">
        <ele>266.5</ele>
      </trkpt>
      <trkpt lat="45.340474" lon="-72.305336">
        <ele>266.6</ele>
      </trkpt>
      <trkpt lat="45.340606" lon="-72.305258">
        <ele>266.6</ele>
      </trkpt>
      <trkpt lat="45.340819" lon="-72.305155">
        <ele>266.7</ele>
      </trkpt>
      <trkpt lat="45.340951" lon="-72.305108">
        <ele>266.7</ele>
      </trkpt>
      <trkpt lat="45.341093" lon="-72.305066">
        <ele>266.8</ele>
      </trkpt>
      <trkpt lat="45.341239" lon="-72.305018">
        <ele>266.9</ele>
      </trkpt>
      <trkpt lat="45.341372" lon="-72.304978">
        <ele>267</ele>
      </trkpt>
      <trkpt lat="45.341503" lon="-72.304949">
        <ele>267</ele>
      </trkpt>
      <trkpt lat="45.341715" lon="-72.304922">
        <ele>267</ele>
      </trkpt>
      <trkpt lat="45.341849" lon="-72.304903">
        <ele>266.9</ele>
      </trkpt>
      <trkpt lat="45.341992" lon="-72.30488">
        <ele>266.8</ele>
      </trkpt>
      <trkpt lat="45.342134" lon="-72.304865">
        <ele>266.7</ele>
      </trkpt>
      <trkpt lat="45.342287" lon="-72.304847">
        <ele>266.5</ele>
      </trkpt>
      <trkpt lat="45.342436" lon="-72.304831">
        <ele>266.5</ele>
      </trkpt>
      <trkpt lat="45.342577" lon="-72.304819">
        <ele>266.4</ele>
      </trkpt>
      <trkpt lat="45.342717" lon="-72.304806">
        <ele>266.4</ele>
      </trkpt>
      <trkpt lat="45.342853" lon="-72.304788">
        <ele>266.4</ele>
      </trkpt>
      <trkpt lat="45.342995" lon="-72.30477">
        <ele>266.5</ele>
      </trkpt>
      <trkpt lat="45.34313" lon="-72.304756">
        <ele>266.5</ele>
      </trkpt>
      <trkpt lat="45.343327" lon="-72.304723">
        <ele>266.5</ele>
      </trkpt>
      <trkpt lat="45.343464" lon="-72.3047">
        <ele>266.6</ele>
      </trkpt>
      <trkpt lat="45.343609" lon="-72.304676">
        <ele>266.6</ele>
      </trkpt>
      <trkpt lat="45.343743" lon="-72.304651">
        <ele>266.6</ele>
      </trkpt>
      <trkpt lat="45.343877" lon="-72.304634">
        <ele>266.5</ele>
      </trkpt>
      <trkpt lat="45.344021" lon="-72.304615">
        <ele>266.5</ele>
      </trkpt>
      <trkpt lat="45.344167" lon="-72.304596">
        <ele>266.5</ele>
      </trkpt>
      <trkpt lat="45.344312" lon="-72.304573">
        <ele>266.4</ele>
      </trkpt>
      <trkpt lat="45.344462" lon="-72.304546">
        <ele>266.4</ele>
      </trkpt>
      <trkpt lat="45.344601" lon="-72.304535">
        <ele>266.3</ele>
      </trkpt>
      <trkpt lat="45.344732" lon="-72.304517">
        <ele>266.3</ele>
      </trkpt>
      <trkpt lat="45.344866" lon="-72.304489">
        <ele>266.3</ele>
      </trkpt>
      <trkpt lat="45.344996" lon="-72.304477">
        <ele>266.2</ele>
      </trkpt>
      <trkpt lat="45.345137" lon="-72.304464">
        <ele>266.2</ele>
      </trkpt>
      <trkpt lat="45.345279" lon="-72.304442">
        <ele>266.2</ele>
      </trkpt>
      <trkpt lat="45.345416" lon="-72.304424">
        <ele>266.2</ele>
      </trkpt>
      <trkpt lat="45.34562" lon="-72.304412">
        <ele>266.2</ele>
      </trkpt>
      <trkpt lat="45.345769" lon="-72.304394">
        <ele>266.2</ele>
      </trkpt>
      <trkpt lat="45.345915" lon="-72.304374">
        <ele>266.3</ele>
      </trkpt>
      <trkpt lat="45.34606" lon="-72.30435">
        <ele>266.4</ele>
      </trkpt>
      <trkpt lat="45.346205" lon="-72.304325">
        <ele>266.4</ele>
      </trkpt>
      <trkpt lat="45.346355" lon="-72.304297">
        <ele>266.5</ele>
      </trkpt>
      <trkpt lat="45.346502" lon="-72.304279">
        <ele>266.6</ele>
      </trkpt>
      <trkpt lat="45.346646" lon="-72.304265">
        <ele>266.6</ele>
      </trkpt>
      <trkpt lat="45.34679" lon="-72.304247">
        <ele>266.7</ele>
      </trkpt>
      <trkpt lat="45.346936" lon="-72.304229">
        <ele>266.8</ele>
      </trkpt>
      <trkpt lat="45.347079" lon="-72.304214">
        <ele>266.8</ele>
      </trkpt>
      <trkpt lat="45.347218" lon="-72.304197">
        <ele>266.9</ele>
      </trkpt>
      <trkpt lat="45.347353" lon="-72.304174">
        <ele>267</ele>
      </trkpt>
      <trkpt lat="45.347494" lon="-72.304147">
        <ele>267.1</ele>
      </trkpt>
      <trkpt lat="45.347636" lon="-72.304123">
        <ele>267.1</ele>
      </trkpt>
      <trkpt lat="45.347852" lon="-72.304089">
        <ele>267.2</ele>
      </trkpt>
      <trkpt lat="45.347995" lon="-72.304072">
        <ele>267.3</ele>
      </trkpt>
      <trkpt lat="45.34814" lon="-72.304057">
        <ele>267.3</ele>
      </trkpt>
      <trkpt lat="45.348271" lon="-72.304049">
        <ele>267.2</ele>
      </trkpt>
      <trkpt lat="45.348407" lon="-72.30402">
        <ele>267.2</ele>
      </trkpt>
      <trkpt lat="45.348539" lon="-72.303997">
        <ele>267.1</ele>
      </trkpt>
      <trkpt lat="45.348669" lon="-72.303975">
        <ele>267</ele>
      </trkpt>
      <trkpt lat="45.348801" lon="-72.30395">
        <ele>266.9</ele>
      </trkpt>
      <trkpt lat="45.348929" lon="-72.303928">
        <ele>266.8</ele>
      </trkpt>
      <trkpt lat="45.349116" lon="-72.303903">
        <ele>266.7</ele>
      </trkpt>
      <trkpt lat="45.349242" lon="-72.30388">
        <ele>266.6</ele>
      </trkpt>
      <trkpt lat="45.349435" lon="-72.303844">
        <ele>266.5</ele>
      </trkpt>
      <trkpt lat="45.349574" lon="-72.303832">
        <ele>266.5</ele>
      </trkpt>
      <trkpt lat="45.349717" lon="-72.30383">
        <ele>266.4</ele>
      </trkpt>
      <trkpt lat="45.349851" lon="-72.303816">
        <ele>266.4</ele>
      </trkpt>
      <trkpt lat="45.349988" lon="-72.303797">
        <ele>266.4</ele>
      </trkpt>
      <trkpt lat="45.350128" lon="-72.303779">
        <ele>266.4</ele>
      </trkpt>
      <trkpt lat="45.350271" lon="-72.303762">
        <ele>266.5</ele>
      </trkpt>
      <trkpt lat="45.350411" lon="-72.303738">
        <ele>266.5</ele>
      </trkpt>
      <trkpt lat="45.350563" lon="-72.303718">
        <ele>266.5</ele>
      </trkpt>
      <trkpt lat="45.350713" lon="-72.303703">
        <ele>266.5</ele>
      </trkpt>
      <trkpt lat="45.35095" lon="-72.303688">
        <ele>266.3</ele>
      </trkpt>
      <trkpt lat="45.351091" lon="-72.303686">
        <ele>266.1</ele>
      </trkpt>
      <trkpt lat="45.35124" lon="-72.303685">
        <ele>266</ele>
      </trkpt>
      <trkpt lat="45.351387" lon="-72.303672">
        <ele>265.8</ele>
      </trkpt>
      <trkpt lat="45.351543" lon="-72.303655">
        <ele>265.7</ele>
      </trkpt>
      <trkpt lat="45.351762" lon="-72.303611">
        <ele>265.6</ele>
      </trkpt>
      <trkpt lat="45.351898" lon="-72.303588">
        <ele>265.6</ele>
      </trkpt>
      <trkpt lat="45.352038" lon="-72.303578">
        <ele>265.6</ele>
      </trkpt>
      <trkpt lat="45.352188" lon="-72.303569">
        <ele>265.6</ele>
      </trkpt>
      <trkpt lat="45.352338" lon="-72.303557">
        <ele>265.6</ele>
      </trkpt>
      <trkpt lat="45.35248" lon="-72.303536">
        <ele>265.6</ele>
      </trkpt>
      <trkpt lat="45.352617" lon="-72.303518">
        <ele>265.5</ele>
      </trkpt>
      <trkpt lat="45.352771" lon="-72.303502">
        <ele>265.4</ele>
      </trkpt>
      <trkpt lat="45.3529" lon="-72.303475">
        <ele>265.3</ele>
      </trkpt>
      <trkpt lat="45.353038" lon="-72.303441">
        <ele>265.2</ele>
      </trkpt>
      <trkpt lat="45.353257" lon="-72.303415">
        <ele>265.1</ele>
      </trkpt>
      <trkpt lat="45.353411" lon="-72.303395">
        <ele>265</ele>
      </trkpt>
      <trkpt lat="45.353551" lon="-72.303387">
        <ele>264.9</ele>
      </trkpt>
      <trkpt lat="45.353698" lon="-72.303372">
        <ele>264.9</ele>
      </trkpt>
      <trkpt lat="45.353842" lon="-72.303352">
        <ele>264.9</ele>
      </trkpt>
      <trkpt lat="45.353987" lon="-72.303329">
        <ele>264.9</ele>
      </trkpt>
      <trkpt lat="45.35419" lon="-72.303302">
        <ele>264.9</ele>
      </trkpt>
      <trkpt lat="45.354329" lon="-72.303281">
        <ele>265</ele>
      </trkpt>
      <trkpt lat="45.354462" lon="-72.30327">
        <ele>265</ele>
      </trkpt>
      <trkpt lat="45.354602" lon="-72.303257">
        <ele>265</ele>
      </trkpt>
      <trkpt lat="45.354736" lon="-72.303248">
        <ele>265</ele>
      </trkpt>
      <trkpt lat="45.354876" lon="-72.303229">
        <ele>265</ele>
      </trkpt>
      <trkpt lat="45.35501" lon="-72.303208">
        <ele>265.1</ele>
      </trkpt>
      <trkpt lat="45.355148" lon="-72.303189">
        <ele>265.1</ele>
      </trkpt>
      <trkpt lat="45.35529" lon="-72.303171">
        <ele>265.1</ele>
      </trkpt>
      <trkpt lat="45.355423" lon="-72.303156">
        <ele>265.1</ele>
      </trkpt>
      <trkpt lat="45.355565" lon="-72.303142">
        <ele>265.1</ele>
      </trkpt>
      <trkpt lat="45.355768" lon="-72.303114">
        <ele>265.2</ele>
      </trkpt>
      <trkpt lat="45.355908" lon="-72.303086">
        <ele>265.2</ele>
      </trkpt>
      <trkpt lat="45.356046" lon="-72.303077">
        <ele>265.2</ele>
      </trkpt>
      <trkpt lat="45.35619" lon="-72.303059">
        <ele>265.2</ele>
      </trkpt>
      <trkpt lat="45.356327" lon="-72.30304">
        <ele>265.2</ele>
      </trkpt>
      <trkpt lat="45.356543" lon="-72.303004">
        <ele>265.3</ele>
      </trkpt>
      <trkpt lat="45.35669" lon="-72.302983">
        <ele>265.5</ele>
      </trkpt>
      <trkpt lat="45.35684" lon="-72.302961">
        <ele>265.6</ele>
      </trkpt>
      <trkpt lat="45.356995" lon="-72.302934">
        <ele>265.8</ele>
      </trkpt>
      <trkpt lat="45.357133" lon="-72.302918">
        <ele>266</ele>
      </trkpt>
      <trkpt lat="45.35728" lon="-72.302903">
        <ele>266.2</ele>
      </trkpt>
      <trkpt lat="45.35743" lon="-72.30288">
        <ele>266.4</ele>
      </trkpt>
      <trkpt lat="45.357579" lon="-72.30286">
        <ele>266.6</ele>
      </trkpt>
      <trkpt lat="45.357727" lon="-72.30284">
        <ele>266.7</ele>
      </trkpt>
      <trkpt lat="45.357875" lon="-72.302819">
        <ele>266.7</ele>
      </trkpt>
      <trkpt lat="45.358089" lon="-72.302794">
        <ele>266.8</ele>
      </trkpt>
      <trkpt lat="45.358227" lon="-72.302778">
        <ele>266.9</ele>
      </trkpt>
      <trkpt lat="45.358362" lon="-72.302757">
        <ele>267</ele>
      </trkpt>
      <trkpt lat="45.358507" lon="-72.302735">
        <ele>267.1</ele>
      </trkpt>
      <trkpt lat="45.358649" lon="-72.30271">
        <ele>267.2</ele>
      </trkpt>
      <trkpt lat="45.358785" lon="-72.302701">
        <ele>267.3</ele>
      </trkpt>
      <trkpt lat="45.358981" lon="-72.302688">
        <ele>267.5</ele>
      </trkpt>
      <trkpt lat="45.359117" lon="-72.302685">
        <ele>267.6</ele>
      </trkpt>
      <trkpt lat="45.359246" lon="-72.302687">
        <ele>267.6</ele>
      </trkpt>
      <trkpt lat="45.359372" lon="-72.302699">
        <ele>267.7</ele>
      </trkpt>
      <trkpt lat="45.359501" lon="-72.30271">
        <ele>267.7</ele>
      </trkpt>
      <trkpt lat="45.359646" lon="-72.302723">
        <ele>267.7</ele>
      </trkpt>
      <trkpt lat="45.359777" lon="-72.302742">
        <ele>267.8</ele>
      </trkpt>
      <trkpt lat="45.359909" lon="-72.30276">
        <ele>267.9</ele>
      </trkpt>
      <trkpt lat="45.360055" lon="-72.302783">
        <ele>267.9</ele>
      </trkpt>
      <trkpt lat="45.360244" lon="-72.302806">
        <ele>268.1</ele>
      </trkpt>
      <trkpt lat="45.360381" lon="-72.302834">
        <ele>268.2</ele>
      </trkpt>
      <trkpt lat="45.360516" lon="-72.302861">
        <ele>268.3</ele>
      </trkpt>
      <trkpt lat="45.360654" lon="-72.302887">
        <ele>268.3</ele>
      </trkpt>
      <trkpt lat="45.360866" lon="-72.302928">
        <ele>268.4</ele>
      </trkpt>
      <trkpt lat="45.361016" lon="-72.302956">
        <ele>268.4</ele>
      </trkpt>
      <trkpt lat="45.361151" lon="-72.302985">
        <ele>268.4</ele>
      </trkpt>
      <trkpt lat="45.361281" lon="-72.303013">
        <ele>268.3</ele>
      </trkpt>
      <trkpt lat="45.361417" lon="-72.303043">
        <ele>268.3</ele>
      </trkpt>
      <trkpt lat="45.361558" lon="-72.30308">
        <ele>268.2</ele>
      </trkpt>
      <trkpt lat="45.361691" lon="-72.303118">
        <ele>268.2</ele>
      </trkpt>
      <trkpt lat="45.361828" lon="-72.303153">
        <ele>268.2</ele>
      </trkpt>
      <trkpt lat="45.361965" lon="-72.303187">
        <ele>268.1</ele>
      </trkpt>
      <trkpt lat="45.36217" lon="-72.303245">
        <ele>268.1</ele>
      </trkpt>
      <trkpt lat="45.362303" lon="-72.303291">
        <ele>268</ele>
      </trkpt>
      <trkpt lat="45.362425" lon="-72.303317">
        <ele>268</ele>
      </trkpt>
      <trkpt lat="45.362561" lon="-72.303352">
        <ele>268</ele>
      </trkpt>
      <trkpt lat="45.362766" lon="-72.303404">
        <ele>268</ele>
      </trkpt>
      <trkpt lat="45.362915" lon="-72.303445">
        <ele>267.9</ele>
      </trkpt>
      <trkpt lat="45.363047" lon="-72.303467">
        <ele>267.9</ele>
      </trkpt>
      <trkpt lat="45.363255" lon="-72.30351">
        <ele>267.9</ele>
      </trkpt>
      <trkpt lat="45.363397" lon="-72.303516">
        <ele>267.9</ele>
      </trkpt>
      <trkpt lat="45.363529" lon="-72.303504">
        <ele>267.9</ele>
      </trkpt>
      <trkpt lat="45.363656" lon="-72.303494">
        <ele>267.9</ele>
      </trkpt>
      <trkpt lat="45.363783" lon="-72.303496">
        <ele>267.9</ele>
      </trkpt>
      <trkpt lat="45.363914" lon="-72.303481">
        <ele>267.9</ele>
      </trkpt>
      <trkpt lat="45.364047" lon="-72.30345">
        <ele>268</ele>
      </trkpt>
      <trkpt lat="45.364177" lon="-72.30342">
        <ele>268</ele>
      </trkpt>
      <trkpt lat="45.364316" lon="-72.303371">
        <ele>268.2</ele>
      </trkpt>
      <trkpt lat="45.364456" lon="-72.303336">
        <ele>268.3</ele>
      </trkpt>
      <trkpt lat="45.364665" lon="-72.303273">
        <ele>268.5</ele>
      </trkpt>
      <trkpt lat="45.3648" lon="-72.303233">
        <ele>268.7</ele>
      </trkpt>
      <trkpt lat="45.364944" lon="-72.303189">
        <ele>268.8</ele>
      </trkpt>
      <trkpt lat="45.36507" lon="-72.303154">
        <ele>268.8</ele>
      </trkpt>
      <trkpt lat="45.365276" lon="-72.303091">
        <ele>268.9</ele>
      </trkpt>
      <trkpt lat="45.365401" lon="-72.303049">
        <ele>268.9</ele>
      </trkpt>
      <trkpt lat="45.365534" lon="-72.303005">
        <ele>268.9</ele>
      </trkpt>
      <trkpt lat="45.365665" lon="-72.302961">
        <ele>268.9</ele>
      </trkpt>
      <trkpt lat="45.365858" lon="-72.302893">
        <ele>268.9</ele>
      </trkpt>
      <trkpt lat="45.365994" lon="-72.302851">
        <ele>269</ele>
      </trkpt>
      <trkpt lat="45.366131" lon="-72.302802">
        <ele>269.1</ele>
      </trkpt>
      <trkpt lat="45.366258" lon="-72.302752">
        <ele>269.3</ele>
      </trkpt>
      <trkpt lat="45.36639" lon="-72.302711">
        <ele>269.4</ele>
      </trkpt>
      <trkpt lat="45.366512" lon="-72.302674">
        <ele>269.5</ele>
      </trkpt>
      <trkpt lat="45.366637" lon="-72.302626">
        <ele>269.6</ele>
      </trkpt>
      <trkpt lat="45.366769" lon="-72.302585">
        <ele>269.7</ele>
      </trkpt>
      <trkpt lat="45.36689" lon="-72.302562">
        <ele>269.8</ele>
      </trkpt>
      <trkpt lat="45.367007" lon="-72.302533">
        <ele>269.8</ele>
      </trkpt>
      <trkpt lat="45.367191" lon="-72.30246">
        <ele>269.8</ele>
      </trkpt>
      <trkpt lat="45.367323" lon="-72.302421">
        <ele>269.9</ele>
      </trkpt>
      <trkpt lat="45.367454" lon="-72.30238">
        <ele>269.9</ele>
      </trkpt>
      <trkpt lat="45.367577" lon="-72.302324">
        <ele>270</ele>
      </trkpt>
      <trkpt lat="45.367703" lon="-72.302276">
        <ele>270.1</ele>
      </trkpt>
      <trkpt lat="45.367828" lon="-72.302236">
        <ele>270.3</ele>
      </trkpt>
      <trkpt lat="45.367957" lon="-72.302189">
        <ele>270.4</ele>
      </trkpt>
      <trkpt lat="45.368091" lon="-72.302141">
        <ele>270.6</ele>
      </trkpt>
      <trkpt lat="45.368218" lon="-72.302094">
        <ele>270.8</ele>
      </trkpt>
      <trkpt lat="45.368337" lon="-72.302058">
        <ele>270.9</ele>
      </trkpt>
      <trkpt lat="45.368445" lon="-72.302031">
        <ele>271.1</ele>
      </trkpt>
      <trkpt lat="45.36854" lon="-72.302007">
        <ele>271.2</ele>
      </trkpt>
      <trkpt lat="45.368607" lon="-72.301998">
        <ele>271.3</ele>
      </trkpt>
      <trkpt lat="45.368686" lon="-72.301984">
        <ele>271.4</ele>
      </trkpt>
      <trkpt lat="45.368735" lon="-72.30196">
        <ele>271.5</ele>
      </trkpt>
      <trkpt lat="45.3688" lon="-72.30195">
        <ele>271.5</ele>
      </trkpt>
      <trkpt lat="45.368866" lon="-72.301913">
        <ele>271.6</ele>
      </trkpt>
      <trkpt lat="45.368918" lon="-72.301884">
        <ele>271.6</ele>
      </trkpt>
      <trkpt lat="45.368996" lon="-72.301878">
        <ele>271.7</ele>
      </trkpt>
      <trkpt lat="45.369022" lon="-72.301868">
        <ele>271.7</ele>
      </trkpt>
      <trkpt lat="45.369041" lon="-72.301828">
        <ele>271.7</ele>
      </trkpt>
      <trkpt lat="45.369097" lon="-72.301855">
        <ele>271.8</ele>
      </trkpt>
      <trkpt lat="45.369076" lon="-72.301841">
        <ele>271.8</ele>
      </trkpt>
      <trkpt lat="45.369039" lon="-72.301853">
        <ele>271.7</ele>
      </trkpt>
      <trkpt lat="45.369028" lon="-72.301855">
        <ele>271.7</ele>
      </trkpt>
      <trkpt lat="45.369167" lon="-72.301777">
        <ele>271.8</ele>
      </trkpt>
      <trkpt lat="45.369238" lon="-72.301755">
        <ele>271.8</ele>
      </trkpt>
      <trkpt lat="45.369376" lon="-72.301701">
        <ele>271.9</ele>
      </trkpt>
      <trkpt lat="45.369486" lon="-72.30166">
        <ele>271.9</ele>
      </trkpt>
      <trkpt lat="45.369597" lon="-72.301617">
        <ele>272</ele>
      </trkpt>
      <trkpt lat="45.36977" lon="-72.301574">
        <ele>272.1</ele>
      </trkpt>
      <trkpt lat="45.369884" lon="-72.301552">
        <ele>272.1</ele>
      </trkpt>
      <trkpt lat="45.370004" lon="-72.30152">
        <ele>272.2</ele>
      </trkpt>
      <trkpt lat="45.370125" lon="-72.301488">
        <ele>272.3</ele>
      </trkpt>
      <trkpt lat="45.370241" lon="-72.301454">
        <ele>272.4</ele>
      </trkpt>
      <trkpt lat="45.370355" lon="-72.301406">
        <ele>272.6</ele>
      </trkpt>
      <trkpt lat="45.370482" lon="-72.301364">
        <ele>272.7</ele>
      </trkpt>
      <trkpt lat="45.370611" lon="-72.301327">
        <ele>272.7</ele>
      </trkpt>
      <trkpt lat="45.370739" lon="-72.301288">
        <ele>272.8</ele>
      </trkpt>
      <trkpt lat="45.370936" lon="-72.30121">
        <ele>272.8</ele>
      </trkpt>
      <trkpt lat="45.371063" lon="-72.301179">
        <ele>272.8</ele>
      </trkpt>
      <trkpt lat="45.371203" lon="-72.30115">
        <ele>272.8</ele>
      </trkpt>
      <trkpt lat="45.37138" lon="-72.301135">
        <ele>272.9</ele>
      </trkpt>
      <trkpt lat="45.371516" lon="-72.301116">
        <ele>272.9</ele>
      </trkpt>
      <trkpt lat="45.371648" lon="-72.301104">
        <ele>273</ele>
      </trkpt>
      <trkpt lat="45.371769" lon="-72.301103">
        <ele>273.1</ele>
      </trkpt>
      <trkpt lat="45.37195" lon="-72.301088">
        <ele>273.3</ele>
      </trkpt>
      <trkpt lat="45.372081" lon="-72.301081">
        <ele>273.4</ele>
      </trkpt>
      <trkpt lat="45.372212" lon="-72.301081">
        <ele>273.5</ele>
      </trkpt>
      <trkpt lat="45.372356" lon="-72.301096">
        <ele>273.7</ele>
      </trkpt>
      <trkpt lat="45.372499" lon="-72.301105">
        <ele>273.9</ele>
      </trkpt>
      <trkpt lat="45.372634" lon="-72.301119">
        <ele>273.9</ele>
      </trkpt>
      <trkpt lat="45.372779" lon="-72.301131">
        <ele>273.9</ele>
      </trkpt>
      <trkpt lat="45.37298" lon="-72.301143">
        <ele>273.9</ele>
      </trkpt>
      <trkpt lat="45.373122" lon="-72.301138">
        <ele>273.9</ele>
      </trkpt>
      <trkpt lat="45.37326" lon="-72.301131">
        <ele>273.9</ele>
      </trkpt>
      <trkpt lat="45.373397" lon="-72.301129">
        <ele>273.9</ele>
      </trkpt>
      <trkpt lat="45.373528" lon="-72.301131">
        <ele>273.9</ele>
      </trkpt>
      <trkpt lat="45.373736" lon="-72.301137">
        <ele>273.9</ele>
      </trkpt>
      <trkpt lat="45.373875" lon="-72.301152">
        <ele>273.9</ele>
      </trkpt>
      <trkpt lat="45.374017" lon="-72.301158">
        <ele>273.9</ele>
      </trkpt>
      <trkpt lat="45.374157" lon="-72.301136">
        <ele>273.9</ele>
      </trkpt>
      <trkpt lat="45.374356" lon="-72.301114">
        <ele>273.9</ele>
      </trkpt>
      <trkpt lat="45.374494" lon="-72.301108">
        <ele>273.9</ele>
      </trkpt>
      <trkpt lat="45.374629" lon="-72.301119">
        <ele>273.9</ele>
      </trkpt>
      <trkpt lat="45.374763" lon="-72.30113">
        <ele>273.9</ele>
      </trkpt>
      <trkpt lat="45.374888" lon="-72.30113">
        <ele>273.9</ele>
      </trkpt>
      <trkpt lat="45.375009" lon="-72.301122">
        <ele>273.9</ele>
      </trkpt>
      <trkpt lat="45.375132" lon="-72.301118">
        <ele>273.9</ele>
      </trkpt>
      <trkpt lat="45.375252" lon="-72.301117">
        <ele>273.9</ele>
      </trkpt>
      <trkpt lat="45.375386" lon="-72.301118">
        <ele>273.9</ele>
      </trkpt>
      <trkpt lat="45.375574" lon="-72.301093">
        <ele>273.9</ele>
      </trkpt>
      <trkpt lat="45.375696" lon="-72.30109">
        <ele>273.9</ele>
      </trkpt>
      <trkpt lat="45.375816" lon="-72.301101">
        <ele>273.9</ele>
      </trkpt>
      <trkpt lat="45.375941" lon="-72.301104">
        <ele>273.9</ele>
      </trkpt>
      <trkpt lat="45.376065" lon="-72.301111">
        <ele>273.9</ele>
      </trkpt>
      <trkpt lat="45.376191" lon="-72.301122">
        <ele>273.9</ele>
      </trkpt>
      <trkpt lat="45.376361" lon="-72.301145">
        <ele>273.9</ele>
      </trkpt>
      <trkpt lat="45.376451" lon="-72.30116">
        <ele>273.9</ele>
      </trkpt>
      <trkpt lat="45.376507" lon="-72.301187">
        <ele>273.9</ele>
      </trkpt>
      <trkpt lat="45.376597" lon="-72.301217">
        <ele>273.9</ele>
      </trkpt>
      <trkpt lat="45.376661" lon="-72.301229">
        <ele>273.9</ele>
      </trkpt>
      <trkpt lat="45.376714" lon="-72.301251">
        <ele>273.9</ele>
      </trkpt>
      <trkpt lat="45.376749" lon="-72.301284">
        <ele>273.9</ele>
      </trkpt>
      <trkpt lat="45.376752" lon="-72.301303">
        <ele>273.9</ele>
      </trkpt>
      <trkpt lat="45.376753" lon="-72.3013">
        <ele>273.9</ele>
      </trkpt>
      <trkpt lat="45.37676" lon="-72.3013">
        <ele>273.9</ele>
      </trkpt>
      <trkpt lat="45.376771" lon="-72.3013">
        <ele>273.9</ele>
      </trkpt>
      <trkpt lat="45.376783" lon="-72.301299">
        <ele>273.9</ele>
      </trkpt>
      <trkpt lat="45.376791" lon="-72.301299">
        <ele>273.9</ele>
      </trkpt>
      <trkpt lat="45.376807" lon="-72.301293">
        <ele>273.9</ele>
      </trkpt>
      <trkpt lat="45.376817" lon="-72.301294">
        <ele>273.9</ele>
      </trkpt>
      <trkpt lat="45.376835" lon="-72.301317">
        <ele>273.9</ele>
      </trkpt>
      <trkpt lat="45.376886" lon="-72.301336">
        <ele>273.9</ele>
      </trkpt>
      <trkpt lat="45.376925" lon="-72.301337">
        <ele>273.9</ele>
      </trkpt>
      <trkpt lat="45.377017" lon="-72.301351">
        <ele>273.9</ele>
      </trkpt>
      <trkpt lat="45.377116" lon="-72.301407">
        <ele>273.9</ele>
      </trkpt>
      <trkpt lat="45.377232" lon="-72.301505">
        <ele>273.9</ele>
      </trkpt>
      <trkpt lat="45.37733" lon="-72.301585">
        <ele>273.9</ele>
      </trkpt>
      <trkpt lat="45.377427" lon="-72.301683">
        <ele>273.9</ele>
      </trkpt>
      <trkpt lat="45.37753" lon="-72.301781">
        <ele>273.9</ele>
      </trkpt>
      <trkpt lat="45.377631" lon="-72.301886">
        <ele>273.9</ele>
      </trkpt>
      <trkpt lat="45.377727" lon="-72.302009">
        <ele>273.9</ele>
      </trkpt>
      <trkpt lat="45.37782" lon="-72.30215">
        <ele>273.9</ele>
      </trkpt>
      <trkpt lat="45.377909" lon="-72.302285">
        <ele>273.9</ele>
      </trkpt>
      <trkpt lat="45.377992" lon="-72.302423">
        <ele>273.9</ele>
      </trkpt>
      <trkpt lat="45.378072" lon="-72.302562">
        <ele>273.9</ele>
      </trkpt>
      <trkpt lat="45.378147" lon="-72.302693">
        <ele>273.9</ele>
      </trkpt>
      <trkpt lat="45.378215" lon="-72.302852">
        <ele>273.9</ele>
      </trkpt>
      <trkpt lat="45.37831" lon="-72.303109">
        <ele>273.9</ele>
      </trkpt>
      <trkpt lat="45.378374" lon="-72.303264">
        <ele>273.9</ele>
      </trkpt>
      <trkpt lat="45.378433" lon="-72.303423">
        <ele>273.9</ele>
      </trkpt>
      <trkpt lat="45.378488" lon="-72.303596">
        <ele>273.9</ele>
      </trkpt>
      <trkpt lat="45.378538" lon="-72.303766">
        <ele>273.9</ele>
      </trkpt>
      <trkpt lat="45.378599" lon="-72.303923">
        <ele>273.9</ele>
      </trkpt>
      <trkpt lat="45.37869" lon="-72.304153">
        <ele>273.9</ele>
      </trkpt>
      <trkpt lat="45.378745" lon="-72.304303">
        <ele>273.9</ele>
      </trkpt>
      <trkpt lat="45.378811" lon="-72.304452">
        <ele>273.9</ele>
      </trkpt>
      <trkpt lat="45.378885" lon="-72.304614">
        <ele>273.9</ele>
      </trkpt>
      <trkpt lat="45.37897" lon="-72.304762">
        <ele>273.9</ele>
      </trkpt>
      <trkpt lat="45.379057" lon="-72.304898">
        <ele>273.9</ele>
      </trkpt>
      <trkpt lat="45.379147" lon="-72.305029">
        <ele>273.9</ele>
      </trkpt>
      <trkpt lat="45.379244" lon="-72.305142">
        <ele>273.9</ele>
      </trkpt>
      <trkpt lat="45.379354" lon="-72.305254">
        <ele>273.9</ele>
      </trkpt>
      <trkpt lat="45.37946" lon="-72.305362">
        <ele>273.9</ele>
      </trkpt>
      <trkpt lat="45.379597" lon="-72.305511">
        <ele>273.9</ele>
      </trkpt>
      <trkpt lat="45.379682" lon="-72.305584">
        <ele>273.9</ele>
      </trkpt>
      <trkpt lat="45.379734" lon="-72.305625">
        <ele>273.9</ele>
      </trkpt>
      <trkpt lat="45.379787" lon="-72.305679">
        <ele>273.9</ele>
      </trkpt>
      <trkpt lat="45.379825" lon="-72.305717">
        <ele>273.9</ele>
      </trkpt>
      <trkpt lat="45.379835" lon="-72.305755">
        <ele>273.9</ele>
      </trkpt>
      <trkpt lat="45.379877" lon="-72.305772">
        <ele>273.9</ele>
      </trkpt>
      <trkpt lat="45.379946" lon="-72.305803">
        <ele>273.8</ele>
      </trkpt>
      <trkpt lat="45.380007" lon="-72.305832">
        <ele>273.7</ele>
      </trkpt>
      <trkpt lat="45.380052" lon="-72.305855">
        <ele>273.7</ele>
      </trkpt>
      <trkpt lat="45.380075" lon="-72.305862">
        <ele>273.6</ele>
      </trkpt>
      <trkpt lat="45.380145" lon="-72.305878">
        <ele>273.6</ele>
      </trkpt>
      <trkpt lat="45.380196" lon="-72.305891">
        <ele>273.5</ele>
      </trkpt>
      <trkpt lat="45.380272" lon="-72.305913">
        <ele>273.5</ele>
      </trkpt>
      <trkpt lat="45.380335" lon="-72.305932">
        <ele>273.4</ele>
      </trkpt>
      <trkpt lat="45.380399" lon="-72.305961">
        <ele>273.3</ele>
      </trkpt>
      <trkpt lat="45.380459" lon="-72.305983">
        <ele>273.3</ele>
      </trkpt>
      <trkpt lat="45.380509" lon="-72.306002">
        <ele>273.2</ele>
      </trkpt>
      <trkpt lat="45.38058" lon="-72.306011">
        <ele>273.1</ele>
      </trkpt>
      <trkpt lat="45.380642" lon="-72.306008">
        <ele>273.1</ele>
      </trkpt>
      <trkpt lat="45.380708" lon="-72.306014">
        <ele>273</ele>
      </trkpt>
      <trkpt lat="45.380757" lon="-72.306016">
        <ele>273</ele>
      </trkpt>
      <trkpt lat="45.380788" lon="-72.306017">
        <ele>273</ele>
      </trkpt>
      <trkpt lat="45.380829" lon="-72.306025">
        <ele>272.9</ele>
      </trkpt>
      <trkpt lat="45.380916" lon="-72.306023">
        <ele>272.9</ele>
      </trkpt>
      <trkpt lat="45.380969" lon="-72.306018">
        <ele>272.9</ele>
      </trkpt>
      <trkpt lat="45.381026" lon="-72.306009">
        <ele>272.8</ele>
      </trkpt>
      <trkpt lat="45.381088" lon="-72.305999">
        <ele>272.8</ele>
      </trkpt>
      <trkpt lat="45.381145" lon="-72.305986">
        <ele>272.8</ele>
      </trkpt>
      <trkpt lat="45.381228" lon="-72.305977">
        <ele>272.8</ele>
      </trkpt>
      <trkpt lat="45.381298" lon="-72.30596">
        <ele>272.8</ele>
      </trkpt>
      <trkpt lat="45.381406" lon="-72.305919">
        <ele>272.7</ele>
      </trkpt>
      <trkpt lat="45.381466" lon="-72.305895">
        <ele>272.7</ele>
      </trkpt>
      <trkpt lat="45.381573" lon="-72.30584">
        <ele>272.7</ele>
      </trkpt>
      <trkpt lat="45.381633" lon="-72.305813">
        <ele>272.6</ele>
      </trkpt>
      <trkpt lat="45.381696" lon="-72.305789">
        <ele>272.6</ele>
      </trkpt>
      <trkpt lat="45.381779" lon="-72.305778">
        <ele>272.5</ele>
      </trkpt>
      <trkpt lat="45.3819" lon="-72.305742">
        <ele>272.3</ele>
      </trkpt>
      <trkpt lat="45.382006" lon="-72.305704">
        <ele>272.1</ele>
      </trkpt>
      <trkpt lat="45.382169" lon="-72.305641">
        <ele>271.8</ele>
      </trkpt>
      <trkpt lat="45.382276" lon="-72.305587">
        <ele>271.6</ele>
      </trkpt>
      <trkpt lat="45.38239" lon="-72.305531">
        <ele>271.4</ele>
      </trkpt>
      <trkpt lat="45.382509" lon="-72.305482">
        <ele>271.1</ele>
      </trkpt>
      <trkpt lat="45.382622" lon="-72.305432">
        <ele>270.9</ele>
      </trkpt>
      <trkpt lat="45.38273" lon="-72.305386">
        <ele>270.7</ele>
      </trkpt>
      <trkpt lat="45.382847" lon="-72.305346">
        <ele>270.5</ele>
      </trkpt>
      <trkpt lat="45.382965" lon="-72.305315">
        <ele>270.2</ele>
      </trkpt>
      <trkpt lat="45.383095" lon="-72.305293">
        <ele>270</ele>
      </trkpt>
      <trkpt lat="45.383286" lon="-72.305268">
        <ele>269.6</ele>
      </trkpt>
      <trkpt lat="45.383414" lon="-72.305273">
        <ele>269.4</ele>
      </trkpt>
      <trkpt lat="45.383531" lon="-72.305278">
        <ele>269.2</ele>
      </trkpt>
      <trkpt lat="45.383658" lon="-72.305294">
        <ele>269</ele>
      </trkpt>
      <trkpt lat="45.383785" lon="-72.305325">
        <ele>268.7</ele>
      </trkpt>
      <trkpt lat="45.383913" lon="-72.305373">
        <ele>268.4</ele>
      </trkpt>
      <trkpt lat="45.384036" lon="-72.305421">
        <ele>268</ele>
      </trkpt>
      <trkpt lat="45.384218" lon="-72.305511">
        <ele>267.4</ele>
      </trkpt>
      <trkpt lat="45.384338" lon="-72.305576">
        <ele>267</ele>
      </trkpt>
      <trkpt lat="45.384454" lon="-72.305647">
        <ele>266.6</ele>
      </trkpt>
      <trkpt lat="45.384568" lon="-72.305721">
        <ele>266.1</ele>
      </trkpt>
      <trkpt lat="45.384679" lon="-72.305796">
        <ele>265.7</ele>
      </trkpt>
      <trkpt lat="45.384793" lon="-72.305882">
        <ele>265.1</ele>
      </trkpt>
      <trkpt lat="45.384901" lon="-72.305978">
        <ele>264.6</ele>
      </trkpt>
      <trkpt lat="45.385002" lon="-72.306079">
        <ele>263.9</ele>
      </trkpt>
      <trkpt lat="45.385166" lon="-72.306212">
        <ele>262.9</ele>
      </trkpt>
      <trkpt lat="45.385277" lon="-72.306294">
        <ele>262.2</ele>
      </trkpt>
      <trkpt lat="45.385382" lon="-72.306385">
        <ele>261.5</ele>
      </trkpt>
      <trkpt lat="45.385494" lon="-72.306484">
        <ele>260.7</ele>
      </trkpt>
      <trkpt lat="45.385599" lon="-72.306573">
        <ele>260</ele>
      </trkpt>
      <trkpt lat="45.385762" lon="-72.306722">
        <ele>259</ele>
      </trkpt>
      <trkpt lat="45.385869" lon="-72.306823">
        <ele>258.4</ele>
      </trkpt>
      <trkpt lat="45.385989" lon="-72.306928">
        <ele>257.8</ele>
      </trkpt>
      <trkpt lat="45.386111" lon="-72.307036">
        <ele>257.2</ele>
      </trkpt>
      <trkpt lat="45.38623" lon="-72.307145">
        <ele>256.7</ele>
      </trkpt>
      <trkpt lat="45.386344" lon="-72.307259">
        <ele>256.2</ele>
      </trkpt>
      <trkpt lat="45.386463" lon="-72.307391">
        <ele>255.6</ele>
      </trkpt>
      <trkpt lat="45.386574" lon="-72.307526">
        <ele>255</ele>
      </trkpt>
      <trkpt lat="45.386677" lon="-72.307676">
        <ele>254.3</ele>
      </trkpt>
      <trkpt lat="45.386771" lon="-72.307819">
        <ele>253.6</ele>
      </trkpt>
      <trkpt lat="45.386861" lon="-72.307967">
        <ele>252.8</ele>
      </trkpt>
      <trkpt lat="45.386948" lon="-72.308109">
        <ele>252</ele>
      </trkpt>
      <trkpt lat="45.387046" lon="-72.308238">
        <ele>251.3</ele>
      </trkpt>
      <trkpt lat="45.387176" lon="-72.308461">
        <ele>249.8</ele>
      </trkpt>
      <trkpt lat="45.38725" lon="-72.308653">
        <ele>248.5</ele>
      </trkpt>
      <trkpt lat="45.387323" lon="-72.30886">
        <ele>247.1</ele>
      </trkpt>
      <trkpt lat="45.387384" lon="-72.309041">
        <ele>246</ele>
      </trkpt>
      <trkpt lat="45.387436" lon="-72.309231">
        <ele>245</ele>
      </trkpt>
      <trkpt lat="45.387506" lon="-72.309526">
        <ele>243.9</ele>
      </trkpt>
      <trkpt lat="45.387552" lon="-72.309736">
        <ele>243.4</ele>
      </trkpt>
      <trkpt lat="45.387594" lon="-72.30994">
        <ele>243</ele>
      </trkpt>
      <trkpt lat="45.387626" lon="-72.310163">
        <ele>242.8</ele>
      </trkpt>
      <trkpt lat="45.387651" lon="-72.310379">
        <ele>242.7</ele>
      </trkpt>
      <trkpt lat="45.387673" lon="-72.310584">
        <ele>242.7</ele>
      </trkpt>
      <trkpt lat="45.38769" lon="-72.310788">
        <ele>242.7</ele>
      </trkpt>
      <trkpt lat="45.387703" lon="-72.311">
        <ele>242.9</ele>
      </trkpt>
      <trkpt lat="45.387704" lon="-72.311307">
        <ele>242.9</ele>
      </trkpt>
      <trkpt lat="45.387703" lon="-72.311513">
        <ele>242.9</ele>
      </trkpt>
      <trkpt lat="45.387712" lon="-72.311709">
        <ele>242.9</ele>
      </trkpt>
      <trkpt lat="45.387715" lon="-72.311911">
        <ele>242.9</ele>
      </trkpt>
      <trkpt lat="45.387712" lon="-72.312118">
        <ele>242.9</ele>
      </trkpt>
      <trkpt lat="45.387703" lon="-72.312308">
        <ele>242.9</ele>
      </trkpt>
      <trkpt lat="45.387693" lon="-72.312505">
        <ele>242.9</ele>
      </trkpt>
      <trkpt lat="45.387684" lon="-72.312712">
        <ele>242.9</ele>
      </trkpt>
      <trkpt lat="45.387684" lon="-72.312912">
        <ele>242.9</ele>
      </trkpt>
      <trkpt lat="45.387692" lon="-72.313029">
        <ele>242.9</ele>
      </trkpt>
      <trkpt lat="45.387694" lon="-72.313031">
        <ele>242.9</ele>
      </trkpt>
      <trkpt lat="45.387697" lon="-72.313021">
        <ele>242.9</ele>
      </trkpt>
      <trkpt lat="45.387696" lon="-72.313018">
        <ele>242.9</ele>
      </trkpt>
      <trkpt lat="45.387665" lon="-72.313036">
        <ele>242.9</ele>
      </trkpt>
      <trkpt lat="45.387663" lon="-72.313028">
        <ele>242.9</ele>
      </trkpt>
      <trkpt lat="45.387662" lon="-72.313041">
        <ele>242.9</ele>
      </trkpt>
      <trkpt lat="45.387649" lon="-72.313145">
        <ele>242.9</ele>
      </trkpt>
      <trkpt lat="45.387648" lon="-72.313203">
        <ele>242.9</ele>
      </trkpt>
      <trkpt lat="45.387644" lon="-72.313286">
        <ele>242.9</ele>
      </trkpt>
      <trkpt lat="45.387642" lon="-72.313458">
        <ele>242.9</ele>
      </trkpt>
      <trkpt lat="45.387638" lon="-72.313529">
        <ele>242.9</ele>
      </trkpt>
      <trkpt lat="45.387633" lon="-72.313687">
        <ele>242.9</ele>
      </trkpt>
      <trkpt lat="45.387629" lon="-72.313843">
        <ele>242.9</ele>
      </trkpt>
      <trkpt lat="45.387629" lon="-72.31399">
        <ele>242.9</ele>
      </trkpt>
      <trkpt lat="45.387628" lon="-72.314155">
        <ele>242.9</ele>
      </trkpt>
      <trkpt lat="45.38762" lon="-72.314332">
        <ele>242.9</ele>
      </trkpt>
      <trkpt lat="45.387619" lon="-72.314497">
        <ele>242.9</ele>
      </trkpt>
      <trkpt lat="45.387623" lon="-72.314662">
        <ele>242.9</ele>
      </trkpt>
      <trkpt lat="45.387634" lon="-72.314833">
        <ele>242.9</ele>
      </trkpt>
      <trkpt lat="45.387643" lon="-72.315004">
        <ele>242.9</ele>
      </trkpt>
      <trkpt lat="45.387665" lon="-72.315253">
        <ele>242.9</ele>
      </trkpt>
      <trkpt lat="45.387689" lon="-72.31538">
        <ele>242.9</ele>
      </trkpt>
      <trkpt lat="45.387741" lon="-72.31551">
        <ele>242.9</ele>
      </trkpt>
      <trkpt lat="45.387838" lon="-72.315599">
        <ele>242.9</ele>
      </trkpt>
      <trkpt lat="45.38795" lon="-72.315643">
        <ele>242.9</ele>
      </trkpt>
      <trkpt lat="45.388052" lon="-72.315635">
        <ele>242.9</ele>
      </trkpt>
      <trkpt lat="45.388154" lon="-72.315618">
        <ele>242.9</ele>
      </trkpt>
      <trkpt lat="45.388255" lon="-72.315602">
        <ele>242.9</ele>
      </trkpt>
      <trkpt lat="45.388331" lon="-72.315588">
        <ele>242.9</ele>
      </trkpt>
      <trkpt lat="45.388416" lon="-72.315573">
        <ele>242.9</ele>
      </trkpt>
      <trkpt lat="45.388515" lon="-72.315561">
        <ele>242.9</ele>
      </trkpt>
      <trkpt lat="45.388611" lon="-72.315559">
        <ele>242.9</ele>
      </trkpt>
      <trkpt lat="45.388688" lon="-72.315604">
        <ele>242.9</ele>
      </trkpt>
      <trkpt lat="45.388783" lon="-72.315563">
        <ele>242.9</ele>
      </trkpt>
      <trkpt lat="45.388873" lon="-72.315531">
        <ele>242.9</ele>
      </trkpt>
      <trkpt lat="45.388912" lon="-72.315522">
        <ele>242.9</ele>
      </trkpt>
      <trkpt lat="45.389054" lon="-72.315496">
        <ele>242.9</ele>
      </trkpt>
      <trkpt lat="45.389171" lon="-72.315485">
        <ele>242.9</ele>
      </trkpt>
      <trkpt lat="45.389275" lon="-72.315465">
        <ele>242.9</ele>
      </trkpt>
      <trkpt lat="45.389366" lon="-72.315446">
        <ele>243</ele>
      </trkpt>
      <trkpt lat="45.389493" lon="-72.315427">
        <ele>243.1</ele>
      </trkpt>
      <trkpt lat="45.3896" lon="-72.315405">
        <ele>243.1</ele>
      </trkpt>
      <trkpt lat="45.38971" lon="-72.315384">
        <ele>243.2</ele>
      </trkpt>
      <trkpt lat="45.38981" lon="-72.315367">
        <ele>243.4</ele>
      </trkpt>
      <trkpt lat="45.389908" lon="-72.315361">
        <ele>243.5</ele>
      </trkpt>
      <trkpt lat="45.389993" lon="-72.315385">
        <ele>243.6</ele>
      </trkpt>
      <trkpt lat="45.390073" lon="-72.315584">
        <ele>243.5</ele>
      </trkpt>
      <trkpt lat="45.390085" lon="-72.315745">
        <ele>243.4</ele>
      </trkpt>
      <trkpt lat="45.390086" lon="-72.315903">
        <ele>243.3</ele>
      </trkpt>
      <trkpt lat="45.390087" lon="-72.316063">
        <ele>243.2</ele>
      </trkpt>
      <trkpt lat="45.390097" lon="-72.316221">
        <ele>243.2</ele>
      </trkpt>
      <trkpt lat="45.390109" lon="-72.316381">
        <ele>243.2</ele>
      </trkpt>
      <trkpt lat="45.390114" lon="-72.316551">
        <ele>243.2</ele>
      </trkpt>
      <trkpt lat="45.390111" lon="-72.316727">
        <ele>243.2</ele>
      </trkpt>
      <trkpt lat="45.39011" lon="-72.316903">
        <ele>243.2</ele>
      </trkpt>
      <trkpt lat="45.390121" lon="-72.317152">
        <ele>243.1</ele>
      </trkpt>
      <trkpt lat="45.390121" lon="-72.317331">
        <ele>243</ele>
      </trkpt>
      <trkpt lat="45.390123" lon="-72.317511">
        <ele>243</ele>
      </trkpt>
      <trkpt lat="45.390132" lon="-72.317672">
        <ele>243</ele>
      </trkpt>
      <trkpt lat="45.390132" lon="-72.317862">
        <ele>243</ele>
      </trkpt>
      <trkpt lat="45.390117" lon="-72.318159">
        <ele>242.9</ele>
      </trkpt>
      <trkpt lat="45.390109" lon="-72.318357">
        <ele>243</ele>
      </trkpt>
      <trkpt lat="45.390101" lon="-72.318554">
        <ele>243</ele>
      </trkpt>
      <trkpt lat="45.390095" lon="-72.318835">
        <ele>243</ele>
      </trkpt>
      <trkpt lat="45.3901" lon="-72.31903">
        <ele>243</ele>
      </trkpt>
      <trkpt lat="45.390097" lon="-72.319229">
        <ele>243</ele>
      </trkpt>
      <trkpt lat="45.390091" lon="-72.319414">
        <ele>242.9</ele>
      </trkpt>
      <trkpt lat="45.390092" lon="-72.319613">
        <ele>242.9</ele>
      </trkpt>
      <trkpt lat="45.390099" lon="-72.319815">
        <ele>242.9</ele>
      </trkpt>
      <trkpt lat="45.390105" lon="-72.320034">
        <ele>242.9</ele>
      </trkpt>
      <trkpt lat="45.390109" lon="-72.320246">
        <ele>242.9</ele>
      </trkpt>
      <trkpt lat="45.390118" lon="-72.320458">
        <ele>242.9</ele>
      </trkpt>
      <trkpt lat="45.390124" lon="-72.320659">
        <ele>242.9</ele>
      </trkpt>
      <trkpt lat="45.390128" lon="-72.320839">
        <ele>242.9</ele>
      </trkpt>
      <trkpt lat="45.390115" lon="-72.32101">
        <ele>242.9</ele>
      </trkpt>
      <trkpt lat="45.390099" lon="-72.321232">
        <ele>242.9</ele>
      </trkpt>
      <trkpt lat="45.390107" lon="-72.321341">
        <ele>242.9</ele>
      </trkpt>
      <trkpt lat="45.390119" lon="-72.321479">
        <ele>242.9</ele>
      </trkpt>
      <trkpt lat="45.390133" lon="-72.321654">
        <ele>242.9</ele>
      </trkpt>
      <trkpt lat="45.390146" lon="-72.321655">
        <ele>242.9</ele>
      </trkpt>
      <trkpt lat="45.390157" lon="-72.321738">
        <ele>242.9</ele>
      </trkpt>
      <trkpt lat="45.390146" lon="-72.321968">
        <ele>242.9</ele>
      </trkpt>
      <trkpt lat="45.390138" lon="-72.322118">
        <ele>242.9</ele>
      </trkpt>
      <trkpt lat="45.390136" lon="-72.322264">
        <ele>242.9</ele>
      </trkpt>
      <trkpt lat="45.390131" lon="-72.322385">
        <ele>242.9</ele>
      </trkpt>
      <trkpt lat="45.390128" lon="-72.322486">
        <ele>242.9</ele>
      </trkpt>
      <trkpt lat="45.390103" lon="-72.322655">
        <ele>242.9</ele>
      </trkpt>
      <trkpt lat="45.39009" lon="-72.322771">
        <ele>242.9</ele>
      </trkpt>
      <trkpt lat="45.390059" lon="-72.32285">
        <ele>242.9</ele>
      </trkpt>
      <trkpt lat="45.390009" lon="-72.322931">
        <ele>242.9</ele>
      </trkpt>
      <trkpt lat="45.389967" lon="-72.32297">
        <ele>242.9</ele>
      </trkpt>
      <trkpt lat="45.389912" lon="-72.323014">
        <ele>242.9</ele>
      </trkpt>
      <trkpt lat="45.389847" lon="-72.323037">
        <ele>242.9</ele>
      </trkpt>
      <trkpt lat="45.389749" lon="-72.323053">
        <ele>242.9</ele>
      </trkpt>
      <trkpt lat="45.389692" lon="-72.323052">
        <ele>242.9</ele>
      </trkpt>
      <trkpt lat="45.389621" lon="-72.323052">
        <ele>242.9</ele>
      </trkpt>
      <trkpt lat="45.389575" lon="-72.323065">
        <ele>242.9</ele>
      </trkpt>
      <trkpt lat="45.389526" lon="-72.323084">
        <ele>242.9</ele>
      </trkpt>
      <trkpt lat="45.389456" lon="-72.323101">
        <ele>242.9</ele>
      </trkpt>
      <trkpt lat="45.389382" lon="-72.323109">
        <ele>242.9</ele>
      </trkpt>
      <trkpt lat="45.389316" lon="-72.32311">
        <ele>242.9</ele>
      </trkpt>
      <trkpt lat="45.389248" lon="-72.323115">
        <ele>242.9</ele>
      </trkpt>
      <trkpt lat="45.389164" lon="-72.323119">
        <ele>242.9</ele>
      </trkpt>
      <trkpt lat="45.389109" lon="-72.323126">
        <ele>242.8</ele>
      </trkpt>
      <trkpt lat="45.389053" lon="-72.323143">
        <ele>242.9</ele>
      </trkpt>
      <trkpt lat="45.388973" lon="-72.32316">
        <ele>242.9</ele>
      </trkpt>
      <trkpt lat="45.388903" lon="-72.323173">
        <ele>243</ele>
      </trkpt>
      <trkpt lat="45.388833" lon="-72.323186">
        <ele>243.1</ele>
      </trkpt>
      <trkpt lat="45.388745" lon="-72.3232">
        <ele>243.3</ele>
      </trkpt>
      <trkpt lat="45.388678" lon="-72.323216">
        <ele>243.5</ele>
      </trkpt>
      <trkpt lat="45.388627" lon="-72.323227">
        <ele>243.7</ele>
      </trkpt>
      <trkpt lat="45.388542" lon="-72.323241">
        <ele>244</ele>
      </trkpt>
      <trkpt lat="45.38847" lon="-72.32325">
        <ele>244.4</ele>
      </trkpt>
      <trkpt lat="45.388406" lon="-72.323266">
        <ele>244.8</ele>
      </trkpt>
      <trkpt lat="45.38835" lon="-72.323284">
        <ele>245.2</ele>
      </trkpt>
      <trkpt lat="45.388295" lon="-72.323295">
        <ele>245.7</ele>
      </trkpt>
      <trkpt lat="45.388221" lon="-72.323306">
        <ele>246.3</ele>
      </trkpt>
      <trkpt lat="45.388155" lon="-72.323313">
        <ele>246.9</ele>
      </trkpt>
      <trkpt lat="45.38808" lon="-72.323315">
        <ele>247.5</ele>
      </trkpt>
      <trkpt lat="45.388008" lon="-72.323327">
        <ele>248.3</ele>
      </trkpt>
      <trkpt lat="45.387949" lon="-72.323334">
        <ele>248.9</ele>
      </trkpt>
      <trkpt lat="45.387869" lon="-72.323341">
        <ele>249.8</ele>
      </trkpt>
      <trkpt lat="45.387796" lon="-72.323361">
        <ele>250.7</ele>
      </trkpt>
      <trkpt lat="45.38771" lon="-72.323382">
        <ele>251.8</ele>
      </trkpt>
      <trkpt lat="45.387627" lon="-72.323385">
        <ele>252.8</ele>
      </trkpt>
      <trkpt lat="45.387552" lon="-72.323381">
        <ele>253.6</ele>
      </trkpt>
      <trkpt lat="45.387473" lon="-72.323373">
        <ele>254.5</ele>
      </trkpt>
      <trkpt lat="45.387399" lon="-72.323384">
        <ele>255.4</ele>
      </trkpt>
      <trkpt lat="45.387365" lon="-72.3234">
        <ele>255.9</ele>
      </trkpt>
      <trkpt lat="45.387314" lon="-72.323421">
        <ele>256.6</ele>
      </trkpt>
      <trkpt lat="45.387247" lon="-72.323438">
        <ele>257.5</ele>
      </trkpt>
      <trkpt lat="45.387191" lon="-72.323448">
        <ele>258.2</ele>
      </trkpt>
      <trkpt lat="45.387151" lon="-72.323456">
        <ele>258.7</ele>
      </trkpt>
      <trkpt lat="45.387105" lon="-72.32347">
        <ele>259.3</ele>
      </trkpt>
      <trkpt lat="45.387076" lon="-72.323482">
        <ele>259.7</ele>
      </trkpt>
      <trkpt lat="45.387036" lon="-72.323499">
        <ele>260.3</ele>
      </trkpt>
      <trkpt lat="45.386974" lon="-72.323507">
        <ele>261.1</ele>
      </trkpt>
      <trkpt lat="45.38693" lon="-72.323515">
        <ele>261.6</ele>
      </trkpt>
      <trkpt lat="45.38683" lon="-72.323532">
        <ele>262.9</ele>
      </trkpt>
      <trkpt lat="45.386771" lon="-72.323545">
        <ele>263.7</ele>
      </trkpt>
      <trkpt lat="45.386693" lon="-72.323562">
        <ele>264.7</ele>
      </trkpt>
      <trkpt lat="45.386632" lon="-72.323571">
        <ele>265.4</ele>
      </trkpt>
      <trkpt lat="45.386552" lon="-72.323585">
        <ele>266.5</ele>
      </trkpt>
      <trkpt lat="45.386498" lon="-72.323589">
        <ele>267.1</ele>
      </trkpt>
      <trkpt lat="45.386402" lon="-72.323601">
        <ele>268.3</ele>
      </trkpt>
      <trkpt lat="45.386331" lon="-72.32361">
        <ele>269.1</ele>
      </trkpt>
      <trkpt lat="45.386272" lon="-72.32361">
        <ele>269.7</ele>
      </trkpt>
      <trkpt lat="45.386208" lon="-72.323616">
        <ele>270.4</ele>
      </trkpt>
      <trkpt lat="45.386131" lon="-72.323627">
        <ele>271.3</ele>
      </trkpt>
      <trkpt lat="45.386073" lon="-72.323636">
        <ele>271.8</ele>
      </trkpt>
      <trkpt lat="45.385993" lon="-72.323649">
        <ele>272.6</ele>
      </trkpt>
      <trkpt lat="45.385909" lon="-72.323657">
        <ele>273.3</ele>
      </trkpt>
      <trkpt lat="45.385856" lon="-72.323662">
        <ele>273.7</ele>
      </trkpt>
      <trkpt lat="45.385789" lon="-72.323674">
        <ele>274.2</ele>
      </trkpt>
      <trkpt lat="45.385724" lon="-72.323676">
        <ele>274.6</ele>
      </trkpt>
      <trkpt lat="45.385655" lon="-72.323681">
        <ele>275</ele>
      </trkpt>
      <trkpt lat="45.385583" lon="-72.323705">
        <ele>275.4</ele>
      </trkpt>
      <trkpt lat="45.385545" lon="-72.323725">
        <ele>275.6</ele>
      </trkpt>
      <trkpt lat="45.385503" lon="-72.323738">
        <ele>275.8</ele>
      </trkpt>
      <trkpt lat="45.385427" lon="-72.323752">
        <ele>276.2</ele>
      </trkpt>
      <trkpt lat="45.385368" lon="-72.323753">
        <ele>276.4</ele>
      </trkpt>
      <trkpt lat="45.385304" lon="-72.32376">
        <ele>276.6</ele>
      </trkpt>
      <trkpt lat="45.385254" lon="-72.323765">
        <ele>276.8</ele>
      </trkpt>
      <trkpt lat="45.385181" lon="-72.323773">
        <ele>277.1</ele>
      </trkpt>
      <trkpt lat="45.385128" lon="-72.323776">
        <ele>277.3</ele>
      </trkpt>
      <trkpt lat="45.385036" lon="-72.323782">
        <ele>277.7</ele>
      </trkpt>
      <trkpt lat="45.384986" lon="-72.323788">
        <ele>277.9</ele>
      </trkpt>
      <trkpt lat="45.384894" lon="-72.323802">
        <ele>278.3</ele>
      </trkpt>
      <trkpt lat="45.384814" lon="-72.323813">
        <ele>278.7</ele>
      </trkpt>
      <trkpt lat="45.384751" lon="-72.323827">
        <ele>279.1</ele>
      </trkpt>
      <trkpt lat="45.384634" lon="-72.32384">
        <ele>279.7</ele>
      </trkpt>
      <trkpt lat="45.38456" lon="-72.32385">
        <ele>280.2</ele>
      </trkpt>
      <trkpt lat="45.384478" lon="-72.323864">
        <ele>280.7</ele>
      </trkpt>
      <trkpt lat="45.384403" lon="-72.323862">
        <ele>281.2</ele>
      </trkpt>
      <trkpt lat="45.384308" lon="-72.323863">
        <ele>281.8</ele>
      </trkpt>
      <trkpt lat="45.384203" lon="-72.323854">
        <ele>282.4</ele>
      </trkpt>
      <trkpt lat="45.384125" lon="-72.323858">
        <ele>283</ele>
      </trkpt>
      <trkpt lat="45.384038" lon="-72.323864">
        <ele>283.6</ele>
      </trkpt>
      <trkpt lat="45.383952" lon="-72.323869">
        <ele>284.1</ele>
      </trkpt>
      <trkpt lat="45.383905" lon="-72.323873">
        <ele>284.5</ele>
      </trkpt>
      <trkpt lat="45.383788" lon="-72.323885">
        <ele>285.3</ele>
      </trkpt>
      <trkpt lat="45.383716" lon="-72.323897">
        <ele>285.8</ele>
      </trkpt>
      <trkpt lat="45.383648" lon="-72.323905">
        <ele>286.2</ele>
      </trkpt>
      <trkpt lat="45.383578" lon="-72.323907">
        <ele>286.7</ele>
      </trkpt>
      <trkpt lat="45.383513" lon="-72.323911">
        <ele>287.1</ele>
      </trkpt>
      <trkpt lat="45.38344" lon="-72.323926">
        <ele>287.6</ele>
      </trkpt>
      <trkpt lat="45.383398" lon="-72.323934">
        <ele>287.9</ele>
      </trkpt>
      <trkpt lat="45.383299" lon="-72.32395">
        <ele>288.5</ele>
      </trkpt>
      <trkpt lat="45.383204" lon="-72.323962">
        <ele>289.1</ele>
      </trkpt>
      <trkpt lat="45.383116" lon="-72.32398">
        <ele>289.7</ele>
      </trkpt>
      <trkpt lat="45.383015" lon="-72.324004">
        <ele>290.3</ele>
      </trkpt>
      <trkpt lat="45.382977" lon="-72.324008">
        <ele>290.5</ele>
      </trkpt>
      <trkpt lat="45.382897" lon="-72.324018">
        <ele>291</ele>
      </trkpt>
      <trkpt lat="45.382832" lon="-72.32403">
        <ele>291.4</ele>
      </trkpt>
      <trkpt lat="45.382788" lon="-72.324039">
        <ele>291.7</ele>
      </trkpt>
      <trkpt lat="45.38271" lon="-72.324047">
        <ele>292.1</ele>
      </trkpt>
      <trkpt lat="45.382628" lon="-72.324054">
        <ele>292.6</ele>
      </trkpt>
      <trkpt lat="45.382551" lon="-72.324062">
        <ele>293.1</ele>
      </trkpt>
      <trkpt lat="45.382489" lon="-72.324068">
        <ele>293.5</ele>
      </trkpt>
      <trkpt lat="45.382445" lon="-72.324074">
        <ele>293.8</ele>
      </trkpt>
      <trkpt lat="45.382345" lon="-72.324089">
        <ele>294.4</ele>
      </trkpt>
      <trkpt lat="45.382276" lon="-72.324095">
        <ele>294.8</ele>
      </trkpt>
      <trkpt lat="45.382176" lon="-72.324105">
        <ele>295.4</ele>
      </trkpt>
      <trkpt lat="45.382111" lon="-72.324117">
        <ele>295.8</ele>
      </trkpt>
      <trkpt lat="45.382034" lon="-72.324121">
        <ele>296.3</ele>
      </trkpt>
      <trkpt lat="45.381995" lon="-72.324125">
        <ele>296.6</ele>
      </trkpt>
      <trkpt lat="45.381936" lon="-72.324132">
        <ele>297</ele>
      </trkpt>
      <trkpt lat="45.381879" lon="-72.324134">
        <ele>297.3</ele>
      </trkpt>
      <trkpt lat="45.381798" lon="-72.324141">
        <ele>297.9</ele>
      </trkpt>
      <trkpt lat="45.381723" lon="-72.32415">
        <ele>298.3</ele>
      </trkpt>
      <trkpt lat="45.381681" lon="-72.324157">
        <ele>298.6</ele>
      </trkpt>
      <trkpt lat="45.381615" lon="-72.32418">
        <ele>299</ele>
      </trkpt>
      <trkpt lat="45.381531" lon="-72.324196">
        <ele>299.6</ele>
      </trkpt>
      <trkpt lat="45.381484" lon="-72.324204">
        <ele>299.9</ele>
      </trkpt>
      <trkpt lat="45.381417" lon="-72.324213">
        <ele>300.3</ele>
      </trkpt>
      <trkpt lat="45.381308" lon="-72.324235">
        <ele>301</ele>
      </trkpt>
      <trkpt lat="45.381225" lon="-72.324249">
        <ele>301.5</ele>
      </trkpt>
      <trkpt lat="45.381145" lon="-72.324263">
        <ele>302</ele>
      </trkpt>
      <trkpt lat="45.381048" lon="-72.324275">
        <ele>302.4</ele>
      </trkpt>
      <trkpt lat="45.380965" lon="-72.324282">
        <ele>302.8</ele>
      </trkpt>
      <trkpt lat="45.380898" lon="-72.32429">
        <ele>303</ele>
      </trkpt>
      <trkpt lat="45.380816" lon="-72.324304">
        <ele>303.3</ele>
      </trkpt>
      <trkpt lat="45.380743" lon="-72.324314">
        <ele>303.5</ele>
      </trkpt>
      <trkpt lat="45.380669" lon="-72.324329">
        <ele>303.6</ele>
      </trkpt>
      <trkpt lat="45.380607" lon="-72.324336">
        <ele>303.6</ele>
      </trkpt>
      <trkpt lat="45.380539" lon="-72.324349">
        <ele>303.7</ele>
      </trkpt>
      <trkpt lat="45.380472" lon="-72.324361">
        <ele>303.7</ele>
      </trkpt>
      <trkpt lat="45.380411" lon="-72.324367">
        <ele>303.7</ele>
      </trkpt>
      <trkpt lat="45.380331" lon="-72.324378">
        <ele>303.6</ele>
      </trkpt>
      <trkpt lat="45.380255" lon="-72.324395">
        <ele>303.6</ele>
      </trkpt>
      <trkpt lat="45.380185" lon="-72.324407">
        <ele>303.5</ele>
      </trkpt>
      <trkpt lat="45.380101" lon="-72.324409">
        <ele>303.5</ele>
      </trkpt>
      <trkpt lat="45.380002" lon="-72.324414">
        <ele>303.4</ele>
      </trkpt>
      <trkpt lat="45.379888" lon="-72.324419">
        <ele>303.4</ele>
      </trkpt>
      <trkpt lat="45.379788" lon="-72.324429">
        <ele>303.4</ele>
      </trkpt>
      <trkpt lat="45.379685" lon="-72.32444">
        <ele>303.4</ele>
      </trkpt>
      <trkpt lat="45.379548" lon="-72.324458">
        <ele>303.5</ele>
      </trkpt>
      <trkpt lat="45.379418" lon="-72.324465">
        <ele>303.6</ele>
      </trkpt>
      <trkpt lat="45.379308" lon="-72.324479">
        <ele>303.7</ele>
      </trkpt>
      <trkpt lat="45.379236" lon="-72.3245">
        <ele>303.7</ele>
      </trkpt>
      <trkpt lat="45.37913" lon="-72.324515">
        <ele>303.8</ele>
      </trkpt>
      <trkpt lat="45.379025" lon="-72.324521">
        <ele>303.9</ele>
      </trkpt>
      <trkpt lat="45.378862" lon="-72.324547">
        <ele>303.9</ele>
      </trkpt>
      <trkpt lat="45.378787" lon="-72.324572">
        <ele>303.9</ele>
      </trkpt>
      <trkpt lat="45.378704" lon="-72.324571">
        <ele>303.9</ele>
      </trkpt>
      <trkpt lat="45.37861" lon="-72.324565">
        <ele>303.9</ele>
      </trkpt>
      <trkpt lat="45.378526" lon="-72.324584">
        <ele>303.9</ele>
      </trkpt>
      <trkpt lat="45.378399" lon="-72.324607">
        <ele>303.9</ele>
      </trkpt>
      <trkpt lat="45.378216" lon="-72.324627">
        <ele>303.9</ele>
      </trkpt>
      <trkpt lat="45.378106" lon="-72.324637">
        <ele>303.9</ele>
      </trkpt>
      <trkpt lat="45.377996" lon="-72.32465">
        <ele>303.9</ele>
      </trkpt>
      <trkpt lat="45.377883" lon="-72.324663">
        <ele>303.9</ele>
      </trkpt>
      <trkpt lat="45.377699" lon="-72.324693">
        <ele>303.9</ele>
      </trkpt>
      <trkpt lat="45.377591" lon="-72.324704">
        <ele>303.9</ele>
      </trkpt>
      <trkpt lat="45.377485" lon="-72.324709">
        <ele>303.9</ele>
      </trkpt>
      <trkpt lat="45.377372" lon="-72.324728">
        <ele>303.9</ele>
      </trkpt>
      <trkpt lat="45.377262" lon="-72.324758">
        <ele>303.9</ele>
      </trkpt>
      <trkpt lat="45.377151" lon="-72.324838">
        <ele>303.9</ele>
      </trkpt>
      <trkpt lat="45.377078" lon="-72.324997">
        <ele>303.9</ele>
      </trkpt>
      <trkpt lat="45.377056" lon="-72.325201">
        <ele>303.9</ele>
      </trkpt>
      <trkpt lat="45.377064" lon="-72.325395">
        <ele>303.9</ele>
      </trkpt>
      <trkpt lat="45.37707" lon="-72.325693">
        <ele>303.9</ele>
      </trkpt>
      <trkpt lat="45.377074" lon="-72.325893">
        <ele>303.9</ele>
      </trkpt>
      <trkpt lat="45.377074" lon="-72.32608">
        <ele>303.9</ele>
      </trkpt>
      <trkpt lat="45.377062" lon="-72.326276">
        <ele>303.9</ele>
      </trkpt>
      <trkpt lat="45.377059" lon="-72.326587">
        <ele>303.9</ele>
      </trkpt>
      <trkpt lat="45.377056" lon="-72.326813">
        <ele>303.8</ele>
      </trkpt>
      <trkpt lat="45.377055" lon="-72.327035">
        <ele>303.8</ele>
      </trkpt>
      <trkpt lat="45.37706" lon="-72.327425">
        <ele>303.6</ele>
      </trkpt>
      <trkpt lat="45.37707" lon="-72.327707">
        <ele>303.3</ele>
      </trkpt>
      <trkpt lat="45.377072" lon="-72.327987">
        <ele>303</ele>
      </trkpt>
      <trkpt lat="45.377075" lon="-72.328273">
        <ele>302.5</ele>
      </trkpt>
      <trkpt lat="45.377074" lon="-72.328577">
        <ele>301.8</ele>
      </trkpt>
      <trkpt lat="45.377072" lon="-72.328875">
        <ele>300.8</ele>
      </trkpt>
      <trkpt lat="45.377073" lon="-72.329161">
        <ele>299.7</ele>
      </trkpt>
      <trkpt lat="45.377084" lon="-72.329444">
        <ele>298.4</ele>
      </trkpt>
      <trkpt lat="45.377083" lon="-72.329721">
        <ele>297.1</ele>
      </trkpt>
      <trkpt lat="45.377078" lon="-72.330141">
        <ele>295</ele>
      </trkpt>
      <trkpt lat="45.377073" lon="-72.330441">
        <ele>293.5</ele>
      </trkpt>
      <trkpt lat="45.377077" lon="-72.33074">
        <ele>292.1</ele>
      </trkpt>
      <trkpt lat="45.377078" lon="-72.33104">
        <ele>290.8</ele>
      </trkpt>
      <trkpt lat="45.377078" lon="-72.331356">
        <ele>289.4</ele>
      </trkpt>
      <trkpt lat="45.377075" lon="-72.331821">
        <ele>287.4</ele>
      </trkpt>
      <trkpt lat="45.377074" lon="-72.332134">
        <ele>285.9</ele>
      </trkpt>
      <trkpt lat="45.377071" lon="-72.332433">
        <ele>284.5</ele>
      </trkpt>
      <trkpt lat="45.37706" lon="-72.332729">
        <ele>283</ele>
      </trkpt>
      <trkpt lat="45.377062" lon="-72.333031">
        <ele>281.6</ele>
      </trkpt>
      <trkpt lat="45.377071" lon="-72.333346">
        <ele>280</ele>
      </trkpt>
      <trkpt lat="45.377083" lon="-72.333655">
        <ele>278.5</ele>
      </trkpt>
      <trkpt lat="45.377092" lon="-72.333982">
        <ele>277.1</ele>
      </trkpt>
      <trkpt lat="45.377099" lon="-72.334304">
        <ele>275.9</ele>
      </trkpt>
      <trkpt lat="45.377094" lon="-72.334625">
        <ele>275.1</ele>
      </trkpt>
      <trkpt lat="45.377086" lon="-72.334946">
        <ele>274.2</ele>
      </trkpt>
      <trkpt lat="45.377097" lon="-72.335271">
        <ele>272.9</ele>
      </trkpt>
      <trkpt lat="45.377103" lon="-72.335621">
        <ele>271.1</ele>
      </trkpt>
      <trkpt lat="45.377103" lon="-72.336179">
        <ele>268.2</ele>
      </trkpt>
      <trkpt lat="45.377099" lon="-72.336573">
        <ele>266.2</ele>
      </trkpt>
      <trkpt lat="45.377107" lon="-72.336984">
        <ele>263.9</ele>
      </trkpt>
      <trkpt lat="45.377104" lon="-72.337347">
        <ele>261.7</ele>
      </trkpt>
      <trkpt lat="45.377099" lon="-72.337693">
        <ele>259.8</ele>
      </trkpt>
      <trkpt lat="45.3771" lon="-72.338004">
        <ele>258.3</ele>
      </trkpt>
      <trkpt lat="45.377097" lon="-72.338333">
        <ele>256.6</ele>
      </trkpt>
      <trkpt lat="45.377092" lon="-72.338861">
        <ele>253.6</ele>
      </trkpt>
      <trkpt lat="45.377096" lon="-72.339234">
        <ele>251.4</ele>
      </trkpt>
      <trkpt lat="45.377104" lon="-72.339609">
        <ele>249.3</ele>
      </trkpt>
      <trkpt lat="45.377112" lon="-72.339973">
        <ele>247.3</ele>
      </trkpt>
      <trkpt lat="45.377126" lon="-72.340315">
        <ele>245.4</ele>
      </trkpt>
      <trkpt lat="45.377138" lon="-72.340644">
        <ele>243.9</ele>
      </trkpt>
      <trkpt lat="45.377144" lon="-72.340956">
        <ele>242.9</ele>
      </trkpt>
      <trkpt lat="45.377135" lon="-72.341257">
        <ele>242.9</ele>
      </trkpt>
      <trkpt lat="45.37713" lon="-72.341546">
        <ele>242.9</ele>
      </trkpt>
      <trkpt lat="45.377129" lon="-72.341824">
        <ele>242.9</ele>
      </trkpt>
      <trkpt lat="45.377134" lon="-72.342086">
        <ele>242.9</ele>
      </trkpt>
      <trkpt lat="45.377129" lon="-72.342432">
        <ele>242.9</ele>
      </trkpt>
      <trkpt lat="45.377122" lon="-72.342638">
        <ele>242.9</ele>
      </trkpt>
      <trkpt lat="45.377119" lon="-72.342815">
        <ele>242.9</ele>
      </trkpt>
      <trkpt lat="45.377116" lon="-72.342966">
        <ele>242.9</ele>
      </trkpt>
      <trkpt lat="45.37712" lon="-72.343128">
        <ele>242.9</ele>
      </trkpt>
      <trkpt lat="45.377115" lon="-72.343385">
        <ele>242.9</ele>
      </trkpt>
      <trkpt lat="45.377122" lon="-72.343579">
        <ele>242.9</ele>
      </trkpt>
      <trkpt lat="45.377126" lon="-72.343775">
        <ele>242.9</ele>
      </trkpt>
      <trkpt lat="45.377131" lon="-72.343977">
        <ele>242.9</ele>
      </trkpt>
      <trkpt lat="45.377132" lon="-72.344181">
        <ele>242.9</ele>
      </trkpt>
      <trkpt lat="45.377134" lon="-72.344368">
        <ele>242.9</ele>
      </trkpt>
      <trkpt lat="45.377134" lon="-72.344542">
        <ele>242.9</ele>
      </trkpt>
      <trkpt lat="45.377129" lon="-72.344717">
        <ele>242.9</ele>
      </trkpt>
      <trkpt lat="45.377126" lon="-72.344888">
        <ele>242.9</ele>
      </trkpt>
      <trkpt lat="45.377131" lon="-72.345057">
        <ele>242.9</ele>
      </trkpt>
      <trkpt lat="45.377133" lon="-72.345241">
        <ele>242.9</ele>
      </trkpt>
      <trkpt lat="45.377139" lon="-72.345513">
        <ele>242.9</ele>
      </trkpt>
      <trkpt lat="45.37715" lon="-72.345699">
        <ele>242.9</ele>
      </trkpt>
      <trkpt lat="45.377161" lon="-72.345875">
        <ele>242.9</ele>
      </trkpt>
      <trkpt lat="45.377156" lon="-72.346056">
        <ele>242.9</ele>
      </trkpt>
      <trkpt lat="45.37715" lon="-72.346248">
        <ele>242.9</ele>
      </trkpt>
      <trkpt lat="45.377143" lon="-72.346436">
        <ele>242.9</ele>
      </trkpt>
      <trkpt lat="45.37714" lon="-72.34662">
        <ele>242.9</ele>
      </trkpt>
      <trkpt lat="45.377128" lon="-72.346908">
        <ele>242.9</ele>
      </trkpt>
      <trkpt lat="45.377122" lon="-72.347091">
        <ele>242.9</ele>
      </trkpt>
      <trkpt lat="45.377119" lon="-72.347264">
        <ele>242.9</ele>
      </trkpt>
      <trkpt lat="45.377116" lon="-72.347445">
        <ele>242.9</ele>
      </trkpt>
      <trkpt lat="45.377117" lon="-72.347622">
        <ele>242.9</ele>
      </trkpt>
      <trkpt lat="45.377114" lon="-72.347795">
        <ele>243</ele>
      </trkpt>
      <trkpt lat="45.37711" lon="-72.34796">
        <ele>243.1</ele>
      </trkpt>
      <trkpt lat="45.377111" lon="-72.348093">
        <ele>243.2</ele>
      </trkpt>
      <trkpt lat="45.37711" lon="-72.348231">
        <ele>243.3</ele>
      </trkpt>
      <trkpt lat="45.377114" lon="-72.34837">
        <ele>243.3</ele>
      </trkpt>
      <trkpt lat="45.377125" lon="-72.348575">
        <ele>243.3</ele>
      </trkpt>
      <trkpt lat="45.377131" lon="-72.348722">
        <ele>243.2</ele>
      </trkpt>
      <trkpt lat="45.377133" lon="-72.348857">
        <ele>243</ele>
      </trkpt>
      <trkpt lat="45.377135" lon="-72.348998">
        <ele>242.9</ele>
      </trkpt>
      <trkpt lat="45.377132" lon="-72.349138">
        <ele>242.8</ele>
      </trkpt>
      <trkpt lat="45.377125" lon="-72.34935">
        <ele>242.8</ele>
      </trkpt>
      <trkpt lat="45.377133" lon="-72.349487">
        <ele>242.9</ele>
      </trkpt>
      <trkpt lat="45.377156" lon="-72.349602">
        <ele>243.2</ele>
      </trkpt>
      <trkpt lat="45.377168" lon="-72.34975">
        <ele>243.5</ele>
      </trkpt>
      <trkpt lat="45.377172" lon="-72.349896">
        <ele>244</ele>
      </trkpt>
      <trkpt lat="45.377172" lon="-72.350031">
        <ele>244.5</ele>
      </trkpt>
      <trkpt lat="45.377177" lon="-72.350157">
        <ele>245.1</ele>
      </trkpt>
      <trkpt lat="45.377182" lon="-72.350277">
        <ele>245.7</ele>
      </trkpt>
      <trkpt lat="45.377184" lon="-72.350372">
        <ele>246.2</ele>
      </trkpt>
      <trkpt lat="45.377189" lon="-72.350481">
        <ele>246.9</ele>
      </trkpt>
      <trkpt lat="45.377183" lon="-72.350636">
        <ele>247.8</ele>
      </trkpt>
      <trkpt lat="45.377199" lon="-72.350787">
        <ele>248.7</ele>
      </trkpt>
      <trkpt lat="45.377196" lon="-72.350843">
        <ele>249</ele>
      </trkpt>
      <trkpt lat="45.377179" lon="-72.350966">
        <ele>249.6</ele>
      </trkpt>
      <trkpt lat="45.377171" lon="-72.351072">
        <ele>250.2</ele>
      </trkpt>
      <trkpt lat="45.377166" lon="-72.351175">
        <ele>250.7</ele>
      </trkpt>
      <trkpt lat="45.377166" lon="-72.35128">
        <ele>251.2</ele>
      </trkpt>
      <trkpt lat="45.377163" lon="-72.351377">
        <ele>251.7</ele>
      </trkpt>
      <trkpt lat="45.377169" lon="-72.351468">
        <ele>252.2</ele>
      </trkpt>
      <trkpt lat="45.377174" lon="-72.351557">
        <ele>252.6</ele>
      </trkpt>
      <trkpt lat="45.377177" lon="-72.351658">
        <ele>253.1</ele>
      </trkpt>
      <trkpt lat="45.377175" lon="-72.35174">
        <ele>253.5</ele>
      </trkpt>
      <trkpt lat="45.377175" lon="-72.351826">
        <ele>254</ele>
      </trkpt>
      <trkpt lat="45.377169" lon="-72.351911">
        <ele>254.4</ele>
      </trkpt>
      <trkpt lat="45.377168" lon="-72.352007">
        <ele>254.9</ele>
      </trkpt>
      <trkpt lat="45.37717" lon="-72.352089">
        <ele>255.4</ele>
      </trkpt>
      <trkpt lat="45.377176" lon="-72.352167">
        <ele>255.8</ele>
      </trkpt>
      <trkpt lat="45.377174" lon="-72.352246">
        <ele>256.2</ele>
      </trkpt>
      <trkpt lat="45.377157" lon="-72.352337">
        <ele>256.7</ele>
      </trkpt>
      <trkpt lat="45.377145" lon="-72.352389">
        <ele>256.9</ele>
      </trkpt>
      <trkpt lat="45.37715" lon="-72.352463">
        <ele>257.3</ele>
      </trkpt>
      <trkpt lat="45.377154" lon="-72.35254">
        <ele>257.7</ele>
      </trkpt>
      <trkpt lat="45.377154" lon="-72.352638">
        <ele>258.1</ele>
      </trkpt>
      <trkpt lat="45.377156" lon="-72.35271">
        <ele>258.4</ele>
      </trkpt>
      <trkpt lat="45.377154" lon="-72.352816">
        <ele>258.9</ele>
      </trkpt>
      <trkpt lat="45.377153" lon="-72.352911">
        <ele>259.2</ele>
      </trkpt>
      <trkpt lat="45.377154" lon="-72.352997">
        <ele>259.6</ele>
      </trkpt>
      <trkpt lat="45.377156" lon="-72.353084">
        <ele>259.9</ele>
      </trkpt>
      <trkpt lat="45.377161" lon="-72.353189">
        <ele>260.3</ele>
      </trkpt>
      <trkpt lat="45.377164" lon="-72.353293">
        <ele>260.8</ele>
      </trkpt>
      <trkpt lat="45.377165" lon="-72.353375">
        <ele>261.1</ele>
      </trkpt>
      <trkpt lat="45.377162" lon="-72.353516">
        <ele>261.8</ele>
      </trkpt>
      <trkpt lat="45.377161" lon="-72.353613">
        <ele>262.2</ele>
      </trkpt>
      <trkpt lat="45.377165" lon="-72.353725">
        <ele>262.8</ele>
      </trkpt>
      <trkpt lat="45.377166" lon="-72.353832">
        <ele>263.4</ele>
      </trkpt>
      <trkpt lat="45.377158" lon="-72.353945">
        <ele>264</ele>
      </trkpt>
      <trkpt lat="45.377155" lon="-72.354097">
        <ele>264.8</ele>
      </trkpt>
      <trkpt lat="45.37715" lon="-72.354178">
        <ele>265.3</ele>
      </trkpt>
      <trkpt lat="45.37715" lon="-72.354258">
        <ele>265.7</ele>
      </trkpt>
      <trkpt lat="45.377151" lon="-72.354357">
        <ele>266.3</ele>
      </trkpt>
      <trkpt lat="45.377153" lon="-72.35446">
        <ele>266.9</ele>
      </trkpt>
      <trkpt lat="45.377156" lon="-72.35452">
        <ele>267.2</ele>
      </trkpt>
      <trkpt lat="45.377157" lon="-72.354605">
        <ele>267.6</ele>
      </trkpt>
      <trkpt lat="45.377165" lon="-72.354688">
        <ele>268.1</ele>
      </trkpt>
      <trkpt lat="45.377169" lon="-72.354761">
        <ele>268.4</ele>
      </trkpt>
      <trkpt lat="45.377167" lon="-72.354824">
        <ele>268.7</ele>
      </trkpt>
      <trkpt lat="45.377166" lon="-72.354932">
        <ele>269.3</ele>
      </trkpt>
      <trkpt lat="45.377165" lon="-72.355003">
        <ele>269.6</ele>
      </trkpt>
      <trkpt lat="45.37716" lon="-72.355072">
        <ele>269.9</ele>
      </trkpt>
      <trkpt lat="45.377148" lon="-72.355156">
        <ele>270.3</ele>
      </trkpt>
      <trkpt lat="45.377143" lon="-72.355229">
        <ele>270.6</ele>
      </trkpt>
      <trkpt lat="45.377133" lon="-72.355305">
        <ele>271</ele>
      </trkpt>
      <trkpt lat="45.377126" lon="-72.355415">
        <ele>271.4</ele>
      </trkpt>
      <trkpt lat="45.377121" lon="-72.35549">
        <ele>271.7</ele>
      </trkpt>
      <trkpt lat="45.377117" lon="-72.35559">
        <ele>272</ele>
      </trkpt>
      <trkpt lat="45.377117" lon="-72.355658">
        <ele>272.2</ele>
      </trkpt>
      <trkpt lat="45.377116" lon="-72.355725">
        <ele>272.4</ele>
      </trkpt>
      <trkpt lat="45.377114" lon="-72.355809">
        <ele>272.6</ele>
      </trkpt>
      <trkpt lat="45.377113" lon="-72.355887">
        <ele>272.8</ele>
      </trkpt>
      <trkpt lat="45.377114" lon="-72.355948">
        <ele>272.9</ele>
      </trkpt>
      <trkpt lat="45.377116" lon="-72.356021">
        <ele>273</ele>
      </trkpt>
      <trkpt lat="45.377116" lon="-72.356135">
        <ele>273.2</ele>
      </trkpt>
      <trkpt lat="45.377114" lon="-72.356195">
        <ele>273.3</ele>
      </trkpt>
      <trkpt lat="45.37711" lon="-72.356282">
        <ele>273.4</ele>
      </trkpt>
      <trkpt lat="45.377112" lon="-72.356359">
        <ele>273.5</ele>
      </trkpt>
      <trkpt lat="45.37713" lon="-72.35642">
        <ele>273.6</ele>
      </trkpt>
      <trkpt lat="45.377121" lon="-72.356547">
        <ele>273.7</ele>
      </trkpt>
      <trkpt lat="45.377116" lon="-72.356601">
        <ele>273.7</ele>
      </trkpt>
      <trkpt lat="45.377113" lon="-72.356689">
        <ele>273.8</ele>
      </trkpt>
      <trkpt lat="45.377107" lon="-72.356769">
        <ele>273.9</ele>
      </trkpt>
      <trkpt lat="45.377101" lon="-72.356911">
        <ele>273.9</ele>
      </trkpt>
      <trkpt lat="45.377102" lon="-72.356999">
        <ele>273.9</ele>
      </trkpt>
      <trkpt lat="45.377104" lon="-72.357084">
        <ele>273.9</ele>
      </trkpt>
      <trkpt lat="45.377109" lon="-72.35718">
        <ele>273.9</ele>
      </trkpt>
      <trkpt lat="45.377108" lon="-72.357272">
        <ele>273.9</ele>
      </trkpt>
      <trkpt lat="45.377103" lon="-72.357363">
        <ele>273.9</ele>
      </trkpt>
      <trkpt lat="45.377098" lon="-72.357459">
        <ele>273.9</ele>
      </trkpt>
      <trkpt lat="45.377094" lon="-72.357575">
        <ele>273.9</ele>
      </trkpt>
      <trkpt lat="45.377096" lon="-72.357657">
        <ele>273.9</ele>
      </trkpt>
      <trkpt lat="45.377096" lon="-72.35775">
        <ele>273.9</ele>
      </trkpt>
      <trkpt lat="45.377101" lon="-72.357899">
        <ele>273.9</ele>
      </trkpt>
      <trkpt lat="45.377104" lon="-72.35802">
        <ele>273.9</ele>
      </trkpt>
      <trkpt lat="45.377131" lon="-72.358139">
        <ele>273.9</ele>
      </trkpt>
      <trkpt lat="45.377143" lon="-72.358205">
        <ele>273.9</ele>
      </trkpt>
      <trkpt lat="45.377159" lon="-72.358401">
        <ele>273.9</ele>
      </trkpt>
      <trkpt lat="45.377164" lon="-72.358527">
        <ele>273.9</ele>
      </trkpt>
      <trkpt lat="45.377159" lon="-72.358694">
        <ele>273.9</ele>
      </trkpt>
      <trkpt lat="45.377158" lon="-72.358808">
        <ele>273.9</ele>
      </trkpt>
      <trkpt lat="45.377154" lon="-72.358932">
        <ele>273.9</ele>
      </trkpt>
      <trkpt lat="45.377158" lon="-72.359055">
        <ele>273.9</ele>
      </trkpt>
      <trkpt lat="45.377163" lon="-72.359156">
        <ele>273.9</ele>
      </trkpt>
      <trkpt lat="45.377171" lon="-72.359297">
        <ele>273.9</ele>
      </trkpt>
      <trkpt lat="45.377177" lon="-72.359439">
        <ele>273.9</ele>
      </trkpt>
      <trkpt lat="45.377185" lon="-72.359584">
        <ele>273.9</ele>
      </trkpt>
      <trkpt lat="45.377187" lon="-72.35973">
        <ele>273.9</ele>
      </trkpt>
      <trkpt lat="45.377153" lon="-72.35998">
        <ele>273.9</ele>
      </trkpt>
      <trkpt lat="45.377151" lon="-72.360145">
        <ele>273.9</ele>
      </trkpt>
      <trkpt lat="45.377151" lon="-72.360328">
        <ele>273.9</ele>
      </trkpt>
      <trkpt lat="45.377135" lon="-72.360514">
        <ele>273.9</ele>
      </trkpt>
      <trkpt lat="45.377121" lon="-72.360719">
        <ele>273.9</ele>
      </trkpt>
      <trkpt lat="45.37712" lon="-72.360935">
        <ele>273.9</ele>
      </trkpt>
      <trkpt lat="45.377126" lon="-72.361161">
        <ele>273.9</ele>
      </trkpt>
      <trkpt lat="45.377128" lon="-72.361399">
        <ele>273.9</ele>
      </trkpt>
      <trkpt lat="45.377127" lon="-72.361607">
        <ele>273.9</ele>
      </trkpt>
      <trkpt lat="45.377125" lon="-72.361802">
        <ele>273.9</ele>
      </trkpt>
      <trkpt lat="45.377171" lon="-72.361951">
        <ele>273.9</ele>
      </trkpt>
      <trkpt lat="45.377326" lon="-72.361987">
        <ele>273.9</ele>
      </trkpt>
      <trkpt lat="45.377505" lon="-72.361949">
        <ele>273.9</ele>
      </trkpt>
      <trkpt lat="45.377673" lon="-72.361902">
        <ele>273.9</ele>
      </trkpt>
      <trkpt lat="45.377898" lon="-72.361857">
        <ele>273.9</ele>
      </trkpt>
      <trkpt lat="45.378057" lon="-72.361833">
        <ele>273.9</ele>
      </trkpt>
      <trkpt lat="45.378224" lon="-72.361798">
        <ele>273.9</ele>
      </trkpt>
      <trkpt lat="45.378402" lon="-72.361762">
        <ele>273.9</ele>
      </trkpt>
      <trkpt lat="45.378583" lon="-72.36174">
        <ele>273.9</ele>
      </trkpt>
      <trkpt lat="45.378771" lon="-72.361706">
        <ele>273.9</ele>
      </trkpt>
      <trkpt lat="45.378967" lon="-72.361673">
        <ele>273.9</ele>
      </trkpt>
      <trkpt lat="45.379169" lon="-72.361638">
        <ele>273.9</ele>
      </trkpt>
      <trkpt lat="45.379493" lon="-72.361596">
        <ele>273.9</ele>
      </trkpt>
      <trkpt lat="45.379707" lon="-72.361566">
        <ele>273.9</ele>
      </trkpt>
      <trkpt lat="45.379923" lon="-72.361541">
        <ele>273.9</ele>
      </trkpt>
      <trkpt lat="45.380149" lon="-72.361504">
        <ele>273.9</ele>
      </trkpt>
      <trkpt lat="45.380378" lon="-72.361478">
        <ele>273.9</ele>
      </trkpt>
      <trkpt lat="45.380611" lon="-72.361447">
        <ele>273.9</ele>
      </trkpt>
      <trkpt lat="45.380822" lon="-72.361422">
        <ele>273.9</ele>
      </trkpt>
      <trkpt lat="45.381046" lon="-72.361395">
        <ele>273.8</ele>
      </trkpt>
      <trkpt lat="45.381277" lon="-72.361367">
        <ele>273.7</ele>
      </trkpt>
      <trkpt lat="45.381508" lon="-72.361331">
        <ele>273.5</ele>
      </trkpt>
      <trkpt lat="45.381746" lon="-72.361299">
        <ele>273.3</ele>
      </trkpt>
      <trkpt lat="45.381995" lon="-72.361272">
        <ele>273.1</ele>
      </trkpt>
      <trkpt lat="45.382248" lon="-72.361238">
        <ele>272.9</ele>
      </trkpt>
      <trkpt lat="45.382504" lon="-72.361201">
        <ele>272.5</ele>
      </trkpt>
      <trkpt lat="45.382757" lon="-72.361153">
        <ele>271.8</ele>
      </trkpt>
      <trkpt lat="45.383004" lon="-72.361114">
        <ele>270.9</ele>
      </trkpt>
      <trkpt lat="45.383244" lon="-72.361082">
        <ele>269.8</ele>
      </trkpt>
      <trkpt lat="45.383576" lon="-72.361031">
        <ele>268.2</ele>
      </trkpt>
      <trkpt lat="45.383782" lon="-72.361">
        <ele>267.2</ele>
      </trkpt>
      <trkpt lat="45.383982" lon="-72.360977">
        <ele>266.2</ele>
      </trkpt>
      <trkpt lat="45.384178" lon="-72.360957">
        <ele>265.2</ele>
      </trkpt>
      <trkpt lat="45.384359" lon="-72.360936">
        <ele>264.2</ele>
      </trkpt>
      <trkpt lat="45.384529" lon="-72.360908">
        <ele>263.2</ele>
      </trkpt>
      <trkpt lat="45.384699" lon="-72.360888">
        <ele>262.2</ele>
      </trkpt>
      <trkpt lat="45.384859" lon="-72.360873">
        <ele>261.3</ele>
      </trkpt>
      <trkpt lat="45.385018" lon="-72.36086">
        <ele>260.3</ele>
      </trkpt>
      <trkpt lat="45.385175" lon="-72.360838">
        <ele>259.4</ele>
      </trkpt>
      <trkpt lat="45.385336" lon="-72.360823">
        <ele>258.4</ele>
      </trkpt>
      <trkpt lat="45.385481" lon="-72.360803">
        <ele>257.5</ele>
      </trkpt>
      <trkpt lat="45.385677" lon="-72.360769">
        <ele>256.4</ele>
      </trkpt>
      <trkpt lat="45.385804" lon="-72.360751">
        <ele>255.7</ele>
      </trkpt>
      <trkpt lat="45.385928" lon="-72.360744">
        <ele>255.1</ele>
      </trkpt>
      <trkpt lat="45.386045" lon="-72.360729">
        <ele>254.5</ele>
      </trkpt>
      <trkpt lat="45.386165" lon="-72.36071">
        <ele>253.9</ele>
      </trkpt>
      <trkpt lat="45.386278" lon="-72.360687">
        <ele>253.3</ele>
      </trkpt>
      <trkpt lat="45.386387" lon="-72.360675">
        <ele>252.8</ele>
      </trkpt>
      <trkpt lat="45.386498" lon="-72.360663">
        <ele>252.2</ele>
      </trkpt>
      <trkpt lat="45.386616" lon="-72.360645">
        <ele>251.6</ele>
      </trkpt>
      <trkpt lat="45.386735" lon="-72.360629">
        <ele>250.9</ele>
      </trkpt>
      <trkpt lat="45.386887" lon="-72.36061">
        <ele>250</ele>
      </trkpt>
      <trkpt lat="45.387051" lon="-72.360586">
        <ele>249.1</ele>
      </trkpt>
      <trkpt lat="45.387234" lon="-72.360548">
        <ele>248</ele>
      </trkpt>
      <trkpt lat="45.387434" lon="-72.360511">
        <ele>246.9</ele>
      </trkpt>
      <trkpt lat="45.387646" lon="-72.36047">
        <ele>246</ele>
      </trkpt>
      <trkpt lat="45.387859" lon="-72.360439">
        <ele>245.1</ele>
      </trkpt>
      <trkpt lat="45.388203" lon="-72.360395">
        <ele>243.2</ele>
      </trkpt>
      <trkpt lat="45.388424" lon="-72.36036">
        <ele>241.5</ele>
      </trkpt>
      <trkpt lat="45.388627" lon="-72.360321">
        <ele>239.5</ele>
      </trkpt>
      <trkpt lat="45.388849" lon="-72.360295">
        <ele>237.3</ele>
      </trkpt>
      <trkpt lat="45.389144" lon="-72.360266">
        <ele>234.6</ele>
      </trkpt>
      <trkpt lat="45.389355" lon="-72.360232">
        <ele>233.3</ele>
      </trkpt>
      <trkpt lat="45.389567" lon="-72.360193">
        <ele>232.6</ele>
      </trkpt>
      <trkpt lat="45.38978" lon="-72.360131">
        <ele>232.4</ele>
      </trkpt>
      <trkpt lat="45.389994" lon="-72.360072">
        <ele>232.8</ele>
      </trkpt>
      <trkpt lat="45.390332" lon="-72.359986">
        <ele>233.9</ele>
      </trkpt>
      <trkpt lat="45.390547" lon="-72.359946">
        <ele>234.7</ele>
      </trkpt>
      <trkpt lat="45.390757" lon="-72.359912">
        <ele>235.5</ele>
      </trkpt>
      <trkpt lat="45.39095" lon="-72.359884">
        <ele>236.2</ele>
      </trkpt>
      <trkpt lat="45.391137" lon="-72.359854">
        <ele>236.8</ele>
      </trkpt>
      <trkpt lat="45.391309" lon="-72.35982">
        <ele>237.4</ele>
      </trkpt>
      <trkpt lat="45.391463" lon="-72.359786">
        <ele>237.9</ele>
      </trkpt>
      <trkpt lat="45.391616" lon="-72.359743">
        <ele>238.5</ele>
      </trkpt>
      <trkpt lat="45.39175" lon="-72.359708">
        <ele>239</ele>
      </trkpt>
      <trkpt lat="45.391887" lon="-72.359676">
        <ele>239.5</ele>
      </trkpt>
      <trkpt lat="45.39208" lon="-72.359639">
        <ele>240.2</ele>
      </trkpt>
      <trkpt lat="45.392197" lon="-72.359628">
        <ele>240.5</ele>
      </trkpt>
      <trkpt lat="45.392306" lon="-72.359612">
        <ele>240.9</ele>
      </trkpt>
      <trkpt lat="45.392461" lon="-72.359561">
        <ele>241.5</ele>
      </trkpt>
      <trkpt lat="45.392519" lon="-72.359544">
        <ele>241.7</ele>
      </trkpt>
      <trkpt lat="45.392598" lon="-72.35953">
        <ele>241.9</ele>
      </trkpt>
      <trkpt lat="45.392677" lon="-72.359505">
        <ele>242.2</ele>
      </trkpt>
      <trkpt lat="45.392761" lon="-72.359482">
        <ele>242.5</ele>
      </trkpt>
      <trkpt lat="45.392849" lon="-72.359457">
        <ele>242.9</ele>
      </trkpt>
      <trkpt lat="45.392935" lon="-72.359436">
        <ele>243.2</ele>
      </trkpt>
      <trkpt lat="45.393001" lon="-72.359424">
        <ele>243.5</ele>
      </trkpt>
      <trkpt lat="45.393081" lon="-72.359408">
        <ele>243.8</ele>
      </trkpt>
      <trkpt lat="45.393148" lon="-72.359387">
        <ele>244.1</ele>
      </trkpt>
      <trkpt lat="45.393241" lon="-72.359367">
        <ele>244.5</ele>
      </trkpt>
      <trkpt lat="45.393332" lon="-72.359343">
        <ele>244.9</ele>
      </trkpt>
      <trkpt lat="45.393415" lon="-72.359314">
        <ele>245.4</ele>
      </trkpt>
      <trkpt lat="45.393487" lon="-72.359304">
        <ele>245.7</ele>
      </trkpt>
      <trkpt lat="45.393549" lon="-72.359297">
        <ele>246</ele>
      </trkpt>
      <trkpt lat="45.393631" lon="-72.359281">
        <ele>246.4</ele>
      </trkpt>
      <trkpt lat="45.393694" lon="-72.359276">
        <ele>246.7</ele>
      </trkpt>
      <trkpt lat="45.393742" lon="-72.35925">
        <ele>247</ele>
      </trkpt>
      <trkpt lat="45.393845" lon="-72.359226">
        <ele>247.5</ele>
      </trkpt>
      <trkpt lat="45.393921" lon="-72.359216">
        <ele>247.9</ele>
      </trkpt>
      <trkpt lat="45.393988" lon="-72.359204">
        <ele>248.2</ele>
      </trkpt>
      <trkpt lat="45.394043" lon="-72.359195">
        <ele>248.5</ele>
      </trkpt>
      <trkpt lat="45.394119" lon="-72.359179">
        <ele>248.9</ele>
      </trkpt>
      <trkpt lat="45.394207" lon="-72.359157">
        <ele>249.3</ele>
      </trkpt>
      <trkpt lat="45.394264" lon="-72.359144">
        <ele>249.5</ele>
      </trkpt>
      <trkpt lat="45.39436" lon="-72.359124">
        <ele>249.9</ele>
      </trkpt>
      <trkpt lat="45.394426" lon="-72.359119">
        <ele>250.2</ele>
      </trkpt>
      <trkpt lat="45.394486" lon="-72.359107">
        <ele>250.4</ele>
      </trkpt>
      <trkpt lat="45.394577" lon="-72.359091">
        <ele>250.8</ele>
      </trkpt>
      <trkpt lat="45.394644" lon="-72.359071">
        <ele>251</ele>
      </trkpt>
      <trkpt lat="45.394717" lon="-72.359054">
        <ele>251.3</ele>
      </trkpt>
      <trkpt lat="45.394791" lon="-72.359035">
        <ele>251.6</ele>
      </trkpt>
      <trkpt lat="45.394895" lon="-72.359008">
        <ele>251.9</ele>
      </trkpt>
      <trkpt lat="45.394986" lon="-72.358998">
        <ele>252.2</ele>
      </trkpt>
      <trkpt lat="45.395057" lon="-72.358977">
        <ele>252.5</ele>
      </trkpt>
      <trkpt lat="45.39513" lon="-72.358963">
        <ele>252.7</ele>
      </trkpt>
      <trkpt lat="45.395194" lon="-72.358942">
        <ele>252.9</ele>
      </trkpt>
      <trkpt lat="45.395259" lon="-72.358924">
        <ele>253.1</ele>
      </trkpt>
      <trkpt lat="45.39533" lon="-72.35891">
        <ele>253.4</ele>
      </trkpt>
      <trkpt lat="45.395405" lon="-72.358888">
        <ele>253.6</ele>
      </trkpt>
      <trkpt lat="45.395492" lon="-72.358871">
        <ele>253.9</ele>
      </trkpt>
      <trkpt lat="45.395582" lon="-72.358844">
        <ele>254.2</ele>
      </trkpt>
      <trkpt lat="45.395654" lon="-72.358827">
        <ele>254.4</ele>
      </trkpt>
      <trkpt lat="45.395734" lon="-72.358812">
        <ele>254.7</ele>
      </trkpt>
      <trkpt lat="45.395794" lon="-72.358802">
        <ele>254.8</ele>
      </trkpt>
      <trkpt lat="45.395888" lon="-72.358792">
        <ele>255.1</ele>
      </trkpt>
      <trkpt lat="45.395959" lon="-72.358777">
        <ele>255.3</ele>
      </trkpt>
      <trkpt lat="45.396035" lon="-72.358765">
        <ele>255.5</ele>
      </trkpt>
      <trkpt lat="45.396135" lon="-72.358742">
        <ele>255.7</ele>
      </trkpt>
      <trkpt lat="45.396247" lon="-72.35872">
        <ele>255.9</ele>
      </trkpt>
      <trkpt lat="45.39634" lon="-72.358708">
        <ele>256.1</ele>
      </trkpt>
      <trkpt lat="45.396439" lon="-72.358698">
        <ele>256.3</ele>
      </trkpt>
      <trkpt lat="45.396539" lon="-72.358688">
        <ele>256.4</ele>
      </trkpt>
      <trkpt lat="45.39664" lon="-72.358676">
        <ele>256.5</ele>
      </trkpt>
      <trkpt lat="45.396747" lon="-72.358659">
        <ele>256.7</ele>
      </trkpt>
      <trkpt lat="45.396849" lon="-72.358642">
        <ele>256.8</ele>
      </trkpt>
      <trkpt lat="45.396954" lon="-72.358633">
        <ele>256.9</ele>
      </trkpt>
      <trkpt lat="45.397065" lon="-72.358615">
        <ele>257</ele>
      </trkpt>
      <trkpt lat="45.397227" lon="-72.358601">
        <ele>257.2</ele>
      </trkpt>
      <trkpt lat="45.397345" lon="-72.358587">
        <ele>257.3</ele>
      </trkpt>
      <trkpt lat="45.397462" lon="-72.358563">
        <ele>257.4</ele>
      </trkpt>
      <trkpt lat="45.39757" lon="-72.358538">
        <ele>257.5</ele>
      </trkpt>
      <trkpt lat="45.397731" lon="-72.358506">
        <ele>257.6</ele>
      </trkpt>
      <trkpt lat="45.397844" lon="-72.358488">
        <ele>257.7</ele>
      </trkpt>
      <trkpt lat="45.397955" lon="-72.358474">
        <ele>257.7</ele>
      </trkpt>
      <trkpt lat="45.398069" lon="-72.358456">
        <ele>257.7</ele>
      </trkpt>
      <trkpt lat="45.39818" lon="-72.358435">
        <ele>257.7</ele>
      </trkpt>
      <trkpt lat="45.398291" lon="-72.358412">
        <ele>257.7</ele>
      </trkpt>
      <trkpt lat="45.39839" lon="-72.358391">
        <ele>257.6</ele>
      </trkpt>
      <trkpt lat="45.3985" lon="-72.358377">
        <ele>257.6</ele>
      </trkpt>
      <trkpt lat="45.398611" lon="-72.358357">
        <ele>257.5</ele>
      </trkpt>
      <trkpt lat="45.398716" lon="-72.358337">
        <ele>257.4</ele>
      </trkpt>
      <trkpt lat="45.398888" lon="-72.358305">
        <ele>257.3</ele>
      </trkpt>
      <trkpt lat="45.398994" lon="-72.358283">
        <ele>257.3</ele>
      </trkpt>
      <trkpt lat="45.3991" lon="-72.358264">
        <ele>257.3</ele>
      </trkpt>
      <trkpt lat="45.3992" lon="-72.358242">
        <ele>257.2</ele>
      </trkpt>
      <trkpt lat="45.399306" lon="-72.358218">
        <ele>257.2</ele>
      </trkpt>
      <trkpt lat="45.39942" lon="-72.358193">
        <ele>257.2</ele>
      </trkpt>
      <trkpt lat="45.399533" lon="-72.358168">
        <ele>257.3</ele>
      </trkpt>
      <trkpt lat="45.399646" lon="-72.358132">
        <ele>257.3</ele>
      </trkpt>
      <trkpt lat="45.399751" lon="-72.358115">
        <ele>257.2</ele>
      </trkpt>
      <trkpt lat="45.399923" lon="-72.358089">
        <ele>257.2</ele>
      </trkpt>
      <trkpt lat="45.400036" lon="-72.358071">
        <ele>257.2</ele>
      </trkpt>
      <trkpt lat="45.400155" lon="-72.358042">
        <ele>257.1</ele>
      </trkpt>
      <trkpt lat="45.400265" lon="-72.358018">
        <ele>257.1</ele>
      </trkpt>
      <trkpt lat="45.400372" lon="-72.357993">
        <ele>257.1</ele>
      </trkpt>
      <trkpt lat="45.40048" lon="-72.357963">
        <ele>257</ele>
      </trkpt>
      <trkpt lat="45.400588" lon="-72.357937">
        <ele>257</ele>
      </trkpt>
      <trkpt lat="45.400759" lon="-72.357908">
        <ele>257</ele>
      </trkpt>
      <trkpt lat="45.400865" lon="-72.357886">
        <ele>257</ele>
      </trkpt>
      <trkpt lat="45.400979" lon="-72.357866">
        <ele>257</ele>
      </trkpt>
      <trkpt lat="45.401087" lon="-72.357844">
        <ele>256.9</ele>
      </trkpt>
      <trkpt lat="45.401263" lon="-72.357807">
        <ele>256.9</ele>
      </trkpt>
      <trkpt lat="45.401366" lon="-72.357788">
        <ele>256.8</ele>
      </trkpt>
      <trkpt lat="45.401492" lon="-72.357764">
        <ele>256.7</ele>
      </trkpt>
      <trkpt lat="45.401606" lon="-72.357734">
        <ele>256.6</ele>
      </trkpt>
      <trkpt lat="45.40179" lon="-72.357687">
        <ele>256.4</ele>
      </trkpt>
      <trkpt lat="45.40189" lon="-72.357668">
        <ele>256.3</ele>
      </trkpt>
      <trkpt lat="45.402" lon="-72.357647">
        <ele>256.2</ele>
      </trkpt>
      <trkpt lat="45.402103" lon="-72.357622">
        <ele>256.1</ele>
      </trkpt>
      <trkpt lat="45.402214" lon="-72.357589">
        <ele>256</ele>
      </trkpt>
      <trkpt lat="45.402318" lon="-72.357562">
        <ele>256</ele>
      </trkpt>
      <trkpt lat="45.402428" lon="-72.357541">
        <ele>255.9</ele>
      </trkpt>
      <trkpt lat="45.402536" lon="-72.357523">
        <ele>255.9</ele>
      </trkpt>
      <trkpt lat="45.402643" lon="-72.357505">
        <ele>255.8</ele>
      </trkpt>
      <trkpt lat="45.402751" lon="-72.357474">
        <ele>255.9</ele>
      </trkpt>
      <trkpt lat="45.402854" lon="-72.35745">
        <ele>255.9</ele>
      </trkpt>
      <trkpt lat="45.403014" lon="-72.357415">
        <ele>255.9</ele>
      </trkpt>
      <trkpt lat="45.403116" lon="-72.357393">
        <ele>256</ele>
      </trkpt>
      <trkpt lat="45.40322" lon="-72.357363">
        <ele>256</ele>
      </trkpt>
      <trkpt lat="45.403373" lon="-72.357333">
        <ele>256.1</ele>
      </trkpt>
      <trkpt lat="45.403474" lon="-72.357314">
        <ele>256.1</ele>
      </trkpt>
      <trkpt lat="45.40358" lon="-72.357296">
        <ele>256.2</ele>
      </trkpt>
      <trkpt lat="45.403683" lon="-72.357278">
        <ele>256.2</ele>
      </trkpt>
      <trkpt lat="45.403787" lon="-72.357266">
        <ele>256.2</ele>
      </trkpt>
      <trkpt lat="45.403886" lon="-72.357243">
        <ele>256.2</ele>
      </trkpt>
      <trkpt lat="45.40398" lon="-72.357209">
        <ele>256.3</ele>
      </trkpt>
      <trkpt lat="45.404049" lon="-72.357194">
        <ele>256.3</ele>
      </trkpt>
      <trkpt lat="45.404126" lon="-72.357193">
        <ele>256.3</ele>
      </trkpt>
      <trkpt lat="45.4042" lon="-72.357226">
        <ele>256.2</ele>
      </trkpt>
      <trkpt lat="45.404262" lon="-72.357334">
        <ele>256.1</ele>
      </trkpt>
      <trkpt lat="45.404269" lon="-72.35751">
        <ele>255.9</ele>
      </trkpt>
      <trkpt lat="45.404262" lon="-72.357669">
        <ele>255.7</ele>
      </trkpt>
      <trkpt lat="45.404256" lon="-72.357906">
        <ele>255.5</ele>
      </trkpt>
      <trkpt lat="45.404252" lon="-72.358053">
        <ele>255.3</ele>
      </trkpt>
      <trkpt lat="45.404244" lon="-72.358201">
        <ele>255.1</ele>
      </trkpt>
      <trkpt lat="45.40425" lon="-72.358333">
        <ele>254.9</ele>
      </trkpt>
      <trkpt lat="45.404363" lon="-72.358495">
        <ele>254.6</ele>
      </trkpt>
      <trkpt lat="45.404483" lon="-72.358445">
        <ele>254.7</ele>
      </trkpt>
      <trkpt lat="45.404587" lon="-72.358325">
        <ele>254.9</ele>
      </trkpt>
      <trkpt lat="45.404723" lon="-72.358157">
        <ele>255.1</ele>
      </trkpt>
      <trkpt lat="45.404807" lon="-72.358053">
        <ele>255.3</ele>
      </trkpt>
      <trkpt lat="45.404904" lon="-72.357952">
        <ele>255.4</ele>
      </trkpt>
      <trkpt lat="45.405007" lon="-72.357866">
        <ele>255.5</ele>
      </trkpt>
      <trkpt lat="45.405107" lon="-72.357782">
        <ele>255.7</ele>
      </trkpt>
      <trkpt lat="45.405201" lon="-72.357688">
        <ele>255.9</ele>
      </trkpt>
      <trkpt lat="45.405299" lon="-72.357592">
        <ele>256.2</ele>
      </trkpt>
      <trkpt lat="45.405399" lon="-72.357498">
        <ele>256.4</ele>
      </trkpt>
      <trkpt lat="45.405493" lon="-72.357408">
        <ele>256.7</ele>
      </trkpt>
      <trkpt lat="45.40559" lon="-72.357313">
        <ele>256.9</ele>
      </trkpt>
      <trkpt lat="45.405681" lon="-72.357243">
        <ele>257.2</ele>
      </trkpt>
      <trkpt lat="45.405761" lon="-72.357177">
        <ele>257.3</ele>
      </trkpt>
      <trkpt lat="45.405824" lon="-72.357123">
        <ele>257.5</ele>
      </trkpt>
      <trkpt lat="45.405912" lon="-72.357052">
        <ele>257.7</ele>
      </trkpt>
      <trkpt lat="45.405999" lon="-72.356969">
        <ele>257.9</ele>
      </trkpt>
      <trkpt lat="45.406078" lon="-72.356883">
        <ele>258</ele>
      </trkpt>
      <trkpt lat="45.406152" lon="-72.356795">
        <ele>258.2</ele>
      </trkpt>
      <trkpt lat="45.406206" lon="-72.356741">
        <ele>258.3</ele>
      </trkpt>
      <trkpt lat="45.406254" lon="-72.356693">
        <ele>258.4</ele>
      </trkpt>
      <trkpt lat="45.406306" lon="-72.356646">
        <ele>258.5</ele>
      </trkpt>
      <trkpt lat="45.406367" lon="-72.356593">
        <ele>258.5</ele>
      </trkpt>
      <trkpt lat="45.406438" lon="-72.356529">
        <ele>258.6</ele>
      </trkpt>
      <trkpt lat="45.406504" lon="-72.356463">
        <ele>258.6</ele>
      </trkpt>
      <trkpt lat="45.406568" lon="-72.356396">
        <ele>258.6</ele>
      </trkpt>
      <trkpt lat="45.406629" lon="-72.356319">
        <ele>258.5</ele>
      </trkpt>
      <trkpt lat="45.406704" lon="-72.356241">
        <ele>258.4</ele>
      </trkpt>
      <trkpt lat="45.40679" lon="-72.356169">
        <ele>258.3</ele>
      </trkpt>
      <trkpt lat="45.40688" lon="-72.356099">
        <ele>258.1</ele>
      </trkpt>
      <trkpt lat="45.406972" lon="-72.356006">
        <ele>257.9</ele>
      </trkpt>
      <trkpt lat="45.407072" lon="-72.355929">
        <ele>257.6</ele>
      </trkpt>
      <trkpt lat="45.407174" lon="-72.35584">
        <ele>257.3</ele>
      </trkpt>
      <trkpt lat="45.407282" lon="-72.355744">
        <ele>256.9</ele>
      </trkpt>
      <trkpt lat="45.407391" lon="-72.355642">
        <ele>256.6</ele>
      </trkpt>
      <trkpt lat="45.407495" lon="-72.355556">
        <ele>256.3</ele>
      </trkpt>
      <trkpt lat="45.407603" lon="-72.355459">
        <ele>256.1</ele>
      </trkpt>
      <trkpt lat="45.407713" lon="-72.35536">
        <ele>255.8</ele>
      </trkpt>
      <trkpt lat="45.407825" lon="-72.355262">
        <ele>255.6</ele>
      </trkpt>
      <trkpt lat="45.407933" lon="-72.355165">
        <ele>255.4</ele>
      </trkpt>
      <trkpt lat="45.408041" lon="-72.355064">
        <ele>255.1</ele>
      </trkpt>
      <trkpt lat="45.408153" lon="-72.354966">
        <ele>254.9</ele>
      </trkpt>
      <trkpt lat="45.408264" lon="-72.354864">
        <ele>254.6</ele>
      </trkpt>
      <trkpt lat="45.408373" lon="-72.354762">
        <ele>254.4</ele>
      </trkpt>
      <trkpt lat="45.408494" lon="-72.354661">
        <ele>254.1</ele>
      </trkpt>
      <trkpt lat="45.408613" lon="-72.35455">
        <ele>253.8</ele>
      </trkpt>
      <trkpt lat="45.408731" lon="-72.354436">
        <ele>253.5</ele>
      </trkpt>
      <trkpt lat="45.408846" lon="-72.354333">
        <ele>253.3</ele>
      </trkpt>
      <trkpt lat="45.408956" lon="-72.354221">
        <ele>253.1</ele>
      </trkpt>
      <trkpt lat="45.409064" lon="-72.354112">
        <ele>252.9</ele>
      </trkpt>
      <trkpt lat="45.409176" lon="-72.354008">
        <ele>252.8</ele>
      </trkpt>
      <trkpt lat="45.40929" lon="-72.353903">
        <ele>252.7</ele>
      </trkpt>
      <trkpt lat="45.409403" lon="-72.353806">
        <ele>252.5</ele>
      </trkpt>
      <trkpt lat="45.409515" lon="-72.353701">
        <ele>252.4</ele>
      </trkpt>
      <trkpt lat="45.409622" lon="-72.353596">
        <ele>252.2</ele>
      </trkpt>
      <trkpt lat="45.40972" lon="-72.353493">
        <ele>252.1</ele>
      </trkpt>
      <trkpt lat="45.409817" lon="-72.353401">
        <ele>251.9</ele>
      </trkpt>
      <trkpt lat="45.409909" lon="-72.353316">
        <ele>251.8</ele>
      </trkpt>
      <trkpt lat="45.410003" lon="-72.353227">
        <ele>251.6</ele>
      </trkpt>
      <trkpt lat="45.410107" lon="-72.353137">
        <ele>251.4</ele>
      </trkpt>
      <trkpt lat="45.410213" lon="-72.353029">
        <ele>251.2</ele>
      </trkpt>
      <trkpt lat="45.410329" lon="-72.352913">
        <ele>250.9</ele>
      </trkpt>
      <trkpt lat="45.410447" lon="-72.352801">
        <ele>250.6</ele>
      </trkpt>
      <trkpt lat="45.410558" lon="-72.35269">
        <ele>250.3</ele>
      </trkpt>
      <trkpt lat="45.410672" lon="-72.352592">
        <ele>250.1</ele>
      </trkpt>
      <trkpt lat="45.410787" lon="-72.3525">
        <ele>249.8</ele>
      </trkpt>
      <trkpt lat="45.410966" lon="-72.352335">
        <ele>249.4</ele>
      </trkpt>
      <trkpt lat="45.41109" lon="-72.35222">
        <ele>249.2</ele>
      </trkpt>
      <trkpt lat="45.411214" lon="-72.352108">
        <ele>249.1</ele>
      </trkpt>
      <trkpt lat="45.411343" lon="-72.351997">
        <ele>249</ele>
      </trkpt>
      <trkpt lat="45.411476" lon="-72.351882">
        <ele>248.9</ele>
      </trkpt>
      <trkpt lat="45.411612" lon="-72.351768">
        <ele>248.7</ele>
      </trkpt>
      <trkpt lat="45.411746" lon="-72.351656">
        <ele>248.4</ele>
      </trkpt>
      <trkpt lat="45.411879" lon="-72.351542">
        <ele>248.1</ele>
      </trkpt>
      <trkpt lat="45.41201" lon="-72.351424">
        <ele>247.8</ele>
      </trkpt>
      <trkpt lat="45.412134" lon="-72.351311">
        <ele>247.5</ele>
      </trkpt>
      <trkpt lat="45.412254" lon="-72.351201">
        <ele>247.2</ele>
      </trkpt>
      <trkpt lat="45.412375" lon="-72.35109">
        <ele>247</ele>
      </trkpt>
      <trkpt lat="45.412503" lon="-72.350963">
        <ele>246.7</ele>
      </trkpt>
      <trkpt lat="45.412636" lon="-72.350834">
        <ele>246.5</ele>
      </trkpt>
      <trkpt lat="45.41278" lon="-72.350703">
        <ele>246.2</ele>
      </trkpt>
      <trkpt lat="45.412927" lon="-72.350564">
        <ele>245.9</ele>
      </trkpt>
      <trkpt lat="45.413002" lon="-72.350491">
        <ele>245.7</ele>
      </trkpt>
      <trkpt lat="45.413236" lon="-72.350284">
        <ele>245.3</ele>
      </trkpt>
      <trkpt lat="45.41339" lon="-72.350135">
        <ele>245.1</ele>
      </trkpt>
      <trkpt lat="45.413632" lon="-72.349903">
        <ele>244.8</ele>
      </trkpt>
      <trkpt lat="45.413804" lon="-72.349737">
        <ele>244.6</ele>
      </trkpt>
      <trkpt lat="45.41396" lon="-72.349584">
        <ele>244.4</ele>
      </trkpt>
      <trkpt lat="45.414122" lon="-72.349429">
        <ele>244.1</ele>
      </trkpt>
      <trkpt lat="45.41428" lon="-72.349265">
        <ele>243.8</ele>
      </trkpt>
      <trkpt lat="45.414463" lon="-72.349083">
        <ele>243.5</ele>
      </trkpt>
      <trkpt lat="45.414614" lon="-72.348942">
        <ele>243.3</ele>
      </trkpt>
      <trkpt lat="45.414792" lon="-72.348783">
        <ele>243.1</ele>
      </trkpt>
      <trkpt lat="45.414981" lon="-72.348612">
        <ele>242.8</ele>
      </trkpt>
      <trkpt lat="45.415264" lon="-72.348355">
        <ele>242.3</ele>
      </trkpt>
      <trkpt lat="45.41546" lon="-72.34818">
        <ele>241.7</ele>
      </trkpt>
      <trkpt lat="45.415661" lon="-72.347993">
        <ele>240.8</ele>
      </trkpt>
      <trkpt lat="45.415861" lon="-72.347804">
        <ele>239.8</ele>
      </trkpt>
      <trkpt lat="45.416061" lon="-72.347618">
        <ele>238.7</ele>
      </trkpt>
      <trkpt lat="45.41626" lon="-72.347433">
        <ele>237.7</ele>
      </trkpt>
      <trkpt lat="45.416476" lon="-72.347233">
        <ele>236.6</ele>
      </trkpt>
      <trkpt lat="45.416671" lon="-72.347052">
        <ele>235.7</ele>
      </trkpt>
      <trkpt lat="45.416874" lon="-72.346871">
        <ele>234.7</ele>
      </trkpt>
      <trkpt lat="45.417154" lon="-72.346613">
        <ele>233.1</ele>
      </trkpt>
      <trkpt lat="45.417351" lon="-72.346439">
        <ele>231.9</ele>
      </trkpt>
      <trkpt lat="45.417524" lon="-72.346272">
        <ele>230.6</ele>
      </trkpt>
      <trkpt lat="45.417753" lon="-72.346055">
        <ele>228.8</ele>
      </trkpt>
      <trkpt lat="45.417906" lon="-72.345915">
        <ele>227.7</ele>
      </trkpt>
      <trkpt lat="45.418048" lon="-72.345774">
        <ele>226.7</ele>
      </trkpt>
      <trkpt lat="45.418191" lon="-72.345643">
        <ele>225.7</ele>
      </trkpt>
      <trkpt lat="45.418434" lon="-72.34541">
        <ele>224.2</ele>
      </trkpt>
      <trkpt lat="45.418601" lon="-72.345258">
        <ele>223.2</ele>
      </trkpt>
      <trkpt lat="45.418786" lon="-72.345085">
        <ele>222.1</ele>
      </trkpt>
      <trkpt lat="45.418978" lon="-72.344919">
        <ele>221</ele>
      </trkpt>
      <trkpt lat="45.419171" lon="-72.344744">
        <ele>220</ele>
      </trkpt>
      <trkpt lat="45.419357" lon="-72.344566">
        <ele>219</ele>
      </trkpt>
      <trkpt lat="45.419531" lon="-72.344402">
        <ele>218.2</ele>
      </trkpt>
      <trkpt lat="45.419706" lon="-72.344242">
        <ele>217.4</ele>
      </trkpt>
      <trkpt lat="45.419952" lon="-72.344032">
        <ele>216.3</ele>
      </trkpt>
      <trkpt lat="45.420099" lon="-72.343924">
        <ele>215.6</ele>
      </trkpt>
      <trkpt lat="45.420271" lon="-72.343904">
        <ele>215</ele>
      </trkpt>
      <trkpt lat="45.420449" lon="-72.343928">
        <ele>214.5</ele>
      </trkpt>
      <trkpt lat="45.420616" lon="-72.343951">
        <ele>214</ele>
      </trkpt>
      <trkpt lat="45.420771" lon="-72.343991">
        <ele>213.7</ele>
      </trkpt>
      <trkpt lat="45.420921" lon="-72.344029">
        <ele>213.4</ele>
      </trkpt>
      <trkpt lat="45.421066" lon="-72.344065">
        <ele>213.2</ele>
      </trkpt>
      <trkpt lat="45.421243" lon="-72.344103">
        <ele>213.1</ele>
      </trkpt>
      <trkpt lat="45.421317" lon="-72.34413">
        <ele>213</ele>
      </trkpt>
      <trkpt lat="45.421386" lon="-72.344143">
        <ele>213</ele>
      </trkpt>
      <trkpt lat="45.421473" lon="-72.344169">
        <ele>212.9</ele>
      </trkpt>
      <trkpt lat="45.421542" lon="-72.34419">
        <ele>212.9</ele>
      </trkpt>
      <trkpt lat="45.421627" lon="-72.344199">
        <ele>212.9</ele>
      </trkpt>
      <trkpt lat="45.421705" lon="-72.344199">
        <ele>212.9</ele>
      </trkpt>
      <trkpt lat="45.421803" lon="-72.344188">
        <ele>212.9</ele>
      </trkpt>
      <trkpt lat="45.421899" lon="-72.344173">
        <ele>212.9</ele>
      </trkpt>
      <trkpt lat="45.421988" lon="-72.344147">
        <ele>212.9</ele>
      </trkpt>
      <trkpt lat="45.422078" lon="-72.344117">
        <ele>212.9</ele>
      </trkpt>
      <trkpt lat="45.422175" lon="-72.344079">
        <ele>212.9</ele>
      </trkpt>
      <trkpt lat="45.422272" lon="-72.344032">
        <ele>212.9</ele>
      </trkpt>
      <trkpt lat="45.42237" lon="-72.343982">
        <ele>212.9</ele>
      </trkpt>
      <trkpt lat="45.422459" lon="-72.343926">
        <ele>212.9</ele>
      </trkpt>
      <trkpt lat="45.422546" lon="-72.343866">
        <ele>212.9</ele>
      </trkpt>
      <trkpt lat="45.422636" lon="-72.343808">
        <ele>212.9</ele>
      </trkpt>
      <trkpt lat="45.422729" lon="-72.343746">
        <ele>212.9</ele>
      </trkpt>
      <trkpt lat="45.422817" lon="-72.343682">
        <ele>212.9</ele>
      </trkpt>
      <trkpt lat="45.422911" lon="-72.343606">
        <ele>212.9</ele>
      </trkpt>
      <trkpt lat="45.423004" lon="-72.343531">
        <ele>212.9</ele>
      </trkpt>
      <trkpt lat="45.42315" lon="-72.343416">
        <ele>212.9</ele>
      </trkpt>
      <trkpt lat="45.423247" lon="-72.343342">
        <ele>212.9</ele>
      </trkpt>
      <trkpt lat="45.42335" lon="-72.343261">
        <ele>212.9</ele>
      </trkpt>
      <trkpt lat="45.423451" lon="-72.343173">
        <ele>212.9</ele>
      </trkpt>
      <trkpt lat="45.423551" lon="-72.343085">
        <ele>212.9</ele>
      </trkpt>
      <trkpt lat="45.423649" lon="-72.342996">
        <ele>212.9</ele>
      </trkpt>
      <trkpt lat="45.423748" lon="-72.342915">
        <ele>212.9</ele>
      </trkpt>
      <trkpt lat="45.423841" lon="-72.342832">
        <ele>212.9</ele>
      </trkpt>
      <trkpt lat="45.42393" lon="-72.342751">
        <ele>212.9</ele>
      </trkpt>
      <trkpt lat="45.424013" lon="-72.342671">
        <ele>212.9</ele>
      </trkpt>
      <trkpt lat="45.424102" lon="-72.342591">
        <ele>212.9</ele>
      </trkpt>
      <trkpt lat="45.424184" lon="-72.342507">
        <ele>212.9</ele>
      </trkpt>
      <trkpt lat="45.424315" lon="-72.342376">
        <ele>212.9</ele>
      </trkpt>
      <trkpt lat="45.424412" lon="-72.342289">
        <ele>212.9</ele>
      </trkpt>
      <trkpt lat="45.424499" lon="-72.342198">
        <ele>212.9</ele>
      </trkpt>
      <trkpt lat="45.424586" lon="-72.342106">
        <ele>212.9</ele>
      </trkpt>
      <trkpt lat="45.424722" lon="-72.341985">
        <ele>212.9</ele>
      </trkpt>
      <trkpt lat="45.424811" lon="-72.341899">
        <ele>212.9</ele>
      </trkpt>
      <trkpt lat="45.424888" lon="-72.341804">
        <ele>212.9</ele>
      </trkpt>
      <trkpt lat="45.424964" lon="-72.341714">
        <ele>212.9</ele>
      </trkpt>
      <trkpt lat="45.425036" lon="-72.341622">
        <ele>212.9</ele>
      </trkpt>
      <trkpt lat="45.42507" lon="-72.341554">
        <ele>212.9</ele>
      </trkpt>
      <trkpt lat="45.424985" lon="-72.341431">
        <ele>212.9</ele>
      </trkpt>
      <trkpt lat="45.424827" lon="-72.341381">
        <ele>212.9</ele>
      </trkpt>
      <trkpt lat="45.424716" lon="-72.341296">
        <ele>212.9</ele>
      </trkpt>
      <trkpt lat="45.424612" lon="-72.341221">
        <ele>212.9</ele>
      </trkpt>
      <trkpt lat="45.424506" lon="-72.341158">
        <ele>212.9</ele>
      </trkpt>
      <trkpt lat="45.424379" lon="-72.341087">
        <ele>212.9</ele>
      </trkpt>
      <trkpt lat="45.42427" lon="-72.34102">
        <ele>212.9</ele>
      </trkpt>
      <trkpt lat="45.424094" lon="-72.340912">
        <ele>212.9</ele>
      </trkpt>
      <trkpt lat="45.423981" lon="-72.340831">
        <ele>213.2</ele>
      </trkpt>
      <trkpt lat="45.423866" lon="-72.340755">
        <ele>213.3</ele>
      </trkpt>
      <trkpt lat="45.423756" lon="-72.340662">
        <ele>213.6</ele>
      </trkpt>
      <trkpt lat="45.423658" lon="-72.340572">
        <ele>213.8</ele>
      </trkpt>
      <trkpt lat="45.423558" lon="-72.340503">
        <ele>214.1</ele>
      </trkpt>
      <trkpt lat="45.423446" lon="-72.340432">
        <ele>214.3</ele>
      </trkpt>
      <trkpt lat="45.423328" lon="-72.340352">
        <ele>214.6</ele>
      </trkpt>
      <trkpt lat="45.423216" lon="-72.340282">
        <ele>214.8</ele>
      </trkpt>
      <trkpt lat="45.423102" lon="-72.340208">
        <ele>215</ele>
      </trkpt>
      <trkpt lat="45.422943" lon="-72.340093">
        <ele>215.3</ele>
      </trkpt>
      <trkpt lat="45.422825" lon="-72.340045">
        <ele>215.4</ele>
      </trkpt>
      <trkpt lat="45.422703" lon="-72.340018">
        <ele>215.3</ele>
      </trkpt>
      <trkpt lat="45.422581" lon="-72.340028">
        <ele>215.1</ele>
      </trkpt>
      <trkpt lat="45.422474" lon="-72.340018">
        <ele>214.9</ele>
      </trkpt>
      <trkpt lat="45.422378" lon="-72.339937">
        <ele>215</ele>
      </trkpt>
      <trkpt lat="45.422257" lon="-72.339849">
        <ele>215.1</ele>
      </trkpt>
      <trkpt lat="45.422098" lon="-72.339734">
        <ele>215.1</ele>
      </trkpt>
      <trkpt lat="45.422041" lon="-72.339696">
        <ele>215.1</ele>
      </trkpt>
      <trkpt lat="45.421877" lon="-72.33958">
        <ele>215.1</ele>
      </trkpt>
      <trkpt lat="45.421774" lon="-72.339497">
        <ele>215.1</ele>
      </trkpt>
      <trkpt lat="45.421678" lon="-72.339434">
        <ele>215.1</ele>
      </trkpt>
      <trkpt lat="45.421615" lon="-72.339407">
        <ele>215</ele>
      </trkpt>
      <trkpt lat="45.421565" lon="-72.339384">
        <ele>214.9</ele>
      </trkpt>
      <trkpt lat="45.421516" lon="-72.339319">
        <ele>214.9</ele>
      </trkpt>
      <trkpt lat="45.421543" lon="-72.339227">
        <ele>215.3</ele>
      </trkpt>
      <trkpt lat="45.421474" lon="-72.33909">
        <ele>215.5</ele>
      </trkpt>
      <trkpt lat="45.421376" lon="-72.338972">
        <ele>215.4</ele>
      </trkpt>
      <trkpt lat="45.421271" lon="-72.338903">
        <ele>215.2</ele>
      </trkpt>
      <trkpt lat="45.421095" lon="-72.338812">
        <ele>214.8</ele>
      </trkpt>
      <trkpt lat="45.420976" lon="-72.33874">
        <ele>214.5</ele>
      </trkpt>
      <trkpt lat="45.420857" lon="-72.338654">
        <ele>214.3</ele>
      </trkpt>
      <trkpt lat="45.420739" lon="-72.338571">
        <ele>214.2</ele>
      </trkpt>
      <trkpt lat="45.420614" lon="-72.338484">
        <ele>214.1</ele>
      </trkpt>
      <trkpt lat="45.420445" lon="-72.338373">
        <ele>213.9</ele>
      </trkpt>
      <trkpt lat="45.420321" lon="-72.338303">
        <ele>213.7</ele>
      </trkpt>
      <trkpt lat="45.420206" lon="-72.338223">
        <ele>213.6</ele>
      </trkpt>
      <trkpt lat="45.420107" lon="-72.338153">
        <ele>213.4</ele>
      </trkpt>
      <trkpt lat="45.420004" lon="-72.338083">
        <ele>213.3</ele>
      </trkpt>
      <trkpt lat="45.419893" lon="-72.338013">
        <ele>213.1</ele>
      </trkpt>
      <trkpt lat="45.419777" lon="-72.337933">
        <ele>213</ele>
      </trkpt>
      <trkpt lat="45.419662" lon="-72.337857">
        <ele>212.9</ele>
      </trkpt>
      <trkpt lat="45.419579" lon="-72.33778">
        <ele>212.9</ele>
      </trkpt>
      <trkpt lat="45.419494" lon="-72.337718">
        <ele>212.9</ele>
      </trkpt>
      <trkpt lat="45.419352" lon="-72.337664">
        <ele>212.8</ele>
      </trkpt>
      <trkpt lat="45.419244" lon="-72.337611">
        <ele>212.7</ele>
      </trkpt>
      <trkpt lat="45.41906" lon="-72.337504">
        <ele>212.8</ele>
      </trkpt>
      <trkpt lat="45.418964" lon="-72.337436">
        <ele>212.8</ele>
      </trkpt>
      <trkpt lat="45.418851" lon="-72.337376">
        <ele>213</ele>
      </trkpt>
      <trkpt lat="45.41868" lon="-72.337313">
        <ele>213.4</ele>
      </trkpt>
      <trkpt lat="45.418583" lon="-72.337294">
        <ele>213.7</ele>
      </trkpt>
      <trkpt lat="45.418512" lon="-72.337239">
        <ele>214.1</ele>
      </trkpt>
      <trkpt lat="45.418395" lon="-72.337113">
        <ele>214.8</ele>
      </trkpt>
      <trkpt lat="45.418287" lon="-72.337004">
        <ele>215.6</ele>
      </trkpt>
      <trkpt lat="45.418179" lon="-72.336907">
        <ele>216.3</ele>
      </trkpt>
      <trkpt lat="45.418083" lon="-72.336833">
        <ele>216.9</ele>
      </trkpt>
      <trkpt lat="45.41798" lon="-72.336767">
        <ele>217.4</ele>
      </trkpt>
      <trkpt lat="45.417836" lon="-72.336667">
        <ele>218</ele>
      </trkpt>
      <trkpt lat="45.417707" lon="-72.336577">
        <ele>218.5</ele>
      </trkpt>
      <trkpt lat="45.417587" lon="-72.336486">
        <ele>218.8</ele>
      </trkpt>
      <trkpt lat="45.41743" lon="-72.336377">
        <ele>219.3</ele>
      </trkpt>
      <trkpt lat="45.417349" lon="-72.336321">
        <ele>219.6</ele>
      </trkpt>
      <trkpt lat="45.417222" lon="-72.336232">
        <ele>220</ele>
      </trkpt>
      <trkpt lat="45.417116" lon="-72.336172">
        <ele>220.3</ele>
      </trkpt>
      <trkpt lat="45.417057" lon="-72.336143">
        <ele>220.5</ele>
      </trkpt>
      <trkpt lat="45.41686" lon="-72.336036">
        <ele>221.1</ele>
      </trkpt>
      <trkpt lat="45.41679" lon="-72.335997">
        <ele>221.3</ele>
      </trkpt>
      <trkpt lat="45.416595" lon="-72.335892">
        <ele>221.8</ele>
      </trkpt>
      <trkpt lat="45.41648" lon="-72.335817">
        <ele>222</ele>
      </trkpt>
      <trkpt lat="45.416365" lon="-72.335725">
        <ele>222.3</ele>
      </trkpt>
      <trkpt lat="45.41625" lon="-72.335639">
        <ele>222.5</ele>
      </trkpt>
      <trkpt lat="45.41614" lon="-72.335556">
        <ele>222.7</ele>
      </trkpt>
      <trkpt lat="45.416032" lon="-72.335459">
        <ele>223</ele>
      </trkpt>
      <trkpt lat="45.415922" lon="-72.335363">
        <ele>223.2</ele>
      </trkpt>
      <trkpt lat="45.415753" lon="-72.335217">
        <ele>223.5</ele>
      </trkpt>
      <trkpt lat="45.415691" lon="-72.335166">
        <ele>223.6</ele>
      </trkpt>
      <trkpt lat="45.415522" lon="-72.335038">
        <ele>223.9</ele>
      </trkpt>
      <trkpt lat="45.415414" lon="-72.334951">
        <ele>224.2</ele>
      </trkpt>
      <trkpt lat="45.415287" lon="-72.33486">
        <ele>224.4</ele>
      </trkpt>
      <trkpt lat="45.415161" lon="-72.334755">
        <ele>224.6</ele>
      </trkpt>
      <trkpt lat="45.415046" lon="-72.334654">
        <ele>224.8</ele>
      </trkpt>
      <trkpt lat="45.414937" lon="-72.334542">
        <ele>225</ele>
      </trkpt>
      <trkpt lat="45.414769" lon="-72.334405">
        <ele>225.2</ele>
      </trkpt>
      <trkpt lat="45.414636" lon="-72.334305">
        <ele>225.3</ele>
      </trkpt>
      <trkpt lat="45.414514" lon="-72.334202">
        <ele>225.5</ele>
      </trkpt>
      <trkpt lat="45.414393" lon="-72.334109">
        <ele>225.6</ele>
      </trkpt>
      <trkpt lat="45.414273" lon="-72.334027">
        <ele>225.7</ele>
      </trkpt>
      <trkpt lat="45.414162" lon="-72.333945">
        <ele>225.9</ele>
      </trkpt>
      <trkpt lat="45.414047" lon="-72.333859">
        <ele>226</ele>
      </trkpt>
      <trkpt lat="45.413945" lon="-72.333783">
        <ele>226.2</ele>
      </trkpt>
      <trkpt lat="45.413836" lon="-72.333706">
        <ele>226.4</ele>
      </trkpt>
      <trkpt lat="45.413719" lon="-72.333601">
        <ele>226.6</ele>
      </trkpt>
      <trkpt lat="45.413599" lon="-72.333499">
        <ele>226.8</ele>
      </trkpt>
      <trkpt lat="45.413479" lon="-72.333399">
        <ele>227</ele>
      </trkpt>
      <trkpt lat="45.413364" lon="-72.333303">
        <ele>227.1</ele>
      </trkpt>
      <trkpt lat="45.413251" lon="-72.333211">
        <ele>227.2</ele>
      </trkpt>
      <trkpt lat="45.413141" lon="-72.333132">
        <ele>227.3</ele>
      </trkpt>
      <trkpt lat="45.412973" lon="-72.333042">
        <ele>227.3</ele>
      </trkpt>
      <trkpt lat="45.412876" lon="-72.333002">
        <ele>227.3</ele>
      </trkpt>
      <trkpt lat="45.412798" lon="-72.332981">
        <ele>227.3</ele>
      </trkpt>
      <trkpt lat="45.412727" lon="-72.332963">
        <ele>227.2</ele>
      </trkpt>
      <trkpt lat="45.412663" lon="-72.332919">
        <ele>227.2</ele>
      </trkpt>
      <trkpt lat="45.412593" lon="-72.33287">
        <ele>227.3</ele>
      </trkpt>
      <trkpt lat="45.412518" lon="-72.332825">
        <ele>227.3</ele>
      </trkpt>
      <trkpt lat="45.412448" lon="-72.332802">
        <ele>227.2</ele>
      </trkpt>
      <trkpt lat="45.412219" lon="-72.332759">
        <ele>227</ele>
      </trkpt>
      <trkpt lat="45.412099" lon="-72.332728">
        <ele>227</ele>
      </trkpt>
      <trkpt lat="45.412036" lon="-72.332697">
        <ele>227</ele>
      </trkpt>
      <trkpt lat="45.41183" lon="-72.332591">
        <ele>227.1</ele>
      </trkpt>
      <trkpt lat="45.411696" lon="-72.332514">
        <ele>227.3</ele>
      </trkpt>
      <trkpt lat="45.411566" lon="-72.332446">
        <ele>227.5</ele>
      </trkpt>
      <trkpt lat="45.41138" lon="-72.332375">
        <ele>227.7</ele>
      </trkpt>
      <trkpt lat="45.411244" lon="-72.332328">
        <ele>227.8</ele>
      </trkpt>
      <trkpt lat="45.411123" lon="-72.332278">
        <ele>228</ele>
      </trkpt>
      <trkpt lat="45.411008" lon="-72.332243">
        <ele>228</ele>
      </trkpt>
      <trkpt lat="45.41088" lon="-72.332209">
        <ele>228.1</ele>
      </trkpt>
      <trkpt lat="45.410761" lon="-72.33216">
        <ele>228.2</ele>
      </trkpt>
      <trkpt lat="45.410642" lon="-72.332103">
        <ele>228.3</ele>
      </trkpt>
      <trkpt lat="45.410528" lon="-72.332051">
        <ele>228.5</ele>
      </trkpt>
      <trkpt lat="45.410412" lon="-72.332002">
        <ele>228.6</ele>
      </trkpt>
      <trkpt lat="45.410299" lon="-72.331954">
        <ele>228.8</ele>
      </trkpt>
      <trkpt lat="45.410186" lon="-72.331912">
        <ele>228.9</ele>
      </trkpt>
      <trkpt lat="45.410072" lon="-72.331864">
        <ele>229.1</ele>
      </trkpt>
      <trkpt lat="45.409953" lon="-72.331824">
        <ele>229.3</ele>
      </trkpt>
      <trkpt lat="45.409773" lon="-72.331751">
        <ele>229.6</ele>
      </trkpt>
      <trkpt lat="45.409654" lon="-72.331716">
        <ele>229.7</ele>
      </trkpt>
      <trkpt lat="45.409539" lon="-72.331682">
        <ele>229.9</ele>
      </trkpt>
      <trkpt lat="45.40942" lon="-72.331635">
        <ele>230.1</ele>
      </trkpt>
      <trkpt lat="45.409298" lon="-72.331608">
        <ele>230.2</ele>
      </trkpt>
      <trkpt lat="45.409167" lon="-72.331561">
        <ele>230.4</ele>
      </trkpt>
      <trkpt lat="45.408983" lon="-72.331492">
        <ele>230.7</ele>
      </trkpt>
      <trkpt lat="45.408867" lon="-72.331443">
        <ele>230.9</ele>
      </trkpt>
      <trkpt lat="45.408761" lon="-72.331406">
        <ele>231.1</ele>
      </trkpt>
      <trkpt lat="45.408635" lon="-72.331365">
        <ele>231.4</ele>
      </trkpt>
      <trkpt lat="45.408508" lon="-72.331316">
        <ele>231.6</ele>
      </trkpt>
      <trkpt lat="45.408383" lon="-72.331271">
        <ele>231.9</ele>
      </trkpt>
      <trkpt lat="45.408258" lon="-72.331234">
        <ele>232.1</ele>
      </trkpt>
      <trkpt lat="45.408135" lon="-72.33118">
        <ele>232.4</ele>
      </trkpt>
      <trkpt lat="45.408012" lon="-72.331119">
        <ele>232.8</ele>
      </trkpt>
      <trkpt lat="45.407832" lon="-72.331031">
        <ele>233.2</ele>
      </trkpt>
      <trkpt lat="45.407712" lon="-72.330947">
        <ele>233.6</ele>
      </trkpt>
      <trkpt lat="45.407599" lon="-72.330881">
        <ele>233.9</ele>
      </trkpt>
      <trkpt lat="45.407482" lon="-72.330813">
        <ele>234.2</ele>
      </trkpt>
      <trkpt lat="45.407357" lon="-72.330747">
        <ele>234.4</ele>
      </trkpt>
      <trkpt lat="45.40718" lon="-72.330626">
        <ele>234.8</ele>
      </trkpt>
      <trkpt lat="45.407081" lon="-72.330539">
        <ele>235</ele>
      </trkpt>
      <trkpt lat="45.406972" lon="-72.330459">
        <ele>235.1</ele>
      </trkpt>
      <trkpt lat="45.406865" lon="-72.33038">
        <ele>235.2</ele>
      </trkpt>
      <trkpt lat="45.406752" lon="-72.330292">
        <ele>235.3</ele>
      </trkpt>
      <trkpt lat="45.406629" lon="-72.3302">
        <ele>235.4</ele>
      </trkpt>
      <trkpt lat="45.406512" lon="-72.330094">
        <ele>235.5</ele>
      </trkpt>
      <trkpt lat="45.406396" lon="-72.329988">
        <ele>235.6</ele>
      </trkpt>
      <trkpt lat="45.406228" lon="-72.329842">
        <ele>235.7</ele>
      </trkpt>
      <trkpt lat="45.406113" lon="-72.329736">
        <ele>235.9</ele>
      </trkpt>
      <trkpt lat="45.405984" lon="-72.329634">
        <ele>236.1</ele>
      </trkpt>
      <trkpt lat="45.405855" lon="-72.329529">
        <ele>236.3</ele>
      </trkpt>
      <trkpt lat="45.405685" lon="-72.329387">
        <ele>236.6</ele>
      </trkpt>
      <trkpt lat="45.405573" lon="-72.329298">
        <ele>236.8</ele>
      </trkpt>
      <trkpt lat="45.405462" lon="-72.329218">
        <ele>237</ele>
      </trkpt>
      <trkpt lat="45.405352" lon="-72.329122">
        <ele>237.3</ele>
      </trkpt>
      <trkpt lat="45.405243" lon="-72.329021">
        <ele>237.7</ele>
      </trkpt>
      <trkpt lat="45.405133" lon="-72.32893">
        <ele>238.1</ele>
      </trkpt>
      <trkpt lat="45.40502" lon="-72.328852">
        <ele>238.4</ele>
      </trkpt>
      <trkpt lat="45.404911" lon="-72.328761">
        <ele>238.8</ele>
      </trkpt>
      <trkpt lat="45.404798" lon="-72.328662">
        <ele>239.3</ele>
      </trkpt>
      <trkpt lat="45.404681" lon="-72.328563">
        <ele>239.6</ele>
      </trkpt>
      <trkpt lat="45.404574" lon="-72.328473">
        <ele>239.9</ele>
      </trkpt>
      <trkpt lat="45.404469" lon="-72.32838">
        <ele>240.2</ele>
      </trkpt>
      <trkpt lat="45.404324" lon="-72.32826">
        <ele>240.5</ele>
      </trkpt>
      <trkpt lat="45.40425" lon="-72.328192">
        <ele>240.7</ele>
      </trkpt>
      <trkpt lat="45.404194" lon="-72.328117">
        <ele>240.9</ele>
      </trkpt>
      <trkpt lat="45.40414" lon="-72.328054">
        <ele>241.1</ele>
      </trkpt>
      <trkpt lat="45.404059" lon="-72.327971">
        <ele>241.4</ele>
      </trkpt>
      <trkpt lat="45.403965" lon="-72.327915">
        <ele>241.5</ele>
      </trkpt>
      <trkpt lat="45.403869" lon="-72.327879">
        <ele>241.7</ele>
      </trkpt>
      <trkpt lat="45.403776" lon="-72.327825">
        <ele>241.9</ele>
      </trkpt>
      <trkpt lat="45.403672" lon="-72.327741">
        <ele>242.2</ele>
      </trkpt>
      <trkpt lat="45.403602" lon="-72.327702">
        <ele>242.3</ele>
      </trkpt>
      <trkpt lat="45.403537" lon="-72.327673">
        <ele>242.4</ele>
      </trkpt>
      <trkpt lat="45.40347" lon="-72.327648">
        <ele>242.5</ele>
      </trkpt>
      <trkpt lat="45.403396" lon="-72.327615">
        <ele>242.6</ele>
      </trkpt>
      <trkpt lat="45.403355" lon="-72.327595">
        <ele>242.7</ele>
      </trkpt>
      <trkpt lat="45.403324" lon="-72.32758">
        <ele>242.8</ele>
      </trkpt>
      <trkpt lat="45.403288" lon="-72.327568">
        <ele>242.8</ele>
      </trkpt>
      <trkpt lat="45.403253" lon="-72.327553">
        <ele>242.9</ele>
      </trkpt>
      <trkpt lat="45.403245" lon="-72.327557">
        <ele>242.8</ele>
      </trkpt>
      <trkpt lat="45.403244" lon="-72.327563">
        <ele>242.8</ele>
      </trkpt>
      <trkpt lat="45.403245" lon="-72.327565">
        <ele>242.8</ele>
      </trkpt>
      <trkpt lat="45.403245" lon="-72.327566">
        <ele>242.8</ele>
      </trkpt>
      <trkpt lat="45.402994" lon="-72.327466">
        <ele>243.1</ele>
      </trkpt>
      <trkpt lat="45.402898" lon="-72.327444">
        <ele>243.2</ele>
      </trkpt>
      <trkpt lat="45.402785" lon="-72.327411">
        <ele>243.3</ele>
      </trkpt>
      <trkpt lat="45.402618" lon="-72.32736">
        <ele>243.4</ele>
      </trkpt>
      <trkpt lat="45.4025" lon="-72.327328">
        <ele>243.4</ele>
      </trkpt>
      <trkpt lat="45.402383" lon="-72.327295">
        <ele>243.4</ele>
      </trkpt>
      <trkpt lat="45.402264" lon="-72.327255">
        <ele>243.4</ele>
      </trkpt>
      <trkpt lat="45.402136" lon="-72.32722">
        <ele>243.3</ele>
      </trkpt>
      <trkpt lat="45.402009" lon="-72.327198">
        <ele>243.2</ele>
      </trkpt>
      <trkpt lat="45.401883" lon="-72.327176">
        <ele>243.1</ele>
      </trkpt>
      <trkpt lat="45.401761" lon="-72.327149">
        <ele>243</ele>
      </trkpt>
      <trkpt lat="45.401631" lon="-72.327126">
        <ele>242.8</ele>
      </trkpt>
      <trkpt lat="45.401507" lon="-72.3271">
        <ele>242.7</ele>
      </trkpt>
      <trkpt lat="45.401385" lon="-72.32707">
        <ele>242.5</ele>
      </trkpt>
      <trkpt lat="45.401262" lon="-72.327038">
        <ele>242.4</ele>
      </trkpt>
      <trkpt lat="45.401135" lon="-72.327009">
        <ele>242.3</ele>
      </trkpt>
      <trkpt lat="45.401016" lon="-72.326975">
        <ele>242.2</ele>
      </trkpt>
      <trkpt lat="45.400896" lon="-72.326938">
        <ele>242.2</ele>
      </trkpt>
      <trkpt lat="45.400776" lon="-72.326905">
        <ele>242.3</ele>
      </trkpt>
      <trkpt lat="45.400651" lon="-72.32687">
        <ele>242.3</ele>
      </trkpt>
      <trkpt lat="45.400534" lon="-72.326836">
        <ele>242.4</ele>
      </trkpt>
      <trkpt lat="45.400414" lon="-72.326804">
        <ele>242.5</ele>
      </trkpt>
      <trkpt lat="45.400296" lon="-72.326769">
        <ele>242.7</ele>
      </trkpt>
      <trkpt lat="45.400164" lon="-72.326729">
        <ele>242.8</ele>
      </trkpt>
      <trkpt lat="45.400034" lon="-72.326693">
        <ele>243</ele>
      </trkpt>
      <trkpt lat="45.399905" lon="-72.326651">
        <ele>243.2</ele>
      </trkpt>
      <trkpt lat="45.399778" lon="-72.326613">
        <ele>243.3</ele>
      </trkpt>
      <trkpt lat="45.399658" lon="-72.326579">
        <ele>243.5</ele>
      </trkpt>
      <trkpt lat="45.399532" lon="-72.326563">
        <ele>243.6</ele>
      </trkpt>
      <trkpt lat="45.3994" lon="-72.326558">
        <ele>243.6</ele>
      </trkpt>
      <trkpt lat="45.399287" lon="-72.326563">
        <ele>243.6</ele>
      </trkpt>
      <trkpt lat="45.399175" lon="-72.326566">
        <ele>243.6</ele>
      </trkpt>
      <trkpt lat="45.399057" lon="-72.326585">
        <ele>243.6</ele>
      </trkpt>
      <trkpt lat="45.398945" lon="-72.326615">
        <ele>243.6</ele>
      </trkpt>
      <trkpt lat="45.398816" lon="-72.326664">
        <ele>243.6</ele>
      </trkpt>
      <trkpt lat="45.398691" lon="-72.326714">
        <ele>243.6</ele>
      </trkpt>
      <trkpt lat="45.398565" lon="-72.326761">
        <ele>243.6</ele>
      </trkpt>
      <trkpt lat="45.398444" lon="-72.326803">
        <ele>243.7</ele>
      </trkpt>
      <trkpt lat="45.398324" lon="-72.326839">
        <ele>243.8</ele>
      </trkpt>
      <trkpt lat="45.398197" lon="-72.326865">
        <ele>243.8</ele>
      </trkpt>
      <trkpt lat="45.398075" lon="-72.326886">
        <ele>243.8</ele>
      </trkpt>
      <trkpt lat="45.397943" lon="-72.32691">
        <ele>243.8</ele>
      </trkpt>
      <trkpt lat="45.397827" lon="-72.326915">
        <ele>243.7</ele>
      </trkpt>
      <trkpt lat="45.397699" lon="-72.326926">
        <ele>243.7</ele>
      </trkpt>
      <trkpt lat="45.397553" lon="-72.326952">
        <ele>243.6</ele>
      </trkpt>
      <trkpt lat="45.397424" lon="-72.326946">
        <ele>243.6</ele>
      </trkpt>
      <trkpt lat="45.397317" lon="-72.326934">
        <ele>243.7</ele>
      </trkpt>
      <trkpt lat="45.397223" lon="-72.32692">
        <ele>243.8</ele>
      </trkpt>
      <trkpt lat="45.397124" lon="-72.326906">
        <ele>243.9</ele>
      </trkpt>
      <trkpt lat="45.396982" lon="-72.32689">
        <ele>244.1</ele>
      </trkpt>
      <trkpt lat="45.396844" lon="-72.326861">
        <ele>244.4</ele>
      </trkpt>
      <trkpt lat="45.396707" lon="-72.326807">
        <ele>244.7</ele>
      </trkpt>
      <trkpt lat="45.396572" lon="-72.326757">
        <ele>245</ele>
      </trkpt>
      <trkpt lat="45.396443" lon="-72.326717">
        <ele>245.2</ele>
      </trkpt>
      <trkpt lat="45.396317" lon="-72.326672">
        <ele>245.5</ele>
      </trkpt>
      <trkpt lat="45.396195" lon="-72.326623">
        <ele>245.7</ele>
      </trkpt>
      <trkpt lat="45.396062" lon="-72.326576">
        <ele>245.9</ele>
      </trkpt>
      <trkpt lat="45.395935" lon="-72.326533">
        <ele>246</ele>
      </trkpt>
      <trkpt lat="45.395806" lon="-72.326498">
        <ele>246.1</ele>
      </trkpt>
      <trkpt lat="45.395674" lon="-72.326475">
        <ele>246.1</ele>
      </trkpt>
      <trkpt lat="45.39556" lon="-72.326443">
        <ele>246.1</ele>
      </trkpt>
      <trkpt lat="45.395444" lon="-72.326406">
        <ele>246</ele>
      </trkpt>
      <trkpt lat="45.395337" lon="-72.32637">
        <ele>245.8</ele>
      </trkpt>
      <trkpt lat="45.39521" lon="-72.326327">
        <ele>245.5</ele>
      </trkpt>
      <trkpt lat="45.395096" lon="-72.326277">
        <ele>245.2</ele>
      </trkpt>
      <trkpt lat="45.394992" lon="-72.32622">
        <ele>244.9</ele>
      </trkpt>
      <trkpt lat="45.394886" lon="-72.326159">
        <ele>244.6</ele>
      </trkpt>
      <trkpt lat="45.394766" lon="-72.326118">
        <ele>244.2</ele>
      </trkpt>
      <trkpt lat="45.394639" lon="-72.326066">
        <ele>243.8</ele>
      </trkpt>
      <trkpt lat="45.394516" lon="-72.325985">
        <ele>243.5</ele>
      </trkpt>
      <trkpt lat="45.394383" lon="-72.325878">
        <ele>243.1</ele>
      </trkpt>
      <trkpt lat="45.394196" lon="-72.325682">
        <ele>242.8</ele>
      </trkpt>
      <trkpt lat="45.394068" lon="-72.325556">
        <ele>242.5</ele>
      </trkpt>
      <trkpt lat="45.393963" lon="-72.325474">
        <ele>242.1</ele>
      </trkpt>
      <trkpt lat="45.393845" lon="-72.325384">
        <ele>241.7</ele>
      </trkpt>
      <trkpt lat="45.393739" lon="-72.325266">
        <ele>241.5</ele>
      </trkpt>
      <trkpt lat="45.393637" lon="-72.325128">
        <ele>241.5</ele>
      </trkpt>
      <trkpt lat="45.393532" lon="-72.325001">
        <ele>241.3</ele>
      </trkpt>
      <trkpt lat="45.393427" lon="-72.324866">
        <ele>241.2</ele>
      </trkpt>
      <trkpt lat="45.393328" lon="-72.324738">
        <ele>241.1</ele>
      </trkpt>
      <trkpt lat="45.393231" lon="-72.324612">
        <ele>241.1</ele>
      </trkpt>
      <trkpt lat="45.39315" lon="-72.324491">
        <ele>241.2</ele>
      </trkpt>
      <trkpt lat="45.393022" lon="-72.324301">
        <ele>241.5</ele>
      </trkpt>
      <trkpt lat="45.392938" lon="-72.324159">
        <ele>241.8</ele>
      </trkpt>
      <trkpt lat="45.392867" lon="-72.324026">
        <ele>242.2</ele>
      </trkpt>
      <trkpt lat="45.392781" lon="-72.3238">
        <ele>242.8</ele>
      </trkpt>
      <trkpt lat="45.392745" lon="-72.323631">
        <ele>243.2</ele>
      </trkpt>
      <trkpt lat="45.392693" lon="-72.323438">
        <ele>243.5</ele>
      </trkpt>
      <trkpt lat="45.392635" lon="-72.323268">
        <ele>243.8</ele>
      </trkpt>
      <trkpt lat="45.392573" lon="-72.323106">
        <ele>244</ele>
      </trkpt>
      <trkpt lat="45.39251" lon="-72.322965">
        <ele>244.1</ele>
      </trkpt>
      <trkpt lat="45.392446" lon="-72.322828">
        <ele>244.2</ele>
      </trkpt>
      <trkpt lat="45.392385" lon="-72.322675">
        <ele>244.3</ele>
      </trkpt>
      <trkpt lat="45.39232" lon="-72.322506">
        <ele>244.4</ele>
      </trkpt>
      <trkpt lat="45.392253" lon="-72.322333">
        <ele>244.4</ele>
      </trkpt>
      <trkpt lat="45.392177" lon="-72.322166">
        <ele>244.4</ele>
      </trkpt>
      <trkpt lat="45.392093" lon="-72.322006">
        <ele>244.2</ele>
      </trkpt>
      <trkpt lat="45.392011" lon="-72.321864">
        <ele>244</ele>
      </trkpt>
      <trkpt lat="45.391909" lon="-72.32172">
        <ele>243.8</ele>
      </trkpt>
      <trkpt lat="45.391762" lon="-72.321526">
        <ele>243.5</ele>
      </trkpt>
      <trkpt lat="45.391664" lon="-72.321403">
        <ele>243.4</ele>
      </trkpt>
      <trkpt lat="45.391562" lon="-72.321284">
        <ele>243.3</ele>
      </trkpt>
      <trkpt lat="45.391465" lon="-72.321187">
        <ele>243.3</ele>
      </trkpt>
      <trkpt lat="45.391303" lon="-72.32104">
        <ele>243.1</ele>
      </trkpt>
      <trkpt lat="45.391238" lon="-72.32099">
        <ele>243.1</ele>
      </trkpt>
      <trkpt lat="45.391059" lon="-72.320858">
        <ele>243</ele>
      </trkpt>
      <trkpt lat="45.39095" lon="-72.320792">
        <ele>242.9</ele>
      </trkpt>
      <trkpt lat="45.390841" lon="-72.320746">
        <ele>242.9</ele>
      </trkpt>
      <trkpt lat="45.39074" lon="-72.320705">
        <ele>242.9</ele>
      </trkpt>
      <trkpt lat="45.390645" lon="-72.320669">
        <ele>242.9</ele>
      </trkpt>
      <trkpt lat="45.390574" lon="-72.320629">
        <ele>242.9</ele>
      </trkpt>
      <trkpt lat="45.3905" lon="-72.320602">
        <ele>242.9</ele>
      </trkpt>
      <trkpt lat="45.39044" lon="-72.320573">
        <ele>242.9</ele>
      </trkpt>
      <trkpt lat="45.390368" lon="-72.320555">
        <ele>242.9</ele>
      </trkpt>
      <trkpt lat="45.390316" lon="-72.320543">
        <ele>242.9</ele>
      </trkpt>
      <trkpt lat="45.390256" lon="-72.320535">
        <ele>242.9</ele>
      </trkpt>
      <trkpt lat="45.390192" lon="-72.320515">
        <ele>242.9</ele>
      </trkpt>
      <trkpt lat="45.390157" lon="-72.32048">
        <ele>242.9</ele>
      </trkpt>
      <trkpt lat="45.390147" lon="-72.320393">
        <ele>242.9</ele>
      </trkpt>
      <trkpt lat="45.390145" lon="-72.32027">
        <ele>242.9</ele>
      </trkpt>
      <trkpt lat="45.390126" lon="-72.320059">
        <ele>242.9</ele>
      </trkpt>
      <trkpt lat="45.390114" lon="-72.319874">
        <ele>242.9</ele>
      </trkpt>
      <trkpt lat="45.390116" lon="-72.319805">
        <ele>242.9</ele>
      </trkpt>
      <trkpt lat="45.3901" lon="-72.319586">
        <ele>242.9</ele>
      </trkpt>
      <trkpt lat="45.39009" lon="-72.319428">
        <ele>242.9</ele>
      </trkpt>
      <trkpt lat="45.390088" lon="-72.319277">
        <ele>243</ele>
      </trkpt>
      <trkpt lat="45.390086" lon="-72.319137">
        <ele>243</ele>
      </trkpt>
      <trkpt lat="45.390083" lon="-72.319">
        <ele>243</ele>
      </trkpt>
      <trkpt lat="45.39008" lon="-72.31885">
        <ele>243</ele>
      </trkpt>
      <trkpt lat="45.39008" lon="-72.318628">
        <ele>243</ele>
      </trkpt>
      <trkpt lat="45.39008" lon="-72.318484">
        <ele>243</ele>
      </trkpt>
      <trkpt lat="45.390082" lon="-72.318339">
        <ele>242.9</ele>
      </trkpt>
      <trkpt lat="45.39008" lon="-72.318182">
        <ele>242.9</ele>
      </trkpt>
      <trkpt lat="45.390076" lon="-72.318038">
        <ele>242.9</ele>
      </trkpt>
      <trkpt lat="45.390071" lon="-72.317886">
        <ele>242.9</ele>
      </trkpt>
      <trkpt lat="45.390074" lon="-72.317739">
        <ele>242.9</ele>
      </trkpt>
      <trkpt lat="45.390068" lon="-72.317529">
        <ele>243</ele>
      </trkpt>
      <trkpt lat="45.390067" lon="-72.317389">
        <ele>243</ele>
      </trkpt>
      <trkpt lat="45.390065" lon="-72.317243">
        <ele>243</ele>
      </trkpt>
      <trkpt lat="45.390071" lon="-72.3171">
        <ele>243.1</ele>
      </trkpt>
      <trkpt lat="45.390069" lon="-72.316954">
        <ele>243.1</ele>
      </trkpt>
      <trkpt lat="45.390069" lon="-72.316806">
        <ele>243.1</ele>
      </trkpt>
      <trkpt lat="45.390063" lon="-72.316656">
        <ele>243.1</ele>
      </trkpt>
      <trkpt lat="45.390052" lon="-72.316442">
        <ele>243.1</ele>
      </trkpt>
      <trkpt lat="45.390051" lon="-72.3163">
        <ele>243.1</ele>
      </trkpt>
      <trkpt lat="45.390048" lon="-72.316145">
        <ele>243.1</ele>
      </trkpt>
      <trkpt lat="45.390045" lon="-72.316003">
        <ele>243.2</ele>
      </trkpt>
      <trkpt lat="45.390042" lon="-72.315852">
        <ele>243.2</ele>
      </trkpt>
      <trkpt lat="45.390041" lon="-72.315649">
        <ele>243.4</ele>
      </trkpt>
      <trkpt lat="45.39004" lon="-72.315526">
        <ele>243.5</ele>
      </trkpt>
      <trkpt lat="45.390017" lon="-72.315435">
        <ele>243.6</ele>
      </trkpt>
      <trkpt lat="45.389904" lon="-72.315361">
        <ele>243.5</ele>
      </trkpt>
      <trkpt lat="45.389778" lon="-72.315357">
        <ele>243.3</ele>
      </trkpt>
      <trkpt lat="45.38961" lon="-72.315392">
        <ele>243.2</ele>
      </trkpt>
      <trkpt lat="45.389491" lon="-72.315411">
        <ele>243.1</ele>
      </trkpt>
      <trkpt lat="45.389362" lon="-72.315435">
        <ele>243</ele>
      </trkpt>
      <trkpt lat="45.389234" lon="-72.31545">
        <ele>242.9</ele>
      </trkpt>
      <trkpt lat="45.389098" lon="-72.315466">
        <ele>242.9</ele>
      </trkpt>
      <trkpt lat="45.388958" lon="-72.315488">
        <ele>242.9</ele>
      </trkpt>
      <trkpt lat="45.388809" lon="-72.315518">
        <ele>242.9</ele>
      </trkpt>
      <trkpt lat="45.388653" lon="-72.315547">
        <ele>242.9</ele>
      </trkpt>
      <trkpt lat="45.388495" lon="-72.315576">
        <ele>242.9</ele>
      </trkpt>
      <trkpt lat="45.388272" lon="-72.315606">
        <ele>242.9</ele>
      </trkpt>
      <trkpt lat="45.388118" lon="-72.315632">
        <ele>242.9</ele>
      </trkpt>
      <trkpt lat="45.387971" lon="-72.315662">
        <ele>242.9</ele>
      </trkpt>
      <trkpt lat="45.387814" lon="-72.315664">
        <ele>242.9</ele>
      </trkpt>
      <trkpt lat="45.387684" lon="-72.315569">
        <ele>242.9</ele>
      </trkpt>
      <trkpt lat="45.387591" lon="-72.315272">
        <ele>242.9</ele>
      </trkpt>
      <trkpt lat="45.387582" lon="-72.315069">
        <ele>242.9</ele>
      </trkpt>
      <trkpt lat="45.387588" lon="-72.314874">
        <ele>242.9</ele>
      </trkpt>
      <trkpt lat="45.387597" lon="-72.314674">
        <ele>242.9</ele>
      </trkpt>
      <trkpt lat="45.387606" lon="-72.314386">
        <ele>242.9</ele>
      </trkpt>
      <trkpt lat="45.387605" lon="-72.314199">
        <ele>242.9</ele>
      </trkpt>
      <trkpt lat="45.387605" lon="-72.314005">
        <ele>242.9</ele>
      </trkpt>
      <trkpt lat="45.387604" lon="-72.313825">
        <ele>242.9</ele>
      </trkpt>
      <trkpt lat="45.387602" lon="-72.313636">
        <ele>242.9</ele>
      </trkpt>
      <trkpt lat="45.38761" lon="-72.313464">
        <ele>242.9</ele>
      </trkpt>
      <trkpt lat="45.387618" lon="-72.313289">
        <ele>242.9</ele>
      </trkpt>
      <trkpt lat="45.387623" lon="-72.313113">
        <ele>242.9</ele>
      </trkpt>
      <trkpt lat="45.387621" lon="-72.312941">
        <ele>242.9</ele>
      </trkpt>
      <trkpt lat="45.387627" lon="-72.312762">
        <ele>242.9</ele>
      </trkpt>
      <trkpt lat="45.387636" lon="-72.312495">
        <ele>242.9</ele>
      </trkpt>
      <trkpt lat="45.387639" lon="-72.312303">
        <ele>242.9</ele>
      </trkpt>
      <trkpt lat="45.38764" lon="-72.312129">
        <ele>242.9</ele>
      </trkpt>
      <trkpt lat="45.387655" lon="-72.311975">
        <ele>242.9</ele>
      </trkpt>
      <trkpt lat="45.387667" lon="-72.311804">
        <ele>242.9</ele>
      </trkpt>
      <trkpt lat="45.387667" lon="-72.311614">
        <ele>242.9</ele>
      </trkpt>
      <trkpt lat="45.387682" lon="-72.311351">
        <ele>242.9</ele>
      </trkpt>
      <trkpt lat="45.387693" lon="-72.311165">
        <ele>242.9</ele>
      </trkpt>
      <trkpt lat="45.387693" lon="-72.310976">
        <ele>242.9</ele>
      </trkpt>
      <trkpt lat="45.387681" lon="-72.310793">
        <ele>242.7</ele>
      </trkpt>
      <trkpt lat="45.387656" lon="-72.310601">
        <ele>242.7</ele>
      </trkpt>
      <trkpt lat="45.387629" lon="-72.310416">
        <ele>242.7</ele>
      </trkpt>
      <trkpt lat="45.387602" lon="-72.310232">
        <ele>242.7</ele>
      </trkpt>
      <trkpt lat="45.387571" lon="-72.310057">
        <ele>242.8</ele>
      </trkpt>
      <trkpt lat="45.387541" lon="-72.309889">
        <ele>243</ele>
      </trkpt>
      <trkpt lat="45.387512" lon="-72.309727">
        <ele>243.3</ele>
      </trkpt>
      <trkpt lat="45.387456" lon="-72.309472">
        <ele>244</ele>
      </trkpt>
      <trkpt lat="45.387416" lon="-72.309313">
        <ele>244.6</ele>
      </trkpt>
      <trkpt lat="45.387362" lon="-72.30916">
        <ele>245.3</ele>
      </trkpt>
      <trkpt lat="45.387278" lon="-72.308915">
        <ele>246.7</ele>
      </trkpt>
      <trkpt lat="45.387222" lon="-72.308765">
        <ele>247.7</ele>
      </trkpt>
      <trkpt lat="45.387158" lon="-72.308626">
        <ele>248.7</ele>
      </trkpt>
      <trkpt lat="45.387093" lon="-72.30848">
        <ele>249.7</ele>
      </trkpt>
      <trkpt lat="45.387026" lon="-72.308338">
        <ele>250.6</ele>
      </trkpt>
      <trkpt lat="45.386959" lon="-72.308203">
        <ele>251.5</ele>
      </trkpt>
      <trkpt lat="45.386895" lon="-72.308071">
        <ele>252.3</ele>
      </trkpt>
      <trkpt lat="45.386791" lon="-72.307906">
        <ele>253.1</ele>
      </trkpt>
      <trkpt lat="45.386709" lon="-72.30779">
        <ele>253.7</ele>
      </trkpt>
      <trkpt lat="45.38662" lon="-72.307668">
        <ele>254.3</ele>
      </trkpt>
      <trkpt lat="45.38653" lon="-72.307538">
        <ele>254.9</ele>
      </trkpt>
      <trkpt lat="45.386434" lon="-72.307429">
        <ele>255.4</ele>
      </trkpt>
      <trkpt lat="45.386331" lon="-72.30732">
        <ele>255.9</ele>
      </trkpt>
      <trkpt lat="45.386233" lon="-72.307221">
        <ele>256.4</ele>
      </trkpt>
      <trkpt lat="45.386134" lon="-72.307126">
        <ele>256.8</ele>
      </trkpt>
      <trkpt lat="45.386046" lon="-72.307037">
        <ele>257.3</ele>
      </trkpt>
      <trkpt lat="45.38596" lon="-72.30694">
        <ele>257.8</ele>
      </trkpt>
      <trkpt lat="45.385871" lon="-72.306843">
        <ele>258.3</ele>
      </trkpt>
      <trkpt lat="45.385779" lon="-72.306748">
        <ele>258.9</ele>
      </trkpt>
      <trkpt lat="45.385688" lon="-72.306669">
        <ele>259.4</ele>
      </trkpt>
      <trkpt lat="45.385547" lon="-72.306539">
        <ele>260.3</ele>
      </trkpt>
      <trkpt lat="45.385458" lon="-72.306458">
        <ele>260.9</ele>
      </trkpt>
      <trkpt lat="45.385395" lon="-72.306378">
        <ele>261.5</ele>
      </trkpt>
      <trkpt lat="45.385294" lon="-72.306278">
        <ele>262.2</ele>
      </trkpt>
      <trkpt lat="45.385191" lon="-72.306202">
        <ele>262.9</ele>
      </trkpt>
      <trkpt lat="45.385086" lon="-72.30614">
        <ele>263.4</ele>
      </trkpt>
      <trkpt lat="45.38498" lon="-72.306061">
        <ele>264.1</ele>
      </trkpt>
      <trkpt lat="45.384876" lon="-72.305971">
        <ele>264.7</ele>
      </trkpt>
      <trkpt lat="45.384769" lon="-72.305881">
        <ele>265.2</ele>
      </trkpt>
      <trkpt lat="45.384603" lon="-72.305741">
        <ele>266</ele>
      </trkpt>
      <trkpt lat="45.384555" lon="-72.305703">
        <ele>266.2</ele>
      </trkpt>
      <trkpt lat="45.384383" lon="-72.305584">
        <ele>266.9</ele>
      </trkpt>
      <trkpt lat="45.384264" lon="-72.305512">
        <ele>267.3</ele>
      </trkpt>
      <trkpt lat="45.384146" lon="-72.305468">
        <ele>267.7</ele>
      </trkpt>
      <trkpt lat="45.384023" lon="-72.305419">
        <ele>268.1</ele>
      </trkpt>
      <trkpt lat="45.383896" lon="-72.305362">
        <ele>268.4</ele>
      </trkpt>
      <trkpt lat="45.383699" lon="-72.3053">
        <ele>268.9</ele>
      </trkpt>
      <trkpt lat="45.383579" lon="-72.305271">
        <ele>269.1</ele>
      </trkpt>
      <trkpt lat="45.383456" lon="-72.305261">
        <ele>269.3</ele>
      </trkpt>
      <trkpt lat="45.383335" lon="-72.30526">
        <ele>269.6</ele>
      </trkpt>
      <trkpt lat="45.383215" lon="-72.305268">
        <ele>269.8</ele>
      </trkpt>
      <trkpt lat="45.383109" lon="-72.305275">
        <ele>270</ele>
      </trkpt>
      <trkpt lat="45.382996" lon="-72.305294">
        <ele>270.2</ele>
      </trkpt>
      <trkpt lat="45.382876" lon="-72.305321">
        <ele>270.5</ele>
      </trkpt>
      <trkpt lat="45.382759" lon="-72.305352">
        <ele>270.7</ele>
      </trkpt>
      <trkpt lat="45.382588" lon="-72.305403">
        <ele>271</ele>
      </trkpt>
      <trkpt lat="45.382469" lon="-72.305452">
        <ele>271.3</ele>
      </trkpt>
      <trkpt lat="45.382366" lon="-72.305488">
        <ele>271.5</ele>
      </trkpt>
      <trkpt lat="45.382213" lon="-72.305574">
        <ele>271.8</ele>
      </trkpt>
      <trkpt lat="45.382105" lon="-72.305626">
        <ele>272</ele>
      </trkpt>
      <trkpt lat="45.382009" lon="-72.305661">
        <ele>272.1</ele>
      </trkpt>
      <trkpt lat="45.381903" lon="-72.305714">
        <ele>272.3</ele>
      </trkpt>
      <trkpt lat="45.381755" lon="-72.305785">
        <ele>272.5</ele>
      </trkpt>
      <trkpt lat="45.381638" lon="-72.305808">
        <ele>272.6</ele>
      </trkpt>
      <trkpt lat="45.381536" lon="-72.305846">
        <ele>272.7</ele>
      </trkpt>
      <trkpt lat="45.381445" lon="-72.305887">
        <ele>272.7</ele>
      </trkpt>
      <trkpt lat="45.381372" lon="-72.305924">
        <ele>272.8</ele>
      </trkpt>
      <trkpt lat="45.381281" lon="-72.30595">
        <ele>272.8</ele>
      </trkpt>
      <trkpt lat="45.38121" lon="-72.305929">
        <ele>272.8</ele>
      </trkpt>
      <trkpt lat="45.381159" lon="-72.305819">
        <ele>272.8</ele>
      </trkpt>
      <trkpt lat="45.381138" lon="-72.305675">
        <ele>272.9</ele>
      </trkpt>
      <trkpt lat="45.381099" lon="-72.305539">
        <ele>272.9</ele>
      </trkpt>
      <trkpt lat="45.381051" lon="-72.305429">
        <ele>272.9</ele>
      </trkpt>
      <trkpt lat="45.38099" lon="-72.305308">
        <ele>272.9</ele>
      </trkpt>
      <trkpt lat="45.380929" lon="-72.305256">
        <ele>272.9</ele>
      </trkpt>
      <trkpt lat="45.380846" lon="-72.305198">
        <ele>273</ele>
      </trkpt>
      <trkpt lat="45.380802" lon="-72.30516">
        <ele>273</ele>
      </trkpt>
      <trkpt lat="45.38074" lon="-72.305116">
        <ele>273.1</ele>
      </trkpt>
      <trkpt lat="45.380692" lon="-72.305079">
        <ele>273.1</ele>
      </trkpt>
      <trkpt lat="45.380642" lon="-72.305025">
        <ele>273.2</ele>
      </trkpt>
      <trkpt lat="45.380578" lon="-72.304909">
        <ele>273.3</ele>
      </trkpt>
      <trkpt lat="45.380542" lon="-72.304817">
        <ele>273.4</ele>
      </trkpt>
      <trkpt lat="45.380495" lon="-72.304682">
        <ele>273.5</ele>
      </trkpt>
      <trkpt lat="45.380444" lon="-72.304611">
        <ele>273.6</ele>
      </trkpt>
      <trkpt lat="45.380327" lon="-72.304629">
        <ele>273.6</ele>
      </trkpt>
      <trkpt lat="45.380234" lon="-72.30464">
        <ele>273.7</ele>
      </trkpt>
      <trkpt lat="45.380162" lon="-72.304641">
        <ele>273.7</ele>
      </trkpt>
      <trkpt lat="45.380083" lon="-72.304593">
        <ele>273.8</ele>
      </trkpt>
      <trkpt lat="45.380007" lon="-72.304555">
        <ele>273.8</ele>
      </trkpt>
      <trkpt lat="45.379925" lon="-72.304554">
        <ele>273.8</ele>
      </trkpt>
      <trkpt lat="45.379844" lon="-72.304574">
        <ele>273.9</ele>
      </trkpt>
      <trkpt lat="45.379798" lon="-72.304591">
        <ele>273.9</ele>
      </trkpt>
      <trkpt lat="45.379669" lon="-72.304609">
        <ele>273.9</ele>
      </trkpt>
      <trkpt lat="45.379601" lon="-72.304562">
        <ele>273.9</ele>
      </trkpt>
      <trkpt lat="45.379541" lon="-72.304515">
        <ele>273.9</ele>
      </trkpt>
      <trkpt lat="45.379466" lon="-72.304462">
        <ele>273.9</ele>
      </trkpt>
      <trkpt lat="45.379323" lon="-72.304433">
        <ele>273.9</ele>
      </trkpt>
      <trkpt lat="45.379249" lon="-72.304464">
        <ele>273.9</ele>
      </trkpt>
      <trkpt lat="45.379164" lon="-72.304486">
        <ele>273.9</ele>
      </trkpt>
      <trkpt lat="45.379104" lon="-72.304448">
        <ele>273.9</ele>
      </trkpt>
      <trkpt lat="45.379075" lon="-72.304391">
        <ele>273.9</ele>
      </trkpt>
      <trkpt lat="45.379074" lon="-72.304297">
        <ele>273.9</ele>
      </trkpt>
      <trkpt lat="45.379086" lon="-72.304189">
        <ele>273.9</ele>
      </trkpt>
      <trkpt lat="45.379063" lon="-72.304098">
        <ele>273.9</ele>
      </trkpt>
      <trkpt lat="45.379024" lon="-72.304057">
        <ele>273.9</ele>
      </trkpt>
      <trkpt lat="45.378945" lon="-72.304">
        <ele>273.9</ele>
      </trkpt>
      <trkpt lat="45.378863" lon="-72.303962">
        <ele>273.9</ele>
      </trkpt>
      <trkpt lat="45.378806" lon="-72.303889">
        <ele>273.9</ele>
      </trkpt>
      <trkpt lat="45.378766" lon="-72.30378">
        <ele>273.9</ele>
      </trkpt>
      <trkpt lat="45.37872" lon="-72.303645">
        <ele>273.9</ele>
      </trkpt>
      <trkpt lat="45.378687" lon="-72.303531">
        <ele>273.9</ele>
      </trkpt>
      <trkpt lat="45.378665" lon="-72.303394">
        <ele>273.9</ele>
      </trkpt>
      <trkpt lat="45.378649" lon="-72.303247">
        <ele>273.9</ele>
      </trkpt>
      <trkpt lat="45.37862" lon="-72.303077">
        <ele>273.9</ele>
      </trkpt>
      <trkpt lat="45.378578" lon="-72.302914">
        <ele>273.9</ele>
      </trkpt>
      <trkpt lat="45.378546" lon="-72.302773">
        <ele>273.9</ele>
      </trkpt>
      <trkpt lat="45.378522" lon="-72.302642">
        <ele>273.9</ele>
      </trkpt>
      <trkpt lat="45.378475" lon="-72.302525">
        <ele>273.9</ele>
      </trkpt>
      <trkpt lat="45.378409" lon="-72.302409">
        <ele>273.9</ele>
      </trkpt>
      <trkpt lat="45.378343" lon="-72.302309">
        <ele>273.9</ele>
      </trkpt>
      <trkpt lat="45.378268" lon="-72.302242">
        <ele>273.9</ele>
      </trkpt>
      <trkpt lat="45.378192" lon="-72.302194">
        <ele>273.9</ele>
      </trkpt>
      <trkpt lat="45.378132" lon="-72.302146">
        <ele>273.9</ele>
      </trkpt>
      <trkpt lat="45.37808" lon="-72.302098">
        <ele>273.9</ele>
      </trkpt>
      <trkpt lat="45.378027" lon="-72.302034">
        <ele>273.9</ele>
      </trkpt>
      <trkpt lat="45.377949" lon="-72.302017">
        <ele>273.9</ele>
      </trkpt>
      <trkpt lat="45.377904" lon="-72.301979">
        <ele>273.9</ele>
      </trkpt>
      <trkpt lat="45.377881" lon="-72.301849">
        <ele>273.9</ele>
      </trkpt>
      <trkpt lat="45.377837" lon="-72.301702">
        <ele>273.9</ele>
      </trkpt>
      <trkpt lat="45.377796" lon="-72.301617">
        <ele>273.9</ele>
      </trkpt>
      <trkpt lat="45.377681" lon="-72.301537">
        <ele>273.9</ele>
      </trkpt>
      <trkpt lat="45.377586" lon="-72.301482">
        <ele>273.9</ele>
      </trkpt>
      <trkpt lat="45.377517" lon="-72.301434">
        <ele>273.9</ele>
      </trkpt>
      <trkpt lat="45.377399" lon="-72.301396">
        <ele>273.9</ele>
      </trkpt>
      <trkpt lat="45.37733" lon="-72.301457">
        <ele>273.9</ele>
      </trkpt>
      <trkpt lat="45.377298" lon="-72.301545">
        <ele>273.9</ele>
      </trkpt>
      <trkpt lat="45.377272" lon="-72.301585">
        <ele>273.9</ele>
      </trkpt>
      <trkpt lat="45.377226" lon="-72.301568">
        <ele>273.9</ele>
      </trkpt>
      <trkpt lat="45.377177" lon="-72.301524">
        <ele>273.9</ele>
      </trkpt>
      <trkpt lat="45.377091" lon="-72.301447">
        <ele>273.9</ele>
      </trkpt>
      <trkpt lat="45.37702" lon="-72.301382">
        <ele>273.9</ele>
      </trkpt>
      <trkpt lat="45.376969" lon="-72.301352">
        <ele>273.9</ele>
      </trkpt>
      <trkpt lat="45.376883" lon="-72.30133">
        <ele>273.9</ele>
      </trkpt>
      <trkpt lat="45.376808" lon="-72.301322">
        <ele>273.9</ele>
      </trkpt>
      <trkpt lat="45.37674" lon="-72.301319">
        <ele>273.9</ele>
      </trkpt>
      <trkpt lat="45.376709" lon="-72.301314">
        <ele>273.9</ele>
      </trkpt>
      <trkpt lat="45.376703" lon="-72.301323">
        <ele>273.9</ele>
      </trkpt>
      <trkpt lat="45.376687" lon="-72.301327">
        <ele>273.9</ele>
      </trkpt>
      <trkpt lat="45.376688" lon="-72.301327">
        <ele>273.9</ele>
      </trkpt>
      <trkpt lat="45.376692" lon="-72.301325">
        <ele>273.9</ele>
      </trkpt>
      <trkpt lat="45.376692" lon="-72.301323">
        <ele>273.9</ele>
      </trkpt>
      <trkpt lat="45.376692" lon="-72.301322">
        <ele>273.9</ele>
      </trkpt>
      <trkpt lat="45.376461" lon="-72.301194">
        <ele>273.9</ele>
      </trkpt>
      <trkpt lat="45.376361" lon="-72.301176">
        <ele>273.9</ele>
      </trkpt>
      <trkpt lat="45.376265" lon="-72.301171">
        <ele>273.9</ele>
      </trkpt>
      <trkpt lat="45.376176" lon="-72.301155">
        <ele>273.9</ele>
      </trkpt>
      <trkpt lat="45.376082" lon="-72.301141">
        <ele>273.9</ele>
      </trkpt>
      <trkpt lat="45.375984" lon="-72.30114">
        <ele>273.9</ele>
      </trkpt>
      <trkpt lat="45.375875" lon="-72.301137">
        <ele>273.9</ele>
      </trkpt>
      <trkpt lat="45.375755" lon="-72.301131">
        <ele>273.9</ele>
      </trkpt>
      <trkpt lat="45.375642" lon="-72.301125">
        <ele>273.9</ele>
      </trkpt>
      <trkpt lat="45.375527" lon="-72.301128">
        <ele>273.9</ele>
      </trkpt>
      <trkpt lat="45.375346" lon="-72.301136">
        <ele>273.9</ele>
      </trkpt>
      <trkpt lat="45.375218" lon="-72.301141">
        <ele>273.9</ele>
      </trkpt>
      <trkpt lat="45.375097" lon="-72.301149">
        <ele>273.9</ele>
      </trkpt>
      <trkpt lat="45.374984" lon="-72.301159">
        <ele>273.9</ele>
      </trkpt>
      <trkpt lat="45.374866" lon="-72.301161">
        <ele>273.9</ele>
      </trkpt>
      <trkpt lat="45.374738" lon="-72.301173">
        <ele>273.9</ele>
      </trkpt>
      <trkpt lat="45.374606" lon="-72.301172">
        <ele>273.9</ele>
      </trkpt>
      <trkpt lat="45.374473" lon="-72.301168">
        <ele>273.9</ele>
      </trkpt>
      <trkpt lat="45.374335" lon="-72.301162">
        <ele>273.9</ele>
      </trkpt>
      <trkpt lat="45.374204" lon="-72.301156">
        <ele>273.9</ele>
      </trkpt>
      <trkpt lat="45.374074" lon="-72.301152">
        <ele>273.9</ele>
      </trkpt>
      <trkpt lat="45.373876" lon="-72.301136">
        <ele>273.9</ele>
      </trkpt>
      <trkpt lat="45.373739" lon="-72.301127">
        <ele>273.9</ele>
      </trkpt>
      <trkpt lat="45.373603" lon="-72.301117">
        <ele>273.9</ele>
      </trkpt>
      <trkpt lat="45.373459" lon="-72.301108">
        <ele>273.9</ele>
      </trkpt>
      <trkpt lat="45.373314" lon="-72.301105">
        <ele>273.9</ele>
      </trkpt>
      <trkpt lat="45.373184" lon="-72.301118">
        <ele>273.9</ele>
      </trkpt>
      <trkpt lat="45.373042" lon="-72.301121">
        <ele>273.9</ele>
      </trkpt>
      <trkpt lat="45.372835" lon="-72.301122">
        <ele>273.9</ele>
      </trkpt>
      <trkpt lat="45.372697" lon="-72.301119">
        <ele>273.9</ele>
      </trkpt>
      <trkpt lat="45.372557" lon="-72.301115">
        <ele>273.9</ele>
      </trkpt>
      <trkpt lat="45.372414" lon="-72.301094">
        <ele>273.7</ele>
      </trkpt>
      <trkpt lat="45.372281" lon="-72.301082">
        <ele>273.6</ele>
      </trkpt>
      <trkpt lat="45.372148" lon="-72.301078">
        <ele>273.5</ele>
      </trkpt>
      <trkpt lat="45.372021" lon="-72.301086">
        <ele>273.3</ele>
      </trkpt>
      <trkpt lat="45.371886" lon="-72.301088">
        <ele>273.2</ele>
      </trkpt>
      <trkpt lat="45.371751" lon="-72.30111">
        <ele>273.1</ele>
      </trkpt>
      <trkpt lat="45.371619" lon="-72.301142">
        <ele>273</ele>
      </trkpt>
      <trkpt lat="45.371479" lon="-72.301157">
        <ele>272.9</ele>
      </trkpt>
      <trkpt lat="45.37126" lon="-72.301194">
        <ele>272.9</ele>
      </trkpt>
      <trkpt lat="45.371122" lon="-72.301216">
        <ele>272.8</ele>
      </trkpt>
      <trkpt lat="45.370978" lon="-72.301251">
        <ele>272.8</ele>
      </trkpt>
      <trkpt lat="45.370837" lon="-72.301297">
        <ele>272.8</ele>
      </trkpt>
      <trkpt lat="45.370708" lon="-72.301343">
        <ele>272.8</ele>
      </trkpt>
      <trkpt lat="45.370568" lon="-72.301381">
        <ele>272.7</ele>
      </trkpt>
      <trkpt lat="45.370431" lon="-72.301415">
        <ele>272.6</ele>
      </trkpt>
      <trkpt lat="45.370233" lon="-72.301478">
        <ele>272.4</ele>
      </trkpt>
      <trkpt lat="45.370121" lon="-72.301512">
        <ele>272.3</ele>
      </trkpt>
      <trkpt lat="45.369997" lon="-72.301546">
        <ele>272.2</ele>
      </trkpt>
      <trkpt lat="45.369868" lon="-72.301586">
        <ele>272.1</ele>
      </trkpt>
      <trkpt lat="45.369731" lon="-72.301632">
        <ele>272</ele>
      </trkpt>
      <trkpt lat="45.369613" lon="-72.301673">
        <ele>272</ele>
      </trkpt>
      <trkpt lat="45.369484" lon="-72.301711">
        <ele>271.9</ele>
      </trkpt>
      <trkpt lat="45.369351" lon="-72.301752">
        <ele>271.9</ele>
      </trkpt>
      <trkpt lat="45.369223" lon="-72.301798">
        <ele>271.8</ele>
      </trkpt>
      <trkpt lat="45.36909" lon="-72.301842">
        <ele>271.8</ele>
      </trkpt>
      <trkpt lat="45.368956" lon="-72.301886">
        <ele>271.7</ele>
      </trkpt>
      <trkpt lat="45.368833" lon="-72.301945">
        <ele>271.6</ele>
      </trkpt>
      <trkpt lat="45.368713" lon="-72.301998">
        <ele>271.4</ele>
      </trkpt>
      <trkpt lat="45.368509" lon="-72.302047">
        <ele>271.2</ele>
      </trkpt>
      <trkpt lat="45.368383" lon="-72.302083">
        <ele>271</ele>
      </trkpt>
      <trkpt lat="45.368246" lon="-72.302122">
        <ele>270.8</ele>
      </trkpt>
      <trkpt lat="45.368128" lon="-72.302162">
        <ele>270.6</ele>
      </trkpt>
      <trkpt lat="45.367996" lon="-72.302215">
        <ele>270.5</ele>
      </trkpt>
      <trkpt lat="45.367803" lon="-72.30228">
        <ele>270.2</ele>
      </trkpt>
      <trkpt lat="45.367691" lon="-72.302328">
        <ele>270.1</ele>
      </trkpt>
      <trkpt lat="45.367565" lon="-72.302387">
        <ele>270</ele>
      </trkpt>
      <trkpt lat="45.367421" lon="-72.302431">
        <ele>269.9</ele>
      </trkpt>
      <trkpt lat="45.367283" lon="-72.302471">
        <ele>269.9</ele>
      </trkpt>
      <trkpt lat="45.367139" lon="-72.302507">
        <ele>269.8</ele>
      </trkpt>
      <trkpt lat="45.367011" lon="-72.302555">
        <ele>269.8</ele>
      </trkpt>
      <trkpt lat="45.36688" lon="-72.302592">
        <ele>269.7</ele>
      </trkpt>
      <trkpt lat="45.366737" lon="-72.302629">
        <ele>269.7</ele>
      </trkpt>
      <trkpt lat="45.366523" lon="-72.302693">
        <ele>269.5</ele>
      </trkpt>
      <trkpt lat="45.366392" lon="-72.302734">
        <ele>269.4</ele>
      </trkpt>
      <trkpt lat="45.366189" lon="-72.302804">
        <ele>269.2</ele>
      </trkpt>
      <trkpt lat="45.366041" lon="-72.302853">
        <ele>269</ele>
      </trkpt>
      <trkpt lat="45.365913" lon="-72.302892">
        <ele>269</ele>
      </trkpt>
      <trkpt lat="45.365773" lon="-72.302935">
        <ele>268.9</ele>
      </trkpt>
      <trkpt lat="45.365543" lon="-72.303002">
        <ele>268.9</ele>
      </trkpt>
      <trkpt lat="45.365388" lon="-72.303071">
        <ele>268.9</ele>
      </trkpt>
      <trkpt lat="45.365199" lon="-72.303139">
        <ele>268.9</ele>
      </trkpt>
      <trkpt lat="45.365056" lon="-72.303192">
        <ele>268.8</ele>
      </trkpt>
      <trkpt lat="45.364914" lon="-72.303237">
        <ele>268.7</ele>
      </trkpt>
      <trkpt lat="45.364767" lon="-72.30327">
        <ele>268.6</ele>
      </trkpt>
      <trkpt lat="45.364627" lon="-72.303305">
        <ele>268.5</ele>
      </trkpt>
      <trkpt lat="45.36449" lon="-72.303339">
        <ele>268.3</ele>
      </trkpt>
      <trkpt lat="45.364348" lon="-72.303373">
        <ele>268.2</ele>
      </trkpt>
      <trkpt lat="45.364207" lon="-72.303408">
        <ele>268.1</ele>
      </trkpt>
      <trkpt lat="45.36406" lon="-72.303437">
        <ele>268</ele>
      </trkpt>
      <trkpt lat="45.363848" lon="-72.303451">
        <ele>267.9</ele>
      </trkpt>
      <trkpt lat="45.363702" lon="-72.303449">
        <ele>267.9</ele>
      </trkpt>
      <trkpt lat="45.363562" lon="-72.303452">
        <ele>267.9</ele>
      </trkpt>
      <trkpt lat="45.363365" lon="-72.303451">
        <ele>267.9</ele>
      </trkpt>
      <trkpt lat="45.363233" lon="-72.303445">
        <ele>267.9</ele>
      </trkpt>
      <trkpt lat="45.363089" lon="-72.303433">
        <ele>267.9</ele>
      </trkpt>
      <trkpt lat="45.362955" lon="-72.303414">
        <ele>268</ele>
      </trkpt>
      <trkpt lat="45.36281" lon="-72.303388">
        <ele>268</ele>
      </trkpt>
      <trkpt lat="45.362677" lon="-72.303363">
        <ele>268</ele>
      </trkpt>
      <trkpt lat="45.362536" lon="-72.303336">
        <ele>268</ele>
      </trkpt>
      <trkpt lat="45.362402" lon="-72.303307">
        <ele>268</ele>
      </trkpt>
      <trkpt lat="45.362261" lon="-72.303275">
        <ele>268</ele>
      </trkpt>
      <trkpt lat="45.362135" lon="-72.303249">
        <ele>268.1</ele>
      </trkpt>
      <trkpt lat="45.361995" lon="-72.303228">
        <ele>268.1</ele>
      </trkpt>
      <trkpt lat="45.361854" lon="-72.303209">
        <ele>268.1</ele>
      </trkpt>
      <trkpt lat="45.361709" lon="-72.303173">
        <ele>268.1</ele>
      </trkpt>
      <trkpt lat="45.361572" lon="-72.303124">
        <ele>268.2</ele>
      </trkpt>
      <trkpt lat="45.361437" lon="-72.303091">
        <ele>268.2</ele>
      </trkpt>
      <trkpt lat="45.361296" lon="-72.303059">
        <ele>268.3</ele>
      </trkpt>
      <trkpt lat="45.361163" lon="-72.303025">
        <ele>268.3</ele>
      </trkpt>
      <trkpt lat="45.361023" lon="-72.302996">
        <ele>268.3</ele>
      </trkpt>
      <trkpt lat="45.360889" lon="-72.302957">
        <ele>268.4</ele>
      </trkpt>
      <trkpt lat="45.360752" lon="-72.302927">
        <ele>268.3</ele>
      </trkpt>
      <trkpt lat="45.360616" lon="-72.302895">
        <ele>268.3</ele>
      </trkpt>
      <trkpt lat="45.360343" lon="-72.302827">
        <ele>268.2</ele>
      </trkpt>
      <trkpt lat="45.360216" lon="-72.302817">
        <ele>268.1</ele>
      </trkpt>
      <trkpt lat="45.360068" lon="-72.302796">
        <ele>267.9</ele>
      </trkpt>
      <trkpt lat="45.359931" lon="-72.302766">
        <ele>267.9</ele>
      </trkpt>
      <trkpt lat="45.359801" lon="-72.302746">
        <ele>267.8</ele>
      </trkpt>
      <trkpt lat="45.359732" lon="-72.30274">
        <ele>267.8</ele>
      </trkpt>
      <trkpt lat="45.359535" lon="-72.302721">
        <ele>267.7</ele>
      </trkpt>
      <trkpt lat="45.359394" lon="-72.302711">
        <ele>267.7</ele>
      </trkpt>
      <trkpt lat="45.359247" lon="-72.302698">
        <ele>267.6</ele>
      </trkpt>
      <trkpt lat="45.359104" lon="-72.302698">
        <ele>267.6</ele>
      </trkpt>
      <trkpt lat="45.358905" lon="-72.30271">
        <ele>267.4</ele>
      </trkpt>
      <trkpt lat="45.358778" lon="-72.302733">
        <ele>267.3</ele>
      </trkpt>
      <trkpt lat="45.358571" lon="-72.302773">
        <ele>267.1</ele>
      </trkpt>
      <trkpt lat="45.358438" lon="-72.302797">
        <ele>267</ele>
      </trkpt>
      <trkpt lat="45.358302" lon="-72.302805">
        <ele>266.9</ele>
      </trkpt>
      <trkpt lat="45.358157" lon="-72.302821">
        <ele>266.9</ele>
      </trkpt>
      <trkpt lat="45.35793" lon="-72.302846">
        <ele>266.8</ele>
      </trkpt>
      <trkpt lat="45.357788" lon="-72.302865">
        <ele>266.7</ele>
      </trkpt>
      <trkpt lat="45.357649" lon="-72.302875">
        <ele>266.6</ele>
      </trkpt>
      <trkpt lat="45.357503" lon="-72.302885">
        <ele>266.5</ele>
      </trkpt>
      <trkpt lat="45.357365" lon="-72.302911">
        <ele>266.3</ele>
      </trkpt>
      <trkpt lat="45.357221" lon="-72.302927">
        <ele>266.1</ele>
      </trkpt>
      <trkpt lat="45.357084" lon="-72.302942">
        <ele>266</ele>
      </trkpt>
      <trkpt lat="45.356951" lon="-72.302958">
        <ele>265.8</ele>
      </trkpt>
      <trkpt lat="45.356815" lon="-72.30297">
        <ele>265.6</ele>
      </trkpt>
      <trkpt lat="45.356674" lon="-72.302988">
        <ele>265.4</ele>
      </trkpt>
      <trkpt lat="45.356527" lon="-72.303004">
        <ele>265.3</ele>
      </trkpt>
      <trkpt lat="45.356319" lon="-72.30303">
        <ele>265.2</ele>
      </trkpt>
      <trkpt lat="45.356185" lon="-72.303044">
        <ele>265.2</ele>
      </trkpt>
      <trkpt lat="45.356053" lon="-72.30306">
        <ele>265.2</ele>
      </trkpt>
      <trkpt lat="45.355919" lon="-72.303067">
        <ele>265.2</ele>
      </trkpt>
      <trkpt lat="45.355783" lon="-72.303087">
        <ele>265.2</ele>
      </trkpt>
      <trkpt lat="45.355573" lon="-72.303099">
        <ele>265.2</ele>
      </trkpt>
      <trkpt lat="45.355446" lon="-72.303116">
        <ele>265.2</ele>
      </trkpt>
      <trkpt lat="45.355319" lon="-72.303158">
        <ele>265.1</ele>
      </trkpt>
      <trkpt lat="45.355199" lon="-72.303184">
        <ele>265.1</ele>
      </trkpt>
      <trkpt lat="45.355073" lon="-72.3032">
        <ele>265.1</ele>
      </trkpt>
      <trkpt lat="45.354943" lon="-72.303211">
        <ele>265.1</ele>
      </trkpt>
      <trkpt lat="45.354819" lon="-72.303229">
        <ele>265</ele>
      </trkpt>
      <trkpt lat="45.3547" lon="-72.303252">
        <ele>265</ele>
      </trkpt>
      <trkpt lat="45.354574" lon="-72.303275">
        <ele>265</ele>
      </trkpt>
      <trkpt lat="45.35437" lon="-72.303306">
        <ele>264.9</ele>
      </trkpt>
      <trkpt lat="45.354246" lon="-72.303336">
        <ele>264.9</ele>
      </trkpt>
      <trkpt lat="45.354115" lon="-72.303357">
        <ele>264.9</ele>
      </trkpt>
      <trkpt lat="45.353972" lon="-72.30337">
        <ele>264.9</ele>
      </trkpt>
      <trkpt lat="45.353826" lon="-72.303377">
        <ele>264.9</ele>
      </trkpt>
      <trkpt lat="45.353629" lon="-72.303388">
        <ele>264.9</ele>
      </trkpt>
      <trkpt lat="45.353488" lon="-72.303391">
        <ele>265</ele>
      </trkpt>
      <trkpt lat="45.353357" lon="-72.303401">
        <ele>265</ele>
      </trkpt>
      <trkpt lat="45.353152" lon="-72.303434">
        <ele>265.1</ele>
      </trkpt>
      <trkpt lat="45.353021" lon="-72.303446">
        <ele>265.3</ele>
      </trkpt>
      <trkpt lat="45.352888" lon="-72.30346">
        <ele>265.4</ele>
      </trkpt>
      <trkpt lat="45.352755" lon="-72.303465">
        <ele>265.5</ele>
      </trkpt>
      <trkpt lat="45.352621" lon="-72.303479">
        <ele>265.6</ele>
      </trkpt>
      <trkpt lat="45.352489" lon="-72.303501">
        <ele>265.6</ele>
      </trkpt>
      <trkpt lat="45.352358" lon="-72.303515">
        <ele>265.6</ele>
      </trkpt>
      <trkpt lat="45.352233" lon="-72.303535">
        <ele>265.6</ele>
      </trkpt>
      <trkpt lat="45.352108" lon="-72.303553">
        <ele>265.6</ele>
      </trkpt>
      <trkpt lat="45.351972" lon="-72.303576">
        <ele>265.6</ele>
      </trkpt>
      <trkpt lat="45.351837" lon="-72.303598">
        <ele>265.6</ele>
      </trkpt>
      <trkpt lat="45.351653" lon="-72.303611">
        <ele>265.6</ele>
      </trkpt>
      <trkpt lat="45.35152" lon="-72.303634">
        <ele>265.7</ele>
      </trkpt>
      <trkpt lat="45.351393" lon="-72.303648">
        <ele>265.8</ele>
      </trkpt>
      <trkpt lat="45.351266" lon="-72.303657">
        <ele>266</ele>
      </trkpt>
      <trkpt lat="45.351142" lon="-72.303687">
        <ele>266.1</ele>
      </trkpt>
      <trkpt lat="45.351006" lon="-72.30371">
        <ele>266.2</ele>
      </trkpt>
      <trkpt lat="45.350867" lon="-72.303719">
        <ele>266.3</ele>
      </trkpt>
      <trkpt lat="45.350658" lon="-72.303747">
        <ele>266.4</ele>
      </trkpt>
      <trkpt lat="45.350523" lon="-72.303762">
        <ele>266.5</ele>
      </trkpt>
      <trkpt lat="45.350391" lon="-72.303781">
        <ele>266.5</ele>
      </trkpt>
      <trkpt lat="45.350257" lon="-72.303799">
        <ele>266.4</ele>
      </trkpt>
      <trkpt lat="45.350119" lon="-72.303817">
        <ele>266.4</ele>
      </trkpt>
      <trkpt lat="45.349978" lon="-72.303842">
        <ele>266.3</ele>
      </trkpt>
      <trkpt lat="45.349837" lon="-72.303853">
        <ele>266.3</ele>
      </trkpt>
      <trkpt lat="45.349626" lon="-72.303865">
        <ele>266.4</ele>
      </trkpt>
      <trkpt lat="45.349492" lon="-72.303882">
        <ele>266.4</ele>
      </trkpt>
      <trkpt lat="45.349362" lon="-72.303903">
        <ele>266.4</ele>
      </trkpt>
      <trkpt lat="45.349158" lon="-72.303932">
        <ele>266.6</ele>
      </trkpt>
      <trkpt lat="45.349023" lon="-72.303951">
        <ele>266.7</ele>
      </trkpt>
      <trkpt lat="45.348898" lon="-72.303974">
        <ele>266.7</ele>
      </trkpt>
      <trkpt lat="45.348761" lon="-72.303993">
        <ele>266.9</ele>
      </trkpt>
      <trkpt lat="45.348635" lon="-72.304012">
        <ele>267</ele>
      </trkpt>
      <trkpt lat="45.348431" lon="-72.304047">
        <ele>267.1</ele>
      </trkpt>
      <trkpt lat="45.348292" lon="-72.304064">
        <ele>267.2</ele>
      </trkpt>
      <trkpt lat="45.348152" lon="-72.304089">
        <ele>267.2</ele>
      </trkpt>
      <trkpt lat="45.348025" lon="-72.304102">
        <ele>267.2</ele>
      </trkpt>
      <trkpt lat="45.347899" lon="-72.304119">
        <ele>267.2</ele>
      </trkpt>
      <trkpt lat="45.347761" lon="-72.304136">
        <ele>267.1</ele>
      </trkpt>
      <trkpt lat="45.347634" lon="-72.304156">
        <ele>267.1</ele>
      </trkpt>
      <trkpt lat="45.347508" lon="-72.30417">
        <ele>267</ele>
      </trkpt>
      <trkpt lat="45.347369" lon="-72.304177">
        <ele>267</ele>
      </trkpt>
      <trkpt lat="45.347233" lon="-72.304185">
        <ele>266.9</ele>
      </trkpt>
      <trkpt lat="45.347094" lon="-72.304197">
        <ele>266.9</ele>
      </trkpt>
      <trkpt lat="45.34696" lon="-72.304207">
        <ele>266.8</ele>
      </trkpt>
      <trkpt lat="45.346825" lon="-72.304221">
        <ele>266.8</ele>
      </trkpt>
      <trkpt lat="45.346688" lon="-72.304238">
        <ele>266.7</ele>
      </trkpt>
      <trkpt lat="45.346491" lon="-72.304259">
        <ele>266.7</ele>
      </trkpt>
      <trkpt lat="45.346367" lon="-72.304269">
        <ele>266.6</ele>
      </trkpt>
      <trkpt lat="45.346237" lon="-72.304288">
        <ele>266.6</ele>
      </trkpt>
      <trkpt lat="45.34611" lon="-72.304305">
        <ele>266.5</ele>
      </trkpt>
      <trkpt lat="45.345978" lon="-72.304321">
        <ele>266.5</ele>
      </trkpt>
      <trkpt lat="45.345848" lon="-72.304337">
        <ele>266.4</ele>
      </trkpt>
      <trkpt lat="45.345724" lon="-72.304351">
        <ele>266.4</ele>
      </trkpt>
      <trkpt lat="45.345595" lon="-72.304367">
        <ele>266.3</ele>
      </trkpt>
      <trkpt lat="45.345474" lon="-72.304391">
        <ele>266.3</ele>
      </trkpt>
      <trkpt lat="45.34534" lon="-72.304416">
        <ele>266.2</ele>
      </trkpt>
      <trkpt lat="45.345141" lon="-72.304453">
        <ele>266.2</ele>
      </trkpt>
      <trkpt lat="45.345014" lon="-72.304479">
        <ele>266.2</ele>
      </trkpt>
      <trkpt lat="45.34489" lon="-72.304486">
        <ele>266.3</ele>
      </trkpt>
      <trkpt lat="45.344764" lon="-72.304505">
        <ele>266.3</ele>
      </trkpt>
      <trkpt lat="45.34463" lon="-72.304528">
        <ele>266.3</ele>
      </trkpt>
      <trkpt lat="45.344496" lon="-72.30455">
        <ele>266.4</ele>
      </trkpt>
      <trkpt lat="45.34436" lon="-72.304564">
        <ele>266.4</ele>
      </trkpt>
      <trkpt lat="45.344222" lon="-72.304579">
        <ele>266.5</ele>
      </trkpt>
      <trkpt lat="45.344083" lon="-72.304579">
        <ele>266.6</ele>
      </trkpt>
      <trkpt lat="45.343955" lon="-72.304589">
        <ele>266.6</ele>
      </trkpt>
      <trkpt lat="45.343753" lon="-72.304609">
        <ele>266.7</ele>
      </trkpt>
      <trkpt lat="45.343623" lon="-72.30463">
        <ele>266.7</ele>
      </trkpt>
      <trkpt lat="45.343492" lon="-72.304663">
        <ele>266.7</ele>
      </trkpt>
      <trkpt lat="45.343364" lon="-72.304687">
        <ele>266.6</ele>
      </trkpt>
      <trkpt lat="45.343236" lon="-72.304712">
        <ele>266.6</ele>
      </trkpt>
      <trkpt lat="45.343095" lon="-72.304731">
        <ele>266.6</ele>
      </trkpt>
      <trkpt lat="45.342974" lon="-72.304746">
        <ele>266.5</ele>
      </trkpt>
      <trkpt lat="45.34285" lon="-72.304761">
        <ele>266.5</ele>
      </trkpt>
      <trkpt lat="45.342723" lon="-72.304778">
        <ele>266.5</ele>
      </trkpt>
      <trkpt lat="45.342531" lon="-72.304801">
        <ele>266.5</ele>
      </trkpt>
      <trkpt lat="45.342406" lon="-72.304826">
        <ele>266.5</ele>
      </trkpt>
      <trkpt lat="45.342271" lon="-72.304849">
        <ele>266.6</ele>
      </trkpt>
      <trkpt lat="45.342146" lon="-72.30488">
        <ele>266.6</ele>
      </trkpt>
      <trkpt lat="45.341944" lon="-72.304914">
        <ele>266.8</ele>
      </trkpt>
      <trkpt lat="45.341808" lon="-72.304932">
        <ele>266.9</ele>
      </trkpt>
      <trkpt lat="45.341685" lon="-72.30495">
        <ele>266.9</ele>
      </trkpt>
      <trkpt lat="45.341555" lon="-72.304966">
        <ele>267</ele>
      </trkpt>
      <trkpt lat="45.341433" lon="-72.304992">
        <ele>266.9</ele>
      </trkpt>
      <trkpt lat="45.341299" lon="-72.305026">
        <ele>266.9</ele>
      </trkpt>
      <trkpt lat="45.341173" lon="-72.305052">
        <ele>266.8</ele>
      </trkpt>
      <trkpt lat="45.341041" lon="-72.305087">
        <ele>266.7</ele>
      </trkpt>
      <trkpt lat="45.340905" lon="-72.305144">
        <ele>266.7</ele>
      </trkpt>
      <trkpt lat="45.340771" lon="-72.305205">
        <ele>266.6</ele>
      </trkpt>
      <trkpt lat="45.340644" lon="-72.305264">
        <ele>266.6</ele>
      </trkpt>
      <trkpt lat="45.34052" lon="-72.305345">
        <ele>266.5</ele>
      </trkpt>
      <trkpt lat="45.340341" lon="-72.305476">
        <ele>266.4</ele>
      </trkpt>
      <trkpt lat="45.340223" lon="-72.305555">
        <ele>266.4</ele>
      </trkpt>
      <trkpt lat="45.340105" lon="-72.305644">
        <ele>266.3</ele>
      </trkpt>
      <trkpt lat="45.339993" lon="-72.305721">
        <ele>266.2</ele>
      </trkpt>
      <trkpt lat="45.339815" lon="-72.305849">
        <ele>266</ele>
      </trkpt>
      <trkpt lat="45.339711" lon="-72.305933">
        <ele>265.9</ele>
      </trkpt>
      <trkpt lat="45.339606" lon="-72.306041">
        <ele>265.8</ele>
      </trkpt>
      <trkpt lat="45.339439" lon="-72.306203">
        <ele>265.6</ele>
      </trkpt>
      <trkpt lat="45.339318" lon="-72.306304">
        <ele>265.5</ele>
      </trkpt>
      <trkpt lat="45.339207" lon="-72.306407">
        <ele>265.4</ele>
      </trkpt>
      <trkpt lat="45.339101" lon="-72.306501">
        <ele>265.4</ele>
      </trkpt>
      <trkpt lat="45.338994" lon="-72.306601">
        <ele>265.2</ele>
      </trkpt>
      <trkpt lat="45.338891" lon="-72.306696">
        <ele>265.1</ele>
      </trkpt>
      <trkpt lat="45.33878" lon="-72.306785">
        <ele>265</ele>
      </trkpt>
      <trkpt lat="45.338657" lon="-72.306877">
        <ele>264.8</ele>
      </trkpt>
      <trkpt lat="45.338528" lon="-72.306951">
        <ele>264.7</ele>
      </trkpt>
      <trkpt lat="45.338314" lon="-72.30705">
        <ele>264.6</ele>
      </trkpt>
      <trkpt lat="45.338181" lon="-72.307108">
        <ele>264.6</ele>
      </trkpt>
      <trkpt lat="45.338049" lon="-72.307151">
        <ele>264.5</ele>
      </trkpt>
      <trkpt lat="45.337924" lon="-72.307182">
        <ele>264.6</ele>
      </trkpt>
      <trkpt lat="45.337793" lon="-72.307214">
        <ele>264.6</ele>
      </trkpt>
      <trkpt lat="45.337648" lon="-72.307257">
        <ele>264.6</ele>
      </trkpt>
      <trkpt lat="45.337437" lon="-72.307319">
        <ele>264.7</ele>
      </trkpt>
      <trkpt lat="45.337304" lon="-72.307363">
        <ele>264.7</ele>
      </trkpt>
      <trkpt lat="45.337175" lon="-72.307409">
        <ele>264.8</ele>
      </trkpt>
      <trkpt lat="45.337044" lon="-72.307449">
        <ele>264.8</ele>
      </trkpt>
      <trkpt lat="45.336908" lon="-72.307485">
        <ele>264.8</ele>
      </trkpt>
      <trkpt lat="45.336773" lon="-72.30752">
        <ele>264.8</ele>
      </trkpt>
      <trkpt lat="45.336642" lon="-72.307572">
        <ele>264.7</ele>
      </trkpt>
      <trkpt lat="45.336508" lon="-72.307616">
        <ele>264.6</ele>
      </trkpt>
      <trkpt lat="45.336372" lon="-72.307661">
        <ele>264.5</ele>
      </trkpt>
      <trkpt lat="45.336244" lon="-72.307709">
        <ele>264.3</ele>
      </trkpt>
      <trkpt lat="45.336028" lon="-72.307779">
        <ele>264.1</ele>
      </trkpt>
      <trkpt lat="45.335894" lon="-72.307825">
        <ele>263.9</ele>
      </trkpt>
      <trkpt lat="45.335761" lon="-72.307876">
        <ele>263.7</ele>
      </trkpt>
      <trkpt lat="45.335628" lon="-72.307915">
        <ele>263.5</ele>
      </trkpt>
      <trkpt lat="45.335492" lon="-72.307954">
        <ele>263.4</ele>
      </trkpt>
      <trkpt lat="45.335356" lon="-72.307982">
        <ele>263.3</ele>
      </trkpt>
      <trkpt lat="45.335226" lon="-72.308007">
        <ele>263.2</ele>
      </trkpt>
      <trkpt lat="45.335083" lon="-72.308055">
        <ele>263</ele>
      </trkpt>
      <trkpt lat="45.334874" lon="-72.308119">
        <ele>262.8</ele>
      </trkpt>
      <trkpt lat="45.334734" lon="-72.308146">
        <ele>262.6</ele>
      </trkpt>
      <trkpt lat="45.334596" lon="-72.308179">
        <ele>262.5</ele>
      </trkpt>
      <trkpt lat="45.334463" lon="-72.30822">
        <ele>262.4</ele>
      </trkpt>
      <trkpt lat="45.33433" lon="-72.308267">
        <ele>262.2</ele>
      </trkpt>
      <trkpt lat="45.334191" lon="-72.30831">
        <ele>262.1</ele>
      </trkpt>
      <trkpt lat="45.334049" lon="-72.308343">
        <ele>262.1</ele>
      </trkpt>
      <trkpt lat="45.333907" lon="-72.308375">
        <ele>262</ele>
      </trkpt>
      <trkpt lat="45.333769" lon="-72.308405">
        <ele>262</ele>
      </trkpt>
      <trkpt lat="45.333628" lon="-72.308435">
        <ele>262.1</ele>
      </trkpt>
      <trkpt lat="45.333485" lon="-72.308465">
        <ele>262.2</ele>
      </trkpt>
      <trkpt lat="45.333277" lon="-72.308519">
        <ele>262.4</ele>
      </trkpt>
      <trkpt lat="45.333134" lon="-72.308542">
        <ele>262.7</ele>
      </trkpt>
      <trkpt lat="45.332993" lon="-72.308555">
        <ele>263</ele>
      </trkpt>
      <trkpt lat="45.332858" lon="-72.308592">
        <ele>263.3</ele>
      </trkpt>
      <trkpt lat="45.332734" lon="-72.308637">
        <ele>263.5</ele>
      </trkpt>
      <trkpt lat="45.332604" lon="-72.308665">
        <ele>263.8</ele>
      </trkpt>
      <trkpt lat="45.332475" lon="-72.308684">
        <ele>264.1</ele>
      </trkpt>
      <trkpt lat="45.332284" lon="-72.308732">
        <ele>264.3</ele>
      </trkpt>
      <trkpt lat="45.33216" lon="-72.308775">
        <ele>264.3</ele>
      </trkpt>
      <trkpt lat="45.33203" lon="-72.308813">
        <ele>264.3</ele>
      </trkpt>
      <trkpt lat="45.331898" lon="-72.30884">
        <ele>264.3</ele>
      </trkpt>
      <trkpt lat="45.331768" lon="-72.308879">
        <ele>264.2</ele>
      </trkpt>
      <trkpt lat="45.331639" lon="-72.308916">
        <ele>264</ele>
      </trkpt>
      <trkpt lat="45.331509" lon="-72.308954">
        <ele>263.9</ele>
      </trkpt>
      <trkpt lat="45.331379" lon="-72.309004">
        <ele>263.6</ele>
      </trkpt>
      <trkpt lat="45.33124" lon="-72.309035">
        <ele>263.5</ele>
      </trkpt>
      <trkpt lat="45.331091" lon="-72.309064">
        <ele>263.4</ele>
      </trkpt>
      <trkpt lat="45.330947" lon="-72.309085">
        <ele>263.3</ele>
      </trkpt>
      <trkpt lat="45.330799" lon="-72.30912">
        <ele>263.2</ele>
      </trkpt>
      <trkpt lat="45.330604" lon="-72.309165">
        <ele>263</ele>
      </trkpt>
      <trkpt lat="45.330465" lon="-72.309192">
        <ele>262.9</ele>
      </trkpt>
      <trkpt lat="45.330337" lon="-72.309217">
        <ele>262.8</ele>
      </trkpt>
      <trkpt lat="45.330207" lon="-72.309247">
        <ele>262.8</ele>
      </trkpt>
      <trkpt lat="45.33007" lon="-72.309275">
        <ele>262.7</ele>
      </trkpt>
      <trkpt lat="45.329932" lon="-72.309307">
        <ele>262.6</ele>
      </trkpt>
      <trkpt lat="45.329783" lon="-72.309346">
        <ele>262.4</ele>
      </trkpt>
      <trkpt lat="45.329645" lon="-72.309387">
        <ele>262.3</ele>
      </trkpt>
      <trkpt lat="45.329514" lon="-72.309419">
        <ele>262.2</ele>
      </trkpt>
      <trkpt lat="45.329382" lon="-72.309452">
        <ele>262.1</ele>
      </trkpt>
      <trkpt lat="45.329252" lon="-72.309496">
        <ele>261.9</ele>
      </trkpt>
      <trkpt lat="45.329119" lon="-72.30953">
        <ele>261.7</ele>
      </trkpt>
      <trkpt lat="45.328924" lon="-72.309566">
        <ele>261.5</ele>
      </trkpt>
      <trkpt lat="45.32879" lon="-72.309595">
        <ele>261.3</ele>
      </trkpt>
      <trkpt lat="45.328668" lon="-72.309629">
        <ele>261.1</ele>
      </trkpt>
      <trkpt lat="45.328545" lon="-72.30966">
        <ele>260.9</ele>
      </trkpt>
      <trkpt lat="45.328415" lon="-72.309687">
        <ele>260.7</ele>
      </trkpt>
      <trkpt lat="45.328285" lon="-72.309721">
        <ele>260.4</ele>
      </trkpt>
      <trkpt lat="45.328169" lon="-72.309759">
        <ele>260.2</ele>
      </trkpt>
      <trkpt lat="45.328046" lon="-72.309803">
        <ele>259.9</ele>
      </trkpt>
      <trkpt lat="45.327914" lon="-72.309823">
        <ele>259.8</ele>
      </trkpt>
      <trkpt lat="45.327782" lon="-72.309858">
        <ele>259.6</ele>
      </trkpt>
      <trkpt lat="45.327657" lon="-72.309889">
        <ele>259.5</ele>
      </trkpt>
      <trkpt lat="45.327531" lon="-72.309912">
        <ele>259.4</ele>
      </trkpt>
      <trkpt lat="45.327336" lon="-72.309954">
        <ele>259.2</ele>
      </trkpt>
      <trkpt lat="45.327201" lon="-72.309974">
        <ele>259.1</ele>
      </trkpt>
      <trkpt lat="45.327067" lon="-72.309991">
        <ele>259.1</ele>
      </trkpt>
      <trkpt lat="45.326938" lon="-72.309997">
        <ele>259</ele>
      </trkpt>
      <trkpt lat="45.326809" lon="-72.310004">
        <ele>259</ele>
      </trkpt>
      <trkpt lat="45.326677" lon="-72.310008">
        <ele>258.9</ele>
      </trkpt>
      <trkpt lat="45.326544" lon="-72.310002">
        <ele>258.8</ele>
      </trkpt>
      <trkpt lat="45.326411" lon="-72.309978">
        <ele>258.8</ele>
      </trkpt>
      <trkpt lat="45.326268" lon="-72.309954">
        <ele>258.7</ele>
      </trkpt>
      <trkpt lat="45.326144" lon="-72.309916">
        <ele>258.6</ele>
      </trkpt>
      <trkpt lat="45.326014" lon="-72.309866">
        <ele>258.6</ele>
      </trkpt>
      <trkpt lat="45.325872" lon="-72.309805">
        <ele>258.6</ele>
      </trkpt>
      <trkpt lat="45.325686" lon="-72.309705">
        <ele>258.6</ele>
      </trkpt>
      <trkpt lat="45.325561" lon="-72.309639">
        <ele>258.6</ele>
      </trkpt>
      <trkpt lat="45.325438" lon="-72.309554">
        <ele>258.7</ele>
      </trkpt>
      <trkpt lat="45.325314" lon="-72.309461">
        <ele>258.7</ele>
      </trkpt>
      <trkpt lat="45.325176" lon="-72.309382">
        <ele>258.7</ele>
      </trkpt>
      <trkpt lat="45.325042" lon="-72.309309">
        <ele>258.7</ele>
      </trkpt>
      <trkpt lat="45.324912" lon="-72.309223">
        <ele>258.7</ele>
      </trkpt>
      <trkpt lat="45.32479" lon="-72.309138">
        <ele>258.8</ele>
      </trkpt>
      <trkpt lat="45.324675" lon="-72.309051">
        <ele>258.9</ele>
      </trkpt>
      <trkpt lat="45.324554" lon="-72.308965">
        <ele>258.9</ele>
      </trkpt>
      <trkpt lat="45.324427" lon="-72.308894">
        <ele>258.9</ele>
      </trkpt>
      <trkpt lat="45.324244" lon="-72.308781">
        <ele>259</ele>
      </trkpt>
      <trkpt lat="45.324129" lon="-72.308704">
        <ele>259.1</ele>
      </trkpt>
      <trkpt lat="45.324012" lon="-72.308625">
        <ele>259.3</ele>
      </trkpt>
      <trkpt lat="45.32385" lon="-72.308477">
        <ele>259.6</ele>
      </trkpt>
      <trkpt lat="45.323736" lon="-72.308398">
        <ele>259.8</ele>
      </trkpt>
      <trkpt lat="45.323623" lon="-72.308347">
        <ele>259.9</ele>
      </trkpt>
      <trkpt lat="45.323431" lon="-72.308231">
        <ele>260.2</ele>
      </trkpt>
      <trkpt lat="45.323312" lon="-72.308153">
        <ele>260.4</ele>
      </trkpt>
      <trkpt lat="45.323196" lon="-72.308083">
        <ele>260.6</ele>
      </trkpt>
      <trkpt lat="45.323004" lon="-72.307959">
        <ele>260.9</ele>
      </trkpt>
      <trkpt lat="45.322887" lon="-72.307888">
        <ele>261.1</ele>
      </trkpt>
      <trkpt lat="45.322763" lon="-72.307829">
        <ele>261.2</ele>
      </trkpt>
      <trkpt lat="45.322638" lon="-72.307764">
        <ele>261.4</ele>
      </trkpt>
      <trkpt lat="45.322501" lon="-72.307705">
        <ele>261.5</ele>
      </trkpt>
      <trkpt lat="45.322368" lon="-72.307653">
        <ele>261.6</ele>
      </trkpt>
      <trkpt lat="45.322244" lon="-72.3076">
        <ele>261.7</ele>
      </trkpt>
      <trkpt lat="45.322119" lon="-72.307554">
        <ele>261.8</ele>
      </trkpt>
      <trkpt lat="45.321987" lon="-72.307508">
        <ele>261.9</ele>
      </trkpt>
      <trkpt lat="45.321782" lon="-72.307454">
        <ele>262.1</ele>
      </trkpt>
      <trkpt lat="45.321651" lon="-72.307425">
        <ele>262.2</ele>
      </trkpt>
      <trkpt lat="45.321515" lon="-72.3074">
        <ele>262.2</ele>
      </trkpt>
      <trkpt lat="45.321306" lon="-72.307366">
        <ele>262.3</ele>
      </trkpt>
      <trkpt lat="45.321172" lon="-72.307349">
        <ele>262.4</ele>
      </trkpt>
      <trkpt lat="45.321038" lon="-72.307325">
        <ele>262.4</ele>
      </trkpt>
      <trkpt lat="45.320905" lon="-72.307304">
        <ele>262.4</ele>
      </trkpt>
      <trkpt lat="45.32076" lon="-72.307286">
        <ele>262.5</ele>
      </trkpt>
      <trkpt lat="45.320623" lon="-72.307276">
        <ele>262.5</ele>
      </trkpt>
      <trkpt lat="45.320482" lon="-72.307272">
        <ele>262.4</ele>
      </trkpt>
      <trkpt lat="45.320341" lon="-72.30727">
        <ele>262.4</ele>
      </trkpt>
      <trkpt lat="45.320213" lon="-72.307266">
        <ele>262.5</ele>
      </trkpt>
      <trkpt lat="45.320078" lon="-72.307256">
        <ele>262.5</ele>
      </trkpt>
      <trkpt lat="45.319947" lon="-72.307248">
        <ele>262.6</ele>
      </trkpt>
      <trkpt lat="45.319737" lon="-72.307243">
        <ele>262.8</ele>
      </trkpt>
      <trkpt lat="45.319596" lon="-72.30723">
        <ele>262.9</ele>
      </trkpt>
      <trkpt lat="45.319458" lon="-72.307215">
        <ele>263</ele>
      </trkpt>
      <trkpt lat="45.319253" lon="-72.307203">
        <ele>263.1</ele>
      </trkpt>
      <trkpt lat="45.31912" lon="-72.307189">
        <ele>263.2</ele>
      </trkpt>
      <trkpt lat="45.318977" lon="-72.307173">
        <ele>263.2</ele>
      </trkpt>
      <trkpt lat="45.318846" lon="-72.307158">
        <ele>263.2</ele>
      </trkpt>
      <trkpt lat="45.318714" lon="-72.307138">
        <ele>263.1</ele>
      </trkpt>
      <trkpt lat="45.318578" lon="-72.307121">
        <ele>263.1</ele>
      </trkpt>
      <trkpt lat="45.318441" lon="-72.307107">
        <ele>263</ele>
      </trkpt>
      <trkpt lat="45.318299" lon="-72.307099">
        <ele>263</ele>
      </trkpt>
      <trkpt lat="45.318156" lon="-72.307096">
        <ele>263</ele>
      </trkpt>
      <trkpt lat="45.318023" lon="-72.307083">
        <ele>263</ele>
      </trkpt>
      <trkpt lat="45.317886" lon="-72.307065">
        <ele>263</ele>
      </trkpt>
      <trkpt lat="45.317749" lon="-72.307051">
        <ele>263.1</ele>
      </trkpt>
      <trkpt lat="45.317621" lon="-72.307036">
        <ele>263.1</ele>
      </trkpt>
      <trkpt lat="45.317491" lon="-72.307023">
        <ele>263.1</ele>
      </trkpt>
      <trkpt lat="45.317357" lon="-72.307008">
        <ele>263</ele>
      </trkpt>
      <trkpt lat="45.317174" lon="-72.306981">
        <ele>263</ele>
      </trkpt>
      <trkpt lat="45.317061" lon="-72.306962">
        <ele>262.9</ele>
      </trkpt>
      <trkpt lat="45.316955" lon="-72.30695">
        <ele>262.9</ele>
      </trkpt>
      <trkpt lat="45.316862" lon="-72.306945">
        <ele>262.8</ele>
      </trkpt>
      <trkpt lat="45.316745" lon="-72.306883">
        <ele>262.8</ele>
      </trkpt>
      <trkpt lat="45.316688" lon="-72.306864">
        <ele>262.8</ele>
      </trkpt>
      <trkpt lat="45.316657" lon="-72.306813">
        <ele>262.9</ele>
      </trkpt>
      <trkpt lat="45.3167" lon="-72.306759">
        <ele>263</ele>
      </trkpt>
      <trkpt lat="45.316751" lon="-72.306695">
        <ele>263.2</ele>
      </trkpt>
      <trkpt lat="45.316807" lon="-72.306677">
        <ele>263.3</ele>
      </trkpt>
      <trkpt lat="45.31688" lon="-72.306673">
        <ele>263.4</ele>
      </trkpt>
      <trkpt lat="45.316938" lon="-72.306672">
        <ele>263.4</ele>
      </trkpt>
      <trkpt lat="45.316983" lon="-72.306672">
        <ele>263.5</ele>
      </trkpt>
      <trkpt lat="45.317017" lon="-72.306674">
        <ele>263.5</ele>
      </trkpt>
      <trkpt lat="45.31704" lon="-72.306671">
        <ele>263.5</ele>
      </trkpt>
      <trkpt lat="45.317046" lon="-72.30667">
        <ele>263.5</ele>
      </trkpt>
      <trkpt lat="45.317045" lon="-72.306671">
        <ele>263.5</ele>
      </trkpt>
      <trkpt lat="45.317038" lon="-72.306672">
        <ele>263.5</ele>
      </trkpt>
      <trkpt lat="45.317037" lon="-72.306672">
        <ele>263.5</ele>
      </trkpt>
      <trkpt lat="45.317224" lon="-72.306486">
        <ele>264.1</ele>
      </trkpt>
      <trkpt lat="45.317304" lon="-72.306435">
        <ele>264.3</ele>
      </trkpt>
      <trkpt lat="45.31742" lon="-72.306368">
        <ele>264.6</ele>
      </trkpt>
      <trkpt lat="45.317514" lon="-72.306317">
        <ele>264.7</ele>
      </trkpt>
      <trkpt lat="45.317608" lon="-72.306256">
        <ele>264.9</ele>
      </trkpt>
      <trkpt lat="45.317708" lon="-72.306187">
        <ele>265.1</ele>
      </trkpt>
      <trkpt lat="45.31781" lon="-72.306114">
        <ele>265.3</ele>
      </trkpt>
      <trkpt lat="45.317909" lon="-72.306059">
        <ele>265.4</ele>
      </trkpt>
      <trkpt lat="45.318015" lon="-72.306004">
        <ele>265.6</ele>
      </trkpt>
      <trkpt lat="45.318126" lon="-72.305937">
        <ele>265.7</ele>
      </trkpt>
      <trkpt lat="45.318232" lon="-72.30588">
        <ele>265.9</ele>
      </trkpt>
      <trkpt lat="45.318336" lon="-72.305826">
        <ele>266.1</ele>
      </trkpt>
      <trkpt lat="45.318445" lon="-72.30577">
        <ele>266.2</ele>
      </trkpt>
      <trkpt lat="45.318558" lon="-72.305703">
        <ele>266.4</ele>
      </trkpt>
      <trkpt lat="45.318666" lon="-72.30564">
        <ele>266.5</ele>
      </trkpt>
      <trkpt lat="45.318778" lon="-72.30558">
        <ele>266.7</ele>
      </trkpt>
      <trkpt lat="45.318878" lon="-72.305516">
        <ele>266.8</ele>
      </trkpt>
      <trkpt lat="45.318977" lon="-72.305453">
        <ele>266.9</ele>
      </trkpt>
      <trkpt lat="45.319078" lon="-72.305383">
        <ele>267.1</ele>
      </trkpt>
      <trkpt lat="45.319189" lon="-72.305315">
        <ele>267.2</ele>
      </trkpt>
      <trkpt lat="45.319298" lon="-72.305254">
        <ele>267.3</ele>
      </trkpt>
      <trkpt lat="45.319407" lon="-72.305196">
        <ele>267.4</ele>
      </trkpt>
      <trkpt lat="45.319522" lon="-72.305132">
        <ele>267.6</ele>
      </trkpt>
      <trkpt lat="45.31963" lon="-72.305071">
        <ele>267.8</ele>
      </trkpt>
      <trkpt lat="45.319733" lon="-72.305005">
        <ele>268</ele>
      </trkpt>
      <trkpt lat="45.319842" lon="-72.304938">
        <ele>268.2</ele>
      </trkpt>
      <trkpt lat="45.319958" lon="-72.304868">
        <ele>268.4</ele>
      </trkpt>
      <trkpt lat="45.320071" lon="-72.304799">
        <ele>268.6</ele>
      </trkpt>
      <trkpt lat="45.320188" lon="-72.304732">
        <ele>268.7</ele>
      </trkpt>
      <trkpt lat="45.320303" lon="-72.304674">
        <ele>268.8</ele>
      </trkpt>
      <trkpt lat="45.32043" lon="-72.304604">
        <ele>268.8</ele>
      </trkpt>
      <trkpt lat="45.320607" lon="-72.304493">
        <ele>268.8</ele>
      </trkpt>
      <trkpt lat="45.32072" lon="-72.304427">
        <ele>268.8</ele>
      </trkpt>
      <trkpt lat="45.320827" lon="-72.304351">
        <ele>268.8</ele>
      </trkpt>
      <trkpt lat="45.320938" lon="-72.304286">
        <ele>268.8</ele>
      </trkpt>
      <trkpt lat="45.321052" lon="-72.304226">
        <ele>268.8</ele>
      </trkpt>
      <trkpt lat="45.321168" lon="-72.304164">
        <ele>268.9</ele>
      </trkpt>
      <trkpt lat="45.321286" lon="-72.304114">
        <ele>269</ele>
      </trkpt>
      <trkpt lat="45.321412" lon="-72.304076">
        <ele>269.1</ele>
      </trkpt>
      <trkpt lat="45.321532" lon="-72.304041">
        <ele>269.2</ele>
      </trkpt>
      <trkpt lat="45.321652" lon="-72.304024">
        <ele>269.2</ele>
      </trkpt>
      <trkpt lat="45.321771" lon="-72.304013">
        <ele>269.3</ele>
      </trkpt>
      <trkpt lat="45.321879" lon="-72.303999">
        <ele>269.3</ele>
      </trkpt>
      <trkpt lat="45.321993" lon="-72.303983">
        <ele>269.4</ele>
      </trkpt>
      <trkpt lat="45.322098" lon="-72.303958">
        <ele>269.4</ele>
      </trkpt>
      <trkpt lat="45.322269" lon="-72.303894">
        <ele>269.6</ele>
      </trkpt>
      <trkpt lat="45.322384" lon="-72.303863">
        <ele>269.7</ele>
      </trkpt>
      <trkpt lat="45.322504" lon="-72.303823">
        <ele>269.7</ele>
      </trkpt>
      <trkpt lat="45.322616" lon="-72.303791">
        <ele>269.8</ele>
      </trkpt>
      <trkpt lat="45.322736" lon="-72.303764">
        <ele>269.9</ele>
      </trkpt>
      <trkpt lat="45.322923" lon="-72.303695">
        <ele>270</ele>
      </trkpt>
      <trkpt lat="45.323043" lon="-72.303648">
        <ele>270.2</ele>
      </trkpt>
      <trkpt lat="45.323157" lon="-72.303593">
        <ele>270.4</ele>
      </trkpt>
      <trkpt lat="45.323275" lon="-72.303532">
        <ele>270.6</ele>
      </trkpt>
      <trkpt lat="45.323382" lon="-72.303483">
        <ele>270.8</ele>
      </trkpt>
      <trkpt lat="45.323495" lon="-72.303441">
        <ele>271</ele>
      </trkpt>
      <trkpt lat="45.323611" lon="-72.303395">
        <ele>271.2</ele>
      </trkpt>
      <trkpt lat="45.323722" lon="-72.303351">
        <ele>271.4</ele>
      </trkpt>
      <trkpt lat="45.323835" lon="-72.303303">
        <ele>271.6</ele>
      </trkpt>
      <trkpt lat="45.32399" lon="-72.303238">
        <ele>271.9</ele>
      </trkpt>
      <trkpt lat="45.324092" lon="-72.303189">
        <ele>272.1</ele>
      </trkpt>
      <trkpt lat="45.324181" lon="-72.303148">
        <ele>272.2</ele>
      </trkpt>
      <trkpt lat="45.324278" lon="-72.3031">
        <ele>272.4</ele>
      </trkpt>
      <trkpt lat="45.324383" lon="-72.303048">
        <ele>272.5</ele>
      </trkpt>
      <trkpt lat="45.324493" lon="-72.302977">
        <ele>272.7</ele>
      </trkpt>
      <trkpt lat="45.324669" lon="-72.302905">
        <ele>272.9</ele>
      </trkpt>
      <trkpt lat="45.324778" lon="-72.302845">
        <ele>273.1</ele>
      </trkpt>
      <trkpt lat="45.324891" lon="-72.302799">
        <ele>273.2</ele>
      </trkpt>
      <trkpt lat="45.325009" lon="-72.30277">
        <ele>273.2</ele>
      </trkpt>
      <trkpt lat="45.325121" lon="-72.30273">
        <ele>273.3</ele>
      </trkpt>
      <trkpt lat="45.325229" lon="-72.302685">
        <ele>273.3</ele>
      </trkpt>
      <trkpt lat="45.325339" lon="-72.302632">
        <ele>273.2</ele>
      </trkpt>
      <trkpt lat="45.325461" lon="-72.302576">
        <ele>273.2</ele>
      </trkpt>
      <trkpt lat="45.325653" lon="-72.302491">
        <ele>273.1</ele>
      </trkpt>
      <trkpt lat="45.325778" lon="-72.30243">
        <ele>273.1</ele>
      </trkpt>
      <trkpt lat="45.325907" lon="-72.302379">
        <ele>273.1</ele>
      </trkpt>
      <trkpt lat="45.326106" lon="-72.302296">
        <ele>273.1</ele>
      </trkpt>
      <trkpt lat="45.326233" lon="-72.302247">
        <ele>273.2</ele>
      </trkpt>
      <trkpt lat="45.326366" lon="-72.302197">
        <ele>273.3</ele>
      </trkpt>
      <trkpt lat="45.326484" lon="-72.302151">
        <ele>273.4</ele>
      </trkpt>
      <trkpt lat="45.326668" lon="-72.302061">
        <ele>273.5</ele>
      </trkpt>
      <trkpt lat="45.326791" lon="-72.302006">
        <ele>273.6</ele>
      </trkpt>
      <trkpt lat="45.326912" lon="-72.301957">
        <ele>273.7</ele>
      </trkpt>
      <trkpt lat="45.327036" lon="-72.301904">
        <ele>273.8</ele>
      </trkpt>
      <trkpt lat="45.327157" lon="-72.301848">
        <ele>273.8</ele>
      </trkpt>
      <trkpt lat="45.327276" lon="-72.301801">
        <ele>273.8</ele>
      </trkpt>
      <trkpt lat="45.327396" lon="-72.30175">
        <ele>273.8</ele>
      </trkpt>
      <trkpt lat="45.327516" lon="-72.301709">
        <ele>273.9</ele>
      </trkpt>
      <trkpt lat="45.327711" lon="-72.301675">
        <ele>273.9</ele>
      </trkpt>
      <trkpt lat="45.327835" lon="-72.301635">
        <ele>273.9</ele>
      </trkpt>
      <trkpt lat="45.32796" lon="-72.301587">
        <ele>273.9</ele>
      </trkpt>
      <trkpt lat="45.328072" lon="-72.30154">
        <ele>273.9</ele>
      </trkpt>
      <trkpt lat="45.328241" lon="-72.301469">
        <ele>273.9</ele>
      </trkpt>
      <trkpt lat="45.328358" lon="-72.301414">
        <ele>273.9</ele>
      </trkpt>
      <trkpt lat="45.328472" lon="-72.301364">
        <ele>273.9</ele>
      </trkpt>
      <trkpt lat="45.328587" lon="-72.30132">
        <ele>273.9</ele>
      </trkpt>
      <trkpt lat="45.328704" lon="-72.301275">
        <ele>273.9</ele>
      </trkpt>
      <trkpt lat="45.328881" lon="-72.301197">
        <ele>273.9</ele>
      </trkpt>
      <trkpt lat="45.328995" lon="-72.30113">
        <ele>273.9</ele>
      </trkpt>
      <trkpt lat="45.329123" lon="-72.301066">
        <ele>273.9</ele>
      </trkpt>
      <trkpt lat="45.329238" lon="-72.301011">
        <ele>273.9</ele>
      </trkpt>
      <trkpt lat="45.329357" lon="-72.300956">
        <ele>273.9</ele>
      </trkpt>
      <trkpt lat="45.329476" lon="-72.300895">
        <ele>273.9</ele>
      </trkpt>
      <trkpt lat="45.32959" lon="-72.300844">
        <ele>273.9</ele>
      </trkpt>
      <trkpt lat="45.329704" lon="-72.300795">
        <ele>273.8</ele>
      </trkpt>
      <trkpt lat="45.329813" lon="-72.300753">
        <ele>273.8</ele>
      </trkpt>
      <trkpt lat="45.329924" lon="-72.300705">
        <ele>273.8</ele>
      </trkpt>
      <trkpt lat="45.33004" lon="-72.300655">
        <ele>273.9</ele>
      </trkpt>
      <trkpt lat="45.330161" lon="-72.300608">
        <ele>273.9</ele>
      </trkpt>
      <trkpt lat="45.330343" lon="-72.300529">
        <ele>273.9</ele>
      </trkpt>
      <trkpt lat="45.330468" lon="-72.300475">
        <ele>273.9</ele>
      </trkpt>
      <trkpt lat="45.33059" lon="-72.30042">
        <ele>273.9</ele>
      </trkpt>
      <trkpt lat="45.330705" lon="-72.300371">
        <ele>273.9</ele>
      </trkpt>
      <trkpt lat="45.33082" lon="-72.300317">
        <ele>273.9</ele>
      </trkpt>
      <trkpt lat="45.330938" lon="-72.300264">
        <ele>273.9</ele>
      </trkpt>
      <trkpt lat="45.331058" lon="-72.300215">
        <ele>273.9</ele>
      </trkpt>
      <trkpt lat="45.331177" lon="-72.300166">
        <ele>273.9</ele>
      </trkpt>
      <trkpt lat="45.331303" lon="-72.300113">
        <ele>273.9</ele>
      </trkpt>
      <trkpt lat="45.33143" lon="-72.300056">
        <ele>273.9</ele>
      </trkpt>
      <trkpt lat="45.331555" lon="-72.300001">
        <ele>274</ele>
      </trkpt>
      <trkpt lat="45.331753" lon="-72.299917">
        <ele>274</ele>
      </trkpt>
      <trkpt lat="45.331862" lon="-72.299846">
        <ele>274</ele>
      </trkpt>
      <trkpt lat="45.331978" lon="-72.299783">
        <ele>274</ele>
      </trkpt>
      <trkpt lat="45.332095" lon="-72.299717">
        <ele>274</ele>
      </trkpt>
      <trkpt lat="45.332212" lon="-72.299641">
        <ele>274</ele>
      </trkpt>
      <trkpt lat="45.332327" lon="-72.299569">
        <ele>273.9</ele>
      </trkpt>
      <trkpt lat="45.332514" lon="-72.299454">
        <ele>273.9</ele>
      </trkpt>
      <trkpt lat="45.332576" lon="-72.299416">
        <ele>273.9</ele>
      </trkpt>
      <trkpt lat="45.332761" lon="-72.299288">
        <ele>273.9</ele>
      </trkpt>
      <trkpt lat="45.332898" lon="-72.29919">
        <ele>273.9</ele>
      </trkpt>
      <trkpt lat="45.333024" lon="-72.299111">
        <ele>273.8</ele>
      </trkpt>
      <trkpt lat="45.333143" lon="-72.299025">
        <ele>273.8</ele>
      </trkpt>
      <trkpt lat="45.333264" lon="-72.29894">
        <ele>273.8</ele>
      </trkpt>
      <trkpt lat="45.333382" lon="-72.298861">
        <ele>273.9</ele>
      </trkpt>
      <trkpt lat="45.333501" lon="-72.29877">
        <ele>273.9</ele>
      </trkpt>
      <trkpt lat="45.333632" lon="-72.298688">
        <ele>273.9</ele>
      </trkpt>
      <trkpt lat="45.333744" lon="-72.298608">
        <ele>273.9</ele>
      </trkpt>
      <trkpt lat="45.333865" lon="-72.298524">
        <ele>273.9</ele>
      </trkpt>
      <trkpt lat="45.334042" lon="-72.298398">
        <ele>273.9</ele>
      </trkpt>
      <trkpt lat="45.334176" lon="-72.298306">
        <ele>273.9</ele>
      </trkpt>
      <trkpt lat="45.334303" lon="-72.298226">
        <ele>273.9</ele>
      </trkpt>
      <trkpt lat="45.334427" lon="-72.298141">
        <ele>273.9</ele>
      </trkpt>
      <trkpt lat="45.334554" lon="-72.298049">
        <ele>273.9</ele>
      </trkpt>
      <trkpt lat="45.334759" lon="-72.297896">
        <ele>273.9</ele>
      </trkpt>
      <trkpt lat="45.33488" lon="-72.297797">
        <ele>273.9</ele>
      </trkpt>
      <trkpt lat="45.335007" lon="-72.297704">
        <ele>273.9</ele>
      </trkpt>
      <trkpt lat="45.335127" lon="-72.297618">
        <ele>273.9</ele>
      </trkpt>
      <trkpt lat="45.335252" lon="-72.297528">
        <ele>273.9</ele>
      </trkpt>
      <trkpt lat="45.335369" lon="-72.297448">
        <ele>273.9</ele>
      </trkpt>
      <trkpt lat="45.33555" lon="-72.297327">
        <ele>273.9</ele>
      </trkpt>
      <trkpt lat="45.335675" lon="-72.297249">
        <ele>273.9</ele>
      </trkpt>
      <trkpt lat="45.335798" lon="-72.297166">
        <ele>274</ele>
      </trkpt>
      <trkpt lat="45.335924" lon="-72.297082">
        <ele>274.2</ele>
      </trkpt>
      <trkpt lat="45.336046" lon="-72.296993">
        <ele>274.4</ele>
      </trkpt>
      <trkpt lat="45.336166" lon="-72.296903">
        <ele>274.8</ele>
      </trkpt>
      <trkpt lat="45.336292" lon="-72.296826">
        <ele>275.2</ele>
      </trkpt>
      <trkpt lat="45.336421" lon="-72.29675">
        <ele>275.8</ele>
      </trkpt>
      <trkpt lat="45.336536" lon="-72.296658">
        <ele>276.5</ele>
      </trkpt>
      <trkpt lat="45.33666" lon="-72.296572">
        <ele>277.2</ele>
      </trkpt>
      <trkpt lat="45.336779" lon="-72.296486">
        <ele>278.1</ele>
      </trkpt>
      <trkpt lat="45.336896" lon="-72.296405">
        <ele>278.9</ele>
      </trkpt>
      <trkpt lat="45.337015" lon="-72.296329">
        <ele>279.7</ele>
      </trkpt>
      <trkpt lat="45.337137" lon="-72.296254">
        <ele>280.5</ele>
      </trkpt>
      <trkpt lat="45.337261" lon="-72.296172">
        <ele>281.3</ele>
      </trkpt>
      <trkpt lat="45.337374" lon="-72.296097">
        <ele>282</ele>
      </trkpt>
      <trkpt lat="45.337499" lon="-72.296028">
        <ele>282.6</ele>
      </trkpt>
      <trkpt lat="45.337627" lon="-72.295945">
        <ele>283.2</ele>
      </trkpt>
      <trkpt lat="45.337813" lon="-72.295823">
        <ele>283.9</ele>
      </trkpt>
      <trkpt lat="45.337946" lon="-72.295732">
        <ele>284.4</ele>
      </trkpt>
      <trkpt lat="45.338082" lon="-72.295645">
        <ele>284.9</ele>
      </trkpt>
      <trkpt lat="45.338205" lon="-72.295575">
        <ele>285.3</ele>
      </trkpt>
      <trkpt lat="45.338328" lon="-72.295501">
        <ele>285.8</ele>
      </trkpt>
      <trkpt lat="45.338449" lon="-72.295427">
        <ele>286.3</ele>
      </trkpt>
      <trkpt lat="45.33863" lon="-72.295312">
        <ele>287.2</ele>
      </trkpt>
      <trkpt lat="45.338742" lon="-72.295233">
        <ele>287.8</ele>
      </trkpt>
      <trkpt lat="45.338858" lon="-72.295155">
        <ele>288.3</ele>
      </trkpt>
      <trkpt lat="45.338967" lon="-72.295088">
        <ele>288.6</ele>
      </trkpt>
      <trkpt lat="45.339079" lon="-72.295023">
        <ele>288.8</ele>
      </trkpt>
      <trkpt lat="45.33919" lon="-72.294957">
        <ele>289</ele>
      </trkpt>
      <trkpt lat="45.339292" lon="-72.294895">
        <ele>289.1</ele>
      </trkpt>
      <trkpt lat="45.339384" lon="-72.294825">
        <ele>289.2</ele>
      </trkpt>
      <trkpt lat="45.339476" lon="-72.294748">
        <ele>289.3</ele>
      </trkpt>
      <trkpt lat="45.33963" lon="-72.294635">
        <ele>289.4</ele>
      </trkpt>
      <trkpt lat="45.339737" lon="-72.294559">
        <ele>289.5</ele>
      </trkpt>
      <trkpt lat="45.339854" lon="-72.294492">
        <ele>289.5</ele>
      </trkpt>
      <trkpt lat="45.339958" lon="-72.294419">
        <ele>289.6</ele>
      </trkpt>
      <trkpt lat="45.340071" lon="-72.29434">
        <ele>289.8</ele>
      </trkpt>
      <trkpt lat="45.340171" lon="-72.294247">
        <ele>290.1</ele>
      </trkpt>
      <trkpt lat="45.340268" lon="-72.294152">
        <ele>290.4</ele>
      </trkpt>
      <trkpt lat="45.340364" lon="-72.29407">
        <ele>290.5</ele>
      </trkpt>
      <trkpt lat="45.34047" lon="-72.293975">
        <ele>290.7</ele>
      </trkpt>
      <trkpt lat="45.340614" lon="-72.293825">
        <ele>290.9</ele>
      </trkpt>
      <trkpt lat="45.340706" lon="-72.293709">
        <ele>291</ele>
      </trkpt>
      <trkpt lat="45.340803" lon="-72.293591">
        <ele>291.1</ele>
      </trkpt>
      <trkpt lat="45.340908" lon="-72.293471">
        <ele>291.1</ele>
      </trkpt>
      <trkpt lat="45.341011" lon="-72.293351">
        <ele>291.1</ele>
      </trkpt>
      <trkpt lat="45.341115" lon="-72.293236">
        <ele>291.1</ele>
      </trkpt>
      <trkpt lat="45.341211" lon="-72.293115">
        <ele>291.1</ele>
      </trkpt>
      <trkpt lat="45.341292" lon="-72.292993">
        <ele>291.1</ele>
      </trkpt>
      <trkpt lat="45.34132" lon="-72.29285">
        <ele>291.4</ele>
      </trkpt>
      <trkpt lat="45.341303" lon="-72.292669">
        <ele>292</ele>
      </trkpt>
      <trkpt lat="45.341287" lon="-72.29249">
        <ele>292.7</ele>
      </trkpt>
      <trkpt lat="45.341281" lon="-72.292333">
        <ele>293.2</ele>
      </trkpt>
      <trkpt lat="45.341275" lon="-72.292233">
        <ele>293.6</ele>
      </trkpt>
      <trkpt lat="45.341268" lon="-72.292106">
        <ele>294.1</ele>
      </trkpt>
      <trkpt lat="45.341263" lon="-72.292002">
        <ele>294.5</ele>
      </trkpt>
      <trkpt lat="45.341254" lon="-72.291883">
        <ele>295</ele>
      </trkpt>
      <trkpt lat="45.341239" lon="-72.291697">
        <ele>295.6</ele>
      </trkpt>
      <trkpt lat="45.341243" lon="-72.291584">
        <ele>295.9</ele>
      </trkpt>
      <trkpt lat="45.341238" lon="-72.291464">
        <ele>296.2</ele>
      </trkpt>
      <trkpt lat="45.341204" lon="-72.291326">
        <ele>296.7</ele>
      </trkpt>
      <trkpt lat="45.341212" lon="-72.291187">
        <ele>297</ele>
      </trkpt>
      <trkpt lat="45.341232" lon="-72.291079">
        <ele>297.2</ele>
      </trkpt>
      <trkpt lat="45.341236" lon="-72.290942">
        <ele>297.5</ele>
      </trkpt>
      <trkpt lat="45.341229" lon="-72.290861">
        <ele>297.8</ele>
      </trkpt>
      <trkpt lat="45.341226" lon="-72.290704">
        <ele>298.3</ele>
      </trkpt>
      <trkpt lat="45.341232" lon="-72.290578">
        <ele>298.8</ele>
      </trkpt>
      <trkpt lat="45.341233" lon="-72.290457">
        <ele>299.2</ele>
      </trkpt>
      <trkpt lat="45.341229" lon="-72.290346">
        <ele>299.7</ele>
      </trkpt>
      <trkpt lat="45.341227" lon="-72.290183">
        <ele>300.3</ele>
      </trkpt>
      <trkpt lat="45.341218" lon="-72.29002">
        <ele>300.8</ele>
      </trkpt>
      <trkpt lat="45.341225" lon="-72.289896">
        <ele>301.2</ele>
      </trkpt>
      <trkpt lat="45.341223" lon="-72.289781">
        <ele>301.5</ele>
      </trkpt>
      <trkpt lat="45.3412" lon="-72.289668">
        <ele>301.8</ele>
      </trkpt>
      <trkpt lat="45.341188" lon="-72.289588">
        <ele>302</ele>
      </trkpt>
      <trkpt lat="45.341191" lon="-72.289459">
        <ele>302.3</ele>
      </trkpt>
      <trkpt lat="45.341201" lon="-72.289087">
        <ele>302.7</ele>
      </trkpt>
      <trkpt lat="45.341191" lon="-72.288824">
        <ele>302.9</ele>
      </trkpt>
      <trkpt lat="45.341174" lon="-72.288549">
        <ele>303.1</ele>
      </trkpt>
      <trkpt lat="45.34116" lon="-72.288309">
        <ele>303.2</ele>
      </trkpt>
      <trkpt lat="45.341158" lon="-72.288102">
        <ele>303.3</ele>
      </trkpt>
      <trkpt lat="45.341159" lon="-72.287912">
        <ele>303.4</ele>
      </trkpt>
      <trkpt lat="45.341156" lon="-72.287724">
        <ele>303.6</ele>
      </trkpt>
      <trkpt lat="45.341139" lon="-72.287548">
        <ele>303.7</ele>
      </trkpt>
      <trkpt lat="45.34112" lon="-72.287358">
        <ele>303.8</ele>
      </trkpt>
      <trkpt lat="45.341109" lon="-72.287175">
        <ele>303.9</ele>
      </trkpt>
      <trkpt lat="45.3411" lon="-72.287004">
        <ele>303.9</ele>
      </trkpt>
      <trkpt lat="45.341087" lon="-72.286831">
        <ele>304</ele>
      </trkpt>
      <trkpt lat="45.341084" lon="-72.286614">
        <ele>304</ele>
      </trkpt>
      <trkpt lat="45.341081" lon="-72.286488">
        <ele>303.9</ele>
      </trkpt>
      <trkpt lat="45.341077" lon="-72.286355">
        <ele>303.9</ele>
      </trkpt>
      <trkpt lat="45.34107" lon="-72.286185">
        <ele>303.9</ele>
      </trkpt>
      <trkpt lat="45.341068" lon="-72.28605">
        <ele>304</ele>
      </trkpt>
      <trkpt lat="45.341061" lon="-72.285803">
        <ele>304.1</ele>
      </trkpt>
      <trkpt lat="45.341063" lon="-72.285612">
        <ele>304.3</ele>
      </trkpt>
      <trkpt lat="45.341053" lon="-72.285278">
        <ele>304.6</ele>
      </trkpt>
      <trkpt lat="45.341054" lon="-72.285072">
        <ele>304.7</ele>
      </trkpt>
      <trkpt lat="45.341048" lon="-72.284837">
        <ele>304.8</ele>
      </trkpt>
      <trkpt lat="45.34103" lon="-72.284586">
        <ele>304.8</ele>
      </trkpt>
      <trkpt lat="45.341016" lon="-72.284331">
        <ele>304.7</ele>
      </trkpt>
      <trkpt lat="45.341002" lon="-72.284093">
        <ele>304.7</ele>
      </trkpt>
      <trkpt lat="45.340997" lon="-72.283872">
        <ele>304.7</ele>
      </trkpt>
      <trkpt lat="45.340991" lon="-72.283668">
        <ele>304.7</ele>
      </trkpt>
      <trkpt lat="45.340983" lon="-72.283495">
        <ele>304.7</ele>
      </trkpt>
      <trkpt lat="45.340968" lon="-72.283319">
        <ele>304.6</ele>
      </trkpt>
      <trkpt lat="45.34095" lon="-72.283064">
        <ele>304.6</ele>
      </trkpt>
      <trkpt lat="45.340941" lon="-72.282888">
        <ele>304.6</ele>
      </trkpt>
      <trkpt lat="45.340928" lon="-72.282707">
        <ele>304.7</ele>
      </trkpt>
      <trkpt lat="45.340932" lon="-72.282527">
        <ele>304.7</ele>
      </trkpt>
      <trkpt lat="45.340975" lon="-72.282382">
        <ele>304.8</ele>
      </trkpt>
      <trkpt lat="45.341134" lon="-72.282303">
        <ele>304.6</ele>
      </trkpt>
      <trkpt lat="45.341173" lon="-72.282303">
        <ele>304.5</ele>
      </trkpt>
      <trkpt lat="45.341396" lon="-72.282273">
        <ele>304.2</ele>
      </trkpt>
      <trkpt lat="45.341531" lon="-72.28226">
        <ele>304</ele>
      </trkpt>
      <trkpt lat="45.341668" lon="-72.282237">
        <ele>303.8</ele>
      </trkpt>
      <trkpt lat="45.341804" lon="-72.282221">
        <ele>303.6</ele>
      </trkpt>
      <trkpt lat="45.341931" lon="-72.282203">
        <ele>303.4</ele>
      </trkpt>
      <trkpt lat="45.342066" lon="-72.282188">
        <ele>303.2</ele>
      </trkpt>
      <trkpt lat="45.342202" lon="-72.282189">
        <ele>303.1</ele>
      </trkpt>
      <trkpt lat="45.342343" lon="-72.28219">
        <ele>303</ele>
      </trkpt>
      <trkpt lat="45.342531" lon="-72.282182">
        <ele>302.9</ele>
      </trkpt>
      <trkpt lat="45.342659" lon="-72.282179">
        <ele>302.9</ele>
      </trkpt>
      <trkpt lat="45.342777" lon="-72.282162">
        <ele>302.9</ele>
      </trkpt>
      <trkpt lat="45.342903" lon="-72.282151">
        <ele>302.9</ele>
      </trkpt>
      <trkpt lat="45.343024" lon="-72.282143">
        <ele>303</ele>
      </trkpt>
      <trkpt lat="45.34314" lon="-72.282127">
        <ele>303</ele>
      </trkpt>
      <trkpt lat="45.343256" lon="-72.282113">
        <ele>303.1</ele>
      </trkpt>
      <trkpt lat="45.343372" lon="-72.2821">
        <ele>303.1</ele>
      </trkpt>
      <trkpt lat="45.343494" lon="-72.282094">
        <ele>303.2</ele>
      </trkpt>
      <trkpt lat="45.343616" lon="-72.282094">
        <ele>303.2</ele>
      </trkpt>
      <trkpt lat="45.343735" lon="-72.282083">
        <ele>303.2</ele>
      </trkpt>
      <trkpt lat="45.343908" lon="-72.282066">
        <ele>303.2</ele>
      </trkpt>
      <trkpt lat="45.34402" lon="-72.28207">
        <ele>303.2</ele>
      </trkpt>
      <trkpt lat="45.344128" lon="-72.282063">
        <ele>303.2</ele>
      </trkpt>
      <trkpt lat="45.344241" lon="-72.282041">
        <ele>303.2</ele>
      </trkpt>
      <trkpt lat="45.34436" lon="-72.282034">
        <ele>303.2</ele>
      </trkpt>
      <trkpt lat="45.344545" lon="-72.282019">
        <ele>303.2</ele>
      </trkpt>
      <trkpt lat="45.344669" lon="-72.282009">
        <ele>303.2</ele>
      </trkpt>
      <trkpt lat="45.344803" lon="-72.281992">
        <ele>303.3</ele>
      </trkpt>
      <trkpt lat="45.344927" lon="-72.28197">
        <ele>303.3</ele>
      </trkpt>
      <trkpt lat="45.345056" lon="-72.281936">
        <ele>303.4</ele>
      </trkpt>
      <trkpt lat="45.345199" lon="-72.281917">
        <ele>303.4</ele>
      </trkpt>
      <trkpt lat="45.345339" lon="-72.281901">
        <ele>303.5</ele>
      </trkpt>
      <trkpt lat="45.345477" lon="-72.28189">
        <ele>303.5</ele>
      </trkpt>
      <trkpt lat="45.345612" lon="-72.281879">
        <ele>303.5</ele>
      </trkpt>
      <trkpt lat="45.345745" lon="-72.281863">
        <ele>303.5</ele>
      </trkpt>
      <trkpt lat="45.345888" lon="-72.281855">
        <ele>303.4</ele>
      </trkpt>
      <trkpt lat="45.346031" lon="-72.281834">
        <ele>303.4</ele>
      </trkpt>
      <trkpt lat="45.346174" lon="-72.281774">
        <ele>303.3</ele>
      </trkpt>
      <trkpt lat="45.346302" lon="-72.281653">
        <ele>303.4</ele>
      </trkpt>
      <trkpt lat="45.346407" lon="-72.281465">
        <ele>303.4</ele>
      </trkpt>
      <trkpt lat="45.346434" lon="-72.281273">
        <ele>303.6</ele>
      </trkpt>
      <trkpt lat="45.346438" lon="-72.281091">
        <ele>303.7</ele>
      </trkpt>
      <trkpt lat="45.346422" lon="-72.280909">
        <ele>303.8</ele>
      </trkpt>
      <trkpt lat="45.346403" lon="-72.280735">
        <ele>303.8</ele>
      </trkpt>
      <trkpt lat="45.346386" lon="-72.280478">
        <ele>303.9</ele>
      </trkpt>
      <trkpt lat="45.346379" lon="-72.28032">
        <ele>304</ele>
      </trkpt>
      <trkpt lat="45.346374" lon="-72.280176">
        <ele>304.1</ele>
      </trkpt>
      <trkpt lat="45.346361" lon="-72.280025">
        <ele>304.4</ele>
      </trkpt>
      <trkpt lat="45.346361" lon="-72.279875">
        <ele>304.7</ele>
      </trkpt>
      <trkpt lat="45.346419" lon="-72.27966">
        <ele>305.4</ele>
      </trkpt>
      <trkpt lat="45.346442" lon="-72.279507">
        <ele>305.9</ele>
      </trkpt>
      <trkpt lat="45.346451" lon="-72.279355">
        <ele>306.5</ele>
      </trkpt>
      <trkpt lat="45.346448" lon="-72.279199">
        <ele>307.1</ele>
      </trkpt>
      <trkpt lat="45.346447" lon="-72.279036">
        <ele>307.7</ele>
      </trkpt>
      <trkpt lat="45.346449" lon="-72.278872">
        <ele>308.4</ele>
      </trkpt>
      <trkpt lat="45.346451" lon="-72.278721">
        <ele>308.9</ele>
      </trkpt>
      <trkpt lat="45.346453" lon="-72.278578">
        <ele>309.4</ele>
      </trkpt>
      <trkpt lat="45.346448" lon="-72.278429">
        <ele>309.9</ele>
      </trkpt>
      <trkpt lat="45.346446" lon="-72.27823">
        <ele>310.6</ele>
      </trkpt>
      <trkpt lat="45.346459" lon="-72.278131">
        <ele>310.9</ele>
      </trkpt>
      <trkpt lat="45.346469" lon="-72.27802">
        <ele>311.3</ele>
      </trkpt>
      <trkpt lat="45.346471" lon="-72.277884">
        <ele>311.7</ele>
      </trkpt>
      <trkpt lat="45.346525" lon="-72.27777">
        <ele>312.1</ele>
      </trkpt>
      <trkpt lat="45.34653" lon="-72.277611">
        <ele>312.6</ele>
      </trkpt>
      <trkpt lat="45.346542" lon="-72.277506">
        <ele>313</ele>
      </trkpt>
      <trkpt lat="45.346548" lon="-72.277392">
        <ele>313.4</ele>
      </trkpt>
      <trkpt lat="45.346524" lon="-72.277275">
        <ele>313.8</ele>
      </trkpt>
      <trkpt lat="45.346503" lon="-72.27718">
        <ele>314.1</ele>
      </trkpt>
      <trkpt lat="45.34648" lon="-72.277146">
        <ele>314.3</ele>
      </trkpt>
      <trkpt lat="45.346455" lon="-72.277169">
        <ele>314.2</ele>
      </trkpt>
      <trkpt lat="45.346442" lon="-72.277159">
        <ele>314.2</ele>
      </trkpt>
      <trkpt lat="45.346431" lon="-72.277101">
        <ele>314.4</ele>
      </trkpt>
      <trkpt lat="45.346456" lon="-72.276984">
        <ele>314.8</ele>
      </trkpt>
      <trkpt lat="45.346515" lon="-72.276831">
        <ele>315.4</ele>
      </trkpt>
      <trkpt lat="45.346599" lon="-72.276753">
        <ele>315.6</ele>
      </trkpt>
      <trkpt lat="45.3467" lon="-72.27672">
        <ele>315.7</ele>
      </trkpt>
      <trkpt lat="45.346807" lon="-72.276696">
        <ele>315.7</ele>
      </trkpt>
      <trkpt lat="45.346908" lon="-72.276678">
        <ele>315.7</ele>
      </trkpt>
      <trkpt lat="45.347064" lon="-72.276655">
        <ele>315.6</ele>
      </trkpt>
      <trkpt lat="45.347165" lon="-72.276617">
        <ele>315.6</ele>
      </trkpt>
      <trkpt lat="45.347257" lon="-72.276526">
        <ele>315.8</ele>
      </trkpt>
      <trkpt lat="45.347333" lon="-72.276404">
        <ele>316.2</ele>
      </trkpt>
      <trkpt lat="45.347423" lon="-72.27631">
        <ele>316.4</ele>
      </trkpt>
      <trkpt lat="45.347524" lon="-72.276246">
        <ele>316.5</ele>
      </trkpt>
      <trkpt lat="45.347617" lon="-72.276206">
        <ele>316.5</ele>
      </trkpt>
      <trkpt lat="45.3477" lon="-72.276173">
        <ele>316.6</ele>
      </trkpt>
      <trkpt lat="45.347784" lon="-72.276149">
        <ele>316.6</ele>
      </trkpt>
      <trkpt lat="45.347875" lon="-72.27612">
        <ele>316.5</ele>
      </trkpt>
      <trkpt lat="45.347946" lon="-72.276096">
        <ele>316.5</ele>
      </trkpt>
      <trkpt lat="45.348046" lon="-72.276069">
        <ele>316.5</ele>
      </trkpt>
      <trkpt lat="45.348157" lon="-72.276076">
        <ele>316.3</ele>
      </trkpt>
      <trkpt lat="45.348257" lon="-72.275955">
        <ele>316.6</ele>
      </trkpt>
      <trkpt lat="45.348317" lon="-72.27586">
        <ele>316.9</ele>
      </trkpt>
      <trkpt lat="45.348414" lon="-72.275764">
        <ele>317</ele>
      </trkpt>
      <trkpt lat="45.348401" lon="-72.275563">
        <ele>317.8</ele>
      </trkpt>
      <trkpt lat="45.348395" lon="-72.275396">
        <ele>318.4</ele>
      </trkpt>
      <trkpt lat="45.3484" lon="-72.275252">
        <ele>318.9</ele>
      </trkpt>
      <trkpt lat="45.348409" lon="-72.275073">
        <ele>319.5</ele>
      </trkpt>
      <trkpt lat="45.3484" lon="-72.274844">
        <ele>320.3</ele>
      </trkpt>
      <trkpt lat="45.348395" lon="-72.274703">
        <ele>320.8</ele>
      </trkpt>
      <trkpt lat="45.348387" lon="-72.274556">
        <ele>321.4</ele>
      </trkpt>
      <trkpt lat="45.348383" lon="-72.27441">
        <ele>321.9</ele>
      </trkpt>
      <trkpt lat="45.348378" lon="-72.274266">
        <ele>322.5</ele>
      </trkpt>
      <trkpt lat="45.348379" lon="-72.274132">
        <ele>323.1</ele>
      </trkpt>
      <trkpt lat="45.34837" lon="-72.273996">
        <ele>323.7</ele>
      </trkpt>
      <trkpt lat="45.34836" lon="-72.273863">
        <ele>324.3</ele>
      </trkpt>
      <trkpt lat="45.348347" lon="-72.273686">
        <ele>325.2</ele>
      </trkpt>
      <trkpt lat="45.348336" lon="-72.273502">
        <ele>326</ele>
      </trkpt>
      <trkpt lat="45.348331" lon="-72.273349">
        <ele>326.7</ele>
      </trkpt>
      <trkpt lat="45.348318" lon="-72.273281">
        <ele>327</ele>
      </trkpt>
      <trkpt lat="45.348341" lon="-72.273072">
        <ele>327.7</ele>
      </trkpt>
      <trkpt lat="45.348338" lon="-72.272962">
        <ele>328.1</ele>
      </trkpt>
      <trkpt lat="45.34833" lon="-72.272798">
        <ele>328.8</ele>
      </trkpt>
      <trkpt lat="45.348306" lon="-72.272661">
        <ele>329.4</ele>
      </trkpt>
      <trkpt lat="45.348292" lon="-72.27256">
        <ele>330</ele>
      </trkpt>
      <trkpt lat="45.3483" lon="-72.272411">
        <ele>330.7</ele>
      </trkpt>
      <trkpt lat="45.348285" lon="-72.272258">
        <ele>331.7</ele>
      </trkpt>
      <trkpt lat="45.34828" lon="-72.272109">
        <ele>332.5</ele>
      </trkpt>
      <trkpt lat="45.348279" lon="-72.27196">
        <ele>333.3</ele>
      </trkpt>
      <trkpt lat="45.3483" lon="-72.271791">
        <ele>333.9</ele>
      </trkpt>
      <trkpt lat="45.348317" lon="-72.271616">
        <ele>334.3</ele>
      </trkpt>
      <trkpt lat="45.348316" lon="-72.271467">
        <ele>334.4</ele>
      </trkpt>
      <trkpt lat="45.348303" lon="-72.27134">
        <ele>334.5</ele>
      </trkpt>
      <trkpt lat="45.348297" lon="-72.271199">
        <ele>334.4</ele>
      </trkpt>
      <trkpt lat="45.348299" lon="-72.270965">
        <ele>334.2</ele>
      </trkpt>
      <trkpt lat="45.348293" lon="-72.270829">
        <ele>334.1</ele>
      </trkpt>
      <trkpt lat="45.348279" lon="-72.270685">
        <ele>334.2</ele>
      </trkpt>
      <trkpt lat="45.348269" lon="-72.270532">
        <ele>334.3</ele>
      </trkpt>
      <trkpt lat="45.348263" lon="-72.270377">
        <ele>334.4</ele>
      </trkpt>
      <trkpt lat="45.348243" lon="-72.270224">
        <ele>334.7</ele>
      </trkpt>
      <trkpt lat="45.348228" lon="-72.270084">
        <ele>334.9</ele>
      </trkpt>
      <trkpt lat="45.348223" lon="-72.269939">
        <ele>335.2</ele>
      </trkpt>
      <trkpt lat="45.348226" lon="-72.269823">
        <ele>335.5</ele>
      </trkpt>
      <trkpt lat="45.348216" lon="-72.26965">
        <ele>335.9</ele>
      </trkpt>
      <trkpt lat="45.348211" lon="-72.269504">
        <ele>336.3</ele>
      </trkpt>
      <trkpt lat="45.348213" lon="-72.269436">
        <ele>336.5</ele>
      </trkpt>
      <trkpt lat="45.348221" lon="-72.269276">
        <ele>336.9</ele>
      </trkpt>
      <trkpt lat="45.348227" lon="-72.26908">
        <ele>337.3</ele>
      </trkpt>
      <trkpt lat="45.348216" lon="-72.268887">
        <ele>337.8</ele>
      </trkpt>
      <trkpt lat="45.348203" lon="-72.268718">
        <ele>338.3</ele>
      </trkpt>
      <trkpt lat="45.348189" lon="-72.26849">
        <ele>338.8</ele>
      </trkpt>
      <trkpt lat="45.348186" lon="-72.268339">
        <ele>339.2</ele>
      </trkpt>
      <trkpt lat="45.348184" lon="-72.268185">
        <ele>339.5</ele>
      </trkpt>
      <trkpt lat="45.348181" lon="-72.268038">
        <ele>339.9</ele>
      </trkpt>
      <trkpt lat="45.348172" lon="-72.267887">
        <ele>340.3</ele>
      </trkpt>
      <trkpt lat="45.348164" lon="-72.267697">
        <ele>340.9</ele>
      </trkpt>
      <trkpt lat="45.348158" lon="-72.267548">
        <ele>341.3</ele>
      </trkpt>
      <trkpt lat="45.348157" lon="-72.267391">
        <ele>341.8</ele>
      </trkpt>
      <trkpt lat="45.348161" lon="-72.267227">
        <ele>342.4</ele>
      </trkpt>
      <trkpt lat="45.34816" lon="-72.267033">
        <ele>343.2</ele>
      </trkpt>
      <trkpt lat="45.348161" lon="-72.266814">
        <ele>344.1</ele>
      </trkpt>
      <trkpt lat="45.348159" lon="-72.26658">
        <ele>345.1</ele>
      </trkpt>
      <trkpt lat="45.348145" lon="-72.266361">
        <ele>346.2</ele>
      </trkpt>
      <trkpt lat="45.348131" lon="-72.266147">
        <ele>347.2</ele>
      </trkpt>
      <trkpt lat="45.348114" lon="-72.265939">
        <ele>348.2</ele>
      </trkpt>
      <trkpt lat="45.348093" lon="-72.265768">
        <ele>348.9</ele>
      </trkpt>
      <trkpt lat="45.348073" lon="-72.265486">
        <ele>350.1</ele>
      </trkpt>
      <trkpt lat="45.348075" lon="-72.265316">
        <ele>350.7</ele>
      </trkpt>
      <trkpt lat="45.348078" lon="-72.265155">
        <ele>351.2</ele>
      </trkpt>
      <trkpt lat="45.348077" lon="-72.265019">
        <ele>351.7</ele>
      </trkpt>
      <trkpt lat="45.348067" lon="-72.264888">
        <ele>352.3</ele>
      </trkpt>
      <trkpt lat="45.348071" lon="-72.264792">
        <ele>352.6</ele>
      </trkpt>
      <trkpt lat="45.34808" lon="-72.264674">
        <ele>353.1</ele>
      </trkpt>
      <trkpt lat="45.348069" lon="-72.264528">
        <ele>353.7</ele>
      </trkpt>
      <trkpt lat="45.348054" lon="-72.264379">
        <ele>354.4</ele>
      </trkpt>
      <trkpt lat="45.348025" lon="-72.26431">
        <ele>354.8</ele>
      </trkpt>
      <trkpt lat="45.348019" lon="-72.264215">
        <ele>355.2</ele>
      </trkpt>
      <trkpt lat="45.348001" lon="-72.264">
        <ele>356.1</ele>
      </trkpt>
      <trkpt lat="45.348007" lon="-72.26389">
        <ele>356.4</ele>
      </trkpt>
      <trkpt lat="45.348005" lon="-72.263743">
        <ele>357</ele>
      </trkpt>
      <trkpt lat="45.348007" lon="-72.263587">
        <ele>357.5</ele>
      </trkpt>
      <trkpt lat="45.347988" lon="-72.263405">
        <ele>358.2</ele>
      </trkpt>
      <trkpt lat="45.347979" lon="-72.263263">
        <ele>358.7</ele>
      </trkpt>
      <trkpt lat="45.347967" lon="-72.263071">
        <ele>359.4</ele>
      </trkpt>
      <trkpt lat="45.347963" lon="-72.262969">
        <ele>359.8</ele>
      </trkpt>
      <trkpt lat="45.347951" lon="-72.262851">
        <ele>360.3</ele>
      </trkpt>
      <trkpt lat="45.347955" lon="-72.262684">
        <ele>361</ele>
      </trkpt>
      <trkpt lat="45.347948" lon="-72.26253">
        <ele>361.7</ele>
      </trkpt>
      <trkpt lat="45.347949" lon="-72.26242">
        <ele>362.2</ele>
      </trkpt>
      <trkpt lat="45.347954" lon="-72.262258">
        <ele>363</ele>
      </trkpt>
      <trkpt lat="45.347951" lon="-72.262082">
        <ele>364</ele>
      </trkpt>
      <trkpt lat="45.347943" lon="-72.261949">
        <ele>364.7</ele>
      </trkpt>
      <trkpt lat="45.347953" lon="-72.261813">
        <ele>365.4</ele>
      </trkpt>
      <trkpt lat="45.347925" lon="-72.26164">
        <ele>366.3</ele>
      </trkpt>
      <trkpt lat="45.347914" lon="-72.261487">
        <ele>366.9</ele>
      </trkpt>
      <trkpt lat="45.34791" lon="-72.261355">
        <ele>367.5</ele>
      </trkpt>
      <trkpt lat="45.347885" lon="-72.261328">
        <ele>367.6</ele>
      </trkpt>
      <trkpt lat="45.347882" lon="-72.261144">
        <ele>368.3</ele>
      </trkpt>
      <trkpt lat="45.347882" lon="-72.261042">
        <ele>368.6</ele>
      </trkpt>
      <trkpt lat="45.347865" lon="-72.260831">
        <ele>369.5</ele>
      </trkpt>
      <trkpt lat="45.347858" lon="-72.260715">
        <ele>369.9</ele>
      </trkpt>
      <trkpt lat="45.34785" lon="-72.260559">
        <ele>370.6</ele>
      </trkpt>
      <trkpt lat="45.34784" lon="-72.260457">
        <ele>371</ele>
      </trkpt>
      <trkpt lat="45.347837" lon="-72.260284">
        <ele>371.7</ele>
      </trkpt>
      <trkpt lat="45.34784" lon="-72.260153">
        <ele>372.1</ele>
      </trkpt>
      <trkpt lat="45.347839" lon="-72.260046">
        <ele>372.4</ele>
      </trkpt>
      <trkpt lat="45.347836" lon="-72.259908">
        <ele>372.8</ele>
      </trkpt>
      <trkpt lat="45.347829" lon="-72.259786">
        <ele>373.1</ele>
      </trkpt>
      <trkpt lat="45.347824" lon="-72.259689">
        <ele>373.4</ele>
      </trkpt>
      <trkpt lat="45.347823" lon="-72.259496">
        <ele>373.7</ele>
      </trkpt>
      <trkpt lat="45.347822" lon="-72.259385">
        <ele>373.9</ele>
      </trkpt>
      <trkpt lat="45.3478" lon="-72.259261">
        <ele>374.2</ele>
      </trkpt>
      <trkpt lat="45.34777" lon="-72.259154">
        <ele>374.5</ele>
      </trkpt>
      <trkpt lat="45.347751" lon="-72.259035">
        <ele>374.9</ele>
      </trkpt>
      <trkpt lat="45.347752" lon="-72.258926">
        <ele>375</ele>
      </trkpt>
      <trkpt lat="45.347762" lon="-72.258814">
        <ele>375.1</ele>
      </trkpt>
      <trkpt lat="45.34777" lon="-72.258705">
        <ele>375.3</ele>
      </trkpt>
      <trkpt lat="45.34777" lon="-72.258578">
        <ele>375.6</ele>
      </trkpt>
      <trkpt lat="45.347764" lon="-72.25846">
        <ele>376</ele>
      </trkpt>
      <trkpt lat="45.347749" lon="-72.258262">
        <ele>376.9</ele>
      </trkpt>
      <trkpt lat="45.34774" lon="-72.258148">
        <ele>377.4</ele>
      </trkpt>
      <trkpt lat="45.347733" lon="-72.258052">
        <ele>377.9</ele>
      </trkpt>
      <trkpt lat="45.347726" lon="-72.257913">
        <ele>378.7</ele>
      </trkpt>
      <trkpt lat="45.347728" lon="-72.257801">
        <ele>379.3</ele>
      </trkpt>
      <trkpt lat="45.347734" lon="-72.257695">
        <ele>379.8</ele>
      </trkpt>
      <trkpt lat="45.347737" lon="-72.257546">
        <ele>380.6</ele>
      </trkpt>
      <trkpt lat="45.347735" lon="-72.257389">
        <ele>381.5</ele>
      </trkpt>
      <trkpt lat="45.347717" lon="-72.257262">
        <ele>382.3</ele>
      </trkpt>
      <trkpt lat="45.347686" lon="-72.257125">
        <ele>383.4</ele>
      </trkpt>
      <trkpt lat="45.347656" lon="-72.256908">
        <ele>384.8</ele>
      </trkpt>
      <trkpt lat="45.347658" lon="-72.256749">
        <ele>385.6</ele>
      </trkpt>
      <trkpt lat="45.347664" lon="-72.256597">
        <ele>386.2</ele>
      </trkpt>
      <trkpt lat="45.347655" lon="-72.256439">
        <ele>387</ele>
      </trkpt>
      <trkpt lat="45.347641" lon="-72.256286">
        <ele>387.7</ele>
      </trkpt>
      <trkpt lat="45.347631" lon="-72.256136">
        <ele>388.4</ele>
      </trkpt>
      <trkpt lat="45.347633" lon="-72.255983">
        <ele>389</ele>
      </trkpt>
      <trkpt lat="45.347647" lon="-72.25589">
        <ele>389.3</ele>
      </trkpt>
      <trkpt lat="45.347671" lon="-72.25588">
        <ele>389</ele>
      </trkpt>
      <trkpt lat="45.347766" lon="-72.255861">
        <ele>388.2</ele>
      </trkpt>
      <trkpt lat="45.347889" lon="-72.25586">
        <ele>387.1</ele>
      </trkpt>
      <trkpt lat="45.348028" lon="-72.255851">
        <ele>385.8</ele>
      </trkpt>
      <trkpt lat="45.348139" lon="-72.255831">
        <ele>384.7</ele>
      </trkpt>
      <trkpt lat="45.348238" lon="-72.25581">
        <ele>383.8</ele>
      </trkpt>
      <trkpt lat="45.348323" lon="-72.255811">
        <ele>382.8</ele>
      </trkpt>
      <trkpt lat="45.348454" lon="-72.25582">
        <ele>381.3</ele>
      </trkpt>
      <trkpt lat="45.348627" lon="-72.255798">
        <ele>379.1</ele>
      </trkpt>
      <trkpt lat="45.348746" lon="-72.25578">
        <ele>377.6</ele>
      </trkpt>
      <trkpt lat="45.348844" lon="-72.255728">
        <ele>376.3</ele>
      </trkpt>
      <trkpt lat="45.348886" lon="-72.255588">
        <ele>375.6</ele>
      </trkpt>
      <trkpt lat="45.348874" lon="-72.255443">
        <ele>375.6</ele>
      </trkpt>
      <trkpt lat="45.348849" lon="-72.255305">
        <ele>375.7</ele>
      </trkpt>
      <trkpt lat="45.348828" lon="-72.255163">
        <ele>375.8</ele>
      </trkpt>
      <trkpt lat="45.348822" lon="-72.255008">
        <ele>375.8</ele>
      </trkpt>
      <trkpt lat="45.348818" lon="-72.254854">
        <ele>375.9</ele>
      </trkpt>
      <trkpt lat="45.348809" lon="-72.2547">
        <ele>376.2</ele>
      </trkpt>
      <trkpt lat="45.348799" lon="-72.254543">
        <ele>376.6</ele>
      </trkpt>
      <trkpt lat="45.348791" lon="-72.25439">
        <ele>377</ele>
      </trkpt>
      <trkpt lat="45.348783" lon="-72.254241">
        <ele>377.3</ele>
      </trkpt>
      <trkpt lat="45.348769" lon="-72.254094">
        <ele>377.7</ele>
      </trkpt>
      <trkpt lat="45.348757" lon="-72.253947">
        <ele>378</ele>
      </trkpt>
      <trkpt lat="45.34875" lon="-72.253798">
        <ele>378.2</ele>
      </trkpt>
      <trkpt lat="45.348744" lon="-72.253652">
        <ele>378.4</ele>
      </trkpt>
      <trkpt lat="45.348743" lon="-72.253505">
        <ele>378.6</ele>
      </trkpt>
      <trkpt lat="45.348739" lon="-72.253356">
        <ele>379</ele>
      </trkpt>
      <trkpt lat="45.348733" lon="-72.253211">
        <ele>379.5</ele>
      </trkpt>
      <trkpt lat="45.348728" lon="-72.253068">
        <ele>380.1</ele>
      </trkpt>
      <trkpt lat="45.348723" lon="-72.252929">
        <ele>380.6</ele>
      </trkpt>
      <trkpt lat="45.348723" lon="-72.252797">
        <ele>381.1</ele>
      </trkpt>
      <trkpt lat="45.348731" lon="-72.252699">
        <ele>381.3</ele>
      </trkpt>
      <trkpt lat="45.348797" lon="-72.252549">
        <ele>380.7</ele>
      </trkpt>
      <trkpt lat="45.348896" lon="-72.25251">
        <ele>379.2</ele>
      </trkpt>
      <trkpt lat="45.349007" lon="-72.252507">
        <ele>377.5</ele>
      </trkpt>
      <trkpt lat="45.349112" lon="-72.252499">
        <ele>375.8</ele>
      </trkpt>
      <trkpt lat="45.349221" lon="-72.252493">
        <ele>374.2</ele>
      </trkpt>
      <trkpt lat="45.349342" lon="-72.252484">
        <ele>372.4</ele>
      </trkpt>
      <trkpt lat="45.349469" lon="-72.252473">
        <ele>370.6</ele>
      </trkpt>
      <trkpt lat="45.349606" lon="-72.252469">
        <ele>368.7</ele>
      </trkpt>
      <trkpt lat="45.349754" lon="-72.25246">
        <ele>366.9</ele>
      </trkpt>
      <trkpt lat="45.349915" lon="-72.252445">
        <ele>365.2</ele>
      </trkpt>
      <trkpt lat="45.350084" lon="-72.25243">
        <ele>363.7</ele>
      </trkpt>
      <trkpt lat="45.350258" lon="-72.252407">
        <ele>362.5</ele>
      </trkpt>
      <trkpt lat="45.350447" lon="-72.252384">
        <ele>361.5</ele>
      </trkpt>
      <trkpt lat="45.350713" lon="-72.25236">
        <ele>360.1</ele>
      </trkpt>
      <trkpt lat="45.350897" lon="-72.252319">
        <ele>358.9</ele>
      </trkpt>
      <trkpt lat="45.351082" lon="-72.252259">
        <ele>357.5</ele>
      </trkpt>
      <trkpt lat="45.351255" lon="-72.252197">
        <ele>356</ele>
      </trkpt>
      <trkpt lat="45.35143" lon="-72.252136">
        <ele>354.3</ele>
      </trkpt>
      <trkpt lat="45.351595" lon="-72.252114">
        <ele>352.6</ele>
      </trkpt>
      <trkpt lat="45.351708" lon="-72.252199">
        <ele>351.3</ele>
      </trkpt>
      <trkpt lat="45.351742" lon="-72.252393">
        <ele>350.7</ele>
      </trkpt>
      <trkpt lat="45.351746" lon="-72.252603">
        <ele>350.5</ele>
      </trkpt>
      <trkpt lat="45.35175" lon="-72.252806">
        <ele>350.2</ele>
      </trkpt>
      <trkpt lat="45.351742" lon="-72.252994">
        <ele>350.1</ele>
      </trkpt>
      <trkpt lat="45.351744" lon="-72.253175">
        <ele>349.9</ele>
      </trkpt>
      <trkpt lat="45.351749" lon="-72.253371">
        <ele>349.6</ele>
      </trkpt>
      <trkpt lat="45.351755" lon="-72.253557">
        <ele>349.3</ele>
      </trkpt>
      <trkpt lat="45.351771" lon="-72.253814">
        <ele>348.8</ele>
      </trkpt>
      <trkpt lat="45.351797" lon="-72.253981">
        <ele>348.4</ele>
      </trkpt>
      <trkpt lat="45.35181" lon="-72.254144">
        <ele>348.1</ele>
      </trkpt>
      <trkpt lat="45.351822" lon="-72.254382">
        <ele>347.9</ele>
      </trkpt>
      <trkpt lat="45.351837" lon="-72.254526">
        <ele>347.7</ele>
      </trkpt>
      <trkpt lat="45.351846" lon="-72.254649">
        <ele>347.6</ele>
      </trkpt>
      <trkpt lat="45.351843" lon="-72.254797">
        <ele>347.6</ele>
      </trkpt>
      <trkpt lat="45.351834" lon="-72.254929">
        <ele>347.7</ele>
      </trkpt>
      <trkpt lat="45.351818" lon="-72.255059">
        <ele>347.8</ele>
      </trkpt>
      <trkpt lat="45.351792" lon="-72.255205">
        <ele>348</ele>
      </trkpt>
      <trkpt lat="45.351755" lon="-72.255349">
        <ele>348.3</ele>
      </trkpt>
      <trkpt lat="45.35172" lon="-72.255489">
        <ele>348.5</ele>
      </trkpt>
      <trkpt lat="45.351725" lon="-72.25551">
        <ele>348.4</ele>
      </trkpt>
      <trkpt lat="45.35169" lon="-72.25567">
        <ele>348.6</ele>
      </trkpt>
      <trkpt lat="45.351671" lon="-72.255755">
        <ele>348.6</ele>
      </trkpt>
      <trkpt lat="45.35164" lon="-72.255888">
        <ele>348.7</ele>
      </trkpt>
      <trkpt lat="45.351619" lon="-72.255977">
        <ele>348.8</ele>
      </trkpt>
      <trkpt lat="45.351618" lon="-72.25606">
        <ele>348.7</ele>
      </trkpt>
      <trkpt lat="45.351663" lon="-72.256155">
        <ele>348.2</ele>
      </trkpt>
      <trkpt lat="45.351706" lon="-72.256186">
        <ele>347.8</ele>
      </trkpt>
      <trkpt lat="45.351804" lon="-72.256212">
        <ele>346.9</ele>
      </trkpt>
      <trkpt lat="45.35186" lon="-72.256233">
        <ele>346.4</ele>
      </trkpt>
      <trkpt lat="45.352004" lon="-72.256315">
        <ele>345.1</ele>
      </trkpt>
      <trkpt lat="45.352103" lon="-72.256383">
        <ele>344.2</ele>
      </trkpt>
      <trkpt lat="45.352195" lon="-72.256445">
        <ele>343.4</ele>
      </trkpt>
      <trkpt lat="45.352288" lon="-72.256515">
        <ele>342.5</ele>
      </trkpt>
      <trkpt lat="45.352379" lon="-72.256603">
        <ele>341.8</ele>
      </trkpt>
      <trkpt lat="45.352462" lon="-72.256696">
        <ele>341.1</ele>
      </trkpt>
      <trkpt lat="45.352548" lon="-72.256805">
        <ele>340.4</ele>
      </trkpt>
      <trkpt lat="45.35264" lon="-72.256931">
        <ele>339.7</ele>
      </trkpt>
      <trkpt lat="45.352721" lon="-72.257073">
        <ele>339.1</ele>
      </trkpt>
      <trkpt lat="45.352829" lon="-72.257303">
        <ele>338.2</ele>
      </trkpt>
      <trkpt lat="45.352893" lon="-72.257466">
        <ele>337.4</ele>
      </trkpt>
      <trkpt lat="45.352958" lon="-72.257629">
        <ele>336.5</ele>
      </trkpt>
      <trkpt lat="45.353029" lon="-72.25779">
        <ele>335.2</ele>
      </trkpt>
      <trkpt lat="45.353104" lon="-72.257959">
        <ele>333.7</ele>
      </trkpt>
      <trkpt lat="45.353174" lon="-72.258114">
        <ele>332.3</ele>
      </trkpt>
      <trkpt lat="45.353256" lon="-72.258274">
        <ele>330.8</ele>
      </trkpt>
      <trkpt lat="45.353383" lon="-72.258524">
        <ele>328.6</ele>
      </trkpt>
      <trkpt lat="45.353495" lon="-72.258701">
        <ele>326.9</ele>
      </trkpt>
      <trkpt lat="45.35361" lon="-72.258871">
        <ele>325.2</ele>
      </trkpt>
      <trkpt lat="45.353738" lon="-72.259005">
        <ele>323.4</ele>
      </trkpt>
      <trkpt lat="45.353859" lon="-72.259099">
        <ele>321.6</ele>
      </trkpt>
      <trkpt lat="45.353962" lon="-72.259085">
        <ele>320.3</ele>
      </trkpt>
      <trkpt lat="45.354027" lon="-72.258981">
        <ele>319.9</ele>
      </trkpt>
      <trkpt lat="45.354036" lon="-72.25883">
        <ele>320.5</ele>
      </trkpt>
      <trkpt lat="45.354054" lon="-72.258688">
        <ele>320.9</ele>
      </trkpt>
      <trkpt lat="45.354083" lon="-72.258537">
        <ele>321.3</ele>
      </trkpt>
      <trkpt lat="45.354123" lon="-72.258384">
        <ele>321.5</ele>
      </trkpt>
      <trkpt lat="45.354176" lon="-72.258219">
        <ele>321.4</ele>
      </trkpt>
      <trkpt lat="45.354229" lon="-72.258057">
        <ele>321.2</ele>
      </trkpt>
      <trkpt lat="45.354291" lon="-72.257889">
        <ele>320.9</ele>
      </trkpt>
      <trkpt lat="45.354389" lon="-72.257724">
        <ele>320</ele>
      </trkpt>
      <trkpt lat="45.354556" lon="-72.2575">
        <ele>318.7</ele>
      </trkpt>
      <trkpt lat="45.3547" lon="-72.257379">
        <ele>317.6</ele>
      </trkpt>
      <trkpt lat="45.354862" lon="-72.25729">
        <ele>316.2</ele>
      </trkpt>
      <trkpt lat="45.355018" lon="-72.257199">
        <ele>314.8</ele>
      </trkpt>
      <trkpt lat="45.355172" lon="-72.257101">
        <ele>313.4</ele>
      </trkpt>
      <trkpt lat="45.355333" lon="-72.257022">
        <ele>311.8</ele>
      </trkpt>
      <trkpt lat="45.3555" lon="-72.256959">
        <ele>310.1</ele>
      </trkpt>
      <trkpt lat="45.355709" lon="-72.256865">
        <ele>307.9</ele>
      </trkpt>
      <trkpt lat="45.35583" lon="-72.256833">
        <ele>306.7</ele>
      </trkpt>
      <trkpt lat="45.355931" lon="-72.256807">
        <ele>305.8</ele>
      </trkpt>
      <trkpt lat="45.356013" lon="-72.256705">
        <ele>305</ele>
      </trkpt>
      <trkpt lat="45.356082" lon="-72.256563">
        <ele>304.4</ele>
      </trkpt>
      <trkpt lat="45.356158" lon="-72.256397">
        <ele>303.7</ele>
      </trkpt>
      <trkpt lat="45.356236" lon="-72.256233">
        <ele>303.2</ele>
      </trkpt>
      <trkpt lat="45.356316" lon="-72.256061">
        <ele>302.6</ele>
      </trkpt>
      <trkpt lat="45.356409" lon="-72.255872">
        <ele>301.9</ele>
      </trkpt>
      <trkpt lat="45.356506" lon="-72.25569">
        <ele>301.1</ele>
      </trkpt>
      <trkpt lat="45.356595" lon="-72.255509">
        <ele>300.4</ele>
      </trkpt>
      <trkpt lat="45.356671" lon="-72.255355">
        <ele>299.7</ele>
      </trkpt>
      <trkpt lat="45.356756" lon="-72.255218">
        <ele>299.2</ele>
      </trkpt>
      <trkpt lat="45.356842" lon="-72.25506">
        <ele>298.7</ele>
      </trkpt>
      <trkpt lat="45.356925" lon="-72.254913">
        <ele>298.3</ele>
      </trkpt>
      <trkpt lat="45.357034" lon="-72.254688">
        <ele>297.9</ele>
      </trkpt>
      <trkpt lat="45.357116" lon="-72.254517">
        <ele>297.6</ele>
      </trkpt>
      <trkpt lat="45.357233" lon="-72.254265">
        <ele>297.2</ele>
      </trkpt>
      <trkpt lat="45.357323" lon="-72.254104">
        <ele>296.8</ele>
      </trkpt>
      <trkpt lat="45.357405" lon="-72.253951">
        <ele>296.4</ele>
      </trkpt>
      <trkpt lat="45.357485" lon="-72.253776">
        <ele>296</ele>
      </trkpt>
      <trkpt lat="45.357537" lon="-72.253583">
        <ele>296</ele>
      </trkpt>
      <trkpt lat="45.357559" lon="-72.253394">
        <ele>296.2</ele>
      </trkpt>
      <trkpt lat="45.357556" lon="-72.253206">
        <ele>296.6</ele>
      </trkpt>
      <trkpt lat="45.357538" lon="-72.253023">
        <ele>297.2</ele>
      </trkpt>
      <trkpt lat="45.357514" lon="-72.25285">
        <ele>297.8</ele>
      </trkpt>
      <trkpt lat="45.357483" lon="-72.25267">
        <ele>298.3</ele>
      </trkpt>
      <trkpt lat="45.357444" lon="-72.252396">
        <ele>299</ele>
      </trkpt>
      <trkpt lat="45.357419" lon="-72.252205">
        <ele>299.3</ele>
      </trkpt>
      <trkpt lat="45.357397" lon="-72.252022">
        <ele>299.6</ele>
      </trkpt>
      <trkpt lat="45.35738" lon="-72.251845">
        <ele>299.9</ele>
      </trkpt>
      <trkpt lat="45.357353" lon="-72.251695">
        <ele>300.3</ele>
      </trkpt>
      <trkpt lat="45.357306" lon="-72.251461">
        <ele>301</ele>
      </trkpt>
      <trkpt lat="45.357291" lon="-72.251308">
        <ele>301.5</ele>
      </trkpt>
      <trkpt lat="45.357277" lon="-72.251155">
        <ele>301.9</ele>
      </trkpt>
      <trkpt lat="45.357264" lon="-72.250976">
        <ele>302.2</ele>
      </trkpt>
      <trkpt lat="45.357261" lon="-72.250795">
        <ele>302.4</ele>
      </trkpt>
      <trkpt lat="45.357267" lon="-72.250613">
        <ele>302.3</ele>
      </trkpt>
      <trkpt lat="45.357273" lon="-72.250423">
        <ele>302.2</ele>
      </trkpt>
      <trkpt lat="45.357289" lon="-72.250239">
        <ele>302</ele>
      </trkpt>
      <trkpt lat="45.357311" lon="-72.250058">
        <ele>302</ele>
      </trkpt>
      <trkpt lat="45.357334" lon="-72.249862">
        <ele>302.1</ele>
      </trkpt>
      <trkpt lat="45.357355" lon="-72.249683">
        <ele>302.4</ele>
      </trkpt>
      <trkpt lat="45.357381" lon="-72.249501">
        <ele>302.6</ele>
      </trkpt>
      <trkpt lat="45.357415" lon="-72.249328">
        <ele>302.8</ele>
      </trkpt>
      <trkpt lat="45.357491" lon="-72.249095">
        <ele>302.8</ele>
      </trkpt>
      <trkpt lat="45.35754" lon="-72.248931">
        <ele>302.8</ele>
      </trkpt>
      <trkpt lat="45.357631" lon="-72.248689">
        <ele>302.6</ele>
      </trkpt>
      <trkpt lat="45.357684" lon="-72.248544">
        <ele>302.6</ele>
      </trkpt>
      <trkpt lat="45.357742" lon="-72.248396">
        <ele>302.6</ele>
      </trkpt>
      <trkpt lat="45.357806" lon="-72.248252">
        <ele>302.6</ele>
      </trkpt>
      <trkpt lat="45.357871" lon="-72.248123">
        <ele>302.7</ele>
      </trkpt>
      <trkpt lat="45.357967" lon="-72.247938">
        <ele>302.7</ele>
      </trkpt>
      <trkpt lat="45.358029" lon="-72.247824">
        <ele>302.7</ele>
      </trkpt>
      <trkpt lat="45.358077" lon="-72.247722">
        <ele>302.7</ele>
      </trkpt>
      <trkpt lat="45.358114" lon="-72.247638">
        <ele>302.8</ele>
      </trkpt>
      <trkpt lat="45.35816" lon="-72.247575">
        <ele>302.6</ele>
      </trkpt>
      <trkpt lat="45.358196" lon="-72.247522">
        <ele>302.6</ele>
      </trkpt>
      <trkpt lat="45.358214" lon="-72.247407">
        <ele>302.7</ele>
      </trkpt>
      <trkpt lat="45.358243" lon="-72.247305">
        <ele>302.8</ele>
      </trkpt>
      <trkpt lat="45.358295" lon="-72.24722">
        <ele>302.7</ele>
      </trkpt>
      <trkpt lat="45.358359" lon="-72.247082">
        <ele>302.7</ele>
      </trkpt>
      <trkpt lat="45.358403" lon="-72.246931">
        <ele>302.9</ele>
      </trkpt>
      <trkpt lat="45.358487" lon="-72.246738">
        <ele>303</ele>
      </trkpt>
      <trkpt lat="45.358539" lon="-72.246575">
        <ele>303.3</ele>
      </trkpt>
      <trkpt lat="45.358594" lon="-72.24643">
        <ele>303.5</ele>
      </trkpt>
      <trkpt lat="45.358671" lon="-72.24628">
        <ele>303.7</ele>
      </trkpt>
      <trkpt lat="45.358745" lon="-72.246134">
        <ele>303.8</ele>
      </trkpt>
      <trkpt lat="45.358814" lon="-72.245988">
        <ele>303.8</ele>
      </trkpt>
      <trkpt lat="45.35892" lon="-72.245775">
        <ele>303.7</ele>
      </trkpt>
      <trkpt lat="45.358991" lon="-72.245631">
        <ele>303.4</ele>
      </trkpt>
      <trkpt lat="45.359064" lon="-72.245476">
        <ele>303.2</ele>
      </trkpt>
      <trkpt lat="45.359131" lon="-72.245329">
        <ele>302.9</ele>
      </trkpt>
      <trkpt lat="45.359187" lon="-72.245186">
        <ele>302.6</ele>
      </trkpt>
      <trkpt lat="45.359206" lon="-72.245137">
        <ele>302.6</ele>
      </trkpt>
      <trkpt lat="45.359196" lon="-72.245143">
        <ele>302.6</ele>
      </trkpt>
      <trkpt lat="45.359191" lon="-72.245149">
        <ele>302.6</ele>
      </trkpt>
      <trkpt lat="45.359194" lon="-72.245155">
        <ele>302.6</ele>
      </trkpt>
      <trkpt lat="45.359192" lon="-72.245148">
        <ele>302.6</ele>
      </trkpt>
      <trkpt lat="45.359277" lon="-72.244919">
        <ele>302.3</ele>
      </trkpt>
      <trkpt lat="45.359321" lon="-72.244795">
        <ele>302.2</ele>
      </trkpt>
      <trkpt lat="45.359359" lon="-72.244694">
        <ele>302.2</ele>
      </trkpt>
      <trkpt lat="45.35942" lon="-72.244578">
        <ele>302.1</ele>
      </trkpt>
      <trkpt lat="45.359454" lon="-72.244487">
        <ele>302.1</ele>
      </trkpt>
      <trkpt lat="45.359499" lon="-72.244375">
        <ele>302.1</ele>
      </trkpt>
      <trkpt lat="45.359621" lon="-72.244216">
        <ele>301.9</ele>
      </trkpt>
      <trkpt lat="45.359694" lon="-72.244122">
        <ele>301.8</ele>
      </trkpt>
      <trkpt lat="45.35976" lon="-72.24406">
        <ele>301.6</ele>
      </trkpt>
      <trkpt lat="45.359888" lon="-72.243903">
        <ele>301.4</ele>
      </trkpt>
      <trkpt lat="45.359958" lon="-72.243808">
        <ele>301.3</ele>
      </trkpt>
      <trkpt lat="45.360032" lon="-72.24371">
        <ele>301.2</ele>
      </trkpt>
      <trkpt lat="45.360111" lon="-72.243623">
        <ele>301.1</ele>
      </trkpt>
      <trkpt lat="45.3602" lon="-72.243549">
        <ele>300.9</ele>
      </trkpt>
      <trkpt lat="45.360285" lon="-72.243473">
        <ele>300.8</ele>
      </trkpt>
      <trkpt lat="45.360345" lon="-72.243397">
        <ele>300.8</ele>
      </trkpt>
      <trkpt lat="45.36038" lon="-72.243264">
        <ele>300.9</ele>
      </trkpt>
      <trkpt lat="45.36037" lon="-72.243112">
        <ele>301.1</ele>
      </trkpt>
      <trkpt lat="45.360288" lon="-72.242929">
        <ele>301.7</ele>
      </trkpt>
      <trkpt lat="45.360242" lon="-72.242917">
        <ele>301.9</ele>
      </trkpt>
      <trkpt lat="45.360146" lon="-72.2428">
        <ele>302.5</ele>
      </trkpt>
      <trkpt lat="45.360046" lon="-72.242708">
        <ele>303.1</ele>
      </trkpt>
      <trkpt lat="45.359959" lon="-72.242644">
        <ele>303.8</ele>
      </trkpt>
      <trkpt lat="45.359839" lon="-72.242528">
        <ele>304.9</ele>
      </trkpt>
      <trkpt lat="45.359768" lon="-72.242443">
        <ele>305.6</ele>
      </trkpt>
      <trkpt lat="45.359701" lon="-72.242358">
        <ele>306.4</ele>
      </trkpt>
      <trkpt lat="45.359635" lon="-72.242263">
        <ele>307.3</ele>
      </trkpt>
      <trkpt lat="45.359544" lon="-72.242149">
        <ele>308.4</ele>
      </trkpt>
      <trkpt lat="45.35948" lon="-72.242062">
        <ele>309.2</ele>
      </trkpt>
      <trkpt lat="45.359421" lon="-72.241969">
        <ele>310</ele>
      </trkpt>
      <trkpt lat="45.359418" lon="-72.24181">
        <ele>310.6</ele>
      </trkpt>
      <trkpt lat="45.359319" lon="-72.241763">
        <ele>311.4</ele>
      </trkpt>
      <trkpt lat="45.359275" lon="-72.241711">
        <ele>311.9</ele>
      </trkpt>
      <trkpt lat="45.359217" lon="-72.241643">
        <ele>312.5</ele>
      </trkpt>
      <trkpt lat="45.359057" lon="-72.241498">
        <ele>314</ele>
      </trkpt>
      <trkpt lat="45.358975" lon="-72.241426">
        <ele>314.8</ele>
      </trkpt>
      <trkpt lat="45.358926" lon="-72.24135">
        <ele>315.3</ele>
      </trkpt>
      <trkpt lat="45.358858" lon="-72.241282">
        <ele>316</ele>
      </trkpt>
      <trkpt lat="45.358759" lon="-72.241192">
        <ele>316.9</ele>
      </trkpt>
      <trkpt lat="45.358691" lon="-72.241101">
        <ele>317.6</ele>
      </trkpt>
      <trkpt lat="45.358656" lon="-72.240999">
        <ele>318.2</ele>
      </trkpt>
      <trkpt lat="45.358642" lon="-72.240899">
        <ele>318.6</ele>
      </trkpt>
      <trkpt lat="45.358633" lon="-72.240791">
        <ele>319.1</ele>
      </trkpt>
      <trkpt lat="45.358628" lon="-72.240659">
        <ele>319.6</ele>
      </trkpt>
      <trkpt lat="45.358626" lon="-72.240569">
        <ele>319.9</ele>
      </trkpt>
      <trkpt lat="45.358619" lon="-72.240474">
        <ele>320.3</ele>
      </trkpt>
      <trkpt lat="45.358615" lon="-72.240389">
        <ele>320.7</ele>
      </trkpt>
      <trkpt lat="45.35861" lon="-72.240273">
        <ele>321.1</ele>
      </trkpt>
      <trkpt lat="45.358616" lon="-72.240166">
        <ele>321.5</ele>
      </trkpt>
      <trkpt lat="45.358612" lon="-72.240022">
        <ele>322.1</ele>
      </trkpt>
      <trkpt lat="45.358579" lon="-72.239949">
        <ele>322.6</ele>
      </trkpt>
      <trkpt lat="45.35853" lon="-72.239913">
        <ele>323</ele>
      </trkpt>
      <trkpt lat="45.358477" lon="-72.239886">
        <ele>323.4</ele>
      </trkpt>
      <trkpt lat="45.358431" lon="-72.239828">
        <ele>323.9</ele>
      </trkpt>
      <trkpt lat="45.358405" lon="-72.239769">
        <ele>324.2</ele>
      </trkpt>
      <trkpt lat="45.358376" lon="-72.23971">
        <ele>324.6</ele>
      </trkpt>
      <trkpt lat="45.358341" lon="-72.239659">
        <ele>325</ele>
      </trkpt>
      <trkpt lat="45.358313" lon="-72.239643">
        <ele>325.2</ele>
      </trkpt>
      <trkpt lat="45.358298" lon="-72.239638">
        <ele>325.3</ele>
      </trkpt>
      <trkpt lat="45.358286" lon="-72.239638">
        <ele>325.3</ele>
      </trkpt>
      <trkpt lat="45.358267" lon="-72.239679">
        <ele>325.3</ele>
      </trkpt>
      <trkpt lat="45.358276" lon="-72.23975">
        <ele>325</ele>
      </trkpt>
      <trkpt lat="45.358296" lon="-72.23984">
        <ele>324.5</ele>
      </trkpt>
      <trkpt lat="45.35831" lon="-72.239862">
        <ele>324.4</ele>
      </trkpt>
      <trkpt lat="45.358305" lon="-72.239843">
        <ele>324.5</ele>
      </trkpt>
      <trkpt lat="45.358303" lon="-72.239841">
        <ele>324.5</ele>
      </trkpt>
      <trkpt lat="45.358301" lon="-72.239839">
        <ele>324.5</ele>
      </trkpt>
      <trkpt lat="45.3583" lon="-72.239838">
        <ele>324.5</ele>
      </trkpt>
      <trkpt lat="45.358231" lon="-72.239779">
        <ele>325.1</ele>
      </trkpt>
      <trkpt lat="45.358245" lon="-72.239632">
        <ele>325.6</ele>
      </trkpt>
      <trkpt lat="45.358282" lon="-72.23951">
        <ele>325.8</ele>
      </trkpt>
      <trkpt lat="45.358286" lon="-72.239386">
        <ele>326.2</ele>
      </trkpt>
      <trkpt lat="45.358197" lon="-72.239301">
        <ele>326.9</ele>
      </trkpt>
      <trkpt lat="45.358105" lon="-72.239244">
        <ele>327.5</ele>
      </trkpt>
      <trkpt lat="45.357994" lon="-72.239203">
        <ele>328</ele>
      </trkpt>
      <trkpt lat="45.357892" lon="-72.239153">
        <ele>328.6</ele>
      </trkpt>
      <trkpt lat="45.357813" lon="-72.239175">
        <ele>328.8</ele>
      </trkpt>
      <trkpt lat="45.357707" lon="-72.239252">
        <ele>328.9</ele>
      </trkpt>
      <trkpt lat="45.357628" lon="-72.239294">
        <ele>329.1</ele>
      </trkpt>
      <trkpt lat="45.35752" lon="-72.239353">
        <ele>329.3</ele>
      </trkpt>
      <trkpt lat="45.357425" lon="-72.239401">
        <ele>329.5</ele>
      </trkpt>
      <trkpt lat="45.357344" lon="-72.23944">
        <ele>329.6</ele>
      </trkpt>
      <trkpt lat="45.357255" lon="-72.23949">
        <ele>329.8</ele>
      </trkpt>
      <trkpt lat="45.357142" lon="-72.239562">
        <ele>330</ele>
      </trkpt>
      <trkpt lat="45.357045" lon="-72.239669">
        <ele>330.1</ele>
      </trkpt>
      <trkpt lat="45.356955" lon="-72.23982">
        <ele>330.1</ele>
      </trkpt>
      <trkpt lat="45.356829" lon="-72.239986">
        <ele>330.3</ele>
      </trkpt>
      <trkpt lat="45.356613" lon="-72.240148">
        <ele>330.8</ele>
      </trkpt>
      <trkpt lat="45.356453" lon="-72.240233">
        <ele>331.2</ele>
      </trkpt>
      <trkpt lat="45.356294" lon="-72.240355">
        <ele>331.5</ele>
      </trkpt>
      <trkpt lat="45.356147" lon="-72.240528">
        <ele>331.6</ele>
      </trkpt>
      <trkpt lat="45.355998" lon="-72.240679">
        <ele>331.7</ele>
      </trkpt>
      <trkpt lat="45.355702" lon="-72.240771">
        <ele>332.2</ele>
      </trkpt>
      <trkpt lat="45.355508" lon="-72.240754">
        <ele>332.7</ele>
      </trkpt>
      <trkpt lat="45.355323" lon="-72.240777">
        <ele>333.3</ele>
      </trkpt>
      <trkpt lat="45.355171" lon="-72.240912">
        <ele>333.8</ele>
      </trkpt>
      <trkpt lat="45.355007" lon="-72.241116">
        <ele>334.7</ele>
      </trkpt>
      <trkpt lat="45.354913" lon="-72.241205">
        <ele>335.3</ele>
      </trkpt>
      <trkpt lat="45.354827" lon="-72.241256">
        <ele>335.9</ele>
      </trkpt>
      <trkpt lat="45.354733" lon="-72.241274">
        <ele>336.6</ele>
      </trkpt>
      <trkpt lat="45.354641" lon="-72.241246">
        <ele>337.4</ele>
      </trkpt>
      <trkpt lat="45.354568" lon="-72.241196">
        <ele>337.9</ele>
      </trkpt>
      <trkpt lat="45.354469" lon="-72.241098">
        <ele>338.5</ele>
      </trkpt>
      <trkpt lat="45.354367" lon="-72.240982">
        <ele>339.1</ele>
      </trkpt>
      <trkpt lat="45.354277" lon="-72.240889">
        <ele>339.6</ele>
      </trkpt>
      <trkpt lat="45.354191" lon="-72.240801">
        <ele>340.2</ele>
      </trkpt>
      <trkpt lat="45.354097" lon="-72.240735">
        <ele>340.9</ele>
      </trkpt>
      <trkpt lat="45.353991" lon="-72.240706">
        <ele>342</ele>
      </trkpt>
      <trkpt lat="45.353929" lon="-72.24073">
        <ele>342.8</ele>
      </trkpt>
      <trkpt lat="45.353857" lon="-72.240814">
        <ele>343.9</ele>
      </trkpt>
      <trkpt lat="45.35376" lon="-72.24094">
        <ele>345.4</ele>
      </trkpt>
      <trkpt lat="45.353671" lon="-72.241047">
        <ele>346.9</ele>
      </trkpt>
      <trkpt lat="45.353588" lon="-72.241149">
        <ele>348.2</ele>
      </trkpt>
      <trkpt lat="45.3535" lon="-72.241243">
        <ele>349.4</ele>
      </trkpt>
      <trkpt lat="45.353411" lon="-72.241312">
        <ele>350.5</ele>
      </trkpt>
      <trkpt lat="45.353317" lon="-72.241369">
        <ele>351.6</ele>
      </trkpt>
      <trkpt lat="45.353248" lon="-72.241399">
        <ele>352.3</ele>
      </trkpt>
      <trkpt lat="45.353189" lon="-72.241427">
        <ele>352.8</ele>
      </trkpt>
      <trkpt lat="45.353121" lon="-72.241441">
        <ele>353.4</ele>
      </trkpt>
      <trkpt lat="45.353161" lon="-72.241439">
        <ele>353.1</ele>
      </trkpt>
      <trkpt lat="45.353084" lon="-72.241444">
        <ele>353.7</ele>
      </trkpt>
      <trkpt lat="45.352965" lon="-72.241438">
        <ele>354.6</ele>
      </trkpt>
      <trkpt lat="45.35291" lon="-72.241423">
        <ele>355</ele>
      </trkpt>
      <trkpt lat="45.352852" lon="-72.241403">
        <ele>355.4</ele>
      </trkpt>
      <trkpt lat="45.352795" lon="-72.241377">
        <ele>355.8</ele>
      </trkpt>
      <trkpt lat="45.352744" lon="-72.241348">
        <ele>356.2</ele>
      </trkpt>
      <trkpt lat="45.352705" lon="-72.241328">
        <ele>356.4</ele>
      </trkpt>
      <trkpt lat="45.35266" lon="-72.241318">
        <ele>356.8</ele>
      </trkpt>
      <trkpt lat="45.352603" lon="-72.24132">
        <ele>357.3</ele>
      </trkpt>
      <trkpt lat="45.352564" lon="-72.241321">
        <ele>357.6</ele>
      </trkpt>
      <trkpt lat="45.352506" lon="-72.241327">
        <ele>358.2</ele>
      </trkpt>
      <trkpt lat="45.352463" lon="-72.241328">
        <ele>358.6</ele>
      </trkpt>
      <trkpt lat="45.352426" lon="-72.241328">
        <ele>358.9</ele>
      </trkpt>
      <trkpt lat="45.352395" lon="-72.241327">
        <ele>359.2</ele>
      </trkpt>
      <trkpt lat="45.352353" lon="-72.241329">
        <ele>359.7</ele>
      </trkpt>
      <trkpt lat="45.352327" lon="-72.241324">
        <ele>359.9</ele>
      </trkpt>
      <trkpt lat="45.352292" lon="-72.241316">
        <ele>360.3</ele>
      </trkpt>
      <trkpt lat="45.352268" lon="-72.241317">
        <ele>360.6</ele>
      </trkpt>
      <trkpt lat="45.352232" lon="-72.241323">
        <ele>361</ele>
      </trkpt>
      <trkpt lat="45.352183" lon="-72.241295">
        <ele>361.6</ele>
      </trkpt>
      <trkpt lat="45.352154" lon="-72.241264">
        <ele>361.9</ele>
      </trkpt>
      <trkpt lat="45.35213" lon="-72.241225">
        <ele>362.2</ele>
      </trkpt>
      <trkpt lat="45.352105" lon="-72.241171">
        <ele>362.5</ele>
      </trkpt>
      <trkpt lat="45.352091" lon="-72.241103">
        <ele>362.7</ele>
      </trkpt>
      <trkpt lat="45.352092" lon="-72.241016">
        <ele>362.6</ele>
      </trkpt>
      <trkpt lat="45.352116" lon="-72.240941">
        <ele>362.3</ele>
      </trkpt>
      <trkpt lat="45.35213" lon="-72.240897">
        <ele>362.1</ele>
      </trkpt>
      <trkpt lat="45.352136" lon="-72.240855">
        <ele>362</ele>
      </trkpt>
      <trkpt lat="45.35214" lon="-72.240808">
        <ele>361.9</ele>
      </trkpt>
      <trkpt lat="45.352153" lon="-72.240732">
        <ele>361.7</ele>
      </trkpt>
      <trkpt lat="45.352179" lon="-72.240673">
        <ele>361.4</ele>
      </trkpt>
      <trkpt lat="45.352196" lon="-72.240625">
        <ele>361.1</ele>
      </trkpt>
      <trkpt lat="45.352238" lon="-72.240526">
        <ele>360.6</ele>
      </trkpt>
      <trkpt lat="45.35226" lon="-72.240467">
        <ele>360.3</ele>
      </trkpt>
      <trkpt lat="45.35228" lon="-72.24036">
        <ele>360</ele>
      </trkpt>
      <trkpt lat="45.352282" lon="-72.240288">
        <ele>360</ele>
      </trkpt>
      <trkpt lat="45.352282" lon="-72.240215">
        <ele>360.1</ele>
      </trkpt>
      <trkpt lat="45.352279" lon="-72.240155">
        <ele>360.1</ele>
      </trkpt>
      <trkpt lat="45.352279" lon="-72.240047">
        <ele>360.2</ele>
      </trkpt>
      <trkpt lat="45.352281" lon="-72.239959">
        <ele>360.2</ele>
      </trkpt>
      <trkpt lat="45.352277" lon="-72.239846">
        <ele>360.4</ele>
      </trkpt>
      <trkpt lat="45.352278" lon="-72.239727">
        <ele>360.5</ele>
      </trkpt>
      <trkpt lat="45.352281" lon="-72.23965">
        <ele>360.5</ele>
      </trkpt>
      <trkpt lat="45.352294" lon="-72.239507">
        <ele>360.5</ele>
      </trkpt>
      <trkpt lat="45.352318" lon="-72.239331">
        <ele>360.3</ele>
      </trkpt>
      <trkpt lat="45.352331" lon="-72.239148">
        <ele>360.3</ele>
      </trkpt>
      <trkpt lat="45.35234" lon="-72.239012">
        <ele>360.2</ele>
      </trkpt>
      <trkpt lat="45.352336" lon="-72.238888">
        <ele>360.2</ele>
      </trkpt>
      <trkpt lat="45.352329" lon="-72.238777">
        <ele>360.3</ele>
      </trkpt>
      <trkpt lat="45.352314" lon="-72.238587">
        <ele>360.5</ele>
      </trkpt>
      <trkpt lat="45.352287" lon="-72.238433">
        <ele>360.8</ele>
      </trkpt>
      <trkpt lat="45.352235" lon="-72.238268">
        <ele>361.5</ele>
      </trkpt>
      <trkpt lat="45.352171" lon="-72.238122">
        <ele>362.5</ele>
      </trkpt>
      <trkpt lat="45.352072" lon="-72.237901">
        <ele>364.1</ele>
      </trkpt>
      <trkpt lat="45.35202" lon="-72.237749">
        <ele>365.3</ele>
      </trkpt>
      <trkpt lat="45.351975" lon="-72.237598">
        <ele>366.5</ele>
      </trkpt>
      <trkpt lat="45.351948" lon="-72.237452">
        <ele>367.6</ele>
      </trkpt>
      <trkpt lat="45.351942" lon="-72.237299">
        <ele>368.6</ele>
      </trkpt>
      <trkpt lat="45.351956" lon="-72.237158">
        <ele>369.2</ele>
      </trkpt>
      <trkpt lat="45.351992" lon="-72.237013">
        <ele>369.6</ele>
      </trkpt>
      <trkpt lat="45.352034" lon="-72.23686">
        <ele>369.8</ele>
      </trkpt>
      <trkpt lat="45.352066" lon="-72.236705">
        <ele>370.1</ele>
      </trkpt>
      <trkpt lat="45.3521" lon="-72.236559">
        <ele>370.2</ele>
      </trkpt>
      <trkpt lat="45.352116" lon="-72.236411">
        <ele>370.5</ele>
      </trkpt>
      <trkpt lat="45.35209" lon="-72.236241">
        <ele>371.2</ele>
      </trkpt>
      <trkpt lat="45.352054" lon="-72.236053">
        <ele>372</ele>
      </trkpt>
      <trkpt lat="45.351997" lon="-72.235849">
        <ele>373</ele>
      </trkpt>
      <trkpt lat="45.351913" lon="-72.235626">
        <ele>374.1</ele>
      </trkpt>
      <trkpt lat="45.351837" lon="-72.235404">
        <ele>375.1</ele>
      </trkpt>
      <trkpt lat="45.35177" lon="-72.235176">
        <ele>375.7</ele>
      </trkpt>
      <trkpt lat="45.35171" lon="-72.234788">
        <ele>375.8</ele>
      </trkpt>
      <trkpt lat="45.351685" lon="-72.234494">
        <ele>375.3</ele>
      </trkpt>
      <trkpt lat="45.351652" lon="-72.234168">
        <ele>374.6</ele>
      </trkpt>
      <trkpt lat="45.351633" lon="-72.233884">
        <ele>373.7</ele>
      </trkpt>
      <trkpt lat="45.351623" lon="-72.233636">
        <ele>372.8</ele>
      </trkpt>
      <trkpt lat="45.351569" lon="-72.233393">
        <ele>372.1</ele>
      </trkpt>
      <trkpt lat="45.35147" lon="-72.233186">
        <ele>371.6</ele>
      </trkpt>
      <trkpt lat="45.351363" lon="-72.233029">
        <ele>371.4</ele>
      </trkpt>
      <trkpt lat="45.351211" lon="-72.232923">
        <ele>371.5</ele>
      </trkpt>
      <trkpt lat="45.351074" lon="-72.2328">
        <ele>371.6</ele>
      </trkpt>
      <trkpt lat="45.350996" lon="-72.232608">
        <ele>371.1</ele>
      </trkpt>
      <trkpt lat="45.350965" lon="-72.232367">
        <ele>370.2</ele>
      </trkpt>
      <trkpt lat="45.350978" lon="-72.23209">
        <ele>369.1</ele>
      </trkpt>
      <trkpt lat="45.350984" lon="-72.231845">
        <ele>368.3</ele>
      </trkpt>
      <trkpt lat="45.350911" lon="-72.231704">
        <ele>368.1</ele>
      </trkpt>
      <trkpt lat="45.350745" lon="-72.231685">
        <ele>368.3</ele>
      </trkpt>
      <trkpt lat="45.350608" lon="-72.231692">
        <ele>368.6</ele>
      </trkpt>
      <trkpt lat="45.35051" lon="-72.231646">
        <ele>368.6</ele>
      </trkpt>
      <trkpt lat="45.350488" lon="-72.231512">
        <ele>368.1</ele>
      </trkpt>
      <trkpt lat="45.350482" lon="-72.231356">
        <ele>367.6</ele>
      </trkpt>
      <trkpt lat="45.350477" lon="-72.231205">
        <ele>366.9</ele>
      </trkpt>
      <trkpt lat="45.350439" lon="-72.231041">
        <ele>366</ele>
      </trkpt>
      <trkpt lat="45.350356" lon="-72.230826">
        <ele>364.1</ele>
      </trkpt>
      <trkpt lat="45.350304" lon="-72.230679">
        <ele>362.4</ele>
      </trkpt>
      <trkpt lat="45.350275" lon="-72.23047">
        <ele>359.5</ele>
      </trkpt>
      <trkpt lat="45.350275" lon="-72.230313">
        <ele>357</ele>
      </trkpt>
      <trkpt lat="45.350303" lon="-72.230164">
        <ele>354.4</ele>
      </trkpt>
      <trkpt lat="45.350362" lon="-72.229998">
        <ele>351.5</ele>
      </trkpt>
      <trkpt lat="45.350415" lon="-72.229843">
        <ele>348.8</ele>
      </trkpt>
      <trkpt lat="45.350468" lon="-72.229665">
        <ele>345.7</ele>
      </trkpt>
      <trkpt lat="45.350538" lon="-72.229489">
        <ele>342.9</ele>
      </trkpt>
      <trkpt lat="45.350648" lon="-72.229324">
        <ele>340.5</ele>
      </trkpt>
      <trkpt lat="45.350781" lon="-72.229159">
        <ele>338.4</ele>
      </trkpt>
      <trkpt lat="45.3509" lon="-72.229013">
        <ele>336.7</ele>
      </trkpt>
      <trkpt lat="45.35098" lon="-72.228871">
        <ele>335.4</ele>
      </trkpt>
      <trkpt lat="45.350947" lon="-72.228736">
        <ele>334.3</ele>
      </trkpt>
      <trkpt lat="45.350842" lon="-72.228617">
        <ele>333.4</ele>
      </trkpt>
      <trkpt lat="45.35074" lon="-72.228497">
        <ele>332.5</ele>
      </trkpt>
      <trkpt lat="45.350688" lon="-72.228368">
        <ele>331.6</ele>
      </trkpt>
      <trkpt lat="45.350575" lon="-72.228164">
        <ele>330</ele>
      </trkpt>
      <trkpt lat="45.350489" lon="-72.228062">
        <ele>329.2</ele>
      </trkpt>
      <trkpt lat="45.350403" lon="-72.227948">
        <ele>328.3</ele>
      </trkpt>
      <trkpt lat="45.350319" lon="-72.227795">
        <ele>327.1</ele>
      </trkpt>
      <trkpt lat="45.350265" lon="-72.227661">
        <ele>326.1</ele>
      </trkpt>
      <trkpt lat="45.350244" lon="-72.227496">
        <ele>325</ele>
      </trkpt>
      <trkpt lat="45.350278" lon="-72.22718">
        <ele>323</ele>
      </trkpt>
      <trkpt lat="45.35027" lon="-72.227084">
        <ele>322.5</ele>
      </trkpt>
      <trkpt lat="45.350207" lon="-72.226831">
        <ele>320.9</ele>
      </trkpt>
      <trkpt lat="45.350152" lon="-72.226678">
        <ele>320</ele>
      </trkpt>
      <trkpt lat="45.350099" lon="-72.226526">
        <ele>319</ele>
      </trkpt>
      <trkpt lat="45.350045" lon="-72.226365">
        <ele>318</ele>
      </trkpt>
      <trkpt lat="45.34997" lon="-72.22621">
        <ele>316.8</ele>
      </trkpt>
      <trkpt lat="45.349907" lon="-72.226066">
        <ele>315.7</ele>
      </trkpt>
      <trkpt lat="45.349847" lon="-72.225925">
        <ele>314.6</ele>
      </trkpt>
      <trkpt lat="45.349805" lon="-72.225765">
        <ele>313.2</ele>
      </trkpt>
      <trkpt lat="45.34975" lon="-72.225531">
        <ele>310.9</ele>
      </trkpt>
      <trkpt lat="45.349724" lon="-72.225286">
        <ele>308.8</ele>
      </trkpt>
      <trkpt lat="45.349706" lon="-72.22503">
        <ele>306.9</ele>
      </trkpt>
      <trkpt lat="45.349645" lon="-72.224772">
        <ele>305.4</ele>
      </trkpt>
      <trkpt lat="45.349528" lon="-72.224566">
        <ele>304.4</ele>
      </trkpt>
      <trkpt lat="45.349416" lon="-72.224395">
        <ele>303.9</ele>
      </trkpt>
      <trkpt lat="45.349251" lon="-72.224121">
        <ele>303.8</ele>
      </trkpt>
      <trkpt lat="45.349151" lon="-72.223943">
        <ele>304</ele>
      </trkpt>
      <trkpt lat="45.349052" lon="-72.223777">
        <ele>304.1</ele>
      </trkpt>
      <trkpt lat="45.348953" lon="-72.223616">
        <ele>304.3</ele>
      </trkpt>
      <trkpt lat="45.348866" lon="-72.223468">
        <ele>304.4</ele>
      </trkpt>
      <trkpt lat="45.348771" lon="-72.22333">
        <ele>304.5</ele>
      </trkpt>
      <trkpt lat="45.348663" lon="-72.223214">
        <ele>304.7</ele>
      </trkpt>
      <trkpt lat="45.348568" lon="-72.223123">
        <ele>304.7</ele>
      </trkpt>
      <trkpt lat="45.348441" lon="-72.222962">
        <ele>304.7</ele>
      </trkpt>
      <trkpt lat="45.348371" lon="-72.222837">
        <ele>304.6</ele>
      </trkpt>
      <trkpt lat="45.348279" lon="-72.222627">
        <ele>304.1</ele>
      </trkpt>
      <trkpt lat="45.348208" lon="-72.222483">
        <ele>303.8</ele>
      </trkpt>
      <trkpt lat="45.348129" lon="-72.222371">
        <ele>303.5</ele>
      </trkpt>
      <trkpt lat="45.348029" lon="-72.222266">
        <ele>303.3</ele>
      </trkpt>
      <trkpt lat="45.347934" lon="-72.222149">
        <ele>303.1</ele>
      </trkpt>
      <trkpt lat="45.347862" lon="-72.221993">
        <ele>302.7</ele>
      </trkpt>
      <trkpt lat="45.347759" lon="-72.221731">
        <ele>301.7</ele>
      </trkpt>
      <trkpt lat="45.347663" lon="-72.221565">
        <ele>301</ele>
      </trkpt>
      <trkpt lat="45.347557" lon="-72.221398">
        <ele>300.2</ele>
      </trkpt>
      <trkpt lat="45.347459" lon="-72.221248">
        <ele>299.5</ele>
      </trkpt>
      <trkpt lat="45.347358" lon="-72.221117">
        <ele>298.9</ele>
      </trkpt>
      <trkpt lat="45.347247" lon="-72.220997">
        <ele>298.5</ele>
      </trkpt>
      <trkpt lat="45.347152" lon="-72.22087">
        <ele>298</ele>
      </trkpt>
      <trkpt lat="45.347069" lon="-72.220735">
        <ele>297.4</ele>
      </trkpt>
      <trkpt lat="45.346993" lon="-72.220588">
        <ele>296.8</ele>
      </trkpt>
      <trkpt lat="45.346924" lon="-72.220447">
        <ele>296.2</ele>
      </trkpt>
      <trkpt lat="45.346765" lon="-72.220241">
        <ele>295.6</ele>
      </trkpt>
      <trkpt lat="45.346651" lon="-72.22011">
        <ele>295.2</ele>
      </trkpt>
      <trkpt lat="45.346545" lon="-72.219988">
        <ele>294.8</ele>
      </trkpt>
      <trkpt lat="45.346415" lon="-72.219893">
        <ele>294.7</ele>
      </trkpt>
      <trkpt lat="45.346301" lon="-72.21981">
        <ele>294.6</ele>
      </trkpt>
      <trkpt lat="45.346185" lon="-72.219756">
        <ele>294.7</ele>
      </trkpt>
      <trkpt lat="45.34606" lon="-72.219701">
        <ele>294.8</ele>
      </trkpt>
      <trkpt lat="45.345932" lon="-72.219662">
        <ele>295.1</ele>
      </trkpt>
      <trkpt lat="45.345824" lon="-72.219622">
        <ele>295.3</ele>
      </trkpt>
      <trkpt lat="45.345728" lon="-72.219557">
        <ele>295.2</ele>
      </trkpt>
      <trkpt lat="45.345644" lon="-72.219491">
        <ele>295.2</ele>
      </trkpt>
      <trkpt lat="45.345578" lon="-72.21943">
        <ele>295</ele>
      </trkpt>
      <trkpt lat="45.345478" lon="-72.219371">
        <ele>295.1</ele>
      </trkpt>
      <trkpt lat="45.345364" lon="-72.219329">
        <ele>295.2</ele>
      </trkpt>
      <trkpt lat="45.345271" lon="-72.219275">
        <ele>295.3</ele>
      </trkpt>
      <trkpt lat="45.345166" lon="-72.219215">
        <ele>295.3</ele>
      </trkpt>
      <trkpt lat="45.345057" lon="-72.219077">
        <ele>294.8</ele>
      </trkpt>
      <trkpt lat="45.344968" lon="-72.218963">
        <ele>294.4</ele>
      </trkpt>
      <trkpt lat="45.344871" lon="-72.218885">
        <ele>294.2</ele>
      </trkpt>
      <trkpt lat="45.34478" lon="-72.218821">
        <ele>294.2</ele>
      </trkpt>
      <trkpt lat="45.344692" lon="-72.218746">
        <ele>294.1</ele>
      </trkpt>
      <trkpt lat="45.344609" lon="-72.218657">
        <ele>293.9</ele>
      </trkpt>
      <trkpt lat="45.344527" lon="-72.218537">
        <ele>293.4</ele>
      </trkpt>
      <trkpt lat="45.344411" lon="-72.218316">
        <ele>292.4</ele>
      </trkpt>
      <trkpt lat="45.34431" lon="-72.218165">
        <ele>291.7</ele>
      </trkpt>
      <trkpt lat="45.344186" lon="-72.218122">
        <ele>291.7</ele>
      </trkpt>
      <trkpt lat="45.344053" lon="-72.218128">
        <ele>292.1</ele>
      </trkpt>
      <trkpt lat="45.343946" lon="-72.21812">
        <ele>292.3</ele>
      </trkpt>
      <trkpt lat="45.343885" lon="-72.218104">
        <ele>292.3</ele>
      </trkpt>
      <trkpt lat="45.343818" lon="-72.218077">
        <ele>292.3</ele>
      </trkpt>
      <trkpt lat="45.343726" lon="-72.218057">
        <ele>292.4</ele>
      </trkpt>
      <trkpt lat="45.343641" lon="-72.21801">
        <ele>292.3</ele>
      </trkpt>
      <trkpt lat="45.343594" lon="-72.217946">
        <ele>292</ele>
      </trkpt>
      <trkpt lat="45.343513" lon="-72.21796">
        <ele>292.3</ele>
      </trkpt>
      <trkpt lat="45.343437" lon="-72.21796">
        <ele>292.5</ele>
      </trkpt>
      <trkpt lat="45.343373" lon="-72.217937">
        <ele>292.5</ele>
      </trkpt>
      <trkpt lat="45.343269" lon="-72.217882">
        <ele>292.5</ele>
      </trkpt>
      <trkpt lat="45.343203" lon="-72.217842">
        <ele>292.5</ele>
      </trkpt>
      <trkpt lat="45.343146" lon="-72.217793">
        <ele>292.4</ele>
      </trkpt>
      <trkpt lat="45.343089" lon="-72.217723">
        <ele>292.2</ele>
      </trkpt>
      <trkpt lat="45.343018" lon="-72.217616">
        <ele>291.8</ele>
      </trkpt>
      <trkpt lat="45.342963" lon="-72.21754">
        <ele>291.6</ele>
      </trkpt>
      <trkpt lat="45.342922" lon="-72.21748">
        <ele>291.4</ele>
      </trkpt>
      <trkpt lat="45.342853" lon="-72.217408">
        <ele>291.1</ele>
      </trkpt>
      <trkpt lat="45.342793" lon="-72.217356">
        <ele>291</ele>
      </trkpt>
      <trkpt lat="45.342719" lon="-72.217286">
        <ele>290.7</ele>
      </trkpt>
      <trkpt lat="45.342515" lon="-72.217098">
        <ele>290.1</ele>
      </trkpt>
      <trkpt lat="45.342359" lon="-72.217006">
        <ele>289.8</ele>
      </trkpt>
      <trkpt lat="45.342209" lon="-72.216941">
        <ele>289.7</ele>
      </trkpt>
      <trkpt lat="45.3421" lon="-72.216872">
        <ele>289.5</ele>
      </trkpt>
      <trkpt lat="45.341996" lon="-72.216823">
        <ele>289.5</ele>
      </trkpt>
      <trkpt lat="45.341878" lon="-72.21678">
        <ele>289.6</ele>
      </trkpt>
      <trkpt lat="45.341764" lon="-72.21674">
        <ele>289.7</ele>
      </trkpt>
      <trkpt lat="45.341593" lon="-72.216637">
        <ele>289.6</ele>
      </trkpt>
      <trkpt lat="45.341493" lon="-72.216584">
        <ele>289.6</ele>
      </trkpt>
      <trkpt lat="45.341395" lon="-72.21652">
        <ele>289.6</ele>
      </trkpt>
      <trkpt lat="45.341289" lon="-72.21646">
        <ele>289.7</ele>
      </trkpt>
      <trkpt lat="45.341187" lon="-72.216418">
        <ele>289.8</ele>
      </trkpt>
      <trkpt lat="45.341119" lon="-72.216362">
        <ele>289.8</ele>
      </trkpt>
      <trkpt lat="45.341035" lon="-72.2163">
        <ele>289.7</ele>
      </trkpt>
      <trkpt lat="45.340937" lon="-72.216219">
        <ele>289.6</ele>
      </trkpt>
      <trkpt lat="45.340831" lon="-72.216129">
        <ele>289.5</ele>
      </trkpt>
      <trkpt lat="45.340721" lon="-72.21607">
        <ele>289.6</ele>
      </trkpt>
      <trkpt lat="45.340627" lon="-72.216039">
        <ele>289.8</ele>
      </trkpt>
      <trkpt lat="45.340534" lon="-72.216017">
        <ele>290.1</ele>
      </trkpt>
      <trkpt lat="45.340373" lon="-72.215963">
        <ele>290.5</ele>
      </trkpt>
      <trkpt lat="45.340268" lon="-72.215923">
        <ele>290.7</ele>
      </trkpt>
      <trkpt lat="45.340153" lon="-72.215874">
        <ele>290.9</ele>
      </trkpt>
      <trkpt lat="45.340023" lon="-72.215684">
        <ele>290.2</ele>
      </trkpt>
      <trkpt lat="45.339942" lon="-72.215555">
        <ele>289.7</ele>
      </trkpt>
      <trkpt lat="45.33986" lon="-72.21547">
        <ele>289.5</ele>
      </trkpt>
      <trkpt lat="45.339687" lon="-72.215349">
        <ele>289.4</ele>
      </trkpt>
      <trkpt lat="45.339566" lon="-72.215209">
        <ele>289</ele>
      </trkpt>
      <trkpt lat="45.339378" lon="-72.214969">
        <ele>288.5</ele>
      </trkpt>
      <trkpt lat="45.339236" lon="-72.214815">
        <ele>288.3</ele>
      </trkpt>
      <trkpt lat="45.33908" lon="-72.214665">
        <ele>288.3</ele>
      </trkpt>
      <trkpt lat="45.338892" lon="-72.214539">
        <ele>288.6</ele>
      </trkpt>
      <trkpt lat="45.338681" lon="-72.214416">
        <ele>289.2</ele>
      </trkpt>
      <trkpt lat="45.338422" lon="-72.214289">
        <ele>290.2</ele>
      </trkpt>
      <trkpt lat="45.338184" lon="-72.21417">
        <ele>291.1</ele>
      </trkpt>
      <trkpt lat="45.337996" lon="-72.21409">
        <ele>291.8</ele>
      </trkpt>
      <trkpt lat="45.337803" lon="-72.214024">
        <ele>292.5</ele>
      </trkpt>
      <trkpt lat="45.337547" lon="-72.213991">
        <ele>293.7</ele>
      </trkpt>
      <trkpt lat="45.337431" lon="-72.213863">
        <ele>293.8</ele>
      </trkpt>
      <trkpt lat="45.337346" lon="-72.21365">
        <ele>293.5</ele>
      </trkpt>
      <trkpt lat="45.337244" lon="-72.213467">
        <ele>293.5</ele>
      </trkpt>
      <trkpt lat="45.337137" lon="-72.213368">
        <ele>293.7</ele>
      </trkpt>
      <trkpt lat="45.337015" lon="-72.213287">
        <ele>294.2</ele>
      </trkpt>
      <trkpt lat="45.336892" lon="-72.213243">
        <ele>294.7</ele>
      </trkpt>
      <trkpt lat="45.336774" lon="-72.213202">
        <ele>295.3</ele>
      </trkpt>
      <trkpt lat="45.336637" lon="-72.213046">
        <ele>295.5</ele>
      </trkpt>
      <trkpt lat="45.336577" lon="-72.212889">
        <ele>295.2</ele>
      </trkpt>
      <trkpt lat="45.336567" lon="-72.212776">
        <ele>294.9</ele>
      </trkpt>
      <trkpt lat="45.336576" lon="-72.212625">
        <ele>294.3</ele>
      </trkpt>
      <trkpt lat="45.336612" lon="-72.212445">
        <ele>293.5</ele>
      </trkpt>
      <trkpt lat="45.336657" lon="-72.212271">
        <ele>292.6</ele>
      </trkpt>
      <trkpt lat="45.33669" lon="-72.212114">
        <ele>291.9</ele>
      </trkpt>
      <trkpt lat="45.336718" lon="-72.211949">
        <ele>291.1</ele>
      </trkpt>
      <trkpt lat="45.336707" lon="-72.21177">
        <ele>290.5</ele>
      </trkpt>
      <trkpt lat="45.336598" lon="-72.21159">
        <ele>290.3</ele>
      </trkpt>
      <trkpt lat="45.336452" lon="-72.211455">
        <ele>290.5</ele>
      </trkpt>
      <trkpt lat="45.336218" lon="-72.211273">
        <ele>290.9</ele>
      </trkpt>
      <trkpt lat="45.33604" lon="-72.211236">
        <ele>291.8</ele>
      </trkpt>
      <trkpt lat="45.335886" lon="-72.211237">
        <ele>292.6</ele>
      </trkpt>
      <trkpt lat="45.335768" lon="-72.21121">
        <ele>293.1</ele>
      </trkpt>
      <trkpt lat="45.335668" lon="-72.211159">
        <ele>293.5</ele>
      </trkpt>
      <trkpt lat="45.335582" lon="-72.211119">
        <ele>293.8</ele>
      </trkpt>
      <trkpt lat="45.335488" lon="-72.211079">
        <ele>294.1</ele>
      </trkpt>
      <trkpt lat="45.335372" lon="-72.211025">
        <ele>294.5</ele>
      </trkpt>
      <trkpt lat="45.33522" lon="-72.210948">
        <ele>294.9</ele>
      </trkpt>
      <trkpt lat="45.335053" lon="-72.210854">
        <ele>295.4</ele>
      </trkpt>
      <trkpt lat="45.334883" lon="-72.210728">
        <ele>295.7</ele>
      </trkpt>
      <trkpt lat="45.334727" lon="-72.210607">
        <ele>296.1</ele>
      </trkpt>
      <trkpt lat="45.334606" lon="-72.210523">
        <ele>296.5</ele>
      </trkpt>
      <trkpt lat="45.334501" lon="-72.210452">
        <ele>296.9</ele>
      </trkpt>
      <trkpt lat="45.334428" lon="-72.210364">
        <ele>297.1</ele>
      </trkpt>
      <trkpt lat="45.334341" lon="-72.210238">
        <ele>297.1</ele>
      </trkpt>
      <trkpt lat="45.334235" lon="-72.210093">
        <ele>297.2</ele>
      </trkpt>
      <trkpt lat="45.334147" lon="-72.209949">
        <ele>297.1</ele>
      </trkpt>
      <trkpt lat="45.334101" lon="-72.209789">
        <ele>296.7</ele>
      </trkpt>
      <trkpt lat="45.334108" lon="-72.209586">
        <ele>295.7</ele>
      </trkpt>
      <trkpt lat="45.334143" lon="-72.209387">
        <ele>294.6</ele>
      </trkpt>
      <trkpt lat="45.334178" lon="-72.209222">
        <ele>293.7</ele>
      </trkpt>
      <trkpt lat="45.334191" lon="-72.209093">
        <ele>293.1</ele>
      </trkpt>
      <trkpt lat="45.334207" lon="-72.208987">
        <ele>292.6</ele>
      </trkpt>
      <trkpt lat="45.334242" lon="-72.208826">
        <ele>291.8</ele>
      </trkpt>
      <trkpt lat="45.334251" lon="-72.208684">
        <ele>291.2</ele>
      </trkpt>
      <trkpt lat="45.334257" lon="-72.20854">
        <ele>290.7</ele>
      </trkpt>
      <trkpt lat="45.334252" lon="-72.208403">
        <ele>290.2</ele>
      </trkpt>
      <trkpt lat="45.334231" lon="-72.208299">
        <ele>290</ele>
      </trkpt>
      <trkpt lat="45.334198" lon="-72.208176">
        <ele>289.8</ele>
      </trkpt>
      <trkpt lat="45.334171" lon="-72.208056">
        <ele>289.5</ele>
      </trkpt>
      <trkpt lat="45.334137" lon="-72.207957">
        <ele>289.3</ele>
      </trkpt>
      <trkpt lat="45.334083" lon="-72.207869">
        <ele>289.4</ele>
      </trkpt>
      <trkpt lat="45.334033" lon="-72.207816">
        <ele>289.5</ele>
      </trkpt>
      <trkpt lat="45.333966" lon="-72.207776">
        <ele>289.8</ele>
      </trkpt>
      <trkpt lat="45.333917" lon="-72.207755">
        <ele>290</ele>
      </trkpt>
      <trkpt lat="45.333871" lon="-72.207736">
        <ele>290.3</ele>
      </trkpt>
      <trkpt lat="45.333801" lon="-72.20773">
        <ele>290.8</ele>
      </trkpt>
      <trkpt lat="45.333745" lon="-72.207722">
        <ele>291.1</ele>
      </trkpt>
      <trkpt lat="45.333682" lon="-72.207706">
        <ele>291.5</ele>
      </trkpt>
      <trkpt lat="45.333627" lon="-72.207702">
        <ele>291.9</ele>
      </trkpt>
      <trkpt lat="45.333537" lon="-72.207707">
        <ele>292.6</ele>
      </trkpt>
      <trkpt lat="45.333496" lon="-72.207716">
        <ele>292.9</ele>
      </trkpt>
      <trkpt lat="45.333448" lon="-72.207726">
        <ele>293.3</ele>
      </trkpt>
      <trkpt lat="45.333426" lon="-72.207725">
        <ele>293.5</ele>
      </trkpt>
      <trkpt lat="45.333387" lon="-72.207737">
        <ele>293.8</ele>
      </trkpt>
      <trkpt lat="45.33333" lon="-72.207761">
        <ele>294.4</ele>
      </trkpt>
      <trkpt lat="45.333275" lon="-72.207737">
        <ele>294.7</ele>
      </trkpt>
      <trkpt lat="45.333206" lon="-72.207692">
        <ele>295</ele>
      </trkpt>
      <trkpt lat="45.333128" lon="-72.207643">
        <ele>295.4</ele>
      </trkpt>
      <trkpt lat="45.333079" lon="-72.20761">
        <ele>295.6</ele>
      </trkpt>
      <trkpt lat="45.333003" lon="-72.20757">
        <ele>295.9</ele>
      </trkpt>
      <trkpt lat="45.332901" lon="-72.207397">
        <ele>295.8</ele>
      </trkpt>
      <trkpt lat="45.332843" lon="-72.207244">
        <ele>295.4</ele>
      </trkpt>
      <trkpt lat="45.332809" lon="-72.207114">
        <ele>295</ele>
      </trkpt>
      <trkpt lat="45.332774" lon="-72.207011">
        <ele>294.7</ele>
      </trkpt>
      <trkpt lat="45.332756" lon="-72.206932">
        <ele>294.4</ele>
      </trkpt>
      <trkpt lat="45.332715" lon="-72.206836">
        <ele>294.2</ele>
      </trkpt>
      <trkpt lat="45.332643" lon="-72.206732">
        <ele>294</ele>
      </trkpt>
      <trkpt lat="45.332566" lon="-72.206611">
        <ele>293.6</ele>
      </trkpt>
      <trkpt lat="45.332496" lon="-72.206516">
        <ele>293.4</ele>
      </trkpt>
      <trkpt lat="45.332431" lon="-72.206394">
        <ele>292.9</ele>
      </trkpt>
      <trkpt lat="45.33237" lon="-72.206279">
        <ele>292.4</ele>
      </trkpt>
      <trkpt lat="45.332306" lon="-72.206172">
        <ele>291.9</ele>
      </trkpt>
      <trkpt lat="45.332223" lon="-72.206089">
        <ele>291.8</ele>
      </trkpt>
      <trkpt lat="45.33213" lon="-72.206028">
        <ele>291.8</ele>
      </trkpt>
      <trkpt lat="45.332038" lon="-72.205959">
        <ele>291.9</ele>
      </trkpt>
      <trkpt lat="45.331954" lon="-72.205892">
        <ele>291.9</ele>
      </trkpt>
      <trkpt lat="45.331814" lon="-72.205782">
        <ele>292</ele>
      </trkpt>
      <trkpt lat="45.33168" lon="-72.205738">
        <ele>292.7</ele>
      </trkpt>
      <trkpt lat="45.331555" lon="-72.20572">
        <ele>293.5</ele>
      </trkpt>
      <trkpt lat="45.331449" lon="-72.205722">
        <ele>294.5</ele>
      </trkpt>
      <trkpt lat="45.331345" lon="-72.205721">
        <ele>295.4</ele>
      </trkpt>
      <trkpt lat="45.331227" lon="-72.205715">
        <ele>296.4</ele>
      </trkpt>
      <trkpt lat="45.331021" lon="-72.205688">
        <ele>298.2</ele>
      </trkpt>
      <trkpt lat="45.330878" lon="-72.205684">
        <ele>299.6</ele>
      </trkpt>
      <trkpt lat="45.330732" lon="-72.205633">
        <ele>300.7</ele>
      </trkpt>
      <trkpt lat="45.330637" lon="-72.205437">
        <ele>300.4</ele>
      </trkpt>
      <trkpt lat="45.330625" lon="-72.205204">
        <ele>299</ele>
      </trkpt>
      <trkpt lat="45.330608" lon="-72.205015">
        <ele>297.9</ele>
      </trkpt>
      <trkpt lat="45.330548" lon="-72.204873">
        <ele>297.5</ele>
      </trkpt>
      <trkpt lat="45.330452" lon="-72.20477">
        <ele>297.6</ele>
      </trkpt>
      <trkpt lat="45.330328" lon="-72.204696">
        <ele>298.2</ele>
      </trkpt>
      <trkpt lat="45.330201" lon="-72.204616">
        <ele>298.9</ele>
      </trkpt>
      <trkpt lat="45.330023" lon="-72.204534">
        <ele>300.1</ele>
      </trkpt>
      <trkpt lat="45.32988" lon="-72.204473">
        <ele>301.2</ele>
      </trkpt>
      <trkpt lat="45.329739" lon="-72.204411">
        <ele>302.3</ele>
      </trkpt>
      <trkpt lat="45.329505" lon="-72.204331">
        <ele>304.4</ele>
      </trkpt>
      <trkpt lat="45.329321" lon="-72.204247">
        <ele>305.9</ele>
      </trkpt>
      <trkpt lat="45.329171" lon="-72.204119">
        <ele>306.6</ele>
      </trkpt>
      <trkpt lat="45.329095" lon="-72.203921">
        <ele>305.9</ele>
      </trkpt>
      <trkpt lat="45.329037" lon="-72.203722">
        <ele>305.1</ele>
      </trkpt>
      <trkpt lat="45.329008" lon="-72.203521">
        <ele>304</ele>
      </trkpt>
      <trkpt lat="45.32907" lon="-72.203345">
        <ele>302.2</ele>
      </trkpt>
      <trkpt lat="45.329174" lon="-72.2032">
        <ele>300.3</ele>
      </trkpt>
      <trkpt lat="45.329275" lon="-72.20305">
        <ele>298.4</ele>
      </trkpt>
      <trkpt lat="45.329369" lon="-72.20289">
        <ele>296.6</ele>
      </trkpt>
      <trkpt lat="45.329465" lon="-72.202624">
        <ele>294.1</ele>
      </trkpt>
      <trkpt lat="45.329503" lon="-72.202412">
        <ele>292.4</ele>
      </trkpt>
      <trkpt lat="45.329533" lon="-72.202203">
        <ele>290.7</ele>
      </trkpt>
      <trkpt lat="45.329569" lon="-72.202017">
        <ele>289.2</ele>
      </trkpt>
      <trkpt lat="45.329628" lon="-72.20173">
        <ele>286.6</ele>
      </trkpt>
      <trkpt lat="45.329667" lon="-72.201559">
        <ele>285.1</ele>
      </trkpt>
      <trkpt lat="45.329731" lon="-72.201387">
        <ele>283.3</ele>
      </trkpt>
      <trkpt lat="45.329818" lon="-72.201228">
        <ele>281.4</ele>
      </trkpt>
      <trkpt lat="45.3299" lon="-72.201075">
        <ele>279.7</ele>
      </trkpt>
      <trkpt lat="45.330006" lon="-72.200914">
        <ele>277.8</ele>
      </trkpt>
      <trkpt lat="45.330094" lon="-72.200796">
        <ele>276.5</ele>
      </trkpt>
      <trkpt lat="45.330154" lon="-72.200685">
        <ele>275.5</ele>
      </trkpt>
      <trkpt lat="45.330172" lon="-72.200517">
        <ele>274.6</ele>
      </trkpt>
      <trkpt lat="45.330184" lon="-72.200304">
        <ele>273.7</ele>
      </trkpt>
      <trkpt lat="45.330204" lon="-72.200034">
        <ele>272.9</ele>
      </trkpt>
      <trkpt lat="45.330226" lon="-72.199783">
        <ele>272.5</ele>
      </trkpt>
      <trkpt lat="45.330245" lon="-72.199595">
        <ele>272.3</ele>
      </trkpt>
      <trkpt lat="45.330257" lon="-72.199524">
        <ele>272.3</ele>
      </trkpt>
      <trkpt lat="45.330279" lon="-72.199435">
        <ele>272.2</ele>
      </trkpt>
      <trkpt lat="45.330309" lon="-72.199342">
        <ele>272.1</ele>
      </trkpt>
      <trkpt lat="45.330313" lon="-72.199183">
        <ele>272.3</ele>
      </trkpt>
      <trkpt lat="45.330285" lon="-72.19903">
        <ele>272.6</ele>
      </trkpt>
      <trkpt lat="45.330238" lon="-72.1988">
        <ele>273</ele>
      </trkpt>
      <trkpt lat="45.330183" lon="-72.198651">
        <ele>273.3</ele>
      </trkpt>
      <trkpt lat="45.330123" lon="-72.198522">
        <ele>273.5</ele>
      </trkpt>
      <trkpt lat="45.33006" lon="-72.19837">
        <ele>273.8</ele>
      </trkpt>
      <trkpt lat="45.330001" lon="-72.198224">
        <ele>274</ele>
      </trkpt>
      <trkpt lat="45.329927" lon="-72.198078">
        <ele>274.2</ele>
      </trkpt>
      <trkpt lat="45.329861" lon="-72.197962">
        <ele>274.4</ele>
      </trkpt>
      <trkpt lat="45.329818" lon="-72.197849">
        <ele>274.4</ele>
      </trkpt>
      <trkpt lat="45.329769" lon="-72.197715">
        <ele>274.2</ele>
      </trkpt>
      <trkpt lat="45.329717" lon="-72.197587">
        <ele>273.9</ele>
      </trkpt>
      <trkpt lat="45.329675" lon="-72.197485">
        <ele>273.5</ele>
      </trkpt>
      <trkpt lat="45.32963" lon="-72.197355">
        <ele>272.9</ele>
      </trkpt>
      <trkpt lat="45.329626" lon="-72.197221">
        <ele>271.9</ele>
      </trkpt>
      <trkpt lat="45.329608" lon="-72.197087">
        <ele>270.9</ele>
      </trkpt>
      <trkpt lat="45.329626" lon="-72.196913">
        <ele>269.3</ele>
      </trkpt>
      <trkpt lat="45.329636" lon="-72.196741">
        <ele>267.8</ele>
      </trkpt>
      <trkpt lat="45.329587" lon="-72.196609">
        <ele>266.9</ele>
      </trkpt>
      <trkpt lat="45.329514" lon="-72.196596">
        <ele>267.1</ele>
      </trkpt>
      <trkpt lat="45.329413" lon="-72.196519">
        <ele>266.8</ele>
      </trkpt>
      <trkpt lat="45.329341" lon="-72.196451">
        <ele>266.6</ele>
      </trkpt>
      <trkpt lat="45.32927" lon="-72.196328">
        <ele>266</ele>
      </trkpt>
      <trkpt lat="45.32925" lon="-72.196227">
        <ele>265.4</ele>
      </trkpt>
      <trkpt lat="45.329257" lon="-72.196123">
        <ele>264.7</ele>
      </trkpt>
      <trkpt lat="45.329275" lon="-72.196029">
        <ele>264.1</ele>
      </trkpt>
      <trkpt lat="45.329288" lon="-72.195938">
        <ele>263.5</ele>
      </trkpt>
      <trkpt lat="45.329285" lon="-72.195856">
        <ele>263.1</ele>
      </trkpt>
      <trkpt lat="45.329246" lon="-72.19578">
        <ele>262.8</ele>
      </trkpt>
      <trkpt lat="45.329181" lon="-72.195725">
        <ele>262.7</ele>
      </trkpt>
      <trkpt lat="45.329117" lon="-72.195671">
        <ele>262.6</ele>
      </trkpt>
      <trkpt lat="45.329053" lon="-72.195618">
        <ele>262.5</ele>
      </trkpt>
      <trkpt lat="45.328992" lon="-72.195572">
        <ele>262.4</ele>
      </trkpt>
      <trkpt lat="45.328925" lon="-72.195487">
        <ele>262.2</ele>
      </trkpt>
      <trkpt lat="45.328877" lon="-72.195385">
        <ele>261.9</ele>
      </trkpt>
      <trkpt lat="45.328792" lon="-72.195269">
        <ele>261.7</ele>
      </trkpt>
      <trkpt lat="45.328738" lon="-72.195191">
        <ele>261.6</ele>
      </trkpt>
      <trkpt lat="45.328657" lon="-72.195075">
        <ele>261.5</ele>
      </trkpt>
      <trkpt lat="45.328585" lon="-72.194994">
        <ele>261.4</ele>
      </trkpt>
      <trkpt lat="45.328482" lon="-72.194921">
        <ele>261.5</ele>
      </trkpt>
      <trkpt lat="45.328401" lon="-72.194813">
        <ele>261.4</ele>
      </trkpt>
      <trkpt lat="45.328317" lon="-72.194744">
        <ele>261.4</ele>
      </trkpt>
      <trkpt lat="45.328203" lon="-72.194642">
        <ele>261.2</ele>
      </trkpt>
      <trkpt lat="45.328223" lon="-72.194564">
        <ele>260.8</ele>
      </trkpt>
      <trkpt lat="45.328177" lon="-72.194468">
        <ele>260.4</ele>
      </trkpt>
      <trkpt lat="45.328198" lon="-72.194398">
        <ele>260</ele>
      </trkpt>
      <trkpt lat="45.328212" lon="-72.194351">
        <ele>259.7</ele>
      </trkpt>
      <trkpt lat="45.32822" lon="-72.194325">
        <ele>259.6</ele>
      </trkpt>
      <trkpt lat="45.328217" lon="-72.194324">
        <ele>259.6</ele>
      </trkpt>
      <trkpt lat="45.328215" lon="-72.194329">
        <ele>259.6</ele>
      </trkpt>
      <trkpt lat="45.328213" lon="-72.194334">
        <ele>259.6</ele>
      </trkpt>
    </trkseg>
  </trk>
</gpx>