<?xml version='1.0' encoding='utf-8'?>
<gpx xmlns="http://www.topografix.com/GPX/1/1" xmlns:xsi="http://www.w3.org/2001/XMLSchema-instance" version="1.1" creator="Gravelle Estrie" xsi:schemaLocation="http://www.topografix.com/GPX/1/1 http://www.topografix.com/GPX/1/1/gpx.xsd">
  <metadata>
    <name>Attache ta Tuque avec de la Broche 88 KM / 1600MD+</name>
  </metadata>
  <trk>
    <name>Attache ta Tuque avec de la Broche 88 KM / 1600MD+</name>
    <trkseg>
      <trkpt lat="45.22199" lon="-72.53253">
        <ele>201.82</ele>
      </trkpt>
      <trkpt lat="45.22195" lon="-72.53177">
        <ele>203.03</ele>
      </trkpt>
      <trkpt lat="45.22121" lon="-72.53182">
        <ele>203.18</ele>
      </trkpt>
      <trkpt lat="45.22047" lon="-72.53187">
        <ele>203.41</ele>
      </trkpt>
      <trkpt lat="45.21973" lon="-72.53192">
        <ele>203.38</ele>
      </trkpt>
      <trkpt lat="45.21946" lon="-72.53184">
        <ele>203.35</ele>
      </trkpt>
      <trkpt lat="45.21913" lon="-72.53169">
        <ele>203.38</ele>
      </trkpt>
      <trkpt lat="45.218545" lon="-72.531355">
        <ele>203.69</ele>
      </trkpt>
      <trkpt lat="45.21796" lon="-72.53102">
        <ele>203.61</ele>
      </trkpt>
      <trkpt lat="45.21805" lon="-72.53107">
        <ele>203.58</ele>
      </trkpt>
      <trkpt lat="45.21737" lon="-72.53067">
        <ele>202.59</ele>
      </trkpt>
      <trkpt lat="45.21725" lon="-72.53058">
        <ele>202.61</ele>
      </trkpt>
      <trkpt lat="45.21689" lon="-72.52997">
        <ele>203.2</ele>
      </trkpt>
      <trkpt lat="45.216285" lon="-72.530715">
        <ele>201.07</ele>
      </trkpt>
      <trkpt lat="45.21568" lon="-72.53146">
        <ele>201.48</ele>
      </trkpt>
      <trkpt lat="45.2157" lon="-72.53142">
        <ele>201.44</ele>
      </trkpt>
      <trkpt lat="45.2151675" lon="-72.532075">
        <ele>201.82</ele>
      </trkpt>
      <trkpt lat="45.214635" lon="-72.53273">
        <ele>202.65</ele>
      </trkpt>
      <trkpt lat="45.2141025" lon="-72.533385">
        <ele>202.45</ele>
      </trkpt>
      <trkpt lat="45.21357" lon="-72.53404">
        <ele>205.47</ele>
      </trkpt>
      <trkpt lat="45.21349" lon="-72.53408">
        <ele>205.6</ele>
      </trkpt>
      <trkpt lat="45.21345" lon="-72.53408">
        <ele>205.7</ele>
      </trkpt>
      <trkpt lat="45.21333" lon="-72.53403">
        <ele>205.85</ele>
      </trkpt>
      <trkpt lat="45.213145" lon="-72.53502">
        <ele>206.98</ele>
      </trkpt>
      <trkpt lat="45.21296" lon="-72.53601">
        <ele>208.03</ele>
      </trkpt>
      <trkpt lat="45.21266" lon="-72.53599">
        <ele>206.28</ele>
      </trkpt>
      <trkpt lat="45.21265" lon="-72.53599">
        <ele>206.28</ele>
      </trkpt>
      <trkpt lat="45.2118067" lon="-72.53596">
        <ele>206.41</ele>
      </trkpt>
      <trkpt lat="45.2109633" lon="-72.53593">
        <ele>208.28</ele>
      </trkpt>
      <trkpt lat="45.21012" lon="-72.5359">
        <ele>212.95</ele>
      </trkpt>
      <trkpt lat="45.209275" lon="-72.535895">
        <ele>217.73</ele>
      </trkpt>
      <trkpt lat="45.20843" lon="-72.53589">
        <ele>217.24</ele>
      </trkpt>
      <trkpt lat="45.20761" lon="-72.53587">
        <ele>216.18</ele>
      </trkpt>
      <trkpt lat="45.20679" lon="-72.53585">
        <ele>216.06</ele>
      </trkpt>
      <trkpt lat="45.20597" lon="-72.53583">
        <ele>218.79</ele>
      </trkpt>
      <trkpt lat="45.20599" lon="-72.53583">
        <ele>218.72</ele>
      </trkpt>
      <trkpt lat="45.205535" lon="-72.53582">
        <ele>222.31</ele>
      </trkpt>
      <trkpt lat="45.20508" lon="-72.53581">
        <ele>227.71</ele>
      </trkpt>
      <trkpt lat="45.20424" lon="-72.53584">
        <ele>241.59</ele>
      </trkpt>
      <trkpt lat="45.2034" lon="-72.53587">
        <ele>252.65</ele>
      </trkpt>
      <trkpt lat="45.20279" lon="-72.53577">
        <ele>261.03</ele>
      </trkpt>
      <trkpt lat="45.20271" lon="-72.53577">
        <ele>261.45</ele>
      </trkpt>
      <trkpt lat="45.20211" lon="-72.53592">
        <ele>265.16</ele>
      </trkpt>
      <trkpt lat="45.20183" lon="-72.53595">
        <ele>266.18</ele>
      </trkpt>
      <trkpt lat="45.20141" lon="-72.53582">
        <ele>266.82</ele>
      </trkpt>
      <trkpt lat="45.20109" lon="-72.53578">
        <ele>266.17</ele>
      </trkpt>
      <trkpt lat="45.2003533" lon="-72.5357933">
        <ele>255.13</ele>
      </trkpt>
      <trkpt lat="45.1996167" lon="-72.5358067">
        <ele>248.11</ele>
      </trkpt>
      <trkpt lat="45.19888" lon="-72.53582">
        <ele>251.39</ele>
      </trkpt>
      <trkpt lat="45.1987" lon="-72.53586">
        <ele>252.31</ele>
      </trkpt>
      <trkpt lat="45.19846" lon="-72.53601">
        <ele>255.88</ele>
      </trkpt>
      <trkpt lat="45.19834" lon="-72.53618">
        <ele>256.97</ele>
      </trkpt>
      <trkpt lat="45.198" lon="-72.53676">
        <ele>258.3</ele>
      </trkpt>
      <trkpt lat="45.19782" lon="-72.53695">
        <ele>259.08</ele>
      </trkpt>
      <trkpt lat="45.19762" lon="-72.53708">
        <ele>259.79</ele>
      </trkpt>
      <trkpt lat="45.19743" lon="-72.53712">
        <ele>261.45</ele>
      </trkpt>
      <trkpt lat="45.19711" lon="-72.53712">
        <ele>264.4</ele>
      </trkpt>
      <trkpt lat="45.19682" lon="-72.53698">
        <ele>269.24</ele>
      </trkpt>
      <trkpt lat="45.19661" lon="-72.53684">
        <ele>271.13</ele>
      </trkpt>
      <trkpt lat="45.19613" lon="-72.53636">
        <ele>279.37</ele>
      </trkpt>
      <trkpt lat="45.19586" lon="-72.53613">
        <ele>280.37</ele>
      </trkpt>
      <trkpt lat="45.19574" lon="-72.53612">
        <ele>282.24</ele>
      </trkpt>
      <trkpt lat="45.19553" lon="-72.53611">
        <ele>283.78</ele>
      </trkpt>
      <trkpt lat="45.19562" lon="-72.53611">
        <ele>283.07</ele>
      </trkpt>
      <trkpt lat="45.194925" lon="-72.5361">
        <ele>287.57</ele>
      </trkpt>
      <trkpt lat="45.19423" lon="-72.53609">
        <ele>288.93</ele>
      </trkpt>
      <trkpt lat="45.19374" lon="-72.53606">
        <ele>291.76</ele>
      </trkpt>
      <trkpt lat="45.1942033" lon="-72.53501">
        <ele>295.18</ele>
      </trkpt>
      <trkpt lat="45.1946667" lon="-72.53396">
        <ele>295.45</ele>
      </trkpt>
      <trkpt lat="45.19513" lon="-72.53291">
        <ele>300</ele>
      </trkpt>
      <trkpt lat="45.195575" lon="-72.53191">
        <ele>300.87</ele>
      </trkpt>
      <trkpt lat="45.19602" lon="-72.53091">
        <ele>301.3</ele>
      </trkpt>
      <trkpt lat="45.19632" lon="-72.53023">
        <ele>300.6</ele>
      </trkpt>
      <trkpt lat="45.19662" lon="-72.52955">
        <ele>302.59</ele>
      </trkpt>
      <trkpt lat="45.196985" lon="-72.52868">
        <ele>304.13</ele>
      </trkpt>
      <trkpt lat="45.19735" lon="-72.52781">
        <ele>301.94</ele>
      </trkpt>
      <trkpt lat="45.19778" lon="-72.52687">
        <ele>303.04</ele>
      </trkpt>
      <trkpt lat="45.19775" lon="-72.52692">
        <ele>302.99</ele>
      </trkpt>
      <trkpt lat="45.1982113" lon="-72.5259201">
        <ele>304.06</ele>
      </trkpt>
      <trkpt lat="45.1986726" lon="-72.5249201">
        <ele>306.94</ele>
      </trkpt>
      <trkpt lat="45.1991338" lon="-72.5239201">
        <ele>310.01</ele>
      </trkpt>
      <trkpt lat="45.1995951" lon="-72.5229201">
        <ele>312.32</ele>
      </trkpt>
      <trkpt lat="45.2000563" lon="-72.5219201">
        <ele>315.63</ele>
      </trkpt>
      <trkpt lat="45.2005176" lon="-72.5209201">
        <ele>319.2</ele>
      </trkpt>
      <trkpt lat="45.2009788" lon="-72.5199201">
        <ele>317.69</ele>
      </trkpt>
      <trkpt lat="45.20144" lon="-72.51892">
        <ele>318.21</ele>
      </trkpt>
      <trkpt lat="45.20113" lon="-72.51858">
        <ele>319.84</ele>
      </trkpt>
      <trkpt lat="45.2009" lon="-72.51819">
        <ele>322.5</ele>
      </trkpt>
      <trkpt lat="45.20079" lon="-72.51791">
        <ele>324.96</ele>
      </trkpt>
      <trkpt lat="45.2006" lon="-72.517305">
        <ele>333.48</ele>
      </trkpt>
      <trkpt lat="45.20041" lon="-72.5167">
        <ele>339.08</ele>
      </trkpt>
      <trkpt lat="45.20027" lon="-72.51639">
        <ele>343.68</ele>
      </trkpt>
      <trkpt lat="45.20006" lon="-72.51631">
        <ele>345.66</ele>
      </trkpt>
      <trkpt lat="45.19923" lon="-72.5163367">
        <ele>345.73</ele>
      </trkpt>
      <trkpt lat="45.1984" lon="-72.5163633">
        <ele>344.95</ele>
      </trkpt>
      <trkpt lat="45.19757" lon="-72.51639">
        <ele>345.54</ele>
      </trkpt>
      <trkpt lat="45.197105" lon="-72.5164">
        <ele>340.74</ele>
      </trkpt>
      <trkpt lat="45.19664" lon="-72.51641">
        <ele>334.28</ele>
      </trkpt>
      <trkpt lat="45.19672" lon="-72.51641">
        <ele>335.16</ele>
      </trkpt>
      <trkpt lat="45.19589" lon="-72.51642">
        <ele>324.9</ele>
      </trkpt>
      <trkpt lat="45.19506" lon="-72.51643">
        <ele>318.13</ele>
      </trkpt>
      <trkpt lat="45.1941764" lon="-72.5164709">
        <ele>309.38</ele>
      </trkpt>
      <trkpt lat="45.1932927" lon="-72.5165118">
        <ele>294.56</ele>
      </trkpt>
      <trkpt lat="45.1924091" lon="-72.5165527">
        <ele>285.32</ele>
      </trkpt>
      <trkpt lat="45.1915255" lon="-72.5165937">
        <ele>288.82</ele>
      </trkpt>
      <trkpt lat="45.1906418" lon="-72.5166346">
        <ele>299.76</ele>
      </trkpt>
      <trkpt lat="45.1897582" lon="-72.5166755">
        <ele>295.88</ele>
      </trkpt>
      <trkpt lat="45.1888745" lon="-72.5167164">
        <ele>289.18</ele>
      </trkpt>
      <trkpt lat="45.1879909" lon="-72.5167573">
        <ele>289.41</ele>
      </trkpt>
      <trkpt lat="45.1871073" lon="-72.5167982">
        <ele>288.93</ele>
      </trkpt>
      <trkpt lat="45.1862236" lon="-72.5168391">
        <ele>281.98</ele>
      </trkpt>
      <trkpt lat="45.18534" lon="-72.51688">
        <ele>271.92</ele>
      </trkpt>
      <trkpt lat="45.184595" lon="-72.5168925">
        <ele>274.42</ele>
      </trkpt>
      <trkpt lat="45.18385" lon="-72.516905">
        <ele>285.61</ele>
      </trkpt>
      <trkpt lat="45.183105" lon="-72.5169175">
        <ele>292.97</ele>
      </trkpt>
      <trkpt lat="45.18236" lon="-72.51693">
        <ele>297.02</ele>
      </trkpt>
      <trkpt lat="45.18165" lon="-72.51697">
        <ele>292.39</ele>
      </trkpt>
      <trkpt lat="45.18094" lon="-72.51701">
        <ele>291.28</ele>
      </trkpt>
      <trkpt lat="45.1802567" lon="-72.51701">
        <ele>289.61</ele>
      </trkpt>
      <trkpt lat="45.1795733" lon="-72.51701">
        <ele>288.35</ele>
      </trkpt>
      <trkpt lat="45.17889" lon="-72.51701">
        <ele>287.23</ele>
      </trkpt>
      <trkpt lat="45.17897" lon="-72.51701">
        <ele>287.88</ele>
      </trkpt>
      <trkpt lat="45.17821" lon="-72.51701">
        <ele>278.85</ele>
      </trkpt>
      <trkpt lat="45.17763" lon="-72.517035">
        <ele>275.9</ele>
      </trkpt>
      <trkpt lat="45.17705" lon="-72.51706">
        <ele>277.51</ele>
      </trkpt>
      <trkpt lat="45.17635" lon="-72.51704">
        <ele>279.6</ele>
      </trkpt>
      <trkpt lat="45.17624" lon="-72.51649">
        <ele>279.64</ele>
      </trkpt>
      <trkpt lat="45.17608" lon="-72.51613">
        <ele>280.16</ele>
      </trkpt>
      <trkpt lat="45.17592" lon="-72.51594">
        <ele>280.14</ele>
      </trkpt>
      <trkpt lat="45.1753425" lon="-72.515345">
        <ele>276.91</ele>
      </trkpt>
      <trkpt lat="45.174765" lon="-72.51475">
        <ele>275.05</ele>
      </trkpt>
      <trkpt lat="45.1741875" lon="-72.514155">
        <ele>272.15</ele>
      </trkpt>
      <trkpt lat="45.17361" lon="-72.51356">
        <ele>270.18</ele>
      </trkpt>
      <trkpt lat="45.17326" lon="-72.51316">
        <ele>267.64</ele>
      </trkpt>
      <trkpt lat="45.17286" lon="-72.51263">
        <ele>265.82</ele>
      </trkpt>
      <trkpt lat="45.17246" lon="-72.511955">
        <ele>263.38</ele>
      </trkpt>
      <trkpt lat="45.17206" lon="-72.51128">
        <ele>264.66</ele>
      </trkpt>
      <trkpt lat="45.171815" lon="-72.5107">
        <ele>268.24</ele>
      </trkpt>
      <trkpt lat="45.17157" lon="-72.51012">
        <ele>271.77</ele>
      </trkpt>
      <trkpt lat="45.17122" lon="-72.50918">
        <ele>273.41</ele>
      </trkpt>
      <trkpt lat="45.17089" lon="-72.50802">
        <ele>270.66</ele>
      </trkpt>
      <trkpt lat="45.170606" lon="-72.506884">
        <ele>275.6</ele>
      </trkpt>
      <trkpt lat="45.170322" lon="-72.505748">
        <ele>283.76</ele>
      </trkpt>
      <trkpt lat="45.170038" lon="-72.504612">
        <ele>286.76</ele>
      </trkpt>
      <trkpt lat="45.169754" lon="-72.503476">
        <ele>292.49</ele>
      </trkpt>
      <trkpt lat="45.16947" lon="-72.50234">
        <ele>296.23</ele>
      </trkpt>
      <trkpt lat="45.16934" lon="-72.50149">
        <ele>297.87</ele>
      </trkpt>
      <trkpt lat="45.1693" lon="-72.500555">
        <ele>297.63</ele>
      </trkpt>
      <trkpt lat="45.16926" lon="-72.49962">
        <ele>295.59</ele>
      </trkpt>
      <trkpt lat="45.169205" lon="-72.49891">
        <ele>291.73</ele>
      </trkpt>
      <trkpt lat="45.16915" lon="-72.4982">
        <ele>289.59</ele>
      </trkpt>
      <trkpt lat="45.1685333" lon="-72.49822">
        <ele>284.94</ele>
      </trkpt>
      <trkpt lat="45.1679167" lon="-72.49824">
        <ele>285.72</ele>
      </trkpt>
      <trkpt lat="45.1673" lon="-72.49826">
        <ele>289.14</ele>
      </trkpt>
      <trkpt lat="45.16661" lon="-72.4982967">
        <ele>290.53</ele>
      </trkpt>
      <trkpt lat="45.16592" lon="-72.4983333">
        <ele>288.88</ele>
      </trkpt>
      <trkpt lat="45.16523" lon="-72.49837">
        <ele>286.8</ele>
      </trkpt>
      <trkpt lat="45.16513" lon="-72.49837">
        <ele>286.89</ele>
      </trkpt>
      <trkpt lat="45.1643283" lon="-72.498405">
        <ele>290.78</ele>
      </trkpt>
      <trkpt lat="45.1635267" lon="-72.49844">
        <ele>297.72</ele>
      </trkpt>
      <trkpt lat="45.162725" lon="-72.498475">
        <ele>301.93</ele>
      </trkpt>
      <trkpt lat="45.1619233" lon="-72.49851">
        <ele>304.71</ele>
      </trkpt>
      <trkpt lat="45.1611217" lon="-72.498545">
        <ele>307.79</ele>
      </trkpt>
      <trkpt lat="45.16032" lon="-72.49858">
        <ele>312.4</ele>
      </trkpt>
      <trkpt lat="45.15966" lon="-72.4986067">
        <ele>318.72</ele>
      </trkpt>
      <trkpt lat="45.159" lon="-72.4986333">
        <ele>328.14</ele>
      </trkpt>
      <trkpt lat="45.15834" lon="-72.49866">
        <ele>335.02</ele>
      </trkpt>
      <trkpt lat="45.15824" lon="-72.4987">
        <ele>335.15</ele>
      </trkpt>
      <trkpt lat="45.15818" lon="-72.49875">
        <ele>335.15</ele>
      </trkpt>
      <trkpt lat="45.15813" lon="-72.49888">
        <ele>335.66</ele>
      </trkpt>
      <trkpt lat="45.15813" lon="-72.5">
        <ele>337.64</ele>
      </trkpt>
      <trkpt lat="45.158155" lon="-72.501095">
        <ele>337.25</ele>
      </trkpt>
      <trkpt lat="45.15818" lon="-72.50219">
        <ele>336.92</ele>
      </trkpt>
      <trkpt lat="45.158205" lon="-72.503285">
        <ele>336.44</ele>
      </trkpt>
      <trkpt lat="45.15823" lon="-72.50438">
        <ele>336.54</ele>
      </trkpt>
      <trkpt lat="45.158255" lon="-72.505475">
        <ele>336.05</ele>
      </trkpt>
      <trkpt lat="45.15828" lon="-72.50657">
        <ele>335.94</ele>
      </trkpt>
      <trkpt lat="45.15828" lon="-72.50657">
        <ele>335.94</ele>
      </trkpt>
      <trkpt lat="45.1583075" lon="-72.5077025">
        <ele>335.42</ele>
      </trkpt>
      <trkpt lat="45.158335" lon="-72.508835">
        <ele>334.36</ele>
      </trkpt>
      <trkpt lat="45.1583625" lon="-72.5099675">
        <ele>336.65</ele>
      </trkpt>
      <trkpt lat="45.15839" lon="-72.5111">
        <ele>341.51</ele>
      </trkpt>
      <trkpt lat="45.15839" lon="-72.51209">
        <ele>344.05</ele>
      </trkpt>
      <trkpt lat="45.15842" lon="-72.513255">
        <ele>345.71</ele>
      </trkpt>
      <trkpt lat="45.15845" lon="-72.51442">
        <ele>343.46</ele>
      </trkpt>
      <trkpt lat="45.1585" lon="-72.51537">
        <ele>342.21</ele>
      </trkpt>
      <trkpt lat="45.1585" lon="-72.51616">
        <ele>341.01</ele>
      </trkpt>
      <trkpt lat="45.15853" lon="-72.516935">
        <ele>337.25</ele>
      </trkpt>
      <trkpt lat="45.15856" lon="-72.51771">
        <ele>334.56</ele>
      </trkpt>
      <trkpt lat="45.15913" lon="-72.51772">
        <ele>333.85</ele>
      </trkpt>
      <trkpt lat="45.1597" lon="-72.51773">
        <ele>329.24</ele>
      </trkpt>
      <trkpt lat="45.15981" lon="-72.51778">
        <ele>328.83</ele>
      </trkpt>
      <trkpt lat="45.15996" lon="-72.518">
        <ele>328.43</ele>
      </trkpt>
      <trkpt lat="45.16014" lon="-72.51841">
        <ele>328.22</ele>
      </trkpt>
      <trkpt lat="45.16019" lon="-72.51854">
        <ele>327.75</ele>
      </trkpt>
      <trkpt lat="45.16042" lon="-72.5189">
        <ele>326.19</ele>
      </trkpt>
      <trkpt lat="45.16075" lon="-72.5197">
        <ele>320.38</ele>
      </trkpt>
      <trkpt lat="45.16097" lon="-72.52061">
        <ele>313.73</ele>
      </trkpt>
      <trkpt lat="45.161135" lon="-72.521425">
        <ele>306.42</ele>
      </trkpt>
      <trkpt lat="45.1613" lon="-72.52224">
        <ele>299.67</ele>
      </trkpt>
      <trkpt lat="45.16137" lon="-72.5228">
        <ele>295.36</ele>
      </trkpt>
      <trkpt lat="45.16137" lon="-72.52341">
        <ele>292.54</ele>
      </trkpt>
      <trkpt lat="45.16132" lon="-72.52391">
        <ele>289.47</ele>
      </trkpt>
      <trkpt lat="45.16126" lon="-72.52431">
        <ele>288.15</ele>
      </trkpt>
      <trkpt lat="45.16097" lon="-72.52505">
        <ele>286.02</ele>
      </trkpt>
      <trkpt lat="45.16068" lon="-72.52579">
        <ele>287.15</ele>
      </trkpt>
      <trkpt lat="45.16055" lon="-72.52635">
        <ele>286.23</ele>
      </trkpt>
      <trkpt lat="45.16029" lon="-72.52731">
        <ele>281.16</ele>
      </trkpt>
      <trkpt lat="45.16016" lon="-72.52803">
        <ele>281.96</ele>
      </trkpt>
      <trkpt lat="45.16013" lon="-72.52861">
        <ele>283.01</ele>
      </trkpt>
      <trkpt lat="45.16008" lon="-72.52897">
        <ele>281.76</ele>
      </trkpt>
      <trkpt lat="45.16007" lon="-72.52919">
        <ele>280.09</ele>
      </trkpt>
      <trkpt lat="45.16009" lon="-72.52975">
        <ele>278.43</ele>
      </trkpt>
      <trkpt lat="45.16009" lon="-72.52966">
        <ele>278.63</ele>
      </trkpt>
      <trkpt lat="45.16013" lon="-72.53062">
        <ele>277.14</ele>
      </trkpt>
      <trkpt lat="45.16013" lon="-72.53138">
        <ele>278.22</ele>
      </trkpt>
      <trkpt lat="45.16013" lon="-72.53214">
        <ele>278.34</ele>
      </trkpt>
      <trkpt lat="45.16016" lon="-72.53274">
        <ele>278.06</ele>
      </trkpt>
      <trkpt lat="45.16017" lon="-72.533495">
        <ele>279.13</ele>
      </trkpt>
      <trkpt lat="45.16018" lon="-72.53425">
        <ele>278.24</ele>
      </trkpt>
      <trkpt lat="45.16011" lon="-72.53465">
        <ele>276.45</ele>
      </trkpt>
      <trkpt lat="45.15984" lon="-72.53574">
        <ele>270.49</ele>
      </trkpt>
      <trkpt lat="45.15967" lon="-72.53632">
        <ele>269.28</ele>
      </trkpt>
      <trkpt lat="45.15951" lon="-72.53716">
        <ele>264.45</ele>
      </trkpt>
      <trkpt lat="45.15947" lon="-72.53744">
        <ele>263.07</ele>
      </trkpt>
      <trkpt lat="45.15945" lon="-72.53856">
        <ele>259.36</ele>
      </trkpt>
      <trkpt lat="45.159255" lon="-72.53974">
        <ele>253.55</ele>
      </trkpt>
      <trkpt lat="45.15906" lon="-72.54092">
        <ele>245.15</ele>
      </trkpt>
      <trkpt lat="45.15891" lon="-72.54172">
        <ele>238.14</ele>
      </trkpt>
      <trkpt lat="45.15883" lon="-72.5424">
        <ele>232.11</ele>
      </trkpt>
      <trkpt lat="45.15898" lon="-72.54343">
        <ele>227.78</ele>
      </trkpt>
      <trkpt lat="45.15899" lon="-72.54362">
        <ele>226.92</ele>
      </trkpt>
      <trkpt lat="45.15897" lon="-72.54401">
        <ele>222.61</ele>
      </trkpt>
      <trkpt lat="45.15901" lon="-72.54428">
        <ele>220.45</ele>
      </trkpt>
      <trkpt lat="45.15912" lon="-72.54477">
        <ele>217.35</ele>
      </trkpt>
      <trkpt lat="45.15922" lon="-72.54579">
        <ele>215.89</ele>
      </trkpt>
      <trkpt lat="45.15914" lon="-72.54618">
        <ele>215.86</ele>
      </trkpt>
      <trkpt lat="45.15908" lon="-72.5464">
        <ele>215.68</ele>
      </trkpt>
      <trkpt lat="45.15908" lon="-72.54656">
        <ele>215.44</ele>
      </trkpt>
      <trkpt lat="45.15922" lon="-72.54747">
        <ele>215.51</ele>
      </trkpt>
      <trkpt lat="45.15926" lon="-72.54809">
        <ele>217.32</ele>
      </trkpt>
      <trkpt lat="45.159225" lon="-72.54887">
        <ele>222.77</ele>
      </trkpt>
      <trkpt lat="45.15919" lon="-72.54965">
        <ele>228.94</ele>
      </trkpt>
      <trkpt lat="45.15923" lon="-72.55055">
        <ele>232.83</ele>
      </trkpt>
      <trkpt lat="45.1592433" lon="-72.5514133">
        <ele>236.15</ele>
      </trkpt>
      <trkpt lat="45.1592567" lon="-72.5522767">
        <ele>242.11</ele>
      </trkpt>
      <trkpt lat="45.15927" lon="-72.55314">
        <ele>245.05</ele>
      </trkpt>
      <trkpt lat="45.159265" lon="-72.55408">
        <ele>250.47</ele>
      </trkpt>
      <trkpt lat="45.15926" lon="-72.55502">
        <ele>256.34</ele>
      </trkpt>
      <trkpt lat="45.15942" lon="-72.55623">
        <ele>261.36</ele>
      </trkpt>
      <trkpt lat="45.15935" lon="-72.55731">
        <ele>257.9</ele>
      </trkpt>
      <trkpt lat="45.15935" lon="-72.55758">
        <ele>257</ele>
      </trkpt>
      <trkpt lat="45.15937" lon="-72.55789">
        <ele>254.55</ele>
      </trkpt>
      <trkpt lat="45.15943" lon="-72.55815">
        <ele>251.14</ele>
      </trkpt>
      <trkpt lat="45.1594525" lon="-72.5591375">
        <ele>246.62</ele>
      </trkpt>
      <trkpt lat="45.159475" lon="-72.560125">
        <ele>238.91</ele>
      </trkpt>
      <trkpt lat="45.1594975" lon="-72.5611125">
        <ele>236.13</ele>
      </trkpt>
      <trkpt lat="45.15952" lon="-72.5621">
        <ele>238.74</ele>
      </trkpt>
      <trkpt lat="45.1594" lon="-72.56281">
        <ele>239.05</ele>
      </trkpt>
      <trkpt lat="45.15937" lon="-72.56312">
        <ele>239.5</ele>
      </trkpt>
      <trkpt lat="45.15934" lon="-72.5639">
        <ele>242.23</ele>
      </trkpt>
      <trkpt lat="45.15926" lon="-72.56474">
        <ele>246.23</ele>
      </trkpt>
      <trkpt lat="45.15923" lon="-72.56551">
        <ele>248.84</ele>
      </trkpt>
      <trkpt lat="45.15924" lon="-72.56577">
        <ele>248.81</ele>
      </trkpt>
      <trkpt lat="45.15928" lon="-72.56613">
        <ele>247.17</ele>
      </trkpt>
      <trkpt lat="45.15946" lon="-72.56703">
        <ele>240.58</ele>
      </trkpt>
      <trkpt lat="45.15948" lon="-72.56785">
        <ele>237.91</ele>
      </trkpt>
      <trkpt lat="45.15948" lon="-72.56785">
        <ele>237.91</ele>
      </trkpt>
      <trkpt lat="45.159515" lon="-72.56883">
        <ele>236.68</ele>
      </trkpt>
      <trkpt lat="45.15955" lon="-72.56981">
        <ele>235.19</ele>
      </trkpt>
      <trkpt lat="45.1596" lon="-72.57085">
        <ele>236.02</ele>
      </trkpt>
      <trkpt lat="45.15884" lon="-72.5708225">
        <ele>233.65</ele>
      </trkpt>
      <trkpt lat="45.15808" lon="-72.570795">
        <ele>232.75</ele>
      </trkpt>
      <trkpt lat="45.15732" lon="-72.5707675">
        <ele>235.87</ele>
      </trkpt>
      <trkpt lat="45.15656" lon="-72.57074">
        <ele>243.05</ele>
      </trkpt>
      <trkpt lat="45.155825" lon="-72.5707275">
        <ele>244.08</ele>
      </trkpt>
      <trkpt lat="45.15509" lon="-72.570715">
        <ele>246.43</ele>
      </trkpt>
      <trkpt lat="45.154355" lon="-72.5707025">
        <ele>249.58</ele>
      </trkpt>
      <trkpt lat="45.15362" lon="-72.57069">
        <ele>250.9</ele>
      </trkpt>
      <trkpt lat="45.153165" lon="-72.57065">
        <ele>250.62</ele>
      </trkpt>
      <trkpt lat="45.15271" lon="-72.57061">
        <ele>251.16</ele>
      </trkpt>
      <trkpt lat="45.15202" lon="-72.570585">
        <ele>255.34</ele>
      </trkpt>
      <trkpt lat="45.15133" lon="-72.57056">
        <ele>258.64</ele>
      </trkpt>
      <trkpt lat="45.15103" lon="-72.5706">
        <ele>258.91</ele>
      </trkpt>
      <trkpt lat="45.15077" lon="-72.57065">
        <ele>258.39</ele>
      </trkpt>
      <trkpt lat="45.15064" lon="-72.57073">
        <ele>257.79</ele>
      </trkpt>
      <trkpt lat="45.15053" lon="-72.57083">
        <ele>257.79</ele>
      </trkpt>
      <trkpt lat="45.15035" lon="-72.57115">
        <ele>256.27</ele>
      </trkpt>
      <trkpt lat="45.149875" lon="-72.572085">
        <ele>255</ele>
      </trkpt>
      <trkpt lat="45.1494" lon="-72.57302">
        <ele>252.4</ele>
      </trkpt>
      <trkpt lat="45.1494" lon="-72.57303">
        <ele>252.38</ele>
      </trkpt>
      <trkpt lat="45.14903" lon="-72.57376">
        <ele>250.05</ele>
      </trkpt>
      <trkpt lat="45.14866" lon="-72.57449">
        <ele>246.76</ele>
      </trkpt>
      <trkpt lat="45.1482675" lon="-72.57529">
        <ele>244.32</ele>
      </trkpt>
      <trkpt lat="45.147875" lon="-72.57609">
        <ele>240.99</ele>
      </trkpt>
      <trkpt lat="45.1474825" lon="-72.57689">
        <ele>237.66</ele>
      </trkpt>
      <trkpt lat="45.14709" lon="-72.57769">
        <ele>236.19</ele>
      </trkpt>
      <trkpt lat="45.1469" lon="-72.57804">
        <ele>236.33</ele>
      </trkpt>
      <trkpt lat="45.14681" lon="-72.57808">
        <ele>236.33</ele>
      </trkpt>
      <trkpt lat="45.14606" lon="-72.57807">
        <ele>236.94</ele>
      </trkpt>
      <trkpt lat="45.1452" lon="-72.57809">
        <ele>234.3</ele>
      </trkpt>
      <trkpt lat="45.14434" lon="-72.57811">
        <ele>232.84</ele>
      </trkpt>
      <trkpt lat="45.14348" lon="-72.57813">
        <ele>231.95</ele>
      </trkpt>
      <trkpt lat="45.14262" lon="-72.57815">
        <ele>232.72</ele>
      </trkpt>
      <trkpt lat="45.14176" lon="-72.57817">
        <ele>239.17</ele>
      </trkpt>
      <trkpt lat="45.14093" lon="-72.57817">
        <ele>241.91</ele>
      </trkpt>
      <trkpt lat="45.1407" lon="-72.57814">
        <ele>242.16</ele>
      </trkpt>
      <trkpt lat="45.1400833" lon="-72.5781767">
        <ele>241.23</ele>
      </trkpt>
      <trkpt lat="45.1394667" lon="-72.5782133">
        <ele>239.21</ele>
      </trkpt>
      <trkpt lat="45.13885" lon="-72.57825">
        <ele>237.72</ele>
      </trkpt>
      <trkpt lat="45.1384" lon="-72.57831">
        <ele>231.66</ele>
      </trkpt>
      <trkpt lat="45.13813" lon="-72.57827">
        <ele>229.35</ele>
      </trkpt>
      <trkpt lat="45.13752" lon="-72.57826">
        <ele>225.32</ele>
      </trkpt>
      <trkpt lat="45.1373" lon="-72.57816">
        <ele>225.16</ele>
      </trkpt>
      <trkpt lat="45.13696" lon="-72.5779">
        <ele>225.9</ele>
      </trkpt>
      <trkpt lat="45.1368" lon="-72.57777">
        <ele>227.12</ele>
      </trkpt>
      <trkpt lat="45.13673" lon="-72.57768">
        <ele>227.84</ele>
      </trkpt>
      <trkpt lat="45.13658" lon="-72.57732">
        <ele>231.08</ele>
      </trkpt>
      <trkpt lat="45.13631" lon="-72.57701">
        <ele>236.79</ele>
      </trkpt>
      <trkpt lat="45.13608" lon="-72.57683">
        <ele>239.31</ele>
      </trkpt>
      <trkpt lat="45.1358" lon="-72.57666">
        <ele>244.94</ele>
      </trkpt>
      <trkpt lat="45.1355" lon="-72.57657">
        <ele>247.29</ele>
      </trkpt>
      <trkpt lat="45.13464" lon="-72.5766">
        <ele>254.68</ele>
      </trkpt>
      <trkpt lat="45.13447" lon="-72.57661">
        <ele>256.12</ele>
      </trkpt>
      <trkpt lat="45.13435" lon="-72.57669">
        <ele>256.12</ele>
      </trkpt>
      <trkpt lat="45.1342" lon="-72.57683">
        <ele>257.12</ele>
      </trkpt>
      <trkpt lat="45.13361" lon="-72.57758">
        <ele>259.39</ele>
      </trkpt>
      <trkpt lat="45.13339" lon="-72.5779">
        <ele>259.71</ele>
      </trkpt>
      <trkpt lat="45.13332" lon="-72.57796">
        <ele>259.91</ele>
      </trkpt>
      <trkpt lat="45.13294" lon="-72.57809">
        <ele>261.84</ele>
      </trkpt>
      <trkpt lat="45.1327" lon="-72.57816">
        <ele>262.71</ele>
      </trkpt>
      <trkpt lat="45.13213" lon="-72.57819">
        <ele>267.93</ele>
      </trkpt>
      <trkpt lat="45.13156" lon="-72.57822">
        <ele>272.32</ele>
      </trkpt>
      <trkpt lat="45.13128" lon="-72.57836">
        <ele>273.04</ele>
      </trkpt>
      <trkpt lat="45.13118" lon="-72.57844">
        <ele>273.11</ele>
      </trkpt>
      <trkpt lat="45.13081" lon="-72.57889">
        <ele>272.64</ele>
      </trkpt>
      <trkpt lat="45.13036" lon="-72.57945">
        <ele>273.06</ele>
      </trkpt>
      <trkpt lat="45.12991" lon="-72.58001">
        <ele>276.05</ele>
      </trkpt>
      <trkpt lat="45.129525" lon="-72.580655">
        <ele>276.69</ele>
      </trkpt>
      <trkpt lat="45.12914" lon="-72.5813">
        <ele>275.18</ele>
      </trkpt>
      <trkpt lat="45.12865" lon="-72.58204">
        <ele>276.1</ele>
      </trkpt>
      <trkpt lat="45.12816" lon="-72.58278">
        <ele>275.67</ele>
      </trkpt>
      <trkpt lat="45.1278" lon="-72.583255">
        <ele>277.34</ele>
      </trkpt>
      <trkpt lat="45.12744" lon="-72.58373">
        <ele>276.69</ele>
      </trkpt>
      <trkpt lat="45.127035" lon="-72.584335">
        <ele>276</ele>
      </trkpt>
      <trkpt lat="45.12663" lon="-72.58494">
        <ele>275.17</ele>
      </trkpt>
      <trkpt lat="45.1263" lon="-72.5856">
        <ele>273.26</ele>
      </trkpt>
      <trkpt lat="45.12613" lon="-72.58627">
        <ele>270.76</ele>
      </trkpt>
      <trkpt lat="45.12589" lon="-72.586925">
        <ele>270.33</ele>
      </trkpt>
      <trkpt lat="45.12565" lon="-72.58758">
        <ele>271.26</ele>
      </trkpt>
      <trkpt lat="45.12549" lon="-72.58794">
        <ele>272.1</ele>
      </trkpt>
      <trkpt lat="45.12495" lon="-72.58868">
        <ele>268.3</ele>
      </trkpt>
      <trkpt lat="45.12441" lon="-72.58942">
        <ele>268.57</ele>
      </trkpt>
      <trkpt lat="45.12415" lon="-72.58989">
        <ele>269.05</ele>
      </trkpt>
      <trkpt lat="45.12373" lon="-72.59058">
        <ele>265.87</ele>
      </trkpt>
      <trkpt lat="45.12373" lon="-72.59058">
        <ele>265.9</ele>
      </trkpt>
      <trkpt lat="45.1235" lon="-72.59097">
        <ele>264.77</ele>
      </trkpt>
      <trkpt lat="45.12302" lon="-72.59169">
        <ele>265.18</ele>
      </trkpt>
      <trkpt lat="45.12272" lon="-72.59218">
        <ele>264.28</ele>
      </trkpt>
      <trkpt lat="45.12238" lon="-72.59263">
        <ele>263.85</ele>
      </trkpt>
      <trkpt lat="45.121805" lon="-72.59355">
        <ele>263.21</ele>
      </trkpt>
      <trkpt lat="45.12123" lon="-72.59447">
        <ele>259.74</ele>
      </trkpt>
      <trkpt lat="45.12091" lon="-72.59513">
        <ele>257.61</ele>
      </trkpt>
      <trkpt lat="45.12075" lon="-72.59547">
        <ele>256</ele>
      </trkpt>
      <trkpt lat="45.12043" lon="-72.5964">
        <ele>249.62</ele>
      </trkpt>
      <trkpt lat="45.1200767" lon="-72.5973267">
        <ele>246.26</ele>
      </trkpt>
      <trkpt lat="45.1197233" lon="-72.5982533">
        <ele>241.24</ele>
      </trkpt>
      <trkpt lat="45.11937" lon="-72.59918">
        <ele>237.81</ele>
      </trkpt>
      <trkpt lat="45.11913" lon="-72.59971">
        <ele>236.97</ele>
      </trkpt>
      <trkpt lat="45.11875" lon="-72.60034">
        <ele>235.73</ele>
      </trkpt>
      <trkpt lat="45.11837" lon="-72.60097">
        <ele>234.55</ele>
      </trkpt>
      <trkpt lat="45.11802" lon="-72.60145">
        <ele>233.28</ele>
      </trkpt>
      <trkpt lat="45.11764" lon="-72.601885">
        <ele>232.91</ele>
      </trkpt>
      <trkpt lat="45.11726" lon="-72.60232">
        <ele>232.88</ele>
      </trkpt>
      <trkpt lat="45.11691" lon="-72.60267">
        <ele>232.57</ele>
      </trkpt>
      <trkpt lat="45.11662" lon="-72.60294">
        <ele>232.01</ele>
      </trkpt>
      <trkpt lat="45.11605" lon="-72.60337">
        <ele>228.1</ele>
      </trkpt>
      <trkpt lat="45.115435" lon="-72.603775">
        <ele>226.55</ele>
      </trkpt>
      <trkpt lat="45.11482" lon="-72.60418">
        <ele>225.02</ele>
      </trkpt>
      <trkpt lat="45.11462" lon="-72.60436">
        <ele>222.84</ele>
      </trkpt>
      <trkpt lat="45.11443" lon="-72.60455">
        <ele>218.8</ele>
      </trkpt>
      <trkpt lat="45.11418" lon="-72.60494">
        <ele>216.21</ele>
      </trkpt>
      <trkpt lat="45.11381" lon="-72.60567">
        <ele>214.21</ele>
      </trkpt>
      <trkpt lat="45.11344" lon="-72.6064">
        <ele>215.52</ele>
      </trkpt>
      <trkpt lat="45.11322" lon="-72.60681">
        <ele>216.15</ele>
      </trkpt>
      <trkpt lat="45.112875" lon="-72.60736">
        <ele>216.48</ele>
      </trkpt>
      <trkpt lat="45.11253" lon="-72.60791">
        <ele>213</ele>
      </trkpt>
      <trkpt lat="45.1121533" lon="-72.60864">
        <ele>205.75</ele>
      </trkpt>
      <trkpt lat="45.1117767" lon="-72.60937">
        <ele>196.65</ele>
      </trkpt>
      <trkpt lat="45.1114" lon="-72.6101">
        <ele>192.6</ele>
      </trkpt>
      <trkpt lat="45.1109375" lon="-72.61105">
        <ele>185.31</ele>
      </trkpt>
      <trkpt lat="45.110475" lon="-72.612">
        <ele>180.78</ele>
      </trkpt>
      <trkpt lat="45.1100125" lon="-72.61295">
        <ele>180.25</ele>
      </trkpt>
      <trkpt lat="45.10955" lon="-72.6139">
        <ele>180.71</ele>
      </trkpt>
      <trkpt lat="45.10935" lon="-72.6143">
        <ele>180.86</ele>
      </trkpt>
      <trkpt lat="45.10911" lon="-72.61488">
        <ele>180.61</ele>
      </trkpt>
      <trkpt lat="45.10887" lon="-72.61546">
        <ele>180.42</ele>
      </trkpt>
      <trkpt lat="45.10884" lon="-72.61551">
        <ele>180.39</ele>
      </trkpt>
      <trkpt lat="45.10844" lon="-72.61647">
        <ele>179.67</ele>
      </trkpt>
      <trkpt lat="45.10785" lon="-72.616105">
        <ele>180.57</ele>
      </trkpt>
      <trkpt lat="45.10726" lon="-72.61574">
        <ele>181.18</ele>
      </trkpt>
      <trkpt lat="45.106825" lon="-72.615495">
        <ele>181.74</ele>
      </trkpt>
      <trkpt lat="45.10639" lon="-72.61525">
        <ele>181.32</ele>
      </trkpt>
      <trkpt lat="45.10592" lon="-72.61507">
        <ele>180.68</ele>
      </trkpt>
      <trkpt lat="45.1054" lon="-72.61509">
        <ele>179.18</ele>
      </trkpt>
      <trkpt lat="45.10531" lon="-72.6151">
        <ele>179.18</ele>
      </trkpt>
      <trkpt lat="45.10517" lon="-72.61516">
        <ele>178.73</ele>
      </trkpt>
      <trkpt lat="45.10485" lon="-72.61538">
        <ele>177.74</ele>
      </trkpt>
      <trkpt lat="45.1047" lon="-72.61556">
        <ele>177.54</ele>
      </trkpt>
      <trkpt lat="45.10445" lon="-72.61592">
        <ele>176.93</ele>
      </trkpt>
      <trkpt lat="45.10444" lon="-72.61592">
        <ele>176.93</ele>
      </trkpt>
      <trkpt lat="45.104" lon="-72.61655">
        <ele>175.24</ele>
      </trkpt>
      <trkpt lat="45.1034033" lon="-72.6174567">
        <ele>173.99</ele>
      </trkpt>
      <trkpt lat="45.1028067" lon="-72.6183634">
        <ele>172.5</ele>
      </trkpt>
      <trkpt lat="45.10221" lon="-72.61927">
        <ele>170.75</ele>
      </trkpt>
      <trkpt lat="45.10185" lon="-72.61976">
        <ele>169.83</ele>
      </trkpt>
      <trkpt lat="45.10148" lon="-72.62017">
        <ele>169.36</ele>
      </trkpt>
      <trkpt lat="45.101025" lon="-72.62057">
        <ele>168.56</ele>
      </trkpt>
      <trkpt lat="45.10057" lon="-72.62097">
        <ele>168.2</ele>
      </trkpt>
      <trkpt lat="45.09999" lon="-72.62143">
        <ele>167.78</ele>
      </trkpt>
      <trkpt lat="45.0993133" lon="-72.62199">
        <ele>166.87</ele>
      </trkpt>
      <trkpt lat="45.0986367" lon="-72.62255">
        <ele>167</ele>
      </trkpt>
      <trkpt lat="45.09796" lon="-72.62311">
        <ele>167.84</ele>
      </trkpt>
      <trkpt lat="45.097335" lon="-72.623545">
        <ele>166.5</ele>
      </trkpt>
      <trkpt lat="45.09671" lon="-72.62398">
        <ele>165.17</ele>
      </trkpt>
      <trkpt lat="45.0959867" lon="-72.62444">
        <ele>163.8</ele>
      </trkpt>
      <trkpt lat="45.0952633" lon="-72.6249">
        <ele>163.04</ele>
      </trkpt>
      <trkpt lat="45.09454" lon="-72.62536">
        <ele>162.87</ele>
      </trkpt>
      <trkpt lat="45.09405" lon="-72.62559">
        <ele>162.69</ele>
      </trkpt>
      <trkpt lat="45.09373" lon="-72.62568">
        <ele>162.21</ele>
      </trkpt>
      <trkpt lat="45.093155" lon="-72.62579">
        <ele>162.26</ele>
      </trkpt>
      <trkpt lat="45.09258" lon="-72.6259">
        <ele>162.54</ele>
      </trkpt>
      <trkpt lat="45.09264" lon="-72.62589">
        <ele>162.51</ele>
      </trkpt>
      <trkpt lat="45.09209" lon="-72.626">
        <ele>162.79</ele>
      </trkpt>
      <trkpt lat="45.091405" lon="-72.626155">
        <ele>162.65</ele>
      </trkpt>
      <trkpt lat="45.09072" lon="-72.62631">
        <ele>162.6</ele>
      </trkpt>
      <trkpt lat="45.09065" lon="-72.62666">
        <ele>161.74</ele>
      </trkpt>
      <trkpt lat="45.09052" lon="-72.62759">
        <ele>160.75</ele>
      </trkpt>
      <trkpt lat="45.09039" lon="-72.62852">
        <ele>161.63</ele>
      </trkpt>
      <trkpt lat="45.09023" lon="-72.62949">
        <ele>163.5</ele>
      </trkpt>
      <trkpt lat="45.09007" lon="-72.63046">
        <ele>166.7</ele>
      </trkpt>
      <trkpt lat="45.089935" lon="-72.63134">
        <ele>168.59</ele>
      </trkpt>
      <trkpt lat="45.0898" lon="-72.63222">
        <ele>168.77</ele>
      </trkpt>
      <trkpt lat="45.089715" lon="-72.632915">
        <ele>169.14</ele>
      </trkpt>
      <trkpt lat="45.08963" lon="-72.63361">
        <ele>170.19</ele>
      </trkpt>
      <trkpt lat="45.089555" lon="-72.634345">
        <ele>172.44</ele>
      </trkpt>
      <trkpt lat="45.08948" lon="-72.63508">
        <ele>176</ele>
      </trkpt>
      <trkpt lat="45.089415" lon="-72.636085">
        <ele>179.76</ele>
      </trkpt>
      <trkpt lat="45.08935" lon="-72.63709">
        <ele>180.92</ele>
      </trkpt>
      <trkpt lat="45.089335" lon="-72.63803">
        <ele>181.06</ele>
      </trkpt>
      <trkpt lat="45.08932" lon="-72.63897">
        <ele>178.91</ele>
      </trkpt>
      <trkpt lat="45.08927" lon="-72.64023">
        <ele>181.11</ele>
      </trkpt>
      <trkpt lat="45.08959" lon="-72.64022">
        <ele>181.96</ele>
      </trkpt>
      <trkpt lat="45.090405" lon="-72.64002">
        <ele>185.2</ele>
      </trkpt>
      <trkpt lat="45.09122" lon="-72.63982">
        <ele>193.4</ele>
      </trkpt>
      <trkpt lat="45.092035" lon="-72.63962">
        <ele>201.37</ele>
      </trkpt>
      <trkpt lat="45.09285" lon="-72.63942">
        <ele>206.65</ele>
      </trkpt>
      <trkpt lat="45.09338" lon="-72.63929">
        <ele>210.37</ele>
      </trkpt>
      <trkpt lat="45.09391" lon="-72.63916">
        <ele>215.09</ele>
      </trkpt>
      <trkpt lat="45.09406" lon="-72.63915">
        <ele>216.89</ele>
      </trkpt>
      <trkpt lat="45.09444" lon="-72.63919">
        <ele>218.5</ele>
      </trkpt>
      <trkpt lat="45.0952133" lon="-72.6393267">
        <ele>225.22</ele>
      </trkpt>
      <trkpt lat="45.0959867" lon="-72.6394633">
        <ele>230.69</ele>
      </trkpt>
      <trkpt lat="45.09676" lon="-72.6396">
        <ele>231.99</ele>
      </trkpt>
      <trkpt lat="45.09744" lon="-72.639735">
        <ele>232.33</ele>
      </trkpt>
      <trkpt lat="45.09812" lon="-72.63987">
        <ele>234</ele>
      </trkpt>
      <trkpt lat="45.09846" lon="-72.63995">
        <ele>233.16</ele>
      </trkpt>
      <trkpt lat="45.0989" lon="-72.63999">
        <ele>229.8</ele>
      </trkpt>
      <trkpt lat="45.09931" lon="-72.64004">
        <ele>228.54</ele>
      </trkpt>
      <trkpt lat="45.09998" lon="-72.64017">
        <ele>229.93</ele>
      </trkpt>
      <trkpt lat="45.10065" lon="-72.6403">
        <ele>234.8</ele>
      </trkpt>
      <trkpt lat="45.101175" lon="-72.640375">
        <ele>236.04</ele>
      </trkpt>
      <trkpt lat="45.1017" lon="-72.64045">
        <ele>237.84</ele>
      </trkpt>
      <trkpt lat="45.102" lon="-72.64052">
        <ele>238.2</ele>
      </trkpt>
      <trkpt lat="45.102" lon="-72.64052">
        <ele>238.2</ele>
      </trkpt>
      <trkpt lat="45.1023" lon="-72.64058">
        <ele>238.95</ele>
      </trkpt>
      <trkpt lat="45.10266" lon="-72.64063">
        <ele>239.93</ele>
      </trkpt>
      <trkpt lat="45.103" lon="-72.64071">
        <ele>240.84</ele>
      </trkpt>
      <trkpt lat="45.1034" lon="-72.64076">
        <ele>239.67</ele>
      </trkpt>
      <trkpt lat="45.10403" lon="-72.64091">
        <ele>238.52</ele>
      </trkpt>
      <trkpt lat="45.10466" lon="-72.64106">
        <ele>234.06</ele>
      </trkpt>
      <trkpt lat="45.10529" lon="-72.64121">
        <ele>226.96</ele>
      </trkpt>
      <trkpt lat="45.10591" lon="-72.6413">
        <ele>222.44</ele>
      </trkpt>
      <trkpt lat="45.10656" lon="-72.64141">
        <ele>222.67</ele>
      </trkpt>
      <trkpt lat="45.10721" lon="-72.64152">
        <ele>223.85</ele>
      </trkpt>
      <trkpt lat="45.10737" lon="-72.64152">
        <ele>222.9</ele>
      </trkpt>
      <trkpt lat="45.1081788" lon="-72.6414275">
        <ele>217.69</ele>
      </trkpt>
      <trkpt lat="45.1089875" lon="-72.641335">
        <ele>216.43</ele>
      </trkpt>
      <trkpt lat="45.1097963" lon="-72.6412425">
        <ele>216.22</ele>
      </trkpt>
      <trkpt lat="45.110605" lon="-72.64115">
        <ele>215.45</ele>
      </trkpt>
      <trkpt lat="45.1114138" lon="-72.6410575">
        <ele>213.74</ele>
      </trkpt>
      <trkpt lat="45.1122225" lon="-72.640965">
        <ele>213.69</ele>
      </trkpt>
      <trkpt lat="45.1130313" lon="-72.6408725">
        <ele>215.74</ele>
      </trkpt>
      <trkpt lat="45.11384" lon="-72.64078">
        <ele>221.29</ele>
      </trkpt>
      <trkpt lat="45.11368" lon="-72.64165">
        <ele>217.11</ele>
      </trkpt>
      <trkpt lat="45.1136" lon="-72.64216">
        <ele>216.44</ele>
      </trkpt>
      <trkpt lat="45.11359" lon="-72.64272">
        <ele>216.48</ele>
      </trkpt>
      <trkpt lat="45.11363" lon="-72.643965">
        <ele>220.98</ele>
      </trkpt>
      <trkpt lat="45.11367" lon="-72.64521">
        <ele>226.26</ele>
      </trkpt>
      <trkpt lat="45.11371" lon="-72.646455">
        <ele>225.98</ele>
      </trkpt>
      <trkpt lat="45.11375" lon="-72.6477">
        <ele>224.92</ele>
      </trkpt>
      <trkpt lat="45.11375" lon="-72.64846">
        <ele>225.11</ele>
      </trkpt>
      <trkpt lat="45.11369" lon="-72.64904">
        <ele>225.82</ele>
      </trkpt>
      <trkpt lat="45.11354" lon="-72.650005">
        <ele>226.75</ele>
      </trkpt>
      <trkpt lat="45.11339" lon="-72.65097">
        <ele>231.62</ele>
      </trkpt>
      <trkpt lat="45.113295" lon="-72.651685">
        <ele>234.79</ele>
      </trkpt>
      <trkpt lat="45.1132" lon="-72.6524">
        <ele>237.62</ele>
      </trkpt>
      <trkpt lat="45.1132" lon="-72.65281">
        <ele>238.52</ele>
      </trkpt>
      <trkpt lat="45.11326" lon="-72.65321">
        <ele>240.58</ele>
      </trkpt>
      <trkpt lat="45.11331" lon="-72.65339">
        <ele>240.98</ele>
      </trkpt>
      <trkpt lat="45.11354" lon="-72.65397">
        <ele>242.34</ele>
      </trkpt>
      <trkpt lat="45.11378" lon="-72.65437">
        <ele>243.68</ele>
      </trkpt>
      <trkpt lat="45.11398" lon="-72.65459">
        <ele>244.49</ele>
      </trkpt>
      <trkpt lat="45.114545" lon="-72.655105">
        <ele>248.05</ele>
      </trkpt>
      <trkpt lat="45.11511" lon="-72.65562">
        <ele>253.04</ele>
      </trkpt>
      <trkpt lat="45.11565" lon="-72.65616">
        <ele>253.83</ele>
      </trkpt>
      <trkpt lat="45.11596" lon="-72.65664">
        <ele>252.39</ele>
      </trkpt>
      <trkpt lat="45.11599" lon="-72.65688">
        <ele>251.07</ele>
      </trkpt>
      <trkpt lat="45.116" lon="-72.6579">
        <ele>249.73</ele>
      </trkpt>
      <trkpt lat="45.11598" lon="-72.65845">
        <ele>249.87</ele>
      </trkpt>
      <trkpt lat="45.11599" lon="-72.65884">
        <ele>250.26</ele>
      </trkpt>
      <trkpt lat="45.11608" lon="-72.65944">
        <ele>250.55</ele>
      </trkpt>
      <trkpt lat="45.11634" lon="-72.66014">
        <ele>251.32</ele>
      </trkpt>
      <trkpt lat="45.11686" lon="-72.66117">
        <ele>244.88</ele>
      </trkpt>
      <trkpt lat="45.117305" lon="-72.66198">
        <ele>242.33</ele>
      </trkpt>
      <trkpt lat="45.11775" lon="-72.66279">
        <ele>239.61</ele>
      </trkpt>
      <trkpt lat="45.11809" lon="-72.66333">
        <ele>238.07</ele>
      </trkpt>
      <trkpt lat="45.1184" lon="-72.66364">
        <ele>236.99</ele>
      </trkpt>
      <trkpt lat="45.11857" lon="-72.66391">
        <ele>235.91</ele>
      </trkpt>
      <trkpt lat="45.11897" lon="-72.66471">
        <ele>229.58</ele>
      </trkpt>
      <trkpt lat="45.11911" lon="-72.66516">
        <ele>227.12</ele>
      </trkpt>
      <trkpt lat="45.11921" lon="-72.66575">
        <ele>226.14</ele>
      </trkpt>
      <trkpt lat="45.11936" lon="-72.66694">
        <ele>229.19</ele>
      </trkpt>
      <trkpt lat="45.11941" lon="-72.66753">
        <ele>234.12</ele>
      </trkpt>
      <trkpt lat="45.1194" lon="-72.66806">
        <ele>237.19</ele>
      </trkpt>
      <trkpt lat="45.11926" lon="-72.66928">
        <ele>240.99</ele>
      </trkpt>
      <trkpt lat="45.11926" lon="-72.66941">
        <ele>240.44</ele>
      </trkpt>
      <trkpt lat="45.1193" lon="-72.66968">
        <ele>238.89</ele>
      </trkpt>
      <trkpt lat="45.11939" lon="-72.67">
        <ele>236.7</ele>
      </trkpt>
      <trkpt lat="45.11948" lon="-72.67022">
        <ele>235.88</ele>
      </trkpt>
      <trkpt lat="45.11992" lon="-72.67103">
        <ele>229.26</ele>
      </trkpt>
      <trkpt lat="45.120235" lon="-72.67166">
        <ele>226.49</ele>
      </trkpt>
      <trkpt lat="45.12055" lon="-72.67229">
        <ele>225.07</ele>
      </trkpt>
      <trkpt lat="45.12072" lon="-72.67259">
        <ele>223.85</ele>
      </trkpt>
      <trkpt lat="45.1212" lon="-72.67327">
        <ele>219.92</ele>
      </trkpt>
      <trkpt lat="45.12148" lon="-72.67371">
        <ele>216.8</ele>
      </trkpt>
      <trkpt lat="45.1217" lon="-72.67411">
        <ele>212.57</ele>
      </trkpt>
      <trkpt lat="45.122275" lon="-72.67474">
        <ele>208.72</ele>
      </trkpt>
      <trkpt lat="45.12285" lon="-72.67537">
        <ele>208.11</ele>
      </trkpt>
      <trkpt lat="45.123405" lon="-72.67592">
        <ele>209.05</ele>
      </trkpt>
      <trkpt lat="45.12396" lon="-72.67647">
        <ele>208.11</ele>
      </trkpt>
      <trkpt lat="45.12451" lon="-72.67706">
        <ele>203.87</ele>
      </trkpt>
      <trkpt lat="45.12518" lon="-72.67783">
        <ele>196.61</ele>
      </trkpt>
      <trkpt lat="45.12574" lon="-72.67843">
        <ele>195.12</ele>
      </trkpt>
      <trkpt lat="45.1263" lon="-72.67903">
        <ele>196.03</ele>
      </trkpt>
      <trkpt lat="45.12644" lon="-72.67918">
        <ele>196.7</ele>
      </trkpt>
      <trkpt lat="45.12689" lon="-72.67994">
        <ele>200.21</ele>
      </trkpt>
      <trkpt lat="45.1274233" lon="-72.6809533">
        <ele>205.14</ele>
      </trkpt>
      <trkpt lat="45.1279567" lon="-72.6819666">
        <ele>211.68</ele>
      </trkpt>
      <trkpt lat="45.12849" lon="-72.68298">
        <ele>220.06</ele>
      </trkpt>
      <trkpt lat="45.12862" lon="-72.68334">
        <ele>221.29</ele>
      </trkpt>
      <trkpt lat="45.12866" lon="-72.68353">
        <ele>220.87</ele>
      </trkpt>
      <trkpt lat="45.12866" lon="-72.68405">
        <ele>216.67</ele>
      </trkpt>
      <trkpt lat="45.12873" lon="-72.68509">
        <ele>212.68</ele>
      </trkpt>
      <trkpt lat="45.128855" lon="-72.686275">
        <ele>211.83</ele>
      </trkpt>
      <trkpt lat="45.12898" lon="-72.68746">
        <ele>209.55</ele>
      </trkpt>
      <trkpt lat="45.12913" lon="-72.68822">
        <ele>209.21</ele>
      </trkpt>
      <trkpt lat="45.1292" lon="-72.6884">
        <ele>209.39</ele>
      </trkpt>
      <trkpt lat="45.12935" lon="-72.68867">
        <ele>210.07</ele>
      </trkpt>
      <trkpt lat="45.12981" lon="-72.68929">
        <ele>214.18</ele>
      </trkpt>
      <trkpt lat="45.12994" lon="-72.68939">
        <ele>215.23</ele>
      </trkpt>
      <trkpt lat="45.13016" lon="-72.68952">
        <ele>217.19</ele>
      </trkpt>
      <trkpt lat="45.13048" lon="-72.68961">
        <ele>218.04</ele>
      </trkpt>
      <trkpt lat="45.131255" lon="-72.68963">
        <ele>228.23</ele>
      </trkpt>
      <trkpt lat="45.13203" lon="-72.68965">
        <ele>231.15</ele>
      </trkpt>
      <trkpt lat="45.132605" lon="-72.68954">
        <ele>228.43</ele>
      </trkpt>
      <trkpt lat="45.13318" lon="-72.68943">
        <ele>226.03</ele>
      </trkpt>
      <trkpt lat="45.13377" lon="-72.68938">
        <ele>223.71</ele>
      </trkpt>
      <trkpt lat="45.13392" lon="-72.68938">
        <ele>223.02</ele>
      </trkpt>
      <trkpt lat="45.13406" lon="-72.68943">
        <ele>221.52</ele>
      </trkpt>
      <trkpt lat="45.13444" lon="-72.6897">
        <ele>218.5</ele>
      </trkpt>
      <trkpt lat="45.134975" lon="-72.69017">
        <ele>216.32</ele>
      </trkpt>
      <trkpt lat="45.13551" lon="-72.69064">
        <ele>215.47</ele>
      </trkpt>
      <trkpt lat="45.1361533" lon="-72.6910567">
        <ele>208.48</ele>
      </trkpt>
      <trkpt lat="45.1367967" lon="-72.6914733">
        <ele>202.2</ele>
      </trkpt>
      <trkpt lat="45.13744" lon="-72.69189">
        <ele>193.84</ele>
      </trkpt>
      <trkpt lat="45.13765" lon="-72.69199">
        <ele>191.71</ele>
      </trkpt>
      <trkpt lat="45.13794" lon="-72.69208">
        <ele>191.22</ele>
      </trkpt>
      <trkpt lat="45.13815" lon="-72.69211">
        <ele>192.34</ele>
      </trkpt>
      <trkpt lat="45.13886" lon="-72.69204">
        <ele>199.65</ele>
      </trkpt>
      <trkpt lat="45.13852" lon="-72.69284">
        <ele>194.49</ele>
      </trkpt>
      <trkpt lat="45.138275" lon="-72.693475">
        <ele>190.81</ele>
      </trkpt>
      <trkpt lat="45.13803" lon="-72.69411">
        <ele>188.98</ele>
      </trkpt>
      <trkpt lat="45.13802" lon="-72.69413">
        <ele>188.92</ele>
      </trkpt>
      <trkpt lat="45.1376633" lon="-72.69504">
        <ele>187.27</ele>
      </trkpt>
      <trkpt lat="45.1373067" lon="-72.69595">
        <ele>185.59</ele>
      </trkpt>
      <trkpt lat="45.13695" lon="-72.69686">
        <ele>185.74</ele>
      </trkpt>
      <trkpt lat="45.13655" lon="-72.69758">
        <ele>188.25</ele>
      </trkpt>
      <trkpt lat="45.1362" lon="-72.69816">
        <ele>189.11</ele>
      </trkpt>
      <trkpt lat="45.13585" lon="-72.69874">
        <ele>190.39</ele>
      </trkpt>
      <trkpt lat="45.13575" lon="-72.69896">
        <ele>190.76</ele>
      </trkpt>
      <trkpt lat="45.135445" lon="-72.699765">
        <ele>192.68</ele>
      </trkpt>
      <trkpt lat="45.13514" lon="-72.70057">
        <ele>193.41</ele>
      </trkpt>
      <trkpt lat="45.1349" lon="-72.70129">
        <ele>193.29</ele>
      </trkpt>
      <trkpt lat="45.13483" lon="-72.70157">
        <ele>193.26</ele>
      </trkpt>
      <trkpt lat="45.134665" lon="-72.70257">
        <ele>192.76</ele>
      </trkpt>
      <trkpt lat="45.1345" lon="-72.70357">
        <ele>193.49</ele>
      </trkpt>
      <trkpt lat="45.13435" lon="-72.70478">
        <ele>199.28</ele>
      </trkpt>
      <trkpt lat="45.1342" lon="-72.70599">
        <ele>204.29</ele>
      </trkpt>
      <trkpt lat="45.13414" lon="-72.7069">
        <ele>209.19</ele>
      </trkpt>
      <trkpt lat="45.13408" lon="-72.70781">
        <ele>212.51</ele>
      </trkpt>
      <trkpt lat="45.13402" lon="-72.70872">
        <ele>214.96</ele>
      </trkpt>
      <trkpt lat="45.13388" lon="-72.70971">
        <ele>217.59</ele>
      </trkpt>
      <trkpt lat="45.13374" lon="-72.71043">
        <ele>219.56</ele>
      </trkpt>
      <trkpt lat="45.133435" lon="-72.7113325">
        <ele>221.08</ele>
      </trkpt>
      <trkpt lat="45.13313" lon="-72.712235">
        <ele>222.12</ele>
      </trkpt>
      <trkpt lat="45.132825" lon="-72.7131375">
        <ele>222.36</ele>
      </trkpt>
      <trkpt lat="45.13252" lon="-72.71404">
        <ele>225.61</ele>
      </trkpt>
      <trkpt lat="45.13222" lon="-72.71499">
        <ele>229.91</ele>
      </trkpt>
      <trkpt lat="45.131965" lon="-72.71575">
        <ele>232.78</ele>
      </trkpt>
      <trkpt lat="45.13171" lon="-72.71651">
        <ele>236.26</ele>
      </trkpt>
      <trkpt lat="45.13153" lon="-72.71692">
        <ele>237.57</ele>
      </trkpt>
      <trkpt lat="45.13111" lon="-72.7178">
        <ele>238.49</ele>
      </trkpt>
      <trkpt lat="45.13069" lon="-72.7186433">
        <ele>237.95</ele>
      </trkpt>
      <trkpt lat="45.13027" lon="-72.7194867">
        <ele>238.58</ele>
      </trkpt>
      <trkpt lat="45.12985" lon="-72.72033">
        <ele>239.46</ele>
      </trkpt>
      <trkpt lat="45.1294125" lon="-72.72112">
        <ele>238.4</ele>
      </trkpt>
      <trkpt lat="45.128975" lon="-72.72191">
        <ele>237.19</ele>
      </trkpt>
      <trkpt lat="45.1285375" lon="-72.7227">
        <ele>237.43</ele>
      </trkpt>
      <trkpt lat="45.1281" lon="-72.72349">
        <ele>237.2</ele>
      </trkpt>
      <trkpt lat="45.12781" lon="-72.72394">
        <ele>236.57</ele>
      </trkpt>
      <trkpt lat="45.12735" lon="-72.72482">
        <ele>233.64</ele>
      </trkpt>
      <trkpt lat="45.12689" lon="-72.7257">
        <ele>230.8</ele>
      </trkpt>
      <trkpt lat="45.12644" lon="-72.72666">
        <ele>226.07</ele>
      </trkpt>
      <trkpt lat="45.12599" lon="-72.72762">
        <ele>222.59</ele>
      </trkpt>
      <trkpt lat="45.12655" lon="-72.727595">
        <ele>225.05</ele>
      </trkpt>
      <trkpt lat="45.12711" lon="-72.72757">
        <ele>227.83</ele>
      </trkpt>
      <trkpt lat="45.1279963" lon="-72.7275125">
        <ele>230.15</ele>
      </trkpt>
      <trkpt lat="45.1288825" lon="-72.727455">
        <ele>232.12</ele>
      </trkpt>
      <trkpt lat="45.1297688" lon="-72.7273975">
        <ele>232.3</ele>
      </trkpt>
      <trkpt lat="45.130655" lon="-72.72734">
        <ele>230.51</ele>
      </trkpt>
      <trkpt lat="45.1315413" lon="-72.7272825">
        <ele>229.22</ele>
      </trkpt>
      <trkpt lat="45.1324275" lon="-72.727225">
        <ele>228.14</ele>
      </trkpt>
      <trkpt lat="45.1333138" lon="-72.7271675">
        <ele>223.12</ele>
      </trkpt>
      <trkpt lat="45.1342" lon="-72.72711">
        <ele>216.86</ele>
      </trkpt>
      <trkpt lat="45.13411" lon="-72.72711">
        <ele>217.56</ele>
      </trkpt>
      <trkpt lat="45.134955" lon="-72.7270675">
        <ele>209.95</ele>
      </trkpt>
      <trkpt lat="45.1358" lon="-72.727025">
        <ele>208.19</ele>
      </trkpt>
      <trkpt lat="45.136645" lon="-72.7269825">
        <ele>206.66</ele>
      </trkpt>
      <trkpt lat="45.13749" lon="-72.72694">
        <ele>203.81</ele>
      </trkpt>
      <trkpt lat="45.138335" lon="-72.7268975">
        <ele>205.38</ele>
      </trkpt>
      <trkpt lat="45.13918" lon="-72.726855">
        <ele>208.22</ele>
      </trkpt>
      <trkpt lat="45.140025" lon="-72.7268125">
        <ele>209</ele>
      </trkpt>
      <trkpt lat="45.14087" lon="-72.72677">
        <ele>214.57</ele>
      </trkpt>
      <trkpt lat="45.14175" lon="-72.726695">
        <ele>219.17</ele>
      </trkpt>
      <trkpt lat="45.14263" lon="-72.72662">
        <ele>223.58</ele>
      </trkpt>
      <trkpt lat="45.14279" lon="-72.72654">
        <ele>225.27</ele>
      </trkpt>
      <trkpt lat="45.14301" lon="-72.72636">
        <ele>225.97</ele>
      </trkpt>
      <trkpt lat="45.1435043" lon="-72.7254443">
        <ele>228.63</ele>
      </trkpt>
      <trkpt lat="45.1439986" lon="-72.7245287">
        <ele>232.56</ele>
      </trkpt>
      <trkpt lat="45.1444929" lon="-72.723613">
        <ele>233.87</ele>
      </trkpt>
      <trkpt lat="45.1449872" lon="-72.7226972">
        <ele>233.69</ele>
      </trkpt>
      <trkpt lat="45.1454815" lon="-72.7217815">
        <ele>232.41</ele>
      </trkpt>
      <trkpt lat="45.1459757" lon="-72.7208658">
        <ele>232.36</ele>
      </trkpt>
      <trkpt lat="45.14647" lon="-72.71995">
        <ele>231.79</ele>
      </trkpt>
      <trkpt lat="45.14697" lon="-72.71895">
        <ele>228.83</ele>
      </trkpt>
      <trkpt lat="45.14747" lon="-72.71795">
        <ele>227.42</ele>
      </trkpt>
      <trkpt lat="45.14756" lon="-72.7189133">
        <ele>224.77</ele>
      </trkpt>
      <trkpt lat="45.14765" lon="-72.7198767">
        <ele>223.21</ele>
      </trkpt>
      <trkpt lat="45.14774" lon="-72.72084">
        <ele>223.12</ele>
      </trkpt>
      <trkpt lat="45.14774" lon="-72.72084">
        <ele>223.12</ele>
      </trkpt>
      <trkpt lat="45.1478525" lon="-72.7220325">
        <ele>224.41</ele>
      </trkpt>
      <trkpt lat="45.147965" lon="-72.723225">
        <ele>227.34</ele>
      </trkpt>
      <trkpt lat="45.1480775" lon="-72.7244175">
        <ele>232.9</ele>
      </trkpt>
      <trkpt lat="45.14819" lon="-72.72561">
        <ele>233.79</ele>
      </trkpt>
      <trkpt lat="45.14828" lon="-72.72631">
        <ele>231</ele>
      </trkpt>
      <trkpt lat="45.1491767" lon="-72.7262567">
        <ele>222.42</ele>
      </trkpt>
      <trkpt lat="45.1500733" lon="-72.7262033">
        <ele>214.93</ele>
      </trkpt>
      <trkpt lat="45.15097" lon="-72.72615">
        <ele>205.29</ele>
      </trkpt>
      <trkpt lat="45.1518667" lon="-72.7260967">
        <ele>197.48</ele>
      </trkpt>
      <trkpt lat="45.1527633" lon="-72.7260433">
        <ele>193.4</ele>
      </trkpt>
      <trkpt lat="45.15366" lon="-72.72599">
        <ele>193.26</ele>
      </trkpt>
      <trkpt lat="45.15374" lon="-72.72599">
        <ele>193.29</ele>
      </trkpt>
      <trkpt lat="45.1546025" lon="-72.72594">
        <ele>194.11</ele>
      </trkpt>
      <trkpt lat="45.155465" lon="-72.72589">
        <ele>194.26</ele>
      </trkpt>
      <trkpt lat="45.1563275" lon="-72.72584">
        <ele>193.47</ele>
      </trkpt>
      <trkpt lat="45.15719" lon="-72.72579">
        <ele>192.73</ele>
      </trkpt>
      <trkpt lat="45.158015" lon="-72.72576">
        <ele>192.83</ele>
      </trkpt>
      <trkpt lat="45.15884" lon="-72.72573">
        <ele>191.9</ele>
      </trkpt>
      <trkpt lat="45.1595933" lon="-72.7256783">
        <ele>192.83</ele>
      </trkpt>
      <trkpt lat="45.1603467" lon="-72.7256267">
        <ele>194.68</ele>
      </trkpt>
      <trkpt lat="45.1611" lon="-72.725575">
        <ele>198.93</ele>
      </trkpt>
      <trkpt lat="45.1618533" lon="-72.7255233">
        <ele>201.94</ele>
      </trkpt>
      <trkpt lat="45.1626067" lon="-72.7254717">
        <ele>203.36</ele>
      </trkpt>
      <trkpt lat="45.16336" lon="-72.72542">
        <ele>205.04</ele>
      </trkpt>
      <trkpt lat="45.1641867" lon="-72.72539">
        <ele>205</ele>
      </trkpt>
      <trkpt lat="45.1650133" lon="-72.72536">
        <ele>202.9</ele>
      </trkpt>
      <trkpt lat="45.16584" lon="-72.72533">
        <ele>197.23</ele>
      </trkpt>
      <trkpt lat="45.16657" lon="-72.72526">
        <ele>188.06</ele>
      </trkpt>
      <trkpt lat="45.1673" lon="-72.72519">
        <ele>182.85</ele>
      </trkpt>
      <trkpt lat="45.16751" lon="-72.72511">
        <ele>181.58</ele>
      </trkpt>
      <trkpt lat="45.16787" lon="-72.72485">
        <ele>179.75</ele>
      </trkpt>
      <trkpt lat="45.16816" lon="-72.72449">
        <ele>178.59</ele>
      </trkpt>
      <trkpt lat="45.16879" lon="-72.723585">
        <ele>179.48</ele>
      </trkpt>
      <trkpt lat="45.16942" lon="-72.72268">
        <ele>178.64</ele>
      </trkpt>
      <trkpt lat="45.16986" lon="-72.72211">
        <ele>178.09</ele>
      </trkpt>
      <trkpt lat="45.1703" lon="-72.72154">
        <ele>181.43</ele>
      </trkpt>
      <trkpt lat="45.1706" lon="-72.72127">
        <ele>184.45</ele>
      </trkpt>
      <trkpt lat="45.17102" lon="-72.72072">
        <ele>188.63</ele>
      </trkpt>
      <trkpt lat="45.17144" lon="-72.72024">
        <ele>192.08</ele>
      </trkpt>
      <trkpt lat="45.17202" lon="-72.71966">
        <ele>194.51</ele>
      </trkpt>
      <trkpt lat="45.17221" lon="-72.71952">
        <ele>194.86</ele>
      </trkpt>
      <trkpt lat="45.17243" lon="-72.7193">
        <ele>195.61</ele>
      </trkpt>
      <trkpt lat="45.17307" lon="-72.718535">
        <ele>200.53</ele>
      </trkpt>
      <trkpt lat="45.17371" lon="-72.71777">
        <ele>203.26</ele>
      </trkpt>
      <trkpt lat="45.174055" lon="-72.717315">
        <ele>200.22</ele>
      </trkpt>
      <trkpt lat="45.1744" lon="-72.71686">
        <ele>192.81</ele>
      </trkpt>
      <trkpt lat="45.1748333" lon="-72.7162533">
        <ele>186.1</ele>
      </trkpt>
      <trkpt lat="45.1752667" lon="-72.7156467">
        <ele>184.35</ele>
      </trkpt>
      <trkpt lat="45.1757" lon="-72.71504">
        <ele>190.14</ele>
      </trkpt>
      <trkpt lat="45.17611" lon="-72.71454">
        <ele>198.61</ele>
      </trkpt>
      <trkpt lat="45.17652" lon="-72.7141">
        <ele>207.46</ele>
      </trkpt>
      <trkpt lat="45.17668" lon="-72.71396">
        <ele>209.18</ele>
      </trkpt>
      <trkpt lat="45.1773167" lon="-72.7134833">
        <ele>217.5</ele>
      </trkpt>
      <trkpt lat="45.1779533" lon="-72.7130067">
        <ele>224.36</ele>
      </trkpt>
      <trkpt lat="45.17859" lon="-72.71253">
        <ele>228.42</ele>
      </trkpt>
      <trkpt lat="45.17915" lon="-72.71218">
        <ele>230.17</ele>
      </trkpt>
      <trkpt lat="45.17974" lon="-72.71192">
        <ele>232.17</ele>
      </trkpt>
      <trkpt lat="45.18033" lon="-72.71166">
        <ele>233.34</ele>
      </trkpt>
      <trkpt lat="45.18092" lon="-72.71141">
        <ele>233.02</ele>
      </trkpt>
      <trkpt lat="45.18164" lon="-72.71118">
        <ele>233.34</ele>
      </trkpt>
      <trkpt lat="45.18198" lon="-72.71114">
        <ele>234.91</ele>
      </trkpt>
      <trkpt lat="45.1824" lon="-72.71119">
        <ele>237.09</ele>
      </trkpt>
      <trkpt lat="45.1831" lon="-72.71142">
        <ele>236.44</ele>
      </trkpt>
      <trkpt lat="45.18375" lon="-72.71159">
        <ele>235.05</ele>
      </trkpt>
      <trkpt lat="45.18426" lon="-72.71168">
        <ele>233.47</ele>
      </trkpt>
      <trkpt lat="45.1851" lon="-72.7117">
        <ele>228.9</ele>
      </trkpt>
      <trkpt lat="45.18594" lon="-72.71172">
        <ele>221.84</ele>
      </trkpt>
      <trkpt lat="45.18654" lon="-72.71167">
        <ele>212.45</ele>
      </trkpt>
      <trkpt lat="45.18709" lon="-72.71155">
        <ele>205.31</ele>
      </trkpt>
      <trkpt lat="45.18714" lon="-72.71154">
        <ele>204.77</ele>
      </trkpt>
      <trkpt lat="45.187685" lon="-72.71143">
        <ele>197.62</ele>
      </trkpt>
      <trkpt lat="45.18823" lon="-72.71132">
        <ele>196.01</ele>
      </trkpt>
      <trkpt lat="45.18865" lon="-72.71119">
        <ele>198.09</ele>
      </trkpt>
      <trkpt lat="45.189425" lon="-72.710875">
        <ele>202.64</ele>
      </trkpt>
      <trkpt lat="45.1902" lon="-72.71056">
        <ele>209.57</ele>
      </trkpt>
      <trkpt lat="45.19047" lon="-72.71038">
        <ele>211.71</ele>
      </trkpt>
      <trkpt lat="45.191045" lon="-72.7098">
        <ele>213.18</ele>
      </trkpt>
      <trkpt lat="45.19162" lon="-72.70922">
        <ele>213.25</ele>
      </trkpt>
      <trkpt lat="45.19193" lon="-72.70898">
        <ele>213.69</ele>
      </trkpt>
      <trkpt lat="45.19223" lon="-72.70877">
        <ele>212.38</ele>
      </trkpt>
      <trkpt lat="45.19272" lon="-72.70852">
        <ele>209.7</ele>
      </trkpt>
      <trkpt lat="45.19321" lon="-72.70827">
        <ele>204.85</ele>
      </trkpt>
      <trkpt lat="45.19347" lon="-72.70806">
        <ele>202.42</ele>
      </trkpt>
      <trkpt lat="45.19379" lon="-72.70774">
        <ele>198.9</ele>
      </trkpt>
      <trkpt lat="45.19428" lon="-72.70704">
        <ele>189.41</ele>
      </trkpt>
      <trkpt lat="45.19466" lon="-72.70657">
        <ele>183.47</ele>
      </trkpt>
      <trkpt lat="45.19506" lon="-72.70599">
        <ele>177.98</ele>
      </trkpt>
      <trkpt lat="45.19535" lon="-72.70545">
        <ele>170.28</ele>
      </trkpt>
      <trkpt lat="45.195605" lon="-72.7049">
        <ele>162.64</ele>
      </trkpt>
      <trkpt lat="45.19586" lon="-72.70435">
        <ele>156.92</ele>
      </trkpt>
      <trkpt lat="45.19511" lon="-72.70384">
        <ele>156.4</ele>
      </trkpt>
      <trkpt lat="45.1946" lon="-72.70345">
        <ele>155.07</ele>
      </trkpt>
      <trkpt lat="45.19431" lon="-72.70327">
        <ele>154</ele>
      </trkpt>
      <trkpt lat="45.193625" lon="-72.702995">
        <ele>151.64</ele>
      </trkpt>
      <trkpt lat="45.19294" lon="-72.70272">
        <ele>151.64</ele>
      </trkpt>
      <trkpt lat="45.19264" lon="-72.70251">
        <ele>152.36</ele>
      </trkpt>
      <trkpt lat="45.19204" lon="-72.70195">
        <ele>152.04</ele>
      </trkpt>
      <trkpt lat="45.19204" lon="-72.70195">
        <ele>152.04</ele>
      </trkpt>
      <trkpt lat="45.19174" lon="-72.7016">
        <ele>150.54</ele>
      </trkpt>
      <trkpt lat="45.19114" lon="-72.70081">
        <ele>149.29</ele>
      </trkpt>
      <trkpt lat="45.19089" lon="-72.70044">
        <ele>149.26</ele>
      </trkpt>
      <trkpt lat="45.19046" lon="-72.69985">
        <ele>148.14</ele>
      </trkpt>
      <trkpt lat="45.19011" lon="-72.69943">
        <ele>146.04</ele>
      </trkpt>
      <trkpt lat="45.18976" lon="-72.69901">
        <ele>145.17</ele>
      </trkpt>
      <trkpt lat="45.18982" lon="-72.69829">
        <ele>140.21</ele>
      </trkpt>
      <trkpt lat="45.18992" lon="-72.69745">
        <ele>133.84</ele>
      </trkpt>
      <trkpt lat="45.19" lon="-72.69713">
        <ele>132.58</ele>
      </trkpt>
      <trkpt lat="45.19036" lon="-72.69642">
        <ele>127.73</ele>
      </trkpt>
      <trkpt lat="45.190825" lon="-72.69534">
        <ele>122.73</ele>
      </trkpt>
      <trkpt lat="45.19129" lon="-72.69426">
        <ele>124.63</ele>
      </trkpt>
      <trkpt lat="45.19137" lon="-72.69395">
        <ele>126.24</ele>
      </trkpt>
      <trkpt lat="45.19142" lon="-72.69297">
        <ele>131.62</ele>
      </trkpt>
      <trkpt lat="45.19141" lon="-72.69189">
        <ele>134.46</ele>
      </trkpt>
      <trkpt lat="45.1913133" lon="-72.6909833">
        <ele>136.22</ele>
      </trkpt>
      <trkpt lat="45.1912167" lon="-72.6900767">
        <ele>139.24</ele>
      </trkpt>
      <trkpt lat="45.19112" lon="-72.68917">
        <ele>145.68</ele>
      </trkpt>
      <trkpt lat="45.19105" lon="-72.68879">
        <ele>147.04</ele>
      </trkpt>
      <trkpt lat="45.19097" lon="-72.68849">
        <ele>148.64</ele>
      </trkpt>
      <trkpt lat="45.1908" lon="-72.68804">
        <ele>150.79</ele>
      </trkpt>
      <trkpt lat="45.19075" lon="-72.68778">
        <ele>151.74</ele>
      </trkpt>
      <trkpt lat="45.19072" lon="-72.6872">
        <ele>155.21</ele>
      </trkpt>
      <trkpt lat="45.190665" lon="-72.686555">
        <ele>157.53</ele>
      </trkpt>
      <trkpt lat="45.19061" lon="-72.68591">
        <ele>158.21</ele>
      </trkpt>
      <trkpt lat="45.1905033" lon="-72.6847233">
        <ele>156.75</ele>
      </trkpt>
      <trkpt lat="45.1903967" lon="-72.6835367">
        <ele>153.95</ele>
      </trkpt>
      <trkpt lat="45.19029" lon="-72.68235">
        <ele>149.17</ele>
      </trkpt>
      <trkpt lat="45.19029" lon="-72.68231">
        <ele>149.06</ele>
      </trkpt>
      <trkpt lat="45.190196" lon="-72.68127">
        <ele>144.01</ele>
      </trkpt>
      <trkpt lat="45.190102" lon="-72.68023">
        <ele>141.31</ele>
      </trkpt>
      <trkpt lat="45.190008" lon="-72.67919">
        <ele>142.17</ele>
      </trkpt>
      <trkpt lat="45.189914" lon="-72.67815">
        <ele>143.86</ele>
      </trkpt>
      <trkpt lat="45.18982" lon="-72.67711">
        <ele>149.89</ele>
      </trkpt>
      <trkpt lat="45.18973" lon="-72.67644">
        <ele>153.66</ele>
      </trkpt>
      <trkpt lat="45.18972" lon="-72.67559">
        <ele>160.17</ele>
      </trkpt>
      <trkpt lat="45.1897" lon="-72.67529">
        <ele>161.55</ele>
      </trkpt>
      <trkpt lat="45.18961" lon="-72.67474">
        <ele>163.45</ele>
      </trkpt>
      <trkpt lat="45.1895" lon="-72.67424">
        <ele>164.58</ele>
      </trkpt>
      <trkpt lat="45.1894333" lon="-72.6732733">
        <ele>165.18</ele>
      </trkpt>
      <trkpt lat="45.1893667" lon="-72.6723067">
        <ele>162.92</ele>
      </trkpt>
      <trkpt lat="45.1893" lon="-72.67134">
        <ele>160.52</ele>
      </trkpt>
      <trkpt lat="45.1893" lon="-72.67112">
        <ele>160.38</ele>
      </trkpt>
      <trkpt lat="45.18945" lon="-72.67031">
        <ele>161.61</ele>
      </trkpt>
      <trkpt lat="45.18955" lon="-72.67">
        <ele>163.24</ele>
      </trkpt>
      <trkpt lat="45.18957" lon="-72.66973">
        <ele>165.99</ele>
      </trkpt>
      <trkpt lat="45.18956" lon="-72.66959">
        <ele>165.99</ele>
      </trkpt>
      <trkpt lat="45.18948" lon="-72.66936">
        <ele>167.41</ele>
      </trkpt>
      <trkpt lat="45.18937" lon="-72.66914">
        <ele>169.04</ele>
      </trkpt>
      <trkpt lat="45.18923" lon="-72.66878">
        <ele>170.74</ele>
      </trkpt>
      <trkpt lat="45.18921" lon="-72.66852">
        <ele>171.35</ele>
      </trkpt>
      <trkpt lat="45.18919" lon="-72.667675">
        <ele>168.97</ele>
      </trkpt>
      <trkpt lat="45.18917" lon="-72.66683">
        <ele>164.36</ele>
      </trkpt>
      <trkpt lat="45.18945" lon="-72.6669">
        <ele>162.02</ele>
      </trkpt>
      <trkpt lat="45.18967" lon="-72.66691">
        <ele>161.26</ele>
      </trkpt>
      <trkpt lat="45.18993" lon="-72.66691">
        <ele>160.34</ele>
      </trkpt>
      <trkpt lat="45.19048" lon="-72.66682">
        <ele>159.82</ele>
      </trkpt>
      <trkpt lat="45.1908" lon="-72.66673">
        <ele>160.19</ele>
      </trkpt>
      <trkpt lat="45.19114" lon="-72.66659">
        <ele>161.08</ele>
      </trkpt>
      <trkpt lat="45.19153" lon="-72.66637">
        <ele>161.7</ele>
      </trkpt>
      <trkpt lat="45.19189" lon="-72.66614">
        <ele>162.17</ele>
      </trkpt>
      <trkpt lat="45.19262" lon="-72.66558">
        <ele>161.69</ele>
      </trkpt>
      <trkpt lat="45.19335" lon="-72.66502">
        <ele>161.37</ele>
      </trkpt>
      <trkpt lat="45.19402" lon="-72.66454">
        <ele>161.26</ele>
      </trkpt>
      <trkpt lat="45.19396" lon="-72.66458">
        <ele>161.22</ele>
      </trkpt>
      <trkpt lat="45.19417" lon="-72.66444">
        <ele>161.45</ele>
      </trkpt>
      <trkpt lat="45.19492" lon="-72.66404">
        <ele>163.06</ele>
      </trkpt>
      <trkpt lat="45.195674" lon="-72.663668">
        <ele>163.69</ele>
      </trkpt>
      <trkpt lat="45.196428" lon="-72.663296">
        <ele>161.47</ele>
      </trkpt>
      <trkpt lat="45.197182" lon="-72.662924">
        <ele>158.14</ele>
      </trkpt>
      <trkpt lat="45.197936" lon="-72.662552">
        <ele>157.49</ele>
      </trkpt>
      <trkpt lat="45.19869" lon="-72.66218">
        <ele>158.44</ele>
      </trkpt>
      <trkpt lat="45.19873" lon="-72.66247">
        <ele>158.05</ele>
      </trkpt>
      <trkpt lat="45.19884" lon="-72.66296">
        <ele>158.04</ele>
      </trkpt>
      <trkpt lat="45.19884" lon="-72.66296">
        <ele>158.04</ele>
      </trkpt>
      <trkpt lat="45.19873" lon="-72.66247">
        <ele>158.05</ele>
      </trkpt>
      <trkpt lat="45.19869" lon="-72.66218">
        <ele>158.7</ele>
      </trkpt>
      <trkpt lat="45.19868" lon="-72.66149">
        <ele>159.53</ele>
      </trkpt>
      <trkpt lat="45.19872" lon="-72.661">
        <ele>160.38</ele>
      </trkpt>
      <trkpt lat="45.198805" lon="-72.66024">
        <ele>161.05</ele>
      </trkpt>
      <trkpt lat="45.19889" lon="-72.65948">
        <ele>164.4</ele>
      </trkpt>
      <trkpt lat="45.19814" lon="-72.65934">
        <ele>167.64</ele>
      </trkpt>
      <trkpt lat="45.19739" lon="-72.6592">
        <ele>174.24</ele>
      </trkpt>
      <trkpt lat="45.19724" lon="-72.65914">
        <ele>174.91</ele>
      </trkpt>
      <trkpt lat="45.1973" lon="-72.65916">
        <ele>174.54</ele>
      </trkpt>
      <trkpt lat="45.19719" lon="-72.65912">
        <ele>175.21</ele>
      </trkpt>
      <trkpt lat="45.19696" lon="-72.65894">
        <ele>179.04</ele>
      </trkpt>
      <trkpt lat="45.19683" lon="-72.6588">
        <ele>179.04</ele>
      </trkpt>
      <trkpt lat="45.19662" lon="-72.6584">
        <ele>182.09</ele>
      </trkpt>
      <trkpt lat="45.19655" lon="-72.65822">
        <ele>183.54</ele>
      </trkpt>
      <trkpt lat="45.19646" lon="-72.65804">
        <ele>184.22</ele>
      </trkpt>
      <trkpt lat="45.19624" lon="-72.657415">
        <ele>185.42</ele>
      </trkpt>
      <trkpt lat="45.19602" lon="-72.65679">
        <ele>185.01</ele>
      </trkpt>
      <trkpt lat="45.1957" lon="-72.65595">
        <ele>183.62</ele>
      </trkpt>
      <trkpt lat="45.1957" lon="-72.65595">
        <ele>183.62</ele>
      </trkpt>
      <trkpt lat="45.19562" lon="-72.65566">
        <ele>182.26</ele>
      </trkpt>
      <trkpt lat="45.19539" lon="-72.65506">
        <ele>178.22</ele>
      </trkpt>
      <trkpt lat="45.19516" lon="-72.65446">
        <ele>175.54</ele>
      </trkpt>
      <trkpt lat="45.19487" lon="-72.65364">
        <ele>173.41</ele>
      </trkpt>
      <trkpt lat="45.19458" lon="-72.65282">
        <ele>172.35</ele>
      </trkpt>
      <trkpt lat="45.19429" lon="-72.652">
        <ele>168.97</ele>
      </trkpt>
      <trkpt lat="45.19401" lon="-72.65106">
        <ele>167.03</ele>
      </trkpt>
      <trkpt lat="45.1945" lon="-72.651035">
        <ele>166.91</ele>
      </trkpt>
      <trkpt lat="45.19499" lon="-72.65101">
        <ele>167.25</ele>
      </trkpt>
      <trkpt lat="45.19495" lon="-72.65101">
        <ele>167.2</ele>
      </trkpt>
      <trkpt lat="45.195678" lon="-72.650974">
        <ele>168.93</ele>
      </trkpt>
      <trkpt lat="45.196406" lon="-72.650938">
        <ele>170.85</ele>
      </trkpt>
      <trkpt lat="45.197134" lon="-72.650902">
        <ele>172.12</ele>
      </trkpt>
      <trkpt lat="45.197862" lon="-72.650866">
        <ele>172.97</ele>
      </trkpt>
      <trkpt lat="45.19859" lon="-72.65083">
        <ele>173.53</ele>
      </trkpt>
      <trkpt lat="45.19924" lon="-72.6507733">
        <ele>175.07</ele>
      </trkpt>
      <trkpt lat="45.19989" lon="-72.6507167">
        <ele>179.19</ele>
      </trkpt>
      <trkpt lat="45.20054" lon="-72.65066">
        <ele>182.69</ele>
      </trkpt>
      <trkpt lat="45.2013733" lon="-72.6506433">
        <ele>183.82</ele>
      </trkpt>
      <trkpt lat="45.2022067" lon="-72.6506267">
        <ele>185.48</ele>
      </trkpt>
      <trkpt lat="45.20304" lon="-72.65061">
        <ele>188.69</ele>
      </trkpt>
      <trkpt lat="45.2038633" lon="-72.6505567">
        <ele>187.05</ele>
      </trkpt>
      <trkpt lat="45.2046867" lon="-72.6505033">
        <ele>185.24</ele>
      </trkpt>
      <trkpt lat="45.20551" lon="-72.65045">
        <ele>183.44</ele>
      </trkpt>
      <trkpt lat="45.20542" lon="-72.65046">
        <ele>183.49</ele>
      </trkpt>
      <trkpt lat="45.20592" lon="-72.650425">
        <ele>183.46</ele>
      </trkpt>
      <trkpt lat="45.20642" lon="-72.65039">
        <ele>184.25</ele>
      </trkpt>
      <trkpt lat="45.20682" lon="-72.65042">
        <ele>184.93</ele>
      </trkpt>
      <trkpt lat="45.20743" lon="-72.650405">
        <ele>186.71</ele>
      </trkpt>
      <trkpt lat="45.20804" lon="-72.65039">
        <ele>189.42</ele>
      </trkpt>
      <trkpt lat="45.20826" lon="-72.65042">
        <ele>189.97</ele>
      </trkpt>
      <trkpt lat="45.20858" lon="-72.65039">
        <ele>190.52</ele>
      </trkpt>
      <trkpt lat="45.20873" lon="-72.65035">
        <ele>190.4</ele>
      </trkpt>
      <trkpt lat="45.20958" lon="-72.650255">
        <ele>187.82</ele>
      </trkpt>
      <trkpt lat="45.21043" lon="-72.65016">
        <ele>182.2</ele>
      </trkpt>
      <trkpt lat="45.21061" lon="-72.65011">
        <ele>181.27</ele>
      </trkpt>
      <trkpt lat="45.21068" lon="-72.65007">
        <ele>181.27</ele>
      </trkpt>
      <trkpt lat="45.21098" lon="-72.64981">
        <ele>180.18</ele>
      </trkpt>
      <trkpt lat="45.21116" lon="-72.64971">
        <ele>179.68</ele>
      </trkpt>
      <trkpt lat="45.211925" lon="-72.649265">
        <ele>177.72</ele>
      </trkpt>
      <trkpt lat="45.21269" lon="-72.64882">
        <ele>172.66</ele>
      </trkpt>
      <trkpt lat="45.213455" lon="-72.648375">
        <ele>165.11</ele>
      </trkpt>
      <trkpt lat="45.21422" lon="-72.64793">
        <ele>164.86</ele>
      </trkpt>
      <trkpt lat="45.2148733" lon="-72.6475433">
        <ele>170.12</ele>
      </trkpt>
      <trkpt lat="45.2155267" lon="-72.6471567">
        <ele>175.72</ele>
      </trkpt>
      <trkpt lat="45.21618" lon="-72.64677">
        <ele>182.88</ele>
      </trkpt>
      <trkpt lat="45.216875" lon="-72.64638">
        <ele>186.25</ele>
      </trkpt>
      <trkpt lat="45.21757" lon="-72.64599">
        <ele>188.37</ele>
      </trkpt>
      <trkpt lat="45.21826" lon="-72.6456">
        <ele>191.15</ele>
      </trkpt>
      <trkpt lat="45.21896" lon="-72.64524">
        <ele>193.39</ele>
      </trkpt>
      <trkpt lat="45.21966" lon="-72.64488">
        <ele>194.7</ele>
      </trkpt>
      <trkpt lat="45.22036" lon="-72.64452">
        <ele>199.64</ele>
      </trkpt>
      <trkpt lat="45.2210667" lon="-72.64417">
        <ele>204.78</ele>
      </trkpt>
      <trkpt lat="45.2217733" lon="-72.64382">
        <ele>209.7</ele>
      </trkpt>
      <trkpt lat="45.22248" lon="-72.64347">
        <ele>215.05</ele>
      </trkpt>
      <trkpt lat="45.22267" lon="-72.64242">
        <ele>213.99</ele>
      </trkpt>
      <trkpt lat="45.2228" lon="-72.6418">
        <ele>216.66</ele>
      </trkpt>
      <trkpt lat="45.22293" lon="-72.6413">
        <ele>219.75</ele>
      </trkpt>
      <trkpt lat="45.22315" lon="-72.64071">
        <ele>225.28</ele>
      </trkpt>
      <trkpt lat="45.22334" lon="-72.64032">
        <ele>227.33</ele>
      </trkpt>
      <trkpt lat="45.22338" lon="-72.64027">
        <ele>227.66</ele>
      </trkpt>
      <trkpt lat="45.22386" lon="-72.63952">
        <ele>230.37</ele>
      </trkpt>
      <trkpt lat="45.22433" lon="-72.638885">
        <ele>228.31</ele>
      </trkpt>
      <trkpt lat="45.2248" lon="-72.63825">
        <ele>229.51</ele>
      </trkpt>
      <trkpt lat="45.22488" lon="-72.63812">
        <ele>229.57</ele>
      </trkpt>
      <trkpt lat="45.22497" lon="-72.63781">
        <ele>229.06</ele>
      </trkpt>
      <trkpt lat="45.22499" lon="-72.63767">
        <ele>227.74</ele>
      </trkpt>
      <trkpt lat="45.22498" lon="-72.63699">
        <ele>226.59</ele>
      </trkpt>
      <trkpt lat="45.22495" lon="-72.636235">
        <ele>225.61</ele>
      </trkpt>
      <trkpt lat="45.22492" lon="-72.63548">
        <ele>225.23</ele>
      </trkpt>
      <trkpt lat="45.224855" lon="-72.63427">
        <ele>223.66</ele>
      </trkpt>
      <trkpt lat="45.22479" lon="-72.63306">
        <ele>222.71</ele>
      </trkpt>
      <trkpt lat="45.22477" lon="-72.632415">
        <ele>222.63</ele>
      </trkpt>
      <trkpt lat="45.22475" lon="-72.63177">
        <ele>221.3</ele>
      </trkpt>
      <trkpt lat="45.22562" lon="-72.63177">
        <ele>223.04</ele>
      </trkpt>
      <trkpt lat="45.22649" lon="-72.63177">
        <ele>225.02</ele>
      </trkpt>
      <trkpt lat="45.226955" lon="-72.631765">
        <ele>226.96</ele>
      </trkpt>
      <trkpt lat="45.22742" lon="-72.63176">
        <ele>231.28</ele>
      </trkpt>
      <trkpt lat="45.22762" lon="-72.63173">
        <ele>232.01</ele>
      </trkpt>
      <trkpt lat="45.22771" lon="-72.63172">
        <ele>232.47</ele>
      </trkpt>
      <trkpt lat="45.2285233" lon="-72.6317033">
        <ele>237.83</ele>
      </trkpt>
      <trkpt lat="45.2293367" lon="-72.6316867">
        <ele>246.24</ele>
      </trkpt>
      <trkpt lat="45.23015" lon="-72.63167">
        <ele>252.28</ele>
      </trkpt>
      <trkpt lat="45.23027" lon="-72.63172">
        <ele>253.87</ele>
      </trkpt>
      <trkpt lat="45.23031" lon="-72.6318">
        <ele>254.79</ele>
      </trkpt>
      <trkpt lat="45.23036" lon="-72.63198">
        <ele>255.59</ele>
      </trkpt>
      <trkpt lat="45.23038" lon="-72.63258">
        <ele>256.19</ele>
      </trkpt>
      <trkpt lat="45.230375" lon="-72.63354">
        <ele>261.68</ele>
      </trkpt>
      <trkpt lat="45.23037" lon="-72.6345">
        <ele>271.67</ele>
      </trkpt>
      <trkpt lat="45.230395" lon="-72.635345">
        <ele>279.31</ele>
      </trkpt>
      <trkpt lat="45.23042" lon="-72.63619">
        <ele>284.32</ele>
      </trkpt>
      <trkpt lat="45.23043" lon="-72.63745">
        <ele>285.04</ele>
      </trkpt>
      <trkpt lat="45.23047" lon="-72.63812">
        <ele>291.81</ele>
      </trkpt>
      <trkpt lat="45.2305" lon="-72.638925">
        <ele>295.8</ele>
      </trkpt>
      <trkpt lat="45.23053" lon="-72.63973">
        <ele>298.16</ele>
      </trkpt>
      <trkpt lat="45.23052" lon="-72.64018">
        <ele>298.6</ele>
      </trkpt>
      <trkpt lat="45.23041" lon="-72.64054">
        <ele>297.98</ele>
      </trkpt>
      <trkpt lat="45.23032" lon="-72.64068">
        <ele>297.12</ele>
      </trkpt>
      <trkpt lat="45.23014" lon="-72.6412">
        <ele>292.54</ele>
      </trkpt>
      <trkpt lat="45.229915" lon="-72.64197">
        <ele>285</ele>
      </trkpt>
      <trkpt lat="45.22969" lon="-72.64274">
        <ele>276.06</ele>
      </trkpt>
      <trkpt lat="45.22954" lon="-72.643385">
        <ele>269.5</ele>
      </trkpt>
      <trkpt lat="45.22939" lon="-72.64403">
        <ele>265.34</ele>
      </trkpt>
      <trkpt lat="45.22906" lon="-72.64515">
        <ele>253.87</ele>
      </trkpt>
      <trkpt lat="45.22898" lon="-72.6455">
        <ele>251.12</ele>
      </trkpt>
      <trkpt lat="45.22882" lon="-72.646315">
        <ele>245.35</ele>
      </trkpt>
      <trkpt lat="45.22866" lon="-72.64713">
        <ele>240.1</ele>
      </trkpt>
      <trkpt lat="45.22863" lon="-72.64748">
        <ele>238.7</ele>
      </trkpt>
      <trkpt lat="45.228625" lon="-72.64815">
        <ele>234.25</ele>
      </trkpt>
      <trkpt lat="45.22862" lon="-72.64882">
        <ele>226.79</ele>
      </trkpt>
      <trkpt lat="45.22864" lon="-72.6499175">
        <ele>224.25</ele>
      </trkpt>
      <trkpt lat="45.22866" lon="-72.651015">
        <ele>221.66</ele>
      </trkpt>
      <trkpt lat="45.22868" lon="-72.6521125">
        <ele>220.05</ele>
      </trkpt>
      <trkpt lat="45.2287" lon="-72.65321">
        <ele>218.91</ele>
      </trkpt>
      <trkpt lat="45.22876" lon="-72.65426">
        <ele>218.55</ele>
      </trkpt>
      <trkpt lat="45.22882" lon="-72.65531">
        <ele>220</ele>
      </trkpt>
      <trkpt lat="45.22885" lon="-72.656005">
        <ele>222.8</ele>
      </trkpt>
      <trkpt lat="45.22888" lon="-72.6567">
        <ele>227.55</ele>
      </trkpt>
      <trkpt lat="45.22887" lon="-72.65733">
        <ele>230.96</ele>
      </trkpt>
      <trkpt lat="45.22893" lon="-72.6582">
        <ele>231.72</ele>
      </trkpt>
      <trkpt lat="45.22892" lon="-72.65811">
        <ele>231.96</ele>
      </trkpt>
      <trkpt lat="45.2290033" lon="-72.6591167">
        <ele>230.71</ele>
      </trkpt>
      <trkpt lat="45.2290867" lon="-72.6601233">
        <ele>228.62</ele>
      </trkpt>
      <trkpt lat="45.22917" lon="-72.66113">
        <ele>226.93</ele>
      </trkpt>
      <trkpt lat="45.2293" lon="-72.66226">
        <ele>228.73</ele>
      </trkpt>
      <trkpt lat="45.22936" lon="-72.66238">
        <ele>228.86</ele>
      </trkpt>
      <trkpt lat="45.22943" lon="-72.66247">
        <ele>228.83</ele>
      </trkpt>
      <trkpt lat="45.22986" lon="-72.66279">
        <ele>225.69</ele>
      </trkpt>
      <trkpt lat="45.23006" lon="-72.66288">
        <ele>221.54</ele>
      </trkpt>
      <trkpt lat="45.23013" lon="-72.66296">
        <ele>221.54</ele>
      </trkpt>
      <trkpt lat="45.23021" lon="-72.66318">
        <ele>219.37</ele>
      </trkpt>
      <trkpt lat="45.230315" lon="-72.66397">
        <ele>215.68</ele>
      </trkpt>
      <trkpt lat="45.23042" lon="-72.66476">
        <ele>211.49</ele>
      </trkpt>
      <trkpt lat="45.23053" lon="-72.66579">
        <ele>205.39</ele>
      </trkpt>
      <trkpt lat="45.23052" lon="-72.66641">
        <ele>203.81</ele>
      </trkpt>
      <trkpt lat="45.23058" lon="-72.6673">
        <ele>202.09</ele>
      </trkpt>
      <trkpt lat="45.23063" lon="-72.66759">
        <ele>200.71</ele>
      </trkpt>
      <trkpt lat="45.23087" lon="-72.66854">
        <ele>200.45</ele>
      </trkpt>
      <trkpt lat="45.23102" lon="-72.66852">
        <ele>202.36</ele>
      </trkpt>
      <trkpt lat="45.23156" lon="-72.6683">
        <ele>207.48</ele>
      </trkpt>
      <trkpt lat="45.23184" lon="-72.66826">
        <ele>211.7</ele>
      </trkpt>
      <trkpt lat="45.23226" lon="-72.66825">
        <ele>209.75</ele>
      </trkpt>
      <trkpt lat="45.23249" lon="-72.6682">
        <ele>206.7</ele>
      </trkpt>
      <trkpt lat="45.23269" lon="-72.66807">
        <ele>205.08</ele>
      </trkpt>
      <trkpt lat="45.23289" lon="-72.66785">
        <ele>200.94</ele>
      </trkpt>
      <trkpt lat="45.23296" lon="-72.66776">
        <ele>200.94</ele>
      </trkpt>
      <trkpt lat="45.23307" lon="-72.66753">
        <ele>197.21</ele>
      </trkpt>
      <trkpt lat="45.23313" lon="-72.66727">
        <ele>195.39</ele>
      </trkpt>
      <trkpt lat="45.23318" lon="-72.66718">
        <ele>195.05</ele>
      </trkpt>
      <trkpt lat="45.2335" lon="-72.66686">
        <ele>192.85</ele>
      </trkpt>
      <trkpt lat="45.2339" lon="-72.66624">
        <ele>187.83</ele>
      </trkpt>
      <trkpt lat="45.23407" lon="-72.66571">
        <ele>186.06</ele>
      </trkpt>
      <trkpt lat="45.23426" lon="-72.66529">
        <ele>183.95</ele>
      </trkpt>
      <trkpt lat="45.23431" lon="-72.66511">
        <ele>183.23</ele>
      </trkpt>
      <trkpt lat="45.23472" lon="-72.66431">
        <ele>182.32</ele>
      </trkpt>
      <trkpt lat="45.23503" lon="-72.66383">
        <ele>183.19</ele>
      </trkpt>
      <trkpt lat="45.23513" lon="-72.66379">
        <ele>182.9</ele>
      </trkpt>
      <trkpt lat="45.23526" lon="-72.66347">
        <ele>182.11</ele>
      </trkpt>
      <trkpt lat="45.235605" lon="-72.662755">
        <ele>182.71</ele>
      </trkpt>
      <trkpt lat="45.23595" lon="-72.66204">
        <ele>183.17</ele>
      </trkpt>
      <trkpt lat="45.23594" lon="-72.66205">
        <ele>183.15</ele>
      </trkpt>
      <trkpt lat="45.23617" lon="-72.66159">
        <ele>184.61</ele>
      </trkpt>
      <trkpt lat="45.23656" lon="-72.66086">
        <ele>188.92</ele>
      </trkpt>
      <trkpt lat="45.236925" lon="-72.6601">
        <ele>190.5</ele>
      </trkpt>
      <trkpt lat="45.23729" lon="-72.65934">
        <ele>187.89</ele>
      </trkpt>
      <trkpt lat="45.237695" lon="-72.658395">
        <ele>186.3</ele>
      </trkpt>
      <trkpt lat="45.2381" lon="-72.65745">
        <ele>184.67</ele>
      </trkpt>
      <trkpt lat="45.238848" lon="-72.657414">
        <ele>182.36</ele>
      </trkpt>
      <trkpt lat="45.239596" lon="-72.657378">
        <ele>178.9</ele>
      </trkpt>
      <trkpt lat="45.240344" lon="-72.657342">
        <ele>175.99</ele>
      </trkpt>
      <trkpt lat="45.241092" lon="-72.657306">
        <ele>170.68</ele>
      </trkpt>
      <trkpt lat="45.24184" lon="-72.65727">
        <ele>165.09</ele>
      </trkpt>
      <trkpt lat="45.2424767" lon="-72.6572133">
        <ele>163.18</ele>
      </trkpt>
      <trkpt lat="45.2431133" lon="-72.6571567">
        <ele>165.63</ele>
      </trkpt>
      <trkpt lat="45.24375" lon="-72.6571">
        <ele>172.95</ele>
      </trkpt>
      <trkpt lat="45.24423" lon="-72.65708">
        <ele>177.9</ele>
      </trkpt>
      <trkpt lat="45.24471" lon="-72.65706">
        <ele>181.07</ele>
      </trkpt>
      <trkpt lat="45.2453867" lon="-72.65699">
        <ele>184.12</ele>
      </trkpt>
      <trkpt lat="45.2460633" lon="-72.65692">
        <ele>184.87</ele>
      </trkpt>
      <trkpt lat="45.24674" lon="-72.65685">
        <ele>187.1</ele>
      </trkpt>
      <trkpt lat="45.24762" lon="-72.65672">
        <ele>190.68</ele>
      </trkpt>
      <trkpt lat="45.24801" lon="-72.6567">
        <ele>192.47</ele>
      </trkpt>
      <trkpt lat="45.2487733" lon="-72.6567167">
        <ele>190.69</ele>
      </trkpt>
      <trkpt lat="45.2495367" lon="-72.6567333">
        <ele>188.76</ele>
      </trkpt>
      <trkpt lat="45.2503" lon="-72.65675">
        <ele>188.02</ele>
      </trkpt>
      <trkpt lat="45.25116" lon="-72.65679">
        <ele>187.03</ele>
      </trkpt>
      <trkpt lat="45.25201" lon="-72.65679">
        <ele>186.03</ele>
      </trkpt>
      <trkpt lat="45.25277" lon="-72.656755">
        <ele>177.99</ele>
      </trkpt>
      <trkpt lat="45.25353" lon="-72.65672">
        <ele>173.24</ele>
      </trkpt>
      <trkpt lat="45.25429" lon="-72.656685">
        <ele>171.76</ele>
      </trkpt>
      <trkpt lat="45.25505" lon="-72.65665">
        <ele>162.93</ele>
      </trkpt>
      <trkpt lat="45.25496" lon="-72.65666">
        <ele>164.1</ele>
      </trkpt>
      <trkpt lat="45.25585" lon="-72.65664">
        <ele>154.11</ele>
      </trkpt>
      <trkpt lat="45.25674" lon="-72.65662">
        <ele>152.83</ele>
      </trkpt>
      <trkpt lat="45.25763" lon="-72.6566">
        <ele>155.61</ele>
      </trkpt>
      <trkpt lat="45.25787" lon="-72.65662">
        <ele>155.64</ele>
      </trkpt>
      <trkpt lat="45.25864" lon="-72.65665">
        <ele>151.51</ele>
      </trkpt>
      <trkpt lat="45.25941" lon="-72.65668">
        <ele>149.24</ele>
      </trkpt>
      <trkpt lat="45.260095" lon="-72.656685">
        <ele>151.53</ele>
      </trkpt>
      <trkpt lat="45.26078" lon="-72.65669">
        <ele>154.79</ele>
      </trkpt>
      <trkpt lat="45.26124" lon="-72.65664">
        <ele>157.05</ele>
      </trkpt>
      <trkpt lat="45.26131" lon="-72.65581">
        <ele>158.37</ele>
      </trkpt>
      <trkpt lat="45.26128" lon="-72.65532">
        <ele>158.87</ele>
      </trkpt>
      <trkpt lat="45.26118" lon="-72.654465">
        <ele>159.66</ele>
      </trkpt>
      <trkpt lat="45.26108" lon="-72.65361">
        <ele>162.48</ele>
      </trkpt>
      <trkpt lat="45.2610567" lon="-72.65243">
        <ele>162.94</ele>
      </trkpt>
      <trkpt lat="45.2610333" lon="-72.65125">
        <ele>157.93</ele>
      </trkpt>
      <trkpt lat="45.26101" lon="-72.65007">
        <ele>156.25</ele>
      </trkpt>
      <trkpt lat="45.26095" lon="-72.64938">
        <ele>158.23</ele>
      </trkpt>
      <trkpt lat="45.26087" lon="-72.64851">
        <ele>160.01</ele>
      </trkpt>
      <trkpt lat="45.26081" lon="-72.64819">
        <ele>160.58</ele>
      </trkpt>
      <trkpt lat="45.26078" lon="-72.64739">
        <ele>163.04</ele>
      </trkpt>
      <trkpt lat="45.26078" lon="-72.64661">
        <ele>168.12</ele>
      </trkpt>
      <trkpt lat="45.26078" lon="-72.64583">
        <ele>168.34</ele>
      </trkpt>
      <trkpt lat="45.2608" lon="-72.64508">
        <ele>166.05</ele>
      </trkpt>
      <trkpt lat="45.260855" lon="-72.64433">
        <ele>164.3</ele>
      </trkpt>
      <trkpt lat="45.26091" lon="-72.64358">
        <ele>160.78</ele>
      </trkpt>
      <trkpt lat="45.26091" lon="-72.64327">
        <ele>159.59</ele>
      </trkpt>
      <trkpt lat="45.2607867" lon="-72.64218">
        <ele>153.82</ele>
      </trkpt>
      <trkpt lat="45.2606633" lon="-72.64109">
        <ele>153.93</ele>
      </trkpt>
      <trkpt lat="45.26054" lon="-72.64">
        <ele>154.86</ele>
      </trkpt>
      <trkpt lat="45.260412" lon="-72.638952">
        <ele>155.49</ele>
      </trkpt>
      <trkpt lat="45.260284" lon="-72.637904">
        <ele>156.31</ele>
      </trkpt>
      <trkpt lat="45.260156" lon="-72.636856">
        <ele>156.93</ele>
      </trkpt>
      <trkpt lat="45.260028" lon="-72.635808">
        <ele>157.77</ele>
      </trkpt>
      <trkpt lat="45.2599" lon="-72.63476">
        <ele>160.98</ele>
      </trkpt>
      <trkpt lat="45.25995" lon="-72.63435">
        <ele>163.8</ele>
      </trkpt>
      <trkpt lat="45.26004" lon="-72.63396">
        <ele>165.61</ele>
      </trkpt>
      <trkpt lat="45.26006" lon="-72.6337">
        <ele>166.29</ele>
      </trkpt>
      <trkpt lat="45.25993" lon="-72.63257">
        <ele>168.95</ele>
      </trkpt>
      <trkpt lat="45.25983" lon="-72.63202">
        <ele>172.86</ele>
      </trkpt>
      <trkpt lat="45.25977" lon="-72.63183">
        <ele>172.86</ele>
      </trkpt>
      <trkpt lat="45.26027" lon="-72.63212">
        <ele>177.27</ele>
      </trkpt>
      <trkpt lat="45.260835" lon="-72.6325">
        <ele>181.51</ele>
      </trkpt>
      <trkpt lat="45.2614" lon="-72.63288">
        <ele>180.69</ele>
      </trkpt>
      <trkpt lat="45.26155" lon="-72.63297">
        <ele>180.37</ele>
      </trkpt>
      <trkpt lat="45.26183" lon="-72.63324">
        <ele>178.56</ele>
      </trkpt>
      <trkpt lat="45.26209" lon="-72.6336">
        <ele>175.35</ele>
      </trkpt>
      <trkpt lat="45.2623" lon="-72.63382">
        <ele>173.58</ele>
      </trkpt>
      <trkpt lat="45.26247" lon="-72.63395">
        <ele>170.63</ele>
      </trkpt>
      <trkpt lat="45.2629" lon="-72.63413">
        <ele>167.42</ele>
      </trkpt>
      <trkpt lat="45.26298" lon="-72.63414">
        <ele>167.42</ele>
      </trkpt>
      <trkpt lat="45.26288" lon="-72.63413">
        <ele>168.04</ele>
      </trkpt>
      <trkpt lat="45.26318" lon="-72.63417">
        <ele>166.34</ele>
      </trkpt>
      <trkpt lat="45.2634" lon="-72.63414">
        <ele>165.21</ele>
      </trkpt>
      <trkpt lat="45.26362" lon="-72.6341">
        <ele>165.29</ele>
      </trkpt>
      <trkpt lat="45.26413" lon="-72.633965">
        <ele>169.93</ele>
      </trkpt>
      <trkpt lat="45.26464" lon="-72.63383">
        <ele>171.98</ele>
      </trkpt>
      <trkpt lat="45.26487" lon="-72.63373">
        <ele>171.21</ele>
      </trkpt>
      <trkpt lat="45.26543" lon="-72.63333">
        <ele>169.08</ele>
      </trkpt>
      <trkpt lat="45.26573" lon="-72.63315">
        <ele>171.9</ele>
      </trkpt>
      <trkpt lat="45.26624" lon="-72.63293">
        <ele>178.79</ele>
      </trkpt>
      <trkpt lat="45.266835" lon="-72.632725">
        <ele>186.17</ele>
      </trkpt>
      <trkpt lat="45.26743" lon="-72.63252">
        <ele>192.86</ele>
      </trkpt>
      <trkpt lat="45.2677" lon="-72.63235">
        <ele>194.85</ele>
      </trkpt>
      <trkpt lat="45.26788" lon="-72.6321">
        <ele>196.39</ele>
      </trkpt>
      <trkpt lat="45.26805" lon="-72.63163">
        <ele>197.71</ele>
      </trkpt>
      <trkpt lat="45.2683533" lon="-72.6306733">
        <ele>200.14</ele>
      </trkpt>
      <trkpt lat="45.2686567" lon="-72.6297167">
        <ele>203.88</ele>
      </trkpt>
      <trkpt lat="45.26896" lon="-72.62876">
        <ele>204.72</ele>
      </trkpt>
      <trkpt lat="45.26909" lon="-72.6285">
        <ele>205.27</ele>
      </trkpt>
      <trkpt lat="45.26912" lon="-72.62844">
        <ele>205.43</ele>
      </trkpt>
      <trkpt lat="45.269575" lon="-72.627525">
        <ele>206.36</ele>
      </trkpt>
      <trkpt lat="45.27003" lon="-72.62661">
        <ele>207.35</ele>
      </trkpt>
      <trkpt lat="45.270545" lon="-72.62563">
        <ele>207.92</ele>
      </trkpt>
      <trkpt lat="45.27106" lon="-72.62465">
        <ele>208.93</ele>
      </trkpt>
      <trkpt lat="45.27148" lon="-72.62379">
        <ele>208.7</ele>
      </trkpt>
      <trkpt lat="45.27192" lon="-72.62383">
        <ele>213.12</ele>
      </trkpt>
      <trkpt lat="45.2726033" lon="-72.6237267">
        <ele>219.68</ele>
      </trkpt>
      <trkpt lat="45.2732867" lon="-72.6236233">
        <ele>224.38</ele>
      </trkpt>
      <trkpt lat="45.27397" lon="-72.62352">
        <ele>230.24</ele>
      </trkpt>
      <trkpt lat="45.27478" lon="-72.623455">
        <ele>238.05</ele>
      </trkpt>
      <trkpt lat="45.27559" lon="-72.62339">
        <ele>245.46</ele>
      </trkpt>
      <trkpt lat="45.27579" lon="-72.62334">
        <ele>244.7</ele>
      </trkpt>
      <trkpt lat="45.2763" lon="-72.62305">
        <ele>238.71</ele>
      </trkpt>
      <trkpt lat="45.27681" lon="-72.62276">
        <ele>233.25</ele>
      </trkpt>
      <trkpt lat="45.27735" lon="-72.62252">
        <ele>229.48</ele>
      </trkpt>
      <trkpt lat="45.27714" lon="-72.62147">
        <ele>227.66</ele>
      </trkpt>
      <trkpt lat="45.27707" lon="-72.62129">
        <ele>227.25</ele>
      </trkpt>
      <trkpt lat="45.27697" lon="-72.62115">
        <ele>226.57</ele>
      </trkpt>
      <trkpt lat="45.2768" lon="-72.62106">
        <ele>225.46</ele>
      </trkpt>
      <trkpt lat="45.27667" lon="-72.62088">
        <ele>223.02</ele>
      </trkpt>
      <trkpt lat="45.27662" lon="-72.62065">
        <ele>219.89</ele>
      </trkpt>
      <trkpt lat="45.276565" lon="-72.6196575">
        <ele>211.43</ele>
      </trkpt>
      <trkpt lat="45.27651" lon="-72.618665">
        <ele>207.27</ele>
      </trkpt>
      <trkpt lat="45.276455" lon="-72.6176725">
        <ele>206.8</ele>
      </trkpt>
      <trkpt lat="45.2764" lon="-72.61668">
        <ele>206.6</ele>
      </trkpt>
      <trkpt lat="45.2763467" lon="-72.615595">
        <ele>206.9</ele>
      </trkpt>
      <trkpt lat="45.2762934" lon="-72.61451">
        <ele>211.35</ele>
      </trkpt>
      <trkpt lat="45.27624" lon="-72.613425">
        <ele>222.13</ele>
      </trkpt>
      <trkpt lat="45.2761867" lon="-72.61234">
        <ele>226.23</ele>
      </trkpt>
      <trkpt lat="45.2761334" lon="-72.611255">
        <ele>232.16</ele>
      </trkpt>
      <trkpt lat="45.27608" lon="-72.61017">
        <ele>237.03</ele>
      </trkpt>
      <trkpt lat="45.27605" lon="-72.60924">
        <ele>238.15</ele>
      </trkpt>
      <trkpt lat="45.27605" lon="-72.60924">
        <ele>238.15</ele>
      </trkpt>
      <trkpt lat="45.2760533" lon="-72.60815">
        <ele>233.5</ele>
      </trkpt>
      <trkpt lat="45.2760567" lon="-72.60706">
        <ele>234.23</ele>
      </trkpt>
      <trkpt lat="45.27606" lon="-72.60597">
        <ele>237.32</ele>
      </trkpt>
      <trkpt lat="45.2760229" lon="-72.6047943">
        <ele>227.3</ele>
      </trkpt>
      <trkpt lat="45.2759858" lon="-72.6036186">
        <ele>218.16</ele>
      </trkpt>
      <trkpt lat="45.2759486" lon="-72.6024428">
        <ele>211.01</ele>
      </trkpt>
      <trkpt lat="45.2759115" lon="-72.6012671">
        <ele>207.9</ele>
      </trkpt>
      <trkpt lat="45.2758743" lon="-72.6000914">
        <ele>204.32</ele>
      </trkpt>
      <trkpt lat="45.2758372" lon="-72.5989157">
        <ele>201.3</ele>
      </trkpt>
      <trkpt lat="45.2758" lon="-72.59774">
        <ele>198.58</ele>
      </trkpt>
      <trkpt lat="45.27578" lon="-72.59655">
        <ele>196.3</ele>
      </trkpt>
      <trkpt lat="45.27576" lon="-72.59536">
        <ele>193.12</ele>
      </trkpt>
      <trkpt lat="45.276515" lon="-72.595295">
        <ele>189.3</ele>
      </trkpt>
      <trkpt lat="45.27727" lon="-72.59523">
        <ele>186.94</ele>
      </trkpt>
      <trkpt lat="45.27772" lon="-72.595205">
        <ele>186.65</ele>
      </trkpt>
      <trkpt lat="45.27817" lon="-72.59518">
        <ele>186.64</ele>
      </trkpt>
      <trkpt lat="45.27825" lon="-72.59518">
        <ele>186.65</ele>
      </trkpt>
      <trkpt lat="45.2790317" lon="-72.5951367">
        <ele>186.73</ele>
      </trkpt>
      <trkpt lat="45.2798133" lon="-72.5950933">
        <ele>186.2</ele>
      </trkpt>
      <trkpt lat="45.280595" lon="-72.59505">
        <ele>185.63</ele>
      </trkpt>
      <trkpt lat="45.2813767" lon="-72.5950067">
        <ele>185.3</ele>
      </trkpt>
      <trkpt lat="45.2821583" lon="-72.5949633">
        <ele>185.72</ele>
      </trkpt>
      <trkpt lat="45.28294" lon="-72.59492">
        <ele>186.3</ele>
      </trkpt>
      <trkpt lat="45.2838133" lon="-72.5948783">
        <ele>187.07</ele>
      </trkpt>
      <trkpt lat="45.2846867" lon="-72.5948367">
        <ele>187.59</ele>
      </trkpt>
      <trkpt lat="45.28556" lon="-72.594795">
        <ele>187.04</ele>
      </trkpt>
      <trkpt lat="45.2864333" lon="-72.5947533">
        <ele>185.54</ele>
      </trkpt>
      <trkpt lat="45.2873067" lon="-72.5947117">
        <ele>182.78</ele>
      </trkpt>
      <trkpt lat="45.28818" lon="-72.59467">
        <ele>179.69</ele>
      </trkpt>
      <trkpt lat="45.289035" lon="-72.5946425">
        <ele>177.39</ele>
      </trkpt>
      <trkpt lat="45.28989" lon="-72.594615">
        <ele>173.57</ele>
      </trkpt>
      <trkpt lat="45.290745" lon="-72.5945875">
        <ele>171.9</ele>
      </trkpt>
      <trkpt lat="45.2916" lon="-72.59456">
        <ele>170.42</ele>
      </trkpt>
      <trkpt lat="45.292446" lon="-72.594508">
        <ele>169.34</ele>
      </trkpt>
      <trkpt lat="45.293292" lon="-72.594456">
        <ele>168.85</ele>
      </trkpt>
      <trkpt lat="45.294138" lon="-72.594404">
        <ele>168.98</ele>
      </trkpt>
      <trkpt lat="45.294984" lon="-72.594352">
        <ele>169.32</ele>
      </trkpt>
      <trkpt lat="45.29583" lon="-72.5943">
        <ele>171.2</ele>
      </trkpt>
      <trkpt lat="45.29573" lon="-72.59344">
        <ele>170.16</ele>
      </trkpt>
      <trkpt lat="45.29564" lon="-72.59307">
        <ele>169.97</ele>
      </trkpt>
      <trkpt lat="45.29552" lon="-72.59268">
        <ele>169.77</ele>
      </trkpt>
      <trkpt lat="45.295265" lon="-72.59209">
        <ele>168.98</ele>
      </trkpt>
      <trkpt lat="45.29501" lon="-72.5915">
        <ele>168.41</ele>
      </trkpt>
      <trkpt lat="45.29501" lon="-72.5915">
        <ele>168.41</ele>
      </trkpt>
      <trkpt lat="45.2945467" lon="-72.5904166">
        <ele>169.19</ele>
      </trkpt>
      <trkpt lat="45.2940833" lon="-72.5893333">
        <ele>168.17</ele>
      </trkpt>
      <trkpt lat="45.29362" lon="-72.58825">
        <ele>165</ele>
      </trkpt>
      <trkpt lat="45.29338" lon="-72.58766">
        <ele>162.61</ele>
      </trkpt>
      <trkpt lat="45.29314" lon="-72.58707">
        <ele>161.06</ele>
      </trkpt>
      <trkpt lat="45.29295" lon="-72.58646">
        <ele>162.16</ele>
      </trkpt>
      <trkpt lat="45.29276" lon="-72.58585">
        <ele>164.57</ele>
      </trkpt>
      <trkpt lat="45.29254" lon="-72.58497">
        <ele>170.69</ele>
      </trkpt>
      <trkpt lat="45.29244" lon="-72.58452">
        <ele>171.08</ele>
      </trkpt>
      <trkpt lat="45.2922184" lon="-72.5833333">
        <ele>169.51</ele>
      </trkpt>
      <trkpt lat="45.2919967" lon="-72.5821466">
        <ele>167.85</ele>
      </trkpt>
      <trkpt lat="45.2917751" lon="-72.58096">
        <ele>168.44</ele>
      </trkpt>
      <trkpt lat="45.2915534" lon="-72.5797733">
        <ele>173.8</ele>
      </trkpt>
      <trkpt lat="45.2913317" lon="-72.5785866">
        <ele>177.75</ele>
      </trkpt>
      <trkpt lat="45.29111" lon="-72.5774">
        <ele>180.77</ele>
      </trkpt>
      <trkpt lat="45.29102" lon="-72.57675">
        <ele>181.78</ele>
      </trkpt>
      <trkpt lat="45.29096" lon="-72.57621">
        <ele>182.69</ele>
      </trkpt>
      <trkpt lat="45.29092" lon="-72.57548">
        <ele>183.73</ele>
      </trkpt>
      <trkpt lat="45.290182" lon="-72.575526">
        <ele>183.07</ele>
      </trkpt>
      <trkpt lat="45.289444" lon="-72.575572">
        <ele>185.22</ele>
      </trkpt>
      <trkpt lat="45.288706" lon="-72.575618">
        <ele>185.15</ele>
      </trkpt>
      <trkpt lat="45.287968" lon="-72.575664">
        <ele>185.02</ele>
      </trkpt>
      <trkpt lat="45.28723" lon="-72.57571">
        <ele>186.34</ele>
      </trkpt>
      <trkpt lat="45.28714" lon="-72.57572">
        <ele>186.61</ele>
      </trkpt>
      <trkpt lat="45.286675" lon="-72.57576">
        <ele>187.97</ele>
      </trkpt>
      <trkpt lat="45.28621" lon="-72.5758">
        <ele>189.33</ele>
      </trkpt>
      <trkpt lat="45.285364" lon="-72.57583">
        <ele>193.65</ele>
      </trkpt>
      <trkpt lat="45.284518" lon="-72.57586">
        <ele>197.41</ele>
      </trkpt>
      <trkpt lat="45.283672" lon="-72.57589">
        <ele>199</ele>
      </trkpt>
      <trkpt lat="45.282826" lon="-72.57592">
        <ele>200.24</ele>
      </trkpt>
      <trkpt lat="45.28198" lon="-72.57595">
        <ele>200.68</ele>
      </trkpt>
      <trkpt lat="45.281132" lon="-72.575984">
        <ele>201.24</ele>
      </trkpt>
      <trkpt lat="45.280284" lon="-72.576018">
        <ele>202.28</ele>
      </trkpt>
      <trkpt lat="45.279436" lon="-72.576052">
        <ele>202.11</ele>
      </trkpt>
      <trkpt lat="45.278588" lon="-72.576086">
        <ele>203.88</ele>
      </trkpt>
      <trkpt lat="45.27774" lon="-72.57612">
        <ele>204.81</ele>
      </trkpt>
      <trkpt lat="45.276892" lon="-72.576154">
        <ele>207.02</ele>
      </trkpt>
      <trkpt lat="45.276044" lon="-72.576188">
        <ele>206.92</ele>
      </trkpt>
      <trkpt lat="45.275196" lon="-72.576222">
        <ele>208.35</ele>
      </trkpt>
      <trkpt lat="45.274348" lon="-72.576256">
        <ele>205.52</ele>
      </trkpt>
      <trkpt lat="45.2735" lon="-72.57629">
        <ele>205.61</ele>
      </trkpt>
      <trkpt lat="45.272745" lon="-72.57633">
        <ele>202.78</ele>
      </trkpt>
      <trkpt lat="45.27199" lon="-72.57637">
        <ele>201.37</ele>
      </trkpt>
      <trkpt lat="45.2711467" lon="-72.57637">
        <ele>200.29</ele>
      </trkpt>
      <trkpt lat="45.2703033" lon="-72.57637">
        <ele>200.34</ele>
      </trkpt>
      <trkpt lat="45.26946" lon="-72.57637">
        <ele>199.63</ele>
      </trkpt>
      <trkpt lat="45.26859" lon="-72.5763775">
        <ele>197.5</ele>
      </trkpt>
      <trkpt lat="45.26772" lon="-72.576385">
        <ele>197.48</ele>
      </trkpt>
      <trkpt lat="45.26685" lon="-72.5763925">
        <ele>197.81</ele>
      </trkpt>
      <trkpt lat="45.26598" lon="-72.5764">
        <ele>198.48</ele>
      </trkpt>
      <trkpt lat="45.26511" lon="-72.5764075">
        <ele>200.61</ele>
      </trkpt>
      <trkpt lat="45.26424" lon="-72.576415">
        <ele>203.25</ele>
      </trkpt>
      <trkpt lat="45.26337" lon="-72.5764225">
        <ele>201.78</ele>
      </trkpt>
      <trkpt lat="45.2625" lon="-72.57643">
        <ele>201.85</ele>
      </trkpt>
      <trkpt lat="45.2624" lon="-72.57643">
        <ele>201.94</ele>
      </trkpt>
      <trkpt lat="45.261705" lon="-72.57644">
        <ele>202.41</ele>
      </trkpt>
      <trkpt lat="45.26101" lon="-72.57645">
        <ele>203</ele>
      </trkpt>
      <trkpt lat="45.260315" lon="-72.57646">
        <ele>203.84</ele>
      </trkpt>
      <trkpt lat="45.25962" lon="-72.57647">
        <ele>204.78</ele>
      </trkpt>
      <trkpt lat="45.25944" lon="-72.57625">
        <ele>204.73</ele>
      </trkpt>
      <trkpt lat="45.25935" lon="-72.57598">
        <ele>204.5</ele>
      </trkpt>
      <trkpt lat="45.25941" lon="-72.57526">
        <ele>203.81</ele>
      </trkpt>
      <trkpt lat="45.25945" lon="-72.5740656">
        <ele>202.56</ele>
      </trkpt>
      <trkpt lat="45.2594901" lon="-72.5728711">
        <ele>201.59</ele>
      </trkpt>
      <trkpt lat="45.2595301" lon="-72.5716767">
        <ele>201.12</ele>
      </trkpt>
      <trkpt lat="45.2595701" lon="-72.5704822">
        <ele>200.86</ele>
      </trkpt>
      <trkpt lat="45.2596101" lon="-72.5692878">
        <ele>199.89</ele>
      </trkpt>
      <trkpt lat="45.2596501" lon="-72.5680933">
        <ele>201.07</ele>
      </trkpt>
      <trkpt lat="45.2596901" lon="-72.5668989">
        <ele>201.69</ele>
      </trkpt>
      <trkpt lat="45.25973" lon="-72.5657045">
        <ele>204.4</ele>
      </trkpt>
      <trkpt lat="45.25977" lon="-72.56451">
        <ele>207.5</ele>
      </trkpt>
      <trkpt lat="45.25982" lon="-72.5632886">
        <ele>210.06</ele>
      </trkpt>
      <trkpt lat="45.2598701" lon="-72.5620672">
        <ele>213.4</ele>
      </trkpt>
      <trkpt lat="45.2599201" lon="-72.5608457">
        <ele>219.1</ele>
      </trkpt>
      <trkpt lat="45.2599701" lon="-72.5596243">
        <ele>221.11</ele>
      </trkpt>
      <trkpt lat="45.2600201" lon="-72.5584029">
        <ele>222.5</ele>
      </trkpt>
      <trkpt lat="45.26007" lon="-72.5571814">
        <ele>222.29</ele>
      </trkpt>
      <trkpt lat="45.26012" lon="-72.55596">
        <ele>221.89</ele>
      </trkpt>
      <trkpt lat="45.26011" lon="-72.55556">
        <ele>221.84</ele>
      </trkpt>
      <trkpt lat="45.26006" lon="-72.55535">
        <ele>221.8</ele>
      </trkpt>
      <trkpt lat="45.25994" lon="-72.55529">
        <ele>221.54</ele>
      </trkpt>
      <trkpt lat="45.2590443" lon="-72.55533">
        <ele>220.14</ele>
      </trkpt>
      <trkpt lat="45.2581486" lon="-72.55537">
        <ele>215.57</ele>
      </trkpt>
      <trkpt lat="45.2572529" lon="-72.55541">
        <ele>210.47</ele>
      </trkpt>
      <trkpt lat="45.2563571" lon="-72.55545">
        <ele>207.48</ele>
      </trkpt>
      <trkpt lat="45.2554614" lon="-72.55549">
        <ele>206.46</ele>
      </trkpt>
      <trkpt lat="45.2545657" lon="-72.55553">
        <ele>205.94</ele>
      </trkpt>
      <trkpt lat="45.25367" lon="-72.55557">
        <ele>207.43</ele>
      </trkpt>
      <trkpt lat="45.25368" lon="-72.55557">
        <ele>207.43</ele>
      </trkpt>
      <trkpt lat="45.253075" lon="-72.555605">
        <ele>206.31</ele>
      </trkpt>
      <trkpt lat="45.25247" lon="-72.55564">
        <ele>204.2</ele>
      </trkpt>
      <trkpt lat="45.251765" lon="-72.5556425">
        <ele>203.13</ele>
      </trkpt>
      <trkpt lat="45.25106" lon="-72.555645">
        <ele>202.66</ele>
      </trkpt>
      <trkpt lat="45.250355" lon="-72.5556475">
        <ele>201.21</ele>
      </trkpt>
      <trkpt lat="45.24965" lon="-72.55565">
        <ele>200.09</ele>
      </trkpt>
      <trkpt lat="45.24942" lon="-72.55564">
        <ele>199.94</ele>
      </trkpt>
      <trkpt lat="45.24879" lon="-72.55528">
        <ele>200.12</ele>
      </trkpt>
      <trkpt lat="45.2480567" lon="-72.5547933">
        <ele>200.28</ele>
      </trkpt>
      <trkpt lat="45.2473233" lon="-72.5543067">
        <ele>201.55</ele>
      </trkpt>
      <trkpt lat="45.24659" lon="-72.55382">
        <ele>200.38</ele>
      </trkpt>
      <trkpt lat="45.24641" lon="-72.55395">
        <ele>199.91</ele>
      </trkpt>
      <trkpt lat="45.24613" lon="-72.55404">
        <ele>199.88</ele>
      </trkpt>
      <trkpt lat="45.24568" lon="-72.55404">
        <ele>200.98</ele>
      </trkpt>
      <trkpt lat="45.2449575" lon="-72.55397">
        <ele>203.59</ele>
      </trkpt>
      <trkpt lat="45.244235" lon="-72.5539">
        <ele>206.38</ele>
      </trkpt>
      <trkpt lat="45.2435125" lon="-72.55383">
        <ele>211.45</ele>
      </trkpt>
      <trkpt lat="45.24279" lon="-72.55376">
        <ele>216.77</ele>
      </trkpt>
      <trkpt lat="45.24226" lon="-72.55375">
        <ele>221.87</ele>
      </trkpt>
      <trkpt lat="45.24171" lon="-72.5537">
        <ele>225.56</ele>
      </trkpt>
      <trkpt lat="45.2410533" lon="-72.5536633">
        <ele>230.63</ele>
      </trkpt>
      <trkpt lat="45.2403967" lon="-72.5536267">
        <ele>238.39</ele>
      </trkpt>
      <trkpt lat="45.23974" lon="-72.55359">
        <ele>243.08</ele>
      </trkpt>
      <trkpt lat="45.23983" lon="-72.55359">
        <ele>242.55</ele>
      </trkpt>
      <trkpt lat="45.239265" lon="-72.55356">
        <ele>246.92</ele>
      </trkpt>
      <trkpt lat="45.2387" lon="-72.55353">
        <ele>249.5</ele>
      </trkpt>
      <trkpt lat="45.23827" lon="-72.55351">
        <ele>250.84</ele>
      </trkpt>
      <trkpt lat="45.23765" lon="-72.55354">
        <ele>255.23</ele>
      </trkpt>
      <trkpt lat="45.23752" lon="-72.55355">
        <ele>257.08</ele>
      </trkpt>
      <trkpt lat="45.23741" lon="-72.5536">
        <ele>257.97</ele>
      </trkpt>
      <trkpt lat="45.2369" lon="-72.554005">
        <ele>262.43</ele>
      </trkpt>
      <trkpt lat="45.23639" lon="-72.55441">
        <ele>266.02</ele>
      </trkpt>
      <trkpt lat="45.23617" lon="-72.55453">
        <ele>268.27</ele>
      </trkpt>
      <trkpt lat="45.236" lon="-72.55459">
        <ele>271.19</ele>
      </trkpt>
      <trkpt lat="45.23579" lon="-72.55462">
        <ele>274.49</ele>
      </trkpt>
      <trkpt lat="45.23555" lon="-72.55462">
        <ele>277.43</ele>
      </trkpt>
      <trkpt lat="45.23544" lon="-72.55458">
        <ele>278.45</ele>
      </trkpt>
      <trkpt lat="45.23529" lon="-72.5545">
        <ele>280.21</ele>
      </trkpt>
      <trkpt lat="45.23514" lon="-72.55427">
        <ele>281.54</ele>
      </trkpt>
      <trkpt lat="45.235" lon="-72.55399">
        <ele>281.67</ele>
      </trkpt>
      <trkpt lat="45.23493" lon="-72.55359">
        <ele>280</ele>
      </trkpt>
      <trkpt lat="45.23492" lon="-72.55269">
        <ele>275.72</ele>
      </trkpt>
      <trkpt lat="45.23492" lon="-72.55279">
        <ele>276.09</ele>
      </trkpt>
      <trkpt lat="45.23492" lon="-72.552095">
        <ele>273.15</ele>
      </trkpt>
      <trkpt lat="45.23492" lon="-72.5514">
        <ele>271.37</ele>
      </trkpt>
      <trkpt lat="45.23495" lon="-72.55131">
        <ele>271.37</ele>
      </trkpt>
      <trkpt lat="45.23513" lon="-72.55108">
        <ele>269.46</ele>
      </trkpt>
      <trkpt lat="45.23522" lon="-72.55091">
        <ele>268.56</ele>
      </trkpt>
      <trkpt lat="45.23525" lon="-72.55081">
        <ele>268.38</ele>
      </trkpt>
      <trkpt lat="45.23525" lon="-72.5501">
        <ele>268.44</ele>
      </trkpt>
      <trkpt lat="45.234375" lon="-72.54999">
        <ele>273.99</ele>
      </trkpt>
      <trkpt lat="45.2335" lon="-72.54988">
        <ele>281.2</ele>
      </trkpt>
      <trkpt lat="45.232655" lon="-72.549765">
        <ele>285.33</ele>
      </trkpt>
      <trkpt lat="45.23181" lon="-72.54965">
        <ele>288.18</ele>
      </trkpt>
      <trkpt lat="45.23135" lon="-72.54971">
        <ele>288.2</ele>
      </trkpt>
      <trkpt lat="45.2306" lon="-72.54989">
        <ele>285.78</ele>
      </trkpt>
      <trkpt lat="45.230065" lon="-72.550075">
        <ele>283.72</ele>
      </trkpt>
      <trkpt lat="45.22953" lon="-72.55026">
        <ele>279.95</ele>
      </trkpt>
      <trkpt lat="45.2296" lon="-72.55023">
        <ele>280.32</ele>
      </trkpt>
      <trkpt lat="45.2287633" lon="-72.5505133">
        <ele>275.56</ele>
      </trkpt>
      <trkpt lat="45.2279267" lon="-72.5507967">
        <ele>273.3</ele>
      </trkpt>
      <trkpt lat="45.22709" lon="-72.55108">
        <ele>275</ele>
      </trkpt>
      <trkpt lat="45.2262967" lon="-72.5513333">
        <ele>275.75</ele>
      </trkpt>
      <trkpt lat="45.2255033" lon="-72.5515867">
        <ele>275.65</ele>
      </trkpt>
      <trkpt lat="45.22471" lon="-72.55184">
        <ele>278.45</ele>
      </trkpt>
      <trkpt lat="45.22452" lon="-72.55185">
        <ele>278.64</ele>
      </trkpt>
      <trkpt lat="45.224035" lon="-72.55187">
        <ele>278.65</ele>
      </trkpt>
      <trkpt lat="45.22355" lon="-72.55189">
        <ele>277.5</ele>
      </trkpt>
      <trkpt lat="45.2233" lon="-72.55188">
        <ele>275.93</ele>
      </trkpt>
      <trkpt lat="45.2228" lon="-72.55176">
        <ele>273.78</ele>
      </trkpt>
      <trkpt lat="45.222755" lon="-72.551115">
        <ele>268.8</ele>
      </trkpt>
      <trkpt lat="45.22271" lon="-72.55047">
        <ele>264.29</ele>
      </trkpt>
      <trkpt lat="45.2226967" lon="-72.54936">
        <ele>258.52</ele>
      </trkpt>
      <trkpt lat="45.2226833" lon="-72.54825">
        <ele>254.61</ele>
      </trkpt>
      <trkpt lat="45.22267" lon="-72.54714">
        <ele>253.03</ele>
      </trkpt>
      <trkpt lat="45.222635" lon="-72.545895">
        <ele>256</ele>
      </trkpt>
      <trkpt lat="45.2226" lon="-72.54465">
        <ele>254.43</ele>
      </trkpt>
      <trkpt lat="45.22258" lon="-72.54459">
        <ele>254.43</ele>
      </trkpt>
      <trkpt lat="45.22242" lon="-72.54426">
        <ele>253.08</ele>
      </trkpt>
      <trkpt lat="45.22198" lon="-72.54353">
        <ele>247.62</ele>
      </trkpt>
      <trkpt lat="45.22154" lon="-72.5428">
        <ele>244.55</ele>
      </trkpt>
      <trkpt lat="45.22139" lon="-72.5424">
        <ele>241.78</ele>
      </trkpt>
      <trkpt lat="45.22136" lon="-72.54209">
        <ele>239.79</ele>
      </trkpt>
      <trkpt lat="45.22141" lon="-72.54174">
        <ele>238.02</ele>
      </trkpt>
      <trkpt lat="45.22148" lon="-72.54159">
        <ele>236.63</ele>
      </trkpt>
      <trkpt lat="45.22159" lon="-72.54145">
        <ele>234.2</ele>
      </trkpt>
      <trkpt lat="45.22193" lon="-72.5411">
        <ele>231.57</ele>
      </trkpt>
      <trkpt lat="45.22203" lon="-72.54096">
        <ele>229.66</ele>
      </trkpt>
      <trkpt lat="45.22232" lon="-72.54042">
        <ele>224.82</ele>
      </trkpt>
      <trkpt lat="45.22248" lon="-72.54007">
        <ele>223.01</ele>
      </trkpt>
      <trkpt lat="45.22259" lon="-72.53977">
        <ele>219.97</ele>
      </trkpt>
      <trkpt lat="45.22263" lon="-72.53954">
        <ele>218.53</ele>
      </trkpt>
      <trkpt lat="45.22246" lon="-72.53855">
        <ele>212.76</ele>
      </trkpt>
      <trkpt lat="45.22242" lon="-72.5376867">
        <ele>211.63</ele>
      </trkpt>
      <trkpt lat="45.22238" lon="-72.5368233">
        <ele>205.16</ele>
      </trkpt>
      <trkpt lat="45.22234" lon="-72.53596">
        <ele>199.98</ele>
      </trkpt>
      <trkpt lat="45.222325" lon="-72.53497">
        <ele>199.42</ele>
      </trkpt>
      <trkpt lat="45.22231" lon="-72.53398">
        <ele>201.13</ele>
      </trkpt>
      <trkpt lat="45.22235" lon="-72.533">
        <ele>201.98</ele>
      </trkpt>
      <trkpt lat="45.22233" lon="-72.53248">
        <ele>202.15</ele>
      </trkpt>
    </trkseg>
  </trk>
</gpx>