<?xml version='1.0' encoding='utf-8'?>
<gpx xmlns="http://www.topografix.com/GPX/1/1" xmlns:xsi="http://www.w3.org/2001/XMLSchema-instance" version="1.1" creator="Gravelle Estrie" xsi:schemaLocation="http://www.topografix.com/GPX/1/1 http://www.topografix.com/GPX/1/1/gpx.xsd">
  <metadata>
    <name>Autumn Leaves</name>
  </metadata>
  <trk>
    <name>Autumn Leaves</name>
    <trkseg>
      <trkpt lat="45.31762" lon="-72.65243">
        <ele>125.52</ele>
      </trkpt>
      <trkpt lat="45.31771" lon="-72.65245">
        <ele>125.64</ele>
      </trkpt>
      <trkpt lat="45.31776" lon="-72.6524">
        <ele>125.72</ele>
      </trkpt>
      <trkpt lat="45.317905" lon="-72.651685">
        <ele>126.72</ele>
      </trkpt>
      <trkpt lat="45.31805" lon="-72.65097">
        <ele>126.79</ele>
      </trkpt>
      <trkpt lat="45.31808" lon="-72.65092">
        <ele>127.09</ele>
      </trkpt>
      <trkpt lat="45.31815" lon="-72.65088">
        <ele>127.09</ele>
      </trkpt>
      <trkpt lat="45.31855" lon="-72.65106">
        <ele>129</ele>
      </trkpt>
      <trkpt lat="45.31925" lon="-72.65145">
        <ele>130.52</ele>
      </trkpt>
      <trkpt lat="45.31935" lon="-72.65146">
        <ele>130.47</ele>
      </trkpt>
      <trkpt lat="45.3194" lon="-72.65149">
        <ele>130.47</ele>
      </trkpt>
      <trkpt lat="45.31969" lon="-72.650385">
        <ele>129.87</ele>
      </trkpt>
      <trkpt lat="45.31998" lon="-72.64928">
        <ele>124.76</ele>
      </trkpt>
      <trkpt lat="45.31998" lon="-72.64929">
        <ele>124.85</ele>
      </trkpt>
      <trkpt lat="45.32029" lon="-72.64856">
        <ele>121.09</ele>
      </trkpt>
      <trkpt lat="45.32074" lon="-72.64772">
        <ele>120.48</ele>
      </trkpt>
      <trkpt lat="45.32085" lon="-72.64775">
        <ele>120.43</ele>
      </trkpt>
      <trkpt lat="45.32088" lon="-72.64756">
        <ele>120.65</ele>
      </trkpt>
      <trkpt lat="45.32079" lon="-72.64753">
        <ele>120.65</ele>
      </trkpt>
      <trkpt lat="45.32126" lon="-72.64663">
        <ele>122.59</ele>
      </trkpt>
      <trkpt lat="45.32173" lon="-72.64573">
        <ele>126.34</ele>
      </trkpt>
      <trkpt lat="45.32199" lon="-72.6452">
        <ele>128.1</ele>
      </trkpt>
      <trkpt lat="45.32226" lon="-72.64451">
        <ele>129.56</ele>
      </trkpt>
      <trkpt lat="45.32236" lon="-72.64457">
        <ele>129.49</ele>
      </trkpt>
      <trkpt lat="45.32258" lon="-72.64381">
        <ele>130.62</ele>
      </trkpt>
      <trkpt lat="45.32268" lon="-72.64358">
        <ele>130.95</ele>
      </trkpt>
      <trkpt lat="45.32284" lon="-72.6433">
        <ele>131.11</ele>
      </trkpt>
      <trkpt lat="45.3229" lon="-72.64269">
        <ele>132.53</ele>
      </trkpt>
      <trkpt lat="45.32297" lon="-72.64233">
        <ele>132.98</ele>
      </trkpt>
      <trkpt lat="45.32307" lon="-72.64227">
        <ele>133.12</ele>
      </trkpt>
      <trkpt lat="45.32306" lon="-72.64215">
        <ele>133.82</ele>
      </trkpt>
      <trkpt lat="45.32317" lon="-72.64174">
        <ele>134.61</ele>
      </trkpt>
      <trkpt lat="45.32323" lon="-72.64161">
        <ele>135.52</ele>
      </trkpt>
      <trkpt lat="45.32326" lon="-72.64142">
        <ele>135.52</ele>
      </trkpt>
      <trkpt lat="45.32306" lon="-72.64136">
        <ele>135.84</ele>
      </trkpt>
      <trkpt lat="45.323205" lon="-72.640725">
        <ele>136.81</ele>
      </trkpt>
      <trkpt lat="45.32335" lon="-72.64009">
        <ele>137.9</ele>
      </trkpt>
      <trkpt lat="45.323575" lon="-72.6391625">
        <ele>139.07</ele>
      </trkpt>
      <trkpt lat="45.3238" lon="-72.638235">
        <ele>139.84</ele>
      </trkpt>
      <trkpt lat="45.324025" lon="-72.6373075">
        <ele>141.66</ele>
      </trkpt>
      <trkpt lat="45.32425" lon="-72.63638">
        <ele>142.64</ele>
      </trkpt>
      <trkpt lat="45.3244" lon="-72.635705">
        <ele>144.34</ele>
      </trkpt>
      <trkpt lat="45.32455" lon="-72.63503">
        <ele>146.12</ele>
      </trkpt>
      <trkpt lat="45.324765" lon="-72.634135">
        <ele>147.6</ele>
      </trkpt>
      <trkpt lat="45.32498" lon="-72.63324">
        <ele>148.88</ele>
      </trkpt>
      <trkpt lat="45.32514" lon="-72.63275">
        <ele>149.23</ele>
      </trkpt>
      <trkpt lat="45.32523" lon="-72.63253">
        <ele>149.48</ele>
      </trkpt>
      <trkpt lat="45.3254" lon="-72.63224">
        <ele>149.62</ele>
      </trkpt>
      <trkpt lat="45.32507" lon="-72.63211">
        <ele>150.31</ele>
      </trkpt>
      <trkpt lat="45.32498" lon="-72.63208">
        <ele>150.52</ele>
      </trkpt>
      <trkpt lat="45.32425" lon="-72.63221">
        <ele>154.11</ele>
      </trkpt>
      <trkpt lat="45.32407" lon="-72.63221">
        <ele>154.52</ele>
      </trkpt>
      <trkpt lat="45.32384" lon="-72.63212">
        <ele>154.38</ele>
      </trkpt>
      <trkpt lat="45.32376" lon="-72.63207">
        <ele>154.2</ele>
      </trkpt>
      <trkpt lat="45.32376" lon="-72.63207">
        <ele>154.19</ele>
      </trkpt>
      <trkpt lat="45.3229833" lon="-72.6315367">
        <ele>150.52</ele>
      </trkpt>
      <trkpt lat="45.3222067" lon="-72.6310033">
        <ele>147.28</ele>
      </trkpt>
      <trkpt lat="45.32143" lon="-72.63047">
        <ele>145.95</ele>
      </trkpt>
      <trkpt lat="45.32069" lon="-72.62993">
        <ele>144.49</ele>
      </trkpt>
      <trkpt lat="45.31995" lon="-72.62939">
        <ele>143.72</ele>
      </trkpt>
      <trkpt lat="45.3192725" lon="-72.628845">
        <ele>142.09</ele>
      </trkpt>
      <trkpt lat="45.318595" lon="-72.6283">
        <ele>142.3</ele>
      </trkpt>
      <trkpt lat="45.3179175" lon="-72.627755">
        <ele>143.09</ele>
      </trkpt>
      <trkpt lat="45.31724" lon="-72.62721">
        <ele>142.23</ele>
      </trkpt>
      <trkpt lat="45.31724" lon="-72.62721">
        <ele>142.22</ele>
      </trkpt>
      <trkpt lat="45.3166233" lon="-72.6267133">
        <ele>138.23</ele>
      </trkpt>
      <trkpt lat="45.3160067" lon="-72.6262167">
        <ele>136.66</ele>
      </trkpt>
      <trkpt lat="45.31539" lon="-72.62572">
        <ele>137.91</ele>
      </trkpt>
      <trkpt lat="45.3148" lon="-72.62527">
        <ele>137.3</ele>
      </trkpt>
      <trkpt lat="45.31449" lon="-72.62508">
        <ele>138.63</ele>
      </trkpt>
      <trkpt lat="45.31421" lon="-72.62496">
        <ele>139.13</ele>
      </trkpt>
      <trkpt lat="45.31408" lon="-72.62489">
        <ele>139.56</ele>
      </trkpt>
      <trkpt lat="45.31394" lon="-72.62473">
        <ele>139.73</ele>
      </trkpt>
      <trkpt lat="45.31382" lon="-72.62438">
        <ele>139.79</ele>
      </trkpt>
      <trkpt lat="45.313595" lon="-72.62346">
        <ele>138.54</ele>
      </trkpt>
      <trkpt lat="45.31337" lon="-72.62254">
        <ele>137.75</ele>
      </trkpt>
      <trkpt lat="45.31315" lon="-72.62187">
        <ele>136.67</ele>
      </trkpt>
      <trkpt lat="45.31276" lon="-72.62084">
        <ele>136.61</ele>
      </trkpt>
      <trkpt lat="45.31261" lon="-72.62029">
        <ele>139</ele>
      </trkpt>
      <trkpt lat="45.312465" lon="-72.619535">
        <ele>140.4</ele>
      </trkpt>
      <trkpt lat="45.31232" lon="-72.61878">
        <ele>141.65</ele>
      </trkpt>
      <trkpt lat="45.31222" lon="-72.61765">
        <ele>143.31</ele>
      </trkpt>
      <trkpt lat="45.3122467" lon="-72.6164867">
        <ele>144.4</ele>
      </trkpt>
      <trkpt lat="45.3122733" lon="-72.6153233">
        <ele>146.93</ele>
      </trkpt>
      <trkpt lat="45.3123" lon="-72.61416">
        <ele>151.6</ele>
      </trkpt>
      <trkpt lat="45.31229" lon="-72.61394">
        <ele>151.97</ele>
      </trkpt>
      <trkpt lat="45.31224" lon="-72.6135">
        <ele>152.22</ele>
      </trkpt>
      <trkpt lat="45.31219" lon="-72.61323">
        <ele>152.18</ele>
      </trkpt>
      <trkpt lat="45.31209" lon="-72.61287">
        <ele>151.85</ele>
      </trkpt>
      <trkpt lat="45.31172" lon="-72.61193">
        <ele>148.11</ele>
      </trkpt>
      <trkpt lat="45.31144" lon="-72.61129">
        <ele>144.89</ele>
      </trkpt>
      <trkpt lat="45.31136" lon="-72.61113">
        <ele>143.89</ele>
      </trkpt>
      <trkpt lat="45.31126" lon="-72.61099">
        <ele>143.89</ele>
      </trkpt>
      <trkpt lat="45.31106" lon="-72.6108">
        <ele>143.09</ele>
      </trkpt>
      <trkpt lat="45.3104" lon="-72.61028">
        <ele>144.12</ele>
      </trkpt>
      <trkpt lat="45.31012" lon="-72.61004">
        <ele>146.31</ele>
      </trkpt>
      <trkpt lat="45.30986" lon="-72.60965">
        <ele>148.3</ele>
      </trkpt>
      <trkpt lat="45.30973" lon="-72.60937">
        <ele>148.63</ele>
      </trkpt>
      <trkpt lat="45.3096" lon="-72.60886">
        <ele>148.95</ele>
      </trkpt>
      <trkpt lat="45.30939" lon="-72.6076267">
        <ele>148.98</ele>
      </trkpt>
      <trkpt lat="45.30918" lon="-72.6063933">
        <ele>150.14</ele>
      </trkpt>
      <trkpt lat="45.30897" lon="-72.60516">
        <ele>150.78</ele>
      </trkpt>
      <trkpt lat="45.3087967" lon="-72.6041933">
        <ele>150.86</ele>
      </trkpt>
      <trkpt lat="45.3086233" lon="-72.6032267">
        <ele>151.62</ele>
      </trkpt>
      <trkpt lat="45.30845" lon="-72.60226">
        <ele>151.28</ele>
      </trkpt>
      <trkpt lat="45.3082667" lon="-72.6011533">
        <ele>148.38</ele>
      </trkpt>
      <trkpt lat="45.3080833" lon="-72.6000467">
        <ele>148.79</ele>
      </trkpt>
      <trkpt lat="45.3079" lon="-72.59894">
        <ele>149.18</ele>
      </trkpt>
      <trkpt lat="45.30778" lon="-72.598125">
        <ele>151.9</ele>
      </trkpt>
      <trkpt lat="45.30766" lon="-72.59731">
        <ele>153.8</ele>
      </trkpt>
      <trkpt lat="45.30732" lon="-72.59616">
        <ele>154.96</ele>
      </trkpt>
      <trkpt lat="45.30728" lon="-72.59572">
        <ele>155.8</ele>
      </trkpt>
      <trkpt lat="45.3072815" lon="-72.5946157">
        <ele>157.44</ele>
      </trkpt>
      <trkpt lat="45.3072829" lon="-72.5935114">
        <ele>159.18</ele>
      </trkpt>
      <trkpt lat="45.3072843" lon="-72.5924071">
        <ele>158.67</ele>
      </trkpt>
      <trkpt lat="45.3072858" lon="-72.5913029">
        <ele>160</ele>
      </trkpt>
      <trkpt lat="45.3072872" lon="-72.5901986">
        <ele>163.21</ele>
      </trkpt>
      <trkpt lat="45.3072886" lon="-72.5890943">
        <ele>167.96</ele>
      </trkpt>
      <trkpt lat="45.30729" lon="-72.58799">
        <ele>170.69</ele>
      </trkpt>
      <trkpt lat="45.307275" lon="-72.58718">
        <ele>172.87</ele>
      </trkpt>
      <trkpt lat="45.30726" lon="-72.58637">
        <ele>173.43</ele>
      </trkpt>
      <trkpt lat="45.3072567" lon="-72.5851017">
        <ele>172</ele>
      </trkpt>
      <trkpt lat="45.3072534" lon="-72.5838333">
        <ele>166.41</ele>
      </trkpt>
      <trkpt lat="45.3072501" lon="-72.582565">
        <ele>164.24</ele>
      </trkpt>
      <trkpt lat="45.3072467" lon="-72.5812967">
        <ele>167.47</ele>
      </trkpt>
      <trkpt lat="45.3072434" lon="-72.5800283">
        <ele>169.07</ele>
      </trkpt>
      <trkpt lat="45.30724" lon="-72.57876">
        <ele>168.39</ele>
      </trkpt>
      <trkpt lat="45.30724" lon="-72.57876">
        <ele>168.39</ele>
      </trkpt>
      <trkpt lat="45.3072475" lon="-72.577565">
        <ele>169.15</ele>
      </trkpt>
      <trkpt lat="45.307255" lon="-72.57637">
        <ele>170.3</ele>
      </trkpt>
      <trkpt lat="45.3072625" lon="-72.575175">
        <ele>174.57</ele>
      </trkpt>
      <trkpt lat="45.30727" lon="-72.57398">
        <ele>181.8</ele>
      </trkpt>
      <trkpt lat="45.3072833" lon="-72.5728533">
        <ele>185.96</ele>
      </trkpt>
      <trkpt lat="45.3072967" lon="-72.5717267">
        <ele>192.91</ele>
      </trkpt>
      <trkpt lat="45.30731" lon="-72.5706">
        <ele>192.83</ele>
      </trkpt>
      <trkpt lat="45.30734" lon="-72.57015">
        <ele>192.99</ele>
      </trkpt>
      <trkpt lat="45.30742" lon="-72.56963">
        <ele>194.84</ele>
      </trkpt>
      <trkpt lat="45.30756" lon="-72.56896">
        <ele>198.31</ele>
      </trkpt>
      <trkpt lat="45.3076" lon="-72.56855">
        <ele>201.06</ele>
      </trkpt>
      <trkpt lat="45.30758" lon="-72.56814">
        <ele>205.83</ele>
      </trkpt>
      <trkpt lat="45.30744" lon="-72.566975">
        <ele>207.4</ele>
      </trkpt>
      <trkpt lat="45.3073" lon="-72.56581">
        <ele>207.78</ele>
      </trkpt>
      <trkpt lat="45.30727" lon="-72.56505">
        <ele>208.59</ele>
      </trkpt>
      <trkpt lat="45.3072675" lon="-72.56409">
        <ele>210.06</ele>
      </trkpt>
      <trkpt lat="45.307265" lon="-72.56313">
        <ele>213.11</ele>
      </trkpt>
      <trkpt lat="45.3072625" lon="-72.56217">
        <ele>217.55</ele>
      </trkpt>
      <trkpt lat="45.30726" lon="-72.56121">
        <ele>221.32</ele>
      </trkpt>
      <trkpt lat="45.3072667" lon="-72.5601367">
        <ele>223.7</ele>
      </trkpt>
      <trkpt lat="45.3072734" lon="-72.5590633">
        <ele>226.27</ele>
      </trkpt>
      <trkpt lat="45.30728" lon="-72.55799">
        <ele>226.37</ele>
      </trkpt>
      <trkpt lat="45.3072867" lon="-72.5569167">
        <ele>225.69</ele>
      </trkpt>
      <trkpt lat="45.3072934" lon="-72.5558433">
        <ele>225.58</ele>
      </trkpt>
      <trkpt lat="45.3073" lon="-72.55477">
        <ele>225.52</ele>
      </trkpt>
      <trkpt lat="45.3073167" lon="-72.5535467">
        <ele>225.91</ele>
      </trkpt>
      <trkpt lat="45.3073333" lon="-72.5523233">
        <ele>226.86</ele>
      </trkpt>
      <trkpt lat="45.30735" lon="-72.5511">
        <ele>227.33</ele>
      </trkpt>
      <trkpt lat="45.307355" lon="-72.5498233">
        <ele>227.18</ele>
      </trkpt>
      <trkpt lat="45.3073601" lon="-72.5485467">
        <ele>228.81</ele>
      </trkpt>
      <trkpt lat="45.3073651" lon="-72.54727">
        <ele>228.84</ele>
      </trkpt>
      <trkpt lat="45.3073701" lon="-72.5459933">
        <ele>229.31</ele>
      </trkpt>
      <trkpt lat="45.307375" lon="-72.5447167">
        <ele>229.1</ele>
      </trkpt>
      <trkpt lat="45.30738" lon="-72.54344">
        <ele>230.23</ele>
      </trkpt>
      <trkpt lat="45.3073886" lon="-72.5422557">
        <ele>230.46</ele>
      </trkpt>
      <trkpt lat="45.3073972" lon="-72.5410714">
        <ele>231.23</ele>
      </trkpt>
      <trkpt lat="45.3074058" lon="-72.5398871">
        <ele>230.77</ele>
      </trkpt>
      <trkpt lat="45.3074144" lon="-72.5387029">
        <ele>228.03</ele>
      </trkpt>
      <trkpt lat="45.3074229" lon="-72.5375186">
        <ele>225.95</ele>
      </trkpt>
      <trkpt lat="45.3074315" lon="-72.5363343">
        <ele>227.58</ele>
      </trkpt>
      <trkpt lat="45.30744" lon="-72.53515">
        <ele>230.05</ele>
      </trkpt>
      <trkpt lat="45.3074429" lon="-72.5340357">
        <ele>227.92</ele>
      </trkpt>
      <trkpt lat="45.3074458" lon="-72.5329214">
        <ele>226.67</ele>
      </trkpt>
      <trkpt lat="45.3074486" lon="-72.5318071">
        <ele>226.93</ele>
      </trkpt>
      <trkpt lat="45.3074515" lon="-72.5306929">
        <ele>226.15</ele>
      </trkpt>
      <trkpt lat="45.3074543" lon="-72.5295786">
        <ele>224.23</ele>
      </trkpt>
      <trkpt lat="45.3074572" lon="-72.5284643">
        <ele>224.89</ele>
      </trkpt>
      <trkpt lat="45.30746" lon="-72.52735">
        <ele>223.07</ele>
      </trkpt>
      <trkpt lat="45.30746" lon="-72.52736">
        <ele>223.1</ele>
      </trkpt>
      <trkpt lat="45.30749" lon="-72.527">
        <ele>221.27</ele>
      </trkpt>
      <trkpt lat="45.30758" lon="-72.52656">
        <ele>217.89</ele>
      </trkpt>
      <trkpt lat="45.307785" lon="-72.525755">
        <ele>210.46</ele>
      </trkpt>
      <trkpt lat="45.30799" lon="-72.52495">
        <ele>207.16</ele>
      </trkpt>
      <trkpt lat="45.308095" lon="-72.524165">
        <ele>209.3</ele>
      </trkpt>
      <trkpt lat="45.3082" lon="-72.52338">
        <ele>213.13</ele>
      </trkpt>
      <trkpt lat="45.3083" lon="-72.52284">
        <ele>214.26</ele>
      </trkpt>
      <trkpt lat="45.30853" lon="-72.5217975">
        <ele>216.64</ele>
      </trkpt>
      <trkpt lat="45.30876" lon="-72.520755">
        <ele>221.54</ele>
      </trkpt>
      <trkpt lat="45.30899" lon="-72.5197125">
        <ele>222.87</ele>
      </trkpt>
      <trkpt lat="45.30922" lon="-72.51867">
        <ele>225.32</ele>
      </trkpt>
      <trkpt lat="45.3094" lon="-72.51742">
        <ele>226.56</ele>
      </trkpt>
      <trkpt lat="45.309465" lon="-72.516715">
        <ele>227.51</ele>
      </trkpt>
      <trkpt lat="45.30953" lon="-72.51601">
        <ele>228.92</ele>
      </trkpt>
      <trkpt lat="45.30959" lon="-72.51501">
        <ele>230.05</ele>
      </trkpt>
      <trkpt lat="45.30965" lon="-72.51401">
        <ele>230.52</ele>
      </trkpt>
      <trkpt lat="45.30962" lon="-72.513165">
        <ele>227.24</ele>
      </trkpt>
      <trkpt lat="45.30959" lon="-72.51232">
        <ele>225.54</ele>
      </trkpt>
      <trkpt lat="45.30954" lon="-72.51191">
        <ele>226.12</ele>
      </trkpt>
      <trkpt lat="45.30951" lon="-72.51172">
        <ele>226.79</ele>
      </trkpt>
      <trkpt lat="45.30924" lon="-72.51075">
        <ele>231.14</ele>
      </trkpt>
      <trkpt lat="45.30903" lon="-72.51025">
        <ele>227.43</ele>
      </trkpt>
      <trkpt lat="45.30863" lon="-72.50937">
        <ele>223.13</ele>
      </trkpt>
      <trkpt lat="45.30823" lon="-72.50849">
        <ele>222.71</ele>
      </trkpt>
      <trkpt lat="45.30783" lon="-72.50761">
        <ele>226.38</ele>
      </trkpt>
      <trkpt lat="45.3077" lon="-72.50722">
        <ele>227.31</ele>
      </trkpt>
      <trkpt lat="45.30757" lon="-72.50663">
        <ele>226.34</ele>
      </trkpt>
      <trkpt lat="45.30752" lon="-72.50596">
        <ele>223.82</ele>
      </trkpt>
      <trkpt lat="45.307545" lon="-72.504755">
        <ele>222.76</ele>
      </trkpt>
      <trkpt lat="45.30757" lon="-72.50355">
        <ele>223.86</ele>
      </trkpt>
      <trkpt lat="45.30757" lon="-72.5024475">
        <ele>223.63</ele>
      </trkpt>
      <trkpt lat="45.30757" lon="-72.501345">
        <ele>223.2</ele>
      </trkpt>
      <trkpt lat="45.30757" lon="-72.5002425">
        <ele>220.03</ele>
      </trkpt>
      <trkpt lat="45.30757" lon="-72.49914">
        <ele>220.8</ele>
      </trkpt>
      <trkpt lat="45.3082" lon="-72.49932">
        <ele>222.27</ele>
      </trkpt>
      <trkpt lat="45.30848" lon="-72.49933">
        <ele>222.73</ele>
      </trkpt>
      <trkpt lat="45.30883" lon="-72.4993">
        <ele>223.89</ele>
      </trkpt>
      <trkpt lat="45.30868" lon="-72.49864">
        <ele>224.86</ele>
      </trkpt>
      <trkpt lat="45.3083467" lon="-72.49751">
        <ele>225.98</ele>
      </trkpt>
      <trkpt lat="45.3080133" lon="-72.49638">
        <ele>229.96</ele>
      </trkpt>
      <trkpt lat="45.30768" lon="-72.49525">
        <ele>235.45</ele>
      </trkpt>
      <trkpt lat="45.30758" lon="-72.49463">
        <ele>241.34</ele>
      </trkpt>
      <trkpt lat="45.30757" lon="-72.49442">
        <ele>241.34</ele>
      </trkpt>
      <trkpt lat="45.30757" lon="-72.49442">
        <ele>241.28</ele>
      </trkpt>
      <trkpt lat="45.3075625" lon="-72.4934075">
        <ele>247.13</ele>
      </trkpt>
      <trkpt lat="45.307555" lon="-72.492395">
        <ele>251.2</ele>
      </trkpt>
      <trkpt lat="45.3075475" lon="-72.4913825">
        <ele>254.18</ele>
      </trkpt>
      <trkpt lat="45.30754" lon="-72.49037">
        <ele>258.94</ele>
      </trkpt>
      <trkpt lat="45.30752" lon="-72.48957">
        <ele>261.71</ele>
      </trkpt>
      <trkpt lat="45.30745" lon="-72.48905">
        <ele>263.95</ele>
      </trkpt>
      <trkpt lat="45.30741" lon="-72.48882">
        <ele>264.23</ele>
      </trkpt>
      <trkpt lat="45.307195" lon="-72.48799">
        <ele>266.25</ele>
      </trkpt>
      <trkpt lat="45.30698" lon="-72.48716">
        <ele>267.89</ele>
      </trkpt>
      <trkpt lat="45.30689" lon="-72.48707">
        <ele>268.13</ele>
      </trkpt>
      <trkpt lat="45.30683" lon="-72.48706">
        <ele>268.13</ele>
      </trkpt>
      <trkpt lat="45.30678" lon="-72.48706">
        <ele>268.19</ele>
      </trkpt>
      <trkpt lat="45.30646" lon="-72.48719">
        <ele>267.6</ele>
      </trkpt>
      <trkpt lat="45.305785" lon="-72.48748">
        <ele>265.26</ele>
      </trkpt>
      <trkpt lat="45.30511" lon="-72.48777">
        <ele>262.11</ele>
      </trkpt>
      <trkpt lat="45.30465" lon="-72.487935">
        <ele>260.61</ele>
      </trkpt>
      <trkpt lat="45.30419" lon="-72.4881">
        <ele>259.15</ele>
      </trkpt>
      <trkpt lat="45.30375" lon="-72.4883">
        <ele>256.76</ele>
      </trkpt>
      <trkpt lat="45.30321" lon="-72.4885">
        <ele>254.4</ele>
      </trkpt>
      <trkpt lat="45.30307" lon="-72.48858">
        <ele>251.93</ele>
      </trkpt>
      <trkpt lat="45.3028" lon="-72.4888">
        <ele>251.93</ele>
      </trkpt>
      <trkpt lat="45.30209" lon="-72.4895067">
        <ele>248.72</ele>
      </trkpt>
      <trkpt lat="45.30138" lon="-72.4902134">
        <ele>245.91</ele>
      </trkpt>
      <trkpt lat="45.30067" lon="-72.49092">
        <ele>243.32</ele>
      </trkpt>
      <trkpt lat="45.299975" lon="-72.491585">
        <ele>239.56</ele>
      </trkpt>
      <trkpt lat="45.29928" lon="-72.49225">
        <ele>235.01</ele>
      </trkpt>
      <trkpt lat="45.298915" lon="-72.492655">
        <ele>233.04</ele>
      </trkpt>
      <trkpt lat="45.29855" lon="-72.49306">
        <ele>230.67</ele>
      </trkpt>
      <trkpt lat="45.29855" lon="-72.49306">
        <ele>230.62</ele>
      </trkpt>
      <trkpt lat="45.2981" lon="-72.49351">
        <ele>229.79</ele>
      </trkpt>
      <trkpt lat="45.297715" lon="-72.49393">
        <ele>227.83</ele>
      </trkpt>
      <trkpt lat="45.29733" lon="-72.49435">
        <ele>224.39</ele>
      </trkpt>
      <trkpt lat="45.29706" lon="-72.49455">
        <ele>224.51</ele>
      </trkpt>
      <trkpt lat="45.29703" lon="-72.49444">
        <ele>224.84</ele>
      </trkpt>
      <trkpt lat="45.29698" lon="-72.493775">
        <ele>226.67</ele>
      </trkpt>
      <trkpt lat="45.29693" lon="-72.49311">
        <ele>229.2</ele>
      </trkpt>
      <trkpt lat="45.29691" lon="-72.49262">
        <ele>231.65</ele>
      </trkpt>
      <trkpt lat="45.2969167" lon="-72.4914733">
        <ele>235.13</ele>
      </trkpt>
      <trkpt lat="45.2969233" lon="-72.4903267">
        <ele>239.91</ele>
      </trkpt>
      <trkpt lat="45.29693" lon="-72.48918">
        <ele>243.89</ele>
      </trkpt>
      <trkpt lat="45.2969323" lon="-72.4880089">
        <ele>243.71</ele>
      </trkpt>
      <trkpt lat="45.2969345" lon="-72.4868378">
        <ele>244.43</ele>
      </trkpt>
      <trkpt lat="45.2969368" lon="-72.4856667">
        <ele>244.63</ele>
      </trkpt>
      <trkpt lat="45.296939" lon="-72.4844956">
        <ele>244.85</ele>
      </trkpt>
      <trkpt lat="45.2969412" lon="-72.4833244">
        <ele>244.92</ele>
      </trkpt>
      <trkpt lat="45.2969434" lon="-72.4821533">
        <ele>246.41</ele>
      </trkpt>
      <trkpt lat="45.2969456" lon="-72.4809822">
        <ele>248.12</ele>
      </trkpt>
      <trkpt lat="45.2969478" lon="-72.4798111">
        <ele>248.96</ele>
      </trkpt>
      <trkpt lat="45.29695" lon="-72.47864">
        <ele>247.72</ele>
      </trkpt>
      <trkpt lat="45.29696" lon="-72.47835">
        <ele>247.79</ele>
      </trkpt>
      <trkpt lat="45.29702" lon="-72.47811">
        <ele>248.03</ele>
      </trkpt>
      <trkpt lat="45.29732" lon="-72.4769667">
        <ele>248.57</ele>
      </trkpt>
      <trkpt lat="45.29762" lon="-72.4758233">
        <ele>248.29</ele>
      </trkpt>
      <trkpt lat="45.29792" lon="-72.47468">
        <ele>250.25</ele>
      </trkpt>
      <trkpt lat="45.29791" lon="-72.47469">
        <ele>250.18</ele>
      </trkpt>
      <trkpt lat="45.298225" lon="-72.47357">
        <ele>253.77</ele>
      </trkpt>
      <trkpt lat="45.29854" lon="-72.47245">
        <ele>255.38</ele>
      </trkpt>
      <trkpt lat="45.297955" lon="-72.471855">
        <ele>254.64</ele>
      </trkpt>
      <trkpt lat="45.29737" lon="-72.47126">
        <ele>254.43</ele>
      </trkpt>
      <trkpt lat="45.296785" lon="-72.47063">
        <ele>253.37</ele>
      </trkpt>
      <trkpt lat="45.2962" lon="-72.47">
        <ele>251.96</ele>
      </trkpt>
      <trkpt lat="45.2955" lon="-72.4692985">
        <ele>250.59</ele>
      </trkpt>
      <trkpt lat="45.2948" lon="-72.4685971">
        <ele>249.12</ele>
      </trkpt>
      <trkpt lat="45.2941" lon="-72.4678956">
        <ele>248.27</ele>
      </trkpt>
      <trkpt lat="45.2934" lon="-72.4671942">
        <ele>245.97</ele>
      </trkpt>
      <trkpt lat="45.2927" lon="-72.4664928">
        <ele>242.92</ele>
      </trkpt>
      <trkpt lat="45.292" lon="-72.4657914">
        <ele>238.12</ele>
      </trkpt>
      <trkpt lat="45.2913" lon="-72.46509">
        <ele>236.16</ele>
      </trkpt>
      <trkpt lat="45.29062" lon="-72.46448">
        <ele>233.93</ele>
      </trkpt>
      <trkpt lat="45.28994" lon="-72.46387">
        <ele>231.3</ele>
      </trkpt>
      <trkpt lat="45.28922" lon="-72.463255">
        <ele>226.59</ele>
      </trkpt>
      <trkpt lat="45.2885" lon="-72.46264">
        <ele>224.29</ele>
      </trkpt>
      <trkpt lat="45.28889" lon="-72.462205">
        <ele>221.84</ele>
      </trkpt>
      <trkpt lat="45.28928" lon="-72.46177">
        <ele>220.49</ele>
      </trkpt>
      <trkpt lat="45.28942" lon="-72.46159">
        <ele>220.26</ele>
      </trkpt>
      <trkpt lat="45.28952" lon="-72.46141">
        <ele>220.17</ele>
      </trkpt>
      <trkpt lat="45.2896" lon="-72.46123">
        <ele>220.18</ele>
      </trkpt>
      <trkpt lat="45.28971" lon="-72.46083">
        <ele>220.31</ele>
      </trkpt>
      <trkpt lat="45.28975" lon="-72.46011">
        <ele>220.35</ele>
      </trkpt>
      <trkpt lat="45.28963" lon="-72.458945">
        <ele>218.5</ele>
      </trkpt>
      <trkpt lat="45.28951" lon="-72.45778">
        <ele>218.07</ele>
      </trkpt>
      <trkpt lat="45.28952" lon="-72.4572">
        <ele>219.61</ele>
      </trkpt>
      <trkpt lat="45.28955" lon="-72.45693">
        <ele>220.34</ele>
      </trkpt>
      <trkpt lat="45.28975" lon="-72.45577">
        <ele>225.23</ele>
      </trkpt>
      <trkpt lat="45.28981" lon="-72.45532">
        <ele>225.9</ele>
      </trkpt>
      <trkpt lat="45.28988" lon="-72.45442">
        <ele>228.3</ele>
      </trkpt>
      <trkpt lat="45.2899" lon="-72.45324">
        <ele>230.07</ele>
      </trkpt>
      <trkpt lat="45.28992" lon="-72.45206">
        <ele>230.96</ele>
      </trkpt>
      <trkpt lat="45.28995" lon="-72.45114">
        <ele>225.26</ele>
      </trkpt>
      <trkpt lat="45.28998" lon="-72.45022">
        <ele>223.16</ele>
      </trkpt>
      <trkpt lat="45.28999" lon="-72.44918">
        <ele>226.02</ele>
      </trkpt>
      <trkpt lat="45.29" lon="-72.44814">
        <ele>230.71</ele>
      </trkpt>
      <trkpt lat="45.289985" lon="-72.4470975">
        <ele>231.39</ele>
      </trkpt>
      <trkpt lat="45.28997" lon="-72.446055">
        <ele>231.66</ele>
      </trkpt>
      <trkpt lat="45.289955" lon="-72.4450125">
        <ele>234.56</ele>
      </trkpt>
      <trkpt lat="45.28994" lon="-72.44397">
        <ele>240.06</ele>
      </trkpt>
      <trkpt lat="45.28996" lon="-72.44359">
        <ele>239.18</ele>
      </trkpt>
      <trkpt lat="45.29" lon="-72.44337">
        <ele>237.11</ele>
      </trkpt>
      <trkpt lat="45.29028" lon="-72.44243">
        <ele>234.64</ele>
      </trkpt>
      <trkpt lat="45.29056" lon="-72.44149">
        <ele>239.98</ele>
      </trkpt>
      <trkpt lat="45.29077" lon="-72.44084">
        <ele>244.29</ele>
      </trkpt>
      <trkpt lat="45.29098" lon="-72.44019">
        <ele>250.22</ele>
      </trkpt>
      <trkpt lat="45.29115" lon="-72.43952">
        <ele>255.8</ele>
      </trkpt>
      <trkpt lat="45.291285" lon="-72.43887">
        <ele>261.25</ele>
      </trkpt>
      <trkpt lat="45.29142" lon="-72.43822">
        <ele>266.12</ele>
      </trkpt>
      <trkpt lat="45.29158" lon="-72.43754">
        <ele>268.29</ele>
      </trkpt>
      <trkpt lat="45.291735" lon="-72.43694">
        <ele>271.83</ele>
      </trkpt>
      <trkpt lat="45.29189" lon="-72.43634">
        <ele>277.89</ele>
      </trkpt>
      <trkpt lat="45.2922" lon="-72.43531">
        <ele>287.09</ele>
      </trkpt>
      <trkpt lat="45.29229" lon="-72.43459">
        <ele>291.12</ele>
      </trkpt>
      <trkpt lat="45.29238" lon="-72.43427">
        <ele>291.76</ele>
      </trkpt>
      <trkpt lat="45.29247" lon="-72.43402">
        <ele>292.9</ele>
      </trkpt>
      <trkpt lat="45.29282" lon="-72.43347">
        <ele>294.59</ele>
      </trkpt>
      <trkpt lat="45.2934433" lon="-72.43259">
        <ele>296.15</ele>
      </trkpt>
      <trkpt lat="45.2940667" lon="-72.43171">
        <ele>301.28</ele>
      </trkpt>
      <trkpt lat="45.29469" lon="-72.43083">
        <ele>299.08</ele>
      </trkpt>
      <trkpt lat="45.295015" lon="-72.43031">
        <ele>298.49</ele>
      </trkpt>
      <trkpt lat="45.29534" lon="-72.42979">
        <ele>297.13</ele>
      </trkpt>
      <trkpt lat="45.29583" lon="-72.42876">
        <ele>302.16</ele>
      </trkpt>
      <trkpt lat="45.296075" lon="-72.42807">
        <ele>305.73</ele>
      </trkpt>
      <trkpt lat="45.29632" lon="-72.42738">
        <ele>306.17</ele>
      </trkpt>
      <trkpt lat="45.296615" lon="-72.42651">
        <ele>305.55</ele>
      </trkpt>
      <trkpt lat="45.29691" lon="-72.42564">
        <ele>303.94</ele>
      </trkpt>
      <trkpt lat="45.29713" lon="-72.42523">
        <ele>302.87</ele>
      </trkpt>
      <trkpt lat="45.29727" lon="-72.42506">
        <ele>302.19</ele>
      </trkpt>
      <trkpt lat="45.29767" lon="-72.424685">
        <ele>301.79</ele>
      </trkpt>
      <trkpt lat="45.29807" lon="-72.42431">
        <ele>302.52</ele>
      </trkpt>
      <trkpt lat="45.29824" lon="-72.42412">
        <ele>303.1</ele>
      </trkpt>
      <trkpt lat="45.2984" lon="-72.42389">
        <ele>304.14</ele>
      </trkpt>
      <trkpt lat="45.29853" lon="-72.42366">
        <ele>305.29</ele>
      </trkpt>
      <trkpt lat="45.29882" lon="-72.42287">
        <ele>310.13</ele>
      </trkpt>
      <trkpt lat="45.29894" lon="-72.42237">
        <ele>312.66</ele>
      </trkpt>
      <trkpt lat="45.29898" lon="-72.4221">
        <ele>314</ele>
      </trkpt>
      <trkpt lat="45.299" lon="-72.42157">
        <ele>318.3</ele>
      </trkpt>
      <trkpt lat="45.298905" lon="-72.42058">
        <ele>323.01</ele>
      </trkpt>
      <trkpt lat="45.29881" lon="-72.41959">
        <ele>326.14</ele>
      </trkpt>
      <trkpt lat="45.298065" lon="-72.419615">
        <ele>330.95</ele>
      </trkpt>
      <trkpt lat="45.29732" lon="-72.41964">
        <ele>334.46</ele>
      </trkpt>
      <trkpt lat="45.2964233" lon="-72.4196233">
        <ele>337.4</ele>
      </trkpt>
      <trkpt lat="45.2955267" lon="-72.4196067">
        <ele>338.5</ele>
      </trkpt>
      <trkpt lat="45.29463" lon="-72.41959">
        <ele>333.19</ele>
      </trkpt>
      <trkpt lat="45.2938567" lon="-72.4195967">
        <ele>332.09</ele>
      </trkpt>
      <trkpt lat="45.2930833" lon="-72.4196033">
        <ele>338.59</ele>
      </trkpt>
      <trkpt lat="45.29231" lon="-72.41961">
        <ele>340.26</ele>
      </trkpt>
      <trkpt lat="45.29231" lon="-72.41961">
        <ele>340.29</ele>
      </trkpt>
      <trkpt lat="45.29143" lon="-72.4196533">
        <ele>338.83</ele>
      </trkpt>
      <trkpt lat="45.29055" lon="-72.4196967">
        <ele>342.92</ele>
      </trkpt>
      <trkpt lat="45.28967" lon="-72.41974">
        <ele>346.79</ele>
      </trkpt>
      <trkpt lat="45.2889533" lon="-72.4197367">
        <ele>345.49</ele>
      </trkpt>
      <trkpt lat="45.2882367" lon="-72.4197333">
        <ele>343.11</ele>
      </trkpt>
      <trkpt lat="45.28752" lon="-72.41973">
        <ele>341.73</ele>
      </trkpt>
      <trkpt lat="45.286715" lon="-72.41975">
        <ele>339.65</ele>
      </trkpt>
      <trkpt lat="45.28591" lon="-72.41977">
        <ele>337.77</ele>
      </trkpt>
      <trkpt lat="45.28534" lon="-72.41983">
        <ele>334.85</ele>
      </trkpt>
      <trkpt lat="45.284542" lon="-72.419844">
        <ele>333.33</ele>
      </trkpt>
      <trkpt lat="45.283744" lon="-72.419858">
        <ele>333.51</ele>
      </trkpt>
      <trkpt lat="45.282946" lon="-72.419872">
        <ele>334.23</ele>
      </trkpt>
      <trkpt lat="45.282148" lon="-72.419886">
        <ele>331.42</ele>
      </trkpt>
      <trkpt lat="45.28135" lon="-72.4199">
        <ele>326.54</ele>
      </trkpt>
      <trkpt lat="45.28071" lon="-72.419925">
        <ele>322.31</ele>
      </trkpt>
      <trkpt lat="45.28007" lon="-72.41995">
        <ele>324.29</ele>
      </trkpt>
      <trkpt lat="45.2793833" lon="-72.4199533">
        <ele>330.92</ele>
      </trkpt>
      <trkpt lat="45.2786967" lon="-72.4199567">
        <ele>340.06</ele>
      </trkpt>
      <trkpt lat="45.27801" lon="-72.41996">
        <ele>348.9</ele>
      </trkpt>
      <trkpt lat="45.27772" lon="-72.42">
        <ele>351.33</ele>
      </trkpt>
      <trkpt lat="45.27759" lon="-72.42004">
        <ele>351.99</ele>
      </trkpt>
      <trkpt lat="45.27745" lon="-72.42013">
        <ele>352.25</ele>
      </trkpt>
      <trkpt lat="45.2773" lon="-72.42023">
        <ele>352.1</ele>
      </trkpt>
      <trkpt lat="45.27698" lon="-72.42059">
        <ele>351.14</ele>
      </trkpt>
      <trkpt lat="45.276408" lon="-72.421266">
        <ele>349.79</ele>
      </trkpt>
      <trkpt lat="45.275836" lon="-72.421942">
        <ele>346.64</ele>
      </trkpt>
      <trkpt lat="45.275264" lon="-72.422618">
        <ele>340.49</ele>
      </trkpt>
      <trkpt lat="45.274692" lon="-72.423294">
        <ele>333.44</ele>
      </trkpt>
      <trkpt lat="45.27412" lon="-72.42397">
        <ele>332.62</ele>
      </trkpt>
      <trkpt lat="45.27371" lon="-72.42447">
        <ele>333.31</ele>
      </trkpt>
      <trkpt lat="45.27332" lon="-72.425015">
        <ele>332.59</ele>
      </trkpt>
      <trkpt lat="45.27293" lon="-72.42556">
        <ele>330.9</ele>
      </trkpt>
      <trkpt lat="45.2724367" lon="-72.42627">
        <ele>328.25</ele>
      </trkpt>
      <trkpt lat="45.2719433" lon="-72.42698">
        <ele>325.78</ele>
      </trkpt>
      <trkpt lat="45.27145" lon="-72.42769">
        <ele>326.86</ele>
      </trkpt>
      <trkpt lat="45.27085" lon="-72.42853">
        <ele>327</ele>
      </trkpt>
      <trkpt lat="45.27025" lon="-72.42937">
        <ele>326.74</ele>
      </trkpt>
      <trkpt lat="45.269695" lon="-72.430105">
        <ele>325.58</ele>
      </trkpt>
      <trkpt lat="45.26914" lon="-72.43084">
        <ele>323.47</ele>
      </trkpt>
      <trkpt lat="45.268825" lon="-72.431305">
        <ele>322.45</ele>
      </trkpt>
      <trkpt lat="45.26851" lon="-72.43177">
        <ele>321.64</ele>
      </trkpt>
      <trkpt lat="45.26804" lon="-72.4325">
        <ele>320.16</ele>
      </trkpt>
      <trkpt lat="45.2675633" lon="-72.4331833">
        <ele>319.14</ele>
      </trkpt>
      <trkpt lat="45.2670867" lon="-72.4338667">
        <ele>316.54</ele>
      </trkpt>
      <trkpt lat="45.26661" lon="-72.43455">
        <ele>314.49</ele>
      </trkpt>
      <trkpt lat="45.26606" lon="-72.43539">
        <ele>310.02</ele>
      </trkpt>
      <trkpt lat="45.26561" lon="-72.43598">
        <ele>306.29</ele>
      </trkpt>
      <trkpt lat="45.26512" lon="-72.43656">
        <ele>301.84</ele>
      </trkpt>
      <trkpt lat="45.26463" lon="-72.43714">
        <ele>299.77</ele>
      </trkpt>
      <trkpt lat="45.26407" lon="-72.43789">
        <ele>297.44</ele>
      </trkpt>
      <trkpt lat="45.26355" lon="-72.43862">
        <ele>295.28</ele>
      </trkpt>
      <trkpt lat="45.26335" lon="-72.43888">
        <ele>294.74</ele>
      </trkpt>
      <trkpt lat="45.26328" lon="-72.439">
        <ele>294.74</ele>
      </trkpt>
      <trkpt lat="45.26314" lon="-72.43893">
        <ele>294.72</ele>
      </trkpt>
      <trkpt lat="45.26255" lon="-72.43891">
        <ele>293.98</ele>
      </trkpt>
      <trkpt lat="45.26197" lon="-72.438945">
        <ele>291.93</ele>
      </trkpt>
      <trkpt lat="45.26139" lon="-72.43898">
        <ele>288.56</ele>
      </trkpt>
      <trkpt lat="45.26139" lon="-72.43898">
        <ele>288.6</ele>
      </trkpt>
      <trkpt lat="45.26115" lon="-72.43899">
        <ele>287.89</ele>
      </trkpt>
      <trkpt lat="45.260595" lon="-72.439005">
        <ele>289.81</ele>
      </trkpt>
      <trkpt lat="45.26004" lon="-72.43902">
        <ele>291.99</ele>
      </trkpt>
      <trkpt lat="45.25977" lon="-72.43898">
        <ele>292.22</ele>
      </trkpt>
      <trkpt lat="45.25951" lon="-72.43886">
        <ele>292.44</ele>
      </trkpt>
      <trkpt lat="45.25874" lon="-72.43827">
        <ele>297.07</ele>
      </trkpt>
      <trkpt lat="45.25805" lon="-72.43764">
        <ele>303.18</ele>
      </trkpt>
      <trkpt lat="45.25754" lon="-72.4371">
        <ele>309.14</ele>
      </trkpt>
      <trkpt lat="45.25718" lon="-72.43678">
        <ele>309.77</ele>
      </trkpt>
      <trkpt lat="45.25653" lon="-72.43635">
        <ele>308.84</ele>
      </trkpt>
      <trkpt lat="45.25588" lon="-72.43592">
        <ele>308.91</ele>
      </trkpt>
      <trkpt lat="45.25523" lon="-72.43549">
        <ele>308.12</ele>
      </trkpt>
      <trkpt lat="45.254585" lon="-72.435225">
        <ele>314.1</ele>
      </trkpt>
      <trkpt lat="45.25394" lon="-72.43496">
        <ele>318.65</ele>
      </trkpt>
      <trkpt lat="45.25332" lon="-72.43486">
        <ele>322.88</ele>
      </trkpt>
      <trkpt lat="45.2528" lon="-72.43486">
        <ele>324.61</ele>
      </trkpt>
      <trkpt lat="45.25228" lon="-72.43486">
        <ele>328.16</ele>
      </trkpt>
      <trkpt lat="45.25152" lon="-72.43488">
        <ele>332.22</ele>
      </trkpt>
      <trkpt lat="45.25076" lon="-72.43492">
        <ele>337.63</ele>
      </trkpt>
      <trkpt lat="45.25" lon="-72.43496">
        <ele>343.78</ele>
      </trkpt>
      <trkpt lat="45.249395" lon="-72.435045">
        <ele>347.19</ele>
      </trkpt>
      <trkpt lat="45.24879" lon="-72.43513">
        <ele>347.16</ele>
      </trkpt>
      <trkpt lat="45.24845" lon="-72.43514">
        <ele>347.81</ele>
      </trkpt>
      <trkpt lat="45.24761" lon="-72.43513">
        <ele>350.68</ele>
      </trkpt>
      <trkpt lat="45.24707" lon="-72.43506">
        <ele>351.58</ele>
      </trkpt>
      <trkpt lat="45.24659" lon="-72.43504">
        <ele>352.23</ele>
      </trkpt>
      <trkpt lat="45.24624" lon="-72.43499">
        <ele>353.42</ele>
      </trkpt>
      <trkpt lat="45.24607" lon="-72.43497">
        <ele>353.42</ele>
      </trkpt>
      <trkpt lat="45.24582" lon="-72.43499">
        <ele>354.67</ele>
      </trkpt>
      <trkpt lat="45.245335" lon="-72.43508">
        <ele>355.48</ele>
      </trkpt>
      <trkpt lat="45.24485" lon="-72.43517">
        <ele>356.51</ele>
      </trkpt>
      <trkpt lat="45.24431" lon="-72.43529">
        <ele>357.53</ele>
      </trkpt>
      <trkpt lat="45.243555" lon="-72.435525">
        <ele>358.67</ele>
      </trkpt>
      <trkpt lat="45.2428" lon="-72.43576">
        <ele>359.1</ele>
      </trkpt>
      <trkpt lat="45.24211" lon="-72.43593">
        <ele>358.84</ele>
      </trkpt>
      <trkpt lat="45.24188" lon="-72.43602">
        <ele>358.72</ele>
      </trkpt>
      <trkpt lat="45.24123" lon="-72.43634">
        <ele>358.87</ele>
      </trkpt>
      <trkpt lat="45.24089" lon="-72.43655">
        <ele>357.46</ele>
      </trkpt>
      <trkpt lat="45.240375" lon="-72.43696">
        <ele>354.56</ele>
      </trkpt>
      <trkpt lat="45.23986" lon="-72.43737">
        <ele>353.93</ele>
      </trkpt>
      <trkpt lat="45.23921" lon="-72.437975">
        <ele>352.9</ele>
      </trkpt>
      <trkpt lat="45.23856" lon="-72.43858">
        <ele>349.98</ele>
      </trkpt>
      <trkpt lat="45.23822" lon="-72.43884">
        <ele>346.98</ele>
      </trkpt>
      <trkpt lat="45.23777" lon="-72.43925">
        <ele>345.17</ele>
      </trkpt>
      <trkpt lat="45.23753" lon="-72.43942">
        <ele>345.69</ele>
      </trkpt>
      <trkpt lat="45.23731" lon="-72.43951">
        <ele>346.5</ele>
      </trkpt>
      <trkpt lat="45.23699" lon="-72.43956">
        <ele>347.18</ele>
      </trkpt>
      <trkpt lat="45.23613" lon="-72.439595">
        <ele>349.16</ele>
      </trkpt>
      <trkpt lat="45.23527" lon="-72.43963">
        <ele>353.09</ele>
      </trkpt>
      <trkpt lat="45.23477" lon="-72.43966">
        <ele>354.36</ele>
      </trkpt>
      <trkpt lat="45.234185" lon="-72.43968">
        <ele>355.55</ele>
      </trkpt>
      <trkpt lat="45.2336" lon="-72.4397">
        <ele>358.35</ele>
      </trkpt>
      <trkpt lat="45.23336" lon="-72.43973">
        <ele>359.35</ele>
      </trkpt>
      <trkpt lat="45.23292" lon="-72.43973">
        <ele>363.49</ele>
      </trkpt>
      <trkpt lat="45.23293" lon="-72.44068">
        <ele>356.44</ele>
      </trkpt>
      <trkpt lat="45.23292" lon="-72.4416467">
        <ele>347.52</ele>
      </trkpt>
      <trkpt lat="45.23291" lon="-72.4426133">
        <ele>341.68</ele>
      </trkpt>
      <trkpt lat="45.2329" lon="-72.44358">
        <ele>334.96</ele>
      </trkpt>
      <trkpt lat="45.2329" lon="-72.44359">
        <ele>334.98</ele>
      </trkpt>
      <trkpt lat="45.23289" lon="-72.44426">
        <ele>330.32</ele>
      </trkpt>
      <trkpt lat="45.23288" lon="-72.44493">
        <ele>328.46</ele>
      </trkpt>
      <trkpt lat="45.23286" lon="-72.44525">
        <ele>327.71</ele>
      </trkpt>
      <trkpt lat="45.2328" lon="-72.44574">
        <ele>326.2</ele>
      </trkpt>
      <trkpt lat="45.23268" lon="-72.44602">
        <ele>324.68</ele>
      </trkpt>
      <trkpt lat="45.23254" lon="-72.44628">
        <ele>324.68</ele>
      </trkpt>
      <trkpt lat="45.232175" lon="-72.44706">
        <ele>322.71</ele>
      </trkpt>
      <trkpt lat="45.23181" lon="-72.44784">
        <ele>323.44</ele>
      </trkpt>
      <trkpt lat="45.23158" lon="-72.448465">
        <ele>321.41</ele>
      </trkpt>
      <trkpt lat="45.23135" lon="-72.44909">
        <ele>318.23</ele>
      </trkpt>
      <trkpt lat="45.23116" lon="-72.44968">
        <ele>314.7</ele>
      </trkpt>
      <trkpt lat="45.23094" lon="-72.45013">
        <ele>307.93</ele>
      </trkpt>
      <trkpt lat="45.230695" lon="-72.450955">
        <ele>303.59</ele>
      </trkpt>
      <trkpt lat="45.23045" lon="-72.45178">
        <ele>299.91</ele>
      </trkpt>
      <trkpt lat="45.23018" lon="-72.4525">
        <ele>297.09</ele>
      </trkpt>
      <trkpt lat="45.23009" lon="-72.45295">
        <ele>293.68</ele>
      </trkpt>
      <trkpt lat="45.22991" lon="-72.45351">
        <ele>292.09</ele>
      </trkpt>
      <trkpt lat="45.22967" lon="-72.45424">
        <ele>295.5</ele>
      </trkpt>
      <trkpt lat="45.22965" lon="-72.45465">
        <ele>299.25</ele>
      </trkpt>
      <trkpt lat="45.2296" lon="-72.45487">
        <ele>299.66</ele>
      </trkpt>
      <trkpt lat="45.22933" lon="-72.45536">
        <ele>298.63</ele>
      </trkpt>
      <trkpt lat="45.22921" lon="-72.45564">
        <ele>297.01</ele>
      </trkpt>
      <trkpt lat="45.22908" lon="-72.45679">
        <ele>298.86</ele>
      </trkpt>
      <trkpt lat="45.2291" lon="-72.45743">
        <ele>298.25</ele>
      </trkpt>
      <trkpt lat="45.22908" lon="-72.45797">
        <ele>296.28</ele>
      </trkpt>
      <trkpt lat="45.229" lon="-72.45823">
        <ele>295.67</ele>
      </trkpt>
      <trkpt lat="45.22892" lon="-72.45836">
        <ele>295.52</ele>
      </trkpt>
      <trkpt lat="45.22871" lon="-72.45854">
        <ele>295.53</ele>
      </trkpt>
      <trkpt lat="45.22841" lon="-72.45868">
        <ele>296.31</ele>
      </trkpt>
      <trkpt lat="45.22824" lon="-72.45881">
        <ele>297.24</ele>
      </trkpt>
      <trkpt lat="45.22803" lon="-72.459">
        <ele>297.77</ele>
      </trkpt>
      <trkpt lat="45.22785" lon="-72.45934">
        <ele>297.36</ele>
      </trkpt>
      <trkpt lat="45.22766" lon="-72.45989">
        <ele>296.47</ele>
      </trkpt>
      <trkpt lat="45.22761" lon="-72.4602">
        <ele>296.17</ele>
      </trkpt>
      <trkpt lat="45.22762" lon="-72.46051">
        <ele>295.93</ele>
      </trkpt>
      <trkpt lat="45.22768" lon="-72.46074">
        <ele>295.22</ele>
      </trkpt>
      <trkpt lat="45.22788" lon="-72.46105">
        <ele>294.48</ele>
      </trkpt>
      <trkpt lat="45.22806" lon="-72.46127">
        <ele>294.11</ele>
      </trkpt>
      <trkpt lat="45.22825" lon="-72.46158">
        <ele>293.45</ele>
      </trkpt>
      <trkpt lat="45.2283" lon="-72.46178">
        <ele>292.78</ele>
      </trkpt>
      <trkpt lat="45.22829" lon="-72.46204">
        <ele>291.6</ele>
      </trkpt>
      <trkpt lat="45.22815" lon="-72.46257">
        <ele>287.33</ele>
      </trkpt>
      <trkpt lat="45.22797" lon="-72.46312">
        <ele>280.62</ele>
      </trkpt>
      <trkpt lat="45.22774" lon="-72.46369">
        <ele>275.59</ele>
      </trkpt>
      <trkpt lat="45.2276" lon="-72.46392">
        <ele>273.73</ele>
      </trkpt>
      <trkpt lat="45.22752" lon="-72.46415">
        <ele>272.52</ele>
      </trkpt>
      <trkpt lat="45.22749" lon="-72.46454">
        <ele>270.36</ele>
      </trkpt>
      <trkpt lat="45.227485" lon="-72.465345">
        <ele>268.04</ele>
      </trkpt>
      <trkpt lat="45.22748" lon="-72.46615">
        <ele>265.72</ele>
      </trkpt>
      <trkpt lat="45.227518" lon="-72.467354">
        <ele>259.09</ele>
      </trkpt>
      <trkpt lat="45.227556" lon="-72.468558">
        <ele>256.95</ele>
      </trkpt>
      <trkpt lat="45.227594" lon="-72.469762">
        <ele>256.45</ele>
      </trkpt>
      <trkpt lat="45.227632" lon="-72.470966">
        <ele>255.8</ele>
      </trkpt>
      <trkpt lat="45.22767" lon="-72.47217">
        <ele>252.21</ele>
      </trkpt>
      <trkpt lat="45.22767" lon="-72.47217">
        <ele>252.21</ele>
      </trkpt>
      <trkpt lat="45.22768" lon="-72.47238">
        <ele>252.2</ele>
      </trkpt>
      <trkpt lat="45.227775" lon="-72.473475">
        <ele>254.12</ele>
      </trkpt>
      <trkpt lat="45.22787" lon="-72.47457">
        <ele>259.38</ele>
      </trkpt>
      <trkpt lat="45.22786" lon="-72.47506">
        <ele>260.17</ele>
      </trkpt>
      <trkpt lat="45.22781" lon="-72.476">
        <ele>261.58</ele>
      </trkpt>
      <trkpt lat="45.22776" lon="-72.4765">
        <ele>261.86</ele>
      </trkpt>
      <trkpt lat="45.22761" lon="-72.47703">
        <ele>261.32</ele>
      </trkpt>
      <trkpt lat="45.22751" lon="-72.47735">
        <ele>260.46</ele>
      </trkpt>
      <trkpt lat="45.22743" lon="-72.47749">
        <ele>259.71</ele>
      </trkpt>
      <trkpt lat="45.22717" lon="-72.47788">
        <ele>257.78</ele>
      </trkpt>
      <trkpt lat="45.22674" lon="-72.47838">
        <ele>253.63</ele>
      </trkpt>
      <trkpt lat="45.22651" lon="-72.4787">
        <ele>250.54</ele>
      </trkpt>
      <trkpt lat="45.225934" lon="-72.479426">
        <ele>243.42</ele>
      </trkpt>
      <trkpt lat="45.225358" lon="-72.480152">
        <ele>240.35</ele>
      </trkpt>
      <trkpt lat="45.224782" lon="-72.480878">
        <ele>240.15</ele>
      </trkpt>
      <trkpt lat="45.224206" lon="-72.481604">
        <ele>242.32</ele>
      </trkpt>
      <trkpt lat="45.22363" lon="-72.48233">
        <ele>242.19</ele>
      </trkpt>
      <trkpt lat="45.22339" lon="-72.48271">
        <ele>239.37</ele>
      </trkpt>
      <trkpt lat="45.22321" lon="-72.48304">
        <ele>237.9</ele>
      </trkpt>
      <trkpt lat="45.22315" lon="-72.48321">
        <ele>237.64</ele>
      </trkpt>
      <trkpt lat="45.22304" lon="-72.48375">
        <ele>236.8</ele>
      </trkpt>
      <trkpt lat="45.22295" lon="-72.48464">
        <ele>237.13</ele>
      </trkpt>
      <trkpt lat="45.2229367" lon="-72.48591">
        <ele>240.62</ele>
      </trkpt>
      <trkpt lat="45.2229233" lon="-72.48718">
        <ele>244.56</ele>
      </trkpt>
      <trkpt lat="45.22291" lon="-72.48845">
        <ele>245.05</ele>
      </trkpt>
      <trkpt lat="45.22291" lon="-72.48873">
        <ele>244.44</ele>
      </trkpt>
      <trkpt lat="45.22282" lon="-72.4893">
        <ele>243.6</ele>
      </trkpt>
      <trkpt lat="45.2227" lon="-72.48961">
        <ele>242.66</ele>
      </trkpt>
      <trkpt lat="45.22254" lon="-72.48986">
        <ele>242.47</ele>
      </trkpt>
      <trkpt lat="45.22185" lon="-72.4906">
        <ele>244.26</ele>
      </trkpt>
      <trkpt lat="45.22164" lon="-72.49086">
        <ele>244.88</ele>
      </trkpt>
      <trkpt lat="45.22125" lon="-72.49176">
        <ele>245.51</ele>
      </trkpt>
      <trkpt lat="45.22098" lon="-72.492535">
        <ele>245.04</ele>
      </trkpt>
      <trkpt lat="45.22071" lon="-72.49331">
        <ele>244.23</ele>
      </trkpt>
      <trkpt lat="45.22061" lon="-72.49383">
        <ele>242.19</ele>
      </trkpt>
      <trkpt lat="45.22059" lon="-72.49401">
        <ele>240.78</ele>
      </trkpt>
      <trkpt lat="45.22063" lon="-72.49445">
        <ele>238.25</ele>
      </trkpt>
      <trkpt lat="45.22072" lon="-72.49483">
        <ele>235.56</ele>
      </trkpt>
      <trkpt lat="45.220255" lon="-72.49502">
        <ele>233.32</ele>
      </trkpt>
      <trkpt lat="45.21979" lon="-72.49521">
        <ele>229.94</ele>
      </trkpt>
      <trkpt lat="45.21953" lon="-72.49525">
        <ele>226.98</ele>
      </trkpt>
      <trkpt lat="45.219085" lon="-72.49514">
        <ele>219.22</ele>
      </trkpt>
      <trkpt lat="45.21864" lon="-72.49503">
        <ele>214.58</ele>
      </trkpt>
      <trkpt lat="45.21805" lon="-72.49493">
        <ele>210.06</ele>
      </trkpt>
      <trkpt lat="45.21814" lon="-72.49533">
        <ele>210.07</ele>
      </trkpt>
      <trkpt lat="45.21814" lon="-72.49533">
        <ele>210.07</ele>
      </trkpt>
      <trkpt lat="45.21805" lon="-72.49493">
        <ele>210.06</ele>
      </trkpt>
      <trkpt lat="45.2172" lon="-72.49479">
        <ele>208.98</ele>
      </trkpt>
      <trkpt lat="45.2169" lon="-72.49485">
        <ele>208.85</ele>
      </trkpt>
      <trkpt lat="45.21659" lon="-72.49502">
        <ele>209.41</ele>
      </trkpt>
      <trkpt lat="45.21652" lon="-72.49504">
        <ele>209.41</ele>
      </trkpt>
      <trkpt lat="45.21641" lon="-72.49504">
        <ele>211.16</ele>
      </trkpt>
      <trkpt lat="45.21624" lon="-72.49494">
        <ele>211.72</ele>
      </trkpt>
      <trkpt lat="45.21607" lon="-72.49469">
        <ele>213.1</ele>
      </trkpt>
      <trkpt lat="45.215445" lon="-72.493945">
        <ele>219.38</ele>
      </trkpt>
      <trkpt lat="45.21482" lon="-72.4932">
        <ele>226.34</ele>
      </trkpt>
      <trkpt lat="45.21457" lon="-72.49279">
        <ele>229.14</ele>
      </trkpt>
      <trkpt lat="45.21431" lon="-72.49208">
        <ele>231.73</ele>
      </trkpt>
      <trkpt lat="45.2140167" lon="-72.4912">
        <ele>234.62</ele>
      </trkpt>
      <trkpt lat="45.2137233" lon="-72.49032">
        <ele>237.74</ele>
      </trkpt>
      <trkpt lat="45.21343" lon="-72.48944">
        <ele>240.04</ele>
      </trkpt>
      <trkpt lat="45.213165" lon="-72.488695">
        <ele>242.55</ele>
      </trkpt>
      <trkpt lat="45.2129" lon="-72.48795">
        <ele>245.94</ele>
      </trkpt>
      <trkpt lat="45.21276" lon="-72.48778">
        <ele>247.34</ele>
      </trkpt>
      <trkpt lat="45.21201" lon="-72.4871">
        <ele>255.65</ele>
      </trkpt>
      <trkpt lat="45.21126" lon="-72.48648">
        <ele>262.91</ele>
      </trkpt>
      <trkpt lat="45.2106233" lon="-72.4860633">
        <ele>269.87</ele>
      </trkpt>
      <trkpt lat="45.2099867" lon="-72.4856467">
        <ele>270.22</ele>
      </trkpt>
      <trkpt lat="45.20935" lon="-72.48523">
        <ele>266.81</ele>
      </trkpt>
      <trkpt lat="45.20883" lon="-72.48487">
        <ele>269.71</ele>
      </trkpt>
      <trkpt lat="45.20832" lon="-72.48456">
        <ele>274.67</ele>
      </trkpt>
      <trkpt lat="45.20795" lon="-72.48442">
        <ele>278.26</ele>
      </trkpt>
      <trkpt lat="45.20776" lon="-72.48438">
        <ele>279.17</ele>
      </trkpt>
      <trkpt lat="45.20728" lon="-72.48433">
        <ele>285.51</ele>
      </trkpt>
      <trkpt lat="45.20705" lon="-72.48425">
        <ele>287.92</ele>
      </trkpt>
      <trkpt lat="45.20683" lon="-72.48424">
        <ele>290.41</ele>
      </trkpt>
      <trkpt lat="45.20663" lon="-72.48429">
        <ele>291.99</ele>
      </trkpt>
      <trkpt lat="45.20649" lon="-72.48438">
        <ele>296.35</ele>
      </trkpt>
      <trkpt lat="45.206075" lon="-72.484695">
        <ele>299.79</ele>
      </trkpt>
      <trkpt lat="45.20566" lon="-72.48501">
        <ele>303.82</ele>
      </trkpt>
      <trkpt lat="45.20547" lon="-72.48523">
        <ele>306.25</ele>
      </trkpt>
      <trkpt lat="45.20506" lon="-72.4859">
        <ele>310.94</ele>
      </trkpt>
      <trkpt lat="45.204715" lon="-72.48657">
        <ele>312.56</ele>
      </trkpt>
      <trkpt lat="45.20437" lon="-72.48724">
        <ele>313.16</ele>
      </trkpt>
      <trkpt lat="45.20391" lon="-72.4882">
        <ele>314.97</ele>
      </trkpt>
      <trkpt lat="45.2034" lon="-72.48922">
        <ele>314.17</ele>
      </trkpt>
      <trkpt lat="45.20296" lon="-72.4902">
        <ele>312.17</ele>
      </trkpt>
      <trkpt lat="45.20259" lon="-72.49114">
        <ele>310.21</ele>
      </trkpt>
      <trkpt lat="45.2023" lon="-72.491945">
        <ele>309.03</ele>
      </trkpt>
      <trkpt lat="45.20201" lon="-72.49275">
        <ele>308.07</ele>
      </trkpt>
      <trkpt lat="45.202" lon="-72.49276">
        <ele>308.04</ele>
      </trkpt>
      <trkpt lat="45.20161" lon="-72.49382">
        <ele>301.52</ele>
      </trkpt>
      <trkpt lat="45.20158" lon="-72.49396">
        <ele>301.11</ele>
      </trkpt>
      <trkpt lat="45.20161" lon="-72.49495">
        <ele>296.21</ele>
      </trkpt>
      <trkpt lat="45.20176" lon="-72.49566">
        <ele>291.19</ele>
      </trkpt>
      <trkpt lat="45.20205" lon="-72.49647">
        <ele>284.92</ele>
      </trkpt>
      <trkpt lat="45.20234" lon="-72.49728">
        <ele>281.86</ele>
      </trkpt>
      <trkpt lat="45.20248" lon="-72.49776">
        <ele>281.1</ele>
      </trkpt>
      <trkpt lat="45.20259" lon="-72.4979">
        <ele>280.67</ele>
      </trkpt>
      <trkpt lat="45.20291" lon="-72.49853">
        <ele>278.76</ele>
      </trkpt>
      <trkpt lat="45.20323" lon="-72.49929">
        <ele>278.03</ele>
      </trkpt>
      <trkpt lat="45.20355" lon="-72.50005">
        <ele>278.15</ele>
      </trkpt>
      <trkpt lat="45.2039167" lon="-72.5007967">
        <ele>278.45</ele>
      </trkpt>
      <trkpt lat="45.2042833" lon="-72.5015433">
        <ele>278.92</ele>
      </trkpt>
      <trkpt lat="45.20465" lon="-72.50229">
        <ele>278.2</ele>
      </trkpt>
      <trkpt lat="45.20497" lon="-72.50278">
        <ele>275.39</ele>
      </trkpt>
      <trkpt lat="45.205415" lon="-72.503355">
        <ele>269.86</ele>
      </trkpt>
      <trkpt lat="45.20586" lon="-72.50393">
        <ele>266.05</ele>
      </trkpt>
      <trkpt lat="45.20586" lon="-72.50393">
        <ele>266.1</ele>
      </trkpt>
      <trkpt lat="45.20639" lon="-72.50461">
        <ele>261.62</ele>
      </trkpt>
      <trkpt lat="45.20654" lon="-72.50484">
        <ele>260.45</ele>
      </trkpt>
      <trkpt lat="45.20678" lon="-72.50533">
        <ele>257.37</ele>
      </trkpt>
      <trkpt lat="45.20711" lon="-72.506225">
        <ele>253.87</ele>
      </trkpt>
      <trkpt lat="45.20744" lon="-72.50712">
        <ele>250.58</ele>
      </trkpt>
      <trkpt lat="45.20762" lon="-72.50749">
        <ele>249.42</ele>
      </trkpt>
      <trkpt lat="45.20774" lon="-72.5077">
        <ele>247.37</ele>
      </trkpt>
      <trkpt lat="45.20808" lon="-72.50812">
        <ele>246.12</ele>
      </trkpt>
      <trkpt lat="45.20831" lon="-72.50838">
        <ele>241.76</ele>
      </trkpt>
      <trkpt lat="45.208945" lon="-72.509065">
        <ele>236.77</ele>
      </trkpt>
      <trkpt lat="45.20958" lon="-72.50975">
        <ele>230.96</ele>
      </trkpt>
      <trkpt lat="45.20985" lon="-72.51">
        <ele>228.53</ele>
      </trkpt>
      <trkpt lat="45.21035" lon="-72.510485">
        <ele>226.02</ele>
      </trkpt>
      <trkpt lat="45.21085" lon="-72.51097">
        <ele>224.64</ele>
      </trkpt>
      <trkpt lat="45.21125" lon="-72.51128">
        <ele>221.49</ele>
      </trkpt>
      <trkpt lat="45.21147" lon="-72.51137">
        <ele>217.35</ele>
      </trkpt>
      <trkpt lat="45.21215" lon="-72.51156">
        <ele>212</ele>
      </trkpt>
      <trkpt lat="45.2124" lon="-72.51158">
        <ele>210.94</ele>
      </trkpt>
      <trkpt lat="45.21299" lon="-72.51153">
        <ele>210.26</ele>
      </trkpt>
      <trkpt lat="45.21345" lon="-72.511455">
        <ele>208.43</ele>
      </trkpt>
      <trkpt lat="45.21391" lon="-72.51138">
        <ele>207.83</ele>
      </trkpt>
      <trkpt lat="45.21442" lon="-72.511315">
        <ele>206.99</ele>
      </trkpt>
      <trkpt lat="45.21493" lon="-72.51125">
        <ele>207.14</ele>
      </trkpt>
      <trkpt lat="45.21484" lon="-72.51126">
        <ele>207.08</ele>
      </trkpt>
      <trkpt lat="45.21517" lon="-72.51122">
        <ele>207.39</ele>
      </trkpt>
      <trkpt lat="45.21543" lon="-72.51115">
        <ele>207.75</ele>
      </trkpt>
      <trkpt lat="45.21563" lon="-72.51107">
        <ele>208.22</ele>
      </trkpt>
      <trkpt lat="45.21588" lon="-72.51092">
        <ele>209.1</ele>
      </trkpt>
      <trkpt lat="45.216335" lon="-72.510615">
        <ele>208.86</ele>
      </trkpt>
      <trkpt lat="45.21679" lon="-72.51031">
        <ele>206.54</ele>
      </trkpt>
      <trkpt lat="45.21746" lon="-72.50982">
        <ele>206.04</ele>
      </trkpt>
      <trkpt lat="45.21801" lon="-72.50959">
        <ele>207.45</ele>
      </trkpt>
      <trkpt lat="45.21856" lon="-72.50936">
        <ele>214.46</ele>
      </trkpt>
      <trkpt lat="45.21876" lon="-72.50927">
        <ele>216.2</ele>
      </trkpt>
      <trkpt lat="45.21912" lon="-72.50897">
        <ele>217.35</ele>
      </trkpt>
      <trkpt lat="45.21912" lon="-72.50898">
        <ele>217.35</ele>
      </trkpt>
      <trkpt lat="45.21898" lon="-72.5091">
        <ele>217.46</ele>
      </trkpt>
      <trkpt lat="45.21913" lon="-72.50986">
        <ele>215.82</ele>
      </trkpt>
      <trkpt lat="45.21933" lon="-72.51052">
        <ele>214.86</ele>
      </trkpt>
      <trkpt lat="45.219625" lon="-72.51123">
        <ele>212.8</ele>
      </trkpt>
      <trkpt lat="45.21992" lon="-72.51194">
        <ele>211.96</ele>
      </trkpt>
      <trkpt lat="45.21943" lon="-72.512425">
        <ele>208.67</ele>
      </trkpt>
      <trkpt lat="45.21894" lon="-72.51291">
        <ele>204.11</ele>
      </trkpt>
      <trkpt lat="45.21894" lon="-72.51291">
        <ele>204.11</ele>
      </trkpt>
      <trkpt lat="45.218295" lon="-72.513525">
        <ele>202.18</ele>
      </trkpt>
      <trkpt lat="45.21765" lon="-72.51414">
        <ele>202.63</ele>
      </trkpt>
      <trkpt lat="45.21719" lon="-72.514545">
        <ele>204.42</ele>
      </trkpt>
      <trkpt lat="45.21673" lon="-72.51495">
        <ele>208.85</ele>
      </trkpt>
      <trkpt lat="45.21678" lon="-72.51581">
        <ele>212.94</ele>
      </trkpt>
      <trkpt lat="45.21682" lon="-72.51616">
        <ele>213.74</ele>
      </trkpt>
      <trkpt lat="45.21709" lon="-72.51715">
        <ele>214.92</ele>
      </trkpt>
      <trkpt lat="45.21715" lon="-72.51751">
        <ele>214.78</ele>
      </trkpt>
      <trkpt lat="45.21715" lon="-72.51751">
        <ele>214.78</ele>
      </trkpt>
      <trkpt lat="45.2172" lon="-72.51806">
        <ele>214.28</ele>
      </trkpt>
      <trkpt lat="45.21719" lon="-72.51836">
        <ele>213.83</ele>
      </trkpt>
      <trkpt lat="45.21709" lon="-72.51929">
        <ele>212.57</ele>
      </trkpt>
      <trkpt lat="45.21697" lon="-72.52018">
        <ele>212.08</ele>
      </trkpt>
      <trkpt lat="45.21741" lon="-72.52033">
        <ele>209.52</ele>
      </trkpt>
      <trkpt lat="45.2177" lon="-72.52033">
        <ele>209.2</ele>
      </trkpt>
      <trkpt lat="45.21814" lon="-72.52022">
        <ele>209.62</ele>
      </trkpt>
      <trkpt lat="45.21846" lon="-72.52019">
        <ele>209.51</ele>
      </trkpt>
      <trkpt lat="45.21854" lon="-72.5202">
        <ele>209.24</ele>
      </trkpt>
      <trkpt lat="45.21866" lon="-72.52027">
        <ele>209.24</ele>
      </trkpt>
      <trkpt lat="45.21881" lon="-72.52041">
        <ele>209.06</ele>
      </trkpt>
      <trkpt lat="45.21922" lon="-72.52095">
        <ele>209.11</ele>
      </trkpt>
      <trkpt lat="45.21922" lon="-72.52096">
        <ele>209.12</ele>
      </trkpt>
      <trkpt lat="45.21984" lon="-72.52183">
        <ele>205.97</ele>
      </trkpt>
      <trkpt lat="45.2204133" lon="-72.5227166">
        <ele>202.46</ele>
      </trkpt>
      <trkpt lat="45.2209867" lon="-72.5236033">
        <ele>200.6</ele>
      </trkpt>
      <trkpt lat="45.22156" lon="-72.52449">
        <ele>201.89</ele>
      </trkpt>
      <trkpt lat="45.22093" lon="-72.52511">
        <ele>202.76</ele>
      </trkpt>
      <trkpt lat="45.2212133" lon="-72.5261267">
        <ele>202.09</ele>
      </trkpt>
      <trkpt lat="45.2214967" lon="-72.5271433">
        <ele>201.92</ele>
      </trkpt>
      <trkpt lat="45.22178" lon="-72.52816">
        <ele>202.19</ele>
      </trkpt>
      <trkpt lat="45.22178" lon="-72.52816">
        <ele>202.19</ele>
      </trkpt>
      <trkpt lat="45.22205" lon="-72.52914">
        <ele>202.66</ele>
      </trkpt>
      <trkpt lat="45.22218" lon="-72.52972">
        <ele>202.99</ele>
      </trkpt>
      <trkpt lat="45.22227" lon="-72.53042">
        <ele>202.84</ele>
      </trkpt>
      <trkpt lat="45.2222967" lon="-72.53128">
        <ele>202.55</ele>
      </trkpt>
      <trkpt lat="45.2223233" lon="-72.53214">
        <ele>202.5</ele>
      </trkpt>
      <trkpt lat="45.22235" lon="-72.533">
        <ele>202.03</ele>
      </trkpt>
      <trkpt lat="45.22231" lon="-72.53398">
        <ele>200.64</ele>
      </trkpt>
      <trkpt lat="45.222325" lon="-72.53497">
        <ele>199.52</ele>
      </trkpt>
      <trkpt lat="45.22234" lon="-72.53596">
        <ele>200.08</ele>
      </trkpt>
      <trkpt lat="45.22238" lon="-72.5368233">
        <ele>207.68</ele>
      </trkpt>
      <trkpt lat="45.22242" lon="-72.5376867">
        <ele>211.3</ele>
      </trkpt>
      <trkpt lat="45.22246" lon="-72.53855">
        <ele>212.47</ele>
      </trkpt>
      <trkpt lat="45.22263" lon="-72.53954">
        <ele>219.12</ele>
      </trkpt>
      <trkpt lat="45.22259" lon="-72.53977">
        <ele>220.53</ele>
      </trkpt>
      <trkpt lat="45.22248" lon="-72.54007">
        <ele>221.38</ele>
      </trkpt>
      <trkpt lat="45.22232" lon="-72.54042">
        <ele>225.07</ele>
      </trkpt>
      <trkpt lat="45.22203" lon="-72.54096">
        <ele>229.82</ele>
      </trkpt>
      <trkpt lat="45.22193" lon="-72.5411">
        <ele>231.82</ele>
      </trkpt>
      <trkpt lat="45.22159" lon="-72.54145">
        <ele>236.54</ele>
      </trkpt>
      <trkpt lat="45.22148" lon="-72.54159">
        <ele>236.54</ele>
      </trkpt>
      <trkpt lat="45.22141" lon="-72.54174">
        <ele>238.96</ele>
      </trkpt>
      <trkpt lat="45.22136" lon="-72.54209">
        <ele>241.04</ele>
      </trkpt>
      <trkpt lat="45.22139" lon="-72.5424">
        <ele>242.51</ele>
      </trkpt>
      <trkpt lat="45.22154" lon="-72.5428">
        <ele>244.5</ele>
      </trkpt>
      <trkpt lat="45.22198" lon="-72.54353">
        <ele>248.27</ele>
      </trkpt>
      <trkpt lat="45.22242" lon="-72.54426">
        <ele>253.13</ele>
      </trkpt>
      <trkpt lat="45.22258" lon="-72.54459">
        <ele>255.22</ele>
      </trkpt>
      <trkpt lat="45.2226" lon="-72.54465">
        <ele>255.22</ele>
      </trkpt>
      <trkpt lat="45.22262" lon="-72.54539">
        <ele>256.81</ele>
      </trkpt>
      <trkpt lat="45.22262" lon="-72.54539">
        <ele>256.81</ele>
      </trkpt>
      <trkpt lat="45.222645" lon="-72.546265">
        <ele>254.22</ele>
      </trkpt>
      <trkpt lat="45.22267" lon="-72.54714">
        <ele>252.79</ele>
      </trkpt>
      <trkpt lat="45.2226833" lon="-72.54825">
        <ele>254.31</ele>
      </trkpt>
      <trkpt lat="45.2226967" lon="-72.54936">
        <ele>258.63</ele>
      </trkpt>
      <trkpt lat="45.22271" lon="-72.55047">
        <ele>262.68</ele>
      </trkpt>
      <trkpt lat="45.222755" lon="-72.551115">
        <ele>267.99</ele>
      </trkpt>
      <trkpt lat="45.2228" lon="-72.55176">
        <ele>273.89</ele>
      </trkpt>
      <trkpt lat="45.222816" lon="-72.552798">
        <ele>275.75</ele>
      </trkpt>
      <trkpt lat="45.222832" lon="-72.553836">
        <ele>276.88</ele>
      </trkpt>
      <trkpt lat="45.222848" lon="-72.554874">
        <ele>275.27</ele>
      </trkpt>
      <trkpt lat="45.222864" lon="-72.555912">
        <ele>270.97</ele>
      </trkpt>
      <trkpt lat="45.22288" lon="-72.55695">
        <ele>268.6</ele>
      </trkpt>
      <trkpt lat="45.22287" lon="-72.55762">
        <ele>266.59</ele>
      </trkpt>
      <trkpt lat="45.22282" lon="-72.55816">
        <ele>261.11</ele>
      </trkpt>
      <trkpt lat="45.22283" lon="-72.559055">
        <ele>256.82</ele>
      </trkpt>
      <trkpt lat="45.22284" lon="-72.55995">
        <ele>254.23</ele>
      </trkpt>
      <trkpt lat="45.2228167" lon="-72.561115">
        <ele>257.77</ele>
      </trkpt>
      <trkpt lat="45.2227934" lon="-72.56228">
        <ele>262.64</ele>
      </trkpt>
      <trkpt lat="45.2227701" lon="-72.563445">
        <ele>267.96</ele>
      </trkpt>
      <trkpt lat="45.2227467" lon="-72.56461">
        <ele>273.27</ele>
      </trkpt>
      <trkpt lat="45.2227234" lon="-72.565775">
        <ele>282.63</ele>
      </trkpt>
      <trkpt lat="45.2227" lon="-72.56694">
        <ele>285.96</ele>
      </trkpt>
      <trkpt lat="45.2226863" lon="-72.5680588">
        <ele>285.76</ele>
      </trkpt>
      <trkpt lat="45.2226726" lon="-72.5691775">
        <ele>282.37</ele>
      </trkpt>
      <trkpt lat="45.2226588" lon="-72.5702963">
        <ele>278.89</ele>
      </trkpt>
      <trkpt lat="45.2226451" lon="-72.571415">
        <ele>272.6</ele>
      </trkpt>
      <trkpt lat="45.2226313" lon="-72.5725338">
        <ele>266.06</ele>
      </trkpt>
      <trkpt lat="45.2226176" lon="-72.5736525">
        <ele>258.66</ele>
      </trkpt>
      <trkpt lat="45.2226038" lon="-72.5747713">
        <ele>251.97</ele>
      </trkpt>
      <trkpt lat="45.22259" lon="-72.57589">
        <ele>244.99</ele>
      </trkpt>
      <trkpt lat="45.222595" lon="-72.57667">
        <ele>238.3</ele>
      </trkpt>
      <trkpt lat="45.2226" lon="-72.57745">
        <ele>232.53</ele>
      </trkpt>
      <trkpt lat="45.2226357" lon="-72.5785471">
        <ele>227.26</ele>
      </trkpt>
      <trkpt lat="45.2226715" lon="-72.5796443">
        <ele>222.1</ele>
      </trkpt>
      <trkpt lat="45.2227072" lon="-72.5807414">
        <ele>218.76</ele>
      </trkpt>
      <trkpt lat="45.2227429" lon="-72.5818386">
        <ele>215.76</ele>
      </trkpt>
      <trkpt lat="45.2227786" lon="-72.5829357">
        <ele>210.12</ele>
      </trkpt>
      <trkpt lat="45.2228143" lon="-72.5840329">
        <ele>206.67</ele>
      </trkpt>
      <trkpt lat="45.22285" lon="-72.58513">
        <ele>203.76</ele>
      </trkpt>
      <trkpt lat="45.22285" lon="-72.58513">
        <ele>203.75</ele>
      </trkpt>
      <trkpt lat="45.2228928" lon="-72.5864027">
        <ele>200.62</ele>
      </trkpt>
      <trkpt lat="45.2229356" lon="-72.5876754">
        <ele>199.81</ele>
      </trkpt>
      <trkpt lat="45.2229784" lon="-72.5889482">
        <ele>202.43</ele>
      </trkpt>
      <trkpt lat="45.2230211" lon="-72.5902209">
        <ele>207.39</ele>
      </trkpt>
      <trkpt lat="45.2230638" lon="-72.5914936">
        <ele>210.94</ele>
      </trkpt>
      <trkpt lat="45.2231066" lon="-72.5927663">
        <ele>213.1</ele>
      </trkpt>
      <trkpt lat="45.2231493" lon="-72.5940391">
        <ele>215.15</ele>
      </trkpt>
      <trkpt lat="45.223192" lon="-72.5953118">
        <ele>218.09</ele>
      </trkpt>
      <trkpt lat="45.2232347" lon="-72.5965845">
        <ele>219.29</ele>
      </trkpt>
      <trkpt lat="45.2232773" lon="-72.5978573">
        <ele>221.13</ele>
      </trkpt>
      <trkpt lat="45.22332" lon="-72.59913">
        <ele>220.83</ele>
      </trkpt>
      <trkpt lat="45.2233772" lon="-72.6002514">
        <ele>217.66</ele>
      </trkpt>
      <trkpt lat="45.2234343" lon="-72.6013728">
        <ele>212.27</ele>
      </trkpt>
      <trkpt lat="45.2234915" lon="-72.6024943">
        <ele>209.62</ele>
      </trkpt>
      <trkpt lat="45.2235486" lon="-72.6036157">
        <ele>210.01</ele>
      </trkpt>
      <trkpt lat="45.2236058" lon="-72.6047371">
        <ele>212.55</ele>
      </trkpt>
      <trkpt lat="45.2236629" lon="-72.6058586">
        <ele>215.84</ele>
      </trkpt>
      <trkpt lat="45.22372" lon="-72.60698">
        <ele>213.6</ele>
      </trkpt>
      <trkpt lat="45.2237734" lon="-72.6081933">
        <ele>210.58</ele>
      </trkpt>
      <trkpt lat="45.2238268" lon="-72.6094066">
        <ele>208.97</ele>
      </trkpt>
      <trkpt lat="45.2238802" lon="-72.61062">
        <ele>209.41</ele>
      </trkpt>
      <trkpt lat="45.2239336" lon="-72.6118333">
        <ele>211.24</ele>
      </trkpt>
      <trkpt lat="45.223987" lon="-72.6130466">
        <ele>214.27</ele>
      </trkpt>
      <trkpt lat="45.2240403" lon="-72.6142599">
        <ele>214.62</ele>
      </trkpt>
      <trkpt lat="45.2240937" lon="-72.6154733">
        <ele>216.23</ele>
      </trkpt>
      <trkpt lat="45.224147" lon="-72.6166866">
        <ele>216.94</ele>
      </trkpt>
      <trkpt lat="45.2242003" lon="-72.6178999">
        <ele>213.92</ele>
      </trkpt>
      <trkpt lat="45.2242537" lon="-72.6191133">
        <ele>214.18</ele>
      </trkpt>
      <trkpt lat="45.2243069" lon="-72.6203266">
        <ele>217.12</ele>
      </trkpt>
      <trkpt lat="45.2243602" lon="-72.62154">
        <ele>217.29</ele>
      </trkpt>
      <trkpt lat="45.2244135" lon="-72.6227533">
        <ele>215.85</ele>
      </trkpt>
      <trkpt lat="45.2244668" lon="-72.6239667">
        <ele>214.84</ele>
      </trkpt>
      <trkpt lat="45.22452" lon="-72.62518">
        <ele>214.4</ele>
      </trkpt>
      <trkpt lat="45.2245584" lon="-72.6262783">
        <ele>216.51</ele>
      </trkpt>
      <trkpt lat="45.2245967" lon="-72.6273767">
        <ele>218.5</ele>
      </trkpt>
      <trkpt lat="45.224635" lon="-72.628475">
        <ele>219.55</ele>
      </trkpt>
      <trkpt lat="45.2246734" lon="-72.6295733">
        <ele>220.48</ele>
      </trkpt>
      <trkpt lat="45.2247117" lon="-72.6306717">
        <ele>219.06</ele>
      </trkpt>
      <trkpt lat="45.22475" lon="-72.63177">
        <ele>221.68</ele>
      </trkpt>
      <trkpt lat="45.22562" lon="-72.63177">
        <ele>222.22</ele>
      </trkpt>
      <trkpt lat="45.22649" lon="-72.63177">
        <ele>224.25</ele>
      </trkpt>
      <trkpt lat="45.226955" lon="-72.631765">
        <ele>226.35</ele>
      </trkpt>
      <trkpt lat="45.22742" lon="-72.63176">
        <ele>230.24</ele>
      </trkpt>
      <trkpt lat="45.22768" lon="-72.63173">
        <ele>231.57</ele>
      </trkpt>
      <trkpt lat="45.22767" lon="-72.63173">
        <ele>231.5</ele>
      </trkpt>
      <trkpt lat="45.2284967" lon="-72.63171">
        <ele>236.46</ele>
      </trkpt>
      <trkpt lat="45.2293233" lon="-72.63169">
        <ele>245.9</ele>
      </trkpt>
      <trkpt lat="45.23015" lon="-72.63167">
        <ele>254.06</ele>
      </trkpt>
      <trkpt lat="45.23027" lon="-72.63172">
        <ele>255.03</ele>
      </trkpt>
      <trkpt lat="45.23031" lon="-72.6318">
        <ele>255.39</ele>
      </trkpt>
      <trkpt lat="45.23036" lon="-72.63198">
        <ele>255.91</ele>
      </trkpt>
      <trkpt lat="45.23038" lon="-72.63258">
        <ele>256.18</ele>
      </trkpt>
      <trkpt lat="45.230375" lon="-72.63354">
        <ele>262.22</ele>
      </trkpt>
      <trkpt lat="45.23037" lon="-72.6345">
        <ele>272.17</ele>
      </trkpt>
      <trkpt lat="45.230395" lon="-72.635345">
        <ele>279.82</ele>
      </trkpt>
      <trkpt lat="45.23042" lon="-72.63619">
        <ele>284.81</ele>
      </trkpt>
      <trkpt lat="45.23043" lon="-72.63745">
        <ele>286.36</ele>
      </trkpt>
      <trkpt lat="45.23047" lon="-72.63812">
        <ele>292.43</ele>
      </trkpt>
      <trkpt lat="45.2305" lon="-72.638925">
        <ele>296.54</ele>
      </trkpt>
      <trkpt lat="45.23053" lon="-72.63973">
        <ele>298.53</ele>
      </trkpt>
      <trkpt lat="45.23052" lon="-72.64018">
        <ele>299.05</ele>
      </trkpt>
      <trkpt lat="45.23041" lon="-72.64054">
        <ele>298.43</ele>
      </trkpt>
      <trkpt lat="45.23032" lon="-72.64068">
        <ele>297.47</ele>
      </trkpt>
      <trkpt lat="45.23014" lon="-72.6412">
        <ele>292.82</ele>
      </trkpt>
      <trkpt lat="45.229915" lon="-72.64197">
        <ele>285.19</ele>
      </trkpt>
      <trkpt lat="45.22969" lon="-72.64274">
        <ele>276.2</ele>
      </trkpt>
      <trkpt lat="45.22954" lon="-72.643385">
        <ele>270.96</ele>
      </trkpt>
      <trkpt lat="45.22939" lon="-72.64403">
        <ele>265.8</ele>
      </trkpt>
      <trkpt lat="45.22906" lon="-72.64515">
        <ele>254.48</ele>
      </trkpt>
      <trkpt lat="45.22898" lon="-72.6455">
        <ele>252.65</ele>
      </trkpt>
      <trkpt lat="45.22882" lon="-72.646315">
        <ele>246.14</ele>
      </trkpt>
      <trkpt lat="45.22866" lon="-72.64713">
        <ele>241.18</ele>
      </trkpt>
      <trkpt lat="45.22863" lon="-72.64748">
        <ele>239.29</ele>
      </trkpt>
      <trkpt lat="45.228625" lon="-72.64815">
        <ele>233.36</ele>
      </trkpt>
      <trkpt lat="45.22862" lon="-72.64882">
        <ele>227.56</ele>
      </trkpt>
      <trkpt lat="45.22864" lon="-72.6499175">
        <ele>224.75</ele>
      </trkpt>
      <trkpt lat="45.22866" lon="-72.651015">
        <ele>221.67</ele>
      </trkpt>
      <trkpt lat="45.22868" lon="-72.6521125">
        <ele>219.84</ele>
      </trkpt>
      <trkpt lat="45.2287" lon="-72.65321">
        <ele>219.3</ele>
      </trkpt>
      <trkpt lat="45.2287467" lon="-72.6541267">
        <ele>218.09</ele>
      </trkpt>
      <trkpt lat="45.2287933" lon="-72.6550433">
        <ele>218.74</ele>
      </trkpt>
      <trkpt lat="45.22884" lon="-72.65596">
        <ele>222.04</ele>
      </trkpt>
      <trkpt lat="45.22884" lon="-72.65596">
        <ele>222.08</ele>
      </trkpt>
      <trkpt lat="45.22888" lon="-72.6567">
        <ele>227.57</ele>
      </trkpt>
      <trkpt lat="45.22887" lon="-72.65733">
        <ele>231.1</ele>
      </trkpt>
      <trkpt lat="45.22897" lon="-72.6585967">
        <ele>230.64</ele>
      </trkpt>
      <trkpt lat="45.22907" lon="-72.6598633">
        <ele>229.92</ele>
      </trkpt>
      <trkpt lat="45.22917" lon="-72.66113">
        <ele>227.54</ele>
      </trkpt>
      <trkpt lat="45.2293" lon="-72.66226">
        <ele>228.38</ele>
      </trkpt>
      <trkpt lat="45.22936" lon="-72.66238">
        <ele>228.58</ele>
      </trkpt>
      <trkpt lat="45.22943" lon="-72.66247">
        <ele>228.52</ele>
      </trkpt>
      <trkpt lat="45.22986" lon="-72.66279">
        <ele>225.18</ele>
      </trkpt>
      <trkpt lat="45.23006" lon="-72.66288">
        <ele>221.47</ele>
      </trkpt>
      <trkpt lat="45.23013" lon="-72.66296">
        <ele>220.53</ele>
      </trkpt>
      <trkpt lat="45.23021" lon="-72.66318">
        <ele>219.34</ele>
      </trkpt>
      <trkpt lat="45.230315" lon="-72.66397">
        <ele>215.35</ele>
      </trkpt>
      <trkpt lat="45.23042" lon="-72.66476">
        <ele>210.79</ele>
      </trkpt>
      <trkpt lat="45.23053" lon="-72.66579">
        <ele>204.96</ele>
      </trkpt>
      <trkpt lat="45.23052" lon="-72.66641">
        <ele>203.8</ele>
      </trkpt>
      <trkpt lat="45.23058" lon="-72.6673">
        <ele>201.93</ele>
      </trkpt>
      <trkpt lat="45.23063" lon="-72.66759">
        <ele>200.56</ele>
      </trkpt>
      <trkpt lat="45.23087" lon="-72.66854">
        <ele>200.74</ele>
      </trkpt>
      <trkpt lat="45.23102" lon="-72.66852">
        <ele>202.63</ele>
      </trkpt>
      <trkpt lat="45.23156" lon="-72.6683">
        <ele>207.64</ele>
      </trkpt>
      <trkpt lat="45.23184" lon="-72.66826">
        <ele>211.67</ele>
      </trkpt>
      <trkpt lat="45.23226" lon="-72.66825">
        <ele>209.44</ele>
      </trkpt>
      <trkpt lat="45.23249" lon="-72.6682">
        <ele>206.41</ele>
      </trkpt>
      <trkpt lat="45.23269" lon="-72.66807">
        <ele>202.69</ele>
      </trkpt>
      <trkpt lat="45.23296" lon="-72.66776">
        <ele>198.48</ele>
      </trkpt>
      <trkpt lat="45.23307" lon="-72.66753">
        <ele>196.74</ele>
      </trkpt>
      <trkpt lat="45.23313" lon="-72.66727">
        <ele>195.12</ele>
      </trkpt>
      <trkpt lat="45.23318" lon="-72.66718">
        <ele>194.3</ele>
      </trkpt>
      <trkpt lat="45.2335" lon="-72.66686">
        <ele>192.78</ele>
      </trkpt>
      <trkpt lat="45.2339" lon="-72.66624">
        <ele>187.58</ele>
      </trkpt>
      <trkpt lat="45.23407" lon="-72.66571">
        <ele>185.71</ele>
      </trkpt>
      <trkpt lat="45.23426" lon="-72.66529">
        <ele>183.49</ele>
      </trkpt>
      <trkpt lat="45.23431" lon="-72.66511">
        <ele>182.76</ele>
      </trkpt>
      <trkpt lat="45.23472" lon="-72.66431">
        <ele>181.94</ele>
      </trkpt>
      <trkpt lat="45.23503" lon="-72.66383">
        <ele>182.58</ele>
      </trkpt>
      <trkpt lat="45.23513" lon="-72.66379">
        <ele>182.42</ele>
      </trkpt>
      <trkpt lat="45.23526" lon="-72.66347">
        <ele>181.62</ele>
      </trkpt>
      <trkpt lat="45.235715" lon="-72.66253">
        <ele>182.36</ele>
      </trkpt>
      <trkpt lat="45.23617" lon="-72.66159">
        <ele>184.52</ele>
      </trkpt>
      <trkpt lat="45.23656" lon="-72.66086">
        <ele>188.74</ele>
      </trkpt>
      <trkpt lat="45.236925" lon="-72.6601">
        <ele>190.34</ele>
      </trkpt>
      <trkpt lat="45.23729" lon="-72.65934">
        <ele>187.32</ele>
      </trkpt>
      <trkpt lat="45.237695" lon="-72.658395">
        <ele>185.72</ele>
      </trkpt>
      <trkpt lat="45.2381" lon="-72.65745">
        <ele>184.33</ele>
      </trkpt>
      <trkpt lat="45.238848" lon="-72.657414">
        <ele>182.19</ele>
      </trkpt>
      <trkpt lat="45.239596" lon="-72.657378">
        <ele>178.67</ele>
      </trkpt>
      <trkpt lat="45.240344" lon="-72.657342">
        <ele>176.05</ele>
      </trkpt>
      <trkpt lat="45.241092" lon="-72.657306">
        <ele>169.75</ele>
      </trkpt>
      <trkpt lat="45.24184" lon="-72.65727">
        <ele>164.92</ele>
      </trkpt>
      <trkpt lat="45.2424767" lon="-72.6572133">
        <ele>163.08</ele>
      </trkpt>
      <trkpt lat="45.2431133" lon="-72.6571567">
        <ele>165.88</ele>
      </trkpt>
      <trkpt lat="45.24375" lon="-72.6571">
        <ele>173.3</ele>
      </trkpt>
      <trkpt lat="45.24423" lon="-72.65708">
        <ele>178.05</ele>
      </trkpt>
      <trkpt lat="45.24471" lon="-72.65706">
        <ele>181.29</ele>
      </trkpt>
      <trkpt lat="45.2453867" lon="-72.65699">
        <ele>184.33</ele>
      </trkpt>
      <trkpt lat="45.2460633" lon="-72.65692">
        <ele>185.05</ele>
      </trkpt>
      <trkpt lat="45.24674" lon="-72.65685">
        <ele>187.81</ele>
      </trkpt>
      <trkpt lat="45.24762" lon="-72.65672">
        <ele>190.97</ele>
      </trkpt>
      <trkpt lat="45.24801" lon="-72.6567">
        <ele>192.9</ele>
      </trkpt>
      <trkpt lat="45.2487733" lon="-72.6567167">
        <ele>191.34</ele>
      </trkpt>
      <trkpt lat="45.2495367" lon="-72.6567333">
        <ele>188.79</ele>
      </trkpt>
      <trkpt lat="45.2503" lon="-72.65675">
        <ele>188.07</ele>
      </trkpt>
      <trkpt lat="45.25116" lon="-72.65679">
        <ele>187.24</ele>
      </trkpt>
      <trkpt lat="45.25201" lon="-72.65679">
        <ele>185.71</ele>
      </trkpt>
      <trkpt lat="45.2526975" lon="-72.65676">
        <ele>177.76</ele>
      </trkpt>
      <trkpt lat="45.253385" lon="-72.65673">
        <ele>173.32</ele>
      </trkpt>
      <trkpt lat="45.2540725" lon="-72.6567">
        <ele>172.96</ele>
      </trkpt>
      <trkpt lat="45.25476" lon="-72.65667">
        <ele>167</ele>
      </trkpt>
      <trkpt lat="45.25475" lon="-72.65667">
        <ele>167.07</ele>
      </trkpt>
      <trkpt lat="45.25547" lon="-72.6566525">
        <ele>157.04</ele>
      </trkpt>
      <trkpt lat="45.25619" lon="-72.656635">
        <ele>152.59</ele>
      </trkpt>
      <trkpt lat="45.25691" lon="-72.6566175">
        <ele>152.38</ele>
      </trkpt>
      <trkpt lat="45.25763" lon="-72.6566">
        <ele>155.65</ele>
      </trkpt>
      <trkpt lat="45.25787" lon="-72.65662">
        <ele>155.51</ele>
      </trkpt>
      <trkpt lat="45.25864" lon="-72.65665">
        <ele>151.1</ele>
      </trkpt>
      <trkpt lat="45.25941" lon="-72.65668">
        <ele>149.44</ele>
      </trkpt>
      <trkpt lat="45.260095" lon="-72.656685">
        <ele>150.99</ele>
      </trkpt>
      <trkpt lat="45.26078" lon="-72.65669">
        <ele>155.38</ele>
      </trkpt>
      <trkpt lat="45.26124" lon="-72.65664">
        <ele>157.01</ele>
      </trkpt>
      <trkpt lat="45.26131" lon="-72.65581">
        <ele>158.36</ele>
      </trkpt>
      <trkpt lat="45.26128" lon="-72.65532">
        <ele>158.61</ele>
      </trkpt>
      <trkpt lat="45.26118" lon="-72.654465">
        <ele>159.55</ele>
      </trkpt>
      <trkpt lat="45.26108" lon="-72.65361">
        <ele>162.43</ele>
      </trkpt>
      <trkpt lat="45.2610567" lon="-72.65243">
        <ele>162.77</ele>
      </trkpt>
      <trkpt lat="45.2610333" lon="-72.65125">
        <ele>157.93</ele>
      </trkpt>
      <trkpt lat="45.26101" lon="-72.65007">
        <ele>156.34</ele>
      </trkpt>
      <trkpt lat="45.26095" lon="-72.64938">
        <ele>158.3</ele>
      </trkpt>
      <trkpt lat="45.26087" lon="-72.64851">
        <ele>160.15</ele>
      </trkpt>
      <trkpt lat="45.26081" lon="-72.64819">
        <ele>160.96</ele>
      </trkpt>
      <trkpt lat="45.26078" lon="-72.64739">
        <ele>163.09</ele>
      </trkpt>
      <trkpt lat="45.26078" lon="-72.64661">
        <ele>167.99</ele>
      </trkpt>
      <trkpt lat="45.26078" lon="-72.64583">
        <ele>168.16</ele>
      </trkpt>
      <trkpt lat="45.2608" lon="-72.64508">
        <ele>166.37</ele>
      </trkpt>
      <trkpt lat="45.26127" lon="-72.64525">
        <ele>166.34</ele>
      </trkpt>
      <trkpt lat="45.26193" lon="-72.64546">
        <ele>168.26</ele>
      </trkpt>
      <trkpt lat="45.262395" lon="-72.645635">
        <ele>170.44</ele>
      </trkpt>
      <trkpt lat="45.26286" lon="-72.64581">
        <ele>173.29</ele>
      </trkpt>
      <trkpt lat="45.26339" lon="-72.64597">
        <ele>176.92</ele>
      </trkpt>
      <trkpt lat="45.26392" lon="-72.64613">
        <ele>178.99</ele>
      </trkpt>
      <trkpt lat="45.26444" lon="-72.64632">
        <ele>180.33</ele>
      </trkpt>
      <trkpt lat="45.26444" lon="-72.64632">
        <ele>180.31</ele>
      </trkpt>
      <trkpt lat="45.26525" lon="-72.64662">
        <ele>180.34</ele>
      </trkpt>
      <trkpt lat="45.26572" lon="-72.64663">
        <ele>177.73</ele>
      </trkpt>
      <trkpt lat="45.26602" lon="-72.64658">
        <ele>176.73</ele>
      </trkpt>
      <trkpt lat="45.266635" lon="-72.64642">
        <ele>175.67</ele>
      </trkpt>
      <trkpt lat="45.26725" lon="-72.64626">
        <ele>174.07</ele>
      </trkpt>
      <trkpt lat="45.26761" lon="-72.64635">
        <ele>173.41</ele>
      </trkpt>
      <trkpt lat="45.26776" lon="-72.64644">
        <ele>173.32</ele>
      </trkpt>
      <trkpt lat="45.26795" lon="-72.64663">
        <ele>173.21</ele>
      </trkpt>
      <trkpt lat="45.26818" lon="-72.64725">
        <ele>171.06</ele>
      </trkpt>
      <trkpt lat="45.268425" lon="-72.64797">
        <ele>165.89</ele>
      </trkpt>
      <trkpt lat="45.26867" lon="-72.64869">
        <ele>162.28</ele>
      </trkpt>
      <trkpt lat="45.26886" lon="-72.64918">
        <ele>162.74</ele>
      </trkpt>
      <trkpt lat="45.26912" lon="-72.64977">
        <ele>166.55</ele>
      </trkpt>
      <trkpt lat="45.26967" lon="-72.649785">
        <ele>174.17</ele>
      </trkpt>
      <trkpt lat="45.27022" lon="-72.6498">
        <ele>186.16</ele>
      </trkpt>
      <trkpt lat="45.27091" lon="-72.64976">
        <ele>196.84</ele>
      </trkpt>
      <trkpt lat="45.2712" lon="-72.64984">
        <ele>199.45</ele>
      </trkpt>
      <trkpt lat="45.27131" lon="-72.64984">
        <ele>200.28</ele>
      </trkpt>
      <trkpt lat="45.27149" lon="-72.64971">
        <ele>203.08</ele>
      </trkpt>
      <trkpt lat="45.27157" lon="-72.64971">
        <ele>203.08</ele>
      </trkpt>
      <trkpt lat="45.27162" lon="-72.64967">
        <ele>206.46</ele>
      </trkpt>
      <trkpt lat="45.2717" lon="-72.64948">
        <ele>207.79</ele>
      </trkpt>
      <trkpt lat="45.27173" lon="-72.64936">
        <ele>209.01</ele>
      </trkpt>
      <trkpt lat="45.2718" lon="-72.64921">
        <ele>210.12</ele>
      </trkpt>
      <trkpt lat="45.27202" lon="-72.64919">
        <ele>212.92</ele>
      </trkpt>
      <trkpt lat="45.27209" lon="-72.64918">
        <ele>216.27</ele>
      </trkpt>
      <trkpt lat="45.27214" lon="-72.64908">
        <ele>216.27</ele>
      </trkpt>
      <trkpt lat="45.27221" lon="-72.64913">
        <ele>216.75</ele>
      </trkpt>
      <trkpt lat="45.27253" lon="-72.64913">
        <ele>219.07</ele>
      </trkpt>
      <trkpt lat="45.27262" lon="-72.64914">
        <ele>219.01</ele>
      </trkpt>
      <trkpt lat="45.27265" lon="-72.64928">
        <ele>218.46</ele>
      </trkpt>
      <trkpt lat="45.27262" lon="-72.64949">
        <ele>216.87</ele>
      </trkpt>
      <trkpt lat="45.27265" lon="-72.64989">
        <ele>215.46</ele>
      </trkpt>
      <trkpt lat="45.27272" lon="-72.65017">
        <ele>212.86</ele>
      </trkpt>
      <trkpt lat="45.2728" lon="-72.65042">
        <ele>211.68</ele>
      </trkpt>
      <trkpt lat="45.27286" lon="-72.65052">
        <ele>210.97</ele>
      </trkpt>
      <trkpt lat="45.27299" lon="-72.65066">
        <ele>210.65</ele>
      </trkpt>
      <trkpt lat="45.27296" lon="-72.65083">
        <ele>208.72</ele>
      </trkpt>
      <trkpt lat="45.27297" lon="-72.65105">
        <ele>208.01</ele>
      </trkpt>
      <trkpt lat="45.273095" lon="-72.651725">
        <ele>204.56</ele>
      </trkpt>
      <trkpt lat="45.27322" lon="-72.6524">
        <ele>199.66</ele>
      </trkpt>
      <trkpt lat="45.27336" lon="-72.65287">
        <ele>197.37</ele>
      </trkpt>
      <trkpt lat="45.27353" lon="-72.65254">
        <ele>199.08</ele>
      </trkpt>
      <trkpt lat="45.27363" lon="-72.65245">
        <ele>199.28</ele>
      </trkpt>
      <trkpt lat="45.27372" lon="-72.6524">
        <ele>199.37</ele>
      </trkpt>
      <trkpt lat="45.2738" lon="-72.6524">
        <ele>199.35</ele>
      </trkpt>
      <trkpt lat="45.27387" lon="-72.65249">
        <ele>199.23</ele>
      </trkpt>
      <trkpt lat="45.27392" lon="-72.65266">
        <ele>198.71</ele>
      </trkpt>
      <trkpt lat="45.273935" lon="-72.653475">
        <ele>199.58</ele>
      </trkpt>
      <trkpt lat="45.27395" lon="-72.65429">
        <ele>205</ele>
      </trkpt>
      <trkpt lat="45.27401" lon="-72.6551">
        <ele>208.11</ele>
      </trkpt>
      <trkpt lat="45.27401" lon="-72.65531">
        <ele>208.16</ele>
      </trkpt>
      <trkpt lat="45.27395" lon="-72.65559">
        <ele>207.8</ele>
      </trkpt>
      <trkpt lat="45.27383" lon="-72.65581">
        <ele>206.93</ele>
      </trkpt>
      <trkpt lat="45.27383" lon="-72.65582">
        <ele>206.99</ele>
      </trkpt>
      <trkpt lat="45.27358" lon="-72.65629">
        <ele>205.9</ele>
      </trkpt>
      <trkpt lat="45.27352" lon="-72.65644">
        <ele>206.04</ele>
      </trkpt>
      <trkpt lat="45.27352" lon="-72.6567">
        <ele>207.05</ele>
      </trkpt>
      <trkpt lat="45.27365" lon="-72.65769">
        <ele>214.9</ele>
      </trkpt>
      <trkpt lat="45.27368" lon="-72.65817">
        <ele>218.25</ele>
      </trkpt>
      <trkpt lat="45.27358" lon="-72.65875">
        <ele>220.53</ele>
      </trkpt>
      <trkpt lat="45.27343" lon="-72.659405">
        <ele>221.71</ele>
      </trkpt>
      <trkpt lat="45.27328" lon="-72.66006">
        <ele>221.75</ele>
      </trkpt>
      <trkpt lat="45.27301" lon="-72.66098">
        <ele>217.04</ele>
      </trkpt>
      <trkpt lat="45.27292" lon="-72.66122">
        <ele>215.85</ele>
      </trkpt>
      <trkpt lat="45.27288" lon="-72.66171">
        <ele>212.91</ele>
      </trkpt>
      <trkpt lat="45.27293" lon="-72.66212">
        <ele>212.06</ele>
      </trkpt>
      <trkpt lat="45.27307" lon="-72.66256">
        <ele>212.06</ele>
      </trkpt>
      <trkpt lat="45.27305" lon="-72.66287">
        <ele>210.66</ele>
      </trkpt>
      <trkpt lat="45.27283" lon="-72.66346">
        <ele>204.55</ele>
      </trkpt>
      <trkpt lat="45.27241" lon="-72.66431">
        <ele>199.57</ele>
      </trkpt>
      <trkpt lat="45.27222" lon="-72.66476">
        <ele>196.76</ele>
      </trkpt>
      <trkpt lat="45.27216" lon="-72.66503">
        <ele>194.46</ele>
      </trkpt>
      <trkpt lat="45.27214" lon="-72.66534">
        <ele>193</ele>
      </trkpt>
      <trkpt lat="45.27231" lon="-72.666525">
        <ele>190.13</ele>
      </trkpt>
      <trkpt lat="45.27248" lon="-72.66771">
        <ele>190.2</ele>
      </trkpt>
      <trkpt lat="45.27252" lon="-72.66791">
        <ele>190.2</ele>
      </trkpt>
      <trkpt lat="45.27253" lon="-72.66791">
        <ele>190.21</ele>
      </trkpt>
      <trkpt lat="45.27264" lon="-72.66834">
        <ele>190.02</ele>
      </trkpt>
      <trkpt lat="45.27281" lon="-72.66869">
        <ele>188.87</ele>
      </trkpt>
      <trkpt lat="45.27299" lon="-72.66897">
        <ele>187.65</ele>
      </trkpt>
      <trkpt lat="45.27325" lon="-72.66923">
        <ele>186.4</ele>
      </trkpt>
      <trkpt lat="45.27366" lon="-72.66946">
        <ele>187.8</ele>
      </trkpt>
      <trkpt lat="45.27388" lon="-72.66955">
        <ele>190.27</ele>
      </trkpt>
      <trkpt lat="45.27426" lon="-72.66964">
        <ele>195.73</ele>
      </trkpt>
      <trkpt lat="45.2748" lon="-72.66968">
        <ele>200.46</ele>
      </trkpt>
      <trkpt lat="45.27496" lon="-72.66968">
        <ele>202.52</ele>
      </trkpt>
      <trkpt lat="45.27537" lon="-72.6695">
        <ele>206.63</ele>
      </trkpt>
      <trkpt lat="45.2758" lon="-72.66923">
        <ele>213.2</ele>
      </trkpt>
      <trkpt lat="45.27603" lon="-72.66901">
        <ele>216.08</ele>
      </trkpt>
      <trkpt lat="45.27624" lon="-72.66861">
        <ele>222.21</ele>
      </trkpt>
      <trkpt lat="45.27634" lon="-72.66848">
        <ele>224.14</ele>
      </trkpt>
      <trkpt lat="45.27646" lon="-72.66835">
        <ele>225.32</ele>
      </trkpt>
      <trkpt lat="45.27657" lon="-72.66829">
        <ele>227</ele>
      </trkpt>
      <trkpt lat="45.27689" lon="-72.66817">
        <ele>230.86</ele>
      </trkpt>
      <trkpt lat="45.27708" lon="-72.66821">
        <ele>232.57</ele>
      </trkpt>
      <trkpt lat="45.27715" lon="-72.66825">
        <ele>232.57</ele>
      </trkpt>
      <trkpt lat="45.27745" lon="-72.66851">
        <ele>237.01</ele>
      </trkpt>
      <trkpt lat="45.27772" lon="-72.66856">
        <ele>237.01</ele>
      </trkpt>
      <trkpt lat="45.2779" lon="-72.66847">
        <ele>240.82</ele>
      </trkpt>
      <trkpt lat="45.27803" lon="-72.66829">
        <ele>242.44</ele>
      </trkpt>
      <trkpt lat="45.27827" lon="-72.667675">
        <ele>246.12</ele>
      </trkpt>
      <trkpt lat="45.27851" lon="-72.66706">
        <ele>249.56</ele>
      </trkpt>
      <trkpt lat="45.27925" lon="-72.66696">
        <ele>255.1</ele>
      </trkpt>
      <trkpt lat="45.27999" lon="-72.66686">
        <ele>261.3</ele>
      </trkpt>
      <trkpt lat="45.28054" lon="-72.66682">
        <ele>260.27</ele>
      </trkpt>
      <trkpt lat="45.28071" lon="-72.66677">
        <ele>260.19</ele>
      </trkpt>
      <trkpt lat="45.28082" lon="-72.66668">
        <ele>260.6</ele>
      </trkpt>
      <trkpt lat="45.28129" lon="-72.6662">
        <ele>261.23</ele>
      </trkpt>
      <trkpt lat="45.28139" lon="-72.66619">
        <ele>260.58</ele>
      </trkpt>
      <trkpt lat="45.28151" lon="-72.6662">
        <ele>260.2</ele>
      </trkpt>
      <trkpt lat="45.28201" lon="-72.66655">
        <ele>261.04</ele>
      </trkpt>
      <trkpt lat="45.28201" lon="-72.66655">
        <ele>261.08</ele>
      </trkpt>
      <trkpt lat="45.2822" lon="-72.66664">
        <ele>263.67</ele>
      </trkpt>
      <trkpt lat="45.28232" lon="-72.66664">
        <ele>264.09</ele>
      </trkpt>
      <trkpt lat="45.28254" lon="-72.66656">
        <ele>266.17</ele>
      </trkpt>
      <trkpt lat="45.28272" lon="-72.66638">
        <ele>267.77</ele>
      </trkpt>
      <trkpt lat="45.28309" lon="-72.665835">
        <ele>267.93</ele>
      </trkpt>
      <trkpt lat="45.28346" lon="-72.66529">
        <ele>266.72</ele>
      </trkpt>
      <trkpt lat="45.28379" lon="-72.66449">
        <ele>267.82</ele>
      </trkpt>
      <trkpt lat="45.28403" lon="-72.66401">
        <ele>270.56</ele>
      </trkpt>
      <trkpt lat="45.28444" lon="-72.66297">
        <ele>276.33</ele>
      </trkpt>
      <trkpt lat="45.28451" lon="-72.66287">
        <ele>278.86</ele>
      </trkpt>
      <trkpt lat="45.28468" lon="-72.6627">
        <ele>279.84</ele>
      </trkpt>
      <trkpt lat="45.28476" lon="-72.66283">
        <ele>278.41</ele>
      </trkpt>
      <trkpt lat="45.28497" lon="-72.66296">
        <ele>275.3</ele>
      </trkpt>
      <trkpt lat="45.2856433" lon="-72.6631567">
        <ele>269.77</ele>
      </trkpt>
      <trkpt lat="45.2863167" lon="-72.6633533">
        <ele>256.78</ele>
      </trkpt>
      <trkpt lat="45.28699" lon="-72.66355">
        <ele>251.27</ele>
      </trkpt>
      <trkpt lat="45.28717" lon="-72.66355">
        <ele>250.13</ele>
      </trkpt>
      <trkpt lat="45.28734" lon="-72.66346">
        <ele>249.53</ele>
      </trkpt>
      <trkpt lat="45.28754" lon="-72.66333">
        <ele>249.15</ele>
      </trkpt>
      <trkpt lat="45.28797" lon="-72.66286">
        <ele>247.09</ele>
      </trkpt>
      <trkpt lat="45.2884" lon="-72.66239">
        <ele>242.13</ele>
      </trkpt>
      <trkpt lat="45.28856" lon="-72.66219">
        <ele>240.92</ele>
      </trkpt>
      <trkpt lat="45.28902" lon="-72.66312">
        <ele>232.5</ele>
      </trkpt>
      <trkpt lat="45.28902" lon="-72.66311">
        <ele>232.5</ele>
      </trkpt>
      <trkpt lat="45.28918" lon="-72.66318">
        <ele>229.79</ele>
      </trkpt>
      <trkpt lat="45.28939" lon="-72.66318">
        <ele>227.44</ele>
      </trkpt>
      <trkpt lat="45.28955" lon="-72.66314">
        <ele>225.07</ele>
      </trkpt>
      <trkpt lat="45.29014" lon="-72.66279">
        <ele>221.59</ele>
      </trkpt>
      <trkpt lat="45.29058" lon="-72.66243">
        <ele>218.07</ele>
      </trkpt>
      <trkpt lat="45.29056" lon="-72.66244">
        <ele>218.23</ele>
      </trkpt>
      <trkpt lat="45.29093" lon="-72.66215">
        <ele>215.44</ele>
      </trkpt>
      <trkpt lat="45.291465" lon="-72.661845">
        <ele>213.15</ele>
      </trkpt>
      <trkpt lat="45.292" lon="-72.66154">
        <ele>209.52</ele>
      </trkpt>
      <trkpt lat="45.29274" lon="-72.66102">
        <ele>207.51</ele>
      </trkpt>
      <trkpt lat="45.29348" lon="-72.6605">
        <ele>204.46</ele>
      </trkpt>
      <trkpt lat="45.29422" lon="-72.65998">
        <ele>200.99</ele>
      </trkpt>
      <trkpt lat="45.294345" lon="-72.661175">
        <ele>192.39</ele>
      </trkpt>
      <trkpt lat="45.29447" lon="-72.66237">
        <ele>187.41</ele>
      </trkpt>
      <trkpt lat="45.29451" lon="-72.66261">
        <ele>184.83</ele>
      </trkpt>
      <trkpt lat="45.29466" lon="-72.66243">
        <ele>184.56</ele>
      </trkpt>
      <trkpt lat="45.29502" lon="-72.66207">
        <ele>183.69</ele>
      </trkpt>
      <trkpt lat="45.2955" lon="-72.66172">
        <ele>182.78</ele>
      </trkpt>
      <trkpt lat="45.29573" lon="-72.66163">
        <ele>182.51</ele>
      </trkpt>
      <trkpt lat="45.2966" lon="-72.66138">
        <ele>180.51</ele>
      </trkpt>
      <trkpt lat="45.29659" lon="-72.66138">
        <ele>180.54</ele>
      </trkpt>
      <trkpt lat="45.297308" lon="-72.66118">
        <ele>177.46</ele>
      </trkpt>
      <trkpt lat="45.298026" lon="-72.66098">
        <ele>170.12</ele>
      </trkpt>
      <trkpt lat="45.298744" lon="-72.66078">
        <ele>164.44</ele>
      </trkpt>
      <trkpt lat="45.299462" lon="-72.66058">
        <ele>160.71</ele>
      </trkpt>
      <trkpt lat="45.30018" lon="-72.66038">
        <ele>159.54</ele>
      </trkpt>
      <trkpt lat="45.30095" lon="-72.6601467">
        <ele>157.08</ele>
      </trkpt>
      <trkpt lat="45.30172" lon="-72.6599133">
        <ele>152.36</ele>
      </trkpt>
      <trkpt lat="45.30249" lon="-72.65968">
        <ele>149.3</ele>
      </trkpt>
      <trkpt lat="45.30334" lon="-72.659436">
        <ele>143.27</ele>
      </trkpt>
      <trkpt lat="45.30419" lon="-72.659192">
        <ele>138.66</ele>
      </trkpt>
      <trkpt lat="45.30504" lon="-72.658948">
        <ele>136.79</ele>
      </trkpt>
      <trkpt lat="45.30589" lon="-72.658704">
        <ele>138.92</ele>
      </trkpt>
      <trkpt lat="45.30674" lon="-72.65846">
        <ele>142.83</ele>
      </trkpt>
      <trkpt lat="45.30702" lon="-72.65837">
        <ele>143.4</ele>
      </trkpt>
      <trkpt lat="45.307605" lon="-72.658115">
        <ele>145.91</ele>
      </trkpt>
      <trkpt lat="45.30819" lon="-72.65786">
        <ele>146.95</ele>
      </trkpt>
      <trkpt lat="45.30818" lon="-72.65786">
        <ele>146.94</ele>
      </trkpt>
      <trkpt lat="45.30899" lon="-72.65759">
        <ele>147.26</ele>
      </trkpt>
      <trkpt lat="45.30906" lon="-72.65768">
        <ele>147.14</ele>
      </trkpt>
      <trkpt lat="45.30913" lon="-72.65768">
        <ele>147.14</ele>
      </trkpt>
      <trkpt lat="45.30962" lon="-72.65759">
        <ele>146.73</ele>
      </trkpt>
      <trkpt lat="45.31049" lon="-72.657515">
        <ele>146.28</ele>
      </trkpt>
      <trkpt lat="45.31136" lon="-72.65744">
        <ele>144.06</ele>
      </trkpt>
      <trkpt lat="45.312115" lon="-72.65739">
        <ele>141.28</ele>
      </trkpt>
      <trkpt lat="45.31287" lon="-72.65734">
        <ele>138.36</ele>
      </trkpt>
      <trkpt lat="45.313625" lon="-72.65729">
        <ele>135.72</ele>
      </trkpt>
      <trkpt lat="45.31438" lon="-72.65724">
        <ele>133.14</ele>
      </trkpt>
      <trkpt lat="45.31449" lon="-72.6572">
        <ele>132.75</ele>
      </trkpt>
      <trkpt lat="45.31462" lon="-72.65723">
        <ele>132.52</ele>
      </trkpt>
      <trkpt lat="45.31471" lon="-72.65719">
        <ele>132.21</ele>
      </trkpt>
      <trkpt lat="45.31539" lon="-72.65716">
        <ele>129.33</ele>
      </trkpt>
      <trkpt lat="45.31607" lon="-72.65713">
        <ele>126.55</ele>
      </trkpt>
      <trkpt lat="45.31675" lon="-72.6571">
        <ele>126.14</ele>
      </trkpt>
      <trkpt lat="45.31681" lon="-72.65693">
        <ele>126.19</ele>
      </trkpt>
      <trkpt lat="45.31687" lon="-72.65624">
        <ele>124.96</ele>
      </trkpt>
      <trkpt lat="45.3170767" lon="-72.6552767">
        <ele>124.78</ele>
      </trkpt>
      <trkpt lat="45.3172833" lon="-72.6543133">
        <ele>124.65</ele>
      </trkpt>
      <trkpt lat="45.31749" lon="-72.65335">
        <ele>124.89</ele>
      </trkpt>
      <trkpt lat="45.31762" lon="-72.65243">
        <ele>125.52</ele>
      </trkpt>
    </trkseg>
  </trk>
</gpx>