<?xml version='1.0' encoding='utf-8'?>
<gpx xmlns="http://www.topografix.com/GPX/1/1" xmlns:xsi="http://www.w3.org/2001/XMLSchema-instance" version="1.1" creator="Gravelle Estrie" xsi:schemaLocation="http://www.topografix.com/GPX/1/1 http://www.topografix.com/GPX/1/1/gpx.xsd">
  <metadata>
    <name>Best Day Of My Life</name>
  </metadata>
  <trk>
    <name>Best Day Of My Life</name>
    <trkseg>
      <trkpt lat="45.22232" lon="-72.53215">
        <ele>202.3</ele>
      </trkpt>
      <trkpt lat="45.2223" lon="-72.53175">
        <ele>202.6</ele>
      </trkpt>
      <trkpt lat="45.221443" lon="-72.531806">
        <ele>202.7</ele>
      </trkpt>
      <trkpt lat="45.220586" lon="-72.531863">
        <ele>203.1</ele>
      </trkpt>
      <trkpt lat="45.21973" lon="-72.53192">
        <ele>203.3</ele>
      </trkpt>
      <trkpt lat="45.21952" lon="-72.53187">
        <ele>203.3</ele>
      </trkpt>
      <trkpt lat="45.21913" lon="-72.5317">
        <ele>203.1</ele>
      </trkpt>
      <trkpt lat="45.21842" lon="-72.53128">
        <ele>203.1</ele>
      </trkpt>
      <trkpt lat="45.217895" lon="-72.530974">
        <ele>203.2</ele>
      </trkpt>
      <trkpt lat="45.21737" lon="-72.53067">
        <ele>202.3</ele>
      </trkpt>
      <trkpt lat="45.21725" lon="-72.53058">
        <ele>202.3</ele>
      </trkpt>
      <trkpt lat="45.21689" lon="-72.52997">
        <ele>203.2</ele>
      </trkpt>
      <trkpt lat="45.2168" lon="-72.53009">
        <ele>202.6</ele>
      </trkpt>
      <trkpt lat="45.21679" lon="-72.53009">
        <ele>202.6</ele>
      </trkpt>
      <trkpt lat="45.21617" lon="-72.530852">
        <ele>200.8</ele>
      </trkpt>
      <trkpt lat="45.21555" lon="-72.531614">
        <ele>201.5</ele>
      </trkpt>
      <trkpt lat="45.21493" lon="-72.532376">
        <ele>201.5</ele>
      </trkpt>
      <trkpt lat="45.21431" lon="-72.533138">
        <ele>202.2</ele>
      </trkpt>
      <trkpt lat="45.21369" lon="-72.5339">
        <ele>204.4</ele>
      </trkpt>
      <trkpt lat="45.21368" lon="-72.5339">
        <ele>204.4</ele>
      </trkpt>
      <trkpt lat="45.21357" lon="-72.53404">
        <ele>205</ele>
      </trkpt>
      <trkpt lat="45.21349" lon="-72.53408">
        <ele>205.3</ele>
      </trkpt>
      <trkpt lat="45.21345" lon="-72.53408">
        <ele>205.5</ele>
      </trkpt>
      <trkpt lat="45.21333" lon="-72.53403">
        <ele>205.7</ele>
      </trkpt>
      <trkpt lat="45.212645" lon="-72.533784">
        <ele>203.3</ele>
      </trkpt>
      <trkpt lat="45.21196" lon="-72.53354">
        <ele>205.5</ele>
      </trkpt>
      <trkpt lat="45.21194" lon="-72.53365">
        <ele>205.5</ele>
      </trkpt>
      <trkpt lat="45.21196" lon="-72.53354">
        <ele>205.5</ele>
      </trkpt>
      <trkpt lat="45.211755" lon="-72.534745">
        <ele>206.4</ele>
      </trkpt>
      <trkpt lat="45.21155" lon="-72.53595">
        <ele>207.4</ele>
      </trkpt>
      <trkpt lat="45.210834" lon="-72.535924">
        <ele>208.3</ele>
      </trkpt>
      <trkpt lat="45.21012" lon="-72.5359">
        <ele>212</ele>
      </trkpt>
      <trkpt lat="45.209226" lon="-72.535889">
        <ele>217.2</ele>
      </trkpt>
      <trkpt lat="45.208333" lon="-72.535879">
        <ele>216.8</ele>
      </trkpt>
      <trkpt lat="45.20744" lon="-72.53587">
        <ele>216.6</ele>
      </trkpt>
      <trkpt lat="45.206653" lon="-72.535849">
        <ele>217.3</ele>
      </trkpt>
      <trkpt lat="45.205866" lon="-72.535829">
        <ele>219.8</ele>
      </trkpt>
      <trkpt lat="45.20508" lon="-72.53581">
        <ele>227.8</ele>
      </trkpt>
      <trkpt lat="45.204239" lon="-72.53584">
        <ele>240.3</ele>
      </trkpt>
      <trkpt lat="45.2034" lon="-72.53587">
        <ele>251.4</ele>
      </trkpt>
      <trkpt lat="45.20279" lon="-72.53577">
        <ele>260.2</ele>
      </trkpt>
      <trkpt lat="45.20271" lon="-72.53577">
        <ele>260.7</ele>
      </trkpt>
      <trkpt lat="45.20211" lon="-72.53592">
        <ele>264.2</ele>
      </trkpt>
      <trkpt lat="45.20183" lon="-72.53595">
        <ele>265.1</ele>
      </trkpt>
      <trkpt lat="45.20141" lon="-72.53582">
        <ele>265.9</ele>
      </trkpt>
      <trkpt lat="45.20109" lon="-72.53578">
        <ele>265.4</ele>
      </trkpt>
      <trkpt lat="45.200314" lon="-72.535774">
        <ele>255.4</ele>
      </trkpt>
      <trkpt lat="45.19954" lon="-72.53577">
        <ele>249.4</ele>
      </trkpt>
      <trkpt lat="45.1992" lon="-72.53582">
        <ele>249.5</ele>
      </trkpt>
      <trkpt lat="45.19902" lon="-72.53581">
        <ele>250.1</ele>
      </trkpt>
      <trkpt lat="45.19888" lon="-72.53582">
        <ele>251.2</ele>
      </trkpt>
      <trkpt lat="45.1987" lon="-72.53586">
        <ele>252.5</ele>
      </trkpt>
      <trkpt lat="45.19846" lon="-72.53601">
        <ele>256</ele>
      </trkpt>
      <trkpt lat="45.19834" lon="-72.53618">
        <ele>257.2</ele>
      </trkpt>
      <trkpt lat="45.198" lon="-72.53676">
        <ele>260.1</ele>
      </trkpt>
      <trkpt lat="45.19782" lon="-72.53695">
        <ele>260.5</ele>
      </trkpt>
      <trkpt lat="45.19762" lon="-72.53708">
        <ele>261.4</ele>
      </trkpt>
      <trkpt lat="45.19743" lon="-72.53712">
        <ele>262.1</ele>
      </trkpt>
      <trkpt lat="45.19711" lon="-72.53712">
        <ele>265.5</ele>
      </trkpt>
      <trkpt lat="45.19682" lon="-72.53698">
        <ele>267.6</ele>
      </trkpt>
      <trkpt lat="45.19661" lon="-72.53684">
        <ele>272.2</ele>
      </trkpt>
      <trkpt lat="45.19613" lon="-72.53636">
        <ele>277.5</ele>
      </trkpt>
      <trkpt lat="45.19586" lon="-72.53613">
        <ele>282.1</ele>
      </trkpt>
      <trkpt lat="45.19574" lon="-72.53612">
        <ele>283.5</ele>
      </trkpt>
      <trkpt lat="45.195205" lon="-72.536109">
        <ele>287.3</ele>
      </trkpt>
      <trkpt lat="45.19467" lon="-72.5361">
        <ele>289.8</ele>
      </trkpt>
      <trkpt lat="45.19423" lon="-72.53609">
        <ele>290.3</ele>
      </trkpt>
      <trkpt lat="45.19374" lon="-72.53606">
        <ele>291.9</ele>
      </trkpt>
      <trkpt lat="45.19325" lon="-72.53703">
        <ele>289.4</ele>
      </trkpt>
      <trkpt lat="45.192685" lon="-72.53783">
        <ele>289.2</ele>
      </trkpt>
      <trkpt lat="45.19212" lon="-72.53863">
        <ele>287.8</ele>
      </trkpt>
      <trkpt lat="45.191576" lon="-72.539543">
        <ele>283.4</ele>
      </trkpt>
      <trkpt lat="45.191033" lon="-72.540456">
        <ele>279.1</ele>
      </trkpt>
      <trkpt lat="45.19049" lon="-72.54137">
        <ele>274.2</ele>
      </trkpt>
      <trkpt lat="45.19038" lon="-72.54173">
        <ele>273.3</ele>
      </trkpt>
      <trkpt lat="45.190215" lon="-72.542645">
        <ele>265.3</ele>
      </trkpt>
      <trkpt lat="45.19005" lon="-72.54356">
        <ele>260.3</ele>
      </trkpt>
      <trkpt lat="45.18986" lon="-72.54423">
        <ele>257</ele>
      </trkpt>
      <trkpt lat="45.189535" lon="-72.54499">
        <ele>254.6</ele>
      </trkpt>
      <trkpt lat="45.18921" lon="-72.54575">
        <ele>249.3</ele>
      </trkpt>
      <trkpt lat="45.18876" lon="-72.546506">
        <ele>243</ele>
      </trkpt>
      <trkpt lat="45.18831" lon="-72.547263">
        <ele>233.2</ele>
      </trkpt>
      <trkpt lat="45.18786" lon="-72.54802">
        <ele>230.5</ele>
      </trkpt>
      <trkpt lat="45.18786" lon="-72.549043">
        <ele>230.4</ele>
      </trkpt>
      <trkpt lat="45.18786" lon="-72.550066">
        <ele>229.8</ele>
      </trkpt>
      <trkpt lat="45.18786" lon="-72.55109">
        <ele>227.6</ele>
      </trkpt>
      <trkpt lat="45.18784" lon="-72.55234">
        <ele>226.5</ele>
      </trkpt>
      <trkpt lat="45.187773" lon="-72.553373">
        <ele>226.4</ele>
      </trkpt>
      <trkpt lat="45.187706" lon="-72.554406">
        <ele>221.3</ele>
      </trkpt>
      <trkpt lat="45.18764" lon="-72.55544">
        <ele>217.6</ele>
      </trkpt>
      <trkpt lat="45.18758" lon="-72.5561">
        <ele>215.9</ele>
      </trkpt>
      <trkpt lat="45.18756" lon="-72.55655">
        <ele>215.2</ele>
      </trkpt>
      <trkpt lat="45.18757" lon="-72.55718">
        <ele>213</ele>
      </trkpt>
      <trkpt lat="45.18759" lon="-72.55749">
        <ele>211.8</ele>
      </trkpt>
      <trkpt lat="45.18773" lon="-72.5582">
        <ele>210.3</ele>
      </trkpt>
      <trkpt lat="45.18796" lon="-72.55895">
        <ele>209.7</ele>
      </trkpt>
      <trkpt lat="45.188233" lon="-72.559759">
        <ele>209</ele>
      </trkpt>
      <trkpt lat="45.188506" lon="-72.560569">
        <ele>209.3</ele>
      </trkpt>
      <trkpt lat="45.18878" lon="-72.56138">
        <ele>209</ele>
      </trkpt>
      <trkpt lat="45.18862" lon="-72.56148">
        <ele>208.7</ele>
      </trkpt>
      <trkpt lat="45.18844" lon="-72.5616">
        <ele>208.1</ele>
      </trkpt>
      <trkpt lat="45.18793" lon="-72.56177">
        <ele>207.3</ele>
      </trkpt>
      <trkpt lat="45.18719" lon="-72.562007">
        <ele>206.3</ele>
      </trkpt>
      <trkpt lat="45.18645" lon="-72.562245">
        <ele>206.1</ele>
      </trkpt>
      <trkpt lat="45.18571" lon="-72.562482">
        <ele>205.8</ele>
      </trkpt>
      <trkpt lat="45.18497" lon="-72.56272">
        <ele>205.5</ele>
      </trkpt>
      <trkpt lat="45.184376" lon="-72.562886">
        <ele>206.5</ele>
      </trkpt>
      <trkpt lat="45.183783" lon="-72.563053">
        <ele>209.1</ele>
      </trkpt>
      <trkpt lat="45.18319" lon="-72.56322">
        <ele>214.6</ele>
      </trkpt>
      <trkpt lat="45.182493" lon="-72.563393">
        <ele>214.9</ele>
      </trkpt>
      <trkpt lat="45.181796" lon="-72.563566">
        <ele>211.4</ele>
      </trkpt>
      <trkpt lat="45.1811" lon="-72.56374">
        <ele>210</ele>
      </trkpt>
      <trkpt lat="45.18063" lon="-72.56388">
        <ele>209.8</ele>
      </trkpt>
      <trkpt lat="45.18008" lon="-72.56396">
        <ele>210</ele>
      </trkpt>
      <trkpt lat="45.18005" lon="-72.56397">
        <ele>210</ele>
      </trkpt>
      <trkpt lat="45.17994" lon="-72.56399">
        <ele>210</ele>
      </trkpt>
      <trkpt lat="45.17915" lon="-72.56404">
        <ele>208.1</ele>
      </trkpt>
      <trkpt lat="45.178369" lon="-72.564075">
        <ele>207.1</ele>
      </trkpt>
      <trkpt lat="45.17759" lon="-72.56411">
        <ele>207.3</ele>
      </trkpt>
      <trkpt lat="45.17728" lon="-72.56407">
        <ele>205.7</ele>
      </trkpt>
      <trkpt lat="45.17659" lon="-72.56394">
        <ele>201.3</ele>
      </trkpt>
      <trkpt lat="45.17618" lon="-72.56384">
        <ele>201.3</ele>
      </trkpt>
      <trkpt lat="45.17547" lon="-72.56354">
        <ele>204.8</ele>
      </trkpt>
      <trkpt lat="45.17534" lon="-72.56351">
        <ele>206</ele>
      </trkpt>
      <trkpt lat="45.17496" lon="-72.56349">
        <ele>210.2</ele>
      </trkpt>
      <trkpt lat="45.17475" lon="-72.56353">
        <ele>211.8</ele>
      </trkpt>
      <trkpt lat="45.174085" lon="-72.56383">
        <ele>212.5</ele>
      </trkpt>
      <trkpt lat="45.17342" lon="-72.56413">
        <ele>213.3</ele>
      </trkpt>
      <trkpt lat="45.172755" lon="-72.56443">
        <ele>213.9</ele>
      </trkpt>
      <trkpt lat="45.17209" lon="-72.56473">
        <ele>214.2</ele>
      </trkpt>
      <trkpt lat="45.17152" lon="-72.56505">
        <ele>214.7</ele>
      </trkpt>
      <trkpt lat="45.17132" lon="-72.56519">
        <ele>214.5</ele>
      </trkpt>
      <trkpt lat="45.17098" lon="-72.56554">
        <ele>212.1</ele>
      </trkpt>
      <trkpt lat="45.1706" lon="-72.56578">
        <ele>206.8</ele>
      </trkpt>
      <trkpt lat="45.16991" lon="-72.56608">
        <ele>204</ele>
      </trkpt>
      <trkpt lat="45.169266" lon="-72.566273">
        <ele>206.5</ele>
      </trkpt>
      <trkpt lat="45.168623" lon="-72.566466">
        <ele>208</ele>
      </trkpt>
      <trkpt lat="45.16798" lon="-72.56666">
        <ele>212.6</ele>
      </trkpt>
      <trkpt lat="45.167519" lon="-72.56682">
        <ele>216.8</ele>
      </trkpt>
      <trkpt lat="45.16706" lon="-72.56698">
        <ele>221.2</ele>
      </trkpt>
      <trkpt lat="45.16671" lon="-72.5672">
        <ele>223.8</ele>
      </trkpt>
      <trkpt lat="45.16619" lon="-72.5676">
        <ele>226.5</ele>
      </trkpt>
      <trkpt lat="45.16586" lon="-72.56777">
        <ele>227.2</ele>
      </trkpt>
      <trkpt lat="45.16583" lon="-72.56779">
        <ele>227.3</ele>
      </trkpt>
      <trkpt lat="45.165405" lon="-72.56801">
        <ele>228.6</ele>
      </trkpt>
      <trkpt lat="45.16498" lon="-72.56823">
        <ele>229.2</ele>
      </trkpt>
      <trkpt lat="45.164327" lon="-72.56861">
        <ele>230.5</ele>
      </trkpt>
      <trkpt lat="45.163675" lon="-72.56899">
        <ele>231.4</ele>
      </trkpt>
      <trkpt lat="45.163022" lon="-72.56937">
        <ele>232.4</ele>
      </trkpt>
      <trkpt lat="45.16237" lon="-72.56975">
        <ele>232.2</ele>
      </trkpt>
      <trkpt lat="45.1619" lon="-72.57">
        <ele>232.3</ele>
      </trkpt>
      <trkpt lat="45.16143" lon="-72.57025">
        <ele>233.6</ele>
      </trkpt>
      <trkpt lat="45.16114" lon="-72.57043">
        <ele>235.2</ele>
      </trkpt>
      <trkpt lat="45.1606" lon="-72.57064">
        <ele>236.2</ele>
      </trkpt>
      <trkpt lat="45.16001" lon="-72.57083">
        <ele>235.7</ele>
      </trkpt>
      <trkpt lat="45.1596" lon="-72.57085">
        <ele>235.4</ele>
      </trkpt>
      <trkpt lat="45.158839" lon="-72.570822">
        <ele>233.7</ele>
      </trkpt>
      <trkpt lat="45.158079" lon="-72.570794">
        <ele>232.9</ele>
      </trkpt>
      <trkpt lat="45.157319" lon="-72.570767">
        <ele>235.6</ele>
      </trkpt>
      <trkpt lat="45.15656" lon="-72.57074">
        <ele>243</ele>
      </trkpt>
      <trkpt lat="45.155824" lon="-72.570727">
        <ele>244.2</ele>
      </trkpt>
      <trkpt lat="45.155089" lon="-72.570714">
        <ele>246.8</ele>
      </trkpt>
      <trkpt lat="45.154354" lon="-72.570702">
        <ele>249.2</ele>
      </trkpt>
      <trkpt lat="45.15362" lon="-72.57069">
        <ele>250.7</ele>
      </trkpt>
      <trkpt lat="45.153165" lon="-72.570649">
        <ele>250.5</ele>
      </trkpt>
      <trkpt lat="45.15271" lon="-72.57061">
        <ele>251.2</ele>
      </trkpt>
      <trkpt lat="45.152019" lon="-72.570584">
        <ele>254.9</ele>
      </trkpt>
      <trkpt lat="45.15133" lon="-72.57056">
        <ele>257.6</ele>
      </trkpt>
      <trkpt lat="45.15103" lon="-72.5706">
        <ele>257.9</ele>
      </trkpt>
      <trkpt lat="45.15077" lon="-72.57065">
        <ele>257.3</ele>
      </trkpt>
      <trkpt lat="45.15064" lon="-72.57073">
        <ele>256.8</ele>
      </trkpt>
      <trkpt lat="45.15053" lon="-72.57083">
        <ele>256.8</ele>
      </trkpt>
      <trkpt lat="45.15035" lon="-72.57115">
        <ele>255.1</ele>
      </trkpt>
      <trkpt lat="45.149927" lon="-72.571985">
        <ele>253.9</ele>
      </trkpt>
      <trkpt lat="45.149505" lon="-72.57282">
        <ele>251.9</ele>
      </trkpt>
      <trkpt lat="45.149082" lon="-72.573655">
        <ele>248.8</ele>
      </trkpt>
      <trkpt lat="45.14866" lon="-72.57449">
        <ele>245.3</ele>
      </trkpt>
      <trkpt lat="45.148267" lon="-72.57529">
        <ele>242.6</ele>
      </trkpt>
      <trkpt lat="45.147875" lon="-72.57609">
        <ele>239.9</ele>
      </trkpt>
      <trkpt lat="45.147482" lon="-72.57689">
        <ele>236.6</ele>
      </trkpt>
      <trkpt lat="45.14709" lon="-72.57769">
        <ele>235.8</ele>
      </trkpt>
      <trkpt lat="45.1469" lon="-72.57804">
        <ele>235.9</ele>
      </trkpt>
      <trkpt lat="45.14681" lon="-72.57808">
        <ele>235.8</ele>
      </trkpt>
      <trkpt lat="45.14606" lon="-72.57807">
        <ele>236.5</ele>
      </trkpt>
      <trkpt lat="45.145182" lon="-72.57809">
        <ele>234</ele>
      </trkpt>
      <trkpt lat="45.144304" lon="-72.57811">
        <ele>232.7</ele>
      </trkpt>
      <trkpt lat="45.143426" lon="-72.57813">
        <ele>231.8</ele>
      </trkpt>
      <trkpt lat="45.142548" lon="-72.57815">
        <ele>232.8</ele>
      </trkpt>
      <trkpt lat="45.14167" lon="-72.57817">
        <ele>239.4</ele>
      </trkpt>
      <trkpt lat="45.141184" lon="-72.578154">
        <ele>240.9</ele>
      </trkpt>
      <trkpt lat="45.1407" lon="-72.57814">
        <ele>241.7</ele>
      </trkpt>
      <trkpt lat="45.140083" lon="-72.578176">
        <ele>241.5</ele>
      </trkpt>
      <trkpt lat="45.139466" lon="-72.578213">
        <ele>239.7</ele>
      </trkpt>
      <trkpt lat="45.13885" lon="-72.57825">
        <ele>237.8</ele>
      </trkpt>
      <trkpt lat="45.1384" lon="-72.57831">
        <ele>232.7</ele>
      </trkpt>
      <trkpt lat="45.13752" lon="-72.57826">
        <ele>226.5</ele>
      </trkpt>
      <trkpt lat="45.1373" lon="-72.57816">
        <ele>226</ele>
      </trkpt>
      <trkpt lat="45.13696" lon="-72.5779">
        <ele>226.5</ele>
      </trkpt>
      <trkpt lat="45.1368" lon="-72.57777">
        <ele>227.8</ele>
      </trkpt>
      <trkpt lat="45.13673" lon="-72.57768">
        <ele>228.5</ele>
      </trkpt>
      <trkpt lat="45.13658" lon="-72.57732">
        <ele>231.7</ele>
      </trkpt>
      <trkpt lat="45.13631" lon="-72.57701">
        <ele>236.9</ele>
      </trkpt>
      <trkpt lat="45.13608" lon="-72.57683">
        <ele>241.3</ele>
      </trkpt>
      <trkpt lat="45.1358" lon="-72.57666">
        <ele>244.4</ele>
      </trkpt>
      <trkpt lat="45.1355" lon="-72.57657">
        <ele>248.7</ele>
      </trkpt>
      <trkpt lat="45.13464" lon="-72.5766">
        <ele>255.2</ele>
      </trkpt>
      <trkpt lat="45.13447" lon="-72.57661">
        <ele>256.3</ele>
      </trkpt>
      <trkpt lat="45.13435" lon="-72.57669">
        <ele>256.8</ele>
      </trkpt>
      <trkpt lat="45.1342" lon="-72.57683">
        <ele>257.3</ele>
      </trkpt>
      <trkpt lat="45.13361" lon="-72.57758">
        <ele>259.8</ele>
      </trkpt>
      <trkpt lat="45.13339" lon="-72.5779">
        <ele>260.2</ele>
      </trkpt>
      <trkpt lat="45.13332" lon="-72.57796">
        <ele>260.5</ele>
      </trkpt>
      <trkpt lat="45.13294" lon="-72.57809">
        <ele>262.3</ele>
      </trkpt>
      <trkpt lat="45.1327" lon="-72.57816">
        <ele>263.5</ele>
      </trkpt>
      <trkpt lat="45.132194" lon="-72.578185">
        <ele>268.3</ele>
      </trkpt>
      <trkpt lat="45.13169" lon="-72.57821">
        <ele>272.2</ele>
      </trkpt>
      <trkpt lat="45.13156" lon="-72.57822">
        <ele>273</ele>
      </trkpt>
      <trkpt lat="45.13128" lon="-72.57836">
        <ele>273.9</ele>
      </trkpt>
      <trkpt lat="45.13118" lon="-72.57844">
        <ele>274.1</ele>
      </trkpt>
      <trkpt lat="45.13102" lon="-72.57863">
        <ele>274.1</ele>
      </trkpt>
      <trkpt lat="45.13102" lon="-72.57862">
        <ele>274.1</ele>
      </trkpt>
      <trkpt lat="45.130465" lon="-72.579315">
        <ele>273.6</ele>
      </trkpt>
      <trkpt lat="45.12991" lon="-72.58001">
        <ele>276.5</ele>
      </trkpt>
      <trkpt lat="45.129525" lon="-72.580655">
        <ele>277.2</ele>
      </trkpt>
      <trkpt lat="45.12914" lon="-72.5813">
        <ele>275.9</ele>
      </trkpt>
      <trkpt lat="45.12865" lon="-72.58204">
        <ele>276.6</ele>
      </trkpt>
      <trkpt lat="45.12816" lon="-72.58278">
        <ele>276.1</ele>
      </trkpt>
      <trkpt lat="45.1278" lon="-72.583255">
        <ele>277.4</ele>
      </trkpt>
      <trkpt lat="45.12744" lon="-72.58373">
        <ele>277.1</ele>
      </trkpt>
      <trkpt lat="45.127035" lon="-72.584335">
        <ele>276.3</ele>
      </trkpt>
      <trkpt lat="45.12663" lon="-72.58494">
        <ele>275.6</ele>
      </trkpt>
      <trkpt lat="45.1263" lon="-72.5856">
        <ele>273.5</ele>
      </trkpt>
      <trkpt lat="45.12613" lon="-72.58627">
        <ele>271</ele>
      </trkpt>
      <trkpt lat="45.1259" lon="-72.586905">
        <ele>270.3</ele>
      </trkpt>
      <trkpt lat="45.12567" lon="-72.58754">
        <ele>270.9</ele>
      </trkpt>
      <trkpt lat="45.12549" lon="-72.58794">
        <ele>271.9</ele>
      </trkpt>
      <trkpt lat="45.12495" lon="-72.58868">
        <ele>269</ele>
      </trkpt>
      <trkpt lat="45.12441" lon="-72.58942">
        <ele>268.6</ele>
      </trkpt>
      <trkpt lat="45.12421" lon="-72.58976">
        <ele>269.3</ele>
      </trkpt>
      <trkpt lat="45.12415" lon="-72.5899">
        <ele>269.4</ele>
      </trkpt>
      <trkpt lat="45.123825" lon="-72.590435">
        <ele>266.9</ele>
      </trkpt>
      <trkpt lat="45.1235" lon="-72.59097">
        <ele>265.1</ele>
      </trkpt>
      <trkpt lat="45.12302" lon="-72.59169">
        <ele>265</ele>
      </trkpt>
      <trkpt lat="45.12272" lon="-72.59218">
        <ele>264.1</ele>
      </trkpt>
      <trkpt lat="45.12238" lon="-72.59263">
        <ele>263.6</ele>
      </trkpt>
      <trkpt lat="45.121805" lon="-72.59355">
        <ele>263.1</ele>
      </trkpt>
      <trkpt lat="45.12123" lon="-72.59447">
        <ele>259.6</ele>
      </trkpt>
      <trkpt lat="45.12091" lon="-72.59513">
        <ele>257.3</ele>
      </trkpt>
      <trkpt lat="45.1207" lon="-72.59559">
        <ele>254.2</ele>
      </trkpt>
      <trkpt lat="45.12043" lon="-72.5964">
        <ele>248.7</ele>
      </trkpt>
      <trkpt lat="45.120076" lon="-72.597326">
        <ele>245.2</ele>
      </trkpt>
      <trkpt lat="45.119723" lon="-72.598253">
        <ele>240.4</ele>
      </trkpt>
      <trkpt lat="45.11937" lon="-72.59918">
        <ele>237.4</ele>
      </trkpt>
      <trkpt lat="45.11913" lon="-72.59971">
        <ele>236.3</ele>
      </trkpt>
      <trkpt lat="45.11875" lon="-72.60034">
        <ele>234.9</ele>
      </trkpt>
      <trkpt lat="45.11837" lon="-72.60097">
        <ele>234.3</ele>
      </trkpt>
      <trkpt lat="45.11802" lon="-72.60145">
        <ele>233</ele>
      </trkpt>
      <trkpt lat="45.11732" lon="-72.60224">
        <ele>232.7</ele>
      </trkpt>
      <trkpt lat="45.11691" lon="-72.60267">
        <ele>233.1</ele>
      </trkpt>
      <trkpt lat="45.1163" lon="-72.60321">
        <ele>230.1</ele>
      </trkpt>
      <trkpt lat="45.11556" lon="-72.603695">
        <ele>225.8</ele>
      </trkpt>
      <trkpt lat="45.11482" lon="-72.60418">
        <ele>223.6</ele>
      </trkpt>
      <trkpt lat="45.11462" lon="-72.60434">
        <ele>221.5</ele>
      </trkpt>
      <trkpt lat="45.11443" lon="-72.60455">
        <ele>217.1</ele>
      </trkpt>
      <trkpt lat="45.11418" lon="-72.60494">
        <ele>214.8</ele>
      </trkpt>
      <trkpt lat="45.11393" lon="-72.60543">
        <ele>213.3</ele>
      </trkpt>
      <trkpt lat="45.11351" lon="-72.60634">
        <ele>214.9</ele>
      </trkpt>
      <trkpt lat="45.11333" lon="-72.60669">
        <ele>215.8</ele>
      </trkpt>
      <trkpt lat="45.11322" lon="-72.60682">
        <ele>215.8</ele>
      </trkpt>
      <trkpt lat="45.11273" lon="-72.60759">
        <ele>215.7</ele>
      </trkpt>
      <trkpt lat="45.11247" lon="-72.60802">
        <ele>212.3</ele>
      </trkpt>
      <trkpt lat="45.11247" lon="-72.60803">
        <ele>212.3</ele>
      </trkpt>
      <trkpt lat="45.112113" lon="-72.60872">
        <ele>203.2</ele>
      </trkpt>
      <trkpt lat="45.111756" lon="-72.60941">
        <ele>196</ele>
      </trkpt>
      <trkpt lat="45.1114" lon="-72.6101">
        <ele>191.8</ele>
      </trkpt>
      <trkpt lat="45.110993" lon="-72.610926">
        <ele>186.4</ele>
      </trkpt>
      <trkpt lat="45.110586" lon="-72.611753">
        <ele>181.6</ele>
      </trkpt>
      <trkpt lat="45.11018" lon="-72.61258">
        <ele>180.4</ele>
      </trkpt>
      <trkpt lat="45.109765" lon="-72.61344">
        <ele>180.1</ele>
      </trkpt>
      <trkpt lat="45.10935" lon="-72.6143">
        <ele>180.3</ele>
      </trkpt>
      <trkpt lat="45.10893" lon="-72.61531">
        <ele>179.7</ele>
      </trkpt>
      <trkpt lat="45.10893" lon="-72.61532">
        <ele>179.7</ele>
      </trkpt>
      <trkpt lat="45.108685" lon="-72.615895">
        <ele>179.6</ele>
      </trkpt>
      <trkpt lat="45.10844" lon="-72.61647">
        <ele>179.5</ele>
      </trkpt>
      <trkpt lat="45.107625" lon="-72.615974">
        <ele>180.6</ele>
      </trkpt>
      <trkpt lat="45.10681" lon="-72.61548">
        <ele>181.4</ele>
      </trkpt>
      <trkpt lat="45.10639" lon="-72.61525">
        <ele>181.1</ele>
      </trkpt>
      <trkpt lat="45.10622" lon="-72.61516">
        <ele>180.9</ele>
      </trkpt>
      <trkpt lat="45.10592" lon="-72.61507">
        <ele>180</ele>
      </trkpt>
      <trkpt lat="45.10554" lon="-72.61507">
        <ele>179.2</ele>
      </trkpt>
      <trkpt lat="45.10531" lon="-72.6151">
        <ele>178.9</ele>
      </trkpt>
      <trkpt lat="45.10517" lon="-72.61516">
        <ele>178.5</ele>
      </trkpt>
      <trkpt lat="45.10485" lon="-72.61538">
        <ele>177.5</ele>
      </trkpt>
      <trkpt lat="45.1047" lon="-72.61556">
        <ele>177.3</ele>
      </trkpt>
      <trkpt lat="45.10435" lon="-72.616055">
        <ele>176.5</ele>
      </trkpt>
      <trkpt lat="45.104" lon="-72.61655">
        <ele>175.2</ele>
      </trkpt>
      <trkpt lat="45.103505" lon="-72.617297">
        <ele>173.8</ele>
      </trkpt>
      <trkpt lat="45.10301" lon="-72.618045">
        <ele>172.7</ele>
      </trkpt>
      <trkpt lat="45.102515" lon="-72.618792">
        <ele>171.2</ele>
      </trkpt>
      <trkpt lat="45.10202" lon="-72.61954">
        <ele>169.6</ele>
      </trkpt>
      <trkpt lat="45.10168" lon="-72.61995">
        <ele>169.2</ele>
      </trkpt>
      <trkpt lat="45.10148" lon="-72.62017">
        <ele>168.8</ele>
      </trkpt>
      <trkpt lat="45.101025" lon="-72.62057">
        <ele>168.5</ele>
      </trkpt>
      <trkpt lat="45.10057" lon="-72.62097">
        <ele>168.1</ele>
      </trkpt>
      <trkpt lat="45.099917" lon="-72.621505">
        <ele>167.2</ele>
      </trkpt>
      <trkpt lat="45.099265" lon="-72.62204">
        <ele>166.2</ele>
      </trkpt>
      <trkpt lat="45.098612" lon="-72.622575">
        <ele>166.6</ele>
      </trkpt>
      <trkpt lat="45.09796" lon="-72.62311">
        <ele>167.5</ele>
      </trkpt>
      <trkpt lat="45.097335" lon="-72.623545">
        <ele>167.1</ele>
      </trkpt>
      <trkpt lat="45.09671" lon="-72.62398">
        <ele>165.2</ele>
      </trkpt>
      <trkpt lat="45.095986" lon="-72.62444">
        <ele>164</ele>
      </trkpt>
      <trkpt lat="45.095263" lon="-72.6249">
        <ele>163.1</ele>
      </trkpt>
      <trkpt lat="45.09454" lon="-72.62536">
        <ele>162.6</ele>
      </trkpt>
      <trkpt lat="45.09405" lon="-72.62559">
        <ele>162.2</ele>
      </trkpt>
      <trkpt lat="45.09373" lon="-72.62568">
        <ele>162</ele>
      </trkpt>
      <trkpt lat="45.093116" lon="-72.6258">
        <ele>162.1</ele>
      </trkpt>
      <trkpt lat="45.092503" lon="-72.62592">
        <ele>162.3</ele>
      </trkpt>
      <trkpt lat="45.09189" lon="-72.62604">
        <ele>162.4</ele>
      </trkpt>
      <trkpt lat="45.09188" lon="-72.62604">
        <ele>162.4</ele>
      </trkpt>
      <trkpt lat="45.091365" lon="-72.62616">
        <ele>162.4</ele>
      </trkpt>
      <trkpt lat="45.09085" lon="-72.62628">
        <ele>162.6</ele>
      </trkpt>
      <trkpt lat="45.090712" lon="-72.625251">
        <ele>163.5</ele>
      </trkpt>
      <trkpt lat="45.090574" lon="-72.624223">
        <ele>164.7</ele>
      </trkpt>
      <trkpt lat="45.090436" lon="-72.623195">
        <ele>167.2</ele>
      </trkpt>
      <trkpt lat="45.090298" lon="-72.622167">
        <ele>169.1</ele>
      </trkpt>
      <trkpt lat="45.09016" lon="-72.62114">
        <ele>169.8</ele>
      </trkpt>
      <trkpt lat="45.089555" lon="-72.621255">
        <ele>167.8</ele>
      </trkpt>
      <trkpt lat="45.08895" lon="-72.62137">
        <ele>166.7</ele>
      </trkpt>
      <trkpt lat="45.088245" lon="-72.621535">
        <ele>166</ele>
      </trkpt>
      <trkpt lat="45.08754" lon="-72.6217">
        <ele>166.2</ele>
      </trkpt>
      <trkpt lat="45.08753" lon="-72.6217">
        <ele>166.2</ele>
      </trkpt>
      <trkpt lat="45.086765" lon="-72.621887">
        <ele>165</ele>
      </trkpt>
      <trkpt lat="45.086" lon="-72.622075">
        <ele>165</ele>
      </trkpt>
      <trkpt lat="45.085235" lon="-72.622262">
        <ele>166.2</ele>
      </trkpt>
      <trkpt lat="45.08447" lon="-72.62245">
        <ele>166.4</ele>
      </trkpt>
      <trkpt lat="45.08395" lon="-72.62249">
        <ele>169.3</ele>
      </trkpt>
      <trkpt lat="45.08325" lon="-72.62249">
        <ele>174.8</ele>
      </trkpt>
      <trkpt lat="45.08255" lon="-72.62249">
        <ele>178.8</ele>
      </trkpt>
      <trkpt lat="45.082005" lon="-72.622439">
        <ele>180.2</ele>
      </trkpt>
      <trkpt lat="45.08146" lon="-72.62239">
        <ele>180.7</ele>
      </trkpt>
      <trkpt lat="45.08075" lon="-72.62228">
        <ele>179.9</ele>
      </trkpt>
      <trkpt lat="45.08018" lon="-72.62217">
        <ele>178.9</ele>
      </trkpt>
      <trkpt lat="45.07938" lon="-72.621876">
        <ele>182.9</ele>
      </trkpt>
      <trkpt lat="45.07858" lon="-72.621583">
        <ele>185.8</ele>
      </trkpt>
      <trkpt lat="45.07778" lon="-72.62129">
        <ele>188.9</ele>
      </trkpt>
      <trkpt lat="45.07694" lon="-72.620976">
        <ele>194.1</ele>
      </trkpt>
      <trkpt lat="45.0761" lon="-72.620663">
        <ele>198.1</ele>
      </trkpt>
      <trkpt lat="45.07526" lon="-72.62035">
        <ele>202.7</ele>
      </trkpt>
      <trkpt lat="45.07443" lon="-72.620054">
        <ele>209</ele>
      </trkpt>
      <trkpt lat="45.0736" lon="-72.61976">
        <ele>214.5</ele>
      </trkpt>
      <trkpt lat="45.07313" lon="-72.61968">
        <ele>215.6</ele>
      </trkpt>
      <trkpt lat="45.07228" lon="-72.619661">
        <ele>215.3</ele>
      </trkpt>
      <trkpt lat="45.07143" lon="-72.619643">
        <ele>212.4</ele>
      </trkpt>
      <trkpt lat="45.07058" lon="-72.619625">
        <ele>209</ele>
      </trkpt>
      <trkpt lat="45.06973" lon="-72.619607">
        <ele>207.8</ele>
      </trkpt>
      <trkpt lat="45.06888" lon="-72.61959">
        <ele>207.4</ele>
      </trkpt>
      <trkpt lat="45.068324" lon="-72.61961">
        <ele>209.1</ele>
      </trkpt>
      <trkpt lat="45.06777" lon="-72.61963">
        <ele>210.9</ele>
      </trkpt>
      <trkpt lat="45.067205" lon="-72.619559">
        <ele>211.2</ele>
      </trkpt>
      <trkpt lat="45.06664" lon="-72.61949">
        <ele>212.9</ele>
      </trkpt>
      <trkpt lat="45.065785" lon="-72.619324">
        <ele>214.3</ele>
      </trkpt>
      <trkpt lat="45.06493" lon="-72.61916">
        <ele>211.6</ele>
      </trkpt>
      <trkpt lat="45.064043" lon="-72.618984">
        <ele>209.3</ele>
      </trkpt>
      <trkpt lat="45.063156" lon="-72.618809">
        <ele>210.4</ele>
      </trkpt>
      <trkpt lat="45.06227" lon="-72.618634">
        <ele>221.8</ele>
      </trkpt>
      <trkpt lat="45.061383" lon="-72.618459">
        <ele>230.8</ele>
      </trkpt>
      <trkpt lat="45.060496" lon="-72.618284">
        <ele>237.1</ele>
      </trkpt>
      <trkpt lat="45.05961" lon="-72.61811">
        <ele>247.7</ele>
      </trkpt>
      <trkpt lat="45.058853" lon="-72.618019">
        <ele>252</ele>
      </trkpt>
      <trkpt lat="45.058096" lon="-72.617929">
        <ele>255.2</ele>
      </trkpt>
      <trkpt lat="45.05734" lon="-72.61784">
        <ele>254.7</ele>
      </trkpt>
      <trkpt lat="45.056745" lon="-72.617749">
        <ele>250.2</ele>
      </trkpt>
      <trkpt lat="45.05615" lon="-72.61766">
        <ele>249.2</ele>
      </trkpt>
      <trkpt lat="45.055395" lon="-72.617484">
        <ele>251.1</ele>
      </trkpt>
      <trkpt lat="45.05464" lon="-72.61731">
        <ele>252.9</ele>
      </trkpt>
      <trkpt lat="45.05392" lon="-72.61718">
        <ele>255.1</ele>
      </trkpt>
      <trkpt lat="45.05324" lon="-72.61726">
        <ele>259.6</ele>
      </trkpt>
      <trkpt lat="45.052643" lon="-72.617346">
        <ele>262.8</ele>
      </trkpt>
      <trkpt lat="45.052046" lon="-72.617433">
        <ele>267.1</ele>
      </trkpt>
      <trkpt lat="45.05145" lon="-72.61752">
        <ele>269.9</ele>
      </trkpt>
      <trkpt lat="45.050624" lon="-72.617617">
        <ele>273.2</ele>
      </trkpt>
      <trkpt lat="45.049798" lon="-72.617714">
        <ele>273.1</ele>
      </trkpt>
      <trkpt lat="45.048972" lon="-72.617811">
        <ele>271.1</ele>
      </trkpt>
      <trkpt lat="45.048147" lon="-72.617908">
        <ele>267.5</ele>
      </trkpt>
      <trkpt lat="45.047321" lon="-72.618005">
        <ele>261.9</ele>
      </trkpt>
      <trkpt lat="45.046495" lon="-72.618102">
        <ele>258</ele>
      </trkpt>
      <trkpt lat="45.04567" lon="-72.6182">
        <ele>251.4</ele>
      </trkpt>
      <trkpt lat="45.04521" lon="-72.61828">
        <ele>251.4</ele>
      </trkpt>
      <trkpt lat="45.044534" lon="-72.61835">
        <ele>261.3</ele>
      </trkpt>
      <trkpt lat="45.04386" lon="-72.61842">
        <ele>269.8</ele>
      </trkpt>
      <trkpt lat="45.043087" lon="-72.618522">
        <ele>278.7</ele>
      </trkpt>
      <trkpt lat="45.042315" lon="-72.618625">
        <ele>285.4</ele>
      </trkpt>
      <trkpt lat="45.041542" lon="-72.618727">
        <ele>287.9</ele>
      </trkpt>
      <trkpt lat="45.04077" lon="-72.61883">
        <ele>288.6</ele>
      </trkpt>
      <trkpt lat="45.0402" lon="-72.61888">
        <ele>288.3</ele>
      </trkpt>
      <trkpt lat="45.03969" lon="-72.61888">
        <ele>288.7</ele>
      </trkpt>
      <trkpt lat="45.039109" lon="-72.618839">
        <ele>287.8</ele>
      </trkpt>
      <trkpt lat="45.03853" lon="-72.6188">
        <ele>284.6</ele>
      </trkpt>
      <trkpt lat="45.037999" lon="-72.618744">
        <ele>280</ele>
      </trkpt>
      <trkpt lat="45.03747" lon="-72.61869">
        <ele>276.2</ele>
      </trkpt>
      <trkpt lat="45.036839" lon="-72.618653">
        <ele>277.4</ele>
      </trkpt>
      <trkpt lat="45.036209" lon="-72.618616">
        <ele>281.5</ele>
      </trkpt>
      <trkpt lat="45.03558" lon="-72.61858">
        <ele>283.8</ele>
      </trkpt>
      <trkpt lat="45.034854" lon="-72.618523">
        <ele>285.5</ele>
      </trkpt>
      <trkpt lat="45.034128" lon="-72.618467">
        <ele>293.8</ele>
      </trkpt>
      <trkpt lat="45.033402" lon="-72.618411">
        <ele>300.5</ele>
      </trkpt>
      <trkpt lat="45.032676" lon="-72.618355">
        <ele>301</ele>
      </trkpt>
      <trkpt lat="45.03195" lon="-72.6183">
        <ele>297.4</ele>
      </trkpt>
      <trkpt lat="45.03156" lon="-72.6182">
        <ele>295.9</ele>
      </trkpt>
      <trkpt lat="45.03105" lon="-72.61787">
        <ele>296.8</ele>
      </trkpt>
      <trkpt lat="45.0309" lon="-72.618815">
        <ele>288.4</ele>
      </trkpt>
      <trkpt lat="45.03075" lon="-72.61976">
        <ele>284.9</ele>
      </trkpt>
      <trkpt lat="45.0307" lon="-72.62022">
        <ele>284.3</ele>
      </trkpt>
      <trkpt lat="45.03069" lon="-72.62066">
        <ele>283.4</ele>
      </trkpt>
      <trkpt lat="45.03071" lon="-72.62102">
        <ele>281.8</ele>
      </trkpt>
      <trkpt lat="45.030805" lon="-72.621944">
        <ele>277.1</ele>
      </trkpt>
      <trkpt lat="45.0309" lon="-72.62287">
        <ele>273.9</ele>
      </trkpt>
      <trkpt lat="45.0309" lon="-72.62283">
        <ele>274</ele>
      </trkpt>
      <trkpt lat="45.03102" lon="-72.623999">
        <ele>272.2</ele>
      </trkpt>
      <trkpt lat="45.03114" lon="-72.625169">
        <ele>268.8</ele>
      </trkpt>
      <trkpt lat="45.03126" lon="-72.62634">
        <ele>261.7</ele>
      </trkpt>
      <trkpt lat="45.03137" lon="-72.62683">
        <ele>255.7</ele>
      </trkpt>
      <trkpt lat="45.03154" lon="-72.62733">
        <ele>252.2</ele>
      </trkpt>
      <trkpt lat="45.031957" lon="-72.628292">
        <ele>245.6</ele>
      </trkpt>
      <trkpt lat="45.032375" lon="-72.629254">
        <ele>243.6</ele>
      </trkpt>
      <trkpt lat="45.032792" lon="-72.630217">
        <ele>242.1</ele>
      </trkpt>
      <trkpt lat="45.03321" lon="-72.63118">
        <ele>241.4</ele>
      </trkpt>
      <trkpt lat="45.03359" lon="-72.63202">
        <ele>242.9</ele>
      </trkpt>
      <trkpt lat="45.03381" lon="-72.63238">
        <ele>243.3</ele>
      </trkpt>
      <trkpt lat="45.03418" lon="-72.632864">
        <ele>243.1</ele>
      </trkpt>
      <trkpt lat="45.03455" lon="-72.63335">
        <ele>242.3</ele>
      </trkpt>
      <trkpt lat="45.03484" lon="-72.63387">
        <ele>241</ele>
      </trkpt>
      <trkpt lat="45.03504" lon="-72.63449">
        <ele>240</ele>
      </trkpt>
      <trkpt lat="45.03511" lon="-72.63481">
        <ele>239.6</ele>
      </trkpt>
      <trkpt lat="45.03515" lon="-72.63517">
        <ele>239.5</ele>
      </trkpt>
      <trkpt lat="45.03515" lon="-72.63548">
        <ele>239.7</ele>
      </trkpt>
      <trkpt lat="45.03509" lon="-72.63589">
        <ele>240.5</ele>
      </trkpt>
      <trkpt lat="45.03491" lon="-72.63686">
        <ele>243.3</ele>
      </trkpt>
      <trkpt lat="45.03473" lon="-72.637535">
        <ele>246.2</ele>
      </trkpt>
      <trkpt lat="45.03455" lon="-72.63821">
        <ele>247.2</ele>
      </trkpt>
      <trkpt lat="45.03429" lon="-72.63908">
        <ele>247.4</ele>
      </trkpt>
      <trkpt lat="45.03403" lon="-72.63995">
        <ele>247.2</ele>
      </trkpt>
      <trkpt lat="45.03379" lon="-72.640695">
        <ele>244.4</ele>
      </trkpt>
      <trkpt lat="45.03355" lon="-72.64144">
        <ele>241.5</ele>
      </trkpt>
      <trkpt lat="45.03339" lon="-72.6421">
        <ele>239.2</ele>
      </trkpt>
      <trkpt lat="45.03331" lon="-72.6426">
        <ele>237.8</ele>
      </trkpt>
      <trkpt lat="45.033195" lon="-72.64376">
        <ele>233.6</ele>
      </trkpt>
      <trkpt lat="45.03308" lon="-72.64492">
        <ele>226</ele>
      </trkpt>
      <trkpt lat="45.03295" lon="-72.645595">
        <ele>220.3</ele>
      </trkpt>
      <trkpt lat="45.03282" lon="-72.64627">
        <ele>213.1</ele>
      </trkpt>
      <trkpt lat="45.032695" lon="-72.64698">
        <ele>205.9</ele>
      </trkpt>
      <trkpt lat="45.03257" lon="-72.64769">
        <ele>199.6</ele>
      </trkpt>
      <trkpt lat="45.03248" lon="-72.64842">
        <ele>192.4</ele>
      </trkpt>
      <trkpt lat="45.03247" lon="-72.64913">
        <ele>185</ele>
      </trkpt>
      <trkpt lat="45.03251" lon="-72.6498">
        <ele>182.1</ele>
      </trkpt>
      <trkpt lat="45.03261" lon="-72.6503">
        <ele>181</ele>
      </trkpt>
      <trkpt lat="45.03289" lon="-72.65139">
        <ele>174</ele>
      </trkpt>
      <trkpt lat="45.033125" lon="-72.652229">
        <ele>167.2</ele>
      </trkpt>
      <trkpt lat="45.03336" lon="-72.65307">
        <ele>157.6</ele>
      </trkpt>
      <trkpt lat="45.03356" lon="-72.6538">
        <ele>149.9</ele>
      </trkpt>
      <trkpt lat="45.03384" lon="-72.65495">
        <ele>144.1</ele>
      </trkpt>
      <trkpt lat="45.03401" lon="-72.6559">
        <ele>141.3</ele>
      </trkpt>
      <trkpt lat="45.03407" lon="-72.65616">
        <ele>141.4</ele>
      </trkpt>
      <trkpt lat="45.03438" lon="-72.65697">
        <ele>141.7</ele>
      </trkpt>
      <trkpt lat="45.034745" lon="-72.657639">
        <ele>144.8</ele>
      </trkpt>
      <trkpt lat="45.03511" lon="-72.65831">
        <ele>149.9</ele>
      </trkpt>
      <trkpt lat="45.0344" lon="-72.65885">
        <ele>145.3</ele>
      </trkpt>
      <trkpt lat="45.033825" lon="-72.65937">
        <ele>144.7</ele>
      </trkpt>
      <trkpt lat="45.03325" lon="-72.65989">
        <ele>143.6</ele>
      </trkpt>
      <trkpt lat="45.03324" lon="-72.65989">
        <ele>143.6</ele>
      </trkpt>
      <trkpt lat="45.03276" lon="-72.66033">
        <ele>143.3</ele>
      </trkpt>
      <trkpt lat="45.03285" lon="-72.66099">
        <ele>141.4</ele>
      </trkpt>
      <trkpt lat="45.03294" lon="-72.66199">
        <ele>139</ele>
      </trkpt>
      <trkpt lat="45.033" lon="-72.66308">
        <ele>139.9</ele>
      </trkpt>
      <trkpt lat="45.03288" lon="-72.66314">
        <ele>139.9</ele>
      </trkpt>
      <trkpt lat="45.03281" lon="-72.6635">
        <ele>139</ele>
      </trkpt>
      <trkpt lat="45.03265" lon="-72.6639">
        <ele>138.6</ele>
      </trkpt>
      <trkpt lat="45.03242" lon="-72.66426">
        <ele>138.1</ele>
      </trkpt>
      <trkpt lat="45.03223" lon="-72.6645">
        <ele>137.9</ele>
      </trkpt>
      <trkpt lat="45.03177" lon="-72.66494">
        <ele>137.2</ele>
      </trkpt>
      <trkpt lat="45.031345" lon="-72.665275">
        <ele>137.4</ele>
      </trkpt>
      <trkpt lat="45.03092" lon="-72.66561">
        <ele>137.4</ele>
      </trkpt>
      <trkpt lat="45.03079" lon="-72.66574">
        <ele>137.3</ele>
      </trkpt>
      <trkpt lat="45.03046" lon="-72.66595">
        <ele>137.2</ele>
      </trkpt>
      <trkpt lat="45.03045" lon="-72.66595">
        <ele>137.2</ele>
      </trkpt>
      <trkpt lat="45.03023" lon="-72.6661">
        <ele>137</ele>
      </trkpt>
      <trkpt lat="45.03001" lon="-72.66629">
        <ele>136.6</ele>
      </trkpt>
      <trkpt lat="45.02947" lon="-72.66704">
        <ele>137.5</ele>
      </trkpt>
      <trkpt lat="45.02934" lon="-72.66713">
        <ele>137.5</ele>
      </trkpt>
      <trkpt lat="45.02914" lon="-72.66722">
        <ele>137.2</ele>
      </trkpt>
      <trkpt lat="45.02863" lon="-72.66754">
        <ele>137.6</ele>
      </trkpt>
      <trkpt lat="45.02802" lon="-72.66801">
        <ele>140</ele>
      </trkpt>
      <trkpt lat="45.02741" lon="-72.66848">
        <ele>143.4</ele>
      </trkpt>
      <trkpt lat="45.02686" lon="-72.6691">
        <ele>142.2</ele>
      </trkpt>
      <trkpt lat="45.02631" lon="-72.66972">
        <ele>138.9</ele>
      </trkpt>
      <trkpt lat="45.02573" lon="-72.67026">
        <ele>137.6</ele>
      </trkpt>
      <trkpt lat="45.02548" lon="-72.67044">
        <ele>138.4</ele>
      </trkpt>
      <trkpt lat="45.02534" lon="-72.67049">
        <ele>139.1</ele>
      </trkpt>
      <trkpt lat="45.02512" lon="-72.67053">
        <ele>140.7</ele>
      </trkpt>
      <trkpt lat="45.02431" lon="-72.67022">
        <ele>145.5</ele>
      </trkpt>
      <trkpt lat="45.02405" lon="-72.67022">
        <ele>146.8</ele>
      </trkpt>
      <trkpt lat="45.02397" lon="-72.67022">
        <ele>147</ele>
      </trkpt>
      <trkpt lat="45.0239" lon="-72.67026">
        <ele>147.3</ele>
      </trkpt>
      <trkpt lat="45.02375" lon="-72.6704">
        <ele>147.8</ele>
      </trkpt>
      <trkpt lat="45.023365" lon="-72.67089">
        <ele>148.9</ele>
      </trkpt>
      <trkpt lat="45.02298" lon="-72.67138">
        <ele>150.4</ele>
      </trkpt>
      <trkpt lat="45.022585" lon="-72.67192">
        <ele>152.6</ele>
      </trkpt>
      <trkpt lat="45.02219" lon="-72.67246">
        <ele>154.1</ele>
      </trkpt>
      <trkpt lat="45.021805" lon="-72.67295">
        <ele>153.5</ele>
      </trkpt>
      <trkpt lat="45.02142" lon="-72.67344">
        <ele>150.5</ele>
      </trkpt>
      <trkpt lat="45.021065" lon="-72.673915">
        <ele>146.7</ele>
      </trkpt>
      <trkpt lat="45.02071" lon="-72.67439">
        <ele>144.2</ele>
      </trkpt>
      <trkpt lat="45.02024" lon="-72.67501">
        <ele>144.6</ele>
      </trkpt>
      <trkpt lat="45.01977" lon="-72.67563">
        <ele>148.5</ele>
      </trkpt>
      <trkpt lat="45.01961" lon="-72.67591">
        <ele>149.2</ele>
      </trkpt>
      <trkpt lat="45.019315" lon="-72.676555">
        <ele>149.1</ele>
      </trkpt>
      <trkpt lat="45.01902" lon="-72.6772">
        <ele>151.1</ele>
      </trkpt>
      <trkpt lat="45.01887" lon="-72.67779">
        <ele>155.3</ele>
      </trkpt>
      <trkpt lat="45.018773" lon="-72.67866">
        <ele>160.7</ele>
      </trkpt>
      <trkpt lat="45.018676" lon="-72.67953">
        <ele>163.1</ele>
      </trkpt>
      <trkpt lat="45.01858" lon="-72.6804">
        <ele>167</ele>
      </trkpt>
      <trkpt lat="45.018485" lon="-72.68158">
        <ele>174</ele>
      </trkpt>
      <trkpt lat="45.01839" lon="-72.68276">
        <ele>176.6</ele>
      </trkpt>
      <trkpt lat="45.01832" lon="-72.683515">
        <ele>177.3</ele>
      </trkpt>
      <trkpt lat="45.01825" lon="-72.68427">
        <ele>178.4</ele>
      </trkpt>
      <trkpt lat="45.01822" lon="-72.6845">
        <ele>179.1</ele>
      </trkpt>
      <trkpt lat="45.01817" lon="-72.68473">
        <ele>179.4</ele>
      </trkpt>
      <trkpt lat="45.01783" lon="-72.685657">
        <ele>180.2</ele>
      </trkpt>
      <trkpt lat="45.01749" lon="-72.686585">
        <ele>180.5</ele>
      </trkpt>
      <trkpt lat="45.01715" lon="-72.687512">
        <ele>180</ele>
      </trkpt>
      <trkpt lat="45.01681" lon="-72.68844">
        <ele>179</ele>
      </trkpt>
      <trkpt lat="45.016445" lon="-72.689395">
        <ele>180.8</ele>
      </trkpt>
      <trkpt lat="45.01608" lon="-72.69035">
        <ele>184.4</ele>
      </trkpt>
      <trkpt lat="45.01608" lon="-72.69036">
        <ele>184.4</ele>
      </trkpt>
      <trkpt lat="45.0157" lon="-72.69135">
        <ele>192.2</ele>
      </trkpt>
      <trkpt lat="45.01559" lon="-72.69168">
        <ele>194.8</ele>
      </trkpt>
      <trkpt lat="45.01557" lon="-72.69198">
        <ele>197.4</ele>
      </trkpt>
      <trkpt lat="45.015588" lon="-72.693059">
        <ele>209.9</ele>
      </trkpt>
      <trkpt lat="45.015606" lon="-72.694139">
        <ele>216.3</ele>
      </trkpt>
      <trkpt lat="45.015625" lon="-72.695219">
        <ele>214.4</ele>
      </trkpt>
      <trkpt lat="45.015643" lon="-72.696299">
        <ele>204</ele>
      </trkpt>
      <trkpt lat="45.015661" lon="-72.697379">
        <ele>198.8</ele>
      </trkpt>
      <trkpt lat="45.01568" lon="-72.69846">
        <ele>203.3</ele>
      </trkpt>
      <trkpt lat="45.01573" lon="-72.69883">
        <ele>207.5</ele>
      </trkpt>
      <trkpt lat="45.01582" lon="-72.69914">
        <ele>210.9</ele>
      </trkpt>
      <trkpt lat="45.01613" lon="-72.69981">
        <ele>219.3</ele>
      </trkpt>
      <trkpt lat="45.01616" lon="-72.70009">
        <ele>222.4</ele>
      </trkpt>
      <trkpt lat="45.01612" lon="-72.70042">
        <ele>224.9</ele>
      </trkpt>
      <trkpt lat="45.01662" lon="-72.70099">
        <ele>228.7</ele>
      </trkpt>
      <trkpt lat="45.01676" lon="-72.70124">
        <ele>229.7</ele>
      </trkpt>
      <trkpt lat="45.01698" lon="-72.70166">
        <ele>232.1</ele>
      </trkpt>
      <trkpt lat="45.01719" lon="-72.70227">
        <ele>235.5</ele>
      </trkpt>
      <trkpt lat="45.01727" lon="-72.70263">
        <ele>236.8</ele>
      </trkpt>
      <trkpt lat="45.01744" lon="-72.70384">
        <ele>241.6</ele>
      </trkpt>
      <trkpt lat="45.01765" lon="-72.70465">
        <ele>243.9</ele>
      </trkpt>
      <trkpt lat="45.017946" lon="-72.705587">
        <ele>245.1</ele>
      </trkpt>
      <trkpt lat="45.018242" lon="-72.706525">
        <ele>247</ele>
      </trkpt>
      <trkpt lat="45.018538" lon="-72.707463">
        <ele>248.2</ele>
      </trkpt>
      <trkpt lat="45.018834" lon="-72.708401">
        <ele>249.3</ele>
      </trkpt>
      <trkpt lat="45.01913" lon="-72.70934">
        <ele>249.8</ele>
      </trkpt>
      <trkpt lat="45.01928" lon="-72.70985">
        <ele>250</ele>
      </trkpt>
      <trkpt lat="45.01946" lon="-72.7106">
        <ele>250.5</ele>
      </trkpt>
      <trkpt lat="45.01956" lon="-72.71123">
        <ele>251</ele>
      </trkpt>
      <trkpt lat="45.01961" lon="-72.71158">
        <ele>251.6</ele>
      </trkpt>
      <trkpt lat="45.01974" lon="-72.71265">
        <ele>252.6</ele>
      </trkpt>
      <trkpt lat="45.02056" lon="-72.71262">
        <ele>254.7</ele>
      </trkpt>
      <trkpt lat="45.02126" lon="-72.71262">
        <ele>258.2</ele>
      </trkpt>
      <trkpt lat="45.02196" lon="-72.712649">
        <ele>261.6</ele>
      </trkpt>
      <trkpt lat="45.02266" lon="-72.712679">
        <ele>263.9</ele>
      </trkpt>
      <trkpt lat="45.02336" lon="-72.71271">
        <ele>266.8</ele>
      </trkpt>
      <trkpt lat="45.024215" lon="-72.712774">
        <ele>269.3</ele>
      </trkpt>
      <trkpt lat="45.02507" lon="-72.71284">
        <ele>271.9</ele>
      </trkpt>
      <trkpt lat="45.02591" lon="-72.71293">
        <ele>273.2</ele>
      </trkpt>
      <trkpt lat="45.026504" lon="-72.71293">
        <ele>272.6</ele>
      </trkpt>
      <trkpt lat="45.0271" lon="-72.71293">
        <ele>272.1</ele>
      </trkpt>
      <trkpt lat="45.027755" lon="-72.712865">
        <ele>272</ele>
      </trkpt>
      <trkpt lat="45.02841" lon="-72.7128">
        <ele>272.1</ele>
      </trkpt>
      <trkpt lat="45.02917" lon="-72.71266">
        <ele>272.3</ele>
      </trkpt>
      <trkpt lat="45.029939" lon="-72.712565">
        <ele>273.9</ele>
      </trkpt>
      <trkpt lat="45.03071" lon="-72.71247">
        <ele>273.9</ele>
      </trkpt>
      <trkpt lat="45.0307" lon="-72.71247">
        <ele>273.9</ele>
      </trkpt>
      <trkpt lat="45.03089" lon="-72.71244">
        <ele>273.8</ele>
      </trkpt>
      <trkpt lat="45.03139" lon="-72.71243">
        <ele>272.8</ele>
      </trkpt>
      <trkpt lat="45.03156" lon="-72.71244">
        <ele>272.7</ele>
      </trkpt>
      <trkpt lat="45.03189" lon="-72.71253">
        <ele>272.2</ele>
      </trkpt>
      <trkpt lat="45.03246" lon="-72.71281">
        <ele>271.8</ele>
      </trkpt>
      <trkpt lat="45.03278" lon="-72.71294">
        <ele>271.2</ele>
      </trkpt>
      <trkpt lat="45.03304" lon="-72.71302">
        <ele>271.3</ele>
      </trkpt>
      <trkpt lat="45.03371" lon="-72.71307">
        <ele>273.8</ele>
      </trkpt>
      <trkpt lat="45.034519" lon="-72.713084">
        <ele>278.6</ele>
      </trkpt>
      <trkpt lat="45.035329" lon="-72.713099">
        <ele>282.8</ele>
      </trkpt>
      <trkpt lat="45.036139" lon="-72.713114">
        <ele>285.2</ele>
      </trkpt>
      <trkpt lat="45.036949" lon="-72.713129">
        <ele>286.4</ele>
      </trkpt>
      <trkpt lat="45.037759" lon="-72.713144">
        <ele>284.5</ele>
      </trkpt>
      <trkpt lat="45.03857" lon="-72.71316">
        <ele>283.6</ele>
      </trkpt>
      <trkpt lat="45.039256" lon="-72.713159">
        <ele>283.9</ele>
      </trkpt>
      <trkpt lat="45.039943" lon="-72.713159">
        <ele>283.3</ele>
      </trkpt>
      <trkpt lat="45.04063" lon="-72.71316">
        <ele>282.9</ele>
      </trkpt>
      <trkpt lat="45.041169" lon="-72.713179">
        <ele>280.9</ele>
      </trkpt>
      <trkpt lat="45.04171" lon="-72.7132">
        <ele>278.5</ele>
      </trkpt>
      <trkpt lat="45.042195" lon="-72.7132">
        <ele>275.5</ele>
      </trkpt>
      <trkpt lat="45.04268" lon="-72.7132">
        <ele>271.9</ele>
      </trkpt>
      <trkpt lat="45.04352" lon="-72.71318">
        <ele>267.3</ele>
      </trkpt>
      <trkpt lat="45.04436" lon="-72.71316">
        <ele>270.5</ele>
      </trkpt>
      <trkpt lat="45.04485" lon="-72.7131">
        <ele>277</ele>
      </trkpt>
      <trkpt lat="45.045624" lon="-72.71306">
        <ele>285.2</ele>
      </trkpt>
      <trkpt lat="45.0464" lon="-72.71302">
        <ele>291.6</ele>
      </trkpt>
      <trkpt lat="45.046894" lon="-72.71302">
        <ele>296.2</ele>
      </trkpt>
      <trkpt lat="45.04739" lon="-72.71302">
        <ele>297.7</ele>
      </trkpt>
      <trkpt lat="45.048286" lon="-72.713003">
        <ele>302.4</ele>
      </trkpt>
      <trkpt lat="45.049183" lon="-72.712986">
        <ele>303.9</ele>
      </trkpt>
      <trkpt lat="45.05008" lon="-72.71297">
        <ele>306.5</ele>
      </trkpt>
      <trkpt lat="45.05092" lon="-72.71293">
        <ele>310.4</ele>
      </trkpt>
      <trkpt lat="45.05176" lon="-72.71289">
        <ele>314.3</ele>
      </trkpt>
      <trkpt lat="45.05257" lon="-72.71282">
        <ele>313.5</ele>
      </trkpt>
      <trkpt lat="45.05338" lon="-72.71275">
        <ele>312.9</ele>
      </trkpt>
      <trkpt lat="45.05419" lon="-72.71271">
        <ele>311.9</ele>
      </trkpt>
      <trkpt lat="45.05477" lon="-72.71262">
        <ele>310.9</ele>
      </trkpt>
      <trkpt lat="45.05512" lon="-72.71262">
        <ele>308.5</ele>
      </trkpt>
      <trkpt lat="45.05569" lon="-72.71271">
        <ele>304</ele>
      </trkpt>
      <trkpt lat="45.05617" lon="-72.71275">
        <ele>301.5</ele>
      </trkpt>
      <trkpt lat="45.05689" lon="-72.71271">
        <ele>296.4</ele>
      </trkpt>
      <trkpt lat="45.057736" lon="-72.712723">
        <ele>287.6</ele>
      </trkpt>
      <trkpt lat="45.058583" lon="-72.712736">
        <ele>279.6</ele>
      </trkpt>
      <trkpt lat="45.05943" lon="-72.71275">
        <ele>272.9</ele>
      </trkpt>
      <trkpt lat="45.059909" lon="-72.712754">
        <ele>271.2</ele>
      </trkpt>
      <trkpt lat="45.06039" lon="-72.71276">
        <ele>270.4</ele>
      </trkpt>
      <trkpt lat="45.060403" lon="-72.71176">
        <ele>269</ele>
      </trkpt>
      <trkpt lat="45.060416" lon="-72.71076">
        <ele>264.6</ele>
      </trkpt>
      <trkpt lat="45.06043" lon="-72.70976">
        <ele>261.1</ele>
      </trkpt>
      <trkpt lat="45.060433" lon="-72.70862">
        <ele>257.8</ele>
      </trkpt>
      <trkpt lat="45.060436" lon="-72.707479">
        <ele>257.2</ele>
      </trkpt>
      <trkpt lat="45.06044" lon="-72.70634">
        <ele>256.3</ele>
      </trkpt>
      <trkpt lat="45.06041" lon="-72.70532">
        <ele>254.5</ele>
      </trkpt>
      <trkpt lat="45.06037" lon="-72.70483">
        <ele>253.2</ele>
      </trkpt>
      <trkpt lat="45.06037" lon="-72.7038">
        <ele>249</ele>
      </trkpt>
      <trkpt lat="45.06034" lon="-72.70303">
        <ele>246.5</ele>
      </trkpt>
      <trkpt lat="45.06035" lon="-72.70218">
        <ele>243.6</ele>
      </trkpt>
      <trkpt lat="45.06039" lon="-72.70148">
        <ele>242.1</ele>
      </trkpt>
      <trkpt lat="45.06037" lon="-72.70136">
        <ele>241.9</ele>
      </trkpt>
      <trkpt lat="45.06049" lon="-72.70098">
        <ele>241</ele>
      </trkpt>
      <trkpt lat="45.06063" lon="-72.70014">
        <ele>238.7</ele>
      </trkpt>
      <trkpt lat="45.0607" lon="-72.6995">
        <ele>233.9</ele>
      </trkpt>
      <trkpt lat="45.06071" lon="-72.69902">
        <ele>230.9</ele>
      </trkpt>
      <trkpt lat="45.06066" lon="-72.69851">
        <ele>225.3</ele>
      </trkpt>
      <trkpt lat="45.06053" lon="-72.697824">
        <ele>221.2</ele>
      </trkpt>
      <trkpt lat="45.0604" lon="-72.69714">
        <ele>217.5</ele>
      </trkpt>
      <trkpt lat="45.06035" lon="-72.69677">
        <ele>215.8</ele>
      </trkpt>
      <trkpt lat="45.06034" lon="-72.6962">
        <ele>214.9</ele>
      </trkpt>
      <trkpt lat="45.06036" lon="-72.6957">
        <ele>214.4</ele>
      </trkpt>
      <trkpt lat="45.06036" lon="-72.69571">
        <ele>214.4</ele>
      </trkpt>
      <trkpt lat="45.06042" lon="-72.69546">
        <ele>214.5</ele>
      </trkpt>
      <trkpt lat="45.06061" lon="-72.69499">
        <ele>215.8</ele>
      </trkpt>
      <trkpt lat="45.0609" lon="-72.69459">
        <ele>218.3</ele>
      </trkpt>
      <trkpt lat="45.061786" lon="-72.69457">
        <ele>217.1</ele>
      </trkpt>
      <trkpt lat="45.062673" lon="-72.69455">
        <ele>218.6</ele>
      </trkpt>
      <trkpt lat="45.06356" lon="-72.69453">
        <ele>222.1</ele>
      </trkpt>
      <trkpt lat="45.064336" lon="-72.69453">
        <ele>221.9</ele>
      </trkpt>
      <trkpt lat="45.065113" lon="-72.69453">
        <ele>222.1</ele>
      </trkpt>
      <trkpt lat="45.06589" lon="-72.69453">
        <ele>224.5</ele>
      </trkpt>
      <trkpt lat="45.066625" lon="-72.694569">
        <ele>230.6</ele>
      </trkpt>
      <trkpt lat="45.06736" lon="-72.69461">
        <ele>234.1</ele>
      </trkpt>
      <trkpt lat="45.06824" lon="-72.694585">
        <ele>241.4</ele>
      </trkpt>
      <trkpt lat="45.06912" lon="-72.69456">
        <ele>243.2</ele>
      </trkpt>
      <trkpt lat="45.069971" lon="-72.694551">
        <ele>240.5</ele>
      </trkpt>
      <trkpt lat="45.070822" lon="-72.694542">
        <ele>239.1</ele>
      </trkpt>
      <trkpt lat="45.071673" lon="-72.694533">
        <ele>238.3</ele>
      </trkpt>
      <trkpt lat="45.072525" lon="-72.694525">
        <ele>238.1</ele>
      </trkpt>
      <trkpt lat="45.073376" lon="-72.694516">
        <ele>238.5</ele>
      </trkpt>
      <trkpt lat="45.074227" lon="-72.694507">
        <ele>239.9</ele>
      </trkpt>
      <trkpt lat="45.075078" lon="-72.694498">
        <ele>240.3</ele>
      </trkpt>
      <trkpt lat="45.07593" lon="-72.69449">
        <ele>243.8</ele>
      </trkpt>
      <trkpt lat="45.07592" lon="-72.69404">
        <ele>244.4</ele>
      </trkpt>
      <trkpt lat="45.075816" lon="-72.693027">
        <ele>246.8</ele>
      </trkpt>
      <trkpt lat="45.075712" lon="-72.692015">
        <ele>251</ele>
      </trkpt>
      <trkpt lat="45.075608" lon="-72.691003">
        <ele>252.2</ele>
      </trkpt>
      <trkpt lat="45.075504" lon="-72.689991">
        <ele>253.2</ele>
      </trkpt>
      <trkpt lat="45.0754" lon="-72.68898">
        <ele>253</ele>
      </trkpt>
      <trkpt lat="45.07532" lon="-72.688339">
        <ele>253.7</ele>
      </trkpt>
      <trkpt lat="45.07524" lon="-72.6877">
        <ele>255</ele>
      </trkpt>
      <trkpt lat="45.075137" lon="-72.686754">
        <ele>256</ele>
      </trkpt>
      <trkpt lat="45.075035" lon="-72.685809">
        <ele>258.7</ele>
      </trkpt>
      <trkpt lat="45.074932" lon="-72.684864">
        <ele>261</ele>
      </trkpt>
      <trkpt lat="45.07483" lon="-72.68392">
        <ele>265.7</ele>
      </trkpt>
      <trkpt lat="45.074672" lon="-72.682877">
        <ele>263.5</ele>
      </trkpt>
      <trkpt lat="45.074515" lon="-72.681834">
        <ele>255.6</ele>
      </trkpt>
      <trkpt lat="45.074357" lon="-72.680792">
        <ele>248.5</ele>
      </trkpt>
      <trkpt lat="45.0742" lon="-72.67975">
        <ele>244.2</ele>
      </trkpt>
      <trkpt lat="45.07405" lon="-72.678679">
        <ele>242.2</ele>
      </trkpt>
      <trkpt lat="45.0739" lon="-72.67761">
        <ele>241.5</ele>
      </trkpt>
      <trkpt lat="45.0737" lon="-72.676399">
        <ele>242.7</ele>
      </trkpt>
      <trkpt lat="45.0735" lon="-72.67519">
        <ele>250.1</ele>
      </trkpt>
      <trkpt lat="45.07351" lon="-72.67394">
        <ele>252</ele>
      </trkpt>
      <trkpt lat="45.073545" lon="-72.67297">
        <ele>252</ele>
      </trkpt>
      <trkpt lat="45.07358" lon="-72.672">
        <ele>251.8</ele>
      </trkpt>
      <trkpt lat="45.073576" lon="-72.671136">
        <ele>250.1</ele>
      </trkpt>
      <trkpt lat="45.073573" lon="-72.670273">
        <ele>248.8</ele>
      </trkpt>
      <trkpt lat="45.07357" lon="-72.66941">
        <ele>247.8</ele>
      </trkpt>
      <trkpt lat="45.07355" lon="-72.668159">
        <ele>246.7</ele>
      </trkpt>
      <trkpt lat="45.07353" lon="-72.66691">
        <ele>244.1</ele>
      </trkpt>
      <trkpt lat="45.07351" lon="-72.66668">
        <ele>243.3</ele>
      </trkpt>
      <trkpt lat="45.0733" lon="-72.66547">
        <ele>237</ele>
      </trkpt>
      <trkpt lat="45.07321" lon="-72.66516">
        <ele>236.5</ele>
      </trkpt>
      <trkpt lat="45.07312" lon="-72.66494">
        <ele>236.1</ele>
      </trkpt>
      <trkpt lat="45.07262" lon="-72.663929">
        <ele>230.3</ele>
      </trkpt>
      <trkpt lat="45.07212" lon="-72.66292">
        <ele>224.5</ele>
      </trkpt>
      <trkpt lat="45.07184" lon="-72.662294">
        <ele>219.3</ele>
      </trkpt>
      <trkpt lat="45.07156" lon="-72.66167">
        <ele>217</ele>
      </trkpt>
      <trkpt lat="45.07145" lon="-72.66131">
        <ele>216.1</ele>
      </trkpt>
      <trkpt lat="45.0714" lon="-72.66108">
        <ele>215.8</ele>
      </trkpt>
      <trkpt lat="45.07133" lon="-72.66055">
        <ele>214.5</ele>
      </trkpt>
      <trkpt lat="45.071275" lon="-72.659614">
        <ele>212.3</ele>
      </trkpt>
      <trkpt lat="45.07122" lon="-72.65868">
        <ele>210.3</ele>
      </trkpt>
      <trkpt lat="45.07114" lon="-72.65795">
        <ele>209.9</ele>
      </trkpt>
      <trkpt lat="45.07113" lon="-72.65724">
        <ele>206.3</ele>
      </trkpt>
      <trkpt lat="45.07112" lon="-72.65653">
        <ele>204.5</ele>
      </trkpt>
      <trkpt lat="45.071146" lon="-72.655676">
        <ele>201</ele>
      </trkpt>
      <trkpt lat="45.071173" lon="-72.654823">
        <ele>195.3</ele>
      </trkpt>
      <trkpt lat="45.0712" lon="-72.65397">
        <ele>191.7</ele>
      </trkpt>
      <trkpt lat="45.07125" lon="-72.65274">
        <ele>190.5</ele>
      </trkpt>
      <trkpt lat="45.0713" lon="-72.65151">
        <ele>191.1</ele>
      </trkpt>
      <trkpt lat="45.07145" lon="-72.65088">
        <ele>192.6</ele>
      </trkpt>
      <trkpt lat="45.0717" lon="-72.65021">
        <ele>192.2</ele>
      </trkpt>
      <trkpt lat="45.07188" lon="-72.64986">
        <ele>191.4</ele>
      </trkpt>
      <trkpt lat="45.07193" lon="-72.6498">
        <ele>191</ele>
      </trkpt>
      <trkpt lat="45.07205" lon="-72.64971">
        <ele>190.2</ele>
      </trkpt>
      <trkpt lat="45.07255" lon="-72.649425">
        <ele>186.6</ele>
      </trkpt>
      <trkpt lat="45.07305" lon="-72.64914">
        <ele>184.3</ele>
      </trkpt>
      <trkpt lat="45.07382" lon="-72.64873">
        <ele>179.5</ele>
      </trkpt>
      <trkpt lat="45.07436" lon="-72.64847">
        <ele>174.5</ele>
      </trkpt>
      <trkpt lat="45.07461" lon="-72.64833">
        <ele>172.9</ele>
      </trkpt>
      <trkpt lat="45.075145" lon="-72.647895">
        <ele>166.7</ele>
      </trkpt>
      <trkpt lat="45.07568" lon="-72.64746">
        <ele>161.1</ele>
      </trkpt>
      <trkpt lat="45.07567" lon="-72.64746">
        <ele>161.1</ele>
      </trkpt>
      <trkpt lat="45.07601" lon="-72.6472">
        <ele>158</ele>
      </trkpt>
      <trkpt lat="45.07616" lon="-72.64703">
        <ele>158</ele>
      </trkpt>
      <trkpt lat="45.07622" lon="-72.64694">
        <ele>157.4</ele>
      </trkpt>
      <trkpt lat="45.07625" lon="-72.6468">
        <ele>156.9</ele>
      </trkpt>
      <trkpt lat="45.07626" lon="-72.64658">
        <ele>156.6</ele>
      </trkpt>
      <trkpt lat="45.07617" lon="-72.646">
        <ele>156.5</ele>
      </trkpt>
      <trkpt lat="45.07619" lon="-72.64587">
        <ele>156.5</ele>
      </trkpt>
      <trkpt lat="45.07651" lon="-72.646">
        <ele>155.4</ele>
      </trkpt>
      <trkpt lat="45.07692" lon="-72.64622">
        <ele>152.8</ele>
      </trkpt>
      <trkpt lat="45.07745" lon="-72.64654">
        <ele>153.1</ele>
      </trkpt>
      <trkpt lat="45.07803" lon="-72.646969">
        <ele>155.9</ele>
      </trkpt>
      <trkpt lat="45.07861" lon="-72.6474">
        <ele>158.6</ele>
      </trkpt>
      <trkpt lat="45.079196" lon="-72.647869">
        <ele>156.6</ele>
      </trkpt>
      <trkpt lat="45.079783" lon="-72.648339">
        <ele>156.8</ele>
      </trkpt>
      <trkpt lat="45.08037" lon="-72.64881">
        <ele>160.7</ele>
      </trkpt>
      <trkpt lat="45.08078" lon="-72.649174">
        <ele>162.9</ele>
      </trkpt>
      <trkpt lat="45.08119" lon="-72.64954">
        <ele>164</ele>
      </trkpt>
      <trkpt lat="45.0814" lon="-72.64985">
        <ele>164.3</ele>
      </trkpt>
      <trkpt lat="45.08172" lon="-72.650519">
        <ele>165.5</ele>
      </trkpt>
      <trkpt lat="45.08204" lon="-72.65119">
        <ele>165</ele>
      </trkpt>
      <trkpt lat="45.08244" lon="-72.651934">
        <ele>164.9</ele>
      </trkpt>
      <trkpt lat="45.08284" lon="-72.65268">
        <ele>163.7</ele>
      </trkpt>
      <trkpt lat="45.083355" lon="-72.653669">
        <ele>166.4</ele>
      </trkpt>
      <trkpt lat="45.08387" lon="-72.65466">
        <ele>168.7</ele>
      </trkpt>
      <trkpt lat="45.08415" lon="-72.655164">
        <ele>167.6</ele>
      </trkpt>
      <trkpt lat="45.08443" lon="-72.65567">
        <ele>166.2</ele>
      </trkpt>
      <trkpt lat="45.08489" lon="-72.65638">
        <ele>165</ele>
      </trkpt>
      <trkpt lat="45.08504" lon="-72.65652">
        <ele>165.2</ele>
      </trkpt>
      <trkpt lat="45.08519" lon="-72.65661">
        <ele>165.7</ele>
      </trkpt>
      <trkpt lat="45.08534" lon="-72.65666">
        <ele>165.8</ele>
      </trkpt>
      <trkpt lat="45.08606" lon="-72.656804">
        <ele>160.9</ele>
      </trkpt>
      <trkpt lat="45.08678" lon="-72.656949">
        <ele>156.4</ele>
      </trkpt>
      <trkpt lat="45.0875" lon="-72.657094">
        <ele>155.8</ele>
      </trkpt>
      <trkpt lat="45.08822" lon="-72.65724">
        <ele>157.9</ele>
      </trkpt>
      <trkpt lat="45.0889" lon="-72.657419">
        <ele>161.3</ele>
      </trkpt>
      <trkpt lat="45.08958" lon="-72.6576">
        <ele>161.5</ele>
      </trkpt>
      <trkpt lat="45.09015" lon="-72.65778">
        <ele>158</ele>
      </trkpt>
      <trkpt lat="45.090945" lon="-72.658094">
        <ele>156.9</ele>
      </trkpt>
      <trkpt lat="45.09174" lon="-72.658409">
        <ele>160</ele>
      </trkpt>
      <trkpt lat="45.092535" lon="-72.658724">
        <ele>162.9</ele>
      </trkpt>
      <trkpt lat="45.09333" lon="-72.65904">
        <ele>166.3</ele>
      </trkpt>
      <trkpt lat="45.0939" lon="-72.65925">
        <ele>168.3</ele>
      </trkpt>
      <trkpt lat="45.09476" lon="-72.65952">
        <ele>172.3</ele>
      </trkpt>
      <trkpt lat="45.09561" lon="-72.659679">
        <ele>177</ele>
      </trkpt>
      <trkpt lat="45.09646" lon="-72.65984">
        <ele>183.2</ele>
      </trkpt>
      <trkpt lat="45.0972" lon="-72.66006">
        <ele>183.1</ele>
      </trkpt>
      <trkpt lat="45.09776" lon="-72.66019">
        <ele>183.9</ele>
      </trkpt>
      <trkpt lat="45.098545" lon="-72.660302">
        <ele>186.8</ele>
      </trkpt>
      <trkpt lat="45.09933" lon="-72.660414">
        <ele>189.1</ele>
      </trkpt>
      <trkpt lat="45.100115" lon="-72.660527">
        <ele>190</ele>
      </trkpt>
      <trkpt lat="45.1009" lon="-72.66064">
        <ele>189.6</ele>
      </trkpt>
      <trkpt lat="45.10132" lon="-72.66073">
        <ele>187.4</ele>
      </trkpt>
      <trkpt lat="45.10172" lon="-72.66091">
        <ele>185.5</ele>
      </trkpt>
      <trkpt lat="45.102275" lon="-72.661269">
        <ele>183.7</ele>
      </trkpt>
      <trkpt lat="45.10283" lon="-72.66163">
        <ele>181.5</ele>
      </trkpt>
      <trkpt lat="45.10323" lon="-72.661919">
        <ele>180.7</ele>
      </trkpt>
      <trkpt lat="45.10363" lon="-72.66221">
        <ele>181</ele>
      </trkpt>
      <trkpt lat="45.10441" lon="-72.66279">
        <ele>180</ele>
      </trkpt>
      <trkpt lat="45.10518" lon="-72.66341">
        <ele>178.8</ele>
      </trkpt>
      <trkpt lat="45.10561" lon="-72.66368">
        <ele>177.2</ele>
      </trkpt>
      <trkpt lat="45.10601" lon="-72.6638">
        <ele>176.6</ele>
      </trkpt>
      <trkpt lat="45.10634" lon="-72.66382">
        <ele>176.6</ele>
      </trkpt>
      <trkpt lat="45.10699" lon="-72.66377">
        <ele>177.8</ele>
      </trkpt>
      <trkpt lat="45.1071" lon="-72.66377">
        <ele>177.9</ele>
      </trkpt>
      <trkpt lat="45.10732" lon="-72.66391">
        <ele>177.8</ele>
      </trkpt>
      <trkpt lat="45.10787" lon="-72.664386">
        <ele>179.3</ele>
      </trkpt>
      <trkpt lat="45.10842" lon="-72.664863">
        <ele>180.7</ele>
      </trkpt>
      <trkpt lat="45.10897" lon="-72.66534">
        <ele>181.3</ele>
      </trkpt>
      <trkpt lat="45.109525" lon="-72.665874">
        <ele>180.8</ele>
      </trkpt>
      <trkpt lat="45.11008" lon="-72.66641">
        <ele>179.8</ele>
      </trkpt>
      <trkpt lat="45.110765" lon="-72.667104">
        <ele>178.8</ele>
      </trkpt>
      <trkpt lat="45.11145" lon="-72.6678">
        <ele>180.3</ele>
      </trkpt>
      <trkpt lat="45.11168" lon="-72.66797">
        <ele>181.1</ele>
      </trkpt>
      <trkpt lat="45.11236" lon="-72.668534">
        <ele>182.8</ele>
      </trkpt>
      <trkpt lat="45.11304" lon="-72.669099">
        <ele>185.3</ele>
      </trkpt>
      <trkpt lat="45.11372" lon="-72.669664">
        <ele>188.9</ele>
      </trkpt>
      <trkpt lat="45.1144" lon="-72.67023">
        <ele>187.9</ele>
      </trkpt>
      <trkpt lat="45.1146" lon="-72.67031">
        <ele>188.8</ele>
      </trkpt>
      <trkpt lat="45.11481" lon="-72.67035">
        <ele>190.9</ele>
      </trkpt>
      <trkpt lat="45.11514" lon="-72.67035">
        <ele>193.3</ele>
      </trkpt>
      <trkpt lat="45.11539" lon="-72.6703">
        <ele>198.1</ele>
      </trkpt>
      <trkpt lat="45.11565" lon="-72.67018">
        <ele>201.5</ele>
      </trkpt>
      <trkpt lat="45.11591" lon="-72.67">
        <ele>203</ele>
      </trkpt>
      <trkpt lat="45.11644" lon="-72.66951">
        <ele>211</ele>
      </trkpt>
      <trkpt lat="45.11697" lon="-72.66902">
        <ele>216.7</ele>
      </trkpt>
      <trkpt lat="45.117395" lon="-72.66861">
        <ele>220.4</ele>
      </trkpt>
      <trkpt lat="45.11782" lon="-72.6682">
        <ele>224</ele>
      </trkpt>
      <trkpt lat="45.11823" lon="-72.66785">
        <ele>226.5</ele>
      </trkpt>
      <trkpt lat="45.11864" lon="-72.6675">
        <ele>229.1</ele>
      </trkpt>
      <trkpt lat="45.11901" lon="-72.66726">
        <ele>229.6</ele>
      </trkpt>
      <trkpt lat="45.119575" lon="-72.66677">
        <ele>227.7</ele>
      </trkpt>
      <trkpt lat="45.12014" lon="-72.66628">
        <ele>228.1</ele>
      </trkpt>
      <trkpt lat="45.12062" lon="-72.66592">
        <ele>231.6</ele>
      </trkpt>
      <trkpt lat="45.12103" lon="-72.665585">
        <ele>237.4</ele>
      </trkpt>
      <trkpt lat="45.12144" lon="-72.66525">
        <ele>240.3</ele>
      </trkpt>
      <trkpt lat="45.12177" lon="-72.66503">
        <ele>240.8</ele>
      </trkpt>
      <trkpt lat="45.12234" lon="-72.66471">
        <ele>240.5</ele>
      </trkpt>
      <trkpt lat="45.12261" lon="-72.66458">
        <ele>240.8</ele>
      </trkpt>
      <trkpt lat="45.12348" lon="-72.66432">
        <ele>244.4</ele>
      </trkpt>
      <trkpt lat="45.12388" lon="-72.66409">
        <ele>247.4</ele>
      </trkpt>
      <trkpt lat="45.12403" lon="-72.664">
        <ele>248.4</ele>
      </trkpt>
      <trkpt lat="45.12411" lon="-72.6639">
        <ele>249</ele>
      </trkpt>
      <trkpt lat="45.12411" lon="-72.66391">
        <ele>249</ele>
      </trkpt>
      <trkpt lat="45.12465" lon="-72.663305">
        <ele>251.6</ele>
      </trkpt>
      <trkpt lat="45.12519" lon="-72.6627">
        <ele>253.6</ele>
      </trkpt>
      <trkpt lat="45.12532" lon="-72.66261">
        <ele>254.9</ele>
      </trkpt>
      <trkpt lat="45.12565" lon="-72.66243">
        <ele>255.3</ele>
      </trkpt>
      <trkpt lat="45.12579" lon="-72.66238">
        <ele>254.7</ele>
      </trkpt>
      <trkpt lat="45.126299" lon="-72.66236">
        <ele>251.6</ele>
      </trkpt>
      <trkpt lat="45.12681" lon="-72.66234">
        <ele>252.1</ele>
      </trkpt>
      <trkpt lat="45.12765" lon="-72.662315">
        <ele>255.9</ele>
      </trkpt>
      <trkpt lat="45.12849" lon="-72.66229">
        <ele>263.8</ele>
      </trkpt>
      <trkpt lat="45.12916" lon="-72.66247">
        <ele>276.1</ele>
      </trkpt>
      <trkpt lat="45.12997" lon="-72.66288">
        <ele>283.1</ele>
      </trkpt>
      <trkpt lat="45.13013" lon="-72.66293">
        <ele>282.8</ele>
      </trkpt>
      <trkpt lat="45.13044" lon="-72.66297">
        <ele>281.4</ele>
      </trkpt>
      <trkpt lat="45.13082" lon="-72.66288">
        <ele>280.9</ele>
      </trkpt>
      <trkpt lat="45.13111" lon="-72.6627">
        <ele>280.3</ele>
      </trkpt>
      <trkpt lat="45.13144" lon="-72.66244">
        <ele>280.6</ele>
      </trkpt>
      <trkpt lat="45.13175" lon="-72.66226">
        <ele>281</ele>
      </trkpt>
      <trkpt lat="45.13198" lon="-72.66217">
        <ele>281.7</ele>
      </trkpt>
      <trkpt lat="45.13238" lon="-72.66207">
        <ele>282</ele>
      </trkpt>
      <trkpt lat="45.133269" lon="-72.662055">
        <ele>280.5</ele>
      </trkpt>
      <trkpt lat="45.13416" lon="-72.66204">
        <ele>280.5</ele>
      </trkpt>
      <trkpt lat="45.13453" lon="-72.66199">
        <ele>278.6</ele>
      </trkpt>
      <trkpt lat="45.1349" lon="-72.66185">
        <ele>276</ele>
      </trkpt>
      <trkpt lat="45.135275" lon="-72.661495">
        <ele>274.4</ele>
      </trkpt>
      <trkpt lat="45.13565" lon="-72.66114">
        <ele>271.9</ele>
      </trkpt>
      <trkpt lat="45.13576" lon="-72.661">
        <ele>271.9</ele>
      </trkpt>
      <trkpt lat="45.13594" lon="-72.66086">
        <ele>271.4</ele>
      </trkpt>
      <trkpt lat="45.13617" lon="-72.66073">
        <ele>271.2</ele>
      </trkpt>
      <trkpt lat="45.13643" lon="-72.66068">
        <ele>271.2</ele>
      </trkpt>
      <trkpt lat="45.13673" lon="-72.66063">
        <ele>271.3</ele>
      </trkpt>
      <trkpt lat="45.13753" lon="-72.66056">
        <ele>270.6</ele>
      </trkpt>
      <trkpt lat="45.138334" lon="-72.660538">
        <ele>267.7</ele>
      </trkpt>
      <trkpt lat="45.139138" lon="-72.660517">
        <ele>265.3</ele>
      </trkpt>
      <trkpt lat="45.139942" lon="-72.660495">
        <ele>261.9</ele>
      </trkpt>
      <trkpt lat="45.140747" lon="-72.660474">
        <ele>257.9</ele>
      </trkpt>
      <trkpt lat="45.141551" lon="-72.660452">
        <ele>252</ele>
      </trkpt>
      <trkpt lat="45.142355" lon="-72.660431">
        <ele>246.5</ele>
      </trkpt>
      <trkpt lat="45.14316" lon="-72.66041">
        <ele>240.9</ele>
      </trkpt>
      <trkpt lat="45.14381" lon="-72.66041">
        <ele>236.9</ele>
      </trkpt>
      <trkpt lat="45.1438" lon="-72.66041">
        <ele>236.9</ele>
      </trkpt>
      <trkpt lat="45.144477" lon="-72.66037">
        <ele>233.5</ele>
      </trkpt>
      <trkpt lat="45.145154" lon="-72.66033">
        <ele>227.5</ele>
      </trkpt>
      <trkpt lat="45.145832" lon="-72.66029">
        <ele>221.6</ele>
      </trkpt>
      <trkpt lat="45.14651" lon="-72.66025">
        <ele>218.3</ele>
      </trkpt>
      <trkpt lat="45.146455" lon="-72.659304">
        <ele>217.7</ele>
      </trkpt>
      <trkpt lat="45.1464" lon="-72.65836">
        <ele>219</ele>
      </trkpt>
      <trkpt lat="45.1464" lon="-72.657485">
        <ele>220.4</ele>
      </trkpt>
      <trkpt lat="45.1464" lon="-72.65661">
        <ele>221.5</ele>
      </trkpt>
      <trkpt lat="45.14644" lon="-72.655341">
        <ele>221.9</ele>
      </trkpt>
      <trkpt lat="45.14648" lon="-72.654073">
        <ele>222.7</ele>
      </trkpt>
      <trkpt lat="45.14652" lon="-72.652805">
        <ele>223</ele>
      </trkpt>
      <trkpt lat="45.14656" lon="-72.651536">
        <ele>223.6</ele>
      </trkpt>
      <trkpt lat="45.1466" lon="-72.650268">
        <ele>224.5</ele>
      </trkpt>
      <trkpt lat="45.14664" lon="-72.649">
        <ele>226.9</ele>
      </trkpt>
      <trkpt lat="45.14668" lon="-72.64827">
        <ele>229.3</ele>
      </trkpt>
      <trkpt lat="45.14678" lon="-72.647255">
        <ele>232.8</ele>
      </trkpt>
      <trkpt lat="45.14688" lon="-72.64624">
        <ele>235.3</ele>
      </trkpt>
      <trkpt lat="45.14726" lon="-72.64628">
        <ele>231.3</ele>
      </trkpt>
      <trkpt lat="45.148099" lon="-72.646275">
        <ele>221.1</ele>
      </trkpt>
      <trkpt lat="45.14894" lon="-72.64627">
        <ele>211.6</ele>
      </trkpt>
      <trkpt lat="45.149796" lon="-72.646223">
        <ele>205.4</ele>
      </trkpt>
      <trkpt lat="45.150653" lon="-72.646176">
        <ele>201.9</ele>
      </trkpt>
      <trkpt lat="45.15151" lon="-72.64613">
        <ele>197.1</ele>
      </trkpt>
      <trkpt lat="45.152393" lon="-72.64606">
        <ele>191.2</ele>
      </trkpt>
      <trkpt lat="45.153276" lon="-72.64599">
        <ele>185</ele>
      </trkpt>
      <trkpt lat="45.15416" lon="-72.64592">
        <ele>182.6</ele>
      </trkpt>
      <trkpt lat="45.15414" lon="-72.64592">
        <ele>182.7</ele>
      </trkpt>
      <trkpt lat="45.154964" lon="-72.645885">
        <ele>178.5</ele>
      </trkpt>
      <trkpt lat="45.15579" lon="-72.64585">
        <ele>174.6</ele>
      </trkpt>
      <trkpt lat="45.156516" lon="-72.64579">
        <ele>175.8</ele>
      </trkpt>
      <trkpt lat="45.157242" lon="-72.64573">
        <ele>175.9</ele>
      </trkpt>
      <trkpt lat="45.157968" lon="-72.64567">
        <ele>176.8</ele>
      </trkpt>
      <trkpt lat="45.158694" lon="-72.64561">
        <ele>176.6</ele>
      </trkpt>
      <trkpt lat="45.15942" lon="-72.64555">
        <ele>177.6</ele>
      </trkpt>
      <trkpt lat="45.15967" lon="-72.64551">
        <ele>178.3</ele>
      </trkpt>
      <trkpt lat="45.16012" lon="-72.64537">
        <ele>180.3</ele>
      </trkpt>
      <trkpt lat="45.16074" lon="-72.64513">
        <ele>182.3</ele>
      </trkpt>
      <trkpt lat="45.16136" lon="-72.64489">
        <ele>187.2</ele>
      </trkpt>
      <trkpt lat="45.16221" lon="-72.64466">
        <ele>192.7</ele>
      </trkpt>
      <trkpt lat="45.16283" lon="-72.64452">
        <ele>195.5</ele>
      </trkpt>
      <trkpt lat="45.16305" lon="-72.64448">
        <ele>196.2</ele>
      </trkpt>
      <trkpt lat="45.16316" lon="-72.64451">
        <ele>196.5</ele>
      </trkpt>
      <trkpt lat="45.16332" lon="-72.64456">
        <ele>196.2</ele>
      </trkpt>
      <trkpt lat="45.16409" lon="-72.64507">
        <ele>192.2</ele>
      </trkpt>
      <trkpt lat="45.164855" lon="-72.645669">
        <ele>190.4</ele>
      </trkpt>
      <trkpt lat="45.16562" lon="-72.64627">
        <ele>188.6</ele>
      </trkpt>
      <trkpt lat="45.166293" lon="-72.646823">
        <ele>181.5</ele>
      </trkpt>
      <trkpt lat="45.166966" lon="-72.647376">
        <ele>176.3</ele>
      </trkpt>
      <trkpt lat="45.16764" lon="-72.64793">
        <ele>173.2</ele>
      </trkpt>
      <trkpt lat="45.16794" lon="-72.64823">
        <ele>172.5</ele>
      </trkpt>
      <trkpt lat="45.168385" lon="-72.648699">
        <ele>172.5</ele>
      </trkpt>
      <trkpt lat="45.16883" lon="-72.64917">
        <ele>173.3</ele>
      </trkpt>
      <trkpt lat="45.168928" lon="-72.647988">
        <ele>170.6</ele>
      </trkpt>
      <trkpt lat="45.169026" lon="-72.646806">
        <ele>170.3</ele>
      </trkpt>
      <trkpt lat="45.169124" lon="-72.645624">
        <ele>171.4</ele>
      </trkpt>
      <trkpt lat="45.169222" lon="-72.644442">
        <ele>173.4</ele>
      </trkpt>
      <trkpt lat="45.16932" lon="-72.64326">
        <ele>175.8</ele>
      </trkpt>
      <trkpt lat="45.16935" lon="-72.6426">
        <ele>177.1</ele>
      </trkpt>
      <trkpt lat="45.16934" lon="-72.64206">
        <ele>178.8</ele>
      </trkpt>
      <trkpt lat="45.169293" lon="-72.641149">
        <ele>183.1</ele>
      </trkpt>
      <trkpt lat="45.169246" lon="-72.640239">
        <ele>188.1</ele>
      </trkpt>
      <trkpt lat="45.1692" lon="-72.63933">
        <ele>191.7</ele>
      </trkpt>
      <trkpt lat="45.1692" lon="-72.63905">
        <ele>191.2</ele>
      </trkpt>
      <trkpt lat="45.16922" lon="-72.63884">
        <ele>190.8</ele>
      </trkpt>
      <trkpt lat="45.16935" lon="-72.63821">
        <ele>188.7</ele>
      </trkpt>
      <trkpt lat="45.169635" lon="-72.63706">
        <ele>183.6</ele>
      </trkpt>
      <trkpt lat="45.16992" lon="-72.63591">
        <ele>181.3</ele>
      </trkpt>
      <trkpt lat="45.16991" lon="-72.63591">
        <ele>181.3</ele>
      </trkpt>
      <trkpt lat="45.170168" lon="-72.634882">
        <ele>179.3</ele>
      </trkpt>
      <trkpt lat="45.170426" lon="-72.633854">
        <ele>177.4</ele>
      </trkpt>
      <trkpt lat="45.170684" lon="-72.632826">
        <ele>171.8</ele>
      </trkpt>
      <trkpt lat="45.170942" lon="-72.631798">
        <ele>164.7</ele>
      </trkpt>
      <trkpt lat="45.1712" lon="-72.63077">
        <ele>161.4</ele>
      </trkpt>
      <trkpt lat="45.17147" lon="-72.629615">
        <ele>160.6</ele>
      </trkpt>
      <trkpt lat="45.17174" lon="-72.62846">
        <ele>161.9</ele>
      </trkpt>
      <trkpt lat="45.17196" lon="-72.627715">
        <ele>164.7</ele>
      </trkpt>
      <trkpt lat="45.17218" lon="-72.62697">
        <ele>163.7</ele>
      </trkpt>
      <trkpt lat="45.172445" lon="-72.626205">
        <ele>158.6</ele>
      </trkpt>
      <trkpt lat="45.17271" lon="-72.62544">
        <ele>150.1</ele>
      </trkpt>
      <trkpt lat="45.173135" lon="-72.624445">
        <ele>149.2</ele>
      </trkpt>
      <trkpt lat="45.17356" lon="-72.62345">
        <ele>152.1</ele>
      </trkpt>
      <trkpt lat="45.17328" lon="-72.62343">
        <ele>153.8</ele>
      </trkpt>
      <trkpt lat="45.17329" lon="-72.62343">
        <ele>153.8</ele>
      </trkpt>
      <trkpt lat="45.17356" lon="-72.62345">
        <ele>152.1</ele>
      </trkpt>
      <trkpt lat="45.17398" lon="-72.62262">
        <ele>153</ele>
      </trkpt>
      <trkpt lat="45.17455" lon="-72.62169">
        <ele>150.5</ele>
      </trkpt>
      <trkpt lat="45.17469" lon="-72.62133">
        <ele>149.5</ele>
      </trkpt>
      <trkpt lat="45.17469" lon="-72.62115">
        <ele>148.2</ele>
      </trkpt>
      <trkpt lat="45.17465" lon="-72.62093">
        <ele>147.8</ele>
      </trkpt>
      <trkpt lat="45.174396" lon="-72.620079">
        <ele>146.4</ele>
      </trkpt>
      <trkpt lat="45.174143" lon="-72.619229">
        <ele>146.8</ele>
      </trkpt>
      <trkpt lat="45.17389" lon="-72.61838">
        <ele>149.8</ele>
      </trkpt>
      <trkpt lat="45.1735" lon="-72.617359">
        <ele>149.9</ele>
      </trkpt>
      <trkpt lat="45.17311" lon="-72.616339">
        <ele>150.7</ele>
      </trkpt>
      <trkpt lat="45.17272" lon="-72.61532">
        <ele>151.1</ele>
      </trkpt>
      <trkpt lat="45.172465" lon="-72.614609">
        <ele>155.3</ele>
      </trkpt>
      <trkpt lat="45.17221" lon="-72.6139">
        <ele>156.8</ele>
      </trkpt>
      <trkpt lat="45.17186" lon="-72.61323">
        <ele>155.5</ele>
      </trkpt>
      <trkpt lat="45.1723" lon="-72.613519">
        <ele>153.8</ele>
      </trkpt>
      <trkpt lat="45.17274" lon="-72.61381">
        <ele>146.8</ele>
      </trkpt>
      <trkpt lat="45.17319" lon="-72.61404">
        <ele>143.3</ele>
      </trkpt>
      <trkpt lat="45.17328" lon="-72.61413">
        <ele>143</ele>
      </trkpt>
      <trkpt lat="45.17346" lon="-72.61426">
        <ele>142.9</ele>
      </trkpt>
      <trkpt lat="45.17354" lon="-72.6143">
        <ele>143</ele>
      </trkpt>
      <trkpt lat="45.17421" lon="-72.614286">
        <ele>146.7</ele>
      </trkpt>
      <trkpt lat="45.17488" lon="-72.614273">
        <ele>154.9</ele>
      </trkpt>
      <trkpt lat="45.17555" lon="-72.61426">
        <ele>160</ele>
      </trkpt>
      <trkpt lat="45.17581" lon="-72.61435">
        <ele>162.2</ele>
      </trkpt>
      <trkpt lat="45.17656" lon="-72.614869">
        <ele>165.5</ele>
      </trkpt>
      <trkpt lat="45.17731" lon="-72.615389">
        <ele>171.2</ele>
      </trkpt>
      <trkpt lat="45.17806" lon="-72.61591">
        <ele>175.2</ele>
      </trkpt>
      <trkpt lat="45.17831" lon="-72.61605">
        <ele>175.9</ele>
      </trkpt>
      <trkpt lat="45.17877" lon="-72.61623">
        <ele>180</ele>
      </trkpt>
      <trkpt lat="45.179295" lon="-72.616359">
        <ele>181.7</ele>
      </trkpt>
      <trkpt lat="45.17982" lon="-72.61649">
        <ele>181.5</ele>
      </trkpt>
      <trkpt lat="45.18061" lon="-72.61676">
        <ele>177</ele>
      </trkpt>
      <trkpt lat="45.18084" lon="-72.61676">
        <ele>175</ele>
      </trkpt>
      <trkpt lat="45.181345" lon="-72.616695">
        <ele>170.2</ele>
      </trkpt>
      <trkpt lat="45.18185" lon="-72.61663">
        <ele>162.1</ele>
      </trkpt>
      <trkpt lat="45.18216" lon="-72.61663">
        <ele>158.7</ele>
      </trkpt>
      <trkpt lat="45.18268" lon="-72.61667">
        <ele>156.8</ele>
      </trkpt>
      <trkpt lat="45.18305" lon="-72.61659">
        <ele>156.1</ele>
      </trkpt>
      <trkpt lat="45.182786" lon="-72.615456">
        <ele>161.4</ele>
      </trkpt>
      <trkpt lat="45.182523" lon="-72.614323">
        <ele>165.5</ele>
      </trkpt>
      <trkpt lat="45.18226" lon="-72.61319">
        <ele>168.5</ele>
      </trkpt>
      <trkpt lat="45.18226" lon="-72.61318">
        <ele>168.5</ele>
      </trkpt>
      <trkpt lat="45.18212" lon="-72.61255">
        <ele>172.8</ele>
      </trkpt>
      <trkpt lat="45.18202" lon="-72.61161">
        <ele>181.1</ele>
      </trkpt>
      <trkpt lat="45.181975" lon="-72.610914">
        <ele>187.9</ele>
      </trkpt>
      <trkpt lat="45.18193" lon="-72.61022">
        <ele>192.3</ele>
      </trkpt>
      <trkpt lat="45.181895" lon="-72.609479">
        <ele>195.1</ele>
      </trkpt>
      <trkpt lat="45.18186" lon="-72.60874">
        <ele>195.5</ele>
      </trkpt>
      <trkpt lat="45.18182" lon="-72.6083">
        <ele>195.3</ele>
      </trkpt>
      <trkpt lat="45.181665" lon="-72.607179">
        <ele>193.6</ele>
      </trkpt>
      <trkpt lat="45.18151" lon="-72.60606">
        <ele>194.9</ele>
      </trkpt>
      <trkpt lat="45.18141" lon="-72.60557">
        <ele>197.3</ele>
      </trkpt>
      <trkpt lat="45.18133" lon="-72.60526">
        <ele>197.8</ele>
      </trkpt>
      <trkpt lat="45.18121" lon="-72.60499">
        <ele>198</ele>
      </trkpt>
      <trkpt lat="45.18075" lon="-72.60415">
        <ele>198.5</ele>
      </trkpt>
      <trkpt lat="45.180445" lon="-72.603499">
        <ele>198</ele>
      </trkpt>
      <trkpt lat="45.18014" lon="-72.60285">
        <ele>197.5</ele>
      </trkpt>
      <trkpt lat="45.17991" lon="-72.60217">
        <ele>195.9</ele>
      </trkpt>
      <trkpt lat="45.17981" lon="-72.60194">
        <ele>195.3</ele>
      </trkpt>
      <trkpt lat="45.17953" lon="-72.60145">
        <ele>193</ele>
      </trkpt>
      <trkpt lat="45.1794" lon="-72.60115">
        <ele>192.7</ele>
      </trkpt>
      <trkpt lat="45.17924" lon="-72.60047">
        <ele>192</ele>
      </trkpt>
      <trkpt lat="45.17908" lon="-72.59999">
        <ele>191.8</ele>
      </trkpt>
      <trkpt lat="45.17892" lon="-72.59962">
        <ele>191.7</ele>
      </trkpt>
      <trkpt lat="45.17887" lon="-72.59937">
        <ele>191.5</ele>
      </trkpt>
      <trkpt lat="45.17885" lon="-72.59908">
        <ele>191.5</ele>
      </trkpt>
      <trkpt lat="45.17895" lon="-72.59832">
        <ele>194.7</ele>
      </trkpt>
      <trkpt lat="45.17895" lon="-72.598">
        <ele>196.2</ele>
      </trkpt>
      <trkpt lat="45.17888" lon="-72.59743">
        <ele>197.6</ele>
      </trkpt>
      <trkpt lat="45.17869" lon="-72.59669">
        <ele>200.2</ele>
      </trkpt>
      <trkpt lat="45.17846" lon="-72.59576">
        <ele>202.6</ele>
      </trkpt>
      <trkpt lat="45.1784" lon="-72.59541">
        <ele>203.5</ele>
      </trkpt>
      <trkpt lat="45.17837" lon="-72.59492">
        <ele>204.3</ele>
      </trkpt>
      <trkpt lat="45.17837" lon="-72.59447">
        <ele>205.2</ele>
      </trkpt>
      <trkpt lat="45.17845" lon="-72.59375">
        <ele>208.5</ele>
      </trkpt>
      <trkpt lat="45.17857" lon="-72.59331">
        <ele>212.3</ele>
      </trkpt>
      <trkpt lat="45.17893" lon="-72.59218">
        <ele>218.3</ele>
      </trkpt>
      <trkpt lat="45.17924" lon="-72.5915">
        <ele>220.7</ele>
      </trkpt>
      <trkpt lat="45.179495" lon="-72.590835">
        <ele>222.8</ele>
      </trkpt>
      <trkpt lat="45.17975" lon="-72.59017">
        <ele>224.1</ele>
      </trkpt>
      <trkpt lat="45.17997" lon="-72.58968">
        <ele>225.4</ele>
      </trkpt>
      <trkpt lat="45.18023" lon="-72.58927">
        <ele>226.1</ele>
      </trkpt>
      <trkpt lat="45.180695" lon="-72.58865">
        <ele>229.2</ele>
      </trkpt>
      <trkpt lat="45.18116" lon="-72.58803">
        <ele>234.1</ele>
      </trkpt>
      <trkpt lat="45.18131" lon="-72.58789">
        <ele>234.7</ele>
      </trkpt>
      <trkpt lat="45.18191" lon="-72.58739">
        <ele>236.4</ele>
      </trkpt>
      <trkpt lat="45.182575" lon="-72.58697">
        <ele>238.1</ele>
      </trkpt>
      <trkpt lat="45.18324" lon="-72.58655">
        <ele>237.6</ele>
      </trkpt>
      <trkpt lat="45.183645" lon="-72.586255">
        <ele>237.6</ele>
      </trkpt>
      <trkpt lat="45.18405" lon="-72.58596">
        <ele>238.5</ele>
      </trkpt>
      <trkpt lat="45.18448" lon="-72.5856">
        <ele>240</ele>
      </trkpt>
      <trkpt lat="45.18491" lon="-72.58524">
        <ele>241.5</ele>
      </trkpt>
      <trkpt lat="45.18554" lon="-72.58466">
        <ele>240.2</ele>
      </trkpt>
      <trkpt lat="45.18623" lon="-72.58396">
        <ele>238.8</ele>
      </trkpt>
      <trkpt lat="45.18692" lon="-72.58326">
        <ele>238.5</ele>
      </trkpt>
      <trkpt lat="45.18761" lon="-72.58256">
        <ele>238.6</ele>
      </trkpt>
      <trkpt lat="45.1883" lon="-72.58186">
        <ele>234.7</ele>
      </trkpt>
      <trkpt lat="45.18899" lon="-72.58116">
        <ele>230.5</ele>
      </trkpt>
      <trkpt lat="45.18968" lon="-72.58046">
        <ele>226.7</ele>
      </trkpt>
      <trkpt lat="45.18996" lon="-72.58014">
        <ele>224.5</ele>
      </trkpt>
      <trkpt lat="45.19048" lon="-72.579376">
        <ele>218.3</ele>
      </trkpt>
      <trkpt lat="45.191" lon="-72.578613">
        <ele>216</ele>
      </trkpt>
      <trkpt lat="45.19152" lon="-72.57785">
        <ele>215.3</ele>
      </trkpt>
      <trkpt lat="45.192003" lon="-72.577173">
        <ele>213.2</ele>
      </trkpt>
      <trkpt lat="45.192486" lon="-72.576496">
        <ele>211.4</ele>
      </trkpt>
      <trkpt lat="45.19297" lon="-72.57582">
        <ele>211.5</ele>
      </trkpt>
      <trkpt lat="45.19332" lon="-72.5753">
        <ele>212.3</ele>
      </trkpt>
      <trkpt lat="45.19331" lon="-72.5753">
        <ele>212.2</ele>
      </trkpt>
      <trkpt lat="45.19348" lon="-72.57503">
        <ele>212.7</ele>
      </trkpt>
      <trkpt lat="45.19381" lon="-72.57437">
        <ele>212.7</ele>
      </trkpt>
      <trkpt lat="45.19399" lon="-72.57388">
        <ele>210.8</ele>
      </trkpt>
      <trkpt lat="45.19402" lon="-72.57364">
        <ele>209.3</ele>
      </trkpt>
      <trkpt lat="45.19402" lon="-72.57289">
        <ele>206.1</ele>
      </trkpt>
      <trkpt lat="45.194" lon="-72.5727">
        <ele>205.9</ele>
      </trkpt>
      <trkpt lat="45.19392" lon="-72.57244">
        <ele>206</ele>
      </trkpt>
      <trkpt lat="45.19396" lon="-72.5724">
        <ele>206</ele>
      </trkpt>
      <trkpt lat="45.19399" lon="-72.57234">
        <ele>205.9</ele>
      </trkpt>
      <trkpt lat="45.19405" lon="-72.57181">
        <ele>206.1</ele>
      </trkpt>
      <trkpt lat="45.19412" lon="-72.57173">
        <ele>206.2</ele>
      </trkpt>
      <trkpt lat="45.19455" lon="-72.57168">
        <ele>203.8</ele>
      </trkpt>
      <trkpt lat="45.19488" lon="-72.57177">
        <ele>202.6</ele>
      </trkpt>
      <trkpt lat="45.19527" lon="-72.57213">
        <ele>202</ele>
      </trkpt>
      <trkpt lat="45.19575" lon="-72.572644">
        <ele>201.7</ele>
      </trkpt>
      <trkpt lat="45.19623" lon="-72.57316">
        <ele>201.5</ele>
      </trkpt>
      <trkpt lat="45.196815" lon="-72.573682">
        <ele>200.8</ele>
      </trkpt>
      <trkpt lat="45.1974" lon="-72.574204">
        <ele>201.1</ele>
      </trkpt>
      <trkpt lat="45.197985" lon="-72.574727">
        <ele>201.1</ele>
      </trkpt>
      <trkpt lat="45.19857" lon="-72.57525">
        <ele>202.9</ele>
      </trkpt>
      <trkpt lat="45.19893" lon="-72.57548">
        <ele>204.5</ele>
      </trkpt>
      <trkpt lat="45.19897" lon="-72.57548">
        <ele>204.5</ele>
      </trkpt>
      <trkpt lat="45.19929" lon="-72.57554">
        <ele>205.5</ele>
      </trkpt>
      <trkpt lat="45.1999" lon="-72.575544">
        <ele>205.2</ele>
      </trkpt>
      <trkpt lat="45.20051" lon="-72.57555">
        <ele>203.7</ele>
      </trkpt>
      <trkpt lat="45.20082" lon="-72.574975">
        <ele>201.2</ele>
      </trkpt>
      <trkpt lat="45.20113" lon="-72.5744">
        <ele>200.5</ele>
      </trkpt>
      <trkpt lat="45.201503" lon="-72.57367">
        <ele>200</ele>
      </trkpt>
      <trkpt lat="45.201876" lon="-72.57294">
        <ele>200.5</ele>
      </trkpt>
      <trkpt lat="45.20225" lon="-72.57221">
        <ele>199.7</ele>
      </trkpt>
      <trkpt lat="45.20268" lon="-72.571437">
        <ele>199.5</ele>
      </trkpt>
      <trkpt lat="45.20311" lon="-72.570665">
        <ele>202</ele>
      </trkpt>
      <trkpt lat="45.20354" lon="-72.569892">
        <ele>203.7</ele>
      </trkpt>
      <trkpt lat="45.20397" lon="-72.56912">
        <ele>207.3</ele>
      </trkpt>
      <trkpt lat="45.20443" lon="-72.56843">
        <ele>213.1</ele>
      </trkpt>
      <trkpt lat="45.20489" lon="-72.56774">
        <ele>220</ele>
      </trkpt>
      <trkpt lat="45.20528" lon="-72.56697">
        <ele>226.3</ele>
      </trkpt>
      <trkpt lat="45.20547" lon="-72.56649">
        <ele>227.7</ele>
      </trkpt>
      <trkpt lat="45.20583" lon="-72.565725">
        <ele>228.4</ele>
      </trkpt>
      <trkpt lat="45.20619" lon="-72.56496">
        <ele>229.6</ele>
      </trkpt>
      <trkpt lat="45.206707" lon="-72.563967">
        <ele>230.3</ele>
      </trkpt>
      <trkpt lat="45.207225" lon="-72.562975">
        <ele>234.2</ele>
      </trkpt>
      <trkpt lat="45.207742" lon="-72.561982">
        <ele>239.9</ele>
      </trkpt>
      <trkpt lat="45.20826" lon="-72.56099">
        <ele>242.3</ele>
      </trkpt>
      <trkpt lat="45.2087" lon="-72.56009">
        <ele>242.6</ele>
      </trkpt>
      <trkpt lat="45.20914" lon="-72.55919">
        <ele>241.3</ele>
      </trkpt>
      <trkpt lat="45.209595" lon="-72.558155">
        <ele>238.2</ele>
      </trkpt>
      <trkpt lat="45.21005" lon="-72.55712">
        <ele>233</ele>
      </trkpt>
      <trkpt lat="45.21027" lon="-72.55677">
        <ele>231.9</ele>
      </trkpt>
      <trkpt lat="45.2105" lon="-72.55653">
        <ele>231.5</ele>
      </trkpt>
      <trkpt lat="45.21079" lon="-72.5563">
        <ele>228.8</ele>
      </trkpt>
      <trkpt lat="45.21078" lon="-72.5563">
        <ele>228.8</ele>
      </trkpt>
      <trkpt lat="45.21152" lon="-72.5557">
        <ele>224.1</ele>
      </trkpt>
      <trkpt lat="45.212203" lon="-72.555163">
        <ele>223.4</ele>
      </trkpt>
      <trkpt lat="45.212886" lon="-72.554626">
        <ele>225</ele>
      </trkpt>
      <trkpt lat="45.21357" lon="-72.55409">
        <ele>228.2</ele>
      </trkpt>
      <trkpt lat="45.214" lon="-72.55381">
        <ele>236.3</ele>
      </trkpt>
      <trkpt lat="45.214642" lon="-72.553407">
        <ele>243.2</ele>
      </trkpt>
      <trkpt lat="45.215285" lon="-72.553005">
        <ele>251</ele>
      </trkpt>
      <trkpt lat="45.215927" lon="-72.552602">
        <ele>254.7</ele>
      </trkpt>
      <trkpt lat="45.21657" lon="-72.5522">
        <ele>257.8</ele>
      </trkpt>
      <trkpt lat="45.21688" lon="-72.55205">
        <ele>258.5</ele>
      </trkpt>
      <trkpt lat="45.21705" lon="-72.55194">
        <ele>258.9</ele>
      </trkpt>
      <trkpt lat="45.2172" lon="-72.55185">
        <ele>259.8</ele>
      </trkpt>
      <trkpt lat="45.21745" lon="-72.55176">
        <ele>260.8</ele>
      </trkpt>
      <trkpt lat="45.21755" lon="-72.55172">
        <ele>261.5</ele>
      </trkpt>
      <trkpt lat="45.218186" lon="-72.55169">
        <ele>266.5</ele>
      </trkpt>
      <trkpt lat="45.218823" lon="-72.55166">
        <ele>267.3</ele>
      </trkpt>
      <trkpt lat="45.21946" lon="-72.55163">
        <ele>267.3</ele>
      </trkpt>
      <trkpt lat="45.220086" lon="-72.551639">
        <ele>267</ele>
      </trkpt>
      <trkpt lat="45.220713" lon="-72.551649">
        <ele>264</ele>
      </trkpt>
      <trkpt lat="45.22134" lon="-72.55166">
        <ele>265.3</ele>
      </trkpt>
      <trkpt lat="45.221844" lon="-72.551684">
        <ele>267.2</ele>
      </trkpt>
      <trkpt lat="45.22235" lon="-72.55171">
        <ele>271.1</ele>
      </trkpt>
      <trkpt lat="45.2228" lon="-72.55176">
        <ele>273.4</ele>
      </trkpt>
      <trkpt lat="45.222755" lon="-72.551114">
        <ele>267.6</ele>
      </trkpt>
      <trkpt lat="45.22271" lon="-72.55047">
        <ele>264.1</ele>
      </trkpt>
      <trkpt lat="45.22269" lon="-72.54963">
        <ele>259.2</ele>
      </trkpt>
      <trkpt lat="45.22269" lon="-72.54962">
        <ele>259.2</ele>
      </trkpt>
      <trkpt lat="45.22268" lon="-72.54838">
        <ele>254.9</ele>
      </trkpt>
      <trkpt lat="45.22267" lon="-72.54714">
        <ele>253</ele>
      </trkpt>
      <trkpt lat="45.222635" lon="-72.545894">
        <ele>255.5</ele>
      </trkpt>
      <trkpt lat="45.2226" lon="-72.54465">
        <ele>254.3</ele>
      </trkpt>
      <trkpt lat="45.22258" lon="-72.54459">
        <ele>254.3</ele>
      </trkpt>
      <trkpt lat="45.22242" lon="-72.54426">
        <ele>252</ele>
      </trkpt>
      <trkpt lat="45.22198" lon="-72.543529">
        <ele>247.9</ele>
      </trkpt>
      <trkpt lat="45.22154" lon="-72.5428">
        <ele>244.5</ele>
      </trkpt>
      <trkpt lat="45.22139" lon="-72.5424">
        <ele>242.6</ele>
      </trkpt>
      <trkpt lat="45.22136" lon="-72.54209">
        <ele>239.7</ele>
      </trkpt>
      <trkpt lat="45.22141" lon="-72.54174">
        <ele>238.8</ele>
      </trkpt>
      <trkpt lat="45.22148" lon="-72.54159">
        <ele>236.9</ele>
      </trkpt>
      <trkpt lat="45.22159" lon="-72.54145">
        <ele>234.5</ele>
      </trkpt>
      <trkpt lat="45.22193" lon="-72.5411">
        <ele>231.9</ele>
      </trkpt>
      <trkpt lat="45.22203" lon="-72.54096">
        <ele>230.1</ele>
      </trkpt>
      <trkpt lat="45.22232" lon="-72.54042">
        <ele>225.8</ele>
      </trkpt>
      <trkpt lat="45.22248" lon="-72.54007">
        <ele>222.9</ele>
      </trkpt>
      <trkpt lat="45.22259" lon="-72.53977">
        <ele>219.2</ele>
      </trkpt>
      <trkpt lat="45.22263" lon="-72.53954">
        <ele>217.7</ele>
      </trkpt>
      <trkpt lat="45.22247" lon="-72.53882">
        <ele>213.2</ele>
      </trkpt>
      <trkpt lat="45.222426" lon="-72.537866">
        <ele>211.7</ele>
      </trkpt>
      <trkpt lat="45.222383" lon="-72.536913">
        <ele>205.8</ele>
      </trkpt>
      <trkpt lat="45.22234" lon="-72.53596">
        <ele>200.2</ele>
      </trkpt>
      <trkpt lat="45.222325" lon="-72.534969">
        <ele>199.8</ele>
      </trkpt>
      <trkpt lat="45.22231" lon="-72.53398">
        <ele>200.6</ele>
      </trkpt>
      <trkpt lat="45.22235" lon="-72.533">
        <ele>202.1</ele>
      </trkpt>
      <trkpt lat="45.22232" lon="-72.53217">
        <ele>202.3</ele>
      </trkpt>
    </trkseg>
  </trk>
</gpx>