<?xml version='1.0' encoding='utf-8'?>
<gpx xmlns="http://www.topografix.com/GPX/1/1" xmlns:xsi="http://www.w3.org/2001/XMLSchema-instance" version="1.1" creator="Gravelle Estrie" xsi:schemaLocation="http://www.topografix.com/GPX/1/1 http://www.topografix.com/GPX/1/1/gpx.xsd">
  <metadata>
    <name>Birthday Ride 82KM / 1281MD+</name>
  </metadata>
  <trk>
    <name>Birthday Ride 82KM / 1281MD+</name>
    <trkseg>
      <trkpt lat="45.13187" lon="-72.80062">
        <ele>154.31</ele>
      </trkpt>
      <trkpt lat="45.132345" lon="-72.800605">
        <ele>153.57</ele>
      </trkpt>
      <trkpt lat="45.13282" lon="-72.80059">
        <ele>152.12</ele>
      </trkpt>
      <trkpt lat="45.1335275" lon="-72.8005825">
        <ele>149.9</ele>
      </trkpt>
      <trkpt lat="45.134235" lon="-72.800575">
        <ele>148.19</ele>
      </trkpt>
      <trkpt lat="45.1349425" lon="-72.8005675">
        <ele>146.5</ele>
      </trkpt>
      <trkpt lat="45.13565" lon="-72.80056">
        <ele>144.95</ele>
      </trkpt>
      <trkpt lat="45.1356501" lon="-72.7993582">
        <ele>145.71</ele>
      </trkpt>
      <trkpt lat="45.1356501" lon="-72.7981564">
        <ele>149.32</ele>
      </trkpt>
      <trkpt lat="45.1356502" lon="-72.7969545">
        <ele>153.28</ele>
      </trkpt>
      <trkpt lat="45.1356502" lon="-72.7957527">
        <ele>158.19</ele>
      </trkpt>
      <trkpt lat="45.1356502" lon="-72.7945509">
        <ele>161.55</ele>
      </trkpt>
      <trkpt lat="45.1356502" lon="-72.7933491">
        <ele>162.42</ele>
      </trkpt>
      <trkpt lat="45.1356502" lon="-72.7921473">
        <ele>166.55</ele>
      </trkpt>
      <trkpt lat="45.1356502" lon="-72.7909455">
        <ele>171.88</ele>
      </trkpt>
      <trkpt lat="45.1356501" lon="-72.7897436">
        <ele>174.22</ele>
      </trkpt>
      <trkpt lat="45.1356501" lon="-72.7885418">
        <ele>175.78</ele>
      </trkpt>
      <trkpt lat="45.13565" lon="-72.78734">
        <ele>179.36</ele>
      </trkpt>
      <trkpt lat="45.13567" lon="-72.78608">
        <ele>182.46</ele>
      </trkpt>
      <trkpt lat="45.13569" lon="-72.78482">
        <ele>185.95</ele>
      </trkpt>
      <trkpt lat="45.13569" lon="-72.78483">
        <ele>185.95</ele>
      </trkpt>
      <trkpt lat="45.135705" lon="-72.783835">
        <ele>187.7</ele>
      </trkpt>
      <trkpt lat="45.13572" lon="-72.78284">
        <ele>190.11</ele>
      </trkpt>
      <trkpt lat="45.13572" lon="-72.78284">
        <ele>190.73</ele>
      </trkpt>
      <trkpt lat="45.1348338" lon="-72.7829038">
        <ele>191.95</ele>
      </trkpt>
      <trkpt lat="45.1339475" lon="-72.7829675">
        <ele>192.62</ele>
      </trkpt>
      <trkpt lat="45.1330613" lon="-72.7830313">
        <ele>192.23</ele>
      </trkpt>
      <trkpt lat="45.132175" lon="-72.783095">
        <ele>191.83</ele>
      </trkpt>
      <trkpt lat="45.1312888" lon="-72.7831588">
        <ele>192.71</ele>
      </trkpt>
      <trkpt lat="45.1304025" lon="-72.7832225">
        <ele>193.43</ele>
      </trkpt>
      <trkpt lat="45.1295163" lon="-72.7832863">
        <ele>194.01</ele>
      </trkpt>
      <trkpt lat="45.12863" lon="-72.78335">
        <ele>194.75</ele>
      </trkpt>
      <trkpt lat="45.12863" lon="-72.78335">
        <ele>194.14</ele>
      </trkpt>
      <trkpt lat="45.12848" lon="-72.78321">
        <ele>194.62</ele>
      </trkpt>
      <trkpt lat="45.12777" lon="-72.78261">
        <ele>195.04</ele>
      </trkpt>
      <trkpt lat="45.12706" lon="-72.78201">
        <ele>196.38</ele>
      </trkpt>
      <trkpt lat="45.1263029" lon="-72.7813885">
        <ele>198.32</ele>
      </trkpt>
      <trkpt lat="45.1255457" lon="-72.7807671">
        <ele>198.67</ele>
      </trkpt>
      <trkpt lat="45.1247886" lon="-72.7801456">
        <ele>197.91</ele>
      </trkpt>
      <trkpt lat="45.1240314" lon="-72.7795242">
        <ele>196.68</ele>
      </trkpt>
      <trkpt lat="45.1232743" lon="-72.7789028">
        <ele>194.75</ele>
      </trkpt>
      <trkpt lat="45.1225172" lon="-72.7782814">
        <ele>193.65</ele>
      </trkpt>
      <trkpt lat="45.12176" lon="-72.77766">
        <ele>192.78</ele>
      </trkpt>
      <trkpt lat="45.12176" lon="-72.77766">
        <ele>192.78</ele>
      </trkpt>
      <trkpt lat="45.12105" lon="-72.7770767">
        <ele>191.08</ele>
      </trkpt>
      <trkpt lat="45.12034" lon="-72.7764933">
        <ele>189.46</ele>
      </trkpt>
      <trkpt lat="45.11963" lon="-72.77591">
        <ele>187.86</ele>
      </trkpt>
      <trkpt lat="45.11961" lon="-72.77485">
        <ele>185.67</ele>
      </trkpt>
      <trkpt lat="45.119605" lon="-72.7736267">
        <ele>183.11</ele>
      </trkpt>
      <trkpt lat="45.1196001" lon="-72.7724033">
        <ele>182.72</ele>
      </trkpt>
      <trkpt lat="45.1195951" lon="-72.77118">
        <ele>181.84</ele>
      </trkpt>
      <trkpt lat="45.1195901" lon="-72.7699567">
        <ele>181.81</ele>
      </trkpt>
      <trkpt lat="45.119585" lon="-72.7687333">
        <ele>183.7</ele>
      </trkpt>
      <trkpt lat="45.11958" lon="-72.76751">
        <ele>184.78</ele>
      </trkpt>
      <trkpt lat="45.11957" lon="-72.7663">
        <ele>186.09</ele>
      </trkpt>
      <trkpt lat="45.11956" lon="-72.76509">
        <ele>189.99</ele>
      </trkpt>
      <trkpt lat="45.11955" lon="-72.76388">
        <ele>192.48</ele>
      </trkpt>
      <trkpt lat="45.1195175" lon="-72.7629175">
        <ele>193.41</ele>
      </trkpt>
      <trkpt lat="45.119485" lon="-72.761955">
        <ele>193.68</ele>
      </trkpt>
      <trkpt lat="45.1194525" lon="-72.7609925">
        <ele>193.84</ele>
      </trkpt>
      <trkpt lat="45.11942" lon="-72.76003">
        <ele>194.71</ele>
      </trkpt>
      <trkpt lat="45.11939" lon="-72.7587767">
        <ele>195.4</ele>
      </trkpt>
      <trkpt lat="45.11936" lon="-72.7575233">
        <ele>195.88</ele>
      </trkpt>
      <trkpt lat="45.11933" lon="-72.75627">
        <ele>197.36</ele>
      </trkpt>
      <trkpt lat="45.11929" lon="-72.75589">
        <ele>197.37</ele>
      </trkpt>
      <trkpt lat="45.11922" lon="-72.7556">
        <ele>197.16</ele>
      </trkpt>
      <trkpt lat="45.11908" lon="-72.75524">
        <ele>197.03</ele>
      </trkpt>
      <trkpt lat="45.11889" lon="-72.75488">
        <ele>196.87</ele>
      </trkpt>
      <trkpt lat="45.118475" lon="-72.75426">
        <ele>196.63</ele>
      </trkpt>
      <trkpt lat="45.11806" lon="-72.75364">
        <ele>195.81</ele>
      </trkpt>
      <trkpt lat="45.117715" lon="-72.75317">
        <ele>194.14</ele>
      </trkpt>
      <trkpt lat="45.11737" lon="-72.7527">
        <ele>194.22</ele>
      </trkpt>
      <trkpt lat="45.11688" lon="-72.75214">
        <ele>196.08</ele>
      </trkpt>
      <trkpt lat="45.11688" lon="-72.75214">
        <ele>196.08</ele>
      </trkpt>
      <trkpt lat="45.11623" lon="-72.75138">
        <ele>197.29</ele>
      </trkpt>
      <trkpt lat="45.115552" lon="-72.750612">
        <ele>197.61</ele>
      </trkpt>
      <trkpt lat="45.114874" lon="-72.7498439">
        <ele>200.03</ele>
      </trkpt>
      <trkpt lat="45.114196" lon="-72.7490759">
        <ele>206.79</ele>
      </trkpt>
      <trkpt lat="45.113518" lon="-72.748308">
        <ele>213.38</ele>
      </trkpt>
      <trkpt lat="45.11284" lon="-72.74754">
        <ele>219.62</ele>
      </trkpt>
      <trkpt lat="45.11278" lon="-72.74749">
        <ele>219.62</ele>
      </trkpt>
      <trkpt lat="45.11237" lon="-72.74745">
        <ele>220.49</ele>
      </trkpt>
      <trkpt lat="45.11188" lon="-72.74749">
        <ele>220.6</ele>
      </trkpt>
      <trkpt lat="45.11124" lon="-72.74749">
        <ele>219.35</ele>
      </trkpt>
      <trkpt lat="45.11037" lon="-72.747555">
        <ele>216.4</ele>
      </trkpt>
      <trkpt lat="45.1095" lon="-72.74762">
        <ele>220.33</ele>
      </trkpt>
      <trkpt lat="45.10908" lon="-72.74762">
        <ele>221.84</ele>
      </trkpt>
      <trkpt lat="45.10897" lon="-72.74758">
        <ele>222.98</ele>
      </trkpt>
      <trkpt lat="45.10887" lon="-72.74753">
        <ele>222.98</ele>
      </trkpt>
      <trkpt lat="45.1088" lon="-72.74745">
        <ele>223.96</ele>
      </trkpt>
      <trkpt lat="45.10866" lon="-72.74722">
        <ele>225.64</ele>
      </trkpt>
      <trkpt lat="45.10829" lon="-72.74647">
        <ele>229.73</ele>
      </trkpt>
      <trkpt lat="45.10774" lon="-72.74557">
        <ele>234.53</ele>
      </trkpt>
      <trkpt lat="45.10759" lon="-72.74535">
        <ele>236.87</ele>
      </trkpt>
      <trkpt lat="45.10729" lon="-72.74499">
        <ele>238.17</ele>
      </trkpt>
      <trkpt lat="45.10698" lon="-72.74467">
        <ele>238.36</ele>
      </trkpt>
      <trkpt lat="45.10662" lon="-72.74446">
        <ele>238.56</ele>
      </trkpt>
      <trkpt lat="45.10637" lon="-72.74437">
        <ele>239.1</ele>
      </trkpt>
      <trkpt lat="45.1056433" lon="-72.7441433">
        <ele>242.79</ele>
      </trkpt>
      <trkpt lat="45.1049167" lon="-72.7439167">
        <ele>247.08</ele>
      </trkpt>
      <trkpt lat="45.10419" lon="-72.74369">
        <ele>248.12</ele>
      </trkpt>
      <trkpt lat="45.10347" lon="-72.743405">
        <ele>247.8</ele>
      </trkpt>
      <trkpt lat="45.10275" lon="-72.74312">
        <ele>252.05</ele>
      </trkpt>
      <trkpt lat="45.10203" lon="-72.742835">
        <ele>259.64</ele>
      </trkpt>
      <trkpt lat="45.10131" lon="-72.74255">
        <ele>265.17</ele>
      </trkpt>
      <trkpt lat="45.1007" lon="-72.74229">
        <ele>269.25</ele>
      </trkpt>
      <trkpt lat="45.10009" lon="-72.74203">
        <ele>273.23</ele>
      </trkpt>
      <trkpt lat="45.09966" lon="-72.74176">
        <ele>276.6</ele>
      </trkpt>
      <trkpt lat="45.09923" lon="-72.74149">
        <ele>281.56</ele>
      </trkpt>
      <trkpt lat="45.09889" lon="-72.74123">
        <ele>281.56</ele>
      </trkpt>
      <trkpt lat="45.09824" lon="-72.74059">
        <ele>290.85</ele>
      </trkpt>
      <trkpt lat="45.09799" lon="-72.74038">
        <ele>293.08</ele>
      </trkpt>
      <trkpt lat="45.09773" lon="-72.74024">
        <ele>294.53</ele>
      </trkpt>
      <trkpt lat="45.09697" lon="-72.73997">
        <ele>296.14</ele>
      </trkpt>
      <trkpt lat="45.09677" lon="-72.73993">
        <ele>296.6</ele>
      </trkpt>
      <trkpt lat="45.09635" lon="-72.73993">
        <ele>298.97</ele>
      </trkpt>
      <trkpt lat="45.09615" lon="-72.74001">
        <ele>300.41</ele>
      </trkpt>
      <trkpt lat="45.09599" lon="-72.74011">
        <ele>302.21</ele>
      </trkpt>
      <trkpt lat="45.09566" lon="-72.74043">
        <ele>306.53</ele>
      </trkpt>
      <trkpt lat="45.0954" lon="-72.74082">
        <ele>311.67</ele>
      </trkpt>
      <trkpt lat="45.09516" lon="-72.74127">
        <ele>314.74</ele>
      </trkpt>
      <trkpt lat="45.09484" lon="-72.74203">
        <ele>316.56</ele>
      </trkpt>
      <trkpt lat="45.09442" lon="-72.74291">
        <ele>315.5</ele>
      </trkpt>
      <trkpt lat="45.09393" lon="-72.743855">
        <ele>313.09</ele>
      </trkpt>
      <trkpt lat="45.09344" lon="-72.7448">
        <ele>311.91</ele>
      </trkpt>
      <trkpt lat="45.09327" lon="-72.74511">
        <ele>311.22</ele>
      </trkpt>
      <trkpt lat="45.09308" lon="-72.74532">
        <ele>311.05</ele>
      </trkpt>
      <trkpt lat="45.09308" lon="-72.74533">
        <ele>311.05</ele>
      </trkpt>
      <trkpt lat="45.09277" lon="-72.74561">
        <ele>311.03</ele>
      </trkpt>
      <trkpt lat="45.09246" lon="-72.7458">
        <ele>311.35</ele>
      </trkpt>
      <trkpt lat="45.09228" lon="-72.74588">
        <ele>311.31</ele>
      </trkpt>
      <trkpt lat="45.09182" lon="-72.74604">
        <ele>310.44</ele>
      </trkpt>
      <trkpt lat="45.09136" lon="-72.7462">
        <ele>309.46</ele>
      </trkpt>
      <trkpt lat="45.09097" lon="-72.74642">
        <ele>308.58</ele>
      </trkpt>
      <trkpt lat="45.09051" lon="-72.7467">
        <ele>307.01</ele>
      </trkpt>
      <trkpt lat="45.08998" lon="-72.74714">
        <ele>304.01</ele>
      </trkpt>
      <trkpt lat="45.08958" lon="-72.74736">
        <ele>301.05</ele>
      </trkpt>
      <trkpt lat="45.0891" lon="-72.74749">
        <ele>297.23</ele>
      </trkpt>
      <trkpt lat="45.08835" lon="-72.7478">
        <ele>287.21</ele>
      </trkpt>
      <trkpt lat="45.08771" lon="-72.74808">
        <ele>281.6</ele>
      </trkpt>
      <trkpt lat="45.08755" lon="-72.74817">
        <ele>280.4</ele>
      </trkpt>
      <trkpt lat="45.08728" lon="-72.74849">
        <ele>279.28</ele>
      </trkpt>
      <trkpt lat="45.08715" lon="-72.74876">
        <ele>278.22</ele>
      </trkpt>
      <trkpt lat="45.08703" lon="-72.74888">
        <ele>275.92</ele>
      </trkpt>
      <trkpt lat="45.08694" lon="-72.74891">
        <ele>275.92</ele>
      </trkpt>
      <trkpt lat="45.086215" lon="-72.74896">
        <ele>269.91</ele>
      </trkpt>
      <trkpt lat="45.08549" lon="-72.74901">
        <ele>264.85</ele>
      </trkpt>
      <trkpt lat="45.084758" lon="-72.749064">
        <ele>260.72</ele>
      </trkpt>
      <trkpt lat="45.084026" lon="-72.749118">
        <ele>261.88</ele>
      </trkpt>
      <trkpt lat="45.083294" lon="-72.749172">
        <ele>263.4</ele>
      </trkpt>
      <trkpt lat="45.082562" lon="-72.749226">
        <ele>261.51</ele>
      </trkpt>
      <trkpt lat="45.08183" lon="-72.74928">
        <ele>260.57</ele>
      </trkpt>
      <trkpt lat="45.08103" lon="-72.74932">
        <ele>265.72</ele>
      </trkpt>
      <trkpt lat="45.08023" lon="-72.74936">
        <ele>269.86</ele>
      </trkpt>
      <trkpt lat="45.07943" lon="-72.7494">
        <ele>272.54</ele>
      </trkpt>
      <trkpt lat="45.07863" lon="-72.74944">
        <ele>271.91</ele>
      </trkpt>
      <trkpt lat="45.07862" lon="-72.74944">
        <ele>271.9</ele>
      </trkpt>
      <trkpt lat="45.0779767" lon="-72.7494767">
        <ele>269.96</ele>
      </trkpt>
      <trkpt lat="45.0773333" lon="-72.7495133">
        <ele>269.89</ele>
      </trkpt>
      <trkpt lat="45.07669" lon="-72.74955">
        <ele>272.23</ele>
      </trkpt>
      <trkpt lat="45.0766678" lon="-72.7483711">
        <ele>273.5</ele>
      </trkpt>
      <trkpt lat="45.0766456" lon="-72.7471922">
        <ele>276.14</ele>
      </trkpt>
      <trkpt lat="45.0766234" lon="-72.7460133">
        <ele>280.78</ele>
      </trkpt>
      <trkpt lat="45.0766012" lon="-72.7448344">
        <ele>282.69</ele>
      </trkpt>
      <trkpt lat="45.076579" lon="-72.7436555">
        <ele>281.58</ele>
      </trkpt>
      <trkpt lat="45.0765568" lon="-72.7424767">
        <ele>280.91</ele>
      </trkpt>
      <trkpt lat="45.0765345" lon="-72.7412978">
        <ele>279.53</ele>
      </trkpt>
      <trkpt lat="45.0765123" lon="-72.7401189">
        <ele>277.3</ele>
      </trkpt>
      <trkpt lat="45.07649" lon="-72.73894">
        <ele>277.21</ele>
      </trkpt>
      <trkpt lat="45.07647" lon="-72.73772">
        <ele>276.2</ele>
      </trkpt>
      <trkpt lat="45.07647" lon="-72.73772">
        <ele>276.21</ele>
      </trkpt>
      <trkpt lat="45.076462" lon="-72.736604">
        <ele>272.91</ele>
      </trkpt>
      <trkpt lat="45.076454" lon="-72.735488">
        <ele>267.88</ele>
      </trkpt>
      <trkpt lat="45.076446" lon="-72.734372">
        <ele>261.8</ele>
      </trkpt>
      <trkpt lat="45.076438" lon="-72.733256">
        <ele>254.03</ele>
      </trkpt>
      <trkpt lat="45.07643" lon="-72.73214">
        <ele>250.62</ele>
      </trkpt>
      <trkpt lat="45.076405" lon="-72.731005">
        <ele>247.36</ele>
      </trkpt>
      <trkpt lat="45.07638" lon="-72.72987">
        <ele>247.19</ele>
      </trkpt>
      <trkpt lat="45.07629" lon="-72.72972">
        <ele>246.9</ele>
      </trkpt>
      <trkpt lat="45.07624" lon="-72.72968">
        <ele>246.01</ele>
      </trkpt>
      <trkpt lat="45.07599" lon="-72.72959">
        <ele>245.34</ele>
      </trkpt>
      <trkpt lat="45.0751633" lon="-72.7293833">
        <ele>242.75</ele>
      </trkpt>
      <trkpt lat="45.0743367" lon="-72.7291766">
        <ele>240.31</ele>
      </trkpt>
      <trkpt lat="45.07351" lon="-72.72897">
        <ele>239.88</ele>
      </trkpt>
      <trkpt lat="45.0726833" lon="-72.7287633">
        <ele>241.19</ele>
      </trkpt>
      <trkpt lat="45.0718567" lon="-72.7285567">
        <ele>244.04</ele>
      </trkpt>
      <trkpt lat="45.07103" lon="-72.72835">
        <ele>248.64</ele>
      </trkpt>
      <trkpt lat="45.07103" lon="-72.72835">
        <ele>248.64</ele>
      </trkpt>
      <trkpt lat="45.07093" lon="-72.72834">
        <ele>249.9</ele>
      </trkpt>
      <trkpt lat="45.0707" lon="-72.72838">
        <ele>249.9</ele>
      </trkpt>
      <trkpt lat="45.07041" lon="-72.7285">
        <ele>253.13</ele>
      </trkpt>
      <trkpt lat="45.07017" lon="-72.7286">
        <ele>254.09</ele>
      </trkpt>
      <trkpt lat="45.06962" lon="-72.72897">
        <ele>257.21</ele>
      </trkpt>
      <trkpt lat="45.06933" lon="-72.72931">
        <ele>260.15</ele>
      </trkpt>
      <trkpt lat="45.068705" lon="-72.730075">
        <ele>264.05</ele>
      </trkpt>
      <trkpt lat="45.06808" lon="-72.73084">
        <ele>265.29</ele>
      </trkpt>
      <trkpt lat="45.06785" lon="-72.73115">
        <ele>266</ele>
      </trkpt>
      <trkpt lat="45.06779" lon="-72.73128">
        <ele>266.36</ele>
      </trkpt>
      <trkpt lat="45.06764" lon="-72.73173">
        <ele>268.14</ele>
      </trkpt>
      <trkpt lat="45.06741" lon="-72.73259">
        <ele>271.98</ele>
      </trkpt>
      <trkpt lat="45.06727" lon="-72.73303">
        <ele>272.69</ele>
      </trkpt>
      <trkpt lat="45.06711" lon="-72.73334">
        <ele>273</ele>
      </trkpt>
      <trkpt lat="45.06678" lon="-72.73374">
        <ele>273.2</ele>
      </trkpt>
      <trkpt lat="45.0666" lon="-72.73388">
        <ele>273.57</ele>
      </trkpt>
      <trkpt lat="45.06633" lon="-72.73403">
        <ele>273.99</ele>
      </trkpt>
      <trkpt lat="45.06582" lon="-72.734115">
        <ele>276.18</ele>
      </trkpt>
      <trkpt lat="45.06531" lon="-72.7342">
        <ele>277.76</ele>
      </trkpt>
      <trkpt lat="45.06489" lon="-72.73429">
        <ele>279.14</ele>
      </trkpt>
      <trkpt lat="45.06428" lon="-72.73456">
        <ele>281.87</ele>
      </trkpt>
      <trkpt lat="45.06404" lon="-72.73474">
        <ele>283.68</ele>
      </trkpt>
      <trkpt lat="45.06382" lon="-72.73484">
        <ele>284.06</ele>
      </trkpt>
      <trkpt lat="45.06373" lon="-72.73446">
        <ele>284.08</ele>
      </trkpt>
      <trkpt lat="45.06361" lon="-72.73374">
        <ele>288.07</ele>
      </trkpt>
      <trkpt lat="45.06345" lon="-72.73249">
        <ele>298.21</ele>
      </trkpt>
      <trkpt lat="45.06329" lon="-72.73124">
        <ele>307.81</ele>
      </trkpt>
      <trkpt lat="45.0631933" lon="-72.73024">
        <ele>313.79</ele>
      </trkpt>
      <trkpt lat="45.0630967" lon="-72.72924">
        <ele>322.82</ele>
      </trkpt>
      <trkpt lat="45.063" lon="-72.72824">
        <ele>328.16</ele>
      </trkpt>
      <trkpt lat="45.062915" lon="-72.72719">
        <ele>330.82</ele>
      </trkpt>
      <trkpt lat="45.06283" lon="-72.72614">
        <ele>332.7</ele>
      </trkpt>
      <trkpt lat="45.06272" lon="-72.72526">
        <ele>334</ele>
      </trkpt>
      <trkpt lat="45.0626" lon="-72.72445">
        <ele>330.44</ele>
      </trkpt>
      <trkpt lat="45.06241" lon="-72.72365">
        <ele>323.69</ele>
      </trkpt>
      <trkpt lat="45.06222" lon="-72.72285">
        <ele>318.99</ele>
      </trkpt>
      <trkpt lat="45.06222" lon="-72.72285">
        <ele>319</ele>
      </trkpt>
      <trkpt lat="45.06209" lon="-72.72229">
        <ele>314.91</ele>
      </trkpt>
      <trkpt lat="45.06188" lon="-72.72157">
        <ele>310.61</ele>
      </trkpt>
      <trkpt lat="45.0615167" lon="-72.7206467">
        <ele>301.36</ele>
      </trkpt>
      <trkpt lat="45.0611533" lon="-72.7197233">
        <ele>295.33</ele>
      </trkpt>
      <trkpt lat="45.06079" lon="-72.7188">
        <ele>292.21</ele>
      </trkpt>
      <trkpt lat="45.06063" lon="-72.71831">
        <ele>291.39</ele>
      </trkpt>
      <trkpt lat="45.06054" lon="-72.7179">
        <ele>290.2</ele>
      </trkpt>
      <trkpt lat="45.06049" lon="-72.71749">
        <ele>289.05</ele>
      </trkpt>
      <trkpt lat="45.06045" lon="-72.71687">
        <ele>285.71</ele>
      </trkpt>
      <trkpt lat="45.06042" lon="-72.7158">
        <ele>279.83</ele>
      </trkpt>
      <trkpt lat="45.06041" lon="-72.7147867">
        <ele>276.92</ele>
      </trkpt>
      <trkpt lat="45.0604" lon="-72.7137733">
        <ele>272.94</ele>
      </trkpt>
      <trkpt lat="45.06039" lon="-72.71276">
        <ele>270.88</ele>
      </trkpt>
      <trkpt lat="45.0604033" lon="-72.71176">
        <ele>269.41</ele>
      </trkpt>
      <trkpt lat="45.0604167" lon="-72.71076">
        <ele>265.85</ele>
      </trkpt>
      <trkpt lat="45.06043" lon="-72.70976">
        <ele>261.33</ele>
      </trkpt>
      <trkpt lat="45.0604333" lon="-72.70862">
        <ele>257.95</ele>
      </trkpt>
      <trkpt lat="45.0604367" lon="-72.70748">
        <ele>257.5</ele>
      </trkpt>
      <trkpt lat="45.06044" lon="-72.70634">
        <ele>256.58</ele>
      </trkpt>
      <trkpt lat="45.06041" lon="-72.70532">
        <ele>254.58</ele>
      </trkpt>
      <trkpt lat="45.06037" lon="-72.70483">
        <ele>253.56</ele>
      </trkpt>
      <trkpt lat="45.06037" lon="-72.7038">
        <ele>249.71</ele>
      </trkpt>
      <trkpt lat="45.06034" lon="-72.70318">
        <ele>246.46</ele>
      </trkpt>
      <trkpt lat="45.06034" lon="-72.70318">
        <ele>246.51</ele>
      </trkpt>
      <trkpt lat="45.06035" lon="-72.70218">
        <ele>243.57</ele>
      </trkpt>
      <trkpt lat="45.0604" lon="-72.70135">
        <ele>241.94</ele>
      </trkpt>
      <trkpt lat="45.060515" lon="-72.700625">
        <ele>240.24</ele>
      </trkpt>
      <trkpt lat="45.06063" lon="-72.6999">
        <ele>237.31</ele>
      </trkpt>
      <trkpt lat="45.06067" lon="-72.69949">
        <ele>235.28</ele>
      </trkpt>
      <trkpt lat="45.06068" lon="-72.69902">
        <ele>230.43</ele>
      </trkpt>
      <trkpt lat="45.06065" lon="-72.69869">
        <ele>228.07</ele>
      </trkpt>
      <trkpt lat="45.06052" lon="-72.69775">
        <ele>219.49</ele>
      </trkpt>
      <trkpt lat="45.0604" lon="-72.69714">
        <ele>217.88</ele>
      </trkpt>
      <trkpt lat="45.06035" lon="-72.69677">
        <ele>216.01</ele>
      </trkpt>
      <trkpt lat="45.06034" lon="-72.6962">
        <ele>214.77</ele>
      </trkpt>
      <trkpt lat="45.06035" lon="-72.69575">
        <ele>214.21</ele>
      </trkpt>
      <trkpt lat="45.06042" lon="-72.69546">
        <ele>214.21</ele>
      </trkpt>
      <trkpt lat="45.06061" lon="-72.69499">
        <ele>215.59</ele>
      </trkpt>
      <trkpt lat="45.0609" lon="-72.69459">
        <ele>218.11</ele>
      </trkpt>
      <trkpt lat="45.061275" lon="-72.694">
        <ele>220.52</ele>
      </trkpt>
      <trkpt lat="45.06165" lon="-72.69341">
        <ele>223.57</ele>
      </trkpt>
      <trkpt lat="45.061975" lon="-72.692945">
        <ele>226.71</ele>
      </trkpt>
      <trkpt lat="45.0623" lon="-72.69248">
        <ele>228.13</ele>
      </trkpt>
      <trkpt lat="45.06239" lon="-72.69234">
        <ele>227.47</ele>
      </trkpt>
      <trkpt lat="45.06247" lon="-72.69202">
        <ele>225.23</ele>
      </trkpt>
      <trkpt lat="45.06251" lon="-72.69149">
        <ele>223.41</ele>
      </trkpt>
      <trkpt lat="45.0625" lon="-72.69095">
        <ele>221.78</ele>
      </trkpt>
      <trkpt lat="45.06236" lon="-72.69032">
        <ele>219.92</ele>
      </trkpt>
      <trkpt lat="45.06218" lon="-72.68979">
        <ele>218.47</ele>
      </trkpt>
      <trkpt lat="45.06202" lon="-72.68917">
        <ele>216.35</ele>
      </trkpt>
      <trkpt lat="45.062" lon="-72.68893">
        <ele>215.02</ele>
      </trkpt>
      <trkpt lat="45.062" lon="-72.68871">
        <ele>215.02</ele>
      </trkpt>
      <trkpt lat="45.06203" lon="-72.68853">
        <ele>214.17</ele>
      </trkpt>
      <trkpt lat="45.06224" lon="-72.68791">
        <ele>212.08</ele>
      </trkpt>
      <trkpt lat="45.06237" lon="-72.68728">
        <ele>210.9</ele>
      </trkpt>
      <trkpt lat="45.0624" lon="-72.68701">
        <ele>210.74</ele>
      </trkpt>
      <trkpt lat="45.0624" lon="-72.68661">
        <ele>210.11</ele>
      </trkpt>
      <trkpt lat="45.06237" lon="-72.6862">
        <ele>208.73</ele>
      </trkpt>
      <trkpt lat="45.062205" lon="-72.685235">
        <ele>208.81</ele>
      </trkpt>
      <trkpt lat="45.06204" lon="-72.68427">
        <ele>211.7</ele>
      </trkpt>
      <trkpt lat="45.061975" lon="-72.683355">
        <ele>215.24</ele>
      </trkpt>
      <trkpt lat="45.06191" lon="-72.68244">
        <ele>216.96</ele>
      </trkpt>
      <trkpt lat="45.06178" lon="-72.68167">
        <ele>218.11</ele>
      </trkpt>
      <trkpt lat="45.0616" lon="-72.6811">
        <ele>217.71</ele>
      </trkpt>
      <trkpt lat="45.0613" lon="-72.68054">
        <ele>217.29</ele>
      </trkpt>
      <trkpt lat="45.061" lon="-72.67998">
        <ele>214.88</ele>
      </trkpt>
      <trkpt lat="45.06085" lon="-72.67966">
        <ele>213.71</ele>
      </trkpt>
      <trkpt lat="45.06052" lon="-72.67876">
        <ele>213.09</ele>
      </trkpt>
      <trkpt lat="45.06026" lon="-72.67797">
        <ele>212.3</ele>
      </trkpt>
      <trkpt lat="45.06022" lon="-72.67779">
        <ele>210.94</ele>
      </trkpt>
      <trkpt lat="45.06016" lon="-72.6772">
        <ele>209.91</ele>
      </trkpt>
      <trkpt lat="45.06023" lon="-72.67666">
        <ele>208.44</ele>
      </trkpt>
      <trkpt lat="45.06034" lon="-72.67603">
        <ele>205.02</ele>
      </trkpt>
      <trkpt lat="45.06052" lon="-72.67533">
        <ele>199.02</ele>
      </trkpt>
      <trkpt lat="45.06076" lon="-72.6745367">
        <ele>191.49</ele>
      </trkpt>
      <trkpt lat="45.061" lon="-72.6737433">
        <ele>184.45</ele>
      </trkpt>
      <trkpt lat="45.06124" lon="-72.67295">
        <ele>180.88</ele>
      </trkpt>
      <trkpt lat="45.06146" lon="-72.67202">
        <ele>187.77</ele>
      </trkpt>
      <trkpt lat="45.06146" lon="-72.67203">
        <ele>187.79</ele>
      </trkpt>
      <trkpt lat="45.06165" lon="-72.67125">
        <ele>198.65</ele>
      </trkpt>
      <trkpt lat="45.061775" lon="-72.67058">
        <ele>204.06</ele>
      </trkpt>
      <trkpt lat="45.0619" lon="-72.66991">
        <ele>207.84</ele>
      </trkpt>
      <trkpt lat="45.06194" lon="-72.66928">
        <ele>210.19</ele>
      </trkpt>
      <trkpt lat="45.06193" lon="-72.66871">
        <ele>213.44</ele>
      </trkpt>
      <trkpt lat="45.0619" lon="-72.667985">
        <ele>218.96</ele>
      </trkpt>
      <trkpt lat="45.06187" lon="-72.66726">
        <ele>222.81</ele>
      </trkpt>
      <trkpt lat="45.06177" lon="-72.66655">
        <ele>222.91</ele>
      </trkpt>
      <trkpt lat="45.06153" lon="-72.66579">
        <ele>216.89</ele>
      </trkpt>
      <trkpt lat="45.06116" lon="-72.66481">
        <ele>202.35</ele>
      </trkpt>
      <trkpt lat="45.06086" lon="-72.663865">
        <ele>195.26</ele>
      </trkpt>
      <trkpt lat="45.06056" lon="-72.66292">
        <ele>194.57</ele>
      </trkpt>
      <trkpt lat="45.0603" lon="-72.6618">
        <ele>196.59</ele>
      </trkpt>
      <trkpt lat="45.06018" lon="-72.66114">
        <ele>199.6</ele>
      </trkpt>
      <trkpt lat="45.060055" lon="-72.66031">
        <ele>200.35</ele>
      </trkpt>
      <trkpt lat="45.05993" lon="-72.65948">
        <ele>197.88</ele>
      </trkpt>
      <trkpt lat="45.05986" lon="-72.65885">
        <ele>196.25</ele>
      </trkpt>
      <trkpt lat="45.05973" lon="-72.657905">
        <ele>196.59</ele>
      </trkpt>
      <trkpt lat="45.0596" lon="-72.65696">
        <ele>196.58</ele>
      </trkpt>
      <trkpt lat="45.0594825" lon="-72.65601">
        <ele>191.48</ele>
      </trkpt>
      <trkpt lat="45.059365" lon="-72.65506">
        <ele>185.09</ele>
      </trkpt>
      <trkpt lat="45.0592475" lon="-72.65411">
        <ele>174.66</ele>
      </trkpt>
      <trkpt lat="45.05913" lon="-72.65316">
        <ele>168.33</ele>
      </trkpt>
      <trkpt lat="45.05906" lon="-72.65248">
        <ele>162.91</ele>
      </trkpt>
      <trkpt lat="45.05901" lon="-72.65159">
        <ele>159.06</ele>
      </trkpt>
      <trkpt lat="45.05896" lon="-72.6507">
        <ele>159.8</ele>
      </trkpt>
      <trkpt lat="45.058955" lon="-72.650025">
        <ele>161.94</ele>
      </trkpt>
      <trkpt lat="45.05895" lon="-72.64935">
        <ele>162.97</ele>
      </trkpt>
      <trkpt lat="45.05899" lon="-72.64838">
        <ele>162.89</ele>
      </trkpt>
      <trkpt lat="45.05906" lon="-72.6474967">
        <ele>158.57</ele>
      </trkpt>
      <trkpt lat="45.05913" lon="-72.6466133">
        <ele>154.66</ele>
      </trkpt>
      <trkpt lat="45.0592" lon="-72.64573">
        <ele>154.16</ele>
      </trkpt>
      <trkpt lat="45.05926" lon="-72.64467">
        <ele>155.89</ele>
      </trkpt>
      <trkpt lat="45.05936" lon="-72.64457">
        <ele>155.85</ele>
      </trkpt>
      <trkpt lat="45.05933" lon="-72.64443">
        <ele>156.14</ele>
      </trkpt>
      <trkpt lat="45.059405" lon="-72.643355">
        <ele>156.66</ele>
      </trkpt>
      <trkpt lat="45.05948" lon="-72.64228">
        <ele>153.05</ele>
      </trkpt>
      <trkpt lat="45.05947" lon="-72.64179">
        <ele>148.17</ele>
      </trkpt>
      <trkpt lat="45.05941" lon="-72.64152">
        <ele>145.44</ele>
      </trkpt>
      <trkpt lat="45.05932" lon="-72.6413">
        <ele>144.13</ele>
      </trkpt>
      <trkpt lat="45.05894" lon="-72.64019">
        <ele>145.2</ele>
      </trkpt>
      <trkpt lat="45.05886" lon="-72.63978">
        <ele>146.44</ele>
      </trkpt>
      <trkpt lat="45.0588" lon="-72.63932">
        <ele>147.67</ele>
      </trkpt>
      <trkpt lat="45.05875" lon="-72.63866">
        <ele>149.48</ele>
      </trkpt>
      <trkpt lat="45.0587" lon="-72.63777">
        <ele>152.61</ele>
      </trkpt>
      <trkpt lat="45.05865" lon="-72.63688">
        <ele>154.55</ele>
      </trkpt>
      <trkpt lat="45.0585633" lon="-72.6357133">
        <ele>158.46</ele>
      </trkpt>
      <trkpt lat="45.0584767" lon="-72.6345467">
        <ele>169.8</ele>
      </trkpt>
      <trkpt lat="45.05839" lon="-72.63338">
        <ele>177.66</ele>
      </trkpt>
      <trkpt lat="45.0584" lon="-72.63338">
        <ele>177.6</ele>
      </trkpt>
      <trkpt lat="45.05837" lon="-72.633">
        <ele>180.37</ele>
      </trkpt>
      <trkpt lat="45.0582" lon="-72.6320167">
        <ele>189.82</ele>
      </trkpt>
      <trkpt lat="45.05803" lon="-72.6310333">
        <ele>196.89</ele>
      </trkpt>
      <trkpt lat="45.05786" lon="-72.63005">
        <ele>204.13</ele>
      </trkpt>
      <trkpt lat="45.05773" lon="-72.62943">
        <ele>208.32</ele>
      </trkpt>
      <trkpt lat="45.05749" lon="-72.628675">
        <ele>211.4</ele>
      </trkpt>
      <trkpt lat="45.05725" lon="-72.62792">
        <ele>212.59</ele>
      </trkpt>
      <trkpt lat="45.0569567" lon="-72.6269333">
        <ele>212.22</ele>
      </trkpt>
      <trkpt lat="45.0566633" lon="-72.6259467">
        <ele>213.05</ele>
      </trkpt>
      <trkpt lat="45.05637" lon="-72.62496">
        <ele>213.32</ele>
      </trkpt>
      <trkpt lat="45.0559767" lon="-72.6239733">
        <ele>213.32</ele>
      </trkpt>
      <trkpt lat="45.0555833" lon="-72.6229867">
        <ele>215.23</ele>
      </trkpt>
      <trkpt lat="45.05519" lon="-72.622">
        <ele>221.22</ele>
      </trkpt>
      <trkpt lat="45.05492" lon="-72.62151">
        <ele>226.97</ele>
      </trkpt>
      <trkpt lat="45.05448" lon="-72.62092">
        <ele>234.34</ele>
      </trkpt>
      <trkpt lat="45.05419" lon="-72.6203">
        <ele>239.62</ele>
      </trkpt>
      <trkpt lat="45.05408" lon="-72.6199">
        <ele>243.17</ele>
      </trkpt>
      <trkpt lat="45.05399" lon="-72.61936">
        <ele>246.03</ele>
      </trkpt>
      <trkpt lat="45.05395" lon="-72.61892">
        <ele>247.41</ele>
      </trkpt>
      <trkpt lat="45.05393" lon="-72.61824">
        <ele>249.95</ele>
      </trkpt>
      <trkpt lat="45.05392" lon="-72.61718">
        <ele>255.83</ele>
      </trkpt>
      <trkpt lat="45.05464" lon="-72.61731">
        <ele>253.3</ele>
      </trkpt>
      <trkpt lat="45.055395" lon="-72.617485">
        <ele>251.5</ele>
      </trkpt>
      <trkpt lat="45.05615" lon="-72.61766">
        <ele>249.8</ele>
      </trkpt>
      <trkpt lat="45.05645" lon="-72.61771">
        <ele>249.78</ele>
      </trkpt>
      <trkpt lat="45.05645" lon="-72.61771">
        <ele>249.77</ele>
      </trkpt>
      <trkpt lat="45.05734" lon="-72.61784">
        <ele>254.88</ele>
      </trkpt>
      <trkpt lat="45.0580967" lon="-72.61793">
        <ele>255.19</ele>
      </trkpt>
      <trkpt lat="45.0588533" lon="-72.61802">
        <ele>252.4</ele>
      </trkpt>
      <trkpt lat="45.05961" lon="-72.61811">
        <ele>247.33</ele>
      </trkpt>
      <trkpt lat="45.0604888" lon="-72.6182825">
        <ele>236.78</ele>
      </trkpt>
      <trkpt lat="45.0613675" lon="-72.618455">
        <ele>229.92</ele>
      </trkpt>
      <trkpt lat="45.0622463" lon="-72.6186275">
        <ele>222.73</ele>
      </trkpt>
      <trkpt lat="45.063125" lon="-72.6188">
        <ele>210.31</ele>
      </trkpt>
      <trkpt lat="45.0640038" lon="-72.6189725">
        <ele>207.79</ele>
      </trkpt>
      <trkpt lat="45.0648825" lon="-72.619145">
        <ele>210.5</ele>
      </trkpt>
      <trkpt lat="45.0657613" lon="-72.6193175">
        <ele>214.1</ele>
      </trkpt>
      <trkpt lat="45.06664" lon="-72.61949">
        <ele>213.71</ele>
      </trkpt>
      <trkpt lat="45.067205" lon="-72.61956">
        <ele>211.91</ele>
      </trkpt>
      <trkpt lat="45.06777" lon="-72.61963">
        <ele>211.44</ele>
      </trkpt>
      <trkpt lat="45.068325" lon="-72.61961">
        <ele>209.77</ele>
      </trkpt>
      <trkpt lat="45.06888" lon="-72.61959">
        <ele>207.86</ele>
      </trkpt>
      <trkpt lat="45.06973" lon="-72.619608">
        <ele>208.75</ele>
      </trkpt>
      <trkpt lat="45.07058" lon="-72.619626">
        <ele>210.56</ele>
      </trkpt>
      <trkpt lat="45.07143" lon="-72.619644">
        <ele>214.66</ele>
      </trkpt>
      <trkpt lat="45.07228" lon="-72.619662">
        <ele>216.17</ele>
      </trkpt>
      <trkpt lat="45.07313" lon="-72.61968">
        <ele>216.33</ele>
      </trkpt>
      <trkpt lat="45.0736" lon="-72.61976">
        <ele>215.21</ele>
      </trkpt>
      <trkpt lat="45.07443" lon="-72.620055">
        <ele>210.37</ele>
      </trkpt>
      <trkpt lat="45.07526" lon="-72.62035">
        <ele>202.2</ele>
      </trkpt>
      <trkpt lat="45.0761" lon="-72.6206633">
        <ele>197.92</ele>
      </trkpt>
      <trkpt lat="45.07694" lon="-72.6209767">
        <ele>193.53</ele>
      </trkpt>
      <trkpt lat="45.07778" lon="-72.62129">
        <ele>188.69</ele>
      </trkpt>
      <trkpt lat="45.07858" lon="-72.6215833">
        <ele>186.19</ele>
      </trkpt>
      <trkpt lat="45.07938" lon="-72.6218767">
        <ele>183.43</ele>
      </trkpt>
      <trkpt lat="45.08018" lon="-72.62217">
        <ele>178.79</ele>
      </trkpt>
      <trkpt lat="45.08075" lon="-72.62228">
        <ele>179.86</ele>
      </trkpt>
      <trkpt lat="45.08146" lon="-72.62239">
        <ele>181.32</ele>
      </trkpt>
      <trkpt lat="45.082005" lon="-72.62244">
        <ele>180.14</ele>
      </trkpt>
      <trkpt lat="45.08255" lon="-72.62249">
        <ele>178.15</ele>
      </trkpt>
      <trkpt lat="45.08325" lon="-72.62249">
        <ele>173.96</ele>
      </trkpt>
      <trkpt lat="45.08395" lon="-72.62249">
        <ele>168.63</ele>
      </trkpt>
      <trkpt lat="45.08447" lon="-72.62245">
        <ele>166.29</ele>
      </trkpt>
      <trkpt lat="45.0851533" lon="-72.6222833">
        <ele>166.57</ele>
      </trkpt>
      <trkpt lat="45.0858367" lon="-72.6221167">
        <ele>166.28</ele>
      </trkpt>
      <trkpt lat="45.08652" lon="-72.62195">
        <ele>165.49</ele>
      </trkpt>
      <trkpt lat="45.08651" lon="-72.62195">
        <ele>165.49</ele>
      </trkpt>
      <trkpt lat="45.0873233" lon="-72.6217567">
        <ele>167.03</ele>
      </trkpt>
      <trkpt lat="45.0881367" lon="-72.6215633">
        <ele>166.78</ele>
      </trkpt>
      <trkpt lat="45.08895" lon="-72.62137">
        <ele>167.22</ele>
      </trkpt>
      <trkpt lat="45.089555" lon="-72.621255">
        <ele>168.42</ele>
      </trkpt>
      <trkpt lat="45.09016" lon="-72.62114">
        <ele>170.43</ele>
      </trkpt>
      <trkpt lat="45.0902833" lon="-72.6220533">
        <ele>169.63</ele>
      </trkpt>
      <trkpt lat="45.0904067" lon="-72.6229667">
        <ele>168.21</ele>
      </trkpt>
      <trkpt lat="45.09053" lon="-72.62388">
        <ele>166.42</ele>
      </trkpt>
      <trkpt lat="45.09053" lon="-72.62388">
        <ele>166.41</ele>
      </trkpt>
      <trkpt lat="45.09069" lon="-72.62508">
        <ele>164.29</ele>
      </trkpt>
      <trkpt lat="45.09085" lon="-72.62628">
        <ele>162.91</ele>
      </trkpt>
      <trkpt lat="45.09147" lon="-72.62614">
        <ele>162.79</ele>
      </trkpt>
      <trkpt lat="45.09209" lon="-72.626">
        <ele>162.83</ele>
      </trkpt>
      <trkpt lat="45.09291" lon="-72.62584">
        <ele>162.25</ele>
      </trkpt>
      <trkpt lat="45.09373" lon="-72.62568">
        <ele>162.12</ele>
      </trkpt>
      <trkpt lat="45.09405" lon="-72.62559">
        <ele>162.45</ele>
      </trkpt>
      <trkpt lat="45.09454" lon="-72.62536">
        <ele>162.63</ele>
      </trkpt>
      <trkpt lat="45.0952633" lon="-72.6249">
        <ele>163.28</ele>
      </trkpt>
      <trkpt lat="45.0959867" lon="-72.62444">
        <ele>163.72</ele>
      </trkpt>
      <trkpt lat="45.09671" lon="-72.62398">
        <ele>165.05</ele>
      </trkpt>
      <trkpt lat="45.09723" lon="-72.623615">
        <ele>166.21</ele>
      </trkpt>
      <trkpt lat="45.09775" lon="-72.62325">
        <ele>167.79</ele>
      </trkpt>
      <trkpt lat="45.09773" lon="-72.62326">
        <ele>167.77</ele>
      </trkpt>
      <trkpt lat="45.09796" lon="-72.62311">
        <ele>167.89</ele>
      </trkpt>
      <trkpt lat="45.0986367" lon="-72.62255">
        <ele>166.9</ele>
      </trkpt>
      <trkpt lat="45.0993133" lon="-72.62199">
        <ele>166.79</ele>
      </trkpt>
      <trkpt lat="45.09999" lon="-72.62143">
        <ele>167.88</ele>
      </trkpt>
      <trkpt lat="45.10057" lon="-72.62097">
        <ele>168.32</ele>
      </trkpt>
      <trkpt lat="45.101025" lon="-72.62057">
        <ele>169.06</ele>
      </trkpt>
      <trkpt lat="45.10148" lon="-72.62017">
        <ele>169.58</ele>
      </trkpt>
      <trkpt lat="45.10185" lon="-72.61976">
        <ele>170.09</ele>
      </trkpt>
      <trkpt lat="45.10221" lon="-72.61927">
        <ele>170.74</ele>
      </trkpt>
      <trkpt lat="45.1028067" lon="-72.6183634">
        <ele>172.69</ele>
      </trkpt>
      <trkpt lat="45.1034033" lon="-72.6174567">
        <ele>174.04</ele>
      </trkpt>
      <trkpt lat="45.104" lon="-72.61655">
        <ele>175.39</ele>
      </trkpt>
      <trkpt lat="45.10435" lon="-72.616055">
        <ele>176.89</ele>
      </trkpt>
      <trkpt lat="45.1047" lon="-72.61556">
        <ele>177.64</ele>
      </trkpt>
      <trkpt lat="45.10485" lon="-72.61538">
        <ele>178.03</ele>
      </trkpt>
      <trkpt lat="45.10517" lon="-72.61516">
        <ele>178.86</ele>
      </trkpt>
      <trkpt lat="45.10531" lon="-72.6151">
        <ele>179.31</ele>
      </trkpt>
      <trkpt lat="45.10568" lon="-72.61507">
        <ele>180.09</ele>
      </trkpt>
      <trkpt lat="45.10592" lon="-72.61507">
        <ele>180.8</ele>
      </trkpt>
      <trkpt lat="45.10639" lon="-72.61525">
        <ele>181.3</ele>
      </trkpt>
      <trkpt lat="45.10681" lon="-72.61548">
        <ele>181.82</ele>
      </trkpt>
      <trkpt lat="45.10682" lon="-72.61454">
        <ele>183.31</ele>
      </trkpt>
      <trkpt lat="45.1075233" lon="-72.61446">
        <ele>182.1</ele>
      </trkpt>
      <trkpt lat="45.1082267" lon="-72.61438">
        <ele>181.19</ele>
      </trkpt>
      <trkpt lat="45.10893" lon="-72.6143">
        <ele>180.51</ele>
      </trkpt>
      <trkpt lat="45.10912" lon="-72.6143">
        <ele>180.66</ele>
      </trkpt>
      <trkpt lat="45.10912" lon="-72.6143">
        <ele>180.66</ele>
      </trkpt>
      <trkpt lat="45.10935" lon="-72.6143">
        <ele>180.85</ele>
      </trkpt>
      <trkpt lat="45.10976" lon="-72.61435">
        <ele>179.73</ele>
      </trkpt>
      <trkpt lat="45.11026" lon="-72.61438">
        <ele>178.6</ele>
      </trkpt>
      <trkpt lat="45.1104" lon="-72.61434">
        <ele>178.6</ele>
      </trkpt>
      <trkpt lat="45.11063" lon="-72.61432">
        <ele>178.28</ele>
      </trkpt>
      <trkpt lat="45.111376" lon="-72.61421">
        <ele>177.58</ele>
      </trkpt>
      <trkpt lat="45.112122" lon="-72.6141">
        <ele>177.46</ele>
      </trkpt>
      <trkpt lat="45.112868" lon="-72.61399">
        <ele>177.66</ele>
      </trkpt>
      <trkpt lat="45.113614" lon="-72.61388">
        <ele>177.87</ele>
      </trkpt>
      <trkpt lat="45.11436" lon="-72.61377">
        <ele>178.07</ele>
      </trkpt>
      <trkpt lat="45.11455" lon="-72.61375">
        <ele>178.03</ele>
      </trkpt>
      <trkpt lat="45.11452" lon="-72.61391">
        <ele>177.86</ele>
      </trkpt>
      <trkpt lat="45.11445" lon="-72.614">
        <ele>177.73</ele>
      </trkpt>
      <trkpt lat="45.11399" lon="-72.61425">
        <ele>177.38</ele>
      </trkpt>
      <trkpt lat="45.11399" lon="-72.61425">
        <ele>177.39</ele>
      </trkpt>
      <trkpt lat="45.11377" lon="-72.61438">
        <ele>177.3</ele>
      </trkpt>
      <trkpt lat="45.113145" lon="-72.6148425">
        <ele>177.42</ele>
      </trkpt>
      <trkpt lat="45.11252" lon="-72.615305">
        <ele>177.56</ele>
      </trkpt>
      <trkpt lat="45.111895" lon="-72.6157675">
        <ele>177.46</ele>
      </trkpt>
      <trkpt lat="45.11127" lon="-72.61623">
        <ele>177.3</ele>
      </trkpt>
      <trkpt lat="45.11128" lon="-72.61622">
        <ele>177.31</ele>
      </trkpt>
      <trkpt lat="45.110725" lon="-72.61665">
        <ele>177.11</ele>
      </trkpt>
      <trkpt lat="45.11017" lon="-72.61708">
        <ele>177.45</ele>
      </trkpt>
      <trkpt lat="45.10993" lon="-72.61722">
        <ele>177.6</ele>
      </trkpt>
      <trkpt lat="45.10982" lon="-72.61726">
        <ele>177.87</ele>
      </trkpt>
      <trkpt lat="45.10974" lon="-72.61733">
        <ele>177.87</ele>
      </trkpt>
      <trkpt lat="45.11005" lon="-72.61771">
        <ele>177.7</ele>
      </trkpt>
      <trkpt lat="45.11053" lon="-72.61833">
        <ele>177.76</ele>
      </trkpt>
      <trkpt lat="45.1111633" lon="-72.6191666">
        <ele>180.93</ele>
      </trkpt>
      <trkpt lat="45.1117967" lon="-72.6200033">
        <ele>186.42</ele>
      </trkpt>
      <trkpt lat="45.11243" lon="-72.62084">
        <ele>190.44</ele>
      </trkpt>
      <trkpt lat="45.1127" lon="-72.62116">
        <ele>193.29</ele>
      </trkpt>
      <trkpt lat="45.11284" lon="-72.62128">
        <ele>194.42</ele>
      </trkpt>
      <trkpt lat="45.11358" lon="-72.62146">
        <ele>198</ele>
      </trkpt>
      <trkpt lat="45.11426" lon="-72.62155">
        <ele>203.41</ele>
      </trkpt>
      <trkpt lat="45.1145" lon="-72.62155">
        <ele>205.25</ele>
      </trkpt>
      <trkpt lat="45.11499" lon="-72.621495">
        <ele>208.34</ele>
      </trkpt>
      <trkpt lat="45.11548" lon="-72.62144">
        <ele>212.17</ele>
      </trkpt>
      <trkpt lat="45.1162" lon="-72.621295">
        <ele>214.72</ele>
      </trkpt>
      <trkpt lat="45.11692" lon="-72.62115">
        <ele>218.55</ele>
      </trkpt>
      <trkpt lat="45.117765" lon="-72.62104">
        <ele>227.27</ele>
      </trkpt>
      <trkpt lat="45.11861" lon="-72.62093">
        <ele>238.08</ele>
      </trkpt>
      <trkpt lat="45.1188" lon="-72.62088">
        <ele>239.87</ele>
      </trkpt>
      <trkpt lat="45.11908" lon="-72.62075">
        <ele>242.65</ele>
      </trkpt>
      <trkpt lat="45.119685" lon="-72.62043">
        <ele>248.28</ele>
      </trkpt>
      <trkpt lat="45.12029" lon="-72.62011">
        <ele>252.6</ele>
      </trkpt>
      <trkpt lat="45.120855" lon="-72.61989">
        <ele>253.01</ele>
      </trkpt>
      <trkpt lat="45.12142" lon="-72.61967">
        <ele>251.84</ele>
      </trkpt>
      <trkpt lat="45.121975" lon="-72.619435">
        <ele>248.73</ele>
      </trkpt>
      <trkpt lat="45.12253" lon="-72.6192">
        <ele>247.98</ele>
      </trkpt>
      <trkpt lat="45.12258" lon="-72.61918">
        <ele>248.01</ele>
      </trkpt>
      <trkpt lat="45.1233567" lon="-72.6188533">
        <ele>248.35</ele>
      </trkpt>
      <trkpt lat="45.1241333" lon="-72.6185267">
        <ele>250.16</ele>
      </trkpt>
      <trkpt lat="45.12491" lon="-72.6182">
        <ele>253.05</ele>
      </trkpt>
      <trkpt lat="45.12556" lon="-72.61791">
        <ele>253.06</ele>
      </trkpt>
      <trkpt lat="45.12621" lon="-72.61762">
        <ele>251.72</ele>
      </trkpt>
      <trkpt lat="45.12686" lon="-72.61733">
        <ele>251.02</ele>
      </trkpt>
      <trkpt lat="45.12751" lon="-72.61704">
        <ele>251.16</ele>
      </trkpt>
      <trkpt lat="45.12767" lon="-72.61699">
        <ele>251.04</ele>
      </trkpt>
      <trkpt lat="45.12789" lon="-72.61695">
        <ele>250.71</ele>
      </trkpt>
      <trkpt lat="45.12852" lon="-72.61691">
        <ele>248.85</ele>
      </trkpt>
      <trkpt lat="45.12914" lon="-72.61688">
        <ele>248.56</ele>
      </trkpt>
      <trkpt lat="45.12976" lon="-72.61685">
        <ele>244.37</ele>
      </trkpt>
      <trkpt lat="45.13033" lon="-72.6168">
        <ele>238.56</ele>
      </trkpt>
      <trkpt lat="45.1309" lon="-72.61675">
        <ele>235.29</ele>
      </trkpt>
      <trkpt lat="45.131752" lon="-72.616734">
        <ele>232.9</ele>
      </trkpt>
      <trkpt lat="45.132604" lon="-72.616718">
        <ele>224.28</ele>
      </trkpt>
      <trkpt lat="45.133456" lon="-72.616702">
        <ele>218.58</ele>
      </trkpt>
      <trkpt lat="45.134308" lon="-72.616686">
        <ele>212.75</ele>
      </trkpt>
      <trkpt lat="45.13516" lon="-72.61667">
        <ele>209.59</ele>
      </trkpt>
      <trkpt lat="45.13592" lon="-72.61664">
        <ele>203.38</ele>
      </trkpt>
      <trkpt lat="45.13672" lon="-72.61654">
        <ele>202.09</ele>
      </trkpt>
      <trkpt lat="45.13757" lon="-72.6165">
        <ele>203.25</ele>
      </trkpt>
      <trkpt lat="45.13803" lon="-72.61654">
        <ele>204.47</ele>
      </trkpt>
      <trkpt lat="45.13844" lon="-72.6165">
        <ele>207.73</ele>
      </trkpt>
      <trkpt lat="45.13863" lon="-72.61644">
        <ele>208.4</ele>
      </trkpt>
      <trkpt lat="45.13871" lon="-72.61636">
        <ele>208.45</ele>
      </trkpt>
      <trkpt lat="45.13885" lon="-72.61618">
        <ele>207.89</ele>
      </trkpt>
      <trkpt lat="45.13907" lon="-72.61578">
        <ele>206.75</ele>
      </trkpt>
      <trkpt lat="45.13933" lon="-72.61542">
        <ele>203.62</ele>
      </trkpt>
      <trkpt lat="45.1396" lon="-72.6152">
        <ele>202.53</ele>
      </trkpt>
      <trkpt lat="45.13994" lon="-72.61506">
        <ele>202.18</ele>
      </trkpt>
      <trkpt lat="45.14034" lon="-72.61493">
        <ele>202.3</ele>
      </trkpt>
      <trkpt lat="45.14092" lon="-72.61484">
        <ele>200.59</ele>
      </trkpt>
      <trkpt lat="45.14134" lon="-72.61485">
        <ele>197.67</ele>
      </trkpt>
      <trkpt lat="45.1422" lon="-72.61493">
        <ele>196.48</ele>
      </trkpt>
      <trkpt lat="45.14295" lon="-72.61488">
        <ele>201.52</ele>
      </trkpt>
      <trkpt lat="45.14314" lon="-72.61484">
        <ele>202.02</ele>
      </trkpt>
      <trkpt lat="45.14379" lon="-72.61462">
        <ele>201.54</ele>
      </trkpt>
      <trkpt lat="45.14379" lon="-72.61463">
        <ele>201.55</ele>
      </trkpt>
      <trkpt lat="45.144305" lon="-72.614455">
        <ele>199.79</ele>
      </trkpt>
      <trkpt lat="45.14482" lon="-72.61428">
        <ele>198.85</ele>
      </trkpt>
      <trkpt lat="45.1455025" lon="-72.614065">
        <ele>199.22</ele>
      </trkpt>
      <trkpt lat="45.146185" lon="-72.61385">
        <ele>198.39</ele>
      </trkpt>
      <trkpt lat="45.1468675" lon="-72.613635">
        <ele>202.6</ele>
      </trkpt>
      <trkpt lat="45.14755" lon="-72.61342">
        <ele>203.25</ele>
      </trkpt>
      <trkpt lat="45.147525" lon="-72.61267">
        <ele>201.88</ele>
      </trkpt>
      <trkpt lat="45.1475" lon="-72.61192">
        <ele>196.86</ele>
      </trkpt>
      <trkpt lat="45.1474" lon="-72.61085">
        <ele>188.77</ele>
      </trkpt>
      <trkpt lat="45.147366" lon="-72.60975">
        <ele>175.94</ele>
      </trkpt>
      <trkpt lat="45.147332" lon="-72.60865">
        <ele>167.36</ele>
      </trkpt>
      <trkpt lat="45.147298" lon="-72.60755">
        <ele>166.3</ele>
      </trkpt>
      <trkpt lat="45.147264" lon="-72.60645">
        <ele>170.25</ele>
      </trkpt>
      <trkpt lat="45.14723" lon="-72.60535">
        <ele>174.26</ele>
      </trkpt>
      <trkpt lat="45.14716" lon="-72.60503">
        <ele>174.26</ele>
      </trkpt>
      <trkpt lat="45.14711" lon="-72.6049">
        <ele>174.44</ele>
      </trkpt>
      <trkpt lat="45.14726" lon="-72.60463">
        <ele>174.35</ele>
      </trkpt>
      <trkpt lat="45.14736" lon="-72.60455">
        <ele>174.25</ele>
      </trkpt>
      <trkpt lat="45.14742" lon="-72.60453">
        <ele>174.21</ele>
      </trkpt>
      <trkpt lat="45.148245" lon="-72.60456">
        <ele>167.97</ele>
      </trkpt>
      <trkpt lat="45.14907" lon="-72.60459">
        <ele>164.07</ele>
      </trkpt>
      <trkpt lat="45.14973" lon="-72.604545">
        <ele>163.81</ele>
      </trkpt>
      <trkpt lat="45.15039" lon="-72.6045">
        <ele>162.28</ele>
      </trkpt>
      <trkpt lat="45.15066" lon="-72.60454">
        <ele>162.05</ele>
      </trkpt>
      <trkpt lat="45.1515033" lon="-72.6045233">
        <ele>161.5</ele>
      </trkpt>
      <trkpt lat="45.1523467" lon="-72.6045067">
        <ele>161.1</ele>
      </trkpt>
      <trkpt lat="45.15319" lon="-72.60449">
        <ele>160.26</ele>
      </trkpt>
      <trkpt lat="45.15331" lon="-72.6045">
        <ele>160.09</ele>
      </trkpt>
      <trkpt lat="45.15344" lon="-72.60454">
        <ele>160.09</ele>
      </trkpt>
      <trkpt lat="45.15367" lon="-72.60471">
        <ele>159.68</ele>
      </trkpt>
      <trkpt lat="45.15402" lon="-72.60502">
        <ele>159.7</ele>
      </trkpt>
      <trkpt lat="45.15456" lon="-72.60557">
        <ele>159.36</ele>
      </trkpt>
      <trkpt lat="45.15503" lon="-72.60603">
        <ele>159.37</ele>
      </trkpt>
      <trkpt lat="45.1555" lon="-72.60649">
        <ele>159.46</ele>
      </trkpt>
      <trkpt lat="45.1555" lon="-72.60649">
        <ele>159.46</ele>
      </trkpt>
      <trkpt lat="45.15595" lon="-72.60691">
        <ele>159.36</ele>
      </trkpt>
      <trkpt lat="45.156405" lon="-72.607455">
        <ele>159.35</ele>
      </trkpt>
      <trkpt lat="45.15686" lon="-72.608">
        <ele>159.32</ele>
      </trkpt>
      <trkpt lat="45.1573" lon="-72.60862">
        <ele>158.35</ele>
      </trkpt>
      <trkpt lat="45.15777" lon="-72.609195">
        <ele>156.75</ele>
      </trkpt>
      <trkpt lat="45.15824" lon="-72.60977">
        <ele>156.28</ele>
      </trkpt>
      <trkpt lat="45.15863" lon="-72.61014">
        <ele>156.36</ele>
      </trkpt>
      <trkpt lat="45.15902" lon="-72.6105">
        <ele>156.81</ele>
      </trkpt>
      <trkpt lat="45.15948" lon="-72.61081">
        <ele>157.99</ele>
      </trkpt>
      <trkpt lat="45.159975" lon="-72.611035">
        <ele>157.22</ele>
      </trkpt>
      <trkpt lat="45.16047" lon="-72.61126">
        <ele>157.22</ele>
      </trkpt>
      <trkpt lat="45.1607" lon="-72.61135">
        <ele>157.08</ele>
      </trkpt>
      <trkpt lat="45.16086" lon="-72.61138">
        <ele>157.16</ele>
      </trkpt>
      <trkpt lat="45.16099" lon="-72.61131">
        <ele>157.15</ele>
      </trkpt>
      <trkpt lat="45.16142" lon="-72.61093">
        <ele>156.89</ele>
      </trkpt>
      <trkpt lat="45.1619733" lon="-72.6104">
        <ele>156.71</ele>
      </trkpt>
      <trkpt lat="45.1625267" lon="-72.60987">
        <ele>157.85</ele>
      </trkpt>
      <trkpt lat="45.16308" lon="-72.60934">
        <ele>156.99</ele>
      </trkpt>
      <trkpt lat="45.16357" lon="-72.60895">
        <ele>156.41</ele>
      </trkpt>
      <trkpt lat="45.16424" lon="-72.60858">
        <ele>157.09</ele>
      </trkpt>
      <trkpt lat="45.16479" lon="-72.60833">
        <ele>159.03</ele>
      </trkpt>
      <trkpt lat="45.16534" lon="-72.60808">
        <ele>160.05</ele>
      </trkpt>
      <trkpt lat="45.16597" lon="-72.607815">
        <ele>161.4</ele>
      </trkpt>
      <trkpt lat="45.1666" lon="-72.60755">
        <ele>160.05</ele>
      </trkpt>
      <trkpt lat="45.1673733" lon="-72.6071733">
        <ele>162.91</ele>
      </trkpt>
      <trkpt lat="45.1681467" lon="-72.6067967">
        <ele>170.3</ele>
      </trkpt>
      <trkpt lat="45.16892" lon="-72.60642">
        <ele>171.62</ele>
      </trkpt>
      <trkpt lat="45.16914" lon="-72.60624">
        <ele>172.07</ele>
      </trkpt>
      <trkpt lat="45.16957" lon="-72.60595">
        <ele>174.16</ele>
      </trkpt>
      <trkpt lat="45.17" lon="-72.60566">
        <ele>178.25</ele>
      </trkpt>
      <trkpt lat="45.17045" lon="-72.605265">
        <ele>185.01</ele>
      </trkpt>
      <trkpt lat="45.1709" lon="-72.60487">
        <ele>189.89</ele>
      </trkpt>
      <trkpt lat="45.17089" lon="-72.60487">
        <ele>189.9</ele>
      </trkpt>
      <trkpt lat="45.17113" lon="-72.60467">
        <ele>192.05</ele>
      </trkpt>
      <trkpt lat="45.171695" lon="-72.6041125">
        <ele>195.26</ele>
      </trkpt>
      <trkpt lat="45.17226" lon="-72.603555">
        <ele>197.66</ele>
      </trkpt>
      <trkpt lat="45.172825" lon="-72.6029975">
        <ele>200.66</ele>
      </trkpt>
      <trkpt lat="45.17339" lon="-72.60244">
        <ele>204.86</ele>
      </trkpt>
      <trkpt lat="45.17382" lon="-72.601945">
        <ele>208.84</ele>
      </trkpt>
      <trkpt lat="45.17425" lon="-72.60145">
        <ele>210.81</ele>
      </trkpt>
      <trkpt lat="45.17462" lon="-72.601005">
        <ele>212.99</ele>
      </trkpt>
      <trkpt lat="45.17499" lon="-72.60056">
        <ele>212.33</ele>
      </trkpt>
      <trkpt lat="45.17542" lon="-72.60011">
        <ele>212.69</ele>
      </trkpt>
      <trkpt lat="45.17557" lon="-72.59988">
        <ele>212.19</ele>
      </trkpt>
      <trkpt lat="45.17572" lon="-72.59961">
        <ele>211.05</ele>
      </trkpt>
      <trkpt lat="45.17578" lon="-72.59953">
        <ele>210.32</ele>
      </trkpt>
      <trkpt lat="45.17591" lon="-72.59944">
        <ele>209.8</ele>
      </trkpt>
      <trkpt lat="45.17598" lon="-72.59939">
        <ele>209.2</ele>
      </trkpt>
      <trkpt lat="45.17645" lon="-72.59936">
        <ele>205.56</ele>
      </trkpt>
      <trkpt lat="45.17672" lon="-72.59939">
        <ele>203.19</ele>
      </trkpt>
      <trkpt lat="45.177455" lon="-72.599525">
        <ele>198.76</ele>
      </trkpt>
      <trkpt lat="45.17819" lon="-72.59966">
        <ele>195.12</ele>
      </trkpt>
      <trkpt lat="45.17846" lon="-72.59966">
        <ele>193.16</ele>
      </trkpt>
      <trkpt lat="45.17875" lon="-72.59962">
        <ele>192.26</ele>
      </trkpt>
      <trkpt lat="45.17892" lon="-72.59962">
        <ele>192.12</ele>
      </trkpt>
      <trkpt lat="45.17887" lon="-72.59937">
        <ele>191.7</ele>
      </trkpt>
      <trkpt lat="45.17885" lon="-72.59908">
        <ele>191.62</ele>
      </trkpt>
      <trkpt lat="45.17895" lon="-72.59832">
        <ele>195.61</ele>
      </trkpt>
      <trkpt lat="45.17895" lon="-72.598">
        <ele>196.57</ele>
      </trkpt>
      <trkpt lat="45.17888" lon="-72.59743">
        <ele>197.56</ele>
      </trkpt>
      <trkpt lat="45.17867" lon="-72.596595">
        <ele>200.47</ele>
      </trkpt>
      <trkpt lat="45.17846" lon="-72.59576">
        <ele>202.59</ele>
      </trkpt>
      <trkpt lat="45.1784" lon="-72.59541">
        <ele>203.08</ele>
      </trkpt>
      <trkpt lat="45.17837" lon="-72.59492">
        <ele>203.93</ele>
      </trkpt>
      <trkpt lat="45.17837" lon="-72.59447">
        <ele>205.35</ele>
      </trkpt>
      <trkpt lat="45.17845" lon="-72.59375">
        <ele>209.14</ele>
      </trkpt>
      <trkpt lat="45.17857" lon="-72.59331">
        <ele>212.24</ele>
      </trkpt>
      <trkpt lat="45.17893" lon="-72.59218">
        <ele>217.74</ele>
      </trkpt>
      <trkpt lat="45.17924" lon="-72.5915">
        <ele>220.99</ele>
      </trkpt>
      <trkpt lat="45.17959" lon="-72.59057">
        <ele>223.64</ele>
      </trkpt>
      <trkpt lat="45.17959" lon="-72.59058">
        <ele>223.63</ele>
      </trkpt>
      <trkpt lat="45.17975" lon="-72.59017">
        <ele>224.39</ele>
      </trkpt>
      <trkpt lat="45.17997" lon="-72.58968">
        <ele>225.35</ele>
      </trkpt>
      <trkpt lat="45.18023" lon="-72.58927">
        <ele>226.27</ele>
      </trkpt>
      <trkpt lat="45.180695" lon="-72.58865">
        <ele>229.23</ele>
      </trkpt>
      <trkpt lat="45.18116" lon="-72.58803">
        <ele>234.52</ele>
      </trkpt>
      <trkpt lat="45.18131" lon="-72.58789">
        <ele>235.19</ele>
      </trkpt>
      <trkpt lat="45.18191" lon="-72.58739">
        <ele>236.47</ele>
      </trkpt>
      <trkpt lat="45.182575" lon="-72.58697">
        <ele>238.62</ele>
      </trkpt>
      <trkpt lat="45.18324" lon="-72.58655">
        <ele>238.53</ele>
      </trkpt>
      <trkpt lat="45.183645" lon="-72.586255">
        <ele>237.85</ele>
      </trkpt>
      <trkpt lat="45.18405" lon="-72.58596">
        <ele>238.42</ele>
      </trkpt>
      <trkpt lat="45.18448" lon="-72.5856">
        <ele>241.15</ele>
      </trkpt>
      <trkpt lat="45.18491" lon="-72.58524">
        <ele>242.01</ele>
      </trkpt>
      <trkpt lat="45.18554" lon="-72.58466">
        <ele>240.43</ele>
      </trkpt>
      <trkpt lat="45.18623" lon="-72.58396">
        <ele>239.07</ele>
      </trkpt>
      <trkpt lat="45.18692" lon="-72.5832601">
        <ele>238.77</ele>
      </trkpt>
      <trkpt lat="45.18761" lon="-72.5825601">
        <ele>238.71</ele>
      </trkpt>
      <trkpt lat="45.1883" lon="-72.5818601">
        <ele>235.81</ele>
      </trkpt>
      <trkpt lat="45.18899" lon="-72.58116">
        <ele>231.02</ele>
      </trkpt>
      <trkpt lat="45.18968" lon="-72.58046">
        <ele>226.84</ele>
      </trkpt>
      <trkpt lat="45.18996" lon="-72.58014">
        <ele>224.74</ele>
      </trkpt>
      <trkpt lat="45.19048" lon="-72.5793767">
        <ele>218.27</ele>
      </trkpt>
      <trkpt lat="45.191" lon="-72.5786133">
        <ele>216.19</ele>
      </trkpt>
      <trkpt lat="45.19152" lon="-72.57785">
        <ele>215.24</ele>
      </trkpt>
      <trkpt lat="45.1920033" lon="-72.5771733">
        <ele>213.66</ele>
      </trkpt>
      <trkpt lat="45.1924867" lon="-72.5764967">
        <ele>211.43</ele>
      </trkpt>
      <trkpt lat="45.19297" lon="-72.57582">
        <ele>211.62</ele>
      </trkpt>
      <trkpt lat="45.19326" lon="-72.5754">
        <ele>212.64</ele>
      </trkpt>
      <trkpt lat="45.19337" lon="-72.57521">
        <ele>212.64</ele>
      </trkpt>
      <trkpt lat="45.19337" lon="-72.57521">
        <ele>212.62</ele>
      </trkpt>
      <trkpt lat="45.19348" lon="-72.57503">
        <ele>212.96</ele>
      </trkpt>
      <trkpt lat="45.19381" lon="-72.57437">
        <ele>213.18</ele>
      </trkpt>
      <trkpt lat="45.19399" lon="-72.57388">
        <ele>211.29</ele>
      </trkpt>
      <trkpt lat="45.19402" lon="-72.57364">
        <ele>210.14</ele>
      </trkpt>
      <trkpt lat="45.19402" lon="-72.57289">
        <ele>206.29</ele>
      </trkpt>
      <trkpt lat="45.194" lon="-72.5727">
        <ele>206.04</ele>
      </trkpt>
      <trkpt lat="45.19392" lon="-72.57244">
        <ele>206.19</ele>
      </trkpt>
      <trkpt lat="45.19396" lon="-72.5724">
        <ele>206.19</ele>
      </trkpt>
      <trkpt lat="45.19399" lon="-72.57234">
        <ele>206.13</ele>
      </trkpt>
      <trkpt lat="45.19405" lon="-72.57181">
        <ele>206.58</ele>
      </trkpt>
      <trkpt lat="45.19412" lon="-72.57173">
        <ele>206.72</ele>
      </trkpt>
      <trkpt lat="45.19379" lon="-72.57101">
        <ele>208.15</ele>
      </trkpt>
      <trkpt lat="45.19366" lon="-72.57078">
        <ele>208.34</ele>
      </trkpt>
      <trkpt lat="45.19317" lon="-72.56998">
        <ele>208.1</ele>
      </trkpt>
      <trkpt lat="45.19302" lon="-72.56979">
        <ele>207.35</ele>
      </trkpt>
      <trkpt lat="45.19261" lon="-72.56935">
        <ele>204.66</ele>
      </trkpt>
      <trkpt lat="45.19234" lon="-72.56902">
        <ele>204.59</ele>
      </trkpt>
      <trkpt lat="45.19199" lon="-72.5685">
        <ele>205.04</ele>
      </trkpt>
      <trkpt lat="45.19175" lon="-72.56805">
        <ele>205.74</ele>
      </trkpt>
      <trkpt lat="45.1913433" lon="-72.5671233">
        <ele>204.69</ele>
      </trkpt>
      <trkpt lat="45.1909367" lon="-72.5661967">
        <ele>205.59</ele>
      </trkpt>
      <trkpt lat="45.19053" lon="-72.56527">
        <ele>206.2</ele>
      </trkpt>
      <trkpt lat="45.190055" lon="-72.564205">
        <ele>206.89</ele>
      </trkpt>
      <trkpt lat="45.18958" lon="-72.56314">
        <ele>207.83</ele>
      </trkpt>
      <trkpt lat="45.1901425" lon="-72.562545">
        <ele>207.52</ele>
      </trkpt>
      <trkpt lat="45.190705" lon="-72.56195">
        <ele>206.56</ele>
      </trkpt>
      <trkpt lat="45.1912675" lon="-72.561355">
        <ele>205.74</ele>
      </trkpt>
      <trkpt lat="45.19183" lon="-72.56076">
        <ele>205.34</ele>
      </trkpt>
      <trkpt lat="45.19202" lon="-72.56014">
        <ele>204.56</ele>
      </trkpt>
      <trkpt lat="45.192675" lon="-72.5593317">
        <ele>203.63</ele>
      </trkpt>
      <trkpt lat="45.19333" lon="-72.5585234">
        <ele>203.19</ele>
      </trkpt>
      <trkpt lat="45.193985" lon="-72.5577151">
        <ele>203.14</ele>
      </trkpt>
      <trkpt lat="45.19464" lon="-72.5569067">
        <ele>203.24</ele>
      </trkpt>
      <trkpt lat="45.195295" lon="-72.5560984">
        <ele>203.42</ele>
      </trkpt>
      <trkpt lat="45.19595" lon="-72.55529">
        <ele>204.22</ele>
      </trkpt>
      <trkpt lat="45.19594" lon="-72.55529">
        <ele>204.22</ele>
      </trkpt>
      <trkpt lat="45.1966038" lon="-72.5544626">
        <ele>205.39</ele>
      </trkpt>
      <trkpt lat="45.1972675" lon="-72.5536351">
        <ele>205.94</ele>
      </trkpt>
      <trkpt lat="45.1979313" lon="-72.5528076">
        <ele>207.31</ele>
      </trkpt>
      <trkpt lat="45.198595" lon="-72.5519802">
        <ele>209.41</ele>
      </trkpt>
      <trkpt lat="45.1992588" lon="-72.5511526">
        <ele>210.41</ele>
      </trkpt>
      <trkpt lat="45.1999225" lon="-72.5503251">
        <ele>211.99</ele>
      </trkpt>
      <trkpt lat="45.2005863" lon="-72.5494976">
        <ele>211.94</ele>
      </trkpt>
      <trkpt lat="45.20125" lon="-72.54867">
        <ele>212.21</ele>
      </trkpt>
      <trkpt lat="45.201835" lon="-72.547905">
        <ele>212.79</ele>
      </trkpt>
      <trkpt lat="45.20242" lon="-72.54714">
        <ele>213.57</ele>
      </trkpt>
      <trkpt lat="45.20302" lon="-72.54665">
        <ele>213.21</ele>
      </trkpt>
      <trkpt lat="45.20383" lon="-72.54615">
        <ele>213.25</ele>
      </trkpt>
      <trkpt lat="45.20457" lon="-72.54557">
        <ele>214.31</ele>
      </trkpt>
      <trkpt lat="45.20496" lon="-72.54513">
        <ele>214.15</ele>
      </trkpt>
      <trkpt lat="45.20542" lon="-72.54442">
        <ele>214.38</ele>
      </trkpt>
      <trkpt lat="45.20562" lon="-72.54406">
        <ele>214.24</ele>
      </trkpt>
      <trkpt lat="45.20588" lon="-72.54342">
        <ele>214.04</ele>
      </trkpt>
      <trkpt lat="45.206218" lon="-72.542416">
        <ele>214.5</ele>
      </trkpt>
      <trkpt lat="45.206556" lon="-72.541412">
        <ele>215.8</ele>
      </trkpt>
      <trkpt lat="45.206894" lon="-72.540408">
        <ele>216.94</ele>
      </trkpt>
      <trkpt lat="45.207232" lon="-72.539404">
        <ele>216.97</ele>
      </trkpt>
      <trkpt lat="45.20757" lon="-72.5384">
        <ele>216.5</ele>
      </trkpt>
      <trkpt lat="45.20757" lon="-72.53841">
        <ele>216.5</ele>
      </trkpt>
      <trkpt lat="45.2078567" lon="-72.53757">
        <ele>215.94</ele>
      </trkpt>
      <trkpt lat="45.2081433" lon="-72.53673">
        <ele>215.82</ele>
      </trkpt>
      <trkpt lat="45.20843" lon="-72.53589">
        <ele>216.47</ele>
      </trkpt>
      <trkpt lat="45.209275" lon="-72.535895">
        <ele>216.96</ele>
      </trkpt>
      <trkpt lat="45.21012" lon="-72.5359">
        <ele>211.48</ele>
      </trkpt>
      <trkpt lat="45.210615" lon="-72.53592">
        <ele>208.54</ele>
      </trkpt>
      <trkpt lat="45.21111" lon="-72.53594">
        <ele>207.2</ele>
      </trkpt>
      <trkpt lat="45.21111" lon="-72.53594">
        <ele>207.21</ele>
      </trkpt>
      <trkpt lat="45.21155" lon="-72.53595">
        <ele>207.04</ele>
      </trkpt>
      <trkpt lat="45.211715" lon="-72.53499">
        <ele>206.32</ele>
      </trkpt>
      <trkpt lat="45.21188" lon="-72.53403">
        <ele>205.36</ele>
      </trkpt>
      <trkpt lat="45.21188" lon="-72.53405">
        <ele>205.37</ele>
      </trkpt>
      <trkpt lat="45.21196" lon="-72.53354">
        <ele>205</ele>
      </trkpt>
      <trkpt lat="45.21274" lon="-72.53382">
        <ele>202.91</ele>
      </trkpt>
      <trkpt lat="45.21274" lon="-72.53382">
        <ele>202.9</ele>
      </trkpt>
      <trkpt lat="45.21345" lon="-72.53408">
        <ele>205.47</ele>
      </trkpt>
      <trkpt lat="45.21349" lon="-72.53408">
        <ele>205.37</ele>
      </trkpt>
      <trkpt lat="45.21357" lon="-72.53404">
        <ele>205.08</ele>
      </trkpt>
      <trkpt lat="45.2141533" lon="-72.5333233">
        <ele>202.31</ele>
      </trkpt>
      <trkpt lat="45.2147367" lon="-72.5326067">
        <ele>202.26</ele>
      </trkpt>
      <trkpt lat="45.21532" lon="-72.53189">
        <ele>201.38</ele>
      </trkpt>
      <trkpt lat="45.21532" lon="-72.5319">
        <ele>201.38</ele>
      </trkpt>
      <trkpt lat="45.21595" lon="-72.531135">
        <ele>200.67</ele>
      </trkpt>
      <trkpt lat="45.21658" lon="-72.53037">
        <ele>201.63</ele>
      </trkpt>
      <trkpt lat="45.21721" lon="-72.529605">
        <ele>204.21</ele>
      </trkpt>
      <trkpt lat="45.21784" lon="-72.52884">
        <ele>207.73</ele>
      </trkpt>
      <trkpt lat="45.2184367" lon="-72.52808">
        <ele>205.15</ele>
      </trkpt>
      <trkpt lat="45.2190333" lon="-72.52732">
        <ele>205.86</ele>
      </trkpt>
      <trkpt lat="45.21963" lon="-72.52656">
        <ele>206.03</ele>
      </trkpt>
      <trkpt lat="45.219985" lon="-72.526155">
        <ele>205.35</ele>
      </trkpt>
      <trkpt lat="45.22034" lon="-72.52575">
        <ele>204.43</ele>
      </trkpt>
      <trkpt lat="45.22093" lon="-72.52511">
        <ele>202.76</ele>
      </trkpt>
      <trkpt lat="45.221425" lon="-72.524615">
        <ele>201.84</ele>
      </trkpt>
      <trkpt lat="45.22192" lon="-72.52412">
        <ele>201.76</ele>
      </trkpt>
      <trkpt lat="45.22259" lon="-72.52337">
        <ele>205.29</ele>
      </trkpt>
      <trkpt lat="45.22272" lon="-72.52306">
        <ele>206.11</ele>
      </trkpt>
      <trkpt lat="45.22277" lon="-72.52283">
        <ele>206.48</ele>
      </trkpt>
      <trkpt lat="45.22278" lon="-72.52249">
        <ele>206.69</ele>
      </trkpt>
      <trkpt lat="45.22278" lon="-72.5225">
        <ele>206.69</ele>
      </trkpt>
      <trkpt lat="45.22279" lon="-72.52211">
        <ele>207.23</ele>
      </trkpt>
      <trkpt lat="45.22275" lon="-72.5214">
        <ele>207.79</ele>
      </trkpt>
      <trkpt lat="45.22266" lon="-72.52095">
        <ele>208.09</ele>
      </trkpt>
      <trkpt lat="45.2224" lon="-72.52006">
        <ele>208.49</ele>
      </trkpt>
      <trkpt lat="45.2221" lon="-72.51929">
        <ele>209.61</ele>
      </trkpt>
      <trkpt lat="45.22201" lon="-72.51898">
        <ele>209.96</ele>
      </trkpt>
      <trkpt lat="45.22196" lon="-72.51871">
        <ele>210</ele>
      </trkpt>
      <trkpt lat="45.22192" lon="-72.51783">
        <ele>209.36</ele>
      </trkpt>
      <trkpt lat="45.22188" lon="-72.51695">
        <ele>208.99</ele>
      </trkpt>
      <trkpt lat="45.22181" lon="-72.51627">
        <ele>208.89</ele>
      </trkpt>
      <trkpt lat="45.22161" lon="-72.51571">
        <ele>209.25</ele>
      </trkpt>
      <trkpt lat="45.2212267" lon="-72.5148367">
        <ele>209.94</ele>
      </trkpt>
      <trkpt lat="45.2208433" lon="-72.5139633">
        <ele>210.1</ele>
      </trkpt>
      <trkpt lat="45.22046" lon="-72.51309">
        <ele>212.28</ele>
      </trkpt>
      <trkpt lat="45.22048" lon="-72.51314">
        <ele>212.18</ele>
      </trkpt>
      <trkpt lat="45.2202" lon="-72.51254">
        <ele>212.71</ele>
      </trkpt>
      <trkpt lat="45.21992" lon="-72.51194">
        <ele>211.96</ele>
      </trkpt>
      <trkpt lat="45.219625" lon="-72.51123">
        <ele>212.8</ele>
      </trkpt>
      <trkpt lat="45.21933" lon="-72.51052">
        <ele>214.86</ele>
      </trkpt>
      <trkpt lat="45.21913" lon="-72.50986">
        <ele>216.45</ele>
      </trkpt>
      <trkpt lat="45.21898" lon="-72.5091">
        <ele>217.46</ele>
      </trkpt>
      <trkpt lat="45.21876" lon="-72.50927">
        <ele>216.2</ele>
      </trkpt>
      <trkpt lat="45.21846" lon="-72.5094">
        <ele>213.17</ele>
      </trkpt>
      <trkpt lat="45.21845" lon="-72.50941">
        <ele>213.09</ele>
      </trkpt>
      <trkpt lat="45.21876" lon="-72.50927">
        <ele>216.2</ele>
      </trkpt>
      <trkpt lat="45.21898" lon="-72.5091">
        <ele>217.46</ele>
      </trkpt>
      <trkpt lat="45.21913" lon="-72.50986">
        <ele>215.82</ele>
      </trkpt>
      <trkpt lat="45.21933" lon="-72.51052">
        <ele>214.86</ele>
      </trkpt>
      <trkpt lat="45.219625" lon="-72.51123">
        <ele>212.5</ele>
      </trkpt>
      <trkpt lat="45.21992" lon="-72.51194">
        <ele>211.96</ele>
      </trkpt>
      <trkpt lat="45.2202" lon="-72.51254">
        <ele>212.71</ele>
      </trkpt>
      <trkpt lat="45.22048" lon="-72.51314">
        <ele>212.18</ele>
      </trkpt>
      <trkpt lat="45.2208567" lon="-72.5139967">
        <ele>210.04</ele>
      </trkpt>
      <trkpt lat="45.2212333" lon="-72.5148533">
        <ele>209.94</ele>
      </trkpt>
      <trkpt lat="45.22161" lon="-72.51571">
        <ele>209.25</ele>
      </trkpt>
      <trkpt lat="45.22181" lon="-72.51627">
        <ele>208.89</ele>
      </trkpt>
      <trkpt lat="45.22188" lon="-72.51695">
        <ele>208.99</ele>
      </trkpt>
      <trkpt lat="45.22192" lon="-72.51783">
        <ele>209.36</ele>
      </trkpt>
      <trkpt lat="45.22196" lon="-72.51871">
        <ele>210</ele>
      </trkpt>
      <trkpt lat="45.22201" lon="-72.51898">
        <ele>209.96</ele>
      </trkpt>
      <trkpt lat="45.2221" lon="-72.51929">
        <ele>209.61</ele>
      </trkpt>
      <trkpt lat="45.2224" lon="-72.52006">
        <ele>208.49</ele>
      </trkpt>
      <trkpt lat="45.22249" lon="-72.52033">
        <ele>208.49</ele>
      </trkpt>
      <trkpt lat="45.22266" lon="-72.52095">
        <ele>208.09</ele>
      </trkpt>
      <trkpt lat="45.22275" lon="-72.5214">
        <ele>207.79</ele>
      </trkpt>
      <trkpt lat="45.22279" lon="-72.52211">
        <ele>206.87</ele>
      </trkpt>
      <trkpt lat="45.22279" lon="-72.52248">
        <ele>206.87</ele>
      </trkpt>
      <trkpt lat="45.22277" lon="-72.52283">
        <ele>206.33</ele>
      </trkpt>
      <trkpt lat="45.22272" lon="-72.52306">
        <ele>205.84</ele>
      </trkpt>
      <trkpt lat="45.22259" lon="-72.52337">
        <ele>204.63</ele>
      </trkpt>
      <trkpt lat="45.22192" lon="-72.52412">
        <ele>201.76</ele>
      </trkpt>
      <trkpt lat="45.221425" lon="-72.524615">
        <ele>201.87</ele>
      </trkpt>
      <trkpt lat="45.22093" lon="-72.52511">
        <ele>202.76</ele>
      </trkpt>
      <trkpt lat="45.22121" lon="-72.5261175">
        <ele>202.09</ele>
      </trkpt>
      <trkpt lat="45.22149" lon="-72.527125">
        <ele>201.92</ele>
      </trkpt>
      <trkpt lat="45.22177" lon="-72.5281325">
        <ele>202.17</ele>
      </trkpt>
      <trkpt lat="45.22205" lon="-72.52914">
        <ele>202.66</ele>
      </trkpt>
      <trkpt lat="45.22218" lon="-72.52972">
        <ele>203.01</ele>
      </trkpt>
      <trkpt lat="45.22227" lon="-72.53042">
        <ele>202.84</ele>
      </trkpt>
      <trkpt lat="45.2222967" lon="-72.53128">
        <ele>202.55</ele>
      </trkpt>
      <trkpt lat="45.2223233" lon="-72.53214">
        <ele>202.5</ele>
      </trkpt>
      <trkpt lat="45.22235" lon="-72.533">
        <ele>202.03</ele>
      </trkpt>
      <trkpt lat="45.22231" lon="-72.53398">
        <ele>200.64</ele>
      </trkpt>
      <trkpt lat="45.222325" lon="-72.53497">
        <ele>199.52</ele>
      </trkpt>
      <trkpt lat="45.22234" lon="-72.53596">
        <ele>200.08</ele>
      </trkpt>
      <trkpt lat="45.22238" lon="-72.5368233">
        <ele>207.68</ele>
      </trkpt>
      <trkpt lat="45.22242" lon="-72.5376867">
        <ele>211.3</ele>
      </trkpt>
      <trkpt lat="45.22246" lon="-72.53855">
        <ele>212.76</ele>
      </trkpt>
      <trkpt lat="45.22263" lon="-72.53954">
        <ele>219.12</ele>
      </trkpt>
      <trkpt lat="45.22259" lon="-72.53977">
        <ele>220.53</ele>
      </trkpt>
      <trkpt lat="45.22248" lon="-72.54007">
        <ele>221.38</ele>
      </trkpt>
      <trkpt lat="45.22232" lon="-72.54042">
        <ele>225.07</ele>
      </trkpt>
      <trkpt lat="45.22203" lon="-72.54096">
        <ele>229.82</ele>
      </trkpt>
      <trkpt lat="45.22193" lon="-72.5411">
        <ele>231.82</ele>
      </trkpt>
      <trkpt lat="45.22159" lon="-72.54145">
        <ele>236.54</ele>
      </trkpt>
      <trkpt lat="45.22148" lon="-72.54159">
        <ele>236.54</ele>
      </trkpt>
      <trkpt lat="45.22141" lon="-72.54174">
        <ele>238.96</ele>
      </trkpt>
      <trkpt lat="45.22136" lon="-72.54209">
        <ele>241.04</ele>
      </trkpt>
      <trkpt lat="45.22139" lon="-72.5424">
        <ele>242.51</ele>
      </trkpt>
      <trkpt lat="45.22154" lon="-72.5428">
        <ele>244.5</ele>
      </trkpt>
      <trkpt lat="45.22198" lon="-72.54353">
        <ele>248.27</ele>
      </trkpt>
      <trkpt lat="45.22242" lon="-72.54426">
        <ele>253.13</ele>
      </trkpt>
      <trkpt lat="45.22258" lon="-72.54459">
        <ele>255.22</ele>
      </trkpt>
      <trkpt lat="45.2226" lon="-72.54465">
        <ele>255.22</ele>
      </trkpt>
      <trkpt lat="45.222635" lon="-72.545895">
        <ele>255.81</ele>
      </trkpt>
      <trkpt lat="45.22267" lon="-72.54714">
        <ele>252.79</ele>
      </trkpt>
      <trkpt lat="45.22268" lon="-72.5480467">
        <ele>254.31</ele>
      </trkpt>
      <trkpt lat="45.22269" lon="-72.5489533">
        <ele>257.81</ele>
      </trkpt>
      <trkpt lat="45.2227" lon="-72.54986">
        <ele>260.13</ele>
      </trkpt>
      <trkpt lat="45.2227" lon="-72.54986">
        <ele>260.13</ele>
      </trkpt>
      <trkpt lat="45.22271" lon="-72.55047">
        <ele>262.68</ele>
      </trkpt>
      <trkpt lat="45.222755" lon="-72.551115">
        <ele>267.99</ele>
      </trkpt>
      <trkpt lat="45.2228" lon="-72.55176">
        <ele>273.89</ele>
      </trkpt>
      <trkpt lat="45.222816" lon="-72.552798">
        <ele>275.75</ele>
      </trkpt>
      <trkpt lat="45.222832" lon="-72.553836">
        <ele>276.88</ele>
      </trkpt>
      <trkpt lat="45.222848" lon="-72.554874">
        <ele>275.27</ele>
      </trkpt>
      <trkpt lat="45.222864" lon="-72.555912">
        <ele>270.97</ele>
      </trkpt>
      <trkpt lat="45.22288" lon="-72.55695">
        <ele>268.6</ele>
      </trkpt>
      <trkpt lat="45.22287" lon="-72.55762">
        <ele>266.59</ele>
      </trkpt>
      <trkpt lat="45.22282" lon="-72.55816">
        <ele>261.11</ele>
      </trkpt>
      <trkpt lat="45.22283" lon="-72.559055">
        <ele>256.82</ele>
      </trkpt>
      <trkpt lat="45.22284" lon="-72.55995">
        <ele>254.23</ele>
      </trkpt>
      <trkpt lat="45.2228167" lon="-72.561115">
        <ele>257.77</ele>
      </trkpt>
      <trkpt lat="45.2227934" lon="-72.56228">
        <ele>262.64</ele>
      </trkpt>
      <trkpt lat="45.2227701" lon="-72.563445">
        <ele>267.96</ele>
      </trkpt>
      <trkpt lat="45.2227467" lon="-72.56461">
        <ele>273.27</ele>
      </trkpt>
      <trkpt lat="45.2227234" lon="-72.565775">
        <ele>282.63</ele>
      </trkpt>
      <trkpt lat="45.2227" lon="-72.56694">
        <ele>285.96</ele>
      </trkpt>
      <trkpt lat="45.2226863" lon="-72.5680588">
        <ele>285.76</ele>
      </trkpt>
      <trkpt lat="45.2226726" lon="-72.5691775">
        <ele>282.37</ele>
      </trkpt>
      <trkpt lat="45.2226588" lon="-72.5702963">
        <ele>278.89</ele>
      </trkpt>
      <trkpt lat="45.2226451" lon="-72.571415">
        <ele>272.6</ele>
      </trkpt>
      <trkpt lat="45.2226313" lon="-72.5725338">
        <ele>266.06</ele>
      </trkpt>
      <trkpt lat="45.2226176" lon="-72.5736525">
        <ele>258.66</ele>
      </trkpt>
      <trkpt lat="45.2226038" lon="-72.5747713">
        <ele>251.97</ele>
      </trkpt>
      <trkpt lat="45.22259" lon="-72.57589">
        <ele>244.99</ele>
      </trkpt>
      <trkpt lat="45.222595" lon="-72.57667">
        <ele>238.3</ele>
      </trkpt>
      <trkpt lat="45.2226" lon="-72.57745">
        <ele>232.53</ele>
      </trkpt>
      <trkpt lat="45.2226401" lon="-72.5786544">
        <ele>227.26</ele>
      </trkpt>
      <trkpt lat="45.2226802" lon="-72.5798589">
        <ele>221.64</ele>
      </trkpt>
      <trkpt lat="45.2227203" lon="-72.5810633">
        <ele>217.78</ele>
      </trkpt>
      <trkpt lat="45.2227604" lon="-72.5822677">
        <ele>214.41</ele>
      </trkpt>
      <trkpt lat="45.2228004" lon="-72.5834722">
        <ele>208.07</ele>
      </trkpt>
      <trkpt lat="45.2228405" lon="-72.5846766">
        <ele>205.1</ele>
      </trkpt>
      <trkpt lat="45.2228805" lon="-72.585881">
        <ele>201.55</ele>
      </trkpt>
      <trkpt lat="45.2229205" lon="-72.5870855">
        <ele>200.14</ele>
      </trkpt>
      <trkpt lat="45.2229605" lon="-72.5882899">
        <ele>200.55</ele>
      </trkpt>
      <trkpt lat="45.2230005" lon="-72.5894944">
        <ele>204.82</ele>
      </trkpt>
      <trkpt lat="45.2230405" lon="-72.5906988">
        <ele>208.66</ele>
      </trkpt>
      <trkpt lat="45.2230805" lon="-72.5919033">
        <ele>211.45</ele>
      </trkpt>
      <trkpt lat="45.2231204" lon="-72.5931077">
        <ele>214.31</ele>
      </trkpt>
      <trkpt lat="45.2231604" lon="-72.5943122">
        <ele>216.59</ele>
      </trkpt>
      <trkpt lat="45.2232003" lon="-72.5955166">
        <ele>218.85</ele>
      </trkpt>
      <trkpt lat="45.2232402" lon="-72.5967211">
        <ele>219.53</ele>
      </trkpt>
      <trkpt lat="45.2232801" lon="-72.5979255">
        <ele>221.16</ele>
      </trkpt>
      <trkpt lat="45.22332" lon="-72.59913">
        <ele>220.81</ele>
      </trkpt>
      <trkpt lat="45.2233772" lon="-72.6002514">
        <ele>217.66</ele>
      </trkpt>
      <trkpt lat="45.2234343" lon="-72.6013728">
        <ele>212.27</ele>
      </trkpt>
      <trkpt lat="45.2234915" lon="-72.6024943">
        <ele>209.53</ele>
      </trkpt>
      <trkpt lat="45.2235486" lon="-72.6036157">
        <ele>210.01</ele>
      </trkpt>
      <trkpt lat="45.2236058" lon="-72.6047371">
        <ele>212.55</ele>
      </trkpt>
      <trkpt lat="45.2236629" lon="-72.6058586">
        <ele>215.84</ele>
      </trkpt>
      <trkpt lat="45.22372" lon="-72.60698">
        <ele>213.6</ele>
      </trkpt>
      <trkpt lat="45.2237739" lon="-72.6082038">
        <ele>210.3</ele>
      </trkpt>
      <trkpt lat="45.2238278" lon="-72.6094277">
        <ele>208.97</ele>
      </trkpt>
      <trkpt lat="45.2238817" lon="-72.6106515">
        <ele>209.41</ele>
      </trkpt>
      <trkpt lat="45.2239356" lon="-72.6118753">
        <ele>211.53</ele>
      </trkpt>
      <trkpt lat="45.2239895" lon="-72.6130992">
        <ele>214.43</ele>
      </trkpt>
      <trkpt lat="45.2240434" lon="-72.614323">
        <ele>214.62</ele>
      </trkpt>
      <trkpt lat="45.2240972" lon="-72.6155469">
        <ele>217.12</ele>
      </trkpt>
      <trkpt lat="45.224151" lon="-72.6167707">
        <ele>215.91</ele>
      </trkpt>
      <trkpt lat="45.2242049" lon="-72.6179946">
        <ele>213.83</ele>
      </trkpt>
      <trkpt lat="45.2242587" lon="-72.6192184">
        <ele>214.42</ele>
      </trkpt>
      <trkpt lat="45.2243125" lon="-72.6204423">
        <ele>217.36</ele>
      </trkpt>
      <trkpt lat="45.2243662" lon="-72.6216661">
        <ele>217.39</ele>
      </trkpt>
      <trkpt lat="45.22442" lon="-72.62289">
        <ele>215.79</ele>
      </trkpt>
      <trkpt lat="45.22447" lon="-72.624035">
        <ele>214.84</ele>
      </trkpt>
      <trkpt lat="45.22452" lon="-72.62518">
        <ele>214.4</ele>
      </trkpt>
      <trkpt lat="45.2245584" lon="-72.6262783">
        <ele>216.51</ele>
      </trkpt>
      <trkpt lat="45.2245967" lon="-72.6273767">
        <ele>218.5</ele>
      </trkpt>
      <trkpt lat="45.224635" lon="-72.628475">
        <ele>219.55</ele>
      </trkpt>
      <trkpt lat="45.2246734" lon="-72.6295733">
        <ele>220.48</ele>
      </trkpt>
      <trkpt lat="45.2247117" lon="-72.6306717">
        <ele>219.06</ele>
      </trkpt>
      <trkpt lat="45.22475" lon="-72.63177">
        <ele>221.68</ele>
      </trkpt>
      <trkpt lat="45.22477" lon="-72.632415">
        <ele>222.99</ele>
      </trkpt>
      <trkpt lat="45.22479" lon="-72.63306">
        <ele>223.07</ele>
      </trkpt>
      <trkpt lat="45.22485" lon="-72.63427">
        <ele>224</ele>
      </trkpt>
      <trkpt lat="45.22485" lon="-72.63427">
        <ele>224</ele>
      </trkpt>
      <trkpt lat="45.2248933" lon="-72.6351767">
        <ele>225.29</ele>
      </trkpt>
      <trkpt lat="45.2249367" lon="-72.6360833">
        <ele>225.59</ele>
      </trkpt>
      <trkpt lat="45.22498" lon="-72.63699">
        <ele>226.55</ele>
      </trkpt>
      <trkpt lat="45.22499" lon="-72.63767">
        <ele>228.43</ele>
      </trkpt>
      <trkpt lat="45.22497" lon="-72.63781">
        <ele>228.78</ele>
      </trkpt>
      <trkpt lat="45.22488" lon="-72.63812">
        <ele>229.19</ele>
      </trkpt>
      <trkpt lat="45.2248" lon="-72.63825">
        <ele>229.11</ele>
      </trkpt>
      <trkpt lat="45.22433" lon="-72.638885">
        <ele>227.96</ele>
      </trkpt>
      <trkpt lat="45.22386" lon="-72.63952">
        <ele>229.76</ele>
      </trkpt>
      <trkpt lat="45.22329" lon="-72.64041">
        <ele>225.59</ele>
      </trkpt>
      <trkpt lat="45.22315" lon="-72.64071">
        <ele>224.51</ele>
      </trkpt>
      <trkpt lat="45.22293" lon="-72.6413">
        <ele>218.99</ele>
      </trkpt>
      <trkpt lat="45.2228" lon="-72.6418">
        <ele>215.94</ele>
      </trkpt>
      <trkpt lat="45.22267" lon="-72.64242">
        <ele>214.11</ele>
      </trkpt>
      <trkpt lat="45.22248" lon="-72.64347">
        <ele>215.29</ele>
      </trkpt>
      <trkpt lat="45.2217733" lon="-72.64382">
        <ele>209.18</ele>
      </trkpt>
      <trkpt lat="45.2210667" lon="-72.64417">
        <ele>203.68</ele>
      </trkpt>
      <trkpt lat="45.22036" lon="-72.64452">
        <ele>198.68</ele>
      </trkpt>
      <trkpt lat="45.21966" lon="-72.64488">
        <ele>194.16</ele>
      </trkpt>
      <trkpt lat="45.21896" lon="-72.64524">
        <ele>193.03</ele>
      </trkpt>
      <trkpt lat="45.21826" lon="-72.6456">
        <ele>190.79</ele>
      </trkpt>
      <trkpt lat="45.21757" lon="-72.64599">
        <ele>188.48</ele>
      </trkpt>
      <trkpt lat="45.216875" lon="-72.64638">
        <ele>186.38</ele>
      </trkpt>
      <trkpt lat="45.21618" lon="-72.64677">
        <ele>182.92</ele>
      </trkpt>
      <trkpt lat="45.2155267" lon="-72.6471567">
        <ele>176.66</ele>
      </trkpt>
      <trkpt lat="45.2148733" lon="-72.6475433">
        <ele>170.83</ele>
      </trkpt>
      <trkpt lat="45.21422" lon="-72.64793">
        <ele>166</ele>
      </trkpt>
      <trkpt lat="45.213455" lon="-72.648375">
        <ele>165.61</ele>
      </trkpt>
      <trkpt lat="45.21269" lon="-72.64882">
        <ele>172.64</ele>
      </trkpt>
      <trkpt lat="45.211925" lon="-72.649265">
        <ele>177.35</ele>
      </trkpt>
      <trkpt lat="45.21116" lon="-72.64971">
        <ele>179.67</ele>
      </trkpt>
      <trkpt lat="45.21098" lon="-72.64981">
        <ele>179.91</ele>
      </trkpt>
      <trkpt lat="45.21068" lon="-72.65007">
        <ele>181.33</ele>
      </trkpt>
      <trkpt lat="45.21061" lon="-72.65011">
        <ele>181.33</ele>
      </trkpt>
      <trkpt lat="45.21043" lon="-72.65016">
        <ele>182.1</ele>
      </trkpt>
      <trkpt lat="45.20958" lon="-72.650255">
        <ele>187.87</ele>
      </trkpt>
      <trkpt lat="45.20873" lon="-72.65035">
        <ele>190.64</ele>
      </trkpt>
      <trkpt lat="45.20858" lon="-72.65039">
        <ele>190.69</ele>
      </trkpt>
      <trkpt lat="45.20826" lon="-72.65042">
        <ele>190.34</ele>
      </trkpt>
      <trkpt lat="45.20804" lon="-72.65039">
        <ele>189.51</ele>
      </trkpt>
      <trkpt lat="45.20743" lon="-72.650405">
        <ele>186.91</ele>
      </trkpt>
      <trkpt lat="45.20682" lon="-72.65042">
        <ele>184.83</ele>
      </trkpt>
      <trkpt lat="45.20642" lon="-72.65039">
        <ele>184.3</ele>
      </trkpt>
      <trkpt lat="45.205575" lon="-72.650445">
        <ele>183.35</ele>
      </trkpt>
      <trkpt lat="45.20473" lon="-72.6505">
        <ele>185.25</ele>
      </trkpt>
      <trkpt lat="45.203885" lon="-72.650555">
        <ele>187.07</ele>
      </trkpt>
      <trkpt lat="45.20304" lon="-72.65061">
        <ele>188.66</ele>
      </trkpt>
      <trkpt lat="45.2022067" lon="-72.6506267">
        <ele>185.34</ele>
      </trkpt>
      <trkpt lat="45.2013733" lon="-72.6506433">
        <ele>183.86</ele>
      </trkpt>
      <trkpt lat="45.20054" lon="-72.65066">
        <ele>182.83</ele>
      </trkpt>
      <trkpt lat="45.19989" lon="-72.6507167">
        <ele>177.38</ele>
      </trkpt>
      <trkpt lat="45.19924" lon="-72.6507733">
        <ele>174.99</ele>
      </trkpt>
      <trkpt lat="45.19859" lon="-72.65083">
        <ele>173.51</ele>
      </trkpt>
      <trkpt lat="45.1978267" lon="-72.6508683">
        <ele>172.77</ele>
      </trkpt>
      <trkpt lat="45.1970633" lon="-72.6509067">
        <ele>172.02</ele>
      </trkpt>
      <trkpt lat="45.1963" lon="-72.650945">
        <ele>170.11</ele>
      </trkpt>
      <trkpt lat="45.1955367" lon="-72.6509833">
        <ele>167.55</ele>
      </trkpt>
      <trkpt lat="45.1947733" lon="-72.6510217">
        <ele>166.8</ele>
      </trkpt>
      <trkpt lat="45.19401" lon="-72.65106">
        <ele>167.12</ele>
      </trkpt>
      <trkpt lat="45.193155" lon="-72.6511117">
        <ele>166.15</ele>
      </trkpt>
      <trkpt lat="45.1923" lon="-72.6511633">
        <ele>164.79</ele>
      </trkpt>
      <trkpt lat="45.191445" lon="-72.651215">
        <ele>162.48</ele>
      </trkpt>
      <trkpt lat="45.19059" lon="-72.6512667">
        <ele>155.5</ele>
      </trkpt>
      <trkpt lat="45.189735" lon="-72.6513183">
        <ele>154.06</ele>
      </trkpt>
      <trkpt lat="45.18888" lon="-72.65137">
        <ele>151.85</ele>
      </trkpt>
      <trkpt lat="45.188025" lon="-72.651415">
        <ele>152.72</ele>
      </trkpt>
      <trkpt lat="45.18717" lon="-72.65146">
        <ele>158.95</ele>
      </trkpt>
      <trkpt lat="45.186315" lon="-72.651505">
        <ele>166.53</ele>
      </trkpt>
      <trkpt lat="45.18546" lon="-72.65155">
        <ele>166.91</ele>
      </trkpt>
      <trkpt lat="45.18505" lon="-72.6516">
        <ele>164.95</ele>
      </trkpt>
      <trkpt lat="45.18473" lon="-72.65169">
        <ele>163.41</ele>
      </trkpt>
      <trkpt lat="45.18463" lon="-72.65174">
        <ele>163.24</ele>
      </trkpt>
      <trkpt lat="45.1844" lon="-72.65178">
        <ele>162.99</ele>
      </trkpt>
      <trkpt lat="45.18414" lon="-72.65171">
        <ele>162.12</ele>
      </trkpt>
      <trkpt lat="45.18414" lon="-72.65171">
        <ele>162.12</ele>
      </trkpt>
      <trkpt lat="45.18406" lon="-72.65168">
        <ele>161.66</ele>
      </trkpt>
      <trkpt lat="45.18399" lon="-72.65168">
        <ele>160.94</ele>
      </trkpt>
      <trkpt lat="45.18387" lon="-72.65164">
        <ele>159.71</ele>
      </trkpt>
      <trkpt lat="45.1835" lon="-72.6516">
        <ele>155.83</ele>
      </trkpt>
      <trkpt lat="45.18321" lon="-72.65164">
        <ele>153.83</ele>
      </trkpt>
      <trkpt lat="45.182745" lon="-72.651645">
        <ele>148.44</ele>
      </trkpt>
      <trkpt lat="45.18228" lon="-72.65165">
        <ele>142.86</ele>
      </trkpt>
      <trkpt lat="45.181755" lon="-72.65169">
        <ele>138.74</ele>
      </trkpt>
      <trkpt lat="45.18123" lon="-72.65173">
        <ele>136.05</ele>
      </trkpt>
      <trkpt lat="45.180615" lon="-72.651755">
        <ele>139.58</ele>
      </trkpt>
      <trkpt lat="45.18" lon="-72.65178">
        <ele>142.77</ele>
      </trkpt>
      <trkpt lat="45.17978" lon="-72.6527333">
        <ele>143.16</ele>
      </trkpt>
      <trkpt lat="45.17956" lon="-72.6536867">
        <ele>145.27</ele>
      </trkpt>
      <trkpt lat="45.17934" lon="-72.65464">
        <ele>147.75</ele>
      </trkpt>
      <trkpt lat="45.17929" lon="-72.655">
        <ele>147.53</ele>
      </trkpt>
      <trkpt lat="45.17926" lon="-72.65563">
        <ele>144.98</ele>
      </trkpt>
      <trkpt lat="45.1792625" lon="-72.6566925">
        <ele>139.65</ele>
      </trkpt>
      <trkpt lat="45.179265" lon="-72.657755">
        <ele>135.87</ele>
      </trkpt>
      <trkpt lat="45.1792675" lon="-72.6588175">
        <ele>134</ele>
      </trkpt>
      <trkpt lat="45.17927" lon="-72.65988">
        <ele>133.88</ele>
      </trkpt>
      <trkpt lat="45.17921" lon="-72.66055">
        <ele>133.42</ele>
      </trkpt>
      <trkpt lat="45.17905" lon="-72.66113">
        <ele>129.17</ele>
      </trkpt>
      <trkpt lat="45.17894" lon="-72.66132">
        <ele>127.98</ele>
      </trkpt>
      <trkpt lat="45.17849" lon="-72.66198">
        <ele>125.88</ele>
      </trkpt>
      <trkpt lat="45.17804" lon="-72.66252">
        <ele>127.54</ele>
      </trkpt>
      <trkpt lat="45.17717" lon="-72.66236">
        <ele>127.62</ele>
      </trkpt>
      <trkpt lat="45.17661" lon="-72.66224">
        <ele>127.12</ele>
      </trkpt>
      <trkpt lat="45.17605" lon="-72.66212">
        <ele>128.19</ele>
      </trkpt>
      <trkpt lat="45.17571" lon="-72.66278">
        <ele>127.15</ele>
      </trkpt>
      <trkpt lat="45.17516" lon="-72.66364">
        <ele>130.68</ele>
      </trkpt>
      <trkpt lat="45.1747075" lon="-72.6643925">
        <ele>137.49</ele>
      </trkpt>
      <trkpt lat="45.174255" lon="-72.665145">
        <ele>140.51</ele>
      </trkpt>
      <trkpt lat="45.1738025" lon="-72.6658975">
        <ele>144.72</ele>
      </trkpt>
      <trkpt lat="45.17335" lon="-72.66665">
        <ele>148.5</ele>
      </trkpt>
      <trkpt lat="45.17329" lon="-72.66683">
        <ele>149.24</ele>
      </trkpt>
      <trkpt lat="45.17326" lon="-72.66709">
        <ele>149.61</ele>
      </trkpt>
      <trkpt lat="45.17328" lon="-72.668075">
        <ele>149.4</ele>
      </trkpt>
      <trkpt lat="45.1733" lon="-72.66906">
        <ele>148.83</ele>
      </trkpt>
      <trkpt lat="45.17334" lon="-72.66976">
        <ele>147.59</ele>
      </trkpt>
      <trkpt lat="45.17334" lon="-72.66976">
        <ele>147.57</ele>
      </trkpt>
      <trkpt lat="45.173414" lon="-72.67089">
        <ele>144</ele>
      </trkpt>
      <trkpt lat="45.173488" lon="-72.67202">
        <ele>141.29</ele>
      </trkpt>
      <trkpt lat="45.173562" lon="-72.67315">
        <ele>140.65</ele>
      </trkpt>
      <trkpt lat="45.173636" lon="-72.67428">
        <ele>138.75</ele>
      </trkpt>
      <trkpt lat="45.17371" lon="-72.67541">
        <ele>136.26</ele>
      </trkpt>
      <trkpt lat="45.17379" lon="-72.67609">
        <ele>134.94</ele>
      </trkpt>
      <trkpt lat="45.17384" lon="-72.6771367">
        <ele>139.44</ele>
      </trkpt>
      <trkpt lat="45.17389" lon="-72.6781833">
        <ele>141.42</ele>
      </trkpt>
      <trkpt lat="45.17394" lon="-72.67923">
        <ele>135.42</ele>
      </trkpt>
      <trkpt lat="45.17403" lon="-72.6802">
        <ele>133.47</ele>
      </trkpt>
      <trkpt lat="45.17419" lon="-72.68124">
        <ele>133.74</ele>
      </trkpt>
      <trkpt lat="45.17427" lon="-72.68197">
        <ele>134.3</ele>
      </trkpt>
      <trkpt lat="45.17435" lon="-72.6827">
        <ele>135.7</ele>
      </trkpt>
      <trkpt lat="45.17441" lon="-72.68378">
        <ele>136.84</ele>
      </trkpt>
      <trkpt lat="45.17447" lon="-72.68486">
        <ele>137.14</ele>
      </trkpt>
      <trkpt lat="45.174575" lon="-72.685975">
        <ele>138.07</ele>
      </trkpt>
      <trkpt lat="45.17468" lon="-72.68709">
        <ele>139.94</ele>
      </trkpt>
      <trkpt lat="45.17476" lon="-72.68819">
        <ele>142.28</ele>
      </trkpt>
      <trkpt lat="45.17484" lon="-72.68929">
        <ele>144</ele>
      </trkpt>
      <trkpt lat="45.17489" lon="-72.68953">
        <ele>144.3</ele>
      </trkpt>
      <trkpt lat="45.1754533" lon="-72.69027">
        <ele>144.44</ele>
      </trkpt>
      <trkpt lat="45.1760167" lon="-72.69101">
        <ele>143.02</ele>
      </trkpt>
      <trkpt lat="45.17658" lon="-72.69175">
        <ele>141.34</ele>
      </trkpt>
      <trkpt lat="45.175865" lon="-72.69241">
        <ele>142.46</ele>
      </trkpt>
      <trkpt lat="45.17515" lon="-72.69307">
        <ele>146.74</ele>
      </trkpt>
      <trkpt lat="45.17472" lon="-72.6935">
        <ele>148.9</ele>
      </trkpt>
      <trkpt lat="45.174105" lon="-72.694215">
        <ele>149.77</ele>
      </trkpt>
      <trkpt lat="45.17349" lon="-72.69493">
        <ele>150.61</ele>
      </trkpt>
      <trkpt lat="45.172985" lon="-72.695475">
        <ele>152.99</ele>
      </trkpt>
      <trkpt lat="45.17248" lon="-72.69602">
        <ele>156.95</ele>
      </trkpt>
      <trkpt lat="45.17194" lon="-72.69657">
        <ele>159.31</ele>
      </trkpt>
      <trkpt lat="45.1714" lon="-72.69712">
        <ele>161.65</ele>
      </trkpt>
      <trkpt lat="45.17117" lon="-72.69731">
        <ele>162.83</ele>
      </trkpt>
      <trkpt lat="45.17061" lon="-72.69766">
        <ele>165.12</ele>
      </trkpt>
      <trkpt lat="45.1703" lon="-72.69784">
        <ele>166.93</ele>
      </trkpt>
      <trkpt lat="45.16975" lon="-72.69807">
        <ele>170.55</ele>
      </trkpt>
      <trkpt lat="45.16945" lon="-72.69816">
        <ele>171.94</ele>
      </trkpt>
      <trkpt lat="45.16866" lon="-72.69834">
        <ele>177.07</ele>
      </trkpt>
      <trkpt lat="45.168205" lon="-72.698395">
        <ele>181.29</ele>
      </trkpt>
      <trkpt lat="45.16775" lon="-72.69845">
        <ele>184.72</ele>
      </trkpt>
      <trkpt lat="45.16728" lon="-72.698485">
        <ele>189.82</ele>
      </trkpt>
      <trkpt lat="45.16681" lon="-72.69852">
        <ele>192.59</ele>
      </trkpt>
      <trkpt lat="45.16626" lon="-72.69854">
        <ele>195.63</ele>
      </trkpt>
      <trkpt lat="45.16571" lon="-72.69856">
        <ele>196.53</ele>
      </trkpt>
      <trkpt lat="45.16526" lon="-72.698605">
        <ele>196.63</ele>
      </trkpt>
      <trkpt lat="45.16481" lon="-72.69865">
        <ele>196.35</ele>
      </trkpt>
      <trkpt lat="45.1645" lon="-72.69874">
        <ele>196.65</ele>
      </trkpt>
      <trkpt lat="45.16434" lon="-72.69883">
        <ele>196.7</ele>
      </trkpt>
      <trkpt lat="45.16409" lon="-72.6991">
        <ele>196.88</ele>
      </trkpt>
      <trkpt lat="45.16391" lon="-72.69949">
        <ele>197.04</ele>
      </trkpt>
      <trkpt lat="45.16351" lon="-72.7004515">
        <ele>198.06</ele>
      </trkpt>
      <trkpt lat="45.16311" lon="-72.7014129">
        <ele>198.67</ele>
      </trkpt>
      <trkpt lat="45.16271" lon="-72.7023744">
        <ele>197.17</ele>
      </trkpt>
      <trkpt lat="45.16231" lon="-72.7033358">
        <ele>195.58</ele>
      </trkpt>
      <trkpt lat="45.16191" lon="-72.7042972">
        <ele>193.36</ele>
      </trkpt>
      <trkpt lat="45.16151" lon="-72.7052586">
        <ele>189.79</ele>
      </trkpt>
      <trkpt lat="45.16111" lon="-72.70622">
        <ele>187.01</ele>
      </trkpt>
      <trkpt lat="45.16073" lon="-72.70689">
        <ele>185.49</ele>
      </trkpt>
      <trkpt lat="45.16051" lon="-72.70707">
        <ele>185.15</ele>
      </trkpt>
      <trkpt lat="45.16026" lon="-72.70716">
        <ele>184.95</ele>
      </trkpt>
      <trkpt lat="45.16003" lon="-72.7072">
        <ele>185.15</ele>
      </trkpt>
      <trkpt lat="45.15972" lon="-72.70724">
        <ele>186.3</ele>
      </trkpt>
      <trkpt lat="45.159045" lon="-72.707265">
        <ele>187.47</ele>
      </trkpt>
      <trkpt lat="45.15837" lon="-72.70729">
        <ele>188.33</ele>
      </trkpt>
      <trkpt lat="45.1577" lon="-72.70734">
        <ele>187.68</ele>
      </trkpt>
      <trkpt lat="45.15703" lon="-72.70739">
        <ele>186.81</ele>
      </trkpt>
      <trkpt lat="45.15663" lon="-72.70756">
        <ele>182.82</ele>
      </trkpt>
      <trkpt lat="45.15639" lon="-72.70769">
        <ele>180.38</ele>
      </trkpt>
      <trkpt lat="45.15602" lon="-72.70797">
        <ele>178.95</ele>
      </trkpt>
      <trkpt lat="45.15567" lon="-72.70836">
        <ele>178.3</ele>
      </trkpt>
      <trkpt lat="45.15511" lon="-72.7090733">
        <ele>179.82</ele>
      </trkpt>
      <trkpt lat="45.15455" lon="-72.7097867">
        <ele>183.12</ele>
      </trkpt>
      <trkpt lat="45.15399" lon="-72.7105">
        <ele>187.39</ele>
      </trkpt>
      <trkpt lat="45.153655" lon="-72.71095">
        <ele>190.06</ele>
      </trkpt>
      <trkpt lat="45.15332" lon="-72.7114">
        <ele>191.7</ele>
      </trkpt>
      <trkpt lat="45.15332" lon="-72.71141">
        <ele>191.73</ele>
      </trkpt>
      <trkpt lat="45.15269" lon="-72.71226">
        <ele>196.38</ele>
      </trkpt>
      <trkpt lat="45.1521" lon="-72.7129">
        <ele>199.52</ele>
      </trkpt>
      <trkpt lat="45.15151" lon="-72.71354">
        <ele>202.5</ele>
      </trkpt>
      <trkpt lat="45.15092" lon="-72.71418">
        <ele>206.26</ele>
      </trkpt>
      <trkpt lat="45.1504033" lon="-72.7147167">
        <ele>208.61</ele>
      </trkpt>
      <trkpt lat="45.1498867" lon="-72.7152533">
        <ele>211.43</ele>
      </trkpt>
      <trkpt lat="45.14937" lon="-72.71579">
        <ele>215.17</ele>
      </trkpt>
      <trkpt lat="45.1487733" lon="-72.7164633">
        <ele>217.92</ele>
      </trkpt>
      <trkpt lat="45.1481767" lon="-72.7171367">
        <ele>222.7</ele>
      </trkpt>
      <trkpt lat="45.14758" lon="-72.71781">
        <ele>226.61</ele>
      </trkpt>
      <trkpt lat="45.14747" lon="-72.71795">
        <ele>227.61</ele>
      </trkpt>
      <trkpt lat="45.1475729" lon="-72.7190443">
        <ele>224.62</ele>
      </trkpt>
      <trkpt lat="45.1476758" lon="-72.7201386">
        <ele>223.13</ele>
      </trkpt>
      <trkpt lat="45.1477786" lon="-72.7212328">
        <ele>223.37</ele>
      </trkpt>
      <trkpt lat="45.1478815" lon="-72.7223271">
        <ele>225.16</ele>
      </trkpt>
      <trkpt lat="45.1479843" lon="-72.7234214">
        <ele>228.9</ele>
      </trkpt>
      <trkpt lat="45.1480872" lon="-72.7245157">
        <ele>232.95</ele>
      </trkpt>
      <trkpt lat="45.14819" lon="-72.72561">
        <ele>233.95</ele>
      </trkpt>
      <trkpt lat="45.14832" lon="-72.72663">
        <ele>230.04</ele>
      </trkpt>
      <trkpt lat="45.14836" lon="-72.72713">
        <ele>227.51</ele>
      </trkpt>
      <trkpt lat="45.14837" lon="-72.72766">
        <ele>225.23</ele>
      </trkpt>
      <trkpt lat="45.1483267" lon="-72.7287433">
        <ele>223.33</ele>
      </trkpt>
      <trkpt lat="45.1482834" lon="-72.7298267">
        <ele>221.27</ele>
      </trkpt>
      <trkpt lat="45.14824" lon="-72.73091">
        <ele>217.8</ele>
      </trkpt>
      <trkpt lat="45.1481967" lon="-72.7319933">
        <ele>215.58</ele>
      </trkpt>
      <trkpt lat="45.1481534" lon="-72.7330767">
        <ele>214.37</ele>
      </trkpt>
      <trkpt lat="45.14811" lon="-72.73416">
        <ele>212.28</ele>
      </trkpt>
      <trkpt lat="45.1480625" lon="-72.7351575">
        <ele>210.7</ele>
      </trkpt>
      <trkpt lat="45.148015" lon="-72.736155">
        <ele>209.21</ele>
      </trkpt>
      <trkpt lat="45.1479675" lon="-72.7371525">
        <ele>207.79</ele>
      </trkpt>
      <trkpt lat="45.14792" lon="-72.73815">
        <ele>205.39</ele>
      </trkpt>
      <trkpt lat="45.14786" lon="-72.7388">
        <ele>203.4</ele>
      </trkpt>
      <trkpt lat="45.14771" lon="-72.73938">
        <ele>202.8</ele>
      </trkpt>
      <trkpt lat="45.1473867" lon="-72.7402067">
        <ele>202.92</ele>
      </trkpt>
      <trkpt lat="45.1470633" lon="-72.7410333">
        <ele>202.22</ele>
      </trkpt>
      <trkpt lat="45.14674" lon="-72.74186">
        <ele>198.94</ele>
      </trkpt>
      <trkpt lat="45.14674" lon="-72.74187">
        <ele>198.9</ele>
      </trkpt>
      <trkpt lat="45.14633" lon="-72.7429267">
        <ele>195.34</ele>
      </trkpt>
      <trkpt lat="45.14592" lon="-72.7439833">
        <ele>193.4</ele>
      </trkpt>
      <trkpt lat="45.14551" lon="-72.74504">
        <ele>195.42</ele>
      </trkpt>
      <trkpt lat="45.14503" lon="-72.74611">
        <ele>196.95</ele>
      </trkpt>
      <trkpt lat="45.14452" lon="-72.747115">
        <ele>199.29</ele>
      </trkpt>
      <trkpt lat="45.14401" lon="-72.74812">
        <ele>197.64</ele>
      </trkpt>
      <trkpt lat="45.14371" lon="-72.74866">
        <ele>196.21</ele>
      </trkpt>
      <trkpt lat="45.14341" lon="-72.7492">
        <ele>194.11</ele>
      </trkpt>
      <trkpt lat="45.14289" lon="-72.75009">
        <ele>194.2</ele>
      </trkpt>
      <trkpt lat="45.14258" lon="-72.75049">
        <ele>195.18</ele>
      </trkpt>
      <trkpt lat="45.14213" lon="-72.751005">
        <ele>194.91</ele>
      </trkpt>
      <trkpt lat="45.14168" lon="-72.75152">
        <ele>194.57</ele>
      </trkpt>
      <trkpt lat="45.141095" lon="-72.75211">
        <ele>193.55</ele>
      </trkpt>
      <trkpt lat="45.14051" lon="-72.7527">
        <ele>191.56</ele>
      </trkpt>
      <trkpt lat="45.1403" lon="-72.75299">
        <ele>189.77</ele>
      </trkpt>
      <trkpt lat="45.139855" lon="-72.75385">
        <ele>184.15</ele>
      </trkpt>
      <trkpt lat="45.13941" lon="-72.75471">
        <ele>179.82</ele>
      </trkpt>
      <trkpt lat="45.13899" lon="-72.7556">
        <ele>177.64</ele>
      </trkpt>
      <trkpt lat="45.138695" lon="-72.756335">
        <ele>178.07</ele>
      </trkpt>
      <trkpt lat="45.1384" lon="-72.75707">
        <ele>179.48</ele>
      </trkpt>
      <trkpt lat="45.13814" lon="-72.75763">
        <ele>183.24</ele>
      </trkpt>
      <trkpt lat="45.13788" lon="-72.75819">
        <ele>185.09</ele>
      </trkpt>
      <trkpt lat="45.13767" lon="-72.75859">
        <ele>185.58</ele>
      </trkpt>
      <trkpt lat="45.13747" lon="-72.75887">
        <ele>187.05</ele>
      </trkpt>
      <trkpt lat="45.13692" lon="-72.759515">
        <ele>190.05</ele>
      </trkpt>
      <trkpt lat="45.13637" lon="-72.76016">
        <ele>192.94</ele>
      </trkpt>
      <trkpt lat="45.13608" lon="-72.76061">
        <ele>193.62</ele>
      </trkpt>
      <trkpt lat="45.13592" lon="-72.76092">
        <ele>193.66</ele>
      </trkpt>
      <trkpt lat="45.13579" lon="-72.76119">
        <ele>193.69</ele>
      </trkpt>
      <trkpt lat="45.13575" lon="-72.7615">
        <ele>193.55</ele>
      </trkpt>
      <trkpt lat="45.13569" lon="-72.76226">
        <ele>194.83</ele>
      </trkpt>
      <trkpt lat="45.1356942" lon="-72.7634475">
        <ele>196.04</ele>
      </trkpt>
      <trkpt lat="45.1356985" lon="-72.764635">
        <ele>194.11</ele>
      </trkpt>
      <trkpt lat="45.1357027" lon="-72.7658225">
        <ele>189.97</ele>
      </trkpt>
      <trkpt lat="45.1357069" lon="-72.76701">
        <ele>184.2</ele>
      </trkpt>
      <trkpt lat="45.135711" lon="-72.7681975">
        <ele>182.07</ele>
      </trkpt>
      <trkpt lat="45.1357152" lon="-72.769385">
        <ele>181.68</ele>
      </trkpt>
      <trkpt lat="45.1357194" lon="-72.7705725">
        <ele>176.65</ele>
      </trkpt>
      <trkpt lat="45.1357235" lon="-72.77176">
        <ele>174.66</ele>
      </trkpt>
      <trkpt lat="45.1357277" lon="-72.7729475">
        <ele>176.79</ele>
      </trkpt>
      <trkpt lat="45.1357318" lon="-72.774135">
        <ele>181.82</ele>
      </trkpt>
      <trkpt lat="45.1357359" lon="-72.7753225">
        <ele>183.83</ele>
      </trkpt>
      <trkpt lat="45.13574" lon="-72.77651">
        <ele>187.26</ele>
      </trkpt>
      <trkpt lat="45.13574" lon="-72.77651">
        <ele>187.27</ele>
      </trkpt>
      <trkpt lat="45.1357467" lon="-72.7776833">
        <ele>191.25</ele>
      </trkpt>
      <trkpt lat="45.1357533" lon="-72.7788567">
        <ele>196.03</ele>
      </trkpt>
      <trkpt lat="45.13576" lon="-72.78003">
        <ele>198.7</ele>
      </trkpt>
      <trkpt lat="45.13575" lon="-72.7808">
        <ele>195.72</ele>
      </trkpt>
      <trkpt lat="45.13574" lon="-72.78157">
        <ele>193.24</ele>
      </trkpt>
      <trkpt lat="45.135722" lon="-72.782724">
        <ele>190.4</ele>
      </trkpt>
      <trkpt lat="45.135704" lon="-72.783878">
        <ele>187.7</ele>
      </trkpt>
      <trkpt lat="45.135686" lon="-72.785032">
        <ele>185.02</ele>
      </trkpt>
      <trkpt lat="45.135668" lon="-72.786186">
        <ele>182.46</ele>
      </trkpt>
      <trkpt lat="45.13565" lon="-72.78734">
        <ele>179.36</ele>
      </trkpt>
      <trkpt lat="45.1356501" lon="-72.7885418">
        <ele>175.78</ele>
      </trkpt>
      <trkpt lat="45.1356501" lon="-72.7897436">
        <ele>173.99</ele>
      </trkpt>
      <trkpt lat="45.1356502" lon="-72.7909455">
        <ele>171.88</ele>
      </trkpt>
      <trkpt lat="45.1356502" lon="-72.7921473">
        <ele>166.55</ele>
      </trkpt>
      <trkpt lat="45.1356502" lon="-72.7933491">
        <ele>162.42</ele>
      </trkpt>
      <trkpt lat="45.1356502" lon="-72.7945509">
        <ele>161.41</ele>
      </trkpt>
      <trkpt lat="45.1356502" lon="-72.7957527">
        <ele>158.19</ele>
      </trkpt>
      <trkpt lat="45.1356502" lon="-72.7969545">
        <ele>153.28</ele>
      </trkpt>
      <trkpt lat="45.1356501" lon="-72.7981564">
        <ele>149.32</ele>
      </trkpt>
      <trkpt lat="45.1356501" lon="-72.7993582">
        <ele>145.71</ele>
      </trkpt>
      <trkpt lat="45.13565" lon="-72.80056">
        <ele>144.95</ele>
      </trkpt>
      <trkpt lat="45.1349425" lon="-72.8005675">
        <ele>146.5</ele>
      </trkpt>
      <trkpt lat="45.134235" lon="-72.800575">
        <ele>148.19</ele>
      </trkpt>
      <trkpt lat="45.1335275" lon="-72.8005825">
        <ele>149.9</ele>
      </trkpt>
      <trkpt lat="45.13282" lon="-72.80059">
        <ele>152.12</ele>
      </trkpt>
      <trkpt lat="45.13234" lon="-72.800605">
        <ele>153.57</ele>
      </trkpt>
      <trkpt lat="45.13186" lon="-72.80062">
        <ele>154.34</ele>
      </trkpt>
    </trkseg>
  </trk>
</gpx>