<?xml version='1.0' encoding='utf-8'?>
<gpx xmlns="http://www.topografix.com/GPX/1/1" xmlns:xsi="http://www.w3.org/2001/XMLSchema-instance" version="1.1" creator="Gravelle Estrie" xsi:schemaLocation="http://www.topografix.com/GPX/1/1 http://www.topografix.com/GPX/1/1/gpx.xsd">
  <metadata>
    <name>Complete Level 1 ---- 87KM / 1350MD+</name>
  </metadata>
  <trk>
    <name>Complete Level 1 ---- 87KM / 1350MD+</name>
    <trkseg>
      <trkpt lat="45.22233" lon="-72.53268">
        <ele>202.3</ele>
      </trkpt>
      <trkpt lat="45.2223" lon="-72.531549">
        <ele>202.7</ele>
      </trkpt>
      <trkpt lat="45.22227" lon="-72.53042">
        <ele>203</ele>
      </trkpt>
      <trkpt lat="45.22218" lon="-72.52972">
        <ele>203</ele>
      </trkpt>
      <trkpt lat="45.22205" lon="-72.52914">
        <ele>202.9</ele>
      </trkpt>
      <trkpt lat="45.22188" lon="-72.52854">
        <ele>202.4</ele>
      </trkpt>
      <trkpt lat="45.221563" lon="-72.527396">
        <ele>202.1</ele>
      </trkpt>
      <trkpt lat="45.221246" lon="-72.526253">
        <ele>202.3</ele>
      </trkpt>
      <trkpt lat="45.22093" lon="-72.52511">
        <ele>202.9</ele>
      </trkpt>
      <trkpt lat="45.221345" lon="-72.5247">
        <ele>201.9</ele>
      </trkpt>
      <trkpt lat="45.22176" lon="-72.52429">
        <ele>201.9</ele>
      </trkpt>
      <trkpt lat="45.222125" lon="-72.523885">
        <ele>202.3</ele>
      </trkpt>
      <trkpt lat="45.22249" lon="-72.52348">
        <ele>204.3</ele>
      </trkpt>
      <trkpt lat="45.22249" lon="-72.52349">
        <ele>204.3</ele>
      </trkpt>
      <trkpt lat="45.22259" lon="-72.52337">
        <ele>204.7</ele>
      </trkpt>
      <trkpt lat="45.22272" lon="-72.52306">
        <ele>205.8</ele>
      </trkpt>
      <trkpt lat="45.22277" lon="-72.52283">
        <ele>206.4</ele>
      </trkpt>
      <trkpt lat="45.22279" lon="-72.52248">
        <ele>206.8</ele>
      </trkpt>
      <trkpt lat="45.22279" lon="-72.52211">
        <ele>206.8</ele>
      </trkpt>
      <trkpt lat="45.22275" lon="-72.5214">
        <ele>207.9</ele>
      </trkpt>
      <trkpt lat="45.22266" lon="-72.52095">
        <ele>208.2</ele>
      </trkpt>
      <trkpt lat="45.22249" lon="-72.52033">
        <ele>208.5</ele>
      </trkpt>
      <trkpt lat="45.2224" lon="-72.52006">
        <ele>208.6</ele>
      </trkpt>
      <trkpt lat="45.2221" lon="-72.51929">
        <ele>209.5</ele>
      </trkpt>
      <trkpt lat="45.22201" lon="-72.51898">
        <ele>209.8</ele>
      </trkpt>
      <trkpt lat="45.22196" lon="-72.51871">
        <ele>209.9</ele>
      </trkpt>
      <trkpt lat="45.22192" lon="-72.517829">
        <ele>209.4</ele>
      </trkpt>
      <trkpt lat="45.22188" lon="-72.51695">
        <ele>209.1</ele>
      </trkpt>
      <trkpt lat="45.22192" lon="-72.51694">
        <ele>209.1</ele>
      </trkpt>
      <trkpt lat="45.2219" lon="-72.51676">
        <ele>209</ele>
      </trkpt>
      <trkpt lat="45.222444" lon="-72.515932">
        <ele>208.6</ele>
      </trkpt>
      <trkpt lat="45.222988" lon="-72.515104">
        <ele>207.2</ele>
      </trkpt>
      <trkpt lat="45.223532" lon="-72.514276">
        <ele>206.7</ele>
      </trkpt>
      <trkpt lat="45.224076" lon="-72.513448">
        <ele>205.9</ele>
      </trkpt>
      <trkpt lat="45.22462" lon="-72.51262">
        <ele>203.7</ele>
      </trkpt>
      <trkpt lat="45.22492" lon="-72.51206">
        <ele>202.7</ele>
      </trkpt>
      <trkpt lat="45.22491" lon="-72.51206">
        <ele>202.7</ele>
      </trkpt>
      <trkpt lat="45.225" lon="-72.51191">
        <ele>202.6</ele>
      </trkpt>
      <trkpt lat="45.22535" lon="-72.51097">
        <ele>202.2</ele>
      </trkpt>
      <trkpt lat="45.22545" lon="-72.51048">
        <ele>202.2</ele>
      </trkpt>
      <trkpt lat="45.22558" lon="-72.50927">
        <ele>201.8</ele>
      </trkpt>
      <trkpt lat="45.22559" lon="-72.50852">
        <ele>202.1</ele>
      </trkpt>
      <trkpt lat="45.22553" lon="-72.507354">
        <ele>202.2</ele>
      </trkpt>
      <trkpt lat="45.22547" lon="-72.50619">
        <ele>202.2</ele>
      </trkpt>
      <trkpt lat="45.2254" lon="-72.50551">
        <ele>201.9</ele>
      </trkpt>
      <trkpt lat="45.22539" lon="-72.50511">
        <ele>202</ele>
      </trkpt>
      <trkpt lat="45.22541" lon="-72.5047">
        <ele>202.3</ele>
      </trkpt>
      <trkpt lat="45.22545" lon="-72.5044">
        <ele>202.3</ele>
      </trkpt>
      <trkpt lat="45.22579" lon="-72.50337">
        <ele>202.4</ele>
      </trkpt>
      <trkpt lat="45.22579" lon="-72.50318">
        <ele>202.3</ele>
      </trkpt>
      <trkpt lat="45.22575" lon="-72.50297">
        <ele>202</ele>
      </trkpt>
      <trkpt lat="45.22588" lon="-72.50264">
        <ele>202</ele>
      </trkpt>
      <trkpt lat="45.22607" lon="-72.50232">
        <ele>202.1</ele>
      </trkpt>
      <trkpt lat="45.22665" lon="-72.50152">
        <ele>201.9</ele>
      </trkpt>
      <trkpt lat="45.227243" lon="-72.500636">
        <ele>201.4</ele>
      </trkpt>
      <trkpt lat="45.227836" lon="-72.499753">
        <ele>201.6</ele>
      </trkpt>
      <trkpt lat="45.22843" lon="-72.49887">
        <ele>201.3</ele>
      </trkpt>
      <trkpt lat="45.22874" lon="-72.49843">
        <ele>201.1</ele>
      </trkpt>
      <trkpt lat="45.2289" lon="-72.49822">
        <ele>200.8</ele>
      </trkpt>
      <trkpt lat="45.22918" lon="-72.49798">
        <ele>201.5</ele>
      </trkpt>
      <trkpt lat="45.22975" lon="-72.49762">
        <ele>201.9</ele>
      </trkpt>
      <trkpt lat="45.230445" lon="-72.497265">
        <ele>201.7</ele>
      </trkpt>
      <trkpt lat="45.23114" lon="-72.49691">
        <ele>201.6</ele>
      </trkpt>
      <trkpt lat="45.23145" lon="-72.49672">
        <ele>201.1</ele>
      </trkpt>
      <trkpt lat="45.23145" lon="-72.49673">
        <ele>201.1</ele>
      </trkpt>
      <trkpt lat="45.23183" lon="-72.49651">
        <ele>202.8</ele>
      </trkpt>
      <trkpt lat="45.23232" lon="-72.49616">
        <ele>203.9</ele>
      </trkpt>
      <trkpt lat="45.233077" lon="-72.495585">
        <ele>203.8</ele>
      </trkpt>
      <trkpt lat="45.233835" lon="-72.49501">
        <ele>204.2</ele>
      </trkpt>
      <trkpt lat="45.234592" lon="-72.494435">
        <ele>203.7</ele>
      </trkpt>
      <trkpt lat="45.23535" lon="-72.49386">
        <ele>204.4</ele>
      </trkpt>
      <trkpt lat="45.23601" lon="-72.493396">
        <ele>204.5</ele>
      </trkpt>
      <trkpt lat="45.23667" lon="-72.492933">
        <ele>204.6</ele>
      </trkpt>
      <trkpt lat="45.23733" lon="-72.49247">
        <ele>204.1</ele>
      </trkpt>
      <trkpt lat="45.238096" lon="-72.49201">
        <ele>203.4</ele>
      </trkpt>
      <trkpt lat="45.238863" lon="-72.49155">
        <ele>203.1</ele>
      </trkpt>
      <trkpt lat="45.23963" lon="-72.49109">
        <ele>203.4</ele>
      </trkpt>
      <trkpt lat="45.23993" lon="-72.49082">
        <ele>203.4</ele>
      </trkpt>
      <trkpt lat="45.24017" lon="-72.49051">
        <ele>203.4</ele>
      </trkpt>
      <trkpt lat="45.240705" lon="-72.48973">
        <ele>203</ele>
      </trkpt>
      <trkpt lat="45.24124" lon="-72.48895">
        <ele>203</ele>
      </trkpt>
      <trkpt lat="45.24124" lon="-72.48896">
        <ele>203</ele>
      </trkpt>
      <trkpt lat="45.241805" lon="-72.48817">
        <ele>203.7</ele>
      </trkpt>
      <trkpt lat="45.24237" lon="-72.48738">
        <ele>203.9</ele>
      </trkpt>
      <trkpt lat="45.24246" lon="-72.4872">
        <ele>204.2</ele>
      </trkpt>
      <trkpt lat="45.24286" lon="-72.48679">
        <ele>204</ele>
      </trkpt>
      <trkpt lat="45.24328" lon="-72.48639">
        <ele>204.4</ele>
      </trkpt>
      <trkpt lat="45.24363" lon="-72.48613">
        <ele>204.6</ele>
      </trkpt>
      <trkpt lat="45.244055" lon="-72.48588">
        <ele>204.9</ele>
      </trkpt>
      <trkpt lat="45.24448" lon="-72.48563">
        <ele>205.1</ele>
      </trkpt>
      <trkpt lat="45.24477" lon="-72.4855">
        <ele>205.3</ele>
      </trkpt>
      <trkpt lat="45.24562" lon="-72.4853">
        <ele>205.4</ele>
      </trkpt>
      <trkpt lat="45.24604" lon="-72.48528">
        <ele>205.2</ele>
      </trkpt>
      <trkpt lat="45.246813" lon="-72.485368">
        <ele>203.9</ele>
      </trkpt>
      <trkpt lat="45.247586" lon="-72.485456">
        <ele>203.3</ele>
      </trkpt>
      <trkpt lat="45.24836" lon="-72.485544">
        <ele>203.1</ele>
      </trkpt>
      <trkpt lat="45.249133" lon="-72.485633">
        <ele>202.3</ele>
      </trkpt>
      <trkpt lat="45.249906" lon="-72.485721">
        <ele>200.4</ele>
      </trkpt>
      <trkpt lat="45.25068" lon="-72.48581">
        <ele>200.1</ele>
      </trkpt>
      <trkpt lat="45.25138" lon="-72.48591">
        <ele>200.6</ele>
      </trkpt>
      <trkpt lat="45.25171" lon="-72.48524">
        <ele>200.6</ele>
      </trkpt>
      <trkpt lat="45.25225" lon="-72.48428">
        <ele>201.3</ele>
      </trkpt>
      <trkpt lat="45.25232" lon="-72.48411">
        <ele>201.3</ele>
      </trkpt>
      <trkpt lat="45.25238" lon="-72.48384">
        <ele>201.3</ele>
      </trkpt>
      <trkpt lat="45.25235" lon="-72.48285">
        <ele>201.8</ele>
      </trkpt>
      <trkpt lat="45.252335" lon="-72.482134">
        <ele>202</ele>
      </trkpt>
      <trkpt lat="45.25232" lon="-72.48142">
        <ele>203</ele>
      </trkpt>
      <trkpt lat="45.2525" lon="-72.48034">
        <ele>205.2</ele>
      </trkpt>
      <trkpt lat="45.25271" lon="-72.479515">
        <ele>206.4</ele>
      </trkpt>
      <trkpt lat="45.25292" lon="-72.47869">
        <ele>207.1</ele>
      </trkpt>
      <trkpt lat="45.25305" lon="-72.47789">
        <ele>207.7</ele>
      </trkpt>
      <trkpt lat="45.25308" lon="-72.477239">
        <ele>208</ele>
      </trkpt>
      <trkpt lat="45.25311" lon="-72.47659">
        <ele>208.9</ele>
      </trkpt>
      <trkpt lat="45.2531" lon="-72.47542">
        <ele>210.3</ele>
      </trkpt>
      <trkpt lat="45.253145" lon="-72.47477">
        <ele>210.5</ele>
      </trkpt>
      <trkpt lat="45.25319" lon="-72.47412">
        <ele>210.8</ele>
      </trkpt>
      <trkpt lat="45.25326" lon="-72.47372">
        <ele>211.1</ele>
      </trkpt>
      <trkpt lat="45.25339" lon="-72.47314">
        <ele>212.1</ele>
      </trkpt>
      <trkpt lat="45.25356" lon="-72.4726">
        <ele>213</ele>
      </trkpt>
      <trkpt lat="45.25399" lon="-72.47171">
        <ele>215.2</ele>
      </trkpt>
      <trkpt lat="45.254375" lon="-72.470845">
        <ele>216.2</ele>
      </trkpt>
      <trkpt lat="45.25476" lon="-72.46998">
        <ele>217.1</ele>
      </trkpt>
      <trkpt lat="45.255145" lon="-72.469115">
        <ele>217.7</ele>
      </trkpt>
      <trkpt lat="45.25553" lon="-72.46825">
        <ele>218.5</ele>
      </trkpt>
      <trkpt lat="45.25575" lon="-72.46771">
        <ele>220</ele>
      </trkpt>
      <trkpt lat="45.255255" lon="-72.467264">
        <ele>221</ele>
      </trkpt>
      <trkpt lat="45.25476" lon="-72.46682">
        <ele>224.9</ele>
      </trkpt>
      <trkpt lat="45.2546" lon="-72.46669">
        <ele>226.3</ele>
      </trkpt>
      <trkpt lat="45.25443" lon="-72.46661">
        <ele>226.3</ele>
      </trkpt>
      <trkpt lat="45.25368" lon="-72.466444">
        <ele>234</ele>
      </trkpt>
      <trkpt lat="45.25293" lon="-72.46628">
        <ele>234.7</ele>
      </trkpt>
      <trkpt lat="45.252197" lon="-72.465912">
        <ele>233.1</ele>
      </trkpt>
      <trkpt lat="45.251465" lon="-72.465544">
        <ele>227.1</ele>
      </trkpt>
      <trkpt lat="45.250732" lon="-72.465177">
        <ele>219.9</ele>
      </trkpt>
      <trkpt lat="45.25" lon="-72.46481">
        <ele>219.1</ele>
      </trkpt>
      <trkpt lat="45.24939" lon="-72.464519">
        <ele>217.1</ele>
      </trkpt>
      <trkpt lat="45.24878" lon="-72.46423">
        <ele>216.5</ele>
      </trkpt>
      <trkpt lat="45.247955" lon="-72.463811">
        <ele>218.2</ele>
      </trkpt>
      <trkpt lat="45.24713" lon="-72.463393">
        <ele>222.2</ele>
      </trkpt>
      <trkpt lat="45.246305" lon="-72.462974">
        <ele>233.3</ele>
      </trkpt>
      <trkpt lat="45.24548" lon="-72.462556">
        <ele>238.5</ele>
      </trkpt>
      <trkpt lat="45.244655" lon="-72.462138">
        <ele>245</ele>
      </trkpt>
      <trkpt lat="45.24383" lon="-72.46172">
        <ele>245.9</ele>
      </trkpt>
      <trkpt lat="45.24368" lon="-72.46167">
        <ele>246.1</ele>
      </trkpt>
      <trkpt lat="45.24357" lon="-72.46154">
        <ele>246.5</ele>
      </trkpt>
      <trkpt lat="45.24352" lon="-72.4614">
        <ele>246.8</ele>
      </trkpt>
      <trkpt lat="45.243515" lon="-72.460379">
        <ele>247.8</ele>
      </trkpt>
      <trkpt lat="45.24351" lon="-72.45936">
        <ele>249.4</ele>
      </trkpt>
      <trkpt lat="45.24351" lon="-72.45937">
        <ele>249.4</ele>
      </trkpt>
      <trkpt lat="45.243507" lon="-72.458207">
        <ele>249.7</ele>
      </trkpt>
      <trkpt lat="45.243505" lon="-72.457044">
        <ele>253</ele>
      </trkpt>
      <trkpt lat="45.243502" lon="-72.455882">
        <ele>256.2</ele>
      </trkpt>
      <trkpt lat="45.2435" lon="-72.45472">
        <ele>259.3</ele>
      </trkpt>
      <trkpt lat="45.24413" lon="-72.45407">
        <ele>257.6</ele>
      </trkpt>
      <trkpt lat="45.24462" lon="-72.45357">
        <ele>257.7</ele>
      </trkpt>
      <trkpt lat="45.24529" lon="-72.45299">
        <ele>260.4</ele>
      </trkpt>
      <trkpt lat="45.24604" lon="-72.45237">
        <ele>264.8</ele>
      </trkpt>
      <trkpt lat="45.24635" lon="-72.45201">
        <ele>266.2</ele>
      </trkpt>
      <trkpt lat="45.24654" lon="-72.45183">
        <ele>266.5</ele>
      </trkpt>
      <trkpt lat="45.24687" lon="-72.45156">
        <ele>267.7</ele>
      </trkpt>
      <trkpt lat="45.24742" lon="-72.45125">
        <ele>269.5</ele>
      </trkpt>
      <trkpt lat="45.24772" lon="-72.45102">
        <ele>271.1</ele>
      </trkpt>
      <trkpt lat="45.24824" lon="-72.45049">
        <ele>274.2</ele>
      </trkpt>
      <trkpt lat="45.24877" lon="-72.4498">
        <ele>274.6</ele>
      </trkpt>
      <trkpt lat="45.2493" lon="-72.44911">
        <ele>275.8</ele>
      </trkpt>
      <trkpt lat="45.249675" lon="-72.44868">
        <ele>277.4</ele>
      </trkpt>
      <trkpt lat="45.25005" lon="-72.44825">
        <ele>279.8</ele>
      </trkpt>
      <trkpt lat="45.25077" lon="-72.44751">
        <ele>281.7</ele>
      </trkpt>
      <trkpt lat="45.25149" lon="-72.44677">
        <ele>285.8</ele>
      </trkpt>
      <trkpt lat="45.252096" lon="-72.446126">
        <ele>286.4</ele>
      </trkpt>
      <trkpt lat="45.252703" lon="-72.445483">
        <ele>285.9</ele>
      </trkpt>
      <trkpt lat="45.25331" lon="-72.44484">
        <ele>288.9</ele>
      </trkpt>
      <trkpt lat="45.25346" lon="-72.44464">
        <ele>289.6</ele>
      </trkpt>
      <trkpt lat="45.25345" lon="-72.44464">
        <ele>289.6</ele>
      </trkpt>
      <trkpt lat="45.25394" lon="-72.443976">
        <ele>290</ele>
      </trkpt>
      <trkpt lat="45.25443" lon="-72.443313">
        <ele>291.2</ele>
      </trkpt>
      <trkpt lat="45.25492" lon="-72.44265">
        <ele>292.6</ele>
      </trkpt>
      <trkpt lat="45.25532" lon="-72.44218">
        <ele>292.8</ele>
      </trkpt>
      <trkpt lat="45.25572" lon="-72.44171">
        <ele>292.4</ele>
      </trkpt>
      <trkpt lat="45.256325" lon="-72.441215">
        <ele>289.9</ele>
      </trkpt>
      <trkpt lat="45.25693" lon="-72.44072">
        <ele>285.3</ele>
      </trkpt>
      <trkpt lat="45.257693" lon="-72.44026">
        <ele>287</ele>
      </trkpt>
      <trkpt lat="45.258456" lon="-72.4398">
        <ele>289.3</ele>
      </trkpt>
      <trkpt lat="45.25922" lon="-72.43934">
        <ele>291.4</ele>
      </trkpt>
      <trkpt lat="45.2595" lon="-72.43918">
        <ele>292.1</ele>
      </trkpt>
      <trkpt lat="45.25968" lon="-72.43911">
        <ele>292.2</ele>
      </trkpt>
      <trkpt lat="45.26004" lon="-72.43902">
        <ele>292.2</ele>
      </trkpt>
      <trkpt lat="45.25977" lon="-72.43898">
        <ele>292.4</ele>
      </trkpt>
      <trkpt lat="45.25951" lon="-72.43886">
        <ele>292.6</ele>
      </trkpt>
      <trkpt lat="45.25874" lon="-72.43827">
        <ele>297.5</ele>
      </trkpt>
      <trkpt lat="45.25805" lon="-72.43764">
        <ele>302.5</ele>
      </trkpt>
      <trkpt lat="45.25754" lon="-72.4371">
        <ele>309.3</ele>
      </trkpt>
      <trkpt lat="45.25718" lon="-72.43678">
        <ele>310</ele>
      </trkpt>
      <trkpt lat="45.25653" lon="-72.436349">
        <ele>309.1</ele>
      </trkpt>
      <trkpt lat="45.25588" lon="-72.435919">
        <ele>309.2</ele>
      </trkpt>
      <trkpt lat="45.25523" lon="-72.43549">
        <ele>308.5</ele>
      </trkpt>
      <trkpt lat="45.254585" lon="-72.435224">
        <ele>313.8</ele>
      </trkpt>
      <trkpt lat="45.25394" lon="-72.43496">
        <ele>318.5</ele>
      </trkpt>
      <trkpt lat="45.25332" lon="-72.43486">
        <ele>323.2</ele>
      </trkpt>
      <trkpt lat="45.252799" lon="-72.43486">
        <ele>325.8</ele>
      </trkpt>
      <trkpt lat="45.25228" lon="-72.43486">
        <ele>327</ele>
      </trkpt>
      <trkpt lat="45.25152" lon="-72.43488">
        <ele>332.3</ele>
      </trkpt>
      <trkpt lat="45.25071" lon="-72.43493">
        <ele>338.2</ele>
      </trkpt>
      <trkpt lat="45.2499" lon="-72.43498">
        <ele>344.9</ele>
      </trkpt>
      <trkpt lat="45.24989" lon="-72.43498">
        <ele>345</ele>
      </trkpt>
      <trkpt lat="45.24934" lon="-72.435055">
        <ele>347.5</ele>
      </trkpt>
      <trkpt lat="45.24879" lon="-72.43513">
        <ele>347.5</ele>
      </trkpt>
      <trkpt lat="45.24845" lon="-72.43514">
        <ele>348.4</ele>
      </trkpt>
      <trkpt lat="45.24761" lon="-72.43513">
        <ele>350.6</ele>
      </trkpt>
      <trkpt lat="45.24707" lon="-72.43506">
        <ele>351.8</ele>
      </trkpt>
      <trkpt lat="45.24659" lon="-72.43504">
        <ele>352.6</ele>
      </trkpt>
      <trkpt lat="45.24624" lon="-72.43499">
        <ele>353.3</ele>
      </trkpt>
      <trkpt lat="45.24607" lon="-72.43497">
        <ele>354</ele>
      </trkpt>
      <trkpt lat="45.24582" lon="-72.43499">
        <ele>354.5</ele>
      </trkpt>
      <trkpt lat="45.245334" lon="-72.43508">
        <ele>355.9</ele>
      </trkpt>
      <trkpt lat="45.24485" lon="-72.43517">
        <ele>356.8</ele>
      </trkpt>
      <trkpt lat="45.24431" lon="-72.43529">
        <ele>357</ele>
      </trkpt>
      <trkpt lat="45.243555" lon="-72.435525">
        <ele>358.6</ele>
      </trkpt>
      <trkpt lat="45.2428" lon="-72.43576">
        <ele>359.2</ele>
      </trkpt>
      <trkpt lat="45.24211" lon="-72.43593">
        <ele>359</ele>
      </trkpt>
      <trkpt lat="45.24188" lon="-72.43602">
        <ele>358.8</ele>
      </trkpt>
      <trkpt lat="45.24123" lon="-72.43634">
        <ele>359</ele>
      </trkpt>
      <trkpt lat="45.24089" lon="-72.43655">
        <ele>357.9</ele>
      </trkpt>
      <trkpt lat="45.240375" lon="-72.43696">
        <ele>355.2</ele>
      </trkpt>
      <trkpt lat="45.23986" lon="-72.43737">
        <ele>354.1</ele>
      </trkpt>
      <trkpt lat="45.23921" lon="-72.437975">
        <ele>353</ele>
      </trkpt>
      <trkpt lat="45.23856" lon="-72.43858">
        <ele>350.2</ele>
      </trkpt>
      <trkpt lat="45.23822" lon="-72.43884">
        <ele>347.3</ele>
      </trkpt>
      <trkpt lat="45.23777" lon="-72.43925">
        <ele>345.6</ele>
      </trkpt>
      <trkpt lat="45.23753" lon="-72.43942">
        <ele>346.1</ele>
      </trkpt>
      <trkpt lat="45.23731" lon="-72.43951">
        <ele>347</ele>
      </trkpt>
      <trkpt lat="45.23699" lon="-72.43956">
        <ele>347.6</ele>
      </trkpt>
      <trkpt lat="45.23613" lon="-72.439595">
        <ele>349</ele>
      </trkpt>
      <trkpt lat="45.23527" lon="-72.43963">
        <ele>353.3</ele>
      </trkpt>
      <trkpt lat="45.23477" lon="-72.43966">
        <ele>354.6</ele>
      </trkpt>
      <trkpt lat="45.234185" lon="-72.43968">
        <ele>356.7</ele>
      </trkpt>
      <trkpt lat="45.2336" lon="-72.4397">
        <ele>358.4</ele>
      </trkpt>
      <trkpt lat="45.23336" lon="-72.43973">
        <ele>360</ele>
      </trkpt>
      <trkpt lat="45.23292" lon="-72.43973">
        <ele>363.7</ele>
      </trkpt>
      <trkpt lat="45.23292" lon="-72.440934">
        <ele>352.6</ele>
      </trkpt>
      <trkpt lat="45.23292" lon="-72.44214">
        <ele>344.3</ele>
      </trkpt>
      <trkpt lat="45.232906" lon="-72.44307">
        <ele>337.6</ele>
      </trkpt>
      <trkpt lat="45.232893" lon="-72.444">
        <ele>333.4</ele>
      </trkpt>
      <trkpt lat="45.23288" lon="-72.44493">
        <ele>328.6</ele>
      </trkpt>
      <trkpt lat="45.23286" lon="-72.44525">
        <ele>328</ele>
      </trkpt>
      <trkpt lat="45.2328" lon="-72.44574">
        <ele>326.5</ele>
      </trkpt>
      <trkpt lat="45.23268" lon="-72.44602">
        <ele>325.1</ele>
      </trkpt>
      <trkpt lat="45.23254" lon="-72.44628">
        <ele>324.3</ele>
      </trkpt>
      <trkpt lat="45.232175" lon="-72.44706">
        <ele>322.8</ele>
      </trkpt>
      <trkpt lat="45.23181" lon="-72.44784">
        <ele>323.3</ele>
      </trkpt>
      <trkpt lat="45.23158" lon="-72.448465">
        <ele>321.3</ele>
      </trkpt>
      <trkpt lat="45.23135" lon="-72.44909">
        <ele>318.1</ele>
      </trkpt>
      <trkpt lat="45.23119" lon="-72.44956">
        <ele>314.6</ele>
      </trkpt>
      <trkpt lat="45.23119" lon="-72.44957">
        <ele>314.7</ele>
      </trkpt>
      <trkpt lat="45.23116" lon="-72.44968">
        <ele>313.1</ele>
      </trkpt>
      <trkpt lat="45.23094" lon="-72.45013">
        <ele>308.6</ele>
      </trkpt>
      <trkpt lat="45.230695" lon="-72.450955">
        <ele>304.4</ele>
      </trkpt>
      <trkpt lat="45.23045" lon="-72.45178">
        <ele>300.2</ele>
      </trkpt>
      <trkpt lat="45.23018" lon="-72.4525">
        <ele>297.6</ele>
      </trkpt>
      <trkpt lat="45.23009" lon="-72.45295">
        <ele>294</ele>
      </trkpt>
      <trkpt lat="45.22991" lon="-72.45351">
        <ele>292.2</ele>
      </trkpt>
      <trkpt lat="45.22967" lon="-72.45424">
        <ele>296.4</ele>
      </trkpt>
      <trkpt lat="45.22965" lon="-72.45465">
        <ele>299.6</ele>
      </trkpt>
      <trkpt lat="45.2296" lon="-72.45487">
        <ele>300</ele>
      </trkpt>
      <trkpt lat="45.22933" lon="-72.45536">
        <ele>298.9</ele>
      </trkpt>
      <trkpt lat="45.22921" lon="-72.45564">
        <ele>297.3</ele>
      </trkpt>
      <trkpt lat="45.22908" lon="-72.45679">
        <ele>299.3</ele>
      </trkpt>
      <trkpt lat="45.2291" lon="-72.45743">
        <ele>298.4</ele>
      </trkpt>
      <trkpt lat="45.22908" lon="-72.45797">
        <ele>296.3</ele>
      </trkpt>
      <trkpt lat="45.229" lon="-72.45823">
        <ele>295.9</ele>
      </trkpt>
      <trkpt lat="45.22892" lon="-72.45836">
        <ele>295.8</ele>
      </trkpt>
      <trkpt lat="45.22871" lon="-72.45854">
        <ele>295.7</ele>
      </trkpt>
      <trkpt lat="45.22841" lon="-72.45868">
        <ele>296.3</ele>
      </trkpt>
      <trkpt lat="45.22824" lon="-72.45881">
        <ele>297.5</ele>
      </trkpt>
      <trkpt lat="45.22803" lon="-72.459">
        <ele>297.9</ele>
      </trkpt>
      <trkpt lat="45.22785" lon="-72.45934">
        <ele>297.7</ele>
      </trkpt>
      <trkpt lat="45.22766" lon="-72.45989">
        <ele>296.7</ele>
      </trkpt>
      <trkpt lat="45.22761" lon="-72.4602">
        <ele>296.5</ele>
      </trkpt>
      <trkpt lat="45.22762" lon="-72.46051">
        <ele>295.9</ele>
      </trkpt>
      <trkpt lat="45.22768" lon="-72.46074">
        <ele>295.9</ele>
      </trkpt>
      <trkpt lat="45.22788" lon="-72.46105">
        <ele>295</ele>
      </trkpt>
      <trkpt lat="45.22806" lon="-72.46127">
        <ele>294.6</ele>
      </trkpt>
      <trkpt lat="45.22825" lon="-72.46158">
        <ele>293.4</ele>
      </trkpt>
      <trkpt lat="45.2283" lon="-72.46178">
        <ele>293.4</ele>
      </trkpt>
      <trkpt lat="45.22829" lon="-72.46204">
        <ele>292.1</ele>
      </trkpt>
      <trkpt lat="45.22815" lon="-72.46257">
        <ele>288.5</ele>
      </trkpt>
      <trkpt lat="45.22797" lon="-72.46312">
        <ele>281.2</ele>
      </trkpt>
      <trkpt lat="45.22774" lon="-72.46369">
        <ele>275.7</ele>
      </trkpt>
      <trkpt lat="45.2276" lon="-72.46392">
        <ele>274.3</ele>
      </trkpt>
      <trkpt lat="45.22752" lon="-72.46415">
        <ele>273</ele>
      </trkpt>
      <trkpt lat="45.22749" lon="-72.46454">
        <ele>271.9</ele>
      </trkpt>
      <trkpt lat="45.227485" lon="-72.465344">
        <ele>268.3</ele>
      </trkpt>
      <trkpt lat="45.22748" lon="-72.46615">
        <ele>265.8</ele>
      </trkpt>
      <trkpt lat="45.227515" lon="-72.467267">
        <ele>259.7</ele>
      </trkpt>
      <trkpt lat="45.22755" lon="-72.468384">
        <ele>256.7</ele>
      </trkpt>
      <trkpt lat="45.227585" lon="-72.469502">
        <ele>256.7</ele>
      </trkpt>
      <trkpt lat="45.22762" lon="-72.47062">
        <ele>256.4</ele>
      </trkpt>
      <trkpt lat="45.22765" lon="-72.471499">
        <ele>254.1</ele>
      </trkpt>
      <trkpt lat="45.22768" lon="-72.47238">
        <ele>252.7</ele>
      </trkpt>
      <trkpt lat="45.227775" lon="-72.473474">
        <ele>254.6</ele>
      </trkpt>
      <trkpt lat="45.22787" lon="-72.47457">
        <ele>259.9</ele>
      </trkpt>
      <trkpt lat="45.22786" lon="-72.47506">
        <ele>260.5</ele>
      </trkpt>
      <trkpt lat="45.22781" lon="-72.476">
        <ele>261.6</ele>
      </trkpt>
      <trkpt lat="45.22776" lon="-72.4765">
        <ele>262</ele>
      </trkpt>
      <trkpt lat="45.22761" lon="-72.47703">
        <ele>261.3</ele>
      </trkpt>
      <trkpt lat="45.22751" lon="-72.47735">
        <ele>260.9</ele>
      </trkpt>
      <trkpt lat="45.22743" lon="-72.47749">
        <ele>260.4</ele>
      </trkpt>
      <trkpt lat="45.22717" lon="-72.47788">
        <ele>258.4</ele>
      </trkpt>
      <trkpt lat="45.22674" lon="-72.47838">
        <ele>254.1</ele>
      </trkpt>
      <trkpt lat="45.22651" lon="-72.4787">
        <ele>251.1</ele>
      </trkpt>
      <trkpt lat="45.225934" lon="-72.479426">
        <ele>244.6</ele>
      </trkpt>
      <trkpt lat="45.225358" lon="-72.480152">
        <ele>241.4</ele>
      </trkpt>
      <trkpt lat="45.224782" lon="-72.480878">
        <ele>241.1</ele>
      </trkpt>
      <trkpt lat="45.224206" lon="-72.481604">
        <ele>242.5</ele>
      </trkpt>
      <trkpt lat="45.22363" lon="-72.48233">
        <ele>242.5</ele>
      </trkpt>
      <trkpt lat="45.22339" lon="-72.48271">
        <ele>240.2</ele>
      </trkpt>
      <trkpt lat="45.22321" lon="-72.48304">
        <ele>238.6</ele>
      </trkpt>
      <trkpt lat="45.22315" lon="-72.48321">
        <ele>238.3</ele>
      </trkpt>
      <trkpt lat="45.22304" lon="-72.48375">
        <ele>237.6</ele>
      </trkpt>
      <trkpt lat="45.22295" lon="-72.48464">
        <ele>237.9</ele>
      </trkpt>
      <trkpt lat="45.222936" lon="-72.48591">
        <ele>241.1</ele>
      </trkpt>
      <trkpt lat="45.222923" lon="-72.48718">
        <ele>244</ele>
      </trkpt>
      <trkpt lat="45.22291" lon="-72.48845">
        <ele>245.4</ele>
      </trkpt>
      <trkpt lat="45.22291" lon="-72.48873">
        <ele>245.2</ele>
      </trkpt>
      <trkpt lat="45.22282" lon="-72.4893">
        <ele>244.2</ele>
      </trkpt>
      <trkpt lat="45.2227" lon="-72.48961">
        <ele>243.2</ele>
      </trkpt>
      <trkpt lat="45.22254" lon="-72.48986">
        <ele>242.8</ele>
      </trkpt>
      <trkpt lat="45.22185" lon="-72.4906">
        <ele>243.9</ele>
      </trkpt>
      <trkpt lat="45.22164" lon="-72.49086">
        <ele>244.8</ele>
      </trkpt>
      <trkpt lat="45.22125" lon="-72.49176">
        <ele>245.6</ele>
      </trkpt>
      <trkpt lat="45.221" lon="-72.492475">
        <ele>245.1</ele>
      </trkpt>
      <trkpt lat="45.22075" lon="-72.49319">
        <ele>244.6</ele>
      </trkpt>
      <trkpt lat="45.22075" lon="-72.4932">
        <ele>244.6</ele>
      </trkpt>
      <trkpt lat="45.22071" lon="-72.49331">
        <ele>244.4</ele>
      </trkpt>
      <trkpt lat="45.22061" lon="-72.49383">
        <ele>242.4</ele>
      </trkpt>
      <trkpt lat="45.22059" lon="-72.49401">
        <ele>241.3</ele>
      </trkpt>
      <trkpt lat="45.22063" lon="-72.49445">
        <ele>238.3</ele>
      </trkpt>
      <trkpt lat="45.22072" lon="-72.49483">
        <ele>235.6</ele>
      </trkpt>
      <trkpt lat="45.22087" lon="-72.49526">
        <ele>232.9</ele>
      </trkpt>
      <trkpt lat="45.2213" lon="-72.49633">
        <ele>226.9</ele>
      </trkpt>
      <trkpt lat="45.22135" lon="-72.49651">
        <ele>226.4</ele>
      </trkpt>
      <trkpt lat="45.22137" lon="-72.49672">
        <ele>225.7</ele>
      </trkpt>
      <trkpt lat="45.22139" lon="-72.49733">
        <ele>224.4</ele>
      </trkpt>
      <trkpt lat="45.2214" lon="-72.49844">
        <ele>221.2</ele>
      </trkpt>
      <trkpt lat="45.22139" lon="-72.499225">
        <ele>219.2</ele>
      </trkpt>
      <trkpt lat="45.22138" lon="-72.50001">
        <ele>220.5</ele>
      </trkpt>
      <trkpt lat="45.221385" lon="-72.500705">
        <ele>223.7</ele>
      </trkpt>
      <trkpt lat="45.22139" lon="-72.5014">
        <ele>224.7</ele>
      </trkpt>
      <trkpt lat="45.22151" lon="-72.50211">
        <ele>222.4</ele>
      </trkpt>
      <trkpt lat="45.22153" lon="-72.5025">
        <ele>221.8</ele>
      </trkpt>
      <trkpt lat="45.22149" lon="-72.50269">
        <ele>221.6</ele>
      </trkpt>
      <trkpt lat="45.22117" lon="-72.50364">
        <ele>222.7</ele>
      </trkpt>
      <trkpt lat="45.2208" lon="-72.50464">
        <ele>223.7</ele>
      </trkpt>
      <trkpt lat="45.22043" lon="-72.50564">
        <ele>223.9</ele>
      </trkpt>
      <trkpt lat="45.22002" lon="-72.50637">
        <ele>223.1</ele>
      </trkpt>
      <trkpt lat="45.22002" lon="-72.50638">
        <ele>223.1</ele>
      </trkpt>
      <trkpt lat="45.21972" lon="-72.506905">
        <ele>223.1</ele>
      </trkpt>
      <trkpt lat="45.21942" lon="-72.50743">
        <ele>222.5</ele>
      </trkpt>
      <trkpt lat="45.21888" lon="-72.50831">
        <ele>220.2</ele>
      </trkpt>
      <trkpt lat="45.21898" lon="-72.5091">
        <ele>217.5</ele>
      </trkpt>
      <trkpt lat="45.21913" lon="-72.50986">
        <ele>215.6</ele>
      </trkpt>
      <trkpt lat="45.21933" lon="-72.51052">
        <ele>214.8</ele>
      </trkpt>
      <trkpt lat="45.219625" lon="-72.511229">
        <ele>212.8</ele>
      </trkpt>
      <trkpt lat="45.21992" lon="-72.51194">
        <ele>212.1</ele>
      </trkpt>
      <trkpt lat="45.2202" lon="-72.512539">
        <ele>212.6</ele>
      </trkpt>
      <trkpt lat="45.22048" lon="-72.51314">
        <ele>212.3</ele>
      </trkpt>
      <trkpt lat="45.220856" lon="-72.513996">
        <ele>210</ele>
      </trkpt>
      <trkpt lat="45.221233" lon="-72.514853">
        <ele>210.2</ele>
      </trkpt>
      <trkpt lat="45.22161" lon="-72.51571">
        <ele>209.4</ele>
      </trkpt>
      <trkpt lat="45.22181" lon="-72.51627">
        <ele>209</ele>
      </trkpt>
      <trkpt lat="45.22188" lon="-72.51695">
        <ele>209.1</ele>
      </trkpt>
      <trkpt lat="45.22192" lon="-72.517829">
        <ele>209.5</ele>
      </trkpt>
      <trkpt lat="45.22196" lon="-72.51871">
        <ele>209.9</ele>
      </trkpt>
      <trkpt lat="45.22201" lon="-72.51898">
        <ele>209.8</ele>
      </trkpt>
      <trkpt lat="45.2221" lon="-72.51929">
        <ele>209.5</ele>
      </trkpt>
      <trkpt lat="45.2224" lon="-72.52006">
        <ele>208.6</ele>
      </trkpt>
      <trkpt lat="45.22249" lon="-72.52033">
        <ele>208.5</ele>
      </trkpt>
      <trkpt lat="45.22266" lon="-72.52095">
        <ele>208.2</ele>
      </trkpt>
      <trkpt lat="45.22275" lon="-72.5214">
        <ele>207.9</ele>
      </trkpt>
      <trkpt lat="45.22279" lon="-72.52211">
        <ele>206.8</ele>
      </trkpt>
      <trkpt lat="45.22279" lon="-72.52248">
        <ele>206.8</ele>
      </trkpt>
      <trkpt lat="45.22277" lon="-72.52283">
        <ele>206.4</ele>
      </trkpt>
      <trkpt lat="45.22272" lon="-72.52306">
        <ele>205.8</ele>
      </trkpt>
      <trkpt lat="45.22259" lon="-72.52337">
        <ele>204.7</ele>
      </trkpt>
      <trkpt lat="45.22192" lon="-72.52412">
        <ele>201.9</ele>
      </trkpt>
      <trkpt lat="45.221425" lon="-72.524615">
        <ele>201.9</ele>
      </trkpt>
      <trkpt lat="45.22093" lon="-72.52511">
        <ele>202.9</ele>
      </trkpt>
      <trkpt lat="45.221246" lon="-72.526253">
        <ele>202.3</ele>
      </trkpt>
      <trkpt lat="45.221563" lon="-72.527396">
        <ele>202.1</ele>
      </trkpt>
      <trkpt lat="45.22188" lon="-72.52854">
        <ele>202.4</ele>
      </trkpt>
      <trkpt lat="45.22205" lon="-72.52914">
        <ele>202.9</ele>
      </trkpt>
      <trkpt lat="45.22218" lon="-72.52972">
        <ele>203</ele>
      </trkpt>
      <trkpt lat="45.22227" lon="-72.53042">
        <ele>203</ele>
      </trkpt>
      <trkpt lat="45.222305" lon="-72.531549">
        <ele>202.7</ele>
      </trkpt>
      <trkpt lat="45.22234" lon="-72.53268">
        <ele>202.3</ele>
      </trkpt>
      <trkpt lat="45.2223" lon="-72.53175">
        <ele>202.7</ele>
      </trkpt>
      <trkpt lat="45.221443" lon="-72.531806">
        <ele>202.4</ele>
      </trkpt>
      <trkpt lat="45.220586" lon="-72.531863">
        <ele>202.6</ele>
      </trkpt>
      <trkpt lat="45.21973" lon="-72.53192">
        <ele>202.7</ele>
      </trkpt>
      <trkpt lat="45.21952" lon="-72.53187">
        <ele>202.5</ele>
      </trkpt>
      <trkpt lat="45.21913" lon="-72.5317">
        <ele>202.5</ele>
      </trkpt>
      <trkpt lat="45.21888" lon="-72.53156">
        <ele>202.6</ele>
      </trkpt>
      <trkpt lat="45.218125" lon="-72.531114">
        <ele>202.6</ele>
      </trkpt>
      <trkpt lat="45.21737" lon="-72.53067">
        <ele>201.9</ele>
      </trkpt>
      <trkpt lat="45.21725" lon="-72.53058">
        <ele>201.9</ele>
      </trkpt>
      <trkpt lat="45.21689" lon="-72.52997">
        <ele>203</ele>
      </trkpt>
      <trkpt lat="45.216465" lon="-72.53049">
        <ele>201.2</ele>
      </trkpt>
      <trkpt lat="45.21604" lon="-72.53101">
        <ele>200.7</ele>
      </trkpt>
      <trkpt lat="45.21604" lon="-72.53102">
        <ele>200.7</ele>
      </trkpt>
      <trkpt lat="45.215422" lon="-72.531775">
        <ele>201.5</ele>
      </trkpt>
      <trkpt lat="45.214805" lon="-72.53253">
        <ele>201.8</ele>
      </trkpt>
      <trkpt lat="45.214187" lon="-72.533285">
        <ele>202.3</ele>
      </trkpt>
      <trkpt lat="45.21357" lon="-72.53404">
        <ele>205.1</ele>
      </trkpt>
      <trkpt lat="45.21349" lon="-72.53408">
        <ele>205.5</ele>
      </trkpt>
      <trkpt lat="45.21345" lon="-72.53408">
        <ele>205.5</ele>
      </trkpt>
      <trkpt lat="45.21333" lon="-72.53403">
        <ele>205.7</ele>
      </trkpt>
      <trkpt lat="45.2125" lon="-72.53373">
        <ele>202.8</ele>
      </trkpt>
      <trkpt lat="45.21196" lon="-72.53354">
        <ele>205.2</ele>
      </trkpt>
      <trkpt lat="45.211755" lon="-72.534745">
        <ele>205.9</ele>
      </trkpt>
      <trkpt lat="45.21155" lon="-72.53595">
        <ele>206.8</ele>
      </trkpt>
      <trkpt lat="45.210834" lon="-72.535924">
        <ele>207.5</ele>
      </trkpt>
      <trkpt lat="45.21012" lon="-72.5359">
        <ele>211.3</ele>
      </trkpt>
      <trkpt lat="45.20962" lon="-72.5359">
        <ele>215.1</ele>
      </trkpt>
      <trkpt lat="45.208812" lon="-72.535887">
        <ele>216.1</ele>
      </trkpt>
      <trkpt lat="45.208005" lon="-72.535874">
        <ele>215.6</ele>
      </trkpt>
      <trkpt lat="45.207197" lon="-72.535862">
        <ele>215.5</ele>
      </trkpt>
      <trkpt lat="45.20639" lon="-72.53585">
        <ele>216.5</ele>
      </trkpt>
      <trkpt lat="45.205735" lon="-72.535829">
        <ele>220.2</ele>
      </trkpt>
      <trkpt lat="45.20508" lon="-72.53581">
        <ele>226.8</ele>
      </trkpt>
      <trkpt lat="45.204239" lon="-72.53584">
        <ele>239.6</ele>
      </trkpt>
      <trkpt lat="45.2034" lon="-72.53587">
        <ele>250.4</ele>
      </trkpt>
      <trkpt lat="45.20279" lon="-72.53577">
        <ele>259.6</ele>
      </trkpt>
      <trkpt lat="45.20271" lon="-72.53577">
        <ele>260</ele>
      </trkpt>
      <trkpt lat="45.20211" lon="-72.53592">
        <ele>263.7</ele>
      </trkpt>
      <trkpt lat="45.20183" lon="-72.53595">
        <ele>264.8</ele>
      </trkpt>
      <trkpt lat="45.20141" lon="-72.53582">
        <ele>265.3</ele>
      </trkpt>
      <trkpt lat="45.20109" lon="-72.53578">
        <ele>264.8</ele>
      </trkpt>
      <trkpt lat="45.200353" lon="-72.535793">
        <ele>257</ele>
      </trkpt>
      <trkpt lat="45.199616" lon="-72.535806">
        <ele>248.4</ele>
      </trkpt>
      <trkpt lat="45.19888" lon="-72.53582">
        <ele>250.4</ele>
      </trkpt>
      <trkpt lat="45.1987" lon="-72.53586">
        <ele>252.7</ele>
      </trkpt>
      <trkpt lat="45.19846" lon="-72.53601">
        <ele>255.8</ele>
      </trkpt>
      <trkpt lat="45.19834" lon="-72.53618">
        <ele>257.3</ele>
      </trkpt>
      <trkpt lat="45.198" lon="-72.53676">
        <ele>259.5</ele>
      </trkpt>
      <trkpt lat="45.19782" lon="-72.53695">
        <ele>260</ele>
      </trkpt>
      <trkpt lat="45.19762" lon="-72.53708">
        <ele>260.4</ele>
      </trkpt>
      <trkpt lat="45.19743" lon="-72.53712">
        <ele>261.9</ele>
      </trkpt>
      <trkpt lat="45.19711" lon="-72.53712">
        <ele>265</ele>
      </trkpt>
      <trkpt lat="45.19682" lon="-72.53698">
        <ele>268.8</ele>
      </trkpt>
      <trkpt lat="45.19661" lon="-72.53684">
        <ele>271.5</ele>
      </trkpt>
      <trkpt lat="45.19613" lon="-72.53636">
        <ele>276.7</ele>
      </trkpt>
      <trkpt lat="45.19586" lon="-72.53613">
        <ele>281.3</ele>
      </trkpt>
      <trkpt lat="45.19574" lon="-72.53612">
        <ele>282.7</ele>
      </trkpt>
      <trkpt lat="45.194985" lon="-72.536104">
        <ele>288.2</ele>
      </trkpt>
      <trkpt lat="45.19423" lon="-72.53609">
        <ele>289.5</ele>
      </trkpt>
      <trkpt lat="45.19374" lon="-72.53606">
        <ele>291.4</ele>
      </trkpt>
      <trkpt lat="45.194185" lon="-72.53505">
        <ele>295</ele>
      </trkpt>
      <trkpt lat="45.19463" lon="-72.53404">
        <ele>295.5</ele>
      </trkpt>
      <trkpt lat="45.19462" lon="-72.53404">
        <ele>295.5</ele>
      </trkpt>
      <trkpt lat="45.19502" lon="-72.533142">
        <ele>298.9</ele>
      </trkpt>
      <trkpt lat="45.19542" lon="-72.532244">
        <ele>300.8</ele>
      </trkpt>
      <trkpt lat="45.19582" lon="-72.531346">
        <ele>300.6</ele>
      </trkpt>
      <trkpt lat="45.19622" lon="-72.530448">
        <ele>300.5</ele>
      </trkpt>
      <trkpt lat="45.19662" lon="-72.52955">
        <ele>301.8</ele>
      </trkpt>
      <trkpt lat="45.196985" lon="-72.52868">
        <ele>303.8</ele>
      </trkpt>
      <trkpt lat="45.19735" lon="-72.52781">
        <ele>301.7</ele>
      </trkpt>
      <trkpt lat="45.197804" lon="-72.526822">
        <ele>303</ele>
      </trkpt>
      <trkpt lat="45.198258" lon="-72.525834">
        <ele>304.1</ele>
      </trkpt>
      <trkpt lat="45.198713" lon="-72.524846">
        <ele>306.7</ele>
      </trkpt>
      <trkpt lat="45.199167" lon="-72.523859">
        <ele>310.1</ele>
      </trkpt>
      <trkpt lat="45.199622" lon="-72.522871">
        <ele>312.2</ele>
      </trkpt>
      <trkpt lat="45.200076" lon="-72.521883">
        <ele>315.7</ele>
      </trkpt>
      <trkpt lat="45.200531" lon="-72.520895">
        <ele>318.8</ele>
      </trkpt>
      <trkpt lat="45.200985" lon="-72.519907">
        <ele>317.7</ele>
      </trkpt>
      <trkpt lat="45.20144" lon="-72.51892">
        <ele>318</ele>
      </trkpt>
      <trkpt lat="45.20113" lon="-72.51858">
        <ele>319.8</ele>
      </trkpt>
      <trkpt lat="45.2009" lon="-72.51819">
        <ele>323.5</ele>
      </trkpt>
      <trkpt lat="45.20079" lon="-72.51791">
        <ele>325.6</ele>
      </trkpt>
      <trkpt lat="45.200595" lon="-72.517299">
        <ele>333.3</ele>
      </trkpt>
      <trkpt lat="45.2004" lon="-72.51669">
        <ele>339.7</ele>
      </trkpt>
      <trkpt lat="45.20027" lon="-72.51639">
        <ele>342</ele>
      </trkpt>
      <trkpt lat="45.20006" lon="-72.51631">
        <ele>345.5</ele>
      </trkpt>
      <trkpt lat="45.19923" lon="-72.516336">
        <ele>345.1</ele>
      </trkpt>
      <trkpt lat="45.1984" lon="-72.516363">
        <ele>344</ele>
      </trkpt>
      <trkpt lat="45.19757" lon="-72.51639">
        <ele>344.4</ele>
      </trkpt>
      <trkpt lat="45.196733" lon="-72.516403">
        <ele>333.4</ele>
      </trkpt>
      <trkpt lat="45.195896" lon="-72.516416">
        <ele>322</ele>
      </trkpt>
      <trkpt lat="45.19506" lon="-72.51643">
        <ele>315.3</ele>
      </trkpt>
      <trkpt lat="45.194176" lon="-72.51647">
        <ele>306.1</ele>
      </trkpt>
      <trkpt lat="45.193292" lon="-72.516511">
        <ele>289.7</ele>
      </trkpt>
      <trkpt lat="45.192409" lon="-72.516552">
        <ele>281.8</ele>
      </trkpt>
      <trkpt lat="45.191525" lon="-72.516593">
        <ele>285.7</ele>
      </trkpt>
      <trkpt lat="45.190641" lon="-72.516634">
        <ele>297.5</ele>
      </trkpt>
      <trkpt lat="45.189758" lon="-72.516675">
        <ele>295.6</ele>
      </trkpt>
      <trkpt lat="45.188874" lon="-72.516716">
        <ele>288.5</ele>
      </trkpt>
      <trkpt lat="45.18799" lon="-72.516757">
        <ele>288.4</ele>
      </trkpt>
      <trkpt lat="45.187107" lon="-72.516798">
        <ele>287.7</ele>
      </trkpt>
      <trkpt lat="45.186223" lon="-72.516839">
        <ele>281.5</ele>
      </trkpt>
      <trkpt lat="45.18534" lon="-72.51688">
        <ele>272.8</ele>
      </trkpt>
      <trkpt lat="45.184594" lon="-72.516892">
        <ele>275.6</ele>
      </trkpt>
      <trkpt lat="45.183849" lon="-72.516905">
        <ele>286.1</ele>
      </trkpt>
      <trkpt lat="45.183104" lon="-72.516917">
        <ele>292.7</ele>
      </trkpt>
      <trkpt lat="45.18236" lon="-72.51693">
        <ele>296.4</ele>
      </trkpt>
      <trkpt lat="45.181649" lon="-72.51697">
        <ele>291.2</ele>
      </trkpt>
      <trkpt lat="45.18094" lon="-72.51701">
        <ele>290.2</ele>
      </trkpt>
      <trkpt lat="45.180419" lon="-72.51701">
        <ele>289.3</ele>
      </trkpt>
      <trkpt lat="45.1799" lon="-72.51701">
        <ele>287.2</ele>
      </trkpt>
      <trkpt lat="45.179054" lon="-72.51701">
        <ele>287.7</ele>
      </trkpt>
      <trkpt lat="45.17821" lon="-72.51701">
        <ele>279.3</ele>
      </trkpt>
      <trkpt lat="45.177629" lon="-72.517035">
        <ele>275</ele>
      </trkpt>
      <trkpt lat="45.17705" lon="-72.51706">
        <ele>276.1</ele>
      </trkpt>
      <trkpt lat="45.17635" lon="-72.51704">
        <ele>279</ele>
      </trkpt>
      <trkpt lat="45.17624" lon="-72.51649">
        <ele>279</ele>
      </trkpt>
      <trkpt lat="45.17608" lon="-72.51613">
        <ele>279.4</ele>
      </trkpt>
      <trkpt lat="45.17592" lon="-72.51594">
        <ele>279.5</ele>
      </trkpt>
      <trkpt lat="45.175342" lon="-72.515344">
        <ele>276.6</ele>
      </trkpt>
      <trkpt lat="45.174765" lon="-72.514749">
        <ele>274.6</ele>
      </trkpt>
      <trkpt lat="45.174187" lon="-72.514154">
        <ele>272</ele>
      </trkpt>
      <trkpt lat="45.17361" lon="-72.51356">
        <ele>269.5</ele>
      </trkpt>
      <trkpt lat="45.17326" lon="-72.51316">
        <ele>267.7</ele>
      </trkpt>
      <trkpt lat="45.17286" lon="-72.51263">
        <ele>265.3</ele>
      </trkpt>
      <trkpt lat="45.17246" lon="-72.511954">
        <ele>262.6</ele>
      </trkpt>
      <trkpt lat="45.17206" lon="-72.51128">
        <ele>263.8</ele>
      </trkpt>
      <trkpt lat="45.171815" lon="-72.510699">
        <ele>266.9</ele>
      </trkpt>
      <trkpt lat="45.17157" lon="-72.51012">
        <ele>270.4</ele>
      </trkpt>
      <trkpt lat="45.17122" lon="-72.50918">
        <ele>272.5</ele>
      </trkpt>
      <trkpt lat="45.17089" lon="-72.50802">
        <ele>270.5</ele>
      </trkpt>
      <trkpt lat="45.170606" lon="-72.506883">
        <ele>274.5</ele>
      </trkpt>
      <trkpt lat="45.170322" lon="-72.505747">
        <ele>283</ele>
      </trkpt>
      <trkpt lat="45.170038" lon="-72.504611">
        <ele>286.7</ele>
      </trkpt>
      <trkpt lat="45.169754" lon="-72.503475">
        <ele>292.2</ele>
      </trkpt>
      <trkpt lat="45.16947" lon="-72.50234">
        <ele>295.7</ele>
      </trkpt>
      <trkpt lat="45.16934" lon="-72.50149">
        <ele>297.7</ele>
      </trkpt>
      <trkpt lat="45.1693" lon="-72.500554">
        <ele>297.4</ele>
      </trkpt>
      <trkpt lat="45.16926" lon="-72.49962">
        <ele>295.6</ele>
      </trkpt>
      <trkpt lat="45.169205" lon="-72.498909">
        <ele>292.4</ele>
      </trkpt>
      <trkpt lat="45.16915" lon="-72.4982">
        <ele>289.6</ele>
      </trkpt>
      <trkpt lat="45.168376" lon="-72.49823">
        <ele>284.6</ele>
      </trkpt>
      <trkpt lat="45.167603" lon="-72.49826">
        <ele>287.7</ele>
      </trkpt>
      <trkpt lat="45.16683" lon="-72.49829">
        <ele>290.1</ele>
      </trkpt>
      <trkpt lat="45.16681" lon="-72.49829">
        <ele>290.1</ele>
      </trkpt>
      <trkpt lat="45.166209" lon="-72.498325">
        <ele>289.1</ele>
      </trkpt>
      <trkpt lat="45.16561" lon="-72.49836">
        <ele>286.9</ele>
      </trkpt>
      <trkpt lat="45.164728" lon="-72.498396">
        <ele>288</ele>
      </trkpt>
      <trkpt lat="45.163846" lon="-72.498433">
        <ele>294.5</ele>
      </trkpt>
      <trkpt lat="45.162965" lon="-72.49847">
        <ele>300.3</ele>
      </trkpt>
      <trkpt lat="45.162083" lon="-72.498506">
        <ele>302.9</ele>
      </trkpt>
      <trkpt lat="45.161201" lon="-72.498543">
        <ele>306.4</ele>
      </trkpt>
      <trkpt lat="45.16032" lon="-72.49858">
        <ele>311.7</ele>
      </trkpt>
      <trkpt lat="45.15966" lon="-72.498606">
        <ele>318.3</ele>
      </trkpt>
      <trkpt lat="45.158999" lon="-72.498633">
        <ele>326.5</ele>
      </trkpt>
      <trkpt lat="45.15834" lon="-72.49866">
        <ele>334.6</ele>
      </trkpt>
      <trkpt lat="45.15824" lon="-72.4987">
        <ele>334.8</ele>
      </trkpt>
      <trkpt lat="45.15818" lon="-72.49875">
        <ele>335.1</ele>
      </trkpt>
      <trkpt lat="45.15813" lon="-72.49888">
        <ele>335.5</ele>
      </trkpt>
      <trkpt lat="45.15813" lon="-72.5">
        <ele>337.2</ele>
      </trkpt>
      <trkpt lat="45.158157" lon="-72.501162">
        <ele>336.8</ele>
      </trkpt>
      <trkpt lat="45.158184" lon="-72.502325">
        <ele>336.1</ele>
      </trkpt>
      <trkpt lat="45.158211" lon="-72.503488">
        <ele>335.5</ele>
      </trkpt>
      <trkpt lat="45.158238" lon="-72.504651">
        <ele>335.5</ele>
      </trkpt>
      <trkpt lat="45.158265" lon="-72.505814">
        <ele>335</ele>
      </trkpt>
      <trkpt lat="45.158292" lon="-72.506977">
        <ele>334.8</ele>
      </trkpt>
      <trkpt lat="45.15832" lon="-72.50814">
        <ele>334</ele>
      </trkpt>
      <trkpt lat="45.15834" lon="-72.509187">
        <ele>334.1</ele>
      </trkpt>
      <trkpt lat="45.15836" lon="-72.510235">
        <ele>336.7</ele>
      </trkpt>
      <trkpt lat="45.15838" lon="-72.511283">
        <ele>341.2</ele>
      </trkpt>
      <trkpt lat="45.1584" lon="-72.512331">
        <ele>343.1</ele>
      </trkpt>
      <trkpt lat="45.15842" lon="-72.51338">
        <ele>344.9</ele>
      </trkpt>
      <trkpt lat="45.15845" lon="-72.51442">
        <ele>342.7</ele>
      </trkpt>
      <trkpt lat="45.1585" lon="-72.51537">
        <ele>341.5</ele>
      </trkpt>
      <trkpt lat="45.1585" lon="-72.51616">
        <ele>340.6</ele>
      </trkpt>
      <trkpt lat="45.15853" lon="-72.516934">
        <ele>336.8</ele>
      </trkpt>
      <trkpt lat="45.15856" lon="-72.51771">
        <ele>334</ele>
      </trkpt>
      <trkpt lat="45.159129" lon="-72.517719">
        <ele>333.4</ele>
      </trkpt>
      <trkpt lat="45.1597" lon="-72.51773">
        <ele>328.5</ele>
      </trkpt>
      <trkpt lat="45.15981" lon="-72.51778">
        <ele>328</ele>
      </trkpt>
      <trkpt lat="45.15996" lon="-72.518">
        <ele>327.2</ele>
      </trkpt>
      <trkpt lat="45.16014" lon="-72.51841">
        <ele>326.7</ele>
      </trkpt>
      <trkpt lat="45.16019" lon="-72.51854">
        <ele>326.5</ele>
      </trkpt>
      <trkpt lat="45.16042" lon="-72.5189">
        <ele>325</ele>
      </trkpt>
      <trkpt lat="45.16075" lon="-72.5197">
        <ele>319.8</ele>
      </trkpt>
      <trkpt lat="45.16097" lon="-72.52061">
        <ele>312.4</ele>
      </trkpt>
      <trkpt lat="45.161135" lon="-72.521424">
        <ele>304.5</ele>
      </trkpt>
      <trkpt lat="45.1613" lon="-72.52224">
        <ele>297.6</ele>
      </trkpt>
      <trkpt lat="45.16135" lon="-72.52257">
        <ele>295.6</ele>
      </trkpt>
      <trkpt lat="45.16137" lon="-72.5228">
        <ele>292.9</ele>
      </trkpt>
      <trkpt lat="45.16137" lon="-72.52341">
        <ele>290.5</ele>
      </trkpt>
      <trkpt lat="45.16132" lon="-72.52391">
        <ele>286.9</ele>
      </trkpt>
      <trkpt lat="45.16126" lon="-72.52431">
        <ele>285.4</ele>
      </trkpt>
      <trkpt lat="45.16097" lon="-72.52505">
        <ele>283.6</ele>
      </trkpt>
      <trkpt lat="45.16068" lon="-72.52579">
        <ele>285.1</ele>
      </trkpt>
      <trkpt lat="45.16055" lon="-72.52635">
        <ele>285.1</ele>
      </trkpt>
      <trkpt lat="45.16029" lon="-72.52731">
        <ele>280.6</ele>
      </trkpt>
      <trkpt lat="45.16016" lon="-72.52803">
        <ele>280.7</ele>
      </trkpt>
      <trkpt lat="45.16015" lon="-72.5282">
        <ele>281.4</ele>
      </trkpt>
      <trkpt lat="45.16015" lon="-72.52821">
        <ele>281.5</ele>
      </trkpt>
      <trkpt lat="45.16013" lon="-72.52861">
        <ele>282.4</ele>
      </trkpt>
      <trkpt lat="45.16008" lon="-72.52897">
        <ele>281.6</ele>
      </trkpt>
      <trkpt lat="45.16007" lon="-72.52919">
        <ele>280.4</ele>
      </trkpt>
      <trkpt lat="45.1601" lon="-72.529904">
        <ele>278</ele>
      </trkpt>
      <trkpt lat="45.16013" lon="-72.53062">
        <ele>276.9</ele>
      </trkpt>
      <trkpt lat="45.16013" lon="-72.53138">
        <ele>278</ele>
      </trkpt>
      <trkpt lat="45.16013" lon="-72.53214">
        <ele>278.4</ele>
      </trkpt>
      <trkpt lat="45.16016" lon="-72.53274">
        <ele>277.9</ele>
      </trkpt>
      <trkpt lat="45.16017" lon="-72.533494">
        <ele>278.8</ele>
      </trkpt>
      <trkpt lat="45.16018" lon="-72.53425">
        <ele>278.1</ele>
      </trkpt>
      <trkpt lat="45.16011" lon="-72.53465">
        <ele>276.4</ele>
      </trkpt>
      <trkpt lat="45.15984" lon="-72.53574">
        <ele>269</ele>
      </trkpt>
      <trkpt lat="45.15967" lon="-72.53632">
        <ele>267.7</ele>
      </trkpt>
      <trkpt lat="45.15951" lon="-72.53716">
        <ele>263.2</ele>
      </trkpt>
      <trkpt lat="45.15947" lon="-72.53744">
        <ele>261.2</ele>
      </trkpt>
      <trkpt lat="45.15945" lon="-72.53856">
        <ele>257</ele>
      </trkpt>
      <trkpt lat="45.159255" lon="-72.53974">
        <ele>251.6</ele>
      </trkpt>
      <trkpt lat="45.15906" lon="-72.54092">
        <ele>243.5</ele>
      </trkpt>
      <trkpt lat="45.15891" lon="-72.54172">
        <ele>236.8</ele>
      </trkpt>
      <trkpt lat="45.15883" lon="-72.5424">
        <ele>230.5</ele>
      </trkpt>
      <trkpt lat="45.15898" lon="-72.54343">
        <ele>226</ele>
      </trkpt>
      <trkpt lat="45.15899" lon="-72.54362">
        <ele>225</ele>
      </trkpt>
      <trkpt lat="45.15897" lon="-72.54401">
        <ele>221.6</ele>
      </trkpt>
      <trkpt lat="45.15901" lon="-72.54428">
        <ele>219</ele>
      </trkpt>
      <trkpt lat="45.15912" lon="-72.54477">
        <ele>216.1</ele>
      </trkpt>
      <trkpt lat="45.15922" lon="-72.54579">
        <ele>214.8</ele>
      </trkpt>
      <trkpt lat="45.15914" lon="-72.54618">
        <ele>215.2</ele>
      </trkpt>
      <trkpt lat="45.15908" lon="-72.5464">
        <ele>215.2</ele>
      </trkpt>
      <trkpt lat="45.15908" lon="-72.54656">
        <ele>214.9</ele>
      </trkpt>
      <trkpt lat="45.15922" lon="-72.54747">
        <ele>214.7</ele>
      </trkpt>
      <trkpt lat="45.15926" lon="-72.54809">
        <ele>216.2</ele>
      </trkpt>
      <trkpt lat="45.159225" lon="-72.54887">
        <ele>221.9</ele>
      </trkpt>
      <trkpt lat="45.15919" lon="-72.54965">
        <ele>228.9</ele>
      </trkpt>
      <trkpt lat="45.15923" lon="-72.55055">
        <ele>232.9</ele>
      </trkpt>
      <trkpt lat="45.159245" lon="-72.551664">
        <ele>237.4</ele>
      </trkpt>
      <trkpt lat="45.15926" lon="-72.55278">
        <ele>244.2</ele>
      </trkpt>
      <trkpt lat="45.15926" lon="-72.553899">
        <ele>248.2</ele>
      </trkpt>
      <trkpt lat="45.15926" lon="-72.55502">
        <ele>255.8</ele>
      </trkpt>
      <trkpt lat="45.15942" lon="-72.55623">
        <ele>260.1</ele>
      </trkpt>
      <trkpt lat="45.15935" lon="-72.55731">
        <ele>257.7</ele>
      </trkpt>
      <trkpt lat="45.15935" lon="-72.55758">
        <ele>256</ele>
      </trkpt>
      <trkpt lat="45.15937" lon="-72.55789">
        <ele>253.1</ele>
      </trkpt>
      <trkpt lat="45.15943" lon="-72.55815">
        <ele>251.1</ele>
      </trkpt>
      <trkpt lat="45.159452" lon="-72.559137">
        <ele>245.9</ele>
      </trkpt>
      <trkpt lat="45.159475" lon="-72.560124">
        <ele>239.7</ele>
      </trkpt>
      <trkpt lat="45.159497" lon="-72.561112">
        <ele>235.3</ele>
      </trkpt>
      <trkpt lat="45.15952" lon="-72.5621">
        <ele>239.1</ele>
      </trkpt>
      <trkpt lat="45.1594" lon="-72.56281">
        <ele>239.3</ele>
      </trkpt>
      <trkpt lat="45.15937" lon="-72.56312">
        <ele>239.6</ele>
      </trkpt>
      <trkpt lat="45.15934" lon="-72.5639">
        <ele>242</ele>
      </trkpt>
      <trkpt lat="45.15926" lon="-72.56474">
        <ele>246.8</ele>
      </trkpt>
      <trkpt lat="45.15923" lon="-72.56551">
        <ele>248.6</ele>
      </trkpt>
      <trkpt lat="45.15924" lon="-72.56577">
        <ele>248.7</ele>
      </trkpt>
      <trkpt lat="45.15928" lon="-72.56613">
        <ele>247.4</ele>
      </trkpt>
      <trkpt lat="45.15946" lon="-72.56703">
        <ele>240.2</ele>
      </trkpt>
      <trkpt lat="45.15949" lon="-72.567956">
        <ele>236.5</ele>
      </trkpt>
      <trkpt lat="45.15952" lon="-72.568883">
        <ele>235.8</ele>
      </trkpt>
      <trkpt lat="45.15955" lon="-72.56981">
        <ele>234.5</ele>
      </trkpt>
      <trkpt lat="45.1596" lon="-72.57085">
        <ele>235.8</ele>
      </trkpt>
      <trkpt lat="45.158858" lon="-72.570825">
        <ele>234.3</ele>
      </trkpt>
      <trkpt lat="45.158116" lon="-72.570801">
        <ele>232.8</ele>
      </trkpt>
      <trkpt lat="45.157374" lon="-72.570777">
        <ele>236.1</ele>
      </trkpt>
      <trkpt lat="45.156632" lon="-72.570753">
        <ele>243</ele>
      </trkpt>
      <trkpt lat="45.15589" lon="-72.57073">
        <ele>244.2</ele>
      </trkpt>
      <trkpt lat="45.155133" lon="-72.570716">
        <ele>246.7</ele>
      </trkpt>
      <trkpt lat="45.154376" lon="-72.570703">
        <ele>248.8</ele>
      </trkpt>
      <trkpt lat="45.15362" lon="-72.57069">
        <ele>251</ele>
      </trkpt>
      <trkpt lat="45.153165" lon="-72.570649">
        <ele>250.6</ele>
      </trkpt>
      <trkpt lat="45.15271" lon="-72.57061">
        <ele>251.2</ele>
      </trkpt>
      <trkpt lat="45.152019" lon="-72.570584">
        <ele>255.4</ele>
      </trkpt>
      <trkpt lat="45.15133" lon="-72.57056">
        <ele>258.2</ele>
      </trkpt>
      <trkpt lat="45.15103" lon="-72.5706">
        <ele>258.4</ele>
      </trkpt>
      <trkpt lat="45.15077" lon="-72.57065">
        <ele>257.8</ele>
      </trkpt>
      <trkpt lat="45.15064" lon="-72.57073">
        <ele>257.4</ele>
      </trkpt>
      <trkpt lat="45.15053" lon="-72.57083">
        <ele>256.3</ele>
      </trkpt>
      <trkpt lat="45.15035" lon="-72.57115">
        <ele>255.7</ele>
      </trkpt>
      <trkpt lat="45.149927" lon="-72.571985">
        <ele>254.1</ele>
      </trkpt>
      <trkpt lat="45.149505" lon="-72.57282">
        <ele>252.2</ele>
      </trkpt>
      <trkpt lat="45.149082" lon="-72.573655">
        <ele>248.7</ele>
      </trkpt>
      <trkpt lat="45.14866" lon="-72.57449">
        <ele>245.6</ele>
      </trkpt>
      <trkpt lat="45.148262" lon="-72.575297">
        <ele>243.1</ele>
      </trkpt>
      <trkpt lat="45.147865" lon="-72.576105">
        <ele>241</ele>
      </trkpt>
      <trkpt lat="45.147467" lon="-72.576912">
        <ele>237</ele>
      </trkpt>
      <trkpt lat="45.14707" lon="-72.57772">
        <ele>235.9</ele>
      </trkpt>
      <trkpt lat="45.14706" lon="-72.57773">
        <ele>235.9</ele>
      </trkpt>
      <trkpt lat="45.1469" lon="-72.57804">
        <ele>236.1</ele>
      </trkpt>
      <trkpt lat="45.14689" lon="-72.57833">
        <ele>236</ele>
      </trkpt>
      <trkpt lat="45.14689" lon="-72.57835">
        <ele>235.9</ele>
      </trkpt>
      <trkpt lat="45.14686" lon="-72.57944">
        <ele>234.4</ele>
      </trkpt>
      <trkpt lat="45.14688" lon="-72.5799">
        <ele>233.6</ele>
      </trkpt>
      <trkpt lat="45.14691" lon="-72.580976">
        <ele>231.1</ele>
      </trkpt>
      <trkpt lat="45.14694" lon="-72.582053">
        <ele>225.4</ele>
      </trkpt>
      <trkpt lat="45.14697" lon="-72.58313">
        <ele>224.3</ele>
      </trkpt>
      <trkpt lat="45.146986" lon="-72.584143">
        <ele>223.3</ele>
      </trkpt>
      <trkpt lat="45.147003" lon="-72.585156">
        <ele>219.5</ele>
      </trkpt>
      <trkpt lat="45.14702" lon="-72.58617">
        <ele>216.9</ele>
      </trkpt>
      <trkpt lat="45.147025" lon="-72.58734">
        <ele>211.7</ele>
      </trkpt>
      <trkpt lat="45.14703" lon="-72.588511">
        <ele>204</ele>
      </trkpt>
      <trkpt lat="45.147035" lon="-72.589682">
        <ele>198.4</ele>
      </trkpt>
      <trkpt lat="45.14704" lon="-72.590853">
        <ele>195.5</ele>
      </trkpt>
      <trkpt lat="45.147045" lon="-72.592024">
        <ele>193.1</ele>
      </trkpt>
      <trkpt lat="45.14705" lon="-72.593195">
        <ele>190.6</ele>
      </trkpt>
      <trkpt lat="45.147055" lon="-72.594366">
        <ele>188.9</ele>
      </trkpt>
      <trkpt lat="45.14706" lon="-72.595537">
        <ele>186.7</ele>
      </trkpt>
      <trkpt lat="45.147065" lon="-72.596708">
        <ele>176.7</ele>
      </trkpt>
      <trkpt lat="45.14707" lon="-72.59788">
        <ele>172.4</ele>
      </trkpt>
      <trkpt lat="45.14711" lon="-72.59807">
        <ele>172.6</ele>
      </trkpt>
      <trkpt lat="45.14708" lon="-72.59815">
        <ele>172.4</ele>
      </trkpt>
      <trkpt lat="45.14707" lon="-72.59823">
        <ele>172.4</ele>
      </trkpt>
      <trkpt lat="45.14707" lon="-72.599165">
        <ele>169.6</ele>
      </trkpt>
      <trkpt lat="45.14707" lon="-72.6001">
        <ele>169.8</ele>
      </trkpt>
      <trkpt lat="45.147103" lon="-72.601283">
        <ele>171.7</ele>
      </trkpt>
      <trkpt lat="45.147136" lon="-72.602466">
        <ele>171.8</ele>
      </trkpt>
      <trkpt lat="45.14717" lon="-72.60365">
        <ele>174.4</ele>
      </trkpt>
      <trkpt lat="45.14716" lon="-72.60393">
        <ele>174.6</ele>
      </trkpt>
      <trkpt lat="45.1471" lon="-72.60436">
        <ele>174.6</ele>
      </trkpt>
      <trkpt lat="45.14696" lon="-72.60472">
        <ele>174.9</ele>
      </trkpt>
      <trkpt lat="45.14711" lon="-72.6049">
        <ele>174.5</ele>
      </trkpt>
      <trkpt lat="45.14726" lon="-72.60463">
        <ele>174.5</ele>
      </trkpt>
      <trkpt lat="45.14736" lon="-72.60455">
        <ele>174.4</ele>
      </trkpt>
      <trkpt lat="45.14742" lon="-72.60453">
        <ele>174.4</ele>
      </trkpt>
      <trkpt lat="45.148245" lon="-72.604559">
        <ele>167.6</ele>
      </trkpt>
      <trkpt lat="45.14907" lon="-72.60459">
        <ele>164.3</ele>
      </trkpt>
      <trkpt lat="45.149729" lon="-72.604545">
        <ele>163.8</ele>
      </trkpt>
      <trkpt lat="45.15039" lon="-72.6045">
        <ele>162.3</ele>
      </trkpt>
      <trkpt lat="45.15066" lon="-72.60454">
        <ele>162</ele>
      </trkpt>
      <trkpt lat="45.151503" lon="-72.604523">
        <ele>161.6</ele>
      </trkpt>
      <trkpt lat="45.152346" lon="-72.604506">
        <ele>161</ele>
      </trkpt>
      <trkpt lat="45.15319" lon="-72.60449">
        <ele>160.4</ele>
      </trkpt>
      <trkpt lat="45.15331" lon="-72.6045">
        <ele>160.2</ele>
      </trkpt>
      <trkpt lat="45.15344" lon="-72.60454">
        <ele>160.2</ele>
      </trkpt>
      <trkpt lat="45.15367" lon="-72.60471">
        <ele>159.9</ele>
      </trkpt>
      <trkpt lat="45.15414" lon="-72.60514">
        <ele>159.8</ele>
      </trkpt>
      <trkpt lat="45.15456" lon="-72.60557">
        <ele>159.6</ele>
      </trkpt>
      <trkpt lat="45.155255" lon="-72.606239">
        <ele>159.6</ele>
      </trkpt>
      <trkpt lat="45.15595" lon="-72.60691">
        <ele>159.6</ele>
      </trkpt>
      <trkpt lat="45.156405" lon="-72.607454">
        <ele>159.5</ele>
      </trkpt>
      <trkpt lat="45.15686" lon="-72.608">
        <ele>159.4</ele>
      </trkpt>
      <trkpt lat="45.1573" lon="-72.60862">
        <ele>157.6</ele>
      </trkpt>
      <trkpt lat="45.15754" lon="-72.60893">
        <ele>157.4</ele>
      </trkpt>
      <trkpt lat="45.15754" lon="-72.60892">
        <ele>157.4</ele>
      </trkpt>
      <trkpt lat="45.15789" lon="-72.609344">
        <ele>156.7</ele>
      </trkpt>
      <trkpt lat="45.15824" lon="-72.60977">
        <ele>156.5</ele>
      </trkpt>
      <trkpt lat="45.15863" lon="-72.61014">
        <ele>156.5</ele>
      </trkpt>
      <trkpt lat="45.15902" lon="-72.6105">
        <ele>156.9</ele>
      </trkpt>
      <trkpt lat="45.15948" lon="-72.61081">
        <ele>158.1</ele>
      </trkpt>
      <trkpt lat="45.159975" lon="-72.611034">
        <ele>157.5</ele>
      </trkpt>
      <trkpt lat="45.16047" lon="-72.61126">
        <ele>157.3</ele>
      </trkpt>
      <trkpt lat="45.1607" lon="-72.61135">
        <ele>157.2</ele>
      </trkpt>
      <trkpt lat="45.16086" lon="-72.61138">
        <ele>157.3</ele>
      </trkpt>
      <trkpt lat="45.16099" lon="-72.61131">
        <ele>157.3</ele>
      </trkpt>
      <trkpt lat="45.16142" lon="-72.61093">
        <ele>157</ele>
      </trkpt>
      <trkpt lat="45.161973" lon="-72.6104">
        <ele>156.7</ele>
      </trkpt>
      <trkpt lat="45.162526" lon="-72.60987">
        <ele>157.7</ele>
      </trkpt>
      <trkpt lat="45.16308" lon="-72.60934">
        <ele>157.1</ele>
      </trkpt>
      <trkpt lat="45.163295" lon="-72.609939">
        <ele>155.3</ele>
      </trkpt>
      <trkpt lat="45.16351" lon="-72.61054">
        <ele>153.8</ele>
      </trkpt>
      <trkpt lat="45.1637" lon="-72.61094">
        <ele>152.4</ele>
      </trkpt>
      <trkpt lat="45.16392" lon="-72.61117">
        <ele>152.4</ele>
      </trkpt>
      <trkpt lat="45.16413" lon="-72.61117">
        <ele>152.9</ele>
      </trkpt>
      <trkpt lat="45.16471" lon="-72.611055">
        <ele>154</ele>
      </trkpt>
      <trkpt lat="45.16529" lon="-72.61094">
        <ele>155.5</ele>
      </trkpt>
      <trkpt lat="45.16614" lon="-72.61103">
        <ele>153.7</ele>
      </trkpt>
      <trkpt lat="45.16633" lon="-72.61112">
        <ele>154.6</ele>
      </trkpt>
      <trkpt lat="45.16644" lon="-72.61124">
        <ele>154.9</ele>
      </trkpt>
      <trkpt lat="45.16653" lon="-72.61139">
        <ele>153.8</ele>
      </trkpt>
      <trkpt lat="45.16671" lon="-72.61153">
        <ele>152.7</ele>
      </trkpt>
      <trkpt lat="45.16721" lon="-72.61175">
        <ele>151.8</ele>
      </trkpt>
      <trkpt lat="45.16765" lon="-72.61202">
        <ele>153</ele>
      </trkpt>
      <trkpt lat="45.16814" lon="-72.61228">
        <ele>157</ele>
      </trkpt>
      <trkpt lat="45.168615" lon="-72.612569">
        <ele>160.6</ele>
      </trkpt>
      <trkpt lat="45.16909" lon="-72.61286">
        <ele>160.7</ele>
      </trkpt>
      <trkpt lat="45.1693" lon="-72.61288">
        <ele>158.2</ele>
      </trkpt>
      <trkpt lat="45.1694" lon="-72.61287">
        <ele>157.9</ele>
      </trkpt>
      <trkpt lat="45.16974" lon="-72.61273">
        <ele>156.3</ele>
      </trkpt>
      <trkpt lat="45.17004" lon="-72.61251">
        <ele>157.1</ele>
      </trkpt>
      <trkpt lat="45.17003" lon="-72.61251">
        <ele>157.1</ele>
      </trkpt>
      <trkpt lat="45.17014" lon="-72.61243">
        <ele>158.2</ele>
      </trkpt>
      <trkpt lat="45.17024" lon="-72.61238">
        <ele>159.3</ele>
      </trkpt>
      <trkpt lat="45.17056" lon="-72.61233">
        <ele>160.7</ele>
      </trkpt>
      <trkpt lat="45.17066" lon="-72.61237">
        <ele>160.7</ele>
      </trkpt>
      <trkpt lat="45.17126" lon="-72.612799">
        <ele>157.7</ele>
      </trkpt>
      <trkpt lat="45.17186" lon="-72.61323">
        <ele>155.6</ele>
      </trkpt>
      <trkpt lat="45.17221" lon="-72.6139">
        <ele>155.7</ele>
      </trkpt>
      <trkpt lat="45.172465" lon="-72.614609">
        <ele>153.6</ele>
      </trkpt>
      <trkpt lat="45.17272" lon="-72.61532">
        <ele>149.3</ele>
      </trkpt>
      <trkpt lat="45.17311" lon="-72.616339">
        <ele>149.6</ele>
      </trkpt>
      <trkpt lat="45.1735" lon="-72.617359">
        <ele>148.6</ele>
      </trkpt>
      <trkpt lat="45.17389" lon="-72.61838">
        <ele>148.4</ele>
      </trkpt>
      <trkpt lat="45.174143" lon="-72.619229">
        <ele>145.5</ele>
      </trkpt>
      <trkpt lat="45.174396" lon="-72.620079">
        <ele>145.2</ele>
      </trkpt>
      <trkpt lat="45.17465" lon="-72.62093">
        <ele>146.8</ele>
      </trkpt>
      <trkpt lat="45.17469" lon="-72.62115">
        <ele>148.5</ele>
      </trkpt>
      <trkpt lat="45.17469" lon="-72.62133">
        <ele>149</ele>
      </trkpt>
      <trkpt lat="45.17455" lon="-72.62169">
        <ele>150.1</ele>
      </trkpt>
      <trkpt lat="45.17398" lon="-72.62262">
        <ele>152.8</ele>
      </trkpt>
      <trkpt lat="45.17356" lon="-72.62345">
        <ele>151.7</ele>
      </trkpt>
      <trkpt lat="45.17313" lon="-72.62446">
        <ele>147.9</ele>
      </trkpt>
      <trkpt lat="45.17312" lon="-72.62446">
        <ele>147.9</ele>
      </trkpt>
      <trkpt lat="45.17271" lon="-72.62544">
        <ele>150.2</ele>
      </trkpt>
      <trkpt lat="45.172445" lon="-72.626205">
        <ele>158.4</ele>
      </trkpt>
      <trkpt lat="45.17218" lon="-72.62697">
        <ele>164.3</ele>
      </trkpt>
      <trkpt lat="45.17196" lon="-72.627715">
        <ele>164.8</ele>
      </trkpt>
      <trkpt lat="45.17174" lon="-72.62846">
        <ele>161.1</ele>
      </trkpt>
      <trkpt lat="45.17147" lon="-72.629615">
        <ele>159.6</ele>
      </trkpt>
      <trkpt lat="45.1712" lon="-72.63077">
        <ele>160.6</ele>
      </trkpt>
      <trkpt lat="45.170935" lon="-72.631832">
        <ele>164.3</ele>
      </trkpt>
      <trkpt lat="45.170671" lon="-72.632895">
        <ele>172.7</ele>
      </trkpt>
      <trkpt lat="45.170407" lon="-72.633958">
        <ele>178</ele>
      </trkpt>
      <trkpt lat="45.170142" lon="-72.635021">
        <ele>179.2</ele>
      </trkpt>
      <trkpt lat="45.169878" lon="-72.636084">
        <ele>181.3</ele>
      </trkpt>
      <trkpt lat="45.169614" lon="-72.637147">
        <ele>184</ele>
      </trkpt>
      <trkpt lat="45.16935" lon="-72.63821">
        <ele>187.9</ele>
      </trkpt>
      <trkpt lat="45.16922" lon="-72.63884">
        <ele>191.1</ele>
      </trkpt>
      <trkpt lat="45.1692" lon="-72.63905">
        <ele>191.8</ele>
      </trkpt>
      <trkpt lat="45.1692" lon="-72.63933">
        <ele>192.4</ele>
      </trkpt>
      <trkpt lat="45.169246" lon="-72.640239">
        <ele>188.1</ele>
      </trkpt>
      <trkpt lat="45.169293" lon="-72.641149">
        <ele>183.8</ele>
      </trkpt>
      <trkpt lat="45.16934" lon="-72.64206">
        <ele>178.8</ele>
      </trkpt>
      <trkpt lat="45.16935" lon="-72.6426">
        <ele>177.4</ele>
      </trkpt>
      <trkpt lat="45.16932" lon="-72.64326">
        <ele>176</ele>
      </trkpt>
      <trkpt lat="45.169222" lon="-72.644442">
        <ele>174.1</ele>
      </trkpt>
      <trkpt lat="45.169124" lon="-72.645624">
        <ele>171.7</ele>
      </trkpt>
      <trkpt lat="45.169026" lon="-72.646806">
        <ele>170.3</ele>
      </trkpt>
      <trkpt lat="45.168928" lon="-72.647988">
        <ele>170.7</ele>
      </trkpt>
      <trkpt lat="45.16883" lon="-72.64917">
        <ele>173.2</ele>
      </trkpt>
      <trkpt lat="45.1692" lon="-72.64963">
        <ele>172</ele>
      </trkpt>
      <trkpt lat="45.16954" lon="-72.64999">
        <ele>167</ele>
      </trkpt>
      <trkpt lat="45.17014" lon="-72.65057">
        <ele>163.2</ele>
      </trkpt>
      <trkpt lat="45.17068" lon="-72.65101">
        <ele>161.4</ele>
      </trkpt>
      <trkpt lat="45.17105" lon="-72.65142">
        <ele>161.1</ele>
      </trkpt>
      <trkpt lat="45.1713" lon="-72.65175">
        <ele>160</ele>
      </trkpt>
      <trkpt lat="45.17154" lon="-72.65223">
        <ele>157.6</ele>
      </trkpt>
      <trkpt lat="45.17181" lon="-72.65303">
        <ele>152.8</ele>
      </trkpt>
      <trkpt lat="45.17216" lon="-72.65392">
        <ele>148.5</ele>
      </trkpt>
      <trkpt lat="45.17231" lon="-72.65424">
        <ele>148.5</ele>
      </trkpt>
      <trkpt lat="45.17246" lon="-72.65451">
        <ele>146.1</ele>
      </trkpt>
      <trkpt lat="45.17258" lon="-72.65468">
        <ele>145.5</ele>
      </trkpt>
      <trkpt lat="45.17303" lon="-72.65523">
        <ele>143.3</ele>
      </trkpt>
      <trkpt lat="45.17345" lon="-72.65567">
        <ele>141.5</ele>
      </trkpt>
      <trkpt lat="45.17399" lon="-72.6562">
        <ele>138.2</ele>
      </trkpt>
      <trkpt lat="45.17421" lon="-72.65646">
        <ele>136.3</ele>
      </trkpt>
      <trkpt lat="45.17457" lon="-72.65687">
        <ele>131.2</ele>
      </trkpt>
      <trkpt lat="45.17486" lon="-72.65726">
        <ele>130.4</ele>
      </trkpt>
      <trkpt lat="45.17507" lon="-72.65768">
        <ele>131.5</ele>
      </trkpt>
      <trkpt lat="45.17519" lon="-72.65814">
        <ele>132.8</ele>
      </trkpt>
      <trkpt lat="45.17535" lon="-72.65845">
        <ele>132.2</ele>
      </trkpt>
      <trkpt lat="45.17572" lon="-72.65904">
        <ele>131.6</ele>
      </trkpt>
      <trkpt lat="45.17591" lon="-72.65947">
        <ele>130.5</ele>
      </trkpt>
      <trkpt lat="45.17601" lon="-72.6601">
        <ele>129.7</ele>
      </trkpt>
      <trkpt lat="45.17607" lon="-72.66136">
        <ele>129.3</ele>
      </trkpt>
      <trkpt lat="45.17605" lon="-72.66212">
        <ele>128.2</ele>
      </trkpt>
      <trkpt lat="45.17661" lon="-72.662239">
        <ele>127.2</ele>
      </trkpt>
      <trkpt lat="45.17717" lon="-72.66236">
        <ele>127.7</ele>
      </trkpt>
      <trkpt lat="45.17804" lon="-72.66252">
        <ele>127.6</ele>
      </trkpt>
      <trkpt lat="45.17849" lon="-72.66198">
        <ele>126.1</ele>
      </trkpt>
      <trkpt lat="45.17894" lon="-72.66132">
        <ele>128.6</ele>
      </trkpt>
      <trkpt lat="45.17905" lon="-72.66113">
        <ele>129.4</ele>
      </trkpt>
      <trkpt lat="45.17921" lon="-72.66055">
        <ele>133.4</ele>
      </trkpt>
      <trkpt lat="45.17925" lon="-72.66023">
        <ele>133.6</ele>
      </trkpt>
      <trkpt lat="45.17927" lon="-72.65988">
        <ele>134</ele>
      </trkpt>
      <trkpt lat="45.17927" lon="-72.65899">
        <ele>134</ele>
      </trkpt>
      <trkpt lat="45.179266" lon="-72.657869">
        <ele>135.5</ele>
      </trkpt>
      <trkpt lat="45.179263" lon="-72.656749">
        <ele>139.4</ele>
      </trkpt>
      <trkpt lat="45.17926" lon="-72.65563">
        <ele>145</ele>
      </trkpt>
      <trkpt lat="45.17929" lon="-72.655">
        <ele>147.3</ele>
      </trkpt>
      <trkpt lat="45.17934" lon="-72.65464">
        <ele>147.5</ele>
      </trkpt>
      <trkpt lat="45.17956" lon="-72.653686">
        <ele>145.1</ele>
      </trkpt>
      <trkpt lat="45.17978" lon="-72.652733">
        <ele>143.2</ele>
      </trkpt>
      <trkpt lat="45.18" lon="-72.65178">
        <ele>142.9</ele>
      </trkpt>
      <trkpt lat="45.180615" lon="-72.651755">
        <ele>137.7</ele>
      </trkpt>
      <trkpt lat="45.18123" lon="-72.65173">
        <ele>135.4</ele>
      </trkpt>
      <trkpt lat="45.181755" lon="-72.65169">
        <ele>137.9</ele>
      </trkpt>
      <trkpt lat="45.18228" lon="-72.65165">
        <ele>142</ele>
      </trkpt>
      <trkpt lat="45.182744" lon="-72.651645">
        <ele>146.3</ele>
      </trkpt>
      <trkpt lat="45.18321" lon="-72.65164">
        <ele>153.2</ele>
      </trkpt>
      <trkpt lat="45.1835" lon="-72.6516">
        <ele>156.2</ele>
      </trkpt>
      <trkpt lat="45.18387" lon="-72.65164">
        <ele>160.2</ele>
      </trkpt>
      <trkpt lat="45.18399" lon="-72.65168">
        <ele>161</ele>
      </trkpt>
      <trkpt lat="45.18406" lon="-72.65168">
        <ele>161.3</ele>
      </trkpt>
      <trkpt lat="45.1844" lon="-72.65178">
        <ele>162.7</ele>
      </trkpt>
      <trkpt lat="45.18463" lon="-72.65174">
        <ele>163.2</ele>
      </trkpt>
      <trkpt lat="45.18473" lon="-72.65169">
        <ele>163.5</ele>
      </trkpt>
      <trkpt lat="45.18505" lon="-72.6516">
        <ele>164.8</ele>
      </trkpt>
      <trkpt lat="45.18546" lon="-72.65155">
        <ele>167</ele>
      </trkpt>
      <trkpt lat="45.186315" lon="-72.651505">
        <ele>166.4</ele>
      </trkpt>
      <trkpt lat="45.18717" lon="-72.65146">
        <ele>158.2</ele>
      </trkpt>
      <trkpt lat="45.188025" lon="-72.651415">
        <ele>152.8</ele>
      </trkpt>
      <trkpt lat="45.18888" lon="-72.65137">
        <ele>152</ele>
      </trkpt>
      <trkpt lat="45.189722" lon="-72.65132">
        <ele>154.1</ele>
      </trkpt>
      <trkpt lat="45.190564" lon="-72.65127">
        <ele>156</ele>
      </trkpt>
      <trkpt lat="45.191406" lon="-72.65122">
        <ele>162.2</ele>
      </trkpt>
      <trkpt lat="45.192248" lon="-72.65117">
        <ele>165</ele>
      </trkpt>
      <trkpt lat="45.19309" lon="-72.65112">
        <ele>166.2</ele>
      </trkpt>
      <trkpt lat="45.19308" lon="-72.65112">
        <ele>166.2</ele>
      </trkpt>
      <trkpt lat="45.193867" lon="-72.651078">
        <ele>166.9</ele>
      </trkpt>
      <trkpt lat="45.194654" lon="-72.651037">
        <ele>167.2</ele>
      </trkpt>
      <trkpt lat="45.195441" lon="-72.650995">
        <ele>168.7</ele>
      </trkpt>
      <trkpt lat="45.196228" lon="-72.650954">
        <ele>170.3</ele>
      </trkpt>
      <trkpt lat="45.197015" lon="-72.650912">
        <ele>172</ele>
      </trkpt>
      <trkpt lat="45.197802" lon="-72.650871">
        <ele>173.3</ele>
      </trkpt>
      <trkpt lat="45.19859" lon="-72.65083">
        <ele>173.9</ele>
      </trkpt>
      <trkpt lat="45.19924" lon="-72.650773">
        <ele>175.2</ele>
      </trkpt>
      <trkpt lat="45.19989" lon="-72.650716">
        <ele>179.8</ele>
      </trkpt>
      <trkpt lat="45.20054" lon="-72.65066">
        <ele>182.9</ele>
      </trkpt>
      <trkpt lat="45.201373" lon="-72.650643">
        <ele>183.9</ele>
      </trkpt>
      <trkpt lat="45.202206" lon="-72.650626">
        <ele>185.8</ele>
      </trkpt>
      <trkpt lat="45.20304" lon="-72.65061">
        <ele>188.7</ele>
      </trkpt>
      <trkpt lat="45.203885" lon="-72.650555">
        <ele>187</ele>
      </trkpt>
      <trkpt lat="45.20473" lon="-72.6505">
        <ele>185.2</ele>
      </trkpt>
      <trkpt lat="45.205574" lon="-72.650445">
        <ele>183.4</ele>
      </trkpt>
      <trkpt lat="45.20642" lon="-72.65039">
        <ele>184.2</ele>
      </trkpt>
      <trkpt lat="45.20682" lon="-72.65042">
        <ele>184.8</ele>
      </trkpt>
      <trkpt lat="45.20743" lon="-72.650405">
        <ele>187.3</ele>
      </trkpt>
      <trkpt lat="45.20804" lon="-72.65039">
        <ele>189.6</ele>
      </trkpt>
      <trkpt lat="45.20826" lon="-72.65042">
        <ele>190.4</ele>
      </trkpt>
      <trkpt lat="45.20858" lon="-72.65039">
        <ele>190.6</ele>
      </trkpt>
      <trkpt lat="45.20873" lon="-72.65035">
        <ele>190.5</ele>
      </trkpt>
      <trkpt lat="45.20958" lon="-72.650255">
        <ele>187.8</ele>
      </trkpt>
      <trkpt lat="45.21043" lon="-72.65016">
        <ele>182.3</ele>
      </trkpt>
      <trkpt lat="45.21061" lon="-72.65011">
        <ele>181.2</ele>
      </trkpt>
      <trkpt lat="45.21068" lon="-72.65007">
        <ele>180.9</ele>
      </trkpt>
      <trkpt lat="45.21098" lon="-72.64981">
        <ele>179.6</ele>
      </trkpt>
      <trkpt lat="45.21116" lon="-72.64971">
        <ele>179.6</ele>
      </trkpt>
      <trkpt lat="45.211925" lon="-72.649265">
        <ele>177.4</ele>
      </trkpt>
      <trkpt lat="45.21269" lon="-72.64882">
        <ele>172.6</ele>
      </trkpt>
      <trkpt lat="45.213455" lon="-72.648375">
        <ele>165.1</ele>
      </trkpt>
      <trkpt lat="45.21422" lon="-72.64793">
        <ele>165.3</ele>
      </trkpt>
      <trkpt lat="45.214873" lon="-72.647543">
        <ele>170.5</ele>
      </trkpt>
      <trkpt lat="45.215526" lon="-72.647156">
        <ele>176.1</ele>
      </trkpt>
      <trkpt lat="45.21618" lon="-72.64677">
        <ele>183.4</ele>
      </trkpt>
      <trkpt lat="45.216873" lon="-72.64638">
        <ele>186.6</ele>
      </trkpt>
      <trkpt lat="45.217566" lon="-72.64599">
        <ele>188.6</ele>
      </trkpt>
      <trkpt lat="45.21826" lon="-72.6456">
        <ele>191.3</ele>
      </trkpt>
      <trkpt lat="45.218943" lon="-72.645246">
        <ele>193.4</ele>
      </trkpt>
      <trkpt lat="45.219626" lon="-72.644893">
        <ele>194.7</ele>
      </trkpt>
      <trkpt lat="45.22031" lon="-72.64454">
        <ele>198.9</ele>
      </trkpt>
      <trkpt lat="45.2203" lon="-72.64454">
        <ele>198.9</ele>
      </trkpt>
      <trkpt lat="45.221026" lon="-72.644183">
        <ele>203.9</ele>
      </trkpt>
      <trkpt lat="45.221753" lon="-72.643826">
        <ele>210.3</ele>
      </trkpt>
      <trkpt lat="45.22248" lon="-72.64347">
        <ele>215.4</ele>
      </trkpt>
      <trkpt lat="45.22267" lon="-72.64242">
        <ele>214</ele>
      </trkpt>
      <trkpt lat="45.2228" lon="-72.6418">
        <ele>216.7</ele>
      </trkpt>
      <trkpt lat="45.22293" lon="-72.6413">
        <ele>220.2</ele>
      </trkpt>
      <trkpt lat="45.22315" lon="-72.64071">
        <ele>225</ele>
      </trkpt>
      <trkpt lat="45.22329" lon="-72.64041">
        <ele>226.4</ele>
      </trkpt>
      <trkpt lat="45.22386" lon="-72.63952">
        <ele>230.3</ele>
      </trkpt>
      <trkpt lat="45.22433" lon="-72.638885">
        <ele>228.5</ele>
      </trkpt>
      <trkpt lat="45.2248" lon="-72.63825">
        <ele>229.5</ele>
      </trkpt>
      <trkpt lat="45.22488" lon="-72.63812">
        <ele>229.5</ele>
      </trkpt>
      <trkpt lat="45.22494" lon="-72.63791">
        <ele>229.1</ele>
      </trkpt>
      <trkpt lat="45.22494" lon="-72.63792">
        <ele>229.1</ele>
      </trkpt>
      <trkpt lat="45.22499" lon="-72.63767">
        <ele>228.6</ele>
      </trkpt>
      <trkpt lat="45.22498" lon="-72.63699">
        <ele>226.5</ele>
      </trkpt>
      <trkpt lat="45.22495" lon="-72.636234">
        <ele>225.7</ele>
      </trkpt>
      <trkpt lat="45.22492" lon="-72.63548">
        <ele>225.5</ele>
      </trkpt>
      <trkpt lat="45.224855" lon="-72.634269">
        <ele>223.9</ele>
      </trkpt>
      <trkpt lat="45.22479" lon="-72.63306">
        <ele>223.1</ele>
      </trkpt>
      <trkpt lat="45.22477" lon="-72.632415">
        <ele>223</ele>
      </trkpt>
      <trkpt lat="45.22475" lon="-72.63177">
        <ele>221.8</ele>
      </trkpt>
      <trkpt lat="45.225619" lon="-72.63177">
        <ele>222.3</ele>
      </trkpt>
      <trkpt lat="45.22649" lon="-72.63177">
        <ele>223.7</ele>
      </trkpt>
      <trkpt lat="45.226955" lon="-72.631765">
        <ele>226.2</ele>
      </trkpt>
      <trkpt lat="45.22742" lon="-72.63176">
        <ele>229.3</ele>
      </trkpt>
      <trkpt lat="45.22766" lon="-72.63173">
        <ele>231</ele>
      </trkpt>
      <trkpt lat="45.22765" lon="-72.63173">
        <ele>230.9</ele>
      </trkpt>
      <trkpt lat="45.228483" lon="-72.63171">
        <ele>237</ele>
      </trkpt>
      <trkpt lat="45.229316" lon="-72.63169">
        <ele>245.9</ele>
      </trkpt>
      <trkpt lat="45.23015" lon="-72.63167">
        <ele>254.3</ele>
      </trkpt>
      <trkpt lat="45.23027" lon="-72.63172">
        <ele>255.7</ele>
      </trkpt>
      <trkpt lat="45.23031" lon="-72.6318">
        <ele>255.9</ele>
      </trkpt>
      <trkpt lat="45.23036" lon="-72.63198">
        <ele>256.1</ele>
      </trkpt>
      <trkpt lat="45.23038" lon="-72.63258">
        <ele>256</ele>
      </trkpt>
      <trkpt lat="45.230375" lon="-72.633539">
        <ele>261.6</ele>
      </trkpt>
      <trkpt lat="45.23037" lon="-72.6345">
        <ele>272.1</ele>
      </trkpt>
      <trkpt lat="45.230395" lon="-72.635345">
        <ele>279.7</ele>
      </trkpt>
      <trkpt lat="45.23042" lon="-72.63619">
        <ele>284.5</ele>
      </trkpt>
      <trkpt lat="45.23043" lon="-72.63745">
        <ele>286</ele>
      </trkpt>
      <trkpt lat="45.23047" lon="-72.63812">
        <ele>292.4</ele>
      </trkpt>
      <trkpt lat="45.2305" lon="-72.638924">
        <ele>296.2</ele>
      </trkpt>
      <trkpt lat="45.23053" lon="-72.63973">
        <ele>298.7</ele>
      </trkpt>
      <trkpt lat="45.23052" lon="-72.64018">
        <ele>299.1</ele>
      </trkpt>
      <trkpt lat="45.23041" lon="-72.64054">
        <ele>298.5</ele>
      </trkpt>
      <trkpt lat="45.23032" lon="-72.64068">
        <ele>297.6</ele>
      </trkpt>
      <trkpt lat="45.23014" lon="-72.6412">
        <ele>293</ele>
      </trkpt>
      <trkpt lat="45.229915" lon="-72.64197">
        <ele>284.5</ele>
      </trkpt>
      <trkpt lat="45.22969" lon="-72.64274">
        <ele>276.2</ele>
      </trkpt>
      <trkpt lat="45.22954" lon="-72.643385">
        <ele>271</ele>
      </trkpt>
      <trkpt lat="45.22939" lon="-72.64403">
        <ele>265</ele>
      </trkpt>
      <trkpt lat="45.229215" lon="-72.64463">
        <ele>258.5</ele>
      </trkpt>
      <trkpt lat="45.22904" lon="-72.64523">
        <ele>253.7</ele>
      </trkpt>
      <trkpt lat="45.22904" lon="-72.64524">
        <ele>253.7</ele>
      </trkpt>
      <trkpt lat="45.22885" lon="-72.646185">
        <ele>246.9</ele>
      </trkpt>
      <trkpt lat="45.22866" lon="-72.64713">
        <ele>241.2</ele>
      </trkpt>
      <trkpt lat="45.22863" lon="-72.64748">
        <ele>239.9</ele>
      </trkpt>
      <trkpt lat="45.228625" lon="-72.64815">
        <ele>232.1</ele>
      </trkpt>
      <trkpt lat="45.22862" lon="-72.64882">
        <ele>227.9</ele>
      </trkpt>
      <trkpt lat="45.22864" lon="-72.649917">
        <ele>224.6</ele>
      </trkpt>
      <trkpt lat="45.22866" lon="-72.651014">
        <ele>221.7</ele>
      </trkpt>
      <trkpt lat="45.22868" lon="-72.652112">
        <ele>219.8</ele>
      </trkpt>
      <trkpt lat="45.2287" lon="-72.65321">
        <ele>218.9</ele>
      </trkpt>
      <trkpt lat="45.22876" lon="-72.654259">
        <ele>218</ele>
      </trkpt>
      <trkpt lat="45.22882" lon="-72.65531">
        <ele>219.4</ele>
      </trkpt>
      <trkpt lat="45.22885" lon="-72.656004">
        <ele>222.7</ele>
      </trkpt>
      <trkpt lat="45.22888" lon="-72.6567">
        <ele>227.4</ele>
      </trkpt>
      <trkpt lat="45.22887" lon="-72.65733">
        <ele>230.9</ele>
      </trkpt>
      <trkpt lat="45.22896" lon="-72.658513">
        <ele>230.7</ele>
      </trkpt>
      <trkpt lat="45.22905" lon="-72.659696">
        <ele>230.5</ele>
      </trkpt>
      <trkpt lat="45.22914" lon="-72.66088">
        <ele>225.4</ele>
      </trkpt>
      <trkpt lat="45.22922" lon="-72.661569">
        <ele>229.1</ele>
      </trkpt>
      <trkpt lat="45.2293" lon="-72.66226">
        <ele>228.5</ele>
      </trkpt>
      <trkpt lat="45.22936" lon="-72.66238">
        <ele>228.6</ele>
      </trkpt>
      <trkpt lat="45.22943" lon="-72.66247">
        <ele>228.5</ele>
      </trkpt>
      <trkpt lat="45.22986" lon="-72.66279">
        <ele>225.2</ele>
      </trkpt>
      <trkpt lat="45.23006" lon="-72.66288">
        <ele>221.6</ele>
      </trkpt>
      <trkpt lat="45.23013" lon="-72.66296">
        <ele>220.7</ele>
      </trkpt>
      <trkpt lat="45.23021" lon="-72.66318">
        <ele>219.5</ele>
      </trkpt>
      <trkpt lat="45.230315" lon="-72.663969">
        <ele>216</ele>
      </trkpt>
      <trkpt lat="45.23042" lon="-72.66476">
        <ele>211</ele>
      </trkpt>
      <trkpt lat="45.23053" lon="-72.66579">
        <ele>205.2</ele>
      </trkpt>
      <trkpt lat="45.23052" lon="-72.66641">
        <ele>203.6</ele>
      </trkpt>
      <trkpt lat="45.23058" lon="-72.6673">
        <ele>201.7</ele>
      </trkpt>
      <trkpt lat="45.23063" lon="-72.66759">
        <ele>200.4</ele>
      </trkpt>
      <trkpt lat="45.23087" lon="-72.66854">
        <ele>200.9</ele>
      </trkpt>
      <trkpt lat="45.23102" lon="-72.66852">
        <ele>203.2</ele>
      </trkpt>
      <trkpt lat="45.23156" lon="-72.6683">
        <ele>207.4</ele>
      </trkpt>
      <trkpt lat="45.23184" lon="-72.66826">
        <ele>211.6</ele>
      </trkpt>
      <trkpt lat="45.23226" lon="-72.66825">
        <ele>209.1</ele>
      </trkpt>
      <trkpt lat="45.23249" lon="-72.6682">
        <ele>206.2</ele>
      </trkpt>
      <trkpt lat="45.23269" lon="-72.66807">
        <ele>203</ele>
      </trkpt>
      <trkpt lat="45.23296" lon="-72.66776">
        <ele>198.1</ele>
      </trkpt>
      <trkpt lat="45.23307" lon="-72.66753">
        <ele>196.4</ele>
      </trkpt>
      <trkpt lat="45.23313" lon="-72.66727">
        <ele>194.9</ele>
      </trkpt>
      <trkpt lat="45.23318" lon="-72.66718">
        <ele>194.3</ele>
      </trkpt>
      <trkpt lat="45.2335" lon="-72.66686">
        <ele>192.6</ele>
      </trkpt>
      <trkpt lat="45.2339" lon="-72.66624">
        <ele>187.7</ele>
      </trkpt>
      <trkpt lat="45.23407" lon="-72.66571">
        <ele>185.9</ele>
      </trkpt>
      <trkpt lat="45.23426" lon="-72.66529">
        <ele>183.7</ele>
      </trkpt>
      <trkpt lat="45.23433" lon="-72.66506">
        <ele>183</ele>
      </trkpt>
      <trkpt lat="45.23433" lon="-72.66507">
        <ele>183</ele>
      </trkpt>
      <trkpt lat="45.23472" lon="-72.66431">
        <ele>182.4</ele>
      </trkpt>
      <trkpt lat="45.23503" lon="-72.66383">
        <ele>182.7</ele>
      </trkpt>
      <trkpt lat="45.23513" lon="-72.66379">
        <ele>182.4</ele>
      </trkpt>
      <trkpt lat="45.23526" lon="-72.66347">
        <ele>181.4</ele>
      </trkpt>
      <trkpt lat="45.235715" lon="-72.66253">
        <ele>181.9</ele>
      </trkpt>
      <trkpt lat="45.23617" lon="-72.66159">
        <ele>184</ele>
      </trkpt>
      <trkpt lat="45.23656" lon="-72.66086">
        <ele>188.5</ele>
      </trkpt>
      <trkpt lat="45.236925" lon="-72.6601">
        <ele>189.9</ele>
      </trkpt>
      <trkpt lat="45.23729" lon="-72.65934">
        <ele>187.1</ele>
      </trkpt>
      <trkpt lat="45.237695" lon="-72.658395">
        <ele>185.6</ele>
      </trkpt>
      <trkpt lat="45.2381" lon="-72.65745">
        <ele>184.3</ele>
      </trkpt>
      <trkpt lat="45.238848" lon="-72.657414">
        <ele>182.1</ele>
      </trkpt>
      <trkpt lat="45.239596" lon="-72.657378">
        <ele>178.8</ele>
      </trkpt>
      <trkpt lat="45.240344" lon="-72.657342">
        <ele>176.2</ele>
      </trkpt>
      <trkpt lat="45.241092" lon="-72.657306">
        <ele>169.7</ele>
      </trkpt>
      <trkpt lat="45.24184" lon="-72.65727">
        <ele>164.9</ele>
      </trkpt>
      <trkpt lat="45.24256" lon="-72.6572">
        <ele>162.9</ele>
      </trkpt>
      <trkpt lat="45.24255" lon="-72.6572">
        <ele>162.9</ele>
      </trkpt>
      <trkpt lat="45.24315" lon="-72.65715">
        <ele>165.3</ele>
      </trkpt>
      <trkpt lat="45.24375" lon="-72.6571">
        <ele>172.8</ele>
      </trkpt>
      <trkpt lat="45.244229" lon="-72.65708">
        <ele>177</ele>
      </trkpt>
      <trkpt lat="45.24471" lon="-72.65706">
        <ele>181.3</ele>
      </trkpt>
      <trkpt lat="45.245386" lon="-72.65699">
        <ele>184.2</ele>
      </trkpt>
      <trkpt lat="45.246063" lon="-72.65692">
        <ele>184.9</ele>
      </trkpt>
      <trkpt lat="45.24674" lon="-72.65685">
        <ele>187.2</ele>
      </trkpt>
      <trkpt lat="45.24762" lon="-72.65672">
        <ele>191.1</ele>
      </trkpt>
      <trkpt lat="45.24801" lon="-72.6567">
        <ele>193</ele>
      </trkpt>
      <trkpt lat="45.248773" lon="-72.656716">
        <ele>191.4</ele>
      </trkpt>
      <trkpt lat="45.249536" lon="-72.656733">
        <ele>189.4</ele>
      </trkpt>
      <trkpt lat="45.2503" lon="-72.65675">
        <ele>188.1</ele>
      </trkpt>
      <trkpt lat="45.25116" lon="-72.65679">
        <ele>187.3</ele>
      </trkpt>
      <trkpt lat="45.25201" lon="-72.65679">
        <ele>185.9</ele>
      </trkpt>
      <trkpt lat="45.25277" lon="-72.656755">
        <ele>178.5</ele>
      </trkpt>
      <trkpt lat="45.25353" lon="-72.65672">
        <ele>173.4</ele>
      </trkpt>
      <trkpt lat="45.25429" lon="-72.656685">
        <ele>171.7</ele>
      </trkpt>
      <trkpt lat="45.25505" lon="-72.65665">
        <ele>161.1</ele>
      </trkpt>
      <trkpt lat="45.25591" lon="-72.656633">
        <ele>153.5</ele>
      </trkpt>
      <trkpt lat="45.25677" lon="-72.656616">
        <ele>152.6</ele>
      </trkpt>
      <trkpt lat="45.25763" lon="-72.6566">
        <ele>155.7</ele>
      </trkpt>
      <trkpt lat="45.25787" lon="-72.65662">
        <ele>155.5</ele>
      </trkpt>
      <trkpt lat="45.258639" lon="-72.656649">
        <ele>151.5</ele>
      </trkpt>
      <trkpt lat="45.25941" lon="-72.65668">
        <ele>149.5</ele>
      </trkpt>
      <trkpt lat="45.25981" lon="-72.65668">
        <ele>150.4</ele>
      </trkpt>
      <trkpt lat="45.260294" lon="-72.656684">
        <ele>153.1</ele>
      </trkpt>
      <trkpt lat="45.26078" lon="-72.65669">
        <ele>154.8</ele>
      </trkpt>
      <trkpt lat="45.26124" lon="-72.65664">
        <ele>157</ele>
      </trkpt>
      <trkpt lat="45.26131" lon="-72.65581">
        <ele>158.3</ele>
      </trkpt>
      <trkpt lat="45.26128" lon="-72.65532">
        <ele>158.8</ele>
      </trkpt>
      <trkpt lat="45.26118" lon="-72.654464">
        <ele>159.7</ele>
      </trkpt>
      <trkpt lat="45.26108" lon="-72.65361">
        <ele>162.1</ele>
      </trkpt>
      <trkpt lat="45.261056" lon="-72.652429">
        <ele>162.8</ele>
      </trkpt>
      <trkpt lat="45.261033" lon="-72.651249">
        <ele>158.1</ele>
      </trkpt>
      <trkpt lat="45.26101" lon="-72.65007">
        <ele>156.5</ele>
      </trkpt>
      <trkpt lat="45.26096" lon="-72.64943">
        <ele>158.1</ele>
      </trkpt>
      <trkpt lat="45.26087" lon="-72.64851">
        <ele>160.3</ele>
      </trkpt>
      <trkpt lat="45.26081" lon="-72.64819">
        <ele>161</ele>
      </trkpt>
      <trkpt lat="45.26078" lon="-72.64739">
        <ele>163.2</ele>
      </trkpt>
      <trkpt lat="45.26078" lon="-72.64661">
        <ele>167.9</ele>
      </trkpt>
      <trkpt lat="45.26078" lon="-72.64583">
        <ele>168.3</ele>
      </trkpt>
      <trkpt lat="45.2608" lon="-72.64508">
        <ele>166.4</ele>
      </trkpt>
      <trkpt lat="45.260855" lon="-72.64433">
        <ele>164.6</ele>
      </trkpt>
      <trkpt lat="45.26091" lon="-72.64358">
        <ele>161</ele>
      </trkpt>
      <trkpt lat="45.26091" lon="-72.64327">
        <ele>159</ele>
      </trkpt>
      <trkpt lat="45.260786" lon="-72.642179">
        <ele>154.3</ele>
      </trkpt>
      <trkpt lat="45.260663" lon="-72.641089">
        <ele>154.7</ele>
      </trkpt>
      <trkpt lat="45.26054" lon="-72.64">
        <ele>155.4</ele>
      </trkpt>
      <trkpt lat="45.260414" lon="-72.638975">
        <ele>156.2</ele>
      </trkpt>
      <trkpt lat="45.260288" lon="-72.637951">
        <ele>156.9</ele>
      </trkpt>
      <trkpt lat="45.260162" lon="-72.636927">
        <ele>157.4</ele>
      </trkpt>
      <trkpt lat="45.260036" lon="-72.635903">
        <ele>158</ele>
      </trkpt>
      <trkpt lat="45.25991" lon="-72.63488">
        <ele>160.5</ele>
      </trkpt>
      <trkpt lat="45.2599" lon="-72.63476">
        <ele>160.9</ele>
      </trkpt>
      <trkpt lat="45.25995" lon="-72.63435">
        <ele>163.8</ele>
      </trkpt>
      <trkpt lat="45.26004" lon="-72.63396">
        <ele>165.9</ele>
      </trkpt>
      <trkpt lat="45.26006" lon="-72.6337">
        <ele>166.7</ele>
      </trkpt>
      <trkpt lat="45.25993" lon="-72.63257">
        <ele>169.2</ele>
      </trkpt>
      <trkpt lat="45.25983" lon="-72.63202">
        <ele>171</ele>
      </trkpt>
      <trkpt lat="45.25977" lon="-72.63183">
        <ele>173.1</ele>
      </trkpt>
      <trkpt lat="45.26027" lon="-72.63212">
        <ele>177.5</ele>
      </trkpt>
      <trkpt lat="45.260835" lon="-72.632499">
        <ele>181.5</ele>
      </trkpt>
      <trkpt lat="45.2614" lon="-72.63288">
        <ele>180.7</ele>
      </trkpt>
      <trkpt lat="45.26155" lon="-72.63297">
        <ele>180.5</ele>
      </trkpt>
      <trkpt lat="45.26183" lon="-72.63324">
        <ele>178.2</ele>
      </trkpt>
      <trkpt lat="45.26209" lon="-72.6336">
        <ele>174.7</ele>
      </trkpt>
      <trkpt lat="45.2623" lon="-72.63382">
        <ele>174.7</ele>
      </trkpt>
      <trkpt lat="45.26247" lon="-72.63395">
        <ele>171.3</ele>
      </trkpt>
      <trkpt lat="45.2629" lon="-72.63413">
        <ele>167.8</ele>
      </trkpt>
      <trkpt lat="45.26318" lon="-72.63417">
        <ele>166.3</ele>
      </trkpt>
      <trkpt lat="45.26362" lon="-72.6341">
        <ele>165.8</ele>
      </trkpt>
      <trkpt lat="45.26413" lon="-72.633965">
        <ele>170.4</ele>
      </trkpt>
      <trkpt lat="45.26464" lon="-72.63383">
        <ele>172.1</ele>
      </trkpt>
      <trkpt lat="45.26487" lon="-72.63373">
        <ele>171.3</ele>
      </trkpt>
      <trkpt lat="45.26543" lon="-72.63333">
        <ele>169.7</ele>
      </trkpt>
      <trkpt lat="45.26573" lon="-72.63315">
        <ele>172</ele>
      </trkpt>
      <trkpt lat="45.26624" lon="-72.63293">
        <ele>179.1</ele>
      </trkpt>
      <trkpt lat="45.266835" lon="-72.632725">
        <ele>184.2</ele>
      </trkpt>
      <trkpt lat="45.26743" lon="-72.63252">
        <ele>193.1</ele>
      </trkpt>
      <trkpt lat="45.2677" lon="-72.63235">
        <ele>195.1</ele>
      </trkpt>
      <trkpt lat="45.26774" lon="-72.63229">
        <ele>195.5</ele>
      </trkpt>
      <trkpt lat="45.26774" lon="-72.6323">
        <ele>195.5</ele>
      </trkpt>
      <trkpt lat="45.26788" lon="-72.6321">
        <ele>196.6</ele>
      </trkpt>
      <trkpt lat="45.26805" lon="-72.63163">
        <ele>197.8</ele>
      </trkpt>
      <trkpt lat="45.268353" lon="-72.630673">
        <ele>200.2</ele>
      </trkpt>
      <trkpt lat="45.268656" lon="-72.629716">
        <ele>204.3</ele>
      </trkpt>
      <trkpt lat="45.26896" lon="-72.62876">
        <ele>205</ele>
      </trkpt>
      <trkpt lat="45.269316" lon="-72.628043">
        <ele>206.4</ele>
      </trkpt>
      <trkpt lat="45.269673" lon="-72.627326">
        <ele>206.7</ele>
      </trkpt>
      <trkpt lat="45.27003" lon="-72.62661">
        <ele>207.7</ele>
      </trkpt>
      <trkpt lat="45.270416" lon="-72.62587">
        <ele>208.1</ele>
      </trkpt>
      <trkpt lat="45.270803" lon="-72.62513">
        <ele>208.5</ele>
      </trkpt>
      <trkpt lat="45.27119" lon="-72.62439">
        <ele>209.2</ele>
      </trkpt>
      <trkpt lat="45.27118" lon="-72.62439">
        <ele>209.2</ele>
      </trkpt>
      <trkpt lat="45.27148" lon="-72.62379">
        <ele>209</ele>
      </trkpt>
      <trkpt lat="45.27192" lon="-72.62383">
        <ele>212.9</ele>
      </trkpt>
      <trkpt lat="45.272603" lon="-72.623726">
        <ele>219.6</ele>
      </trkpt>
      <trkpt lat="45.273286" lon="-72.623623">
        <ele>224</ele>
      </trkpt>
      <trkpt lat="45.27397" lon="-72.62352">
        <ele>228.8</ele>
      </trkpt>
      <trkpt lat="45.27478" lon="-72.623455">
        <ele>237.6</ele>
      </trkpt>
      <trkpt lat="45.27559" lon="-72.62339">
        <ele>245.6</ele>
      </trkpt>
      <trkpt lat="45.27579" lon="-72.62334">
        <ele>244.9</ele>
      </trkpt>
      <trkpt lat="45.2763" lon="-72.62305">
        <ele>239.9</ele>
      </trkpt>
      <trkpt lat="45.27681" lon="-72.62276">
        <ele>233</ele>
      </trkpt>
      <trkpt lat="45.27735" lon="-72.62252">
        <ele>229.7</ele>
      </trkpt>
      <trkpt lat="45.27714" lon="-72.62147">
        <ele>228.3</ele>
      </trkpt>
      <trkpt lat="45.27707" lon="-72.62129">
        <ele>227.9</ele>
      </trkpt>
      <trkpt lat="45.27697" lon="-72.62115">
        <ele>227.1</ele>
      </trkpt>
      <trkpt lat="45.2768" lon="-72.62106">
        <ele>226</ele>
      </trkpt>
      <trkpt lat="45.27667" lon="-72.62088">
        <ele>223.7</ele>
      </trkpt>
      <trkpt lat="45.27662" lon="-72.62065">
        <ele>220.1</ele>
      </trkpt>
      <trkpt lat="45.276557" lon="-72.619517">
        <ele>210.9</ele>
      </trkpt>
      <trkpt lat="45.276495" lon="-72.618384">
        <ele>208</ele>
      </trkpt>
      <trkpt lat="45.276432" lon="-72.617252">
        <ele>207.5</ele>
      </trkpt>
      <trkpt lat="45.27637" lon="-72.61612">
        <ele>207.1</ele>
      </trkpt>
      <trkpt lat="45.276312" lon="-72.614929">
        <ele>209.8</ele>
      </trkpt>
      <trkpt lat="45.276254" lon="-72.613739">
        <ele>220.1</ele>
      </trkpt>
      <trkpt lat="45.276196" lon="-72.612549">
        <ele>226.2</ele>
      </trkpt>
      <trkpt lat="45.276138" lon="-72.611359">
        <ele>232.2</ele>
      </trkpt>
      <trkpt lat="45.27608" lon="-72.61017">
        <ele>237.4</ele>
      </trkpt>
      <trkpt lat="45.27605" lon="-72.60924">
        <ele>238.5</ele>
      </trkpt>
      <trkpt lat="45.276053" lon="-72.60815">
        <ele>234</ele>
      </trkpt>
      <trkpt lat="45.276056" lon="-72.60706">
        <ele>234.7</ele>
      </trkpt>
      <trkpt lat="45.27606" lon="-72.60597">
        <ele>237.6</ele>
      </trkpt>
      <trkpt lat="45.27602" lon="-72.604729">
        <ele>227.6</ele>
      </trkpt>
      <trkpt lat="45.27598" lon="-72.603489">
        <ele>217.4</ele>
      </trkpt>
      <trkpt lat="45.27594" lon="-72.602249">
        <ele>211</ele>
      </trkpt>
      <trkpt lat="45.2759" lon="-72.601009">
        <ele>208.1</ele>
      </trkpt>
      <trkpt lat="45.27586" lon="-72.59977">
        <ele>204.3</ele>
      </trkpt>
      <trkpt lat="45.27583" lon="-72.598754">
        <ele>201.9</ele>
      </trkpt>
      <trkpt lat="45.2758" lon="-72.59774">
        <ele>198.8</ele>
      </trkpt>
      <trkpt lat="45.27578" lon="-72.596549">
        <ele>196.2</ele>
      </trkpt>
      <trkpt lat="45.27576" lon="-72.59536">
        <ele>193.3</ele>
      </trkpt>
      <trkpt lat="45.276514" lon="-72.595295">
        <ele>189.6</ele>
      </trkpt>
      <trkpt lat="45.27727" lon="-72.59523">
        <ele>187.6</ele>
      </trkpt>
      <trkpt lat="45.278093" lon="-72.595183">
        <ele>187.2</ele>
      </trkpt>
      <trkpt lat="45.278916" lon="-72.595136">
        <ele>187.3</ele>
      </trkpt>
      <trkpt lat="45.27974" lon="-72.59509">
        <ele>186.8</ele>
      </trkpt>
      <trkpt lat="45.280565" lon="-72.595046">
        <ele>185.8</ele>
      </trkpt>
      <trkpt lat="45.28139" lon="-72.595003">
        <ele>185.4</ele>
      </trkpt>
      <trkpt lat="45.282215" lon="-72.59496">
        <ele>185.6</ele>
      </trkpt>
      <trkpt lat="45.28304" lon="-72.594916">
        <ele>186.2</ele>
      </trkpt>
      <trkpt lat="45.283865" lon="-72.594873">
        <ele>186.7</ele>
      </trkpt>
      <trkpt lat="45.28469" lon="-72.59483">
        <ele>187.5</ele>
      </trkpt>
      <trkpt lat="45.28554" lon="-72.594791">
        <ele>187.3</ele>
      </trkpt>
      <trkpt lat="45.28639" lon="-72.594752">
        <ele>185.5</ele>
      </trkpt>
      <trkpt lat="45.28724" lon="-72.594713">
        <ele>183.9</ele>
      </trkpt>
      <trkpt lat="45.28809" lon="-72.594675">
        <ele>180.5</ele>
      </trkpt>
      <trkpt lat="45.28894" lon="-72.594636">
        <ele>177.1</ele>
      </trkpt>
      <trkpt lat="45.28979" lon="-72.594597">
        <ele>174.4</ele>
      </trkpt>
      <trkpt lat="45.29064" lon="-72.594558">
        <ele>172</ele>
      </trkpt>
      <trkpt lat="45.29149" lon="-72.59452">
        <ele>170.4</ele>
      </trkpt>
      <trkpt lat="45.29148" lon="-72.59452">
        <ele>170.4</ele>
      </trkpt>
      <trkpt lat="45.29235" lon="-72.594476">
        <ele>169.5</ele>
      </trkpt>
      <trkpt lat="45.29322" lon="-72.594432">
        <ele>168.9</ele>
      </trkpt>
      <trkpt lat="45.29409" lon="-72.594388">
        <ele>168.9</ele>
      </trkpt>
      <trkpt lat="45.29496" lon="-72.594344">
        <ele>169.3</ele>
      </trkpt>
      <trkpt lat="45.29583" lon="-72.5943">
        <ele>171.2</ele>
      </trkpt>
      <trkpt lat="45.29573" lon="-72.59344">
        <ele>170.4</ele>
      </trkpt>
      <trkpt lat="45.29564" lon="-72.59307">
        <ele>170.2</ele>
      </trkpt>
      <trkpt lat="45.29552" lon="-72.59268">
        <ele>169.7</ele>
      </trkpt>
      <trkpt lat="45.29514" lon="-72.591793">
        <ele>168.6</ele>
      </trkpt>
      <trkpt lat="45.29476" lon="-72.590907">
        <ele>168.8</ele>
      </trkpt>
      <trkpt lat="45.29438" lon="-72.590021">
        <ele>169.1</ele>
      </trkpt>
      <trkpt lat="45.294" lon="-72.589135">
        <ele>167.4</ele>
      </trkpt>
      <trkpt lat="45.29362" lon="-72.58825">
        <ele>165.1</ele>
      </trkpt>
      <trkpt lat="45.29338" lon="-72.587659">
        <ele>162.7</ele>
      </trkpt>
      <trkpt lat="45.29314" lon="-72.58707">
        <ele>161.6</ele>
      </trkpt>
      <trkpt lat="45.29295" lon="-72.586459">
        <ele>162.7</ele>
      </trkpt>
      <trkpt lat="45.29276" lon="-72.58585">
        <ele>165</ele>
      </trkpt>
      <trkpt lat="45.29254" lon="-72.58497">
        <ele>170.8</ele>
      </trkpt>
      <trkpt lat="45.29244" lon="-72.58452">
        <ele>171.1</ele>
      </trkpt>
      <trkpt lat="45.292218" lon="-72.583333">
        <ele>169.7</ele>
      </trkpt>
      <trkpt lat="45.291996" lon="-72.582146">
        <ele>168</ele>
      </trkpt>
      <trkpt lat="45.291775" lon="-72.580959">
        <ele>168.8</ele>
      </trkpt>
      <trkpt lat="45.291553" lon="-72.579773">
        <ele>172.4</ele>
      </trkpt>
      <trkpt lat="45.291331" lon="-72.578586">
        <ele>177.9</ele>
      </trkpt>
      <trkpt lat="45.29111" lon="-72.5774">
        <ele>181.1</ele>
      </trkpt>
      <trkpt lat="45.29102" lon="-72.57675">
        <ele>182</ele>
      </trkpt>
      <trkpt lat="45.29096" lon="-72.57621">
        <ele>182.9</ele>
      </trkpt>
      <trkpt lat="45.29092" lon="-72.57548">
        <ele>184</ele>
      </trkpt>
      <trkpt lat="45.290182" lon="-72.575526">
        <ele>183.6</ele>
      </trkpt>
      <trkpt lat="45.289444" lon="-72.575572">
        <ele>185.7</ele>
      </trkpt>
      <trkpt lat="45.288706" lon="-72.575618">
        <ele>185.6</ele>
      </trkpt>
      <trkpt lat="45.287968" lon="-72.575664">
        <ele>185.5</ele>
      </trkpt>
      <trkpt lat="45.28723" lon="-72.57571">
        <ele>187</ele>
      </trkpt>
      <trkpt lat="45.286719" lon="-72.575755">
        <ele>188.8</ele>
      </trkpt>
      <trkpt lat="45.28621" lon="-72.5758">
        <ele>190.3</ele>
      </trkpt>
      <trkpt lat="45.285395" lon="-72.575827">
        <ele>193.7</ele>
      </trkpt>
      <trkpt lat="45.28458" lon="-72.575855">
        <ele>197.8</ele>
      </trkpt>
      <trkpt lat="45.283765" lon="-72.575882">
        <ele>199.1</ele>
      </trkpt>
      <trkpt lat="45.28295" lon="-72.57591">
        <ele>200.6</ele>
      </trkpt>
      <trkpt lat="45.28294" lon="-72.57591">
        <ele>200.6</ele>
      </trkpt>
      <trkpt lat="45.282081" lon="-72.575944">
        <ele>201.1</ele>
      </trkpt>
      <trkpt lat="45.281223" lon="-72.575979">
        <ele>201.9</ele>
      </trkpt>
      <trkpt lat="45.280365" lon="-72.576013">
        <ele>203.1</ele>
      </trkpt>
      <trkpt lat="45.279507" lon="-72.576048">
        <ele>202.6</ele>
      </trkpt>
      <trkpt lat="45.278649" lon="-72.576082">
        <ele>204.4</ele>
      </trkpt>
      <trkpt lat="45.27779" lon="-72.576117">
        <ele>205.4</ele>
      </trkpt>
      <trkpt lat="45.276932" lon="-72.576151">
        <ele>207.5</ele>
      </trkpt>
      <trkpt lat="45.276074" lon="-72.576186">
        <ele>207.4</ele>
      </trkpt>
      <trkpt lat="45.275216" lon="-72.57622">
        <ele>208.8</ele>
      </trkpt>
      <trkpt lat="45.274358" lon="-72.576255">
        <ele>206.1</ele>
      </trkpt>
      <trkpt lat="45.2735" lon="-72.57629">
        <ele>205.8</ele>
      </trkpt>
      <trkpt lat="45.272745" lon="-72.57633">
        <ele>202.3</ele>
      </trkpt>
      <trkpt lat="45.27199" lon="-72.57637">
        <ele>201.5</ele>
      </trkpt>
      <trkpt lat="45.271146" lon="-72.57637">
        <ele>199.7</ele>
      </trkpt>
      <trkpt lat="45.270303" lon="-72.57637">
        <ele>200.6</ele>
      </trkpt>
      <trkpt lat="45.26946" lon="-72.57637">
        <ele>199.7</ele>
      </trkpt>
      <trkpt lat="45.268648" lon="-72.576377">
        <ele>197.9</ele>
      </trkpt>
      <trkpt lat="45.267836" lon="-72.576384">
        <ele>197.7</ele>
      </trkpt>
      <trkpt lat="45.267024" lon="-72.576391">
        <ele>198.3</ele>
      </trkpt>
      <trkpt lat="45.266212" lon="-72.576398">
        <ele>198.9</ele>
      </trkpt>
      <trkpt lat="45.2654" lon="-72.576405">
        <ele>200.9</ele>
      </trkpt>
      <trkpt lat="45.264588" lon="-72.576412">
        <ele>203.1</ele>
      </trkpt>
      <trkpt lat="45.263776" lon="-72.576419">
        <ele>203.1</ele>
      </trkpt>
      <trkpt lat="45.262964" lon="-72.576426">
        <ele>201.8</ele>
      </trkpt>
      <trkpt lat="45.262152" lon="-72.576433">
        <ele>202.3</ele>
      </trkpt>
      <trkpt lat="45.26134" lon="-72.57644">
        <ele>203</ele>
      </trkpt>
      <trkpt lat="45.26048" lon="-72.576455">
        <ele>204</ele>
      </trkpt>
      <trkpt lat="45.25962" lon="-72.57647">
        <ele>204.9</ele>
      </trkpt>
      <trkpt lat="45.25944" lon="-72.57625">
        <ele>204.8</ele>
      </trkpt>
      <trkpt lat="45.25935" lon="-72.57598">
        <ele>204.7</ele>
      </trkpt>
      <trkpt lat="45.25941" lon="-72.57526">
        <ele>204.2</ele>
      </trkpt>
      <trkpt lat="45.259448" lon="-72.574103">
        <ele>202.8</ele>
      </trkpt>
      <trkpt lat="45.259486" lon="-72.572946">
        <ele>201.9</ele>
      </trkpt>
      <trkpt lat="45.259525" lon="-72.57179">
        <ele>201.5</ele>
      </trkpt>
      <trkpt lat="45.259563" lon="-72.570633">
        <ele>201.4</ele>
      </trkpt>
      <trkpt lat="45.259601" lon="-72.569476">
        <ele>200.3</ele>
      </trkpt>
      <trkpt lat="45.25964" lon="-72.56832">
        <ele>201.2</ele>
      </trkpt>
      <trkpt lat="45.25964" lon="-72.56833">
        <ele>201.3</ele>
      </trkpt>
      <trkpt lat="45.259683" lon="-72.567056">
        <ele>202.2</ele>
      </trkpt>
      <trkpt lat="45.259726" lon="-72.565783">
        <ele>204.4</ele>
      </trkpt>
      <trkpt lat="45.25977" lon="-72.56451">
        <ele>208.1</ele>
      </trkpt>
      <trkpt lat="45.25982" lon="-72.563288">
        <ele>210.4</ele>
      </trkpt>
      <trkpt lat="45.25987" lon="-72.562067">
        <ele>213.8</ele>
      </trkpt>
      <trkpt lat="45.25992" lon="-72.560845">
        <ele>219.9</ele>
      </trkpt>
      <trkpt lat="45.25997" lon="-72.559624">
        <ele>221.5</ele>
      </trkpt>
      <trkpt lat="45.26002" lon="-72.558402">
        <ele>223</ele>
      </trkpt>
      <trkpt lat="45.26007" lon="-72.557181">
        <ele>222.7</ele>
      </trkpt>
      <trkpt lat="45.26012" lon="-72.55596">
        <ele>222.4</ele>
      </trkpt>
      <trkpt lat="45.26011" lon="-72.55556">
        <ele>222.2</ele>
      </trkpt>
      <trkpt lat="45.26006" lon="-72.55535">
        <ele>222.1</ele>
      </trkpt>
      <trkpt lat="45.25994" lon="-72.55529">
        <ele>221.8</ele>
      </trkpt>
      <trkpt lat="45.25911" lon="-72.555328">
        <ele>220.5</ele>
      </trkpt>
      <trkpt lat="45.25828" lon="-72.555367">
        <ele>215.8</ele>
      </trkpt>
      <trkpt lat="45.25745" lon="-72.555406">
        <ele>211.2</ele>
      </trkpt>
      <trkpt lat="45.25662" lon="-72.555445">
        <ele>208.9</ele>
      </trkpt>
      <trkpt lat="45.25579" lon="-72.555484">
        <ele>206.5</ele>
      </trkpt>
      <trkpt lat="45.25496" lon="-72.555523">
        <ele>206.4</ele>
      </trkpt>
      <trkpt lat="45.25413" lon="-72.555562">
        <ele>206.7</ele>
      </trkpt>
      <trkpt lat="45.2533" lon="-72.555601">
        <ele>207.5</ele>
      </trkpt>
      <trkpt lat="45.25247" lon="-72.55564">
        <ele>204.3</ele>
      </trkpt>
      <trkpt lat="45.251764" lon="-72.555642">
        <ele>203.4</ele>
      </trkpt>
      <trkpt lat="45.251059" lon="-72.555645">
        <ele>203.2</ele>
      </trkpt>
      <trkpt lat="45.250354" lon="-72.555647">
        <ele>201.5</ele>
      </trkpt>
      <trkpt lat="45.24965" lon="-72.55565">
        <ele>200.4</ele>
      </trkpt>
      <trkpt lat="45.24942" lon="-72.55564">
        <ele>200.2</ele>
      </trkpt>
      <trkpt lat="45.24933" lon="-72.5556">
        <ele>200.1</ele>
      </trkpt>
      <trkpt lat="45.24879" lon="-72.55528">
        <ele>200.3</ele>
      </trkpt>
      <trkpt lat="45.24828" lon="-72.554939">
        <ele>200.4</ele>
      </trkpt>
      <trkpt lat="45.24777" lon="-72.5546">
        <ele>200.8</ele>
      </trkpt>
      <trkpt lat="45.24718" lon="-72.554209">
        <ele>201.8</ele>
      </trkpt>
      <trkpt lat="45.24659" lon="-72.55382">
        <ele>200.2</ele>
      </trkpt>
      <trkpt lat="45.24641" lon="-72.55395">
        <ele>199.9</ele>
      </trkpt>
      <trkpt lat="45.24613" lon="-72.55404">
        <ele>199.9</ele>
      </trkpt>
      <trkpt lat="45.24601" lon="-72.55404">
        <ele>200</ele>
      </trkpt>
      <trkpt lat="45.24568" lon="-72.55404">
        <ele>201.1</ele>
      </trkpt>
      <trkpt lat="45.24489" lon="-72.553959">
        <ele>203.7</ele>
      </trkpt>
      <trkpt lat="45.2441" lon="-72.55388">
        <ele>206.6</ele>
      </trkpt>
      <trkpt lat="45.24414" lon="-72.552705">
        <ele>202.5</ele>
      </trkpt>
      <trkpt lat="45.24418" lon="-72.55153">
        <ele>200.4</ele>
      </trkpt>
      <trkpt lat="45.24415" lon="-72.55103">
        <ele>200.3</ele>
      </trkpt>
      <trkpt lat="45.24408" lon="-72.55086">
        <ele>200.2</ele>
      </trkpt>
      <trkpt lat="45.24382" lon="-72.55041">
        <ele>200.1</ele>
      </trkpt>
      <trkpt lat="45.24353" lon="-72.54956">
        <ele>200</ele>
      </trkpt>
      <trkpt lat="45.24338" lon="-72.54903">
        <ele>199.6</ele>
      </trkpt>
      <trkpt lat="45.24297" lon="-72.54812">
        <ele>200</ele>
      </trkpt>
      <trkpt lat="45.24265" lon="-72.54749">
        <ele>201.9</ele>
      </trkpt>
      <trkpt lat="45.24237" lon="-72.54697">
        <ele>203.9</ele>
      </trkpt>
      <trkpt lat="45.24187" lon="-72.546164">
        <ele>204.9</ele>
      </trkpt>
      <trkpt lat="45.24137" lon="-72.54536">
        <ele>207.1</ele>
      </trkpt>
      <trkpt lat="45.24129" lon="-72.54513">
        <ele>207</ele>
      </trkpt>
      <trkpt lat="45.24128" lon="-72.54482">
        <ele>206.3</ele>
      </trkpt>
      <trkpt lat="45.24131" lon="-72.54437">
        <ele>205.1</ele>
      </trkpt>
      <trkpt lat="45.2413" lon="-72.54419">
        <ele>204.8</ele>
      </trkpt>
      <trkpt lat="45.24126" lon="-72.54396">
        <ele>204.5</ele>
      </trkpt>
      <trkpt lat="45.24092" lon="-72.54278">
        <ele>204.9</ele>
      </trkpt>
      <trkpt lat="45.24069" lon="-72.54213">
        <ele>203.2</ele>
      </trkpt>
      <trkpt lat="45.24025" lon="-72.54102">
        <ele>204.8</ele>
      </trkpt>
      <trkpt lat="45.24008" lon="-72.54074">
        <ele>204.6</ele>
      </trkpt>
      <trkpt lat="45.2397" lon="-72.54034">
        <ele>205.2</ele>
      </trkpt>
      <trkpt lat="45.23941" lon="-72.54014">
        <ele>206.3</ele>
      </trkpt>
      <trkpt lat="45.23912" lon="-72.53989">
        <ele>207.5</ele>
      </trkpt>
      <trkpt lat="45.23878" lon="-72.53955">
        <ele>208</ele>
      </trkpt>
      <trkpt lat="45.23829" lon="-72.53895">
        <ele>206.7</ele>
      </trkpt>
      <trkpt lat="45.237845" lon="-72.538334">
        <ele>204.5</ele>
      </trkpt>
      <trkpt lat="45.2374" lon="-72.53772">
        <ele>204</ele>
      </trkpt>
      <trkpt lat="45.23701" lon="-72.53716">
        <ele>203.7</ele>
      </trkpt>
      <trkpt lat="45.23643" lon="-72.53641">
        <ele>204.7</ele>
      </trkpt>
      <trkpt lat="45.23592" lon="-72.53582">
        <ele>206.9</ele>
      </trkpt>
      <trkpt lat="45.23574" lon="-72.53569">
        <ele>207.5</ele>
      </trkpt>
      <trkpt lat="45.2356" lon="-72.53563">
        <ele>207.5</ele>
      </trkpt>
      <trkpt lat="45.23528" lon="-72.53554">
        <ele>207.7</ele>
      </trkpt>
      <trkpt lat="45.23501" lon="-72.53551">
        <ele>207.6</ele>
      </trkpt>
      <trkpt lat="45.23444" lon="-72.535575">
        <ele>207.3</ele>
      </trkpt>
      <trkpt lat="45.23387" lon="-72.53564">
        <ele>207.9</ele>
      </trkpt>
      <trkpt lat="45.233365" lon="-72.535775">
        <ele>208.2</ele>
      </trkpt>
      <trkpt lat="45.23286" lon="-72.53591">
        <ele>207.4</ele>
      </trkpt>
      <trkpt lat="45.23271" lon="-72.53591">
        <ele>207.1</ele>
      </trkpt>
      <trkpt lat="45.231925" lon="-72.535824">
        <ele>203.3</ele>
      </trkpt>
      <trkpt lat="45.23114" lon="-72.53574">
        <ele>201.2</ele>
      </trkpt>
      <trkpt lat="45.2305" lon="-72.53572">
        <ele>200.6</ele>
      </trkpt>
      <trkpt lat="45.229723" lon="-72.535743">
        <ele>200.3</ele>
      </trkpt>
      <trkpt lat="45.228946" lon="-72.535766">
        <ele>201.7</ele>
      </trkpt>
      <trkpt lat="45.22817" lon="-72.53579">
        <ele>202.2</ele>
      </trkpt>
      <trkpt lat="45.22737" lon="-72.53585">
        <ele>202.2</ele>
      </trkpt>
      <trkpt lat="45.226616" lon="-72.535956">
        <ele>202.3</ele>
      </trkpt>
      <trkpt lat="45.225863" lon="-72.536063">
        <ele>202.5</ele>
      </trkpt>
      <trkpt lat="45.22511" lon="-72.53617">
        <ele>203.8</ele>
      </trkpt>
      <trkpt lat="45.22462" lon="-72.53618">
        <ele>203.5</ele>
      </trkpt>
      <trkpt lat="45.22433" lon="-72.53614">
        <ele>202.5</ele>
      </trkpt>
      <trkpt lat="45.223864" lon="-72.536044">
        <ele>202.1</ele>
      </trkpt>
      <trkpt lat="45.2234" lon="-72.53595">
        <ele>202.1</ele>
      </trkpt>
      <trkpt lat="45.22258" lon="-72.536">
        <ele>200.4</ele>
      </trkpt>
      <trkpt lat="45.22234" lon="-72.53596">
        <ele>200.1</ele>
      </trkpt>
      <trkpt lat="45.222325" lon="-72.534969">
        <ele>199.6</ele>
      </trkpt>
      <trkpt lat="45.22231" lon="-72.53398">
        <ele>200.5</ele>
      </trkpt>
      <trkpt lat="45.22235" lon="-72.533">
        <ele>202.2</ele>
      </trkpt>
      <trkpt lat="45.22234" lon="-72.53269">
        <ele>202.3</ele>
      </trkpt>
    </trkseg>
  </trk>
</gpx>