<?xml version='1.0' encoding='utf-8'?>
<gpx xmlns="http://www.topografix.com/GPX/1/1" xmlns:xsi="http://www.w3.org/2001/XMLSchema-instance" version="1.1" creator="Gravelle Estrie" xsi:schemaLocation="http://www.topografix.com/GPX/1/1 http://www.topografix.com/GPX/1/1/gpx.xsd">
  <metadata>
    <name>Costaude / Grange Pardue 91KM / 1900MD+</name>
  </metadata>
  <trk>
    <name>Costaude / Grange Pardue 91KM / 1900MD+</name>
    <trkseg>
      <trkpt lat="45.88397" lon="-71.65392">
        <ele>311.3</ele>
      </trkpt>
      <trkpt lat="45.88378" lon="-71.65412">
        <ele>311.3</ele>
      </trkpt>
      <trkpt lat="45.88389" lon="-71.6547">
        <ele>313.6</ele>
      </trkpt>
      <trkpt lat="45.88439" lon="-71.65455">
        <ele>312.8</ele>
      </trkpt>
      <trkpt lat="45.88478" lon="-71.65451">
        <ele>311.7</ele>
      </trkpt>
      <trkpt lat="45.88515" lon="-71.65455">
        <ele>310.7</ele>
      </trkpt>
      <trkpt lat="45.88559" lon="-71.65464">
        <ele>307.2</ele>
      </trkpt>
      <trkpt lat="45.88614" lon="-71.65482">
        <ele>305</ele>
      </trkpt>
      <trkpt lat="45.88645" lon="-71.655">
        <ele>301.7</ele>
      </trkpt>
      <trkpt lat="45.887188" lon="-71.655516">
        <ele>296.9</ele>
      </trkpt>
      <trkpt lat="45.887927" lon="-71.656032">
        <ele>294.2</ele>
      </trkpt>
      <trkpt lat="45.888666" lon="-71.656548">
        <ele>290.8</ele>
      </trkpt>
      <trkpt lat="45.889405" lon="-71.657064">
        <ele>288.3</ele>
      </trkpt>
      <trkpt lat="45.890143" lon="-71.657581">
        <ele>285.6</ele>
      </trkpt>
      <trkpt lat="45.890882" lon="-71.658097">
        <ele>282.5</ele>
      </trkpt>
      <trkpt lat="45.891621" lon="-71.658613">
        <ele>277.4</ele>
      </trkpt>
      <trkpt lat="45.89236" lon="-71.65913">
        <ele>274.6</ele>
      </trkpt>
      <trkpt lat="45.892665" lon="-71.658245">
        <ele>273.6</ele>
      </trkpt>
      <trkpt lat="45.89297" lon="-71.65736">
        <ele>273.4</ele>
      </trkpt>
      <trkpt lat="45.89314" lon="-71.65692">
        <ele>273.8</ele>
      </trkpt>
      <trkpt lat="45.89342" lon="-71.65643">
        <ele>274.4</ele>
      </trkpt>
      <trkpt lat="45.89373" lon="-71.65598">
        <ele>274.9</ele>
      </trkpt>
      <trkpt lat="45.89406" lon="-71.65557">
        <ele>275.3</ele>
      </trkpt>
      <trkpt lat="45.89446" lon="-71.655145">
        <ele>275.5</ele>
      </trkpt>
      <trkpt lat="45.89486" lon="-71.65472">
        <ele>276</ele>
      </trkpt>
      <trkpt lat="45.895522" lon="-71.654042">
        <ele>276.3</ele>
      </trkpt>
      <trkpt lat="45.896185" lon="-71.653365">
        <ele>276.4</ele>
      </trkpt>
      <trkpt lat="45.896848" lon="-71.652688">
        <ele>276.7</ele>
      </trkpt>
      <trkpt lat="45.897511" lon="-71.652011">
        <ele>277.6</ele>
      </trkpt>
      <trkpt lat="45.898174" lon="-71.651334">
        <ele>279.9</ele>
      </trkpt>
      <trkpt lat="45.898837" lon="-71.650657">
        <ele>283.9</ele>
      </trkpt>
      <trkpt lat="45.8995" lon="-71.64998">
        <ele>287.8</ele>
      </trkpt>
      <trkpt lat="45.89996" lon="-71.65088">
        <ele>286</ele>
      </trkpt>
      <trkpt lat="45.90004" lon="-71.65101">
        <ele>286.5</ele>
      </trkpt>
      <trkpt lat="45.90007" lon="-71.65099">
        <ele>286.5</ele>
      </trkpt>
      <trkpt lat="45.90013" lon="-71.65101">
        <ele>286.9</ele>
      </trkpt>
      <trkpt lat="45.90076" lon="-71.65036">
        <ele>289.1</ele>
      </trkpt>
      <trkpt lat="45.90075" lon="-71.65037">
        <ele>289</ele>
      </trkpt>
      <trkpt lat="45.90013" lon="-71.65101">
        <ele>286.5</ele>
      </trkpt>
      <trkpt lat="45.90007" lon="-71.65099">
        <ele>286.5</ele>
      </trkpt>
      <trkpt lat="45.90013" lon="-71.65101">
        <ele>286.5</ele>
      </trkpt>
      <trkpt lat="45.90069" lon="-71.65044">
        <ele>288.5</ele>
      </trkpt>
      <trkpt lat="45.90125" lon="-71.64987">
        <ele>291.1</ele>
      </trkpt>
      <trkpt lat="45.90181" lon="-71.6493">
        <ele>292.9</ele>
      </trkpt>
      <trkpt lat="45.90237" lon="-71.64873">
        <ele>295.1</ele>
      </trkpt>
      <trkpt lat="45.90276" lon="-71.648355">
        <ele>298.3</ele>
      </trkpt>
      <trkpt lat="45.90315" lon="-71.64798">
        <ele>299.4</ele>
      </trkpt>
      <trkpt lat="45.90313" lon="-71.648">
        <ele>299.4</ele>
      </trkpt>
      <trkpt lat="45.90352" lon="-71.64763">
        <ele>300.4</ele>
      </trkpt>
      <trkpt lat="45.90352" lon="-71.64764">
        <ele>299.8</ele>
      </trkpt>
      <trkpt lat="45.90402" lon="-71.64723">
        <ele>300.8</ele>
      </trkpt>
      <trkpt lat="45.90402" lon="-71.64716">
        <ele>302.1</ele>
      </trkpt>
      <trkpt lat="45.90433" lon="-71.647939">
        <ele>302.1</ele>
      </trkpt>
      <trkpt lat="45.90464" lon="-71.64872">
        <ele>300.8</ele>
      </trkpt>
      <trkpt lat="45.905" lon="-71.6484">
        <ele>297.4</ele>
      </trkpt>
      <trkpt lat="45.90499" lon="-71.6484">
        <ele>297.5</ele>
      </trkpt>
      <trkpt lat="45.90569" lon="-71.647776">
        <ele>294.3</ele>
      </trkpt>
      <trkpt lat="45.90639" lon="-71.647152">
        <ele>295</ele>
      </trkpt>
      <trkpt lat="45.90709" lon="-71.646528">
        <ele>299.4</ele>
      </trkpt>
      <trkpt lat="45.90779" lon="-71.645904">
        <ele>306.6</ele>
      </trkpt>
      <trkpt lat="45.90849" lon="-71.64528">
        <ele>312.5</ele>
      </trkpt>
      <trkpt lat="45.909196" lon="-71.644589">
        <ele>316.8</ele>
      </trkpt>
      <trkpt lat="45.909902" lon="-71.643898">
        <ele>326.2</ele>
      </trkpt>
      <trkpt lat="45.910609" lon="-71.643207">
        <ele>335.7</ele>
      </trkpt>
      <trkpt lat="45.911315" lon="-71.642516">
        <ele>344.1</ele>
      </trkpt>
      <trkpt lat="45.912021" lon="-71.641825">
        <ele>353.8</ele>
      </trkpt>
      <trkpt lat="45.912728" lon="-71.641134">
        <ele>361.6</ele>
      </trkpt>
      <trkpt lat="45.913434" lon="-71.640443">
        <ele>366.3</ele>
      </trkpt>
      <trkpt lat="45.91414" lon="-71.639752">
        <ele>369.4</ele>
      </trkpt>
      <trkpt lat="45.914847" lon="-71.639061">
        <ele>372.5</ele>
      </trkpt>
      <trkpt lat="45.915553" lon="-71.63837">
        <ele>376.5</ele>
      </trkpt>
      <trkpt lat="45.91626" lon="-71.63768">
        <ele>383.8</ele>
      </trkpt>
      <trkpt lat="45.916927" lon="-71.637002">
        <ele>388.4</ele>
      </trkpt>
      <trkpt lat="45.917595" lon="-71.636325">
        <ele>392.5</ele>
      </trkpt>
      <trkpt lat="45.918262" lon="-71.635647">
        <ele>394.7</ele>
      </trkpt>
      <trkpt lat="45.91893" lon="-71.63497">
        <ele>398.8</ele>
      </trkpt>
      <trkpt lat="45.919528" lon="-71.634312">
        <ele>400.8</ele>
      </trkpt>
      <trkpt lat="45.920126" lon="-71.633654">
        <ele>405</ele>
      </trkpt>
      <trkpt lat="45.920724" lon="-71.632996">
        <ele>411.3</ele>
      </trkpt>
      <trkpt lat="45.921322" lon="-71.632338">
        <ele>415.3</ele>
      </trkpt>
      <trkpt lat="45.92192" lon="-71.63168">
        <ele>419.3</ele>
      </trkpt>
      <trkpt lat="45.92191" lon="-71.63168">
        <ele>419.2</ele>
      </trkpt>
      <trkpt lat="45.9226" lon="-71.630925">
        <ele>422.7</ele>
      </trkpt>
      <trkpt lat="45.92329" lon="-71.63017">
        <ele>425.3</ele>
      </trkpt>
      <trkpt lat="45.92278" lon="-71.629113">
        <ele>426.1</ele>
      </trkpt>
      <trkpt lat="45.92227" lon="-71.628056">
        <ele>426.5</ele>
      </trkpt>
      <trkpt lat="45.92176" lon="-71.627">
        <ele>427</ele>
      </trkpt>
      <trkpt lat="45.921242" lon="-71.625991">
        <ele>423.5</ele>
      </trkpt>
      <trkpt lat="45.920725" lon="-71.624982">
        <ele>419.4</ele>
      </trkpt>
      <trkpt lat="45.920208" lon="-71.623974">
        <ele>410.9</ele>
      </trkpt>
      <trkpt lat="45.919691" lon="-71.622965">
        <ele>403.4</ele>
      </trkpt>
      <trkpt lat="45.919174" lon="-71.621957">
        <ele>396.5</ele>
      </trkpt>
      <trkpt lat="45.918657" lon="-71.620948">
        <ele>391.8</ele>
      </trkpt>
      <trkpt lat="45.91814" lon="-71.61994">
        <ele>384.2</ele>
      </trkpt>
      <trkpt lat="45.917693" lon="-71.619036">
        <ele>377.1</ele>
      </trkpt>
      <trkpt lat="45.917246" lon="-71.618133">
        <ele>372.6</ele>
      </trkpt>
      <trkpt lat="45.9168" lon="-71.617229">
        <ele>369.1</ele>
      </trkpt>
      <trkpt lat="45.916353" lon="-71.616326">
        <ele>367.3</ele>
      </trkpt>
      <trkpt lat="45.915906" lon="-71.615423">
        <ele>368.1</ele>
      </trkpt>
      <trkpt lat="45.91546" lon="-71.61452">
        <ele>372.3</ele>
      </trkpt>
      <trkpt lat="45.91525" lon="-71.6143">
        <ele>371.3</ele>
      </trkpt>
      <trkpt lat="45.91512" lon="-71.61422">
        <ele>370</ele>
      </trkpt>
      <trkpt lat="45.9149" lon="-71.61426">
        <ele>367.3</ele>
      </trkpt>
      <trkpt lat="45.91478" lon="-71.61431">
        <ele>365.8</ele>
      </trkpt>
      <trkpt lat="45.91411" lon="-71.61493">
        <ele>358.5</ele>
      </trkpt>
      <trkpt lat="45.91385" lon="-71.61506">
        <ele>354.8</ele>
      </trkpt>
      <trkpt lat="45.91364" lon="-71.61511">
        <ele>352.5</ele>
      </trkpt>
      <trkpt lat="45.91348" lon="-71.6151">
        <ele>349.8</ele>
      </trkpt>
      <trkpt lat="45.91334" lon="-71.61501">
        <ele>346.7</ele>
      </trkpt>
      <trkpt lat="45.91311" lon="-71.61459">
        <ele>345.3</ele>
      </trkpt>
      <trkpt lat="45.91305" lon="-71.6144">
        <ele>346.1</ele>
      </trkpt>
      <trkpt lat="45.91306" lon="-71.61426">
        <ele>346.8</ele>
      </trkpt>
      <trkpt lat="45.91312" lon="-71.61403">
        <ele>349</ele>
      </trkpt>
      <trkpt lat="45.91349" lon="-71.61327">
        <ele>361.7</ele>
      </trkpt>
      <trkpt lat="45.91359" lon="-71.613">
        <ele>361.7</ele>
      </trkpt>
      <trkpt lat="45.91368" lon="-71.61256">
        <ele>362.7</ele>
      </trkpt>
      <trkpt lat="45.91375" lon="-71.61189">
        <ele>368.1</ele>
      </trkpt>
      <trkpt lat="45.91374" lon="-71.61155">
        <ele>370.2</ele>
      </trkpt>
      <trkpt lat="45.9137" lon="-71.61117">
        <ele>372</ele>
      </trkpt>
      <trkpt lat="45.91361" lon="-71.61085">
        <ele>373.6</ele>
      </trkpt>
      <trkpt lat="45.91357" lon="-71.61076">
        <ele>375.5</ele>
      </trkpt>
      <trkpt lat="45.91325" lon="-71.610134">
        <ele>378.4</ele>
      </trkpt>
      <trkpt lat="45.91293" lon="-71.60951">
        <ele>382.4</ele>
      </trkpt>
      <trkpt lat="45.91249" lon="-71.608549">
        <ele>389.4</ele>
      </trkpt>
      <trkpt lat="45.91205" lon="-71.60759">
        <ele>397.3</ele>
      </trkpt>
      <trkpt lat="45.911576" lon="-71.606647">
        <ele>406.6</ele>
      </trkpt>
      <trkpt lat="45.911102" lon="-71.605705">
        <ele>412.1</ele>
      </trkpt>
      <trkpt lat="45.910628" lon="-71.604763">
        <ele>416.1</ele>
      </trkpt>
      <trkpt lat="45.910154" lon="-71.603821">
        <ele>418.4</ele>
      </trkpt>
      <trkpt lat="45.90968" lon="-71.60288">
        <ele>421</ele>
      </trkpt>
      <trkpt lat="45.90937" lon="-71.60208">
        <ele>423.1</ele>
      </trkpt>
      <trkpt lat="45.909175" lon="-71.601254">
        <ele>425</ele>
      </trkpt>
      <trkpt lat="45.90898" lon="-71.60043">
        <ele>424.5</ele>
      </trkpt>
      <trkpt lat="45.90851" lon="-71.59953">
        <ele>420.3</ele>
      </trkpt>
      <trkpt lat="45.90784" lon="-71.5989">
        <ele>409.7</ele>
      </trkpt>
      <trkpt lat="45.90769" lon="-71.59868">
        <ele>408.3</ele>
      </trkpt>
      <trkpt lat="45.907212" lon="-71.597704">
        <ele>393.1</ele>
      </trkpt>
      <trkpt lat="45.906735" lon="-71.596729">
        <ele>378.7</ele>
      </trkpt>
      <trkpt lat="45.906257" lon="-71.595754">
        <ele>371.7</ele>
      </trkpt>
      <trkpt lat="45.90578" lon="-71.59478">
        <ele>371.9</ele>
      </trkpt>
      <trkpt lat="45.90547" lon="-71.59407">
        <ele>376.2</ele>
      </trkpt>
      <trkpt lat="45.905235" lon="-71.593419">
        <ele>378</ele>
      </trkpt>
      <trkpt lat="45.905" lon="-71.59277">
        <ele>378.9</ele>
      </trkpt>
      <trkpt lat="45.90454" lon="-71.59172">
        <ele>382.6</ele>
      </trkpt>
      <trkpt lat="45.90414" lon="-71.590879">
        <ele>382.5</ele>
      </trkpt>
      <trkpt lat="45.90374" lon="-71.59004">
        <ele>384.2</ele>
      </trkpt>
      <trkpt lat="45.903365" lon="-71.589349">
        <ele>387</ele>
      </trkpt>
      <trkpt lat="45.90299" lon="-71.58866">
        <ele>392.6</ele>
      </trkpt>
      <trkpt lat="45.90297" lon="-71.58833">
        <ele>396.8</ele>
      </trkpt>
      <trkpt lat="45.90287" lon="-71.58811">
        <ele>398.7</ele>
      </trkpt>
      <trkpt lat="45.90244" lon="-71.58744">
        <ele>404.7</ele>
      </trkpt>
      <trkpt lat="45.90192" lon="-71.5864">
        <ele>406.6</ele>
      </trkpt>
      <trkpt lat="45.90178" lon="-71.58609">
        <ele>410.7</ele>
      </trkpt>
      <trkpt lat="45.90174" lon="-71.58582">
        <ele>412.6</ele>
      </trkpt>
      <trkpt lat="45.90177" lon="-71.58557">
        <ele>414.6</ele>
      </trkpt>
      <trkpt lat="45.90192" lon="-71.58533">
        <ele>415.7</ele>
      </trkpt>
      <trkpt lat="45.902521" lon="-71.584688">
        <ele>417.3</ele>
      </trkpt>
      <trkpt lat="45.903123" lon="-71.584046">
        <ele>417.8</ele>
      </trkpt>
      <trkpt lat="45.903725" lon="-71.583405">
        <ele>416.7</ele>
      </trkpt>
      <trkpt lat="45.904326" lon="-71.582763">
        <ele>417.5</ele>
      </trkpt>
      <trkpt lat="45.904928" lon="-71.582121">
        <ele>422.6</ele>
      </trkpt>
      <trkpt lat="45.90553" lon="-71.58148">
        <ele>424.3</ele>
      </trkpt>
      <trkpt lat="45.90615" lon="-71.580805">
        <ele>426.5</ele>
      </trkpt>
      <trkpt lat="45.90677" lon="-71.58013">
        <ele>428.1</ele>
      </trkpt>
      <trkpt lat="45.907438" lon="-71.579395">
        <ele>430.1</ele>
      </trkpt>
      <trkpt lat="45.908107" lon="-71.578661">
        <ele>430.9</ele>
      </trkpt>
      <trkpt lat="45.908775" lon="-71.577927">
        <ele>433.1</ele>
      </trkpt>
      <trkpt lat="45.909444" lon="-71.577192">
        <ele>434</ele>
      </trkpt>
      <trkpt lat="45.910112" lon="-71.576458">
        <ele>434.6</ele>
      </trkpt>
      <trkpt lat="45.910781" lon="-71.575724">
        <ele>435.9</ele>
      </trkpt>
      <trkpt lat="45.91145" lon="-71.57499">
        <ele>436.8</ele>
      </trkpt>
      <trkpt lat="45.91177" lon="-71.57459">
        <ele>437.4</ele>
      </trkpt>
      <trkpt lat="45.91197" lon="-71.57422">
        <ele>438.4</ele>
      </trkpt>
      <trkpt lat="45.912316" lon="-71.57315">
        <ele>443.8</ele>
      </trkpt>
      <trkpt lat="45.912663" lon="-71.57208">
        <ele>449.3</ele>
      </trkpt>
      <trkpt lat="45.91301" lon="-71.57101">
        <ele>454.1</ele>
      </trkpt>
      <trkpt lat="45.91325" lon="-71.57043">
        <ele>457.1</ele>
      </trkpt>
      <trkpt lat="45.91339" lon="-71.5702">
        <ele>457.7</ele>
      </trkpt>
      <trkpt lat="45.91359" lon="-71.56998">
        <ele>457.8</ele>
      </trkpt>
      <trkpt lat="45.91403" lon="-71.56966">
        <ele>455.8</ele>
      </trkpt>
      <trkpt lat="45.914806" lon="-71.569256">
        <ele>451.9</ele>
      </trkpt>
      <trkpt lat="45.915583" lon="-71.568853">
        <ele>451.6</ele>
      </trkpt>
      <trkpt lat="45.91636" lon="-71.56845">
        <ele>452.2</ele>
      </trkpt>
      <trkpt lat="45.91677" lon="-71.5681">
        <ele>453.2</ele>
      </trkpt>
      <trkpt lat="45.9171" lon="-71.56752">
        <ele>455.8</ele>
      </trkpt>
      <trkpt lat="45.917413" lon="-71.566756">
        <ele>458.1</ele>
      </trkpt>
      <trkpt lat="45.917726" lon="-71.565993">
        <ele>459.7</ele>
      </trkpt>
      <trkpt lat="45.91804" lon="-71.56523">
        <ele>461.8</ele>
      </trkpt>
      <trkpt lat="45.91829" lon="-71.56445">
        <ele>462.9</ele>
      </trkpt>
      <trkpt lat="45.91854" lon="-71.56367">
        <ele>464.5</ele>
      </trkpt>
      <trkpt lat="45.91864" lon="-71.56317">
        <ele>465.3</ele>
      </trkpt>
      <trkpt lat="45.91864" lon="-71.56318">
        <ele>465.3</ele>
      </trkpt>
      <trkpt lat="45.91874" lon="-71.56273">
        <ele>466.6</ele>
      </trkpt>
      <trkpt lat="45.91882" lon="-71.56178">
        <ele>470.5</ele>
      </trkpt>
      <trkpt lat="45.91879" lon="-71.56089">
        <ele>473.4</ele>
      </trkpt>
      <trkpt lat="45.91862" lon="-71.55985">
        <ele>476.1</ele>
      </trkpt>
      <trkpt lat="45.91859" lon="-71.55914">
        <ele>477.8</ele>
      </trkpt>
      <trkpt lat="45.91866" lon="-71.55852">
        <ele>478.1</ele>
      </trkpt>
      <trkpt lat="45.91889" lon="-71.55799">
        <ele>476.5</ele>
      </trkpt>
      <trkpt lat="45.91926" lon="-71.55756">
        <ele>473.2</ele>
      </trkpt>
      <trkpt lat="45.920003" lon="-71.556863">
        <ele>466.9</ele>
      </trkpt>
      <trkpt lat="45.920746" lon="-71.556166">
        <ele>461.8</ele>
      </trkpt>
      <trkpt lat="45.92149" lon="-71.55547">
        <ele>458.3</ele>
      </trkpt>
      <trkpt lat="45.922172" lon="-71.554728">
        <ele>453.8</ele>
      </trkpt>
      <trkpt lat="45.922854" lon="-71.553986">
        <ele>450.4</ele>
      </trkpt>
      <trkpt lat="45.923536" lon="-71.553244">
        <ele>448.1</ele>
      </trkpt>
      <trkpt lat="45.924218" lon="-71.552502">
        <ele>447.7</ele>
      </trkpt>
      <trkpt lat="45.9249" lon="-71.55176">
        <ele>448.1</ele>
      </trkpt>
      <trkpt lat="45.925582" lon="-71.551018">
        <ele>449.7</ele>
      </trkpt>
      <trkpt lat="45.926264" lon="-71.550276">
        <ele>453.3</ele>
      </trkpt>
      <trkpt lat="45.926946" lon="-71.549534">
        <ele>447.5</ele>
      </trkpt>
      <trkpt lat="45.927628" lon="-71.548792">
        <ele>443.9</ele>
      </trkpt>
      <trkpt lat="45.92831" lon="-71.54805">
        <ele>440.7</ele>
      </trkpt>
      <trkpt lat="45.92897" lon="-71.54737">
        <ele>434.9</ele>
      </trkpt>
      <trkpt lat="45.92963" lon="-71.54669">
        <ele>432.2</ele>
      </trkpt>
      <trkpt lat="45.930086" lon="-71.547559">
        <ele>438.1</ele>
      </trkpt>
      <trkpt lat="45.930542" lon="-71.548429">
        <ele>434.4</ele>
      </trkpt>
      <trkpt lat="45.930998" lon="-71.549299">
        <ele>428.8</ele>
      </trkpt>
      <trkpt lat="45.931454" lon="-71.550169">
        <ele>428.7</ele>
      </trkpt>
      <trkpt lat="45.93191" lon="-71.55104">
        <ele>428</ele>
      </trkpt>
      <trkpt lat="45.932381" lon="-71.552014">
        <ele>427.3</ele>
      </trkpt>
      <trkpt lat="45.932853" lon="-71.552989">
        <ele>425.4</ele>
      </trkpt>
      <trkpt lat="45.933325" lon="-71.553964">
        <ele>424</ele>
      </trkpt>
      <trkpt lat="45.933796" lon="-71.554939">
        <ele>420.6</ele>
      </trkpt>
      <trkpt lat="45.934268" lon="-71.555914">
        <ele>416.4</ele>
      </trkpt>
      <trkpt lat="45.93474" lon="-71.55689">
        <ele>411.5</ele>
      </trkpt>
      <trkpt lat="45.935257" lon="-71.557867">
        <ele>409.5</ele>
      </trkpt>
      <trkpt lat="45.935775" lon="-71.558844">
        <ele>413.4</ele>
      </trkpt>
      <trkpt lat="45.936292" lon="-71.559822">
        <ele>423.7</ele>
      </trkpt>
      <trkpt lat="45.93681" lon="-71.5608">
        <ele>432.8</ele>
      </trkpt>
      <trkpt lat="45.937213" lon="-71.561606">
        <ele>437.3</ele>
      </trkpt>
      <trkpt lat="45.937616" lon="-71.562413">
        <ele>439.9</ele>
      </trkpt>
      <trkpt lat="45.93802" lon="-71.56322">
        <ele>442.4</ele>
      </trkpt>
      <trkpt lat="45.93838" lon="-71.563999">
        <ele>444.5</ele>
      </trkpt>
      <trkpt lat="45.93874" lon="-71.56478">
        <ele>445.5</ele>
      </trkpt>
      <trkpt lat="45.939182" lon="-71.565649">
        <ele>447</ele>
      </trkpt>
      <trkpt lat="45.939624" lon="-71.566519">
        <ele>447.8</ele>
      </trkpt>
      <trkpt lat="45.940066" lon="-71.567389">
        <ele>449.7</ele>
      </trkpt>
      <trkpt lat="45.940508" lon="-71.568259">
        <ele>450.9</ele>
      </trkpt>
      <trkpt lat="45.94095" lon="-71.56913">
        <ele>452.3</ele>
      </trkpt>
      <trkpt lat="45.941416" lon="-71.570099">
        <ele>454.5</ele>
      </trkpt>
      <trkpt lat="45.941883" lon="-71.571069">
        <ele>455.2</ele>
      </trkpt>
      <trkpt lat="45.94235" lon="-71.57204">
        <ele>455.2</ele>
      </trkpt>
      <trkpt lat="45.942845" lon="-71.573019">
        <ele>455.3</ele>
      </trkpt>
      <trkpt lat="45.94334" lon="-71.573999">
        <ele>455.3</ele>
      </trkpt>
      <trkpt lat="45.943835" lon="-71.574979">
        <ele>457.7</ele>
      </trkpt>
      <trkpt lat="45.94433" lon="-71.57596">
        <ele>458</ele>
      </trkpt>
      <trkpt lat="45.944826" lon="-71.576952">
        <ele>457.6</ele>
      </trkpt>
      <trkpt lat="45.945323" lon="-71.577944">
        <ele>456.2</ele>
      </trkpt>
      <trkpt lat="45.94582" lon="-71.578936">
        <ele>452.2</ele>
      </trkpt>
      <trkpt lat="45.946316" lon="-71.579928">
        <ele>448.3</ele>
      </trkpt>
      <trkpt lat="45.946813" lon="-71.58092">
        <ele>449.1</ele>
      </trkpt>
      <trkpt lat="45.94731" lon="-71.581913">
        <ele>452.4</ele>
      </trkpt>
      <trkpt lat="45.947806" lon="-71.582905">
        <ele>453</ele>
      </trkpt>
      <trkpt lat="45.948303" lon="-71.583897">
        <ele>450.6</ele>
      </trkpt>
      <trkpt lat="45.9488" lon="-71.58489">
        <ele>448.9</ele>
      </trkpt>
      <trkpt lat="45.94904" lon="-71.58556">
        <ele>450.5</ele>
      </trkpt>
      <trkpt lat="45.94924" lon="-71.58645">
        <ele>454.2</ele>
      </trkpt>
      <trkpt lat="45.949436" lon="-71.587569">
        <ele>456.9</ele>
      </trkpt>
      <trkpt lat="45.949633" lon="-71.588689">
        <ele>460.7</ele>
      </trkpt>
      <trkpt lat="45.94983" lon="-71.58981">
        <ele>465.7</ele>
      </trkpt>
      <trkpt lat="45.95005" lon="-71.590646">
        <ele>467.4</ele>
      </trkpt>
      <trkpt lat="45.95027" lon="-71.591483">
        <ele>470.5</ele>
      </trkpt>
      <trkpt lat="45.95049" lon="-71.59232">
        <ele>473.7</ele>
      </trkpt>
      <trkpt lat="45.95073" lon="-71.593054">
        <ele>477</ele>
      </trkpt>
      <trkpt lat="45.95097" lon="-71.59379">
        <ele>478.7</ele>
      </trkpt>
      <trkpt lat="45.951155" lon="-71.594784">
        <ele>477.7</ele>
      </trkpt>
      <trkpt lat="45.95134" lon="-71.595779">
        <ele>478.3</ele>
      </trkpt>
      <trkpt lat="45.951525" lon="-71.596774">
        <ele>480</ele>
      </trkpt>
      <trkpt lat="45.95171" lon="-71.59777">
        <ele>486.3</ele>
      </trkpt>
      <trkpt lat="45.95183" lon="-71.59815">
        <ele>489.4</ele>
      </trkpt>
      <trkpt lat="45.952205" lon="-71.599284">
        <ele>494.8</ele>
      </trkpt>
      <trkpt lat="45.95258" lon="-71.60042">
        <ele>502.1</ele>
      </trkpt>
      <trkpt lat="45.95286" lon="-71.601359">
        <ele>507</ele>
      </trkpt>
      <trkpt lat="45.95314" lon="-71.602299">
        <ele>510.9</ele>
      </trkpt>
      <trkpt lat="45.95342" lon="-71.603239">
        <ele>513.9</ele>
      </trkpt>
      <trkpt lat="45.9537" lon="-71.60418">
        <ele>516.9</ele>
      </trkpt>
      <trkpt lat="45.95404" lon="-71.605189">
        <ele>522</ele>
      </trkpt>
      <trkpt lat="45.95438" lon="-71.6062">
        <ele>527.6</ele>
      </trkpt>
      <trkpt lat="45.95457" lon="-71.60696">
        <ele>531.3</ele>
      </trkpt>
      <trkpt lat="45.9547" lon="-71.60763">
        <ele>536.6</ele>
      </trkpt>
      <trkpt lat="45.95482" lon="-71.60874">
        <ele>542.7</ele>
      </trkpt>
      <trkpt lat="45.95483" lon="-71.60944">
        <ele>549.1</ele>
      </trkpt>
      <trkpt lat="45.95484" lon="-71.61014">
        <ele>553.1</ele>
      </trkpt>
      <trkpt lat="45.9548" lon="-71.610835">
        <ele>552</ele>
      </trkpt>
      <trkpt lat="45.95476" lon="-71.61153">
        <ele>549</ele>
      </trkpt>
      <trkpt lat="45.9548" lon="-71.61211">
        <ele>543.9</ele>
      </trkpt>
      <trkpt lat="45.95493" lon="-71.61283">
        <ele>536.7</ele>
      </trkpt>
      <trkpt lat="45.95509" lon="-71.61336">
        <ele>532.3</ele>
      </trkpt>
      <trkpt lat="45.95532" lon="-71.61384">
        <ele>529.3</ele>
      </trkpt>
      <trkpt lat="45.955813" lon="-71.614727">
        <ele>521.9</ele>
      </trkpt>
      <trkpt lat="45.956307" lon="-71.615614">
        <ele>515.6</ele>
      </trkpt>
      <trkpt lat="45.956801" lon="-71.616502">
        <ele>510.5</ele>
      </trkpt>
      <trkpt lat="45.957295" lon="-71.617389">
        <ele>504.8</ele>
      </trkpt>
      <trkpt lat="45.957788" lon="-71.618277">
        <ele>501.7</ele>
      </trkpt>
      <trkpt lat="45.958282" lon="-71.619164">
        <ele>499.5</ele>
      </trkpt>
      <trkpt lat="45.958776" lon="-71.620052">
        <ele>496.9</ele>
      </trkpt>
      <trkpt lat="45.95927" lon="-71.62094">
        <ele>493</ele>
      </trkpt>
      <trkpt lat="45.959715" lon="-71.621719">
        <ele>490.9</ele>
      </trkpt>
      <trkpt lat="45.96016" lon="-71.622499">
        <ele>487.1</ele>
      </trkpt>
      <trkpt lat="45.960605" lon="-71.623279">
        <ele>482.8</ele>
      </trkpt>
      <trkpt lat="45.96105" lon="-71.62406">
        <ele>480.3</ele>
      </trkpt>
      <trkpt lat="45.961531" lon="-71.624931">
        <ele>478</ele>
      </trkpt>
      <trkpt lat="45.962012" lon="-71.625802">
        <ele>477.1</ele>
      </trkpt>
      <trkpt lat="45.962494" lon="-71.626674">
        <ele>475.4</ele>
      </trkpt>
      <trkpt lat="45.962975" lon="-71.627545">
        <ele>473.8</ele>
      </trkpt>
      <trkpt lat="45.963457" lon="-71.628417">
        <ele>471.6</ele>
      </trkpt>
      <trkpt lat="45.963938" lon="-71.629288">
        <ele>470.3</ele>
      </trkpt>
      <trkpt lat="45.96442" lon="-71.63016">
        <ele>468</ele>
      </trkpt>
      <trkpt lat="45.96492" lon="-71.63092">
        <ele>466.4</ele>
      </trkpt>
      <trkpt lat="45.96544" lon="-71.631584">
        <ele>461.2</ele>
      </trkpt>
      <trkpt lat="45.96596" lon="-71.63225">
        <ele>458.1</ele>
      </trkpt>
      <trkpt lat="45.96662" lon="-71.633099">
        <ele>453.1</ele>
      </trkpt>
      <trkpt lat="45.96728" lon="-71.633949">
        <ele>451.1</ele>
      </trkpt>
      <trkpt lat="45.96794" lon="-71.634799">
        <ele>449.8</ele>
      </trkpt>
      <trkpt lat="45.9686" lon="-71.635649">
        <ele>447.4</ele>
      </trkpt>
      <trkpt lat="45.96926" lon="-71.6365">
        <ele>443.5</ele>
      </trkpt>
      <trkpt lat="45.96982" lon="-71.637189">
        <ele>440.8</ele>
      </trkpt>
      <trkpt lat="45.97038" lon="-71.637879">
        <ele>439.6</ele>
      </trkpt>
      <trkpt lat="45.97094" lon="-71.638569">
        <ele>438.2</ele>
      </trkpt>
      <trkpt lat="45.9715" lon="-71.639259">
        <ele>435.5</ele>
      </trkpt>
      <trkpt lat="45.97206" lon="-71.63995">
        <ele>433</ele>
      </trkpt>
      <trkpt lat="45.97232" lon="-71.64015">
        <ele>431.7</ele>
      </trkpt>
      <trkpt lat="45.97295" lon="-71.64045">
        <ele>425.7</ele>
      </trkpt>
      <trkpt lat="45.973725" lon="-71.640707">
        <ele>421.2</ele>
      </trkpt>
      <trkpt lat="45.9745" lon="-71.640964">
        <ele>416</ele>
      </trkpt>
      <trkpt lat="45.975275" lon="-71.641222">
        <ele>411.6</ele>
      </trkpt>
      <trkpt lat="45.97605" lon="-71.64148">
        <ele>408.2</ele>
      </trkpt>
      <trkpt lat="45.97668" lon="-71.641819">
        <ele>404.8</ele>
      </trkpt>
      <trkpt lat="45.97731" lon="-71.64216">
        <ele>402.9</ele>
      </trkpt>
      <trkpt lat="45.97768" lon="-71.642989">
        <ele>401.4</ele>
      </trkpt>
      <trkpt lat="45.97805" lon="-71.643819">
        <ele>398.6</ele>
      </trkpt>
      <trkpt lat="45.97842" lon="-71.64465">
        <ele>393.5</ele>
      </trkpt>
      <trkpt lat="45.978886" lon="-71.645574">
        <ele>387.1</ele>
      </trkpt>
      <trkpt lat="45.979352" lon="-71.646499">
        <ele>377.5</ele>
      </trkpt>
      <trkpt lat="45.979818" lon="-71.647424">
        <ele>369.6</ele>
      </trkpt>
      <trkpt lat="45.980285" lon="-71.648349">
        <ele>363.1</ele>
      </trkpt>
      <trkpt lat="45.980751" lon="-71.649274">
        <ele>361.6</ele>
      </trkpt>
      <trkpt lat="45.981217" lon="-71.650199">
        <ele>362.1</ele>
      </trkpt>
      <trkpt lat="45.981683" lon="-71.651124">
        <ele>362</ele>
      </trkpt>
      <trkpt lat="45.98215" lon="-71.65205">
        <ele>357.3</ele>
      </trkpt>
      <trkpt lat="45.982666" lon="-71.653089">
        <ele>356.2</ele>
      </trkpt>
      <trkpt lat="45.983183" lon="-71.654129">
        <ele>366.2</ele>
      </trkpt>
      <trkpt lat="45.9837" lon="-71.65517">
        <ele>375.3</ele>
      </trkpt>
      <trkpt lat="45.984066" lon="-71.655903">
        <ele>380.3</ele>
      </trkpt>
      <trkpt lat="45.984433" lon="-71.656636">
        <ele>386.2</ele>
      </trkpt>
      <trkpt lat="45.9848" lon="-71.65737">
        <ele>395.4</ele>
      </trkpt>
      <trkpt lat="45.98492" lon="-71.65782">
        <ele>398.3</ele>
      </trkpt>
      <trkpt lat="45.984945" lon="-71.658754">
        <ele>403.1</ele>
      </trkpt>
      <trkpt lat="45.98497" lon="-71.65969">
        <ele>410.1</ele>
      </trkpt>
      <trkpt lat="45.98501" lon="-71.66018">
        <ele>413.7</ele>
      </trkpt>
      <trkpt lat="45.98512" lon="-71.66065">
        <ele>418.2</ele>
      </trkpt>
      <trkpt lat="45.985473" lon="-71.661736">
        <ele>424.2</ele>
      </trkpt>
      <trkpt lat="45.985826" lon="-71.662823">
        <ele>430.8</ele>
      </trkpt>
      <trkpt lat="45.98618" lon="-71.66391">
        <ele>440.6</ele>
      </trkpt>
      <trkpt lat="45.986515" lon="-71.664624">
        <ele>444.8</ele>
      </trkpt>
      <trkpt lat="45.98685" lon="-71.66534">
        <ele>444.6</ele>
      </trkpt>
      <trkpt lat="45.98715" lon="-71.66507">
        <ele>444.9</ele>
      </trkpt>
      <trkpt lat="45.987831" lon="-71.664341">
        <ele>446.8</ele>
      </trkpt>
      <trkpt lat="45.988512" lon="-71.663612">
        <ele>442.4</ele>
      </trkpt>
      <trkpt lat="45.989193" lon="-71.662883">
        <ele>441.5</ele>
      </trkpt>
      <trkpt lat="45.989875" lon="-71.662155">
        <ele>444.8</ele>
      </trkpt>
      <trkpt lat="45.990556" lon="-71.661426">
        <ele>441.9</ele>
      </trkpt>
      <trkpt lat="45.991237" lon="-71.660697">
        <ele>432.7</ele>
      </trkpt>
      <trkpt lat="45.991918" lon="-71.659968">
        <ele>419.5</ele>
      </trkpt>
      <trkpt lat="45.9926" lon="-71.65924">
        <ele>403.6</ele>
      </trkpt>
      <trkpt lat="45.993307" lon="-71.658522">
        <ele>390.1</ele>
      </trkpt>
      <trkpt lat="45.994015" lon="-71.657805">
        <ele>377.9</ele>
      </trkpt>
      <trkpt lat="45.994722" lon="-71.657087">
        <ele>366.3</ele>
      </trkpt>
      <trkpt lat="45.99543" lon="-71.65637">
        <ele>358.5</ele>
      </trkpt>
      <trkpt lat="45.996091" lon="-71.655668">
        <ele>359.8</ele>
      </trkpt>
      <trkpt lat="45.996752" lon="-71.654967">
        <ele>370.2</ele>
      </trkpt>
      <trkpt lat="45.997414" lon="-71.654265">
        <ele>371.2</ele>
      </trkpt>
      <trkpt lat="45.998075" lon="-71.653564">
        <ele>372.3</ele>
      </trkpt>
      <trkpt lat="45.998737" lon="-71.652862">
        <ele>374.9</ele>
      </trkpt>
      <trkpt lat="45.999398" lon="-71.652161">
        <ele>373.3</ele>
      </trkpt>
      <trkpt lat="46.00006" lon="-71.65146">
        <ele>366.4</ele>
      </trkpt>
      <trkpt lat="46.000697" lon="-71.650802">
        <ele>356.5</ele>
      </trkpt>
      <trkpt lat="46.001335" lon="-71.650145">
        <ele>340.5</ele>
      </trkpt>
      <trkpt lat="46.001972" lon="-71.649487">
        <ele>330.9</ele>
      </trkpt>
      <trkpt lat="46.00261" lon="-71.64883">
        <ele>321.8</ele>
      </trkpt>
      <trkpt lat="46.00305" lon="-71.64831">
        <ele>318.3</ele>
      </trkpt>
      <trkpt lat="46.00356" lon="-71.64932">
        <ele>320.9</ele>
      </trkpt>
      <trkpt lat="46.00396" lon="-71.650084">
        <ele>323.8</ele>
      </trkpt>
      <trkpt lat="46.00436" lon="-71.65085">
        <ele>328.3</ele>
      </trkpt>
      <trkpt lat="46.004844" lon="-71.651769">
        <ele>333.8</ele>
      </trkpt>
      <trkpt lat="46.005328" lon="-71.652689">
        <ele>338.2</ele>
      </trkpt>
      <trkpt lat="46.005812" lon="-71.653609">
        <ele>340.2</ele>
      </trkpt>
      <trkpt lat="46.006296" lon="-71.654529">
        <ele>341.6</ele>
      </trkpt>
      <trkpt lat="46.00678" lon="-71.65545">
        <ele>343.3</ele>
      </trkpt>
      <trkpt lat="46.007286" lon="-71.656359">
        <ele>344.9</ele>
      </trkpt>
      <trkpt lat="46.007793" lon="-71.657269">
        <ele>343.6</ele>
      </trkpt>
      <trkpt lat="46.0083" lon="-71.65818">
        <ele>341.8</ele>
      </trkpt>
      <trkpt lat="46.008615" lon="-71.658804">
        <ele>342.6</ele>
      </trkpt>
      <trkpt lat="46.00893" lon="-71.65943">
        <ele>342.4</ele>
      </trkpt>
      <trkpt lat="46.00936" lon="-71.660364">
        <ele>339</ele>
      </trkpt>
      <trkpt lat="46.00979" lon="-71.6613">
        <ele>343</ele>
      </trkpt>
      <trkpt lat="46.01027" lon="-71.66217">
        <ele>356.6</ele>
      </trkpt>
      <trkpt lat="46.010845" lon="-71.663149">
        <ele>365.7</ele>
      </trkpt>
      <trkpt lat="46.01142" lon="-71.66413">
        <ele>370.7</ele>
      </trkpt>
      <trkpt lat="46.0119" lon="-71.665099">
        <ele>373.6</ele>
      </trkpt>
      <trkpt lat="46.01238" lon="-71.666069">
        <ele>376.7</ele>
      </trkpt>
      <trkpt lat="46.01286" lon="-71.66704">
        <ele>378.3</ele>
      </trkpt>
      <trkpt lat="46.01338" lon="-71.668039">
        <ele>381.6</ele>
      </trkpt>
      <trkpt lat="46.0139" lon="-71.669039">
        <ele>383.8</ele>
      </trkpt>
      <trkpt lat="46.01442" lon="-71.670039">
        <ele>383.6</ele>
      </trkpt>
      <trkpt lat="46.01494" lon="-71.671039">
        <ele>386</ele>
      </trkpt>
      <trkpt lat="46.01546" lon="-71.67204">
        <ele>388.5</ele>
      </trkpt>
      <trkpt lat="46.015977" lon="-71.673042">
        <ele>392</ele>
      </trkpt>
      <trkpt lat="46.016495" lon="-71.674044">
        <ele>395.7</ele>
      </trkpt>
      <trkpt lat="46.017012" lon="-71.675047">
        <ele>400.7</ele>
      </trkpt>
      <trkpt lat="46.01753" lon="-71.67605">
        <ele>402.6</ele>
      </trkpt>
      <trkpt lat="46.017932" lon="-71.676864">
        <ele>403.9</ele>
      </trkpt>
      <trkpt lat="46.018335" lon="-71.677679">
        <ele>405.3</ele>
      </trkpt>
      <trkpt lat="46.018737" lon="-71.678494">
        <ele>403</ele>
      </trkpt>
      <trkpt lat="46.01914" lon="-71.67931">
        <ele>402.8</ele>
      </trkpt>
      <trkpt lat="46.019665" lon="-71.680224">
        <ele>400.7</ele>
      </trkpt>
      <trkpt lat="46.02019" lon="-71.68114">
        <ele>396.9</ele>
      </trkpt>
      <trkpt lat="46.02043" lon="-71.681714">
        <ele>392.4</ele>
      </trkpt>
      <trkpt lat="46.02067" lon="-71.68229">
        <ele>389.5</ele>
      </trkpt>
      <trkpt lat="46.02107" lon="-71.683014">
        <ele>387.1</ele>
      </trkpt>
      <trkpt lat="46.02147" lon="-71.68374">
        <ele>380.4</ele>
      </trkpt>
      <trkpt lat="46.021873" lon="-71.684549">
        <ele>379.7</ele>
      </trkpt>
      <trkpt lat="46.022276" lon="-71.685359">
        <ele>383.2</ele>
      </trkpt>
      <trkpt lat="46.02268" lon="-71.68617">
        <ele>385.8</ele>
      </trkpt>
      <trkpt lat="46.02292" lon="-71.68659">
        <ele>387</ele>
      </trkpt>
      <trkpt lat="46.02335" lon="-71.68732">
        <ele>388.2</ele>
      </trkpt>
      <trkpt lat="46.02356" lon="-71.68777">
        <ele>388.2</ele>
      </trkpt>
      <trkpt lat="46.02366" lon="-71.68813">
        <ele>388.7</ele>
      </trkpt>
      <trkpt lat="46.02369" lon="-71.68884">
        <ele>390.5</ele>
      </trkpt>
      <trkpt lat="46.02363" lon="-71.68973">
        <ele>391.5</ele>
      </trkpt>
      <trkpt lat="46.02363" lon="-71.69023">
        <ele>392.1</ele>
      </trkpt>
      <trkpt lat="46.023785" lon="-71.690889">
        <ele>394.9</ele>
      </trkpt>
      <trkpt lat="46.02394" lon="-71.69155">
        <ele>398.7</ele>
      </trkpt>
      <trkpt lat="46.02415" lon="-71.692479">
        <ele>403.6</ele>
      </trkpt>
      <trkpt lat="46.02436" lon="-71.69341">
        <ele>406.8</ele>
      </trkpt>
      <trkpt lat="46.024706" lon="-71.694443">
        <ele>411.1</ele>
      </trkpt>
      <trkpt lat="46.025053" lon="-71.695476">
        <ele>418.8</ele>
      </trkpt>
      <trkpt lat="46.0254" lon="-71.69651">
        <ele>429.7</ele>
      </trkpt>
      <trkpt lat="46.025855" lon="-71.697574">
        <ele>433.9</ele>
      </trkpt>
      <trkpt lat="46.02631" lon="-71.69864">
        <ele>433.9</ele>
      </trkpt>
      <trkpt lat="46.02668" lon="-71.69937">
        <ele>434.5</ele>
      </trkpt>
      <trkpt lat="46.02692" lon="-71.69973">
        <ele>436.6</ele>
      </trkpt>
      <trkpt lat="46.027255" lon="-71.700284">
        <ele>439.3</ele>
      </trkpt>
      <trkpt lat="46.02759" lon="-71.70084">
        <ele>443.8</ele>
      </trkpt>
      <trkpt lat="46.027856" lon="-71.701646">
        <ele>447.7</ele>
      </trkpt>
      <trkpt lat="46.028123" lon="-71.702453">
        <ele>453.2</ele>
      </trkpt>
      <trkpt lat="46.02839" lon="-71.70326">
        <ele>459.1</ele>
      </trkpt>
      <trkpt lat="46.02872" lon="-71.7039">
        <ele>463.4</ele>
      </trkpt>
      <trkpt lat="46.02907" lon="-71.704339">
        <ele>468.1</ele>
      </trkpt>
      <trkpt lat="46.02942" lon="-71.70478">
        <ele>468.5</ele>
      </trkpt>
      <trkpt lat="46.029965" lon="-71.705274">
        <ele>467.6</ele>
      </trkpt>
      <trkpt lat="46.03051" lon="-71.70577">
        <ele>460</ele>
      </trkpt>
      <trkpt lat="46.03108" lon="-71.7062">
        <ele>454.7</ele>
      </trkpt>
      <trkpt lat="46.03145" lon="-71.70662">
        <ele>450</ele>
      </trkpt>
      <trkpt lat="46.03158" lon="-71.70684">
        <ele>448.6</ele>
      </trkpt>
      <trkpt lat="46.03169" lon="-71.70711">
        <ele>447.6</ele>
      </trkpt>
      <trkpt lat="46.03186" lon="-71.70765">
        <ele>443.6</ele>
      </trkpt>
      <trkpt lat="46.03211" lon="-71.70823">
        <ele>442.6</ele>
      </trkpt>
      <trkpt lat="46.03227" lon="-71.70853">
        <ele>441.4</ele>
      </trkpt>
      <trkpt lat="46.03254" lon="-71.70899">
        <ele>434.4</ele>
      </trkpt>
      <trkpt lat="46.033067" lon="-71.709829">
        <ele>427</ele>
      </trkpt>
      <trkpt lat="46.033595" lon="-71.710669">
        <ele>422.3</ele>
      </trkpt>
      <trkpt lat="46.034122" lon="-71.711509">
        <ele>419.6</ele>
      </trkpt>
      <trkpt lat="46.03465" lon="-71.71235">
        <ele>415.1</ele>
      </trkpt>
      <trkpt lat="46.03491" lon="-71.71284">
        <ele>413.8</ele>
      </trkpt>
      <trkpt lat="46.035" lon="-71.71329">
        <ele>413.6</ele>
      </trkpt>
      <trkpt lat="46.03494" lon="-71.71387">
        <ele>413.1</ele>
      </trkpt>
      <trkpt lat="46.03484" lon="-71.71427">
        <ele>412.2</ele>
      </trkpt>
      <trkpt lat="46.034645" lon="-71.714875">
        <ele>411.7</ele>
      </trkpt>
      <trkpt lat="46.03445" lon="-71.71548">
        <ele>412.1</ele>
      </trkpt>
      <trkpt lat="46.03412" lon="-71.716085">
        <ele>413.3</ele>
      </trkpt>
      <trkpt lat="46.03379" lon="-71.71669">
        <ele>413.3</ele>
      </trkpt>
      <trkpt lat="46.03347" lon="-71.717345">
        <ele>413.7</ele>
      </trkpt>
      <trkpt lat="46.03315" lon="-71.718">
        <ele>413.5</ele>
      </trkpt>
      <trkpt lat="46.0327" lon="-71.718775">
        <ele>411.2</ele>
      </trkpt>
      <trkpt lat="46.03225" lon="-71.71955">
        <ele>408.4</ele>
      </trkpt>
      <trkpt lat="46.03214" lon="-71.71983">
        <ele>407</ele>
      </trkpt>
      <trkpt lat="46.0321" lon="-71.72032">
        <ele>405.2</ele>
      </trkpt>
      <trkpt lat="46.03213" lon="-71.72063">
        <ele>404.9</ele>
      </trkpt>
      <trkpt lat="46.03231" lon="-71.721564">
        <ele>401.9</ele>
      </trkpt>
      <trkpt lat="46.03249" lon="-71.7225">
        <ele>397</ele>
      </trkpt>
      <trkpt lat="46.031836" lon="-71.723156">
        <ele>388.5</ele>
      </trkpt>
      <trkpt lat="46.031183" lon="-71.723813">
        <ele>383.3</ele>
      </trkpt>
      <trkpt lat="46.03053" lon="-71.72447">
        <ele>380.6</ele>
      </trkpt>
      <trkpt lat="46.03053" lon="-71.72448">
        <ele>380.6</ele>
      </trkpt>
      <trkpt lat="46.029895" lon="-71.725118">
        <ele>375</ele>
      </trkpt>
      <trkpt lat="46.02926" lon="-71.725756">
        <ele>371.4</ele>
      </trkpt>
      <trkpt lat="46.028625" lon="-71.726395">
        <ele>366.6</ele>
      </trkpt>
      <trkpt lat="46.02799" lon="-71.727033">
        <ele>360</ele>
      </trkpt>
      <trkpt lat="46.027355" lon="-71.727671">
        <ele>356.2</ele>
      </trkpt>
      <trkpt lat="46.02672" lon="-71.72831">
        <ele>351.4</ele>
      </trkpt>
      <trkpt lat="46.027202" lon="-71.729265">
        <ele>349.3</ele>
      </trkpt>
      <trkpt lat="46.027685" lon="-71.730221">
        <ele>346.3</ele>
      </trkpt>
      <trkpt lat="46.028168" lon="-71.731177">
        <ele>344</ele>
      </trkpt>
      <trkpt lat="46.028651" lon="-71.732132">
        <ele>342.6</ele>
      </trkpt>
      <trkpt lat="46.029134" lon="-71.733088">
        <ele>341.7</ele>
      </trkpt>
      <trkpt lat="46.029617" lon="-71.734044">
        <ele>339.4</ele>
      </trkpt>
      <trkpt lat="46.0301" lon="-71.735">
        <ele>333.7</ele>
      </trkpt>
      <trkpt lat="46.03007" lon="-71.73531">
        <ele>333.2</ele>
      </trkpt>
      <trkpt lat="46.02993" lon="-71.73558">
        <ele>332.3</ele>
      </trkpt>
      <trkpt lat="46.02947" lon="-71.73612">
        <ele>329.2</ele>
      </trkpt>
      <trkpt lat="46.02901" lon="-71.73666">
        <ele>324.7</ele>
      </trkpt>
      <trkpt lat="46.02888" lon="-71.73694">
        <ele>324.7</ele>
      </trkpt>
      <trkpt lat="46.02888" lon="-71.7375">
        <ele>320.7</ele>
      </trkpt>
      <trkpt lat="46.02903" lon="-71.738">
        <ele>317.3</ele>
      </trkpt>
      <trkpt lat="46.0293" lon="-71.73841">
        <ele>312.9</ele>
      </trkpt>
      <trkpt lat="46.02954" lon="-71.73858">
        <ele>311.6</ele>
      </trkpt>
      <trkpt lat="46.02978" lon="-71.73867">
        <ele>309.7</ele>
      </trkpt>
      <trkpt lat="46.02994" lon="-71.73864">
        <ele>309</ele>
      </trkpt>
      <trkpt lat="46.03013" lon="-71.73858">
        <ele>306.3</ele>
      </trkpt>
      <trkpt lat="46.03072" lon="-71.73818">
        <ele>304.4</ele>
      </trkpt>
      <trkpt lat="46.03087" lon="-71.73816">
        <ele>304.5</ele>
      </trkpt>
      <trkpt lat="46.031475" lon="-71.738484">
        <ele>308.4</ele>
      </trkpt>
      <trkpt lat="46.03208" lon="-71.73881">
        <ele>317</ele>
      </trkpt>
      <trkpt lat="46.03237" lon="-71.73913">
        <ele>320.4</ele>
      </trkpt>
      <trkpt lat="46.03271" lon="-71.73973">
        <ele>324.8</ele>
      </trkpt>
      <trkpt lat="46.033075" lon="-71.740544">
        <ele>325.3</ele>
      </trkpt>
      <trkpt lat="46.03344" lon="-71.74136">
        <ele>324.3</ele>
      </trkpt>
      <trkpt lat="46.03372" lon="-71.74183">
        <ele>326.2</ele>
      </trkpt>
      <trkpt lat="46.03393" lon="-71.74212">
        <ele>331.6</ele>
      </trkpt>
      <trkpt lat="46.034395" lon="-71.742569">
        <ele>341.5</ele>
      </trkpt>
      <trkpt lat="46.03486" lon="-71.74302">
        <ele>346.9</ele>
      </trkpt>
      <trkpt lat="46.03537" lon="-71.7436">
        <ele>353.7</ele>
      </trkpt>
      <trkpt lat="46.03553" lon="-71.74387">
        <ele>357.6</ele>
      </trkpt>
      <trkpt lat="46.035815" lon="-71.745079">
        <ele>359.2</ele>
      </trkpt>
      <trkpt lat="46.0361" lon="-71.74629">
        <ele>357.6</ele>
      </trkpt>
      <trkpt lat="46.03634" lon="-71.74714">
        <ele>361.3</ele>
      </trkpt>
      <trkpt lat="46.036615" lon="-71.747854">
        <ele>368.7</ele>
      </trkpt>
      <trkpt lat="46.03689" lon="-71.74857">
        <ele>378.9</ele>
      </trkpt>
      <trkpt lat="46.03717" lon="-71.74939">
        <ele>382</ele>
      </trkpt>
      <trkpt lat="46.037603" lon="-71.750203">
        <ele>379.6</ele>
      </trkpt>
      <trkpt lat="46.038036" lon="-71.751016">
        <ele>382.2</ele>
      </trkpt>
      <trkpt lat="46.03847" lon="-71.75183">
        <ele>383.2</ele>
      </trkpt>
      <trkpt lat="46.03886" lon="-71.752684">
        <ele>378.9</ele>
      </trkpt>
      <trkpt lat="46.03925" lon="-71.75354">
        <ele>370.5</ele>
      </trkpt>
      <trkpt lat="46.039763" lon="-71.7545">
        <ele>357.1</ele>
      </trkpt>
      <trkpt lat="46.040276" lon="-71.755461">
        <ele>349.1</ele>
      </trkpt>
      <trkpt lat="46.04079" lon="-71.756422">
        <ele>346.4</ele>
      </trkpt>
      <trkpt lat="46.041303" lon="-71.757383">
        <ele>341.3</ele>
      </trkpt>
      <trkpt lat="46.041816" lon="-71.758343">
        <ele>333.1</ele>
      </trkpt>
      <trkpt lat="46.04233" lon="-71.759304">
        <ele>323.9</ele>
      </trkpt>
      <trkpt lat="46.042843" lon="-71.760265">
        <ele>313.8</ele>
      </trkpt>
      <trkpt lat="46.043356" lon="-71.761226">
        <ele>309.3</ele>
      </trkpt>
      <trkpt lat="46.04387" lon="-71.762187">
        <ele>322.9</ele>
      </trkpt>
      <trkpt lat="46.044383" lon="-71.763148">
        <ele>331.9</ele>
      </trkpt>
      <trkpt lat="46.044896" lon="-71.764109">
        <ele>340.6</ele>
      </trkpt>
      <trkpt lat="46.04541" lon="-71.76507">
        <ele>348</ele>
      </trkpt>
      <trkpt lat="46.045886" lon="-71.766005">
        <ele>352.9</ele>
      </trkpt>
      <trkpt lat="46.046362" lon="-71.766941">
        <ele>354.6</ele>
      </trkpt>
      <trkpt lat="46.046838" lon="-71.767877">
        <ele>355.2</ele>
      </trkpt>
      <trkpt lat="46.047314" lon="-71.768813">
        <ele>352.5</ele>
      </trkpt>
      <trkpt lat="46.04779" lon="-71.76975">
        <ele>341.4</ele>
      </trkpt>
      <trkpt lat="46.048305" lon="-71.770719">
        <ele>327.5</ele>
      </trkpt>
      <trkpt lat="46.04882" lon="-71.77169">
        <ele>318.6</ele>
      </trkpt>
      <trkpt lat="46.049285" lon="-71.772561">
        <ele>315.6</ele>
      </trkpt>
      <trkpt lat="46.04975" lon="-71.773433">
        <ele>312.1</ele>
      </trkpt>
      <trkpt lat="46.050215" lon="-71.774304">
        <ele>308</ele>
      </trkpt>
      <trkpt lat="46.05068" lon="-71.775176">
        <ele>305.4</ele>
      </trkpt>
      <trkpt lat="46.051145" lon="-71.776048">
        <ele>302.2</ele>
      </trkpt>
      <trkpt lat="46.05161" lon="-71.77692">
        <ele>296.7</ele>
      </trkpt>
      <trkpt lat="46.052071" lon="-71.777828">
        <ele>293.5</ele>
      </trkpt>
      <trkpt lat="46.052533" lon="-71.778736">
        <ele>299</ele>
      </trkpt>
      <trkpt lat="46.052995" lon="-71.779644">
        <ele>302.5</ele>
      </trkpt>
      <trkpt lat="46.053456" lon="-71.780553">
        <ele>305.3</ele>
      </trkpt>
      <trkpt lat="46.053918" lon="-71.781461">
        <ele>311</ele>
      </trkpt>
      <trkpt lat="46.05438" lon="-71.78237">
        <ele>313.6</ele>
      </trkpt>
      <trkpt lat="46.05476" lon="-71.78306">
        <ele>315.9</ele>
      </trkpt>
      <trkpt lat="46.05517" lon="-71.783826">
        <ele>321.3</ele>
      </trkpt>
      <trkpt lat="46.05558" lon="-71.784593">
        <ele>323.7</ele>
      </trkpt>
      <trkpt lat="46.05599" lon="-71.78536">
        <ele>322.7</ele>
      </trkpt>
      <trkpt lat="46.05661" lon="-71.78604">
        <ele>319.6</ele>
      </trkpt>
      <trkpt lat="46.05681" lon="-71.78618">
        <ele>318.4</ele>
      </trkpt>
      <trkpt lat="46.05705" lon="-71.78627">
        <ele>316.5</ele>
      </trkpt>
      <trkpt lat="46.05793" lon="-71.78627">
        <ele>311</ele>
      </trkpt>
      <trkpt lat="46.05823" lon="-71.78639">
        <ele>307.7</ele>
      </trkpt>
      <trkpt lat="46.059065" lon="-71.786844">
        <ele>303.6</ele>
      </trkpt>
      <trkpt lat="46.0599" lon="-71.7873">
        <ele>305.3</ele>
      </trkpt>
      <trkpt lat="46.0602" lon="-71.78766">
        <ele>305.5</ele>
      </trkpt>
      <trkpt lat="46.06032" lon="-71.78823">
        <ele>305.9</ele>
      </trkpt>
      <trkpt lat="46.06027" lon="-71.78882">
        <ele>306.7</ele>
      </trkpt>
      <trkpt lat="46.05995" lon="-71.78988">
        <ele>306.4</ele>
      </trkpt>
      <trkpt lat="46.05963" lon="-71.79094">
        <ele>306.2</ele>
      </trkpt>
      <trkpt lat="46.05931" lon="-71.792">
        <ele>306.5</ele>
      </trkpt>
      <trkpt lat="46.059055" lon="-71.79258">
        <ele>306.6</ele>
      </trkpt>
      <trkpt lat="46.0588" lon="-71.79316">
        <ele>306.4</ele>
      </trkpt>
      <trkpt lat="46.05833" lon="-71.7941">
        <ele>306.3</ele>
      </trkpt>
      <trkpt lat="46.05803" lon="-71.79455">
        <ele>305</ele>
      </trkpt>
      <trkpt lat="46.057455" lon="-71.79522">
        <ele>301.9</ele>
      </trkpt>
      <trkpt lat="46.05688" lon="-71.79589">
        <ele>298.2</ele>
      </trkpt>
      <trkpt lat="46.05669" lon="-71.7963">
        <ele>297.8</ele>
      </trkpt>
      <trkpt lat="46.05664" lon="-71.7967">
        <ele>298.5</ele>
      </trkpt>
      <trkpt lat="46.05665" lon="-71.79711">
        <ele>299.3</ele>
      </trkpt>
      <trkpt lat="46.05675" lon="-71.79782">
        <ele>302.3</ele>
      </trkpt>
      <trkpt lat="46.05688" lon="-71.7984">
        <ele>305.7</ele>
      </trkpt>
      <trkpt lat="46.057275" lon="-71.799159">
        <ele>311</ele>
      </trkpt>
      <trkpt lat="46.05767" lon="-71.79992">
        <ele>313.2</ele>
      </trkpt>
      <trkpt lat="46.05815" lon="-71.800982">
        <ele>318.1</ele>
      </trkpt>
      <trkpt lat="46.05863" lon="-71.802044">
        <ele>318.8</ele>
      </trkpt>
      <trkpt lat="46.05911" lon="-71.803107">
        <ele>322.1</ele>
      </trkpt>
      <trkpt lat="46.05959" lon="-71.80417">
        <ele>319.7</ele>
      </trkpt>
      <trkpt lat="46.05982" lon="-71.8044">
        <ele>319</ele>
      </trkpt>
      <trkpt lat="46.06008" lon="-71.80444">
        <ele>319</ele>
      </trkpt>
      <trkpt lat="46.06044" lon="-71.80423">
        <ele>319.1</ele>
      </trkpt>
      <trkpt lat="46.06096" lon="-71.803693">
        <ele>319.7</ele>
      </trkpt>
      <trkpt lat="46.06148" lon="-71.803156">
        <ele>321.2</ele>
      </trkpt>
      <trkpt lat="46.062" lon="-71.80262">
        <ele>320.1</ele>
      </trkpt>
      <trkpt lat="46.062755" lon="-71.801925">
        <ele>319</ele>
      </trkpt>
      <trkpt lat="46.06351" lon="-71.80123">
        <ele>319.1</ele>
      </trkpt>
      <trkpt lat="46.06388" lon="-71.80104">
        <ele>315.1</ele>
      </trkpt>
      <trkpt lat="46.06417" lon="-71.80114">
        <ele>313.1</ele>
      </trkpt>
      <trkpt lat="46.0645" lon="-71.80153">
        <ele>310.5</ele>
      </trkpt>
      <trkpt lat="46.06493" lon="-71.802314">
        <ele>306.3</ele>
      </trkpt>
      <trkpt lat="46.06536" lon="-71.8031">
        <ele>309.1</ele>
      </trkpt>
      <trkpt lat="46.0657" lon="-71.80382">
        <ele>313.9</ele>
      </trkpt>
      <trkpt lat="46.06597" lon="-71.8048">
        <ele>315.4</ele>
      </trkpt>
      <trkpt lat="46.06646" lon="-71.80526">
        <ele>313.2</ele>
      </trkpt>
      <trkpt lat="46.0666" lon="-71.80547">
        <ele>313</ele>
      </trkpt>
      <trkpt lat="46.06704" lon="-71.80636">
        <ele>315.4</ele>
      </trkpt>
      <trkpt lat="46.06712" lon="-71.80667">
        <ele>318.6</ele>
      </trkpt>
      <trkpt lat="46.06711" lon="-71.80699">
        <ele>319.3</ele>
      </trkpt>
      <trkpt lat="46.06695" lon="-71.80798">
        <ele>324.6</ele>
      </trkpt>
      <trkpt lat="46.06694" lon="-71.80879">
        <ele>329</ele>
      </trkpt>
      <trkpt lat="46.06712" lon="-71.80951">
        <ele>330.2</ele>
      </trkpt>
      <trkpt lat="46.06737" lon="-71.81017">
        <ele>328.7</ele>
      </trkpt>
      <trkpt lat="46.0676" lon="-71.81049">
        <ele>328.1</ele>
      </trkpt>
      <trkpt lat="46.06794" lon="-71.81067">
        <ele>328.2</ele>
      </trkpt>
      <trkpt lat="46.06839" lon="-71.81072">
        <ele>328.8</ele>
      </trkpt>
      <trkpt lat="46.06909" lon="-71.8107">
        <ele>327.9</ele>
      </trkpt>
      <trkpt lat="46.06937" lon="-71.8108">
        <ele>324.9</ele>
      </trkpt>
      <trkpt lat="46.06951" lon="-71.81097">
        <ele>323</ele>
      </trkpt>
      <trkpt lat="46.070005" lon="-71.811854">
        <ele>312.5</ele>
      </trkpt>
      <trkpt lat="46.0705" lon="-71.812739">
        <ele>298.4</ele>
      </trkpt>
      <trkpt lat="46.070995" lon="-71.813624">
        <ele>285.5</ele>
      </trkpt>
      <trkpt lat="46.07149" lon="-71.81451">
        <ele>270</ele>
      </trkpt>
      <trkpt lat="46.071962" lon="-71.815379">
        <ele>259.3</ele>
      </trkpt>
      <trkpt lat="46.072434" lon="-71.816249">
        <ele>252.9</ele>
      </trkpt>
      <trkpt lat="46.072906" lon="-71.817119">
        <ele>248.9</ele>
      </trkpt>
      <trkpt lat="46.073378" lon="-71.817989">
        <ele>242.2</ele>
      </trkpt>
      <trkpt lat="46.07385" lon="-71.81886">
        <ele>235.8</ele>
      </trkpt>
      <trkpt lat="46.074265" lon="-71.819669">
        <ele>234.2</ele>
      </trkpt>
      <trkpt lat="46.07468" lon="-71.82048">
        <ele>233.5</ele>
      </trkpt>
      <trkpt lat="46.07522" lon="-71.821464">
        <ele>233.2</ele>
      </trkpt>
      <trkpt lat="46.07576" lon="-71.82245">
        <ele>231.8</ele>
      </trkpt>
      <trkpt lat="46.07621" lon="-71.823264">
        <ele>232</ele>
      </trkpt>
      <trkpt lat="46.07666" lon="-71.82408">
        <ele>231.6</ele>
      </trkpt>
      <trkpt lat="46.077033" lon="-71.824796">
        <ele>230.1</ele>
      </trkpt>
      <trkpt lat="46.077406" lon="-71.825513">
        <ele>228.9</ele>
      </trkpt>
      <trkpt lat="46.07778" lon="-71.82623">
        <ele>228.3</ele>
      </trkpt>
      <trkpt lat="46.077087" lon="-71.826967">
        <ele>227.8</ele>
      </trkpt>
      <trkpt lat="46.076395" lon="-71.827705">
        <ele>229.1</ele>
      </trkpt>
      <trkpt lat="46.075703" lon="-71.828443">
        <ele>231</ele>
      </trkpt>
      <trkpt lat="46.075011" lon="-71.829181">
        <ele>233.4</ele>
      </trkpt>
      <trkpt lat="46.074318" lon="-71.829919">
        <ele>236.1</ele>
      </trkpt>
      <trkpt lat="46.073626" lon="-71.830656">
        <ele>235.3</ele>
      </trkpt>
      <trkpt lat="46.072934" lon="-71.831394">
        <ele>231.9</ele>
      </trkpt>
      <trkpt lat="46.072242" lon="-71.832132">
        <ele>229.9</ele>
      </trkpt>
      <trkpt lat="46.07155" lon="-71.83287">
        <ele>227.7</ele>
      </trkpt>
      <trkpt lat="46.070873" lon="-71.83358">
        <ele>226.4</ele>
      </trkpt>
      <trkpt lat="46.070196" lon="-71.83429">
        <ele>226.1</ele>
      </trkpt>
      <trkpt lat="46.06952" lon="-71.835">
        <ele>225.4</ele>
      </trkpt>
      <trkpt lat="46.06951" lon="-71.835">
        <ele>225.4</ele>
      </trkpt>
      <trkpt lat="46.06885" lon="-71.83569">
        <ele>225.3</ele>
      </trkpt>
      <trkpt lat="46.06819" lon="-71.83638">
        <ele>224.7</ele>
      </trkpt>
      <trkpt lat="46.06753" lon="-71.83707">
        <ele>220.2</ele>
      </trkpt>
      <trkpt lat="46.06687" lon="-71.83776">
        <ele>218.2</ele>
      </trkpt>
      <trkpt lat="46.066335" lon="-71.836764">
        <ele>219.5</ele>
      </trkpt>
      <trkpt lat="46.0658" lon="-71.83577">
        <ele>219.7</ele>
      </trkpt>
      <trkpt lat="46.06511" lon="-71.836514">
        <ele>215.9</ele>
      </trkpt>
      <trkpt lat="46.06442" lon="-71.837258">
        <ele>209</ele>
      </trkpt>
      <trkpt lat="46.06373" lon="-71.838002">
        <ele>202.6</ele>
      </trkpt>
      <trkpt lat="46.06304" lon="-71.838747">
        <ele>197.3</ele>
      </trkpt>
      <trkpt lat="46.06235" lon="-71.839491">
        <ele>194.8</ele>
      </trkpt>
      <trkpt lat="46.06166" lon="-71.840235">
        <ele>195.7</ele>
      </trkpt>
      <trkpt lat="46.06097" lon="-71.84098">
        <ele>197.4</ele>
      </trkpt>
      <trkpt lat="46.06033" lon="-71.84166">
        <ele>200.4</ele>
      </trkpt>
      <trkpt lat="46.05969" lon="-71.84234">
        <ele>204.6</ele>
      </trkpt>
      <trkpt lat="46.05905" lon="-71.84302">
        <ele>205.6</ele>
      </trkpt>
      <trkpt lat="46.05841" lon="-71.8437">
        <ele>207.7</ele>
      </trkpt>
      <trkpt lat="46.0584" lon="-71.8437">
        <ele>207.8</ele>
      </trkpt>
      <trkpt lat="46.057696" lon="-71.844456">
        <ele>212.1</ele>
      </trkpt>
      <trkpt lat="46.056992" lon="-71.845212">
        <ele>214.8</ele>
      </trkpt>
      <trkpt lat="46.056288" lon="-71.845968">
        <ele>218.9</ele>
      </trkpt>
      <trkpt lat="46.055584" lon="-71.846724">
        <ele>224.8</ele>
      </trkpt>
      <trkpt lat="46.05488" lon="-71.84748">
        <ele>229.6</ele>
      </trkpt>
      <trkpt lat="46.05454" lon="-71.846839">
        <ele>235.3</ele>
      </trkpt>
      <trkpt lat="46.0542" lon="-71.8462">
        <ele>240.5</ele>
      </trkpt>
      <trkpt lat="46.053509" lon="-71.846948">
        <ele>241.7</ele>
      </trkpt>
      <trkpt lat="46.052818" lon="-71.847696">
        <ele>241.3</ele>
      </trkpt>
      <trkpt lat="46.052127" lon="-71.848444">
        <ele>238.1</ele>
      </trkpt>
      <trkpt lat="46.051436" lon="-71.849192">
        <ele>236.8</ele>
      </trkpt>
      <trkpt lat="46.050745" lon="-71.84994">
        <ele>239.4</ele>
      </trkpt>
      <trkpt lat="46.050054" lon="-71.850688">
        <ele>242</ele>
      </trkpt>
      <trkpt lat="46.049363" lon="-71.851436">
        <ele>243.5</ele>
      </trkpt>
      <trkpt lat="46.048672" lon="-71.852184">
        <ele>241.7</ele>
      </trkpt>
      <trkpt lat="46.047981" lon="-71.852932">
        <ele>239.4</ele>
      </trkpt>
      <trkpt lat="46.04729" lon="-71.85368">
        <ele>238.8</ele>
      </trkpt>
      <trkpt lat="46.04728" lon="-71.85369">
        <ele>238.8</ele>
      </trkpt>
      <trkpt lat="46.046588" lon="-71.85445">
        <ele>238.6</ele>
      </trkpt>
      <trkpt lat="46.045896" lon="-71.85521">
        <ele>237.9</ele>
      </trkpt>
      <trkpt lat="46.045205" lon="-71.85597">
        <ele>237.1</ele>
      </trkpt>
      <trkpt lat="46.044513" lon="-71.85673">
        <ele>236</ele>
      </trkpt>
      <trkpt lat="46.043821" lon="-71.85749">
        <ele>235.2</ele>
      </trkpt>
      <trkpt lat="46.04313" lon="-71.85825">
        <ele>234.8</ele>
      </trkpt>
      <trkpt lat="46.04295" lon="-71.85857">
        <ele>235.5</ele>
      </trkpt>
      <trkpt lat="46.04279" lon="-71.85902">
        <ele>235.7</ele>
      </trkpt>
      <trkpt lat="46.04272" lon="-71.85916">
        <ele>235.6</ele>
      </trkpt>
      <trkpt lat="46.04262" lon="-71.85929">
        <ele>235.3</ele>
      </trkpt>
      <trkpt lat="46.041906" lon="-71.860056">
        <ele>230.9</ele>
      </trkpt>
      <trkpt lat="46.041193" lon="-71.860823">
        <ele>226.3</ele>
      </trkpt>
      <trkpt lat="46.04048" lon="-71.86159">
        <ele>220.4</ele>
      </trkpt>
      <trkpt lat="46.039766" lon="-71.862356">
        <ele>215.5</ele>
      </trkpt>
      <trkpt lat="46.039053" lon="-71.863123">
        <ele>211.7</ele>
      </trkpt>
      <trkpt lat="46.03834" lon="-71.86389">
        <ele>217</ele>
      </trkpt>
      <trkpt lat="46.03849" lon="-71.86452">
        <ele>217.7</ele>
      </trkpt>
      <trkpt lat="46.03858" lon="-71.865446">
        <ele>217</ele>
      </trkpt>
      <trkpt lat="46.03867" lon="-71.866373">
        <ele>217.5</ele>
      </trkpt>
      <trkpt lat="46.03876" lon="-71.8673">
        <ele>217.5</ele>
      </trkpt>
      <trkpt lat="46.03877" lon="-71.86837">
        <ele>217.7</ele>
      </trkpt>
      <trkpt lat="46.03872" lon="-71.86891">
        <ele>217.7</ele>
      </trkpt>
      <trkpt lat="46.038495" lon="-71.870095">
        <ele>217.2</ele>
      </trkpt>
      <trkpt lat="46.03827" lon="-71.87128">
        <ele>217.5</ele>
      </trkpt>
      <trkpt lat="46.038175" lon="-71.871915">
        <ele>216.4</ele>
      </trkpt>
      <trkpt lat="46.03808" lon="-71.87255">
        <ele>215.7</ele>
      </trkpt>
      <trkpt lat="46.038052" lon="-71.87352">
        <ele>213.9</ele>
      </trkpt>
      <trkpt lat="46.038025" lon="-71.87449">
        <ele>211.2</ele>
      </trkpt>
      <trkpt lat="46.037997" lon="-71.87546">
        <ele>209.9</ele>
      </trkpt>
      <trkpt lat="46.03797" lon="-71.87643">
        <ele>209.6</ele>
      </trkpt>
      <trkpt lat="46.03798" lon="-71.87685">
        <ele>208.9</ele>
      </trkpt>
      <trkpt lat="46.03803" lon="-71.87732">
        <ele>207.1</ele>
      </trkpt>
      <trkpt lat="46.03814" lon="-71.87786">
        <ele>203.6</ele>
      </trkpt>
      <trkpt lat="46.0382" lon="-71.87803">
        <ele>202.8</ele>
      </trkpt>
      <trkpt lat="46.03849" lon="-71.879024">
        <ele>200.2</ele>
      </trkpt>
      <trkpt lat="46.03878" lon="-71.88002">
        <ele>196</ele>
      </trkpt>
      <trkpt lat="46.03898" lon="-71.88093">
        <ele>194.8</ele>
      </trkpt>
      <trkpt lat="46.03902" lon="-71.88122">
        <ele>194.7</ele>
      </trkpt>
      <trkpt lat="46.03903" lon="-71.88181">
        <ele>196.1</ele>
      </trkpt>
      <trkpt lat="46.038955" lon="-71.88277">
        <ele>200.7</ele>
      </trkpt>
      <trkpt lat="46.03888" lon="-71.88373">
        <ele>205.3</ele>
      </trkpt>
      <trkpt lat="46.03892" lon="-71.88435">
        <ele>208.5</ele>
      </trkpt>
      <trkpt lat="46.03904" lon="-71.88493">
        <ele>210</ele>
      </trkpt>
      <trkpt lat="46.03934" lon="-71.88553">
        <ele>210.5</ele>
      </trkpt>
      <trkpt lat="46.039876" lon="-71.886489">
        <ele>210.6</ele>
      </trkpt>
      <trkpt lat="46.040413" lon="-71.887449">
        <ele>211.2</ele>
      </trkpt>
      <trkpt lat="46.04095" lon="-71.888409">
        <ele>213.6</ele>
      </trkpt>
      <trkpt lat="46.041486" lon="-71.889369">
        <ele>218.6</ele>
      </trkpt>
      <trkpt lat="46.042023" lon="-71.890329">
        <ele>224</ele>
      </trkpt>
      <trkpt lat="46.04256" lon="-71.89129">
        <ele>231.9</ele>
      </trkpt>
      <trkpt lat="46.04263" lon="-71.89152">
        <ele>232.6</ele>
      </trkpt>
      <trkpt lat="46.04263" lon="-71.89166">
        <ele>232.6</ele>
      </trkpt>
      <trkpt lat="46.04259" lon="-71.8918">
        <ele>232.7</ele>
      </trkpt>
      <trkpt lat="46.04254" lon="-71.89192">
        <ele>232.8</ele>
      </trkpt>
      <trkpt lat="46.041815" lon="-71.892682">
        <ele>231.5</ele>
      </trkpt>
      <trkpt lat="46.041091" lon="-71.893444">
        <ele>230.7</ele>
      </trkpt>
      <trkpt lat="46.040366" lon="-71.894206">
        <ele>230.5</ele>
      </trkpt>
      <trkpt lat="46.039642" lon="-71.894969">
        <ele>229.7</ele>
      </trkpt>
      <trkpt lat="46.038917" lon="-71.895731">
        <ele>228.9</ele>
      </trkpt>
      <trkpt lat="46.038193" lon="-71.896493">
        <ele>229.5</ele>
      </trkpt>
      <trkpt lat="46.037468" lon="-71.897255">
        <ele>232.1</ele>
      </trkpt>
      <trkpt lat="46.036744" lon="-71.898017">
        <ele>234.8</ele>
      </trkpt>
      <trkpt lat="46.03602" lon="-71.89878">
        <ele>236.5</ele>
      </trkpt>
      <trkpt lat="46.03534" lon="-71.899583">
        <ele>236.7</ele>
      </trkpt>
      <trkpt lat="46.03466" lon="-71.900386">
        <ele>237.7</ele>
      </trkpt>
      <trkpt lat="46.03398" lon="-71.90119">
        <ele>241.8</ele>
      </trkpt>
      <trkpt lat="46.03367" lon="-71.90163">
        <ele>244.7</ele>
      </trkpt>
      <trkpt lat="46.03355" lon="-71.90182">
        <ele>247.1</ele>
      </trkpt>
      <trkpt lat="46.03342" lon="-71.90209">
        <ele>247.1</ele>
      </trkpt>
      <trkpt lat="46.03321" lon="-71.90265">
        <ele>250</ele>
      </trkpt>
      <trkpt lat="46.03311" lon="-71.90326">
        <ele>252.4</ele>
      </trkpt>
      <trkpt lat="46.0331" lon="-71.90356">
        <ele>252.9</ele>
      </trkpt>
      <trkpt lat="46.03313" lon="-71.9042">
        <ele>252</ele>
      </trkpt>
      <trkpt lat="46.03331" lon="-71.90544">
        <ele>245.2</ele>
      </trkpt>
      <trkpt lat="46.0333" lon="-71.9058">
        <ele>243.4</ele>
      </trkpt>
      <trkpt lat="46.03329" lon="-71.90598">
        <ele>241.7</ele>
      </trkpt>
      <trkpt lat="46.03315" lon="-71.9067">
        <ele>234.1</ele>
      </trkpt>
      <trkpt lat="46.0331" lon="-71.90719">
        <ele>229.5</ele>
      </trkpt>
      <trkpt lat="46.0331" lon="-71.90742">
        <ele>228.1</ele>
      </trkpt>
      <trkpt lat="46.03313" lon="-71.90764">
        <ele>227.2</ele>
      </trkpt>
      <trkpt lat="46.0332" lon="-71.90783">
        <ele>224.7</ele>
      </trkpt>
      <trkpt lat="46.03337" lon="-71.90809">
        <ele>222.4</ele>
      </trkpt>
      <trkpt lat="46.033865" lon="-71.908354">
        <ele>216.5</ele>
      </trkpt>
      <trkpt lat="46.03436" lon="-71.90862">
        <ele>211.8</ele>
      </trkpt>
      <trkpt lat="46.03453" lon="-71.90876">
        <ele>210.7</ele>
      </trkpt>
      <trkpt lat="46.035" lon="-71.90926">
        <ele>208</ele>
      </trkpt>
      <trkpt lat="46.035558" lon="-71.910246">
        <ele>205.3</ele>
      </trkpt>
      <trkpt lat="46.036116" lon="-71.911233">
        <ele>203.1</ele>
      </trkpt>
      <trkpt lat="46.036675" lon="-71.912219">
        <ele>196.4</ele>
      </trkpt>
      <trkpt lat="46.037233" lon="-71.913206">
        <ele>182.9</ele>
      </trkpt>
      <trkpt lat="46.037791" lon="-71.914193">
        <ele>168.6</ele>
      </trkpt>
      <trkpt lat="46.03835" lon="-71.91518">
        <ele>163.5</ele>
      </trkpt>
      <trkpt lat="46.03826" lon="-71.91521">
        <ele>163.5</ele>
      </trkpt>
      <trkpt lat="46.03835" lon="-71.91518">
        <ele>163.7</ele>
      </trkpt>
      <trkpt lat="46.037791" lon="-71.914193">
        <ele>169</ele>
      </trkpt>
      <trkpt lat="46.037233" lon="-71.913206">
        <ele>182.9</ele>
      </trkpt>
      <trkpt lat="46.036675" lon="-71.912219">
        <ele>196.4</ele>
      </trkpt>
      <trkpt lat="46.036116" lon="-71.911233">
        <ele>203.1</ele>
      </trkpt>
      <trkpt lat="46.035558" lon="-71.910246">
        <ele>205.3</ele>
      </trkpt>
      <trkpt lat="46.035" lon="-71.90926">
        <ele>208</ele>
      </trkpt>
      <trkpt lat="46.03453" lon="-71.90876">
        <ele>211.3</ele>
      </trkpt>
      <trkpt lat="46.03436" lon="-71.90862">
        <ele>211.8</ele>
      </trkpt>
      <trkpt lat="46.033865" lon="-71.908354">
        <ele>216.5</ele>
      </trkpt>
      <trkpt lat="46.03337" lon="-71.90809">
        <ele>223.4</ele>
      </trkpt>
      <trkpt lat="46.0332" lon="-71.90783">
        <ele>224.7</ele>
      </trkpt>
      <trkpt lat="46.03313" lon="-71.90764">
        <ele>227.2</ele>
      </trkpt>
      <trkpt lat="46.0331" lon="-71.90742">
        <ele>228.1</ele>
      </trkpt>
      <trkpt lat="46.0331" lon="-71.90719">
        <ele>230.5</ele>
      </trkpt>
      <trkpt lat="46.03315" lon="-71.9067">
        <ele>234.1</ele>
      </trkpt>
      <trkpt lat="46.03329" lon="-71.90598">
        <ele>241.7</ele>
      </trkpt>
      <trkpt lat="46.0333" lon="-71.9058">
        <ele>243.4</ele>
      </trkpt>
      <trkpt lat="46.03331" lon="-71.90544">
        <ele>246</ele>
      </trkpt>
      <trkpt lat="46.03313" lon="-71.9042">
        <ele>252.2</ele>
      </trkpt>
      <trkpt lat="46.0331" lon="-71.90356">
        <ele>252.7</ele>
      </trkpt>
      <trkpt lat="46.03311" lon="-71.90326">
        <ele>251.9</ele>
      </trkpt>
      <trkpt lat="46.03321" lon="-71.90265">
        <ele>250</ele>
      </trkpt>
      <trkpt lat="46.03342" lon="-71.90209">
        <ele>247.1</ele>
      </trkpt>
      <trkpt lat="46.03355" lon="-71.90182">
        <ele>244.7</ele>
      </trkpt>
      <trkpt lat="46.03367" lon="-71.90163">
        <ele>244.7</ele>
      </trkpt>
      <trkpt lat="46.03413" lon="-71.901">
        <ele>241</ele>
      </trkpt>
      <trkpt lat="46.03379" lon="-71.900249">
        <ele>237.8</ele>
      </trkpt>
      <trkpt lat="46.03345" lon="-71.8995">
        <ele>233</ele>
      </trkpt>
      <trkpt lat="46.032845" lon="-71.898619">
        <ele>225.6</ele>
      </trkpt>
      <trkpt lat="46.03224" lon="-71.89774">
        <ele>219.1</ele>
      </trkpt>
      <trkpt lat="46.03197" lon="-71.89722">
        <ele>215.8</ele>
      </trkpt>
      <trkpt lat="46.03188" lon="-71.89702">
        <ele>215.2</ele>
      </trkpt>
      <trkpt lat="46.03176" lon="-71.89636">
        <ele>212.7</ele>
      </trkpt>
      <trkpt lat="46.03175" lon="-71.89577">
        <ele>210.7</ele>
      </trkpt>
      <trkpt lat="46.031853" lon="-71.894596">
        <ele>207.7</ele>
      </trkpt>
      <trkpt lat="46.031956" lon="-71.893423">
        <ele>208.3</ele>
      </trkpt>
      <trkpt lat="46.03206" lon="-71.89225">
        <ele>210.6</ele>
      </trkpt>
      <trkpt lat="46.03206" lon="-71.89175">
        <ele>210.8</ele>
      </trkpt>
      <trkpt lat="46.03203" lon="-71.89134">
        <ele>210.6</ele>
      </trkpt>
      <trkpt lat="46.03198" lon="-71.89102">
        <ele>210.4</ele>
      </trkpt>
      <trkpt lat="46.03186" lon="-71.89055">
        <ele>210.1</ele>
      </trkpt>
      <trkpt lat="46.03166" lon="-71.88999">
        <ele>207.9</ele>
      </trkpt>
      <trkpt lat="46.03145" lon="-71.88951">
        <ele>204.7</ele>
      </trkpt>
      <trkpt lat="46.03128" lon="-71.88919">
        <ele>201.1</ele>
      </trkpt>
      <trkpt lat="46.030846" lon="-71.888459">
        <ele>194.7</ele>
      </trkpt>
      <trkpt lat="46.030413" lon="-71.887729">
        <ele>185.8</ele>
      </trkpt>
      <trkpt lat="46.02998" lon="-71.887">
        <ele>176.8</ele>
      </trkpt>
      <trkpt lat="46.02972" lon="-71.88652">
        <ele>174.1</ele>
      </trkpt>
      <trkpt lat="46.02947" lon="-71.88598">
        <ele>173.3</ele>
      </trkpt>
      <trkpt lat="46.02912" lon="-71.884899">
        <ele>178</ele>
      </trkpt>
      <trkpt lat="46.02877" lon="-71.88382">
        <ele>187.9</ele>
      </trkpt>
      <trkpt lat="46.028522" lon="-71.882789">
        <ele>192.4</ele>
      </trkpt>
      <trkpt lat="46.028275" lon="-71.881759">
        <ele>194.1</ele>
      </trkpt>
      <trkpt lat="46.028027" lon="-71.880729">
        <ele>201.5</ele>
      </trkpt>
      <trkpt lat="46.02778" lon="-71.8797">
        <ele>213.8</ele>
      </trkpt>
      <trkpt lat="46.02752" lon="-71.87903">
        <ele>219.9</ele>
      </trkpt>
      <trkpt lat="46.02714" lon="-71.87831">
        <ele>225.4</ele>
      </trkpt>
      <trkpt lat="46.02666" lon="-71.87752">
        <ele>225.9</ele>
      </trkpt>
      <trkpt lat="46.026323" lon="-71.876803">
        <ele>223.5</ele>
      </trkpt>
      <trkpt lat="46.025986" lon="-71.876086">
        <ele>222.4</ele>
      </trkpt>
      <trkpt lat="46.02565" lon="-71.87537">
        <ele>218.5</ele>
      </trkpt>
      <trkpt lat="46.025132" lon="-71.874455">
        <ele>215.3</ele>
      </trkpt>
      <trkpt lat="46.024614" lon="-71.873541">
        <ele>210.6</ele>
      </trkpt>
      <trkpt lat="46.024096" lon="-71.872627">
        <ele>205.4</ele>
      </trkpt>
      <trkpt lat="46.023578" lon="-71.871713">
        <ele>200.9</ele>
      </trkpt>
      <trkpt lat="46.02306" lon="-71.8708">
        <ele>201.8</ele>
      </trkpt>
      <trkpt lat="46.02262" lon="-71.87017">
        <ele>205.9</ele>
      </trkpt>
      <trkpt lat="46.02198" lon="-71.86955">
        <ele>215.4</ele>
      </trkpt>
      <trkpt lat="46.02144" lon="-71.869169">
        <ele>225.2</ele>
      </trkpt>
      <trkpt lat="46.0209" lon="-71.86879">
        <ele>233.6</ele>
      </trkpt>
      <trkpt lat="46.02033" lon="-71.868184">
        <ele>241.4</ele>
      </trkpt>
      <trkpt lat="46.01976" lon="-71.86758">
        <ele>240.9</ele>
      </trkpt>
      <trkpt lat="46.019256" lon="-71.866979">
        <ele>238.2</ele>
      </trkpt>
      <trkpt lat="46.018753" lon="-71.866379">
        <ele>235.3</ele>
      </trkpt>
      <trkpt lat="46.01825" lon="-71.86578">
        <ele>235.1</ele>
      </trkpt>
      <trkpt lat="46.0178" lon="-71.865084">
        <ele>231.3</ele>
      </trkpt>
      <trkpt lat="46.01735" lon="-71.86439">
        <ele>222.4</ele>
      </trkpt>
      <trkpt lat="46.017" lon="-71.86396">
        <ele>214.7</ele>
      </trkpt>
      <trkpt lat="46.01642" lon="-71.86331">
        <ele>202.9</ele>
      </trkpt>
      <trkpt lat="46.01619" lon="-71.86313">
        <ele>201.5</ele>
      </trkpt>
      <trkpt lat="46.01553" lon="-71.86269">
        <ele>205.7</ele>
      </trkpt>
      <trkpt lat="46.01486" lon="-71.86234">
        <ele>215.7</ele>
      </trkpt>
      <trkpt lat="46.01441" lon="-71.86215">
        <ele>220.5</ele>
      </trkpt>
      <trkpt lat="46.013695" lon="-71.861949">
        <ele>227.3</ele>
      </trkpt>
      <trkpt lat="46.01298" lon="-71.86175">
        <ele>229.3</ele>
      </trkpt>
      <trkpt lat="46.01259" lon="-71.86158">
        <ele>232.1</ele>
      </trkpt>
      <trkpt lat="46.011895" lon="-71.861154">
        <ele>243</ele>
      </trkpt>
      <trkpt lat="46.0112" lon="-71.86073">
        <ele>250.1</ele>
      </trkpt>
      <trkpt lat="46.01075" lon="-71.86044">
        <ele>250.2</ele>
      </trkpt>
      <trkpt lat="46.01013" lon="-71.86027">
        <ele>247.5</ele>
      </trkpt>
      <trkpt lat="46.00927" lon="-71.86018">
        <ele>250</ele>
      </trkpt>
      <trkpt lat="46.00886" lon="-71.86009">
        <ele>248.2</ele>
      </trkpt>
      <trkpt lat="46.00857" lon="-71.85987">
        <ele>247.1</ele>
      </trkpt>
      <trkpt lat="46.00828" lon="-71.85947">
        <ele>246.1</ele>
      </trkpt>
      <trkpt lat="46.00793" lon="-71.858774">
        <ele>247.2</ele>
      </trkpt>
      <trkpt lat="46.00758" lon="-71.85808">
        <ele>250.8</ele>
      </trkpt>
      <trkpt lat="46.00738" lon="-71.8575">
        <ele>254</ele>
      </trkpt>
      <trkpt lat="46.00729" lon="-71.85706">
        <ele>255</ele>
      </trkpt>
      <trkpt lat="46.007205" lon="-71.856134">
        <ele>254.6</ele>
      </trkpt>
      <trkpt lat="46.00712" lon="-71.85521">
        <ele>258.3</ele>
      </trkpt>
      <trkpt lat="46.00692" lon="-71.85436">
        <ele>260.7</ele>
      </trkpt>
      <trkpt lat="46.00674" lon="-71.85382">
        <ele>262</ele>
      </trkpt>
      <trkpt lat="46.00648" lon="-71.85324">
        <ele>265.3</ele>
      </trkpt>
      <trkpt lat="46.00619" lon="-71.85275">
        <ele>268.8</ele>
      </trkpt>
      <trkpt lat="46.00583" lon="-71.852299">
        <ele>267.6</ele>
      </trkpt>
      <trkpt lat="46.00547" lon="-71.85185">
        <ele>263.6</ele>
      </trkpt>
      <trkpt lat="46.00511" lon="-71.85127">
        <ele>258.2</ele>
      </trkpt>
      <trkpt lat="46.00493" lon="-71.850644">
        <ele>254.4</ele>
      </trkpt>
      <trkpt lat="46.00475" lon="-71.85002">
        <ele>252.6</ele>
      </trkpt>
      <trkpt lat="46.00465" lon="-71.84944">
        <ele>252.2</ele>
      </trkpt>
      <trkpt lat="46.00465" lon="-71.84851">
        <ele>251.4</ele>
      </trkpt>
      <trkpt lat="46.00477" lon="-71.847675">
        <ele>250.9</ele>
      </trkpt>
      <trkpt lat="46.00489" lon="-71.84684">
        <ele>251.7</ele>
      </trkpt>
      <trkpt lat="46.00492" lon="-71.84647">
        <ele>251.7</ele>
      </trkpt>
      <trkpt lat="46.00501" lon="-71.845625">
        <ele>251.3</ele>
      </trkpt>
      <trkpt lat="46.0051" lon="-71.84478">
        <ele>249.3</ele>
      </trkpt>
      <trkpt lat="46.005135" lon="-71.844085">
        <ele>248.3</ele>
      </trkpt>
      <trkpt lat="46.00517" lon="-71.84339">
        <ele>247.9</ele>
      </trkpt>
      <trkpt lat="46.00505" lon="-71.84241">
        <ele>247.2</ele>
      </trkpt>
      <trkpt lat="46.004833" lon="-71.841323">
        <ele>246.7</ele>
      </trkpt>
      <trkpt lat="46.004616" lon="-71.840236">
        <ele>244.6</ele>
      </trkpt>
      <trkpt lat="46.0044" lon="-71.83915">
        <ele>240.6</ele>
      </trkpt>
      <trkpt lat="46.00407" lon="-71.83802">
        <ele>231.3</ele>
      </trkpt>
      <trkpt lat="46.00378" lon="-71.83727">
        <ele>232.4</ele>
      </trkpt>
      <trkpt lat="46.00351" lon="-71.83678">
        <ele>235.4</ele>
      </trkpt>
      <trkpt lat="46.00299" lon="-71.835974">
        <ele>235.9</ele>
      </trkpt>
      <trkpt lat="46.00247" lon="-71.83517">
        <ele>236.2</ele>
      </trkpt>
      <trkpt lat="46.0021" lon="-71.83556">
        <ele>235</ele>
      </trkpt>
      <trkpt lat="46.001416" lon="-71.83619">
        <ele>233.6</ele>
      </trkpt>
      <trkpt lat="46.000733" lon="-71.83682">
        <ele>231.5</ele>
      </trkpt>
      <trkpt lat="46.00005" lon="-71.83745">
        <ele>229.3</ele>
      </trkpt>
      <trkpt lat="45.999375" lon="-71.83814">
        <ele>224.8</ele>
      </trkpt>
      <trkpt lat="45.9987" lon="-71.83883">
        <ele>224.2</ele>
      </trkpt>
      <trkpt lat="45.99848" lon="-71.83901">
        <ele>224.8</ele>
      </trkpt>
      <trkpt lat="45.99828" lon="-71.83914">
        <ele>226.3</ele>
      </trkpt>
      <trkpt lat="45.99792" lon="-71.83932">
        <ele>227.4</ele>
      </trkpt>
      <trkpt lat="45.997176" lon="-71.839573">
        <ele>228.9</ele>
      </trkpt>
      <trkpt lat="45.996433" lon="-71.839826">
        <ele>229.5</ele>
      </trkpt>
      <trkpt lat="45.99569" lon="-71.84008">
        <ele>229.2</ele>
      </trkpt>
      <trkpt lat="45.99529" lon="-71.8403">
        <ele>229.1</ele>
      </trkpt>
      <trkpt lat="45.99507" lon="-71.84049">
        <ele>229.3</ele>
      </trkpt>
      <trkpt lat="45.99463" lon="-71.84093">
        <ele>230.4</ele>
      </trkpt>
      <trkpt lat="45.99396" lon="-71.84161">
        <ele>234.6</ele>
      </trkpt>
      <trkpt lat="45.99329" lon="-71.84229">
        <ele>237.7</ele>
      </trkpt>
      <trkpt lat="45.99262" lon="-71.84297">
        <ele>234.4</ele>
      </trkpt>
      <trkpt lat="45.99262" lon="-71.84298">
        <ele>234.4</ele>
      </trkpt>
      <trkpt lat="45.991948" lon="-71.843664">
        <ele>235.3</ele>
      </trkpt>
      <trkpt lat="45.991277" lon="-71.844348">
        <ele>231.6</ele>
      </trkpt>
      <trkpt lat="45.990605" lon="-71.845032">
        <ele>230</ele>
      </trkpt>
      <trkpt lat="45.989934" lon="-71.845717">
        <ele>228.6</ele>
      </trkpt>
      <trkpt lat="45.989262" lon="-71.846401">
        <ele>227.8</ele>
      </trkpt>
      <trkpt lat="45.988591" lon="-71.847085">
        <ele>222.8</ele>
      </trkpt>
      <trkpt lat="45.98792" lon="-71.84777">
        <ele>218.5</ele>
      </trkpt>
      <trkpt lat="45.9872" lon="-71.848425">
        <ele>218.9</ele>
      </trkpt>
      <trkpt lat="45.98648" lon="-71.84908">
        <ele>220.8</ele>
      </trkpt>
      <trkpt lat="45.98632" lon="-71.84828">
        <ele>218.6</ele>
      </trkpt>
      <trkpt lat="45.98623" lon="-71.8481">
        <ele>216.4</ele>
      </trkpt>
      <trkpt lat="45.9858" lon="-71.847454">
        <ele>203.6</ele>
      </trkpt>
      <trkpt lat="45.98537" lon="-71.84681">
        <ele>194.4</ele>
      </trkpt>
      <trkpt lat="45.984975" lon="-71.846114">
        <ele>195.3</ele>
      </trkpt>
      <trkpt lat="45.98458" lon="-71.84542">
        <ele>199</ele>
      </trkpt>
      <trkpt lat="45.98409" lon="-71.844427">
        <ele>204.5</ele>
      </trkpt>
      <trkpt lat="45.9836" lon="-71.843435">
        <ele>217.1</ele>
      </trkpt>
      <trkpt lat="45.98311" lon="-71.842443">
        <ele>225.8</ele>
      </trkpt>
      <trkpt lat="45.98262" lon="-71.841451">
        <ele>235.7</ele>
      </trkpt>
      <trkpt lat="45.98213" lon="-71.84046">
        <ele>248.2</ele>
      </trkpt>
      <trkpt lat="45.98164" lon="-71.839469">
        <ele>259.7</ele>
      </trkpt>
      <trkpt lat="45.98115" lon="-71.83848">
        <ele>274.7</ele>
      </trkpt>
      <trkpt lat="45.980722" lon="-71.837583">
        <ele>282.4</ele>
      </trkpt>
      <trkpt lat="45.980294" lon="-71.836687">
        <ele>282.4</ele>
      </trkpt>
      <trkpt lat="45.979866" lon="-71.835791">
        <ele>278.5</ele>
      </trkpt>
      <trkpt lat="45.979438" lon="-71.834895">
        <ele>278.6</ele>
      </trkpt>
      <trkpt lat="45.97901" lon="-71.834">
        <ele>284.9</ele>
      </trkpt>
      <trkpt lat="45.978506" lon="-71.832936">
        <ele>290.1</ele>
      </trkpt>
      <trkpt lat="45.978003" lon="-71.831873">
        <ele>287.4</ele>
      </trkpt>
      <trkpt lat="45.9775" lon="-71.83081">
        <ele>279</ele>
      </trkpt>
      <trkpt lat="45.97703" lon="-71.82987">
        <ele>268.7</ele>
      </trkpt>
      <trkpt lat="45.976562" lon="-71.828954">
        <ele>260.8</ele>
      </trkpt>
      <trkpt lat="45.976095" lon="-71.828039">
        <ele>257</ele>
      </trkpt>
      <trkpt lat="45.975627" lon="-71.827124">
        <ele>256.8</ele>
      </trkpt>
      <trkpt lat="45.97516" lon="-71.82621">
        <ele>256.8</ele>
      </trkpt>
      <trkpt lat="45.974753" lon="-71.825383">
        <ele>257</ele>
      </trkpt>
      <trkpt lat="45.974346" lon="-71.824556">
        <ele>256.1</ele>
      </trkpt>
      <trkpt lat="45.97394" lon="-71.82373">
        <ele>256.7</ele>
      </trkpt>
      <trkpt lat="45.97347" lon="-71.8227">
        <ele>256.8</ele>
      </trkpt>
      <trkpt lat="45.973175" lon="-71.821609">
        <ele>258.3</ele>
      </trkpt>
      <trkpt lat="45.97288" lon="-71.82052">
        <ele>262</ele>
      </trkpt>
      <trkpt lat="45.97251" lon="-71.81964">
        <ele>264.2</ele>
      </trkpt>
      <trkpt lat="45.97214" lon="-71.818579">
        <ele>263</ele>
      </trkpt>
      <trkpt lat="45.97177" lon="-71.81752">
        <ele>263</ele>
      </trkpt>
      <trkpt lat="45.97167" lon="-71.81734">
        <ele>263.3</ele>
      </trkpt>
      <trkpt lat="45.97149" lon="-71.81711">
        <ele>263.9</ele>
      </trkpt>
      <trkpt lat="45.9713" lon="-71.81698">
        <ele>264.2</ele>
      </trkpt>
      <trkpt lat="45.97062" lon="-71.816624">
        <ele>263.4</ele>
      </trkpt>
      <trkpt lat="45.96994" lon="-71.81627">
        <ele>263.9</ele>
      </trkpt>
      <trkpt lat="45.969234" lon="-71.815883">
        <ele>267.9</ele>
      </trkpt>
      <trkpt lat="45.968528" lon="-71.815497">
        <ele>274.1</ele>
      </trkpt>
      <trkpt lat="45.967822" lon="-71.815111">
        <ele>277.1</ele>
      </trkpt>
      <trkpt lat="45.967116" lon="-71.814725">
        <ele>278.2</ele>
      </trkpt>
      <trkpt lat="45.96641" lon="-71.81434">
        <ele>278.5</ele>
      </trkpt>
      <trkpt lat="45.96605" lon="-71.8151">
        <ele>276.1</ele>
      </trkpt>
      <trkpt lat="45.96569" lon="-71.81586">
        <ele>274</ele>
      </trkpt>
      <trkpt lat="45.96528" lon="-71.81654">
        <ele>271</ele>
      </trkpt>
      <trkpt lat="45.96469" lon="-71.817415">
        <ele>265.6</ele>
      </trkpt>
      <trkpt lat="45.9641" lon="-71.81829">
        <ele>261</ele>
      </trkpt>
      <trkpt lat="45.96392" lon="-71.8186">
        <ele>258.2</ele>
      </trkpt>
      <trkpt lat="45.96374" lon="-71.81899">
        <ele>254.5</ele>
      </trkpt>
      <trkpt lat="45.96353" lon="-71.81949">
        <ele>251.5</ele>
      </trkpt>
      <trkpt lat="45.963165" lon="-71.82054">
        <ele>245.9</ele>
      </trkpt>
      <trkpt lat="45.9628" lon="-71.82159">
        <ele>242.7</ele>
      </trkpt>
      <trkpt lat="45.962486" lon="-71.820503">
        <ele>243.7</ele>
      </trkpt>
      <trkpt lat="45.962173" lon="-71.819416">
        <ele>246.6</ele>
      </trkpt>
      <trkpt lat="45.96186" lon="-71.81833">
        <ele>251.3</ele>
      </trkpt>
      <trkpt lat="45.961572" lon="-71.817347">
        <ele>253.5</ele>
      </trkpt>
      <trkpt lat="45.961284" lon="-71.816365">
        <ele>255.6</ele>
      </trkpt>
      <trkpt lat="45.960996" lon="-71.815383">
        <ele>257</ele>
      </trkpt>
      <trkpt lat="45.960708" lon="-71.814401">
        <ele>257.8</ele>
      </trkpt>
      <trkpt lat="45.96042" lon="-71.81342">
        <ele>259.8</ele>
      </trkpt>
      <trkpt lat="45.9601" lon="-71.812324">
        <ele>258.8</ele>
      </trkpt>
      <trkpt lat="45.95978" lon="-71.81123">
        <ele>256.6</ele>
      </trkpt>
      <trkpt lat="45.95943" lon="-71.81021">
        <ele>254.4</ele>
      </trkpt>
      <trkpt lat="45.95932" lon="-71.80996">
        <ele>254.4</ele>
      </trkpt>
      <trkpt lat="45.95912" lon="-71.80971">
        <ele>254</ele>
      </trkpt>
      <trkpt lat="45.95871" lon="-71.80938">
        <ele>253.1</ele>
      </trkpt>
      <trkpt lat="45.95808" lon="-71.809029">
        <ele>252.3</ele>
      </trkpt>
      <trkpt lat="45.95745" lon="-71.808679">
        <ele>250</ele>
      </trkpt>
      <trkpt lat="45.95682" lon="-71.808329">
        <ele>247.2</ele>
      </trkpt>
      <trkpt lat="45.95619" lon="-71.80798">
        <ele>245.5</ele>
      </trkpt>
      <trkpt lat="45.95593" lon="-71.8078">
        <ele>245.1</ele>
      </trkpt>
      <trkpt lat="45.955226" lon="-71.807159">
        <ele>241.1</ele>
      </trkpt>
      <trkpt lat="45.954523" lon="-71.806519">
        <ele>234.4</ele>
      </trkpt>
      <trkpt lat="45.95382" lon="-71.80588">
        <ele>231.6</ele>
      </trkpt>
      <trkpt lat="45.95337" lon="-71.80534">
        <ele>229.7</ele>
      </trkpt>
      <trkpt lat="45.95317" lon="-71.80498">
        <ele>229</ele>
      </trkpt>
      <trkpt lat="45.952813" lon="-71.804189">
        <ele>228.2</ele>
      </trkpt>
      <trkpt lat="45.952456" lon="-71.803399">
        <ele>227.9</ele>
      </trkpt>
      <trkpt lat="45.9521" lon="-71.80261">
        <ele>228.1</ele>
      </trkpt>
      <trkpt lat="45.95172" lon="-71.801833">
        <ele>229.1</ele>
      </trkpt>
      <trkpt lat="45.95134" lon="-71.801056">
        <ele>230.9</ele>
      </trkpt>
      <trkpt lat="45.95096" lon="-71.80028">
        <ele>232.6</ele>
      </trkpt>
      <trkpt lat="45.95043" lon="-71.79943">
        <ele>235.5</ele>
      </trkpt>
      <trkpt lat="45.95016" lon="-71.79906">
        <ele>236.7</ele>
      </trkpt>
      <trkpt lat="45.94959" lon="-71.798349">
        <ele>237.6</ele>
      </trkpt>
      <trkpt lat="45.94902" lon="-71.79764">
        <ele>238.6</ele>
      </trkpt>
      <trkpt lat="45.94846" lon="-71.79683">
        <ele>240.2</ele>
      </trkpt>
      <trkpt lat="45.94821" lon="-71.79635">
        <ele>241.7</ele>
      </trkpt>
      <trkpt lat="45.947865" lon="-71.795514">
        <ele>241.3</ele>
      </trkpt>
      <trkpt lat="45.94752" lon="-71.79468">
        <ele>241.1</ele>
      </trkpt>
      <trkpt lat="45.94729" lon="-71.79392">
        <ele>241.9</ele>
      </trkpt>
      <trkpt lat="45.947048" lon="-71.792834">
        <ele>246.7</ele>
      </trkpt>
      <trkpt lat="45.946807" lon="-71.791749">
        <ele>250.7</ele>
      </trkpt>
      <trkpt lat="45.946566" lon="-71.790664">
        <ele>253</ele>
      </trkpt>
      <trkpt lat="45.946325" lon="-71.789579">
        <ele>254.8</ele>
      </trkpt>
      <trkpt lat="45.946083" lon="-71.788494">
        <ele>260.7</ele>
      </trkpt>
      <trkpt lat="45.945842" lon="-71.787409">
        <ele>263.8</ele>
      </trkpt>
      <trkpt lat="45.945601" lon="-71.786324">
        <ele>264</ele>
      </trkpt>
      <trkpt lat="45.94536" lon="-71.78524">
        <ele>262.8</ele>
      </trkpt>
      <trkpt lat="45.945195" lon="-71.784454">
        <ele>262.9</ele>
      </trkpt>
      <trkpt lat="45.94503" lon="-71.78367">
        <ele>263.7</ele>
      </trkpt>
      <trkpt lat="45.944945" lon="-71.782924">
        <ele>265.1</ele>
      </trkpt>
      <trkpt lat="45.94486" lon="-71.78218">
        <ele>264.6</ele>
      </trkpt>
      <trkpt lat="45.94514" lon="-71.78143">
        <ele>264.9</ele>
      </trkpt>
      <trkpt lat="45.94523" lon="-71.78102">
        <ele>264.8</ele>
      </trkpt>
      <trkpt lat="45.94526" lon="-71.780305">
        <ele>263.3</ele>
      </trkpt>
      <trkpt lat="45.94529" lon="-71.77959">
        <ele>263.1</ele>
      </trkpt>
      <trkpt lat="45.945268" lon="-71.778394">
        <ele>266</ele>
      </trkpt>
      <trkpt lat="45.945246" lon="-71.777199">
        <ele>270.7</ele>
      </trkpt>
      <trkpt lat="45.945225" lon="-71.776004">
        <ele>274.8</ele>
      </trkpt>
      <trkpt lat="45.945203" lon="-71.774809">
        <ele>279</ele>
      </trkpt>
      <trkpt lat="45.945181" lon="-71.773614">
        <ele>281.4</ele>
      </trkpt>
      <trkpt lat="45.94516" lon="-71.77242">
        <ele>282.8</ele>
      </trkpt>
      <trkpt lat="45.94515" lon="-71.771359">
        <ele>282.6</ele>
      </trkpt>
      <trkpt lat="45.94514" lon="-71.770299">
        <ele>281.8</ele>
      </trkpt>
      <trkpt lat="45.94513" lon="-71.76924">
        <ele>279.5</ele>
      </trkpt>
      <trkpt lat="45.94512" lon="-71.768229">
        <ele>276.2</ele>
      </trkpt>
      <trkpt lat="45.94511" lon="-71.767219">
        <ele>272.4</ele>
      </trkpt>
      <trkpt lat="45.9451" lon="-71.76621">
        <ele>267</ele>
      </trkpt>
      <trkpt lat="45.94505" lon="-71.76499">
        <ele>259.5</ele>
      </trkpt>
      <trkpt lat="45.94501" lon="-71.76461">
        <ele>258.8</ele>
      </trkpt>
      <trkpt lat="45.94489" lon="-71.76416">
        <ele>257.7</ele>
      </trkpt>
      <trkpt lat="45.94477" lon="-71.76389">
        <ele>258.1</ele>
      </trkpt>
      <trkpt lat="45.94425" lon="-71.76289">
        <ele>264.1</ele>
      </trkpt>
      <trkpt lat="45.94406" lon="-71.7624">
        <ele>267.4</ele>
      </trkpt>
      <trkpt lat="45.94392" lon="-71.76165">
        <ele>271.1</ele>
      </trkpt>
      <trkpt lat="45.94391" lon="-71.76088">
        <ele>273.2</ele>
      </trkpt>
      <trkpt lat="45.94385" lon="-71.76034">
        <ele>273.7</ele>
      </trkpt>
      <trkpt lat="45.94366" lon="-71.759719">
        <ele>273.8</ele>
      </trkpt>
      <trkpt lat="45.94347" lon="-71.7591">
        <ele>274.2</ele>
      </trkpt>
      <trkpt lat="45.943136" lon="-71.758156">
        <ele>276.2</ele>
      </trkpt>
      <trkpt lat="45.942803" lon="-71.757213">
        <ele>277.3</ele>
      </trkpt>
      <trkpt lat="45.94247" lon="-71.75627">
        <ele>275.8</ele>
      </trkpt>
      <trkpt lat="45.942235" lon="-71.755489">
        <ele>273.6</ele>
      </trkpt>
      <trkpt lat="45.942" lon="-71.75471">
        <ele>272.1</ele>
      </trkpt>
      <trkpt lat="45.94184" lon="-71.75393">
        <ele>272.1</ele>
      </trkpt>
      <trkpt lat="45.941672" lon="-71.752849">
        <ele>273.4</ele>
      </trkpt>
      <trkpt lat="45.941504" lon="-71.751769">
        <ele>274.5</ele>
      </trkpt>
      <trkpt lat="45.941336" lon="-71.750689">
        <ele>276.4</ele>
      </trkpt>
      <trkpt lat="45.941168" lon="-71.749609">
        <ele>280.9</ele>
      </trkpt>
      <trkpt lat="45.941" lon="-71.74853">
        <ele>287.3</ele>
      </trkpt>
      <trkpt lat="45.94083" lon="-71.74776">
        <ele>291.9</ele>
      </trkpt>
      <trkpt lat="45.94063" lon="-71.74731">
        <ele>293.6</ele>
      </trkpt>
      <trkpt lat="45.940165" lon="-71.746549">
        <ele>292.8</ele>
      </trkpt>
      <trkpt lat="45.9397" lon="-71.74579">
        <ele>291.3</ele>
      </trkpt>
      <trkpt lat="45.93926" lon="-71.74495">
        <ele>290.2</ele>
      </trkpt>
      <trkpt lat="45.93889" lon="-71.744049">
        <ele>289.1</ele>
      </trkpt>
      <trkpt lat="45.93852" lon="-71.743149">
        <ele>288.4</ele>
      </trkpt>
      <trkpt lat="45.93815" lon="-71.74225">
        <ele>290.2</ele>
      </trkpt>
      <trkpt lat="45.93792" lon="-71.741599">
        <ele>291.3</ele>
      </trkpt>
      <trkpt lat="45.93769" lon="-71.74095">
        <ele>292.5</ele>
      </trkpt>
      <trkpt lat="45.937395" lon="-71.740194">
        <ele>294.3</ele>
      </trkpt>
      <trkpt lat="45.9371" lon="-71.73944">
        <ele>296</ele>
      </trkpt>
      <trkpt lat="45.93682" lon="-71.738576">
        <ele>298.5</ele>
      </trkpt>
      <trkpt lat="45.93654" lon="-71.737713">
        <ele>301.4</ele>
      </trkpt>
      <trkpt lat="45.93626" lon="-71.73685">
        <ele>307.3</ele>
      </trkpt>
      <trkpt lat="45.93594" lon="-71.73631">
        <ele>313.3</ele>
      </trkpt>
      <trkpt lat="45.935535" lon="-71.735859">
        <ele>317.5</ele>
      </trkpt>
      <trkpt lat="45.93513" lon="-71.73541">
        <ele>321.8</ele>
      </trkpt>
      <trkpt lat="45.9348" lon="-71.73478">
        <ele>328.3</ele>
      </trkpt>
      <trkpt lat="45.934402" lon="-71.733903">
        <ele>337.6</ele>
      </trkpt>
      <trkpt lat="45.934004" lon="-71.733027">
        <ele>343.5</ele>
      </trkpt>
      <trkpt lat="45.933606" lon="-71.732151">
        <ele>349.1</ele>
      </trkpt>
      <trkpt lat="45.933208" lon="-71.731275">
        <ele>352.8</ele>
      </trkpt>
      <trkpt lat="45.93281" lon="-71.7304">
        <ele>355.3</ele>
      </trkpt>
      <trkpt lat="45.932453" lon="-71.729516">
        <ele>361.6</ele>
      </trkpt>
      <trkpt lat="45.932096" lon="-71.728633">
        <ele>365.3</ele>
      </trkpt>
      <trkpt lat="45.93174" lon="-71.72775">
        <ele>370.3</ele>
      </trkpt>
      <trkpt lat="45.93128" lon="-71.726755">
        <ele>373.2</ele>
      </trkpt>
      <trkpt lat="45.93082" lon="-71.725761">
        <ele>378.6</ele>
      </trkpt>
      <trkpt lat="45.93036" lon="-71.724767">
        <ele>386</ele>
      </trkpt>
      <trkpt lat="45.9299" lon="-71.723773">
        <ele>387.2</ele>
      </trkpt>
      <trkpt lat="45.92944" lon="-71.72278">
        <ele>380.4</ele>
      </trkpt>
      <trkpt lat="45.92934" lon="-71.72251">
        <ele>380.4</ele>
      </trkpt>
      <trkpt lat="45.929245" lon="-71.721559">
        <ele>371</ele>
      </trkpt>
      <trkpt lat="45.92915" lon="-71.72061">
        <ele>364.5</ele>
      </trkpt>
      <trkpt lat="45.929123" lon="-71.719719">
        <ele>361.9</ele>
      </trkpt>
      <trkpt lat="45.929096" lon="-71.718829">
        <ele>359.1</ele>
      </trkpt>
      <trkpt lat="45.92907" lon="-71.71794">
        <ele>358.3</ele>
      </trkpt>
      <trkpt lat="45.929" lon="-71.717044">
        <ele>358.7</ele>
      </trkpt>
      <trkpt lat="45.92893" lon="-71.71615">
        <ele>359.3</ele>
      </trkpt>
      <trkpt lat="45.92885" lon="-71.71538">
        <ele>356.1</ele>
      </trkpt>
      <trkpt lat="45.928783" lon="-71.714259">
        <ele>350.3</ele>
      </trkpt>
      <trkpt lat="45.928716" lon="-71.713139">
        <ele>348.1</ele>
      </trkpt>
      <trkpt lat="45.92865" lon="-71.71202">
        <ele>346.9</ele>
      </trkpt>
      <trkpt lat="45.92859" lon="-71.71141">
        <ele>345.1</ele>
      </trkpt>
      <trkpt lat="45.92852" lon="-71.71114">
        <ele>343.7</ele>
      </trkpt>
      <trkpt lat="45.92825" lon="-71.710619">
        <ele>338.3</ele>
      </trkpt>
      <trkpt lat="45.92798" lon="-71.7101">
        <ele>331.5</ele>
      </trkpt>
      <trkpt lat="45.92775" lon="-71.70942">
        <ele>329.2</ele>
      </trkpt>
      <trkpt lat="45.92766" lon="-71.70902">
        <ele>328.6</ele>
      </trkpt>
      <trkpt lat="45.92765" lon="-71.70887">
        <ele>328.7</ele>
      </trkpt>
      <trkpt lat="45.92766" lon="-71.70867">
        <ele>328.9</ele>
      </trkpt>
      <trkpt lat="45.92771" lon="-71.70854">
        <ele>330.3</ele>
      </trkpt>
      <trkpt lat="45.92792" lon="-71.70815">
        <ele>334.6</ele>
      </trkpt>
      <trkpt lat="45.92792" lon="-71.70816">
        <ele>334.5</ele>
      </trkpt>
      <trkpt lat="45.92828" lon="-71.70749">
        <ele>340.4</ele>
      </trkpt>
      <trkpt lat="45.92872" lon="-71.70676">
        <ele>348.8</ele>
      </trkpt>
      <trkpt lat="45.929" lon="-71.7064">
        <ele>352.5</ele>
      </trkpt>
      <trkpt lat="45.92912" lon="-71.70617">
        <ele>354.3</ele>
      </trkpt>
      <trkpt lat="45.92918" lon="-71.70591">
        <ele>355.7</ele>
      </trkpt>
      <trkpt lat="45.92918" lon="-71.70573">
        <ele>356.1</ele>
      </trkpt>
      <trkpt lat="45.92909" lon="-71.70536">
        <ele>357.5</ele>
      </trkpt>
      <trkpt lat="45.92886" lon="-71.7046">
        <ele>358.6</ele>
      </trkpt>
      <trkpt lat="45.928575" lon="-71.703704">
        <ele>358.2</ele>
      </trkpt>
      <trkpt lat="45.92829" lon="-71.70281">
        <ele>357.5</ele>
      </trkpt>
      <trkpt lat="45.92784" lon="-71.701759">
        <ele>366.4</ele>
      </trkpt>
      <trkpt lat="45.92739" lon="-71.70071">
        <ele>369.7</ele>
      </trkpt>
      <trkpt lat="45.926958" lon="-71.699806">
        <ele>371.3</ele>
      </trkpt>
      <trkpt lat="45.926526" lon="-71.698903">
        <ele>372.7</ele>
      </trkpt>
      <trkpt lat="45.926095" lon="-71.697999">
        <ele>375</ele>
      </trkpt>
      <trkpt lat="45.925663" lon="-71.697096">
        <ele>377.2</ele>
      </trkpt>
      <trkpt lat="45.925231" lon="-71.696193">
        <ele>378.4</ele>
      </trkpt>
      <trkpt lat="45.9248" lon="-71.69529">
        <ele>380.8</ele>
      </trkpt>
      <trkpt lat="45.924305" lon="-71.694419">
        <ele>385</ele>
      </trkpt>
      <trkpt lat="45.92381" lon="-71.69355">
        <ele>390.1</ele>
      </trkpt>
      <trkpt lat="45.92366" lon="-71.69319">
        <ele>392.4</ele>
      </trkpt>
      <trkpt lat="45.9236" lon="-71.69261">
        <ele>394.1</ele>
      </trkpt>
      <trkpt lat="45.923595" lon="-71.691359">
        <ele>397.2</ele>
      </trkpt>
      <trkpt lat="45.92359" lon="-71.69011">
        <ele>396.8</ele>
      </trkpt>
      <trkpt lat="45.92351" lon="-71.68939">
        <ele>396.8</ele>
      </trkpt>
      <trkpt lat="45.9234" lon="-71.68906">
        <ele>396.4</ele>
      </trkpt>
      <trkpt lat="45.922965" lon="-71.688059">
        <ele>394.6</ele>
      </trkpt>
      <trkpt lat="45.92253" lon="-71.68706">
        <ele>392.1</ele>
      </trkpt>
      <trkpt lat="45.922155" lon="-71.686384">
        <ele>390.8</ele>
      </trkpt>
      <trkpt lat="45.92178" lon="-71.68571">
        <ele>388.9</ele>
      </trkpt>
      <trkpt lat="45.92163" lon="-71.68547">
        <ele>388.7</ele>
      </trkpt>
      <trkpt lat="45.92121" lon="-71.68517">
        <ele>387.8</ele>
      </trkpt>
      <trkpt lat="45.92086" lon="-71.68506">
        <ele>386.6</ele>
      </trkpt>
      <trkpt lat="45.92051" lon="-71.68504">
        <ele>384.1</ele>
      </trkpt>
      <trkpt lat="45.919964" lon="-71.68513">
        <ele>379.4</ele>
      </trkpt>
      <trkpt lat="45.91942" lon="-71.68522">
        <ele>373.1</ele>
      </trkpt>
      <trkpt lat="45.91919" lon="-71.68522">
        <ele>373.1</ele>
      </trkpt>
      <trkpt lat="45.9189" lon="-71.68517">
        <ele>369.2</ele>
      </trkpt>
      <trkpt lat="45.91858" lon="-71.68499">
        <ele>366</ele>
      </trkpt>
      <trkpt lat="45.91836" lon="-71.68477">
        <ele>364.2</ele>
      </trkpt>
      <trkpt lat="45.91824" lon="-71.6846">
        <ele>363.1</ele>
      </trkpt>
      <trkpt lat="45.91783" lon="-71.683939">
        <ele>360.6</ele>
      </trkpt>
      <trkpt lat="45.91742" lon="-71.683279">
        <ele>359.1</ele>
      </trkpt>
      <trkpt lat="45.91701" lon="-71.68262">
        <ele>357.3</ele>
      </trkpt>
      <trkpt lat="45.916514" lon="-71.681605">
        <ele>362</ele>
      </trkpt>
      <trkpt lat="45.916018" lon="-71.680591">
        <ele>368.8</ele>
      </trkpt>
      <trkpt lat="45.915522" lon="-71.679577">
        <ele>371.7</ele>
      </trkpt>
      <trkpt lat="45.915026" lon="-71.678563">
        <ele>374.4</ele>
      </trkpt>
      <trkpt lat="45.91453" lon="-71.67755">
        <ele>379.1</ele>
      </trkpt>
      <trkpt lat="45.91445" lon="-71.67743">
        <ele>379.5</ele>
      </trkpt>
      <trkpt lat="45.91429" lon="-71.67734">
        <ele>379.6</ele>
      </trkpt>
      <trkpt lat="45.9142" lon="-71.67733">
        <ele>379.7</ele>
      </trkpt>
      <trkpt lat="45.913455" lon="-71.6776">
        <ele>377.9</ele>
      </trkpt>
      <trkpt lat="45.91271" lon="-71.67787">
        <ele>374.1</ele>
      </trkpt>
      <trkpt lat="45.91231" lon="-71.67797">
        <ele>373.3</ele>
      </trkpt>
      <trkpt lat="45.91217" lon="-71.67796">
        <ele>372.8</ele>
      </trkpt>
      <trkpt lat="45.91207" lon="-71.67788">
        <ele>372.5</ele>
      </trkpt>
      <trkpt lat="45.91198" lon="-71.67775">
        <ele>372.4</ele>
      </trkpt>
      <trkpt lat="45.911547" lon="-71.676997">
        <ele>372.9</ele>
      </trkpt>
      <trkpt lat="45.911115" lon="-71.676244">
        <ele>374.8</ele>
      </trkpt>
      <trkpt lat="45.910682" lon="-71.675492">
        <ele>379.2</ele>
      </trkpt>
      <trkpt lat="45.91025" lon="-71.67474">
        <ele>382.4</ele>
      </trkpt>
      <trkpt lat="45.9099" lon="-71.67426">
        <ele>384.2</ele>
      </trkpt>
      <trkpt lat="45.909215" lon="-71.673629">
        <ele>386.3</ele>
      </trkpt>
      <trkpt lat="45.90853" lon="-71.673">
        <ele>393.9</ele>
      </trkpt>
      <trkpt lat="45.90809" lon="-71.67256">
        <ele>396.2</ele>
      </trkpt>
      <trkpt lat="45.90741" lon="-71.6721">
        <ele>396</ele>
      </trkpt>
      <trkpt lat="45.90697" lon="-71.6717">
        <ele>394</ele>
      </trkpt>
      <trkpt lat="45.9067" lon="-71.6712">
        <ele>392.6</ele>
      </trkpt>
      <trkpt lat="45.90636" lon="-71.67009">
        <ele>388.7</ele>
      </trkpt>
      <trkpt lat="45.90633" lon="-71.66987">
        <ele>388</ele>
      </trkpt>
      <trkpt lat="45.90628" lon="-71.66946">
        <ele>386.8</ele>
      </trkpt>
      <trkpt lat="45.90629" lon="-71.66843">
        <ele>383.7</ele>
      </trkpt>
      <trkpt lat="45.90642" lon="-71.66759">
        <ele>380.2</ele>
      </trkpt>
      <trkpt lat="45.90667" lon="-71.66664">
        <ele>377.4</ele>
      </trkpt>
      <trkpt lat="45.907016" lon="-71.665683">
        <ele>372.2</ele>
      </trkpt>
      <trkpt lat="45.907363" lon="-71.664726">
        <ele>369.8</ele>
      </trkpt>
      <trkpt lat="45.90771" lon="-71.66377">
        <ele>369.3</ele>
      </trkpt>
      <trkpt lat="45.90817" lon="-71.662875">
        <ele>363.9</ele>
      </trkpt>
      <trkpt lat="45.90863" lon="-71.66198">
        <ele>360</ele>
      </trkpt>
      <trkpt lat="45.90877" lon="-71.66154">
        <ele>358.5</ele>
      </trkpt>
      <trkpt lat="45.9088" lon="-71.66129">
        <ele>357.4</ele>
      </trkpt>
      <trkpt lat="45.90877" lon="-71.66101">
        <ele>356.8</ele>
      </trkpt>
      <trkpt lat="45.90854" lon="-71.659949">
        <ele>352.3</ele>
      </trkpt>
      <trkpt lat="45.90831" lon="-71.65889">
        <ele>347.2</ele>
      </trkpt>
      <trkpt lat="45.908195" lon="-71.658259">
        <ele>345</ele>
      </trkpt>
      <trkpt lat="45.90808" lon="-71.65763">
        <ele>341.7</ele>
      </trkpt>
      <trkpt lat="45.90792" lon="-71.65702">
        <ele>336.7</ele>
      </trkpt>
      <trkpt lat="45.907586" lon="-71.656079">
        <ele>331.2</ele>
      </trkpt>
      <trkpt lat="45.907253" lon="-71.655139">
        <ele>325.8</ele>
      </trkpt>
      <trkpt lat="45.90692" lon="-71.6542">
        <ele>319.1</ele>
      </trkpt>
      <trkpt lat="45.906593" lon="-71.653103">
        <ele>311.5</ele>
      </trkpt>
      <trkpt lat="45.906266" lon="-71.652006">
        <ele>306.2</ele>
      </trkpt>
      <trkpt lat="45.90594" lon="-71.65091">
        <ele>301.7</ele>
      </trkpt>
      <trkpt lat="45.90578" lon="-71.65053">
        <ele>299.7</ele>
      </trkpt>
      <trkpt lat="45.90553" lon="-71.65019">
        <ele>299.3</ele>
      </trkpt>
      <trkpt lat="45.90505" lon="-71.64958">
        <ele>299</ele>
      </trkpt>
      <trkpt lat="45.90486" lon="-71.64929">
        <ele>299.1</ele>
      </trkpt>
      <trkpt lat="45.90444" lon="-71.648224">
        <ele>301.6</ele>
      </trkpt>
      <trkpt lat="45.90402" lon="-71.64716">
        <ele>302.1</ele>
      </trkpt>
      <trkpt lat="45.90386" lon="-71.6468">
        <ele>301.6</ele>
      </trkpt>
      <trkpt lat="45.90341" lon="-71.6459">
        <ele>300.3</ele>
      </trkpt>
      <trkpt lat="45.9028" lon="-71.64652">
        <ele>297.9</ele>
      </trkpt>
      <trkpt lat="45.902306" lon="-71.647036">
        <ele>296.5</ele>
      </trkpt>
      <trkpt lat="45.901813" lon="-71.647553">
        <ele>295</ele>
      </trkpt>
      <trkpt lat="45.90132" lon="-71.64807">
        <ele>294.4</ele>
      </trkpt>
      <trkpt lat="45.90125" lon="-71.6481">
        <ele>294.4</ele>
      </trkpt>
      <trkpt lat="45.90119" lon="-71.6481">
        <ele>294.4</ele>
      </trkpt>
      <trkpt lat="45.90098" lon="-71.64797">
        <ele>294.5</ele>
      </trkpt>
      <trkpt lat="45.90072" lon="-71.64851">
        <ele>292.9</ele>
      </trkpt>
      <trkpt lat="45.90038" lon="-71.64909">
        <ele>291.3</ele>
      </trkpt>
      <trkpt lat="45.89969" lon="-71.649793">
        <ele>288.3</ele>
      </trkpt>
      <trkpt lat="45.899" lon="-71.650497">
        <ele>285.1</ele>
      </trkpt>
      <trkpt lat="45.89831" lon="-71.651201">
        <ele>279.9</ele>
      </trkpt>
      <trkpt lat="45.89762" lon="-71.651905">
        <ele>277.6</ele>
      </trkpt>
      <trkpt lat="45.89693" lon="-71.652608">
        <ele>276.7</ele>
      </trkpt>
      <trkpt lat="45.89624" lon="-71.653312">
        <ele>276.4</ele>
      </trkpt>
      <trkpt lat="45.89555" lon="-71.654016">
        <ele>276.3</ele>
      </trkpt>
      <trkpt lat="45.89486" lon="-71.65472">
        <ele>276</ele>
      </trkpt>
      <trkpt lat="45.89446" lon="-71.655145">
        <ele>275.5</ele>
      </trkpt>
      <trkpt lat="45.89406" lon="-71.65557">
        <ele>275.3</ele>
      </trkpt>
      <trkpt lat="45.89373" lon="-71.65598">
        <ele>274.9</ele>
      </trkpt>
      <trkpt lat="45.89342" lon="-71.65643">
        <ele>274.4</ele>
      </trkpt>
      <trkpt lat="45.89314" lon="-71.65692">
        <ele>273.8</ele>
      </trkpt>
      <trkpt lat="45.89297" lon="-71.65736">
        <ele>273.4</ele>
      </trkpt>
      <trkpt lat="45.892665" lon="-71.658245">
        <ele>273.6</ele>
      </trkpt>
      <trkpt lat="45.89236" lon="-71.65913">
        <ele>274.6</ele>
      </trkpt>
      <trkpt lat="45.891621" lon="-71.658613">
        <ele>277.4</ele>
      </trkpt>
      <trkpt lat="45.890882" lon="-71.658097">
        <ele>282.5</ele>
      </trkpt>
      <trkpt lat="45.890143" lon="-71.657581">
        <ele>285.6</ele>
      </trkpt>
      <trkpt lat="45.889405" lon="-71.657064">
        <ele>288.8</ele>
      </trkpt>
      <trkpt lat="45.888666" lon="-71.656548">
        <ele>290.8</ele>
      </trkpt>
      <trkpt lat="45.887927" lon="-71.656032">
        <ele>294.2</ele>
      </trkpt>
      <trkpt lat="45.887188" lon="-71.655516">
        <ele>296.9</ele>
      </trkpt>
      <trkpt lat="45.88645" lon="-71.655">
        <ele>301.7</ele>
      </trkpt>
      <trkpt lat="45.88614" lon="-71.65482">
        <ele>305</ele>
      </trkpt>
      <trkpt lat="45.88559" lon="-71.65464">
        <ele>309.5</ele>
      </trkpt>
      <trkpt lat="45.88515" lon="-71.65455">
        <ele>310.7</ele>
      </trkpt>
      <trkpt lat="45.88478" lon="-71.65451">
        <ele>311.7</ele>
      </trkpt>
      <trkpt lat="45.88439" lon="-71.65455">
        <ele>312.8</ele>
      </trkpt>
      <trkpt lat="45.88389" lon="-71.6547">
        <ele>313.6</ele>
      </trkpt>
      <trkpt lat="45.88378" lon="-71.65412">
        <ele>311.2</ele>
      </trkpt>
      <trkpt lat="45.88397" lon="-71.65391">
        <ele>311.3</ele>
      </trkpt>
    </trkseg>
  </trk>
</gpx>