<?xml version='1.0' encoding='utf-8'?>
<gpx xmlns="http://www.topografix.com/GPX/1/1" xmlns:xsi="http://www.w3.org/2001/XMLSchema-instance" version="1.1" creator="Gravelle Estrie" xsi:schemaLocation="http://www.topografix.com/GPX/1/1 http://www.topografix.com/GPX/1/1/gpx.xsd">
  <metadata>
    <name>Départ parc de la Yamaska et saucette</name>
  </metadata>
  <trk>
    <name>Départ parc de la Yamaska et saucette</name>
    <trkseg>
      <trkpt lat="45.43064" lon="-72.61566">
        <ele>143.7</ele>
      </trkpt>
      <trkpt lat="45.43083" lon="-72.61588">
        <ele>143.9</ele>
      </trkpt>
      <trkpt lat="45.43087" lon="-72.61602">
        <ele>144</ele>
      </trkpt>
      <trkpt lat="45.43088" lon="-72.61613">
        <ele>144</ele>
      </trkpt>
      <trkpt lat="45.43093" lon="-72.6174">
        <ele>144</ele>
      </trkpt>
      <trkpt lat="45.43097" lon="-72.61867">
        <ele>145</ele>
      </trkpt>
      <trkpt lat="45.43101" lon="-72.61941">
        <ele>145.1</ele>
      </trkpt>
      <trkpt lat="45.43105" lon="-72.62014">
        <ele>145.3</ele>
      </trkpt>
      <trkpt lat="45.4311" lon="-72.62111">
        <ele>146.5</ele>
      </trkpt>
      <trkpt lat="45.43115" lon="-72.62209">
        <ele>147.8</ele>
      </trkpt>
      <trkpt lat="45.43121" lon="-72.62306">
        <ele>148.7</ele>
      </trkpt>
      <trkpt lat="45.43123" lon="-72.62374">
        <ele>149.3</ele>
      </trkpt>
      <trkpt lat="45.43128" lon="-72.62391">
        <ele>149.5</ele>
      </trkpt>
      <trkpt lat="45.43135" lon="-72.62398">
        <ele>149.6</ele>
      </trkpt>
      <trkpt lat="45.43187" lon="-72.62423">
        <ele>150.2</ele>
      </trkpt>
      <trkpt lat="45.43227" lon="-72.62435">
        <ele>150.8</ele>
      </trkpt>
      <trkpt lat="45.43274" lon="-72.62457">
        <ele>151.3</ele>
      </trkpt>
      <trkpt lat="45.43347" lon="-72.62502">
        <ele>151.8</ele>
      </trkpt>
      <trkpt lat="45.43419" lon="-72.62546">
        <ele>151.9</ele>
      </trkpt>
      <trkpt lat="45.43431" lon="-72.62549">
        <ele>151.9</ele>
      </trkpt>
      <trkpt lat="45.43465" lon="-72.62552">
        <ele>151.9</ele>
      </trkpt>
      <trkpt lat="45.43495" lon="-72.62558">
        <ele>151.9</ele>
      </trkpt>
      <trkpt lat="45.4352" lon="-72.62568">
        <ele>151.9</ele>
      </trkpt>
      <trkpt lat="45.4354" lon="-72.62582">
        <ele>151.9</ele>
      </trkpt>
      <trkpt lat="45.4356" lon="-72.62598">
        <ele>151.9</ele>
      </trkpt>
      <trkpt lat="45.43605" lon="-72.6264">
        <ele>151.9</ele>
      </trkpt>
      <trkpt lat="45.43616" lon="-72.62649">
        <ele>151.9</ele>
      </trkpt>
      <trkpt lat="45.43627" lon="-72.62655">
        <ele>151.9</ele>
      </trkpt>
      <trkpt lat="45.43641" lon="-72.62659">
        <ele>151.9</ele>
      </trkpt>
      <trkpt lat="45.43699" lon="-72.6266">
        <ele>151.9</ele>
      </trkpt>
      <trkpt lat="45.43757" lon="-72.6266">
        <ele>151.9</ele>
      </trkpt>
      <trkpt lat="45.43771" lon="-72.62653">
        <ele>151.9</ele>
      </trkpt>
      <trkpt lat="45.43776" lon="-72.62648">
        <ele>151.9</ele>
      </trkpt>
      <trkpt lat="45.43806" lon="-72.62604">
        <ele>151.9</ele>
      </trkpt>
      <trkpt lat="45.43818" lon="-72.62593">
        <ele>151.9</ele>
      </trkpt>
      <trkpt lat="45.43826" lon="-72.62589">
        <ele>151.9</ele>
      </trkpt>
      <trkpt lat="45.43844" lon="-72.62583">
        <ele>151.9</ele>
      </trkpt>
      <trkpt lat="45.43928" lon="-72.62569">
        <ele>151.9</ele>
      </trkpt>
      <trkpt lat="45.43938" lon="-72.62564">
        <ele>151.9</ele>
      </trkpt>
      <trkpt lat="45.43978" lon="-72.6253">
        <ele>151.9</ele>
      </trkpt>
      <trkpt lat="45.44017" lon="-72.62496">
        <ele>151.9</ele>
      </trkpt>
      <trkpt lat="45.44017" lon="-72.62496">
        <ele>151.9</ele>
      </trkpt>
      <trkpt lat="45.4406" lon="-72.6246">
        <ele>151.9</ele>
      </trkpt>
      <trkpt lat="45.44121" lon="-72.624">
        <ele>151.9</ele>
      </trkpt>
      <trkpt lat="45.44197" lon="-72.6235">
        <ele>151.9</ele>
      </trkpt>
      <trkpt lat="45.44202" lon="-72.62342">
        <ele>151.9</ele>
      </trkpt>
      <trkpt lat="45.44205" lon="-72.62329">
        <ele>151.9</ele>
      </trkpt>
      <trkpt lat="45.44224" lon="-72.62224">
        <ele>152.2</ele>
      </trkpt>
      <trkpt lat="45.44246" lon="-72.6216">
        <ele>154.1</ele>
      </trkpt>
      <trkpt lat="45.44249" lon="-72.62124">
        <ele>155.5</ele>
      </trkpt>
      <trkpt lat="45.44244" lon="-72.62101">
        <ele>156.2</ele>
      </trkpt>
      <trkpt lat="45.44238" lon="-72.62093">
        <ele>156.3</ele>
      </trkpt>
      <trkpt lat="45.44186" lon="-72.62073">
        <ele>155.2</ele>
      </trkpt>
      <trkpt lat="45.44161" lon="-72.62058">
        <ele>154.8</ele>
      </trkpt>
      <trkpt lat="45.44151" lon="-72.62042">
        <ele>154.9</ele>
      </trkpt>
      <trkpt lat="45.44137" lon="-72.61994">
        <ele>155.9</ele>
      </trkpt>
      <trkpt lat="45.44099" lon="-72.61965">
        <ele>155.1</ele>
      </trkpt>
      <trkpt lat="45.44073" lon="-72.61925">
        <ele>155.3</ele>
      </trkpt>
      <trkpt lat="45.44066" lon="-72.619">
        <ele>155.9</ele>
      </trkpt>
      <trkpt lat="45.44062" lon="-72.61861">
        <ele>157.1</ele>
      </trkpt>
      <trkpt lat="45.44067" lon="-72.61814">
        <ele>159.2</ele>
      </trkpt>
      <trkpt lat="45.44074" lon="-72.61791">
        <ele>160.4</ele>
      </trkpt>
      <trkpt lat="45.44076" lon="-72.61765">
        <ele>161.4</ele>
      </trkpt>
      <trkpt lat="45.44073" lon="-72.61748">
        <ele>161.9</ele>
      </trkpt>
      <trkpt lat="45.44054" lon="-72.61707">
        <ele>162.5</ele>
      </trkpt>
      <trkpt lat="45.44039" lon="-72.61694">
        <ele>162.2</ele>
      </trkpt>
      <trkpt lat="45.44005" lon="-72.61714">
        <ele>159.7</ele>
      </trkpt>
      <trkpt lat="45.43965" lon="-72.61699">
        <ele>157.9</ele>
      </trkpt>
      <trkpt lat="45.4395" lon="-72.61679">
        <ele>157.8</ele>
      </trkpt>
      <trkpt lat="45.43925" lon="-72.61612">
        <ele>158.8</ele>
      </trkpt>
      <trkpt lat="45.43922" lon="-72.61587">
        <ele>159.5</ele>
      </trkpt>
      <trkpt lat="45.43926" lon="-72.61543">
        <ele>160.9</ele>
      </trkpt>
      <trkpt lat="45.43922" lon="-72.61502">
        <ele>161.4</ele>
      </trkpt>
      <trkpt lat="45.43931" lon="-72.61438">
        <ele>163</ele>
      </trkpt>
      <trkpt lat="45.43938" lon="-72.61344">
        <ele>165.6</ele>
      </trkpt>
      <trkpt lat="45.43945" lon="-72.61249">
        <ele>167.8</ele>
      </trkpt>
      <trkpt lat="45.43941" lon="-72.61219">
        <ele>168.1</ele>
      </trkpt>
      <trkpt lat="45.43926" lon="-72.61149">
        <ele>168.4</ele>
      </trkpt>
      <trkpt lat="45.43922" lon="-72.61048">
        <ele>169</ele>
      </trkpt>
      <trkpt lat="45.43919" lon="-72.60946">
        <ele>168.7</ele>
      </trkpt>
      <trkpt lat="45.43908" lon="-72.60851">
        <ele>167.4</ele>
      </trkpt>
      <trkpt lat="45.43903" lon="-72.60835">
        <ele>166.7</ele>
      </trkpt>
      <trkpt lat="45.43875" lon="-72.60797">
        <ele>163.3</ele>
      </trkpt>
      <trkpt lat="45.43846" lon="-72.60746">
        <ele>158.9</ele>
      </trkpt>
      <trkpt lat="45.43803" lon="-72.60705">
        <ele>154</ele>
      </trkpt>
      <trkpt lat="45.43777" lon="-72.60662">
        <ele>152.1</ele>
      </trkpt>
      <trkpt lat="45.4373" lon="-72.60607">
        <ele>151.6</ele>
      </trkpt>
      <trkpt lat="45.43684" lon="-72.60553">
        <ele>151.1</ele>
      </trkpt>
      <trkpt lat="45.43637" lon="-72.60498">
        <ele>150.7</ele>
      </trkpt>
      <trkpt lat="45.4363" lon="-72.60487">
        <ele>150.7</ele>
      </trkpt>
      <trkpt lat="45.43624" lon="-72.60457">
        <ele>151</ele>
      </trkpt>
      <trkpt lat="45.43623" lon="-72.60435">
        <ele>151.2</ele>
      </trkpt>
      <trkpt lat="45.43642" lon="-72.60343">
        <ele>151.9</ele>
      </trkpt>
      <trkpt lat="45.43649" lon="-72.60324">
        <ele>151.9</ele>
      </trkpt>
      <trkpt lat="45.43689" lon="-72.60257">
        <ele>151.9</ele>
      </trkpt>
      <trkpt lat="45.43728" lon="-72.6019">
        <ele>151.9</ele>
      </trkpt>
      <trkpt lat="45.4374" lon="-72.60169">
        <ele>151.9</ele>
      </trkpt>
      <trkpt lat="45.43749" lon="-72.60149">
        <ele>151.9</ele>
      </trkpt>
      <trkpt lat="45.43757" lon="-72.6012">
        <ele>151.9</ele>
      </trkpt>
      <trkpt lat="45.43761" lon="-72.60112">
        <ele>151.9</ele>
      </trkpt>
      <trkpt lat="45.43771" lon="-72.60105">
        <ele>151.9</ele>
      </trkpt>
      <trkpt lat="45.43792" lon="-72.60093">
        <ele>151.9</ele>
      </trkpt>
      <trkpt lat="45.43805" lon="-72.60082">
        <ele>151.9</ele>
      </trkpt>
      <trkpt lat="45.43811" lon="-72.60073">
        <ele>151.9</ele>
      </trkpt>
      <trkpt lat="45.43839" lon="-72.60025">
        <ele>151.9</ele>
      </trkpt>
      <trkpt lat="45.43873" lon="-72.59991">
        <ele>151.8</ele>
      </trkpt>
      <trkpt lat="45.43891" lon="-72.59967">
        <ele>151.8</ele>
      </trkpt>
      <trkpt lat="45.43895" lon="-72.5996">
        <ele>151.7</ele>
      </trkpt>
      <trkpt lat="45.43899" lon="-72.59942">
        <ele>151.7</ele>
      </trkpt>
      <trkpt lat="45.43892" lon="-72.59906">
        <ele>151.6</ele>
      </trkpt>
      <trkpt lat="45.43892" lon="-72.59906">
        <ele>151.6</ele>
      </trkpt>
      <trkpt lat="45.4389" lon="-72.5989">
        <ele>151.5</ele>
      </trkpt>
      <trkpt lat="45.43891" lon="-72.5988">
        <ele>151.6</ele>
      </trkpt>
      <trkpt lat="45.43897" lon="-72.59869">
        <ele>151.6</ele>
      </trkpt>
      <trkpt lat="45.43906" lon="-72.59855">
        <ele>151.7</ele>
      </trkpt>
      <trkpt lat="45.43918" lon="-72.59845">
        <ele>151.9</ele>
      </trkpt>
      <trkpt lat="45.43928" lon="-72.59841">
        <ele>151.9</ele>
      </trkpt>
      <trkpt lat="45.43994" lon="-72.59834">
        <ele>151.9</ele>
      </trkpt>
      <trkpt lat="45.44013" lon="-72.59836">
        <ele>151.9</ele>
      </trkpt>
      <trkpt lat="45.44028" lon="-72.59834">
        <ele>151.9</ele>
      </trkpt>
      <trkpt lat="45.44058" lon="-72.59819">
        <ele>151.9</ele>
      </trkpt>
      <trkpt lat="45.44072" lon="-72.59816">
        <ele>151.9</ele>
      </trkpt>
      <trkpt lat="45.44082" lon="-72.59819">
        <ele>151.9</ele>
      </trkpt>
      <trkpt lat="45.44095" lon="-72.59826">
        <ele>151.9</ele>
      </trkpt>
      <trkpt lat="45.44108" lon="-72.5983">
        <ele>151.9</ele>
      </trkpt>
      <trkpt lat="45.4414" lon="-72.59833">
        <ele>151.9</ele>
      </trkpt>
      <trkpt lat="45.44179" lon="-72.59852">
        <ele>151.9</ele>
      </trkpt>
      <trkpt lat="45.44197" lon="-72.59872">
        <ele>151.9</ele>
      </trkpt>
      <trkpt lat="45.44209" lon="-72.59876">
        <ele>151.9</ele>
      </trkpt>
      <trkpt lat="45.44219" lon="-72.59873">
        <ele>151.9</ele>
      </trkpt>
      <trkpt lat="45.44227" lon="-72.59865">
        <ele>151.9</ele>
      </trkpt>
      <trkpt lat="45.44233" lon="-72.59853">
        <ele>151.9</ele>
      </trkpt>
      <trkpt lat="45.44235" lon="-72.59834">
        <ele>151.9</ele>
      </trkpt>
      <trkpt lat="45.44242" lon="-72.5981">
        <ele>151.9</ele>
      </trkpt>
      <trkpt lat="45.44245" lon="-72.59777">
        <ele>151.9</ele>
      </trkpt>
      <trkpt lat="45.44241" lon="-72.59755">
        <ele>151.9</ele>
      </trkpt>
      <trkpt lat="45.44235" lon="-72.59732">
        <ele>151.9</ele>
      </trkpt>
      <trkpt lat="45.4421" lon="-72.5967">
        <ele>151.9</ele>
      </trkpt>
      <trkpt lat="45.44198" lon="-72.59651">
        <ele>151.9</ele>
      </trkpt>
      <trkpt lat="45.44168" lon="-72.59619">
        <ele>151.9</ele>
      </trkpt>
      <trkpt lat="45.44165" lon="-72.59611">
        <ele>151.9</ele>
      </trkpt>
      <trkpt lat="45.44163" lon="-72.59592">
        <ele>152</ele>
      </trkpt>
      <trkpt lat="45.44163" lon="-72.59581">
        <ele>152.1</ele>
      </trkpt>
      <trkpt lat="45.44161" lon="-72.59531">
        <ele>152.5</ele>
      </trkpt>
      <trkpt lat="45.44148" lon="-72.59485">
        <ele>153.7</ele>
      </trkpt>
      <trkpt lat="45.44131" lon="-72.59446">
        <ele>155.3</ele>
      </trkpt>
      <trkpt lat="45.4411" lon="-72.59332">
        <ele>159</ele>
      </trkpt>
      <trkpt lat="45.44113" lon="-72.59274">
        <ele>160.1</ele>
      </trkpt>
      <trkpt lat="45.44129" lon="-72.59223">
        <ele>161</ele>
      </trkpt>
      <trkpt lat="45.4416" lon="-72.59179">
        <ele>161.9</ele>
      </trkpt>
      <trkpt lat="45.44176" lon="-72.59152">
        <ele>162.5</ele>
      </trkpt>
      <trkpt lat="45.4418" lon="-72.59122">
        <ele>163.3</ele>
      </trkpt>
      <trkpt lat="45.44177" lon="-72.59098">
        <ele>163.8</ele>
      </trkpt>
      <trkpt lat="45.44149" lon="-72.59057">
        <ele>164.5</ele>
      </trkpt>
      <trkpt lat="45.4414" lon="-72.59041">
        <ele>164.8</ele>
      </trkpt>
      <trkpt lat="45.44138" lon="-72.59023">
        <ele>165.2</ele>
      </trkpt>
      <trkpt lat="45.44136" lon="-72.58983">
        <ele>166</ele>
      </trkpt>
      <trkpt lat="45.44144" lon="-72.58946">
        <ele>166.6</ele>
      </trkpt>
      <trkpt lat="45.44155" lon="-72.58875">
        <ele>167.9</ele>
      </trkpt>
      <trkpt lat="45.44166" lon="-72.58847">
        <ele>168.7</ele>
      </trkpt>
      <trkpt lat="45.44195" lon="-72.58821">
        <ele>169.7</ele>
      </trkpt>
      <trkpt lat="45.44201" lon="-72.58804">
        <ele>170.1</ele>
      </trkpt>
      <trkpt lat="45.44201" lon="-72.5879">
        <ele>170.5</ele>
      </trkpt>
      <trkpt lat="45.44195" lon="-72.58691">
        <ele>172.8</ele>
      </trkpt>
      <trkpt lat="45.44197" lon="-72.58643">
        <ele>173.9</ele>
      </trkpt>
      <trkpt lat="45.44209" lon="-72.58592">
        <ele>175.3</ele>
      </trkpt>
      <trkpt lat="45.44212" lon="-72.58571">
        <ele>175.8</ele>
      </trkpt>
      <trkpt lat="45.44205" lon="-72.58539">
        <ele>176.5</ele>
      </trkpt>
      <trkpt lat="45.44175" lon="-72.58468">
        <ele>177.9</ele>
      </trkpt>
      <trkpt lat="45.44171" lon="-72.58405">
        <ele>179.4</ele>
      </trkpt>
      <trkpt lat="45.4416" lon="-72.58386">
        <ele>179.7</ele>
      </trkpt>
      <trkpt lat="45.44148" lon="-72.58381">
        <ele>179.8</ele>
      </trkpt>
      <trkpt lat="45.44095" lon="-72.5838">
        <ele>179.1</ele>
      </trkpt>
      <trkpt lat="45.44042" lon="-72.58378">
        <ele>177.7</ele>
      </trkpt>
      <trkpt lat="45.44018" lon="-72.58373">
        <ele>177</ele>
      </trkpt>
      <trkpt lat="45.43991" lon="-72.58361">
        <ele>176.2</ele>
      </trkpt>
      <trkpt lat="45.43946" lon="-72.58327">
        <ele>175.3</ele>
      </trkpt>
      <trkpt lat="45.439" lon="-72.58294">
        <ele>174.5</ele>
      </trkpt>
      <trkpt lat="45.43822" lon="-72.58272">
        <ele>172.2</ele>
      </trkpt>
      <trkpt lat="45.43805" lon="-72.58276">
        <ele>171.5</ele>
      </trkpt>
      <trkpt lat="45.43783" lon="-72.58287">
        <ele>170.4</ele>
      </trkpt>
      <trkpt lat="45.43756" lon="-72.58329">
        <ele>168.5</ele>
      </trkpt>
      <trkpt lat="45.43741" lon="-72.5837">
        <ele>166.9</ele>
      </trkpt>
      <trkpt lat="45.43728" lon="-72.58427">
        <ele>165.1</ele>
      </trkpt>
      <trkpt lat="45.43725" lon="-72.58432">
        <ele>164.9</ele>
      </trkpt>
      <trkpt lat="45.43722" lon="-72.58434">
        <ele>164.7</ele>
      </trkpt>
      <trkpt lat="45.43715" lon="-72.58435">
        <ele>164.4</ele>
      </trkpt>
      <trkpt lat="45.43673" lon="-72.58415">
        <ele>163.4</ele>
      </trkpt>
      <trkpt lat="45.43632" lon="-72.58372">
        <ele>163</ele>
      </trkpt>
      <trkpt lat="45.43625" lon="-72.58355">
        <ele>163.1</ele>
      </trkpt>
      <trkpt lat="45.43616" lon="-72.58302">
        <ele>164.1</ele>
      </trkpt>
      <trkpt lat="45.43612" lon="-72.58281">
        <ele>164.5</ele>
      </trkpt>
      <trkpt lat="45.43604" lon="-72.5826">
        <ele>164.6</ele>
      </trkpt>
      <trkpt lat="45.43603" lon="-72.58245">
        <ele>164.9</ele>
      </trkpt>
      <trkpt lat="45.43611" lon="-72.58204">
        <ele>166</ele>
      </trkpt>
      <trkpt lat="45.43613" lon="-72.58176">
        <ele>166.4</ele>
      </trkpt>
      <trkpt lat="45.43596" lon="-72.5806">
        <ele>166.8</ele>
      </trkpt>
      <trkpt lat="45.43597" lon="-72.5804">
        <ele>167.1</ele>
      </trkpt>
      <trkpt lat="45.43613" lon="-72.58015">
        <ele>167.9</ele>
      </trkpt>
      <trkpt lat="45.4367" lon="-72.58013">
        <ele>170</ele>
      </trkpt>
      <trkpt lat="45.43726" lon="-72.58011">
        <ele>172.2</ele>
      </trkpt>
      <trkpt lat="45.43794" lon="-72.5801">
        <ele>174.6</ele>
      </trkpt>
      <trkpt lat="45.43846" lon="-72.5807">
        <ele>176.5</ele>
      </trkpt>
      <trkpt lat="45.43911" lon="-72.58132">
        <ele>178.4</ele>
      </trkpt>
      <trkpt lat="45.43951" lon="-72.58162">
        <ele>179.5</ele>
      </trkpt>
      <trkpt lat="45.4399" lon="-72.58192">
        <ele>180.2</ele>
      </trkpt>
      <trkpt lat="45.44063" lon="-72.58235">
        <ele>181.6</ele>
      </trkpt>
      <trkpt lat="45.44139" lon="-72.58277">
        <ele>182.1</ele>
      </trkpt>
      <trkpt lat="45.44215" lon="-72.58319">
        <ele>182.1</ele>
      </trkpt>
      <trkpt lat="45.44296" lon="-72.58367">
        <ele>181.6</ele>
      </trkpt>
      <trkpt lat="45.44377" lon="-72.58416">
        <ele>181.8</ele>
      </trkpt>
      <trkpt lat="45.44454" lon="-72.58462">
        <ele>180.7</ele>
      </trkpt>
      <trkpt lat="45.44531" lon="-72.58509">
        <ele>179.7</ele>
      </trkpt>
      <trkpt lat="45.44609" lon="-72.58556">
        <ele>179</ele>
      </trkpt>
      <trkpt lat="45.44686" lon="-72.58603">
        <ele>178.9</ele>
      </trkpt>
      <trkpt lat="45.44761" lon="-72.58644">
        <ele>179.6</ele>
      </trkpt>
      <trkpt lat="45.44836" lon="-72.58685">
        <ele>180.9</ele>
      </trkpt>
      <trkpt lat="45.4491" lon="-72.58727">
        <ele>182.2</ele>
      </trkpt>
      <trkpt lat="45.44985" lon="-72.58768">
        <ele>181.7</ele>
      </trkpt>
      <trkpt lat="45.4506" lon="-72.58809">
        <ele>181.7</ele>
      </trkpt>
      <trkpt lat="45.45135" lon="-72.58851">
        <ele>181.7</ele>
      </trkpt>
      <trkpt lat="45.45201" lon="-72.58889">
        <ele>181.3</ele>
      </trkpt>
      <trkpt lat="45.45266" lon="-72.58928">
        <ele>182</ele>
      </trkpt>
      <trkpt lat="45.45332" lon="-72.58967">
        <ele>182.8</ele>
      </trkpt>
      <trkpt lat="45.45397" lon="-72.59006">
        <ele>184.1</ele>
      </trkpt>
      <trkpt lat="45.45464" lon="-72.59043">
        <ele>185.3</ele>
      </trkpt>
      <trkpt lat="45.45531" lon="-72.59081">
        <ele>186.4</ele>
      </trkpt>
      <trkpt lat="45.45597" lon="-72.59117">
        <ele>187.3</ele>
      </trkpt>
      <trkpt lat="45.45664" lon="-72.59153">
        <ele>187.4</ele>
      </trkpt>
      <trkpt lat="45.45701" lon="-72.59167">
        <ele>187.5</ele>
      </trkpt>
      <trkpt lat="45.45738" lon="-72.59179">
        <ele>187.7</ele>
      </trkpt>
      <trkpt lat="45.45792" lon="-72.59187">
        <ele>188.5</ele>
      </trkpt>
      <trkpt lat="45.45863" lon="-72.59194">
        <ele>189.2</ele>
      </trkpt>
      <trkpt lat="45.45934" lon="-72.592">
        <ele>188.5</ele>
      </trkpt>
      <trkpt lat="45.45995" lon="-72.59205">
        <ele>187.7</ele>
      </trkpt>
      <trkpt lat="45.46057" lon="-72.59209">
        <ele>187.5</ele>
      </trkpt>
      <trkpt lat="45.46095" lon="-72.5921">
        <ele>187.2</ele>
      </trkpt>
      <trkpt lat="45.46137" lon="-72.59208">
        <ele>186.8</ele>
      </trkpt>
      <trkpt lat="45.46194" lon="-72.59211">
        <ele>186.1</ele>
      </trkpt>
      <trkpt lat="45.46282" lon="-72.59214">
        <ele>185.5</ele>
      </trkpt>
      <trkpt lat="45.4637" lon="-72.59217">
        <ele>184.6</ele>
      </trkpt>
      <trkpt lat="45.46457" lon="-72.5922">
        <ele>183.4</ele>
      </trkpt>
      <trkpt lat="45.46545" lon="-72.59224">
        <ele>182</ele>
      </trkpt>
      <trkpt lat="45.46633" lon="-72.59227">
        <ele>181.9</ele>
      </trkpt>
      <trkpt lat="45.46721" lon="-72.5923">
        <ele>181.9</ele>
      </trkpt>
      <trkpt lat="45.46808" lon="-72.59233">
        <ele>181.9</ele>
      </trkpt>
      <trkpt lat="45.46879" lon="-72.59234">
        <ele>181.9</ele>
      </trkpt>
      <trkpt lat="45.46949" lon="-72.59238">
        <ele>181.9</ele>
      </trkpt>
      <trkpt lat="45.47" lon="-72.59236">
        <ele>181.9</ele>
      </trkpt>
      <trkpt lat="45.47051" lon="-72.59234">
        <ele>181.9</ele>
      </trkpt>
      <trkpt lat="45.47108" lon="-72.59229">
        <ele>181.9</ele>
      </trkpt>
      <trkpt lat="45.47172" lon="-72.59217">
        <ele>181.9</ele>
      </trkpt>
      <trkpt lat="45.47238" lon="-72.59204">
        <ele>181.9</ele>
      </trkpt>
      <trkpt lat="45.47307" lon="-72.59183">
        <ele>181.9</ele>
      </trkpt>
      <trkpt lat="45.4738" lon="-72.5916">
        <ele>181.3</ele>
      </trkpt>
      <trkpt lat="45.47453" lon="-72.59137">
        <ele>180.5</ele>
      </trkpt>
      <trkpt lat="45.47526" lon="-72.59115">
        <ele>179.2</ele>
      </trkpt>
      <trkpt lat="45.47599" lon="-72.59092">
        <ele>177.4</ele>
      </trkpt>
      <trkpt lat="45.47683" lon="-72.59062">
        <ele>175.6</ele>
      </trkpt>
      <trkpt lat="45.47766" lon="-72.59033">
        <ele>173.8</ele>
      </trkpt>
      <trkpt lat="45.4785" lon="-72.59003">
        <ele>171.4</ele>
      </trkpt>
      <trkpt lat="45.47934" lon="-72.58973">
        <ele>169.7</ele>
      </trkpt>
      <trkpt lat="45.47981" lon="-72.58957">
        <ele>168.8</ele>
      </trkpt>
      <trkpt lat="45.48027" lon="-72.5894">
        <ele>167.8</ele>
      </trkpt>
      <trkpt lat="45.48092" lon="-72.58923">
        <ele>166.4</ele>
      </trkpt>
      <trkpt lat="45.4815" lon="-72.58913">
        <ele>165.3</ele>
      </trkpt>
      <trkpt lat="45.48224" lon="-72.58911">
        <ele>164.3</ele>
      </trkpt>
      <trkpt lat="45.48286" lon="-72.58915">
        <ele>163.9</ele>
      </trkpt>
      <trkpt lat="45.48325" lon="-72.58921">
        <ele>163.8</ele>
      </trkpt>
      <trkpt lat="45.48366" lon="-72.58932">
        <ele>163.9</ele>
      </trkpt>
      <trkpt lat="45.48404" lon="-72.58944">
        <ele>164.2</ele>
      </trkpt>
      <trkpt lat="45.48456" lon="-72.58963">
        <ele>165</ele>
      </trkpt>
      <trkpt lat="45.48484" lon="-72.58977">
        <ele>165.2</ele>
      </trkpt>
      <trkpt lat="45.48547" lon="-72.59014">
        <ele>165.2</ele>
      </trkpt>
      <trkpt lat="45.48616" lon="-72.59065">
        <ele>164.8</ele>
      </trkpt>
      <trkpt lat="45.48685" lon="-72.59122">
        <ele>164.6</ele>
      </trkpt>
      <trkpt lat="45.48754" lon="-72.59179">
        <ele>164.7</ele>
      </trkpt>
      <trkpt lat="45.48824" lon="-72.59237">
        <ele>164.3</ele>
      </trkpt>
      <trkpt lat="45.48893" lon="-72.59294">
        <ele>163.6</ele>
      </trkpt>
      <trkpt lat="45.48962" lon="-72.59352">
        <ele>163.1</ele>
      </trkpt>
      <trkpt lat="45.49029" lon="-72.59412">
        <ele>162.4</ele>
      </trkpt>
      <trkpt lat="45.49107" lon="-72.59472">
        <ele>161.7</ele>
      </trkpt>
      <trkpt lat="45.49146" lon="-72.59498">
        <ele>161.7</ele>
      </trkpt>
      <trkpt lat="45.49193" lon="-72.5952">
        <ele>161.8</ele>
      </trkpt>
      <trkpt lat="45.49224" lon="-72.59533">
        <ele>161.7</ele>
      </trkpt>
      <trkpt lat="45.49259" lon="-72.59539">
        <ele>161.7</ele>
      </trkpt>
      <trkpt lat="45.493" lon="-72.59541">
        <ele>161.6</ele>
      </trkpt>
      <trkpt lat="45.49341" lon="-72.59538">
        <ele>161.7</ele>
      </trkpt>
      <trkpt lat="45.49374" lon="-72.59529">
        <ele>162</ele>
      </trkpt>
      <trkpt lat="45.49406" lon="-72.59515">
        <ele>162.5</ele>
      </trkpt>
      <trkpt lat="45.49451" lon="-72.59493">
        <ele>163.5</ele>
      </trkpt>
      <trkpt lat="45.49519" lon="-72.59459">
        <ele>164.8</ele>
      </trkpt>
      <trkpt lat="45.49586" lon="-72.59424">
        <ele>167.1</ele>
      </trkpt>
      <trkpt lat="45.49654" lon="-72.59389">
        <ele>171.6</ele>
      </trkpt>
      <trkpt lat="45.49721" lon="-72.59354">
        <ele>175.7</ele>
      </trkpt>
      <trkpt lat="45.4975" lon="-72.59343">
        <ele>177.2</ele>
      </trkpt>
      <trkpt lat="45.49802" lon="-72.59316">
        <ele>179.9</ele>
      </trkpt>
      <trkpt lat="45.49821" lon="-72.59307">
        <ele>180.5</ele>
      </trkpt>
      <trkpt lat="45.49872" lon="-72.59271">
        <ele>181.6</ele>
      </trkpt>
      <trkpt lat="45.49904" lon="-72.59243">
        <ele>181.8</ele>
      </trkpt>
      <trkpt lat="45.49934" lon="-72.59212">
        <ele>180.6</ele>
      </trkpt>
      <trkpt lat="45.4996" lon="-72.59177">
        <ele>179.5</ele>
      </trkpt>
      <trkpt lat="45.49984" lon="-72.59139">
        <ele>179.2</ele>
      </trkpt>
      <trkpt lat="45.50004" lon="-72.59101">
        <ele>179.3</ele>
      </trkpt>
      <trkpt lat="45.50024" lon="-72.59058">
        <ele>178.7</ele>
      </trkpt>
      <trkpt lat="45.50042" lon="-72.59013">
        <ele>177</ele>
      </trkpt>
      <trkpt lat="45.50059" lon="-72.58966">
        <ele>175.6</ele>
      </trkpt>
      <trkpt lat="45.50092" lon="-72.58877">
        <ele>171.9</ele>
      </trkpt>
      <trkpt lat="45.50125" lon="-72.58789">
        <ele>167.7</ele>
      </trkpt>
      <trkpt lat="45.50158" lon="-72.58701">
        <ele>164.8</ele>
      </trkpt>
      <trkpt lat="45.50194" lon="-72.58603">
        <ele>162.1</ele>
      </trkpt>
      <trkpt lat="45.5023" lon="-72.58506">
        <ele>154.1</ele>
      </trkpt>
      <trkpt lat="45.50266" lon="-72.58409">
        <ele>151.9</ele>
      </trkpt>
      <trkpt lat="45.50302" lon="-72.58312">
        <ele>151.6</ele>
      </trkpt>
      <trkpt lat="45.50338" lon="-72.58214">
        <ele>151.9</ele>
      </trkpt>
      <trkpt lat="45.5038" lon="-72.58108">
        <ele>152.8</ele>
      </trkpt>
      <trkpt lat="45.50411" lon="-72.58043">
        <ele>154.3</ele>
      </trkpt>
      <trkpt lat="45.50452" lon="-72.57973">
        <ele>155.9</ele>
      </trkpt>
      <trkpt lat="45.50487" lon="-72.57923">
        <ele>156.8</ele>
      </trkpt>
      <trkpt lat="45.50526" lon="-72.57877">
        <ele>157.4</ele>
      </trkpt>
      <trkpt lat="45.50568" lon="-72.57833">
        <ele>158.1</ele>
      </trkpt>
      <trkpt lat="45.5062" lon="-72.5779">
        <ele>158.7</ele>
      </trkpt>
      <trkpt lat="45.5066" lon="-72.57761">
        <ele>158.8</ele>
      </trkpt>
      <trkpt lat="45.5066" lon="-72.57761">
        <ele>158.8</ele>
      </trkpt>
      <trkpt lat="45.5066" lon="-72.57761">
        <ele>158.8</ele>
      </trkpt>
      <trkpt lat="45.50706" lon="-72.57735">
        <ele>158.5</ele>
      </trkpt>
      <trkpt lat="45.50743" lon="-72.57719">
        <ele>158.3</ele>
      </trkpt>
      <trkpt lat="45.50791" lon="-72.57702">
        <ele>158</ele>
      </trkpt>
      <trkpt lat="45.50838" lon="-72.5769">
        <ele>157.6</ele>
      </trkpt>
      <trkpt lat="45.50893" lon="-72.57683">
        <ele>157</ele>
      </trkpt>
      <trkpt lat="45.50946" lon="-72.57679">
        <ele>156</ele>
      </trkpt>
      <trkpt lat="45.50999" lon="-72.57674">
        <ele>154.9</ele>
      </trkpt>
      <trkpt lat="45.51033" lon="-72.57667">
        <ele>154.4</ele>
      </trkpt>
      <trkpt lat="45.51078" lon="-72.57652">
        <ele>154</ele>
      </trkpt>
      <trkpt lat="45.51105" lon="-72.57637">
        <ele>153.9</ele>
      </trkpt>
      <trkpt lat="45.51137" lon="-72.57615">
        <ele>153.8</ele>
      </trkpt>
      <trkpt lat="45.51166" lon="-72.57592">
        <ele>153.6</ele>
      </trkpt>
      <trkpt lat="45.51183" lon="-72.57576">
        <ele>153.4</ele>
      </trkpt>
      <trkpt lat="45.51211" lon="-72.57546">
        <ele>153</ele>
      </trkpt>
      <trkpt lat="45.51275" lon="-72.57476">
        <ele>153</ele>
      </trkpt>
      <trkpt lat="45.51339" lon="-72.57406">
        <ele>152.8</ele>
      </trkpt>
      <trkpt lat="45.51403" lon="-72.57335">
        <ele>152.9</ele>
      </trkpt>
      <trkpt lat="45.51467" lon="-72.57265">
        <ele>153.3</ele>
      </trkpt>
      <trkpt lat="45.51492" lon="-72.57229">
        <ele>153.5</ele>
      </trkpt>
      <trkpt lat="45.51518" lon="-72.57186">
        <ele>153.5</ele>
      </trkpt>
      <trkpt lat="45.51557" lon="-72.57106">
        <ele>154.8</ele>
      </trkpt>
      <trkpt lat="45.51596" lon="-72.57027">
        <ele>155.4</ele>
      </trkpt>
      <trkpt lat="45.51635" lon="-72.56948">
        <ele>155.1</ele>
      </trkpt>
      <trkpt lat="45.51666" lon="-72.56889">
        <ele>155.2</ele>
      </trkpt>
      <trkpt lat="45.51709" lon="-72.56819">
        <ele>156.8</ele>
      </trkpt>
      <trkpt lat="45.51743" lon="-72.56773">
        <ele>159.7</ele>
      </trkpt>
      <trkpt lat="45.51811" lon="-72.56691">
        <ele>163.8</ele>
      </trkpt>
      <trkpt lat="45.5184" lon="-72.56663">
        <ele>166.2</ele>
      </trkpt>
      <trkpt lat="45.51905" lon="-72.56605">
        <ele>168.6</ele>
      </trkpt>
      <trkpt lat="45.5197" lon="-72.56548">
        <ele>171.5</ele>
      </trkpt>
      <trkpt lat="45.52035" lon="-72.56491">
        <ele>173.1</ele>
      </trkpt>
      <trkpt lat="45.521" lon="-72.56434">
        <ele>167.7</ele>
      </trkpt>
      <trkpt lat="45.52164" lon="-72.56376">
        <ele>163.8</ele>
      </trkpt>
      <trkpt lat="45.52229" lon="-72.56319">
        <ele>158</ele>
      </trkpt>
      <trkpt lat="45.52274" lon="-72.56279">
        <ele>157.2</ele>
      </trkpt>
      <trkpt lat="45.52319" lon="-72.56239">
        <ele>154.6</ele>
      </trkpt>
      <trkpt lat="45.52363" lon="-72.56197">
        <ele>153</ele>
      </trkpt>
      <trkpt lat="45.52404" lon="-72.56154">
        <ele>151.7</ele>
      </trkpt>
      <trkpt lat="45.52447" lon="-72.56107">
        <ele>149.9</ele>
      </trkpt>
      <trkpt lat="45.52475" lon="-72.56078">
        <ele>149.1</ele>
      </trkpt>
      <trkpt lat="45.52511" lon="-72.56034">
        <ele>148.8</ele>
      </trkpt>
      <trkpt lat="45.52544" lon="-72.5599">
        <ele>148.2</ele>
      </trkpt>
      <trkpt lat="45.52599" lon="-72.55913">
        <ele>147.3</ele>
      </trkpt>
      <trkpt lat="45.52638" lon="-72.55853">
        <ele>146.4</ele>
      </trkpt>
      <trkpt lat="45.52665" lon="-72.55808">
        <ele>145.9</ele>
      </trkpt>
      <trkpt lat="45.5272" lon="-72.55712">
        <ele>145.2</ele>
      </trkpt>
      <trkpt lat="45.52775" lon="-72.55617">
        <ele>143.8</ele>
      </trkpt>
      <trkpt lat="45.52829" lon="-72.55521">
        <ele>142.1</ele>
      </trkpt>
      <trkpt lat="45.52884" lon="-72.55425">
        <ele>141.1</ele>
      </trkpt>
      <trkpt lat="45.52939" lon="-72.5533">
        <ele>140.5</ele>
      </trkpt>
      <trkpt lat="45.52993" lon="-72.55234">
        <ele>139.9</ele>
      </trkpt>
      <trkpt lat="45.53048" lon="-72.55138">
        <ele>139.8</ele>
      </trkpt>
      <trkpt lat="45.53103" lon="-72.55043">
        <ele>140.1</ele>
      </trkpt>
      <trkpt lat="45.53157" lon="-72.54947">
        <ele>140.8</ele>
      </trkpt>
      <trkpt lat="45.53212" lon="-72.54851">
        <ele>141.5</ele>
      </trkpt>
      <trkpt lat="45.53212" lon="-72.54851">
        <ele>141.5</ele>
      </trkpt>
      <trkpt lat="45.53246" lon="-72.54792">
        <ele>141.2</ele>
      </trkpt>
      <trkpt lat="45.53279" lon="-72.54733">
        <ele>141.3</ele>
      </trkpt>
      <trkpt lat="45.533" lon="-72.547">
        <ele>141.6</ele>
      </trkpt>
      <trkpt lat="45.53332" lon="-72.54661">
        <ele>141.7</ele>
      </trkpt>
      <trkpt lat="45.53357" lon="-72.54637">
        <ele>141.8</ele>
      </trkpt>
      <trkpt lat="45.53378" lon="-72.5462">
        <ele>141.8</ele>
      </trkpt>
      <trkpt lat="45.53406" lon="-72.54602">
        <ele>142</ele>
      </trkpt>
      <trkpt lat="45.53436" lon="-72.54587">
        <ele>142.2</ele>
      </trkpt>
      <trkpt lat="45.53514" lon="-72.5456">
        <ele>143.3</ele>
      </trkpt>
      <trkpt lat="45.53592" lon="-72.54533">
        <ele>144.4</ele>
      </trkpt>
      <trkpt lat="45.53658" lon="-72.54508">
        <ele>144.7</ele>
      </trkpt>
      <trkpt lat="45.53682" lon="-72.54495">
        <ele>144.7</ele>
      </trkpt>
      <trkpt lat="45.53717" lon="-72.54473">
        <ele>144.8</ele>
      </trkpt>
      <trkpt lat="45.53757" lon="-72.54441">
        <ele>144.9</ele>
      </trkpt>
      <trkpt lat="45.53789" lon="-72.5441">
        <ele>144.9</ele>
      </trkpt>
      <trkpt lat="45.53835" lon="-72.54353">
        <ele>144.8</ele>
      </trkpt>
      <trkpt lat="45.53898" lon="-72.54264">
        <ele>144</ele>
      </trkpt>
      <trkpt lat="45.5396" lon="-72.54176">
        <ele>143.5</ele>
      </trkpt>
      <trkpt lat="45.54023" lon="-72.54087">
        <ele>143.2</ele>
      </trkpt>
      <trkpt lat="45.54085" lon="-72.53998">
        <ele>142.9</ele>
      </trkpt>
      <trkpt lat="45.54148" lon="-72.53909">
        <ele>142.5</ele>
      </trkpt>
      <trkpt lat="45.54192" lon="-72.53845">
        <ele>142.3</ele>
      </trkpt>
      <trkpt lat="45.54236" lon="-72.53781">
        <ele>142.1</ele>
      </trkpt>
      <trkpt lat="45.5428" lon="-72.53716">
        <ele>142.1</ele>
      </trkpt>
      <trkpt lat="45.54321" lon="-72.53662">
        <ele>141.8</ele>
      </trkpt>
      <trkpt lat="45.54362" lon="-72.53607">
        <ele>141.5</ele>
      </trkpt>
      <trkpt lat="45.54412" lon="-72.53549">
        <ele>141.4</ele>
      </trkpt>
      <trkpt lat="45.54462" lon="-72.5349">
        <ele>140.6</ele>
      </trkpt>
      <trkpt lat="45.54478" lon="-72.53473">
        <ele>140.4</ele>
      </trkpt>
      <trkpt lat="45.54514" lon="-72.53436">
        <ele>140.1</ele>
      </trkpt>
      <trkpt lat="45.54583" lon="-72.53372">
        <ele>139.2</ele>
      </trkpt>
      <trkpt lat="45.54628" lon="-72.53335">
        <ele>138.2</ele>
      </trkpt>
      <trkpt lat="45.54673" lon="-72.53298">
        <ele>137.3</ele>
      </trkpt>
      <trkpt lat="45.54747" lon="-72.53249">
        <ele>136.8</ele>
      </trkpt>
      <trkpt lat="45.54828" lon="-72.53199">
        <ele>136.1</ele>
      </trkpt>
      <trkpt lat="45.54908" lon="-72.53158">
        <ele>134.8</ele>
      </trkpt>
      <trkpt lat="45.54975" lon="-72.53127">
        <ele>134</ele>
      </trkpt>
      <trkpt lat="45.55049" lon="-72.531">
        <ele>132.5</ele>
      </trkpt>
      <trkpt lat="45.5513" lon="-72.53076">
        <ele>131.7</ele>
      </trkpt>
      <trkpt lat="45.5519" lon="-72.53063">
        <ele>131.3</ele>
      </trkpt>
      <trkpt lat="45.55249" lon="-72.5305">
        <ele>130.4</ele>
      </trkpt>
      <trkpt lat="45.55334" lon="-72.53042">
        <ele>129.2</ele>
      </trkpt>
      <trkpt lat="45.55415" lon="-72.5304">
        <ele>127.9</ele>
      </trkpt>
      <trkpt lat="45.55497" lon="-72.53038">
        <ele>127.2</ele>
      </trkpt>
      <trkpt lat="45.55578" lon="-72.53036">
        <ele>125.9</ele>
      </trkpt>
      <trkpt lat="45.5566" lon="-72.53033">
        <ele>124.2</ele>
      </trkpt>
      <trkpt lat="45.55709" lon="-72.53029">
        <ele>123.5</ele>
      </trkpt>
      <trkpt lat="45.55759" lon="-72.53025">
        <ele>123</ele>
      </trkpt>
      <trkpt lat="45.55823" lon="-72.53012">
        <ele>122.7</ele>
      </trkpt>
      <trkpt lat="45.55895" lon="-72.52982">
        <ele>122</ele>
      </trkpt>
      <trkpt lat="45.55954" lon="-72.52948">
        <ele>121.6</ele>
      </trkpt>
      <trkpt lat="45.56023" lon="-72.52896">
        <ele>120.9</ele>
      </trkpt>
      <trkpt lat="45.56082" lon="-72.52836">
        <ele>120.9</ele>
      </trkpt>
      <trkpt lat="45.56133" lon="-72.5278">
        <ele>120.9</ele>
      </trkpt>
      <trkpt lat="45.56183" lon="-72.52723">
        <ele>120.9</ele>
      </trkpt>
      <trkpt lat="45.56234" lon="-72.52667">
        <ele>120.9</ele>
      </trkpt>
      <trkpt lat="45.56258" lon="-72.52644">
        <ele>120.9</ele>
      </trkpt>
      <trkpt lat="45.56292" lon="-72.52619">
        <ele>120.9</ele>
      </trkpt>
      <trkpt lat="45.56338" lon="-72.52589">
        <ele>120.9</ele>
      </trkpt>
      <trkpt lat="45.56375" lon="-72.52568">
        <ele>120.9</ele>
      </trkpt>
      <trkpt lat="45.56419" lon="-72.52554">
        <ele>120.8</ele>
      </trkpt>
      <trkpt lat="45.56477" lon="-72.52543">
        <ele>119.5</ele>
      </trkpt>
      <trkpt lat="45.56534" lon="-72.52531">
        <ele>114.8</ele>
      </trkpt>
      <trkpt lat="45.56548" lon="-72.52527">
        <ele>113.3</ele>
      </trkpt>
      <trkpt lat="45.56574" lon="-72.52515">
        <ele>110.5</ele>
      </trkpt>
      <trkpt lat="45.5661" lon="-72.525">
        <ele>107.1</ele>
      </trkpt>
      <trkpt lat="45.56637" lon="-72.52486">
        <ele>104.9</ele>
      </trkpt>
      <trkpt lat="45.5671" lon="-72.52439">
        <ele>100.1</ele>
      </trkpt>
      <trkpt lat="45.56784" lon="-72.52392">
        <ele>99.5</ele>
      </trkpt>
      <trkpt lat="45.56795" lon="-72.52386">
        <ele>99.8</ele>
      </trkpt>
      <trkpt lat="45.56851" lon="-72.52437">
        <ele>98.9</ele>
      </trkpt>
      <trkpt lat="45.56898" lon="-72.52491">
        <ele>98.8</ele>
      </trkpt>
      <trkpt lat="45.56945" lon="-72.52546">
        <ele>98.8</ele>
      </trkpt>
      <trkpt lat="45.56992" lon="-72.526">
        <ele>98.9</ele>
      </trkpt>
      <trkpt lat="45.57039" lon="-72.52654">
        <ele>99.1</ele>
      </trkpt>
      <trkpt lat="45.57053" lon="-72.52635">
        <ele>99.2</ele>
      </trkpt>
      <trkpt lat="45.57053" lon="-72.52635">
        <ele>99.2</ele>
      </trkpt>
      <trkpt lat="45.57061" lon="-72.52623">
        <ele>99.3</ele>
      </trkpt>
      <trkpt lat="45.57105" lon="-72.5256">
        <ele>99.7</ele>
      </trkpt>
      <trkpt lat="45.57149" lon="-72.52497">
        <ele>100.1</ele>
      </trkpt>
      <trkpt lat="45.5718" lon="-72.5245">
        <ele>100.5</ele>
      </trkpt>
      <trkpt lat="45.57211" lon="-72.52404">
        <ele>101.2</ele>
      </trkpt>
      <trkpt lat="45.57195" lon="-72.52381">
        <ele>101.7</ele>
      </trkpt>
      <trkpt lat="45.57195" lon="-72.52381">
        <ele>101.7</ele>
      </trkpt>
      <trkpt lat="45.57181" lon="-72.52362">
        <ele>102.2</ele>
      </trkpt>
      <trkpt lat="45.57168" lon="-72.5234">
        <ele>102.7</ele>
      </trkpt>
      <trkpt lat="45.57134" lon="-72.52263">
        <ele>103.8</ele>
      </trkpt>
      <trkpt lat="45.571" lon="-72.52187">
        <ele>105.4</ele>
      </trkpt>
      <trkpt lat="45.57076" lon="-72.52157">
        <ele>105.9</ele>
      </trkpt>
      <trkpt lat="45.57057" lon="-72.5214">
        <ele>106</ele>
      </trkpt>
      <trkpt lat="45.57021" lon="-72.52124">
        <ele>106.1</ele>
      </trkpt>
      <trkpt lat="45.56941" lon="-72.52102">
        <ele>106.5</ele>
      </trkpt>
      <trkpt lat="45.56861" lon="-72.52081">
        <ele>107</ele>
      </trkpt>
      <trkpt lat="45.56796" lon="-72.52061">
        <ele>107.8</ele>
      </trkpt>
      <trkpt lat="45.56731" lon="-72.52042">
        <ele>108.4</ele>
      </trkpt>
      <trkpt lat="45.56704" lon="-72.5203">
        <ele>108.5</ele>
      </trkpt>
      <trkpt lat="45.56679" lon="-72.52012">
        <ele>108.8</ele>
      </trkpt>
      <trkpt lat="45.56664" lon="-72.51998">
        <ele>109</ele>
      </trkpt>
      <trkpt lat="45.56648" lon="-72.51975">
        <ele>109.3</ele>
      </trkpt>
      <trkpt lat="45.56609" lon="-72.51902">
        <ele>110.2</ele>
      </trkpt>
      <trkpt lat="45.56572" lon="-72.51831">
        <ele>111</ele>
      </trkpt>
      <trkpt lat="45.56537" lon="-72.51759">
        <ele>111.8</ele>
      </trkpt>
      <trkpt lat="45.56495" lon="-72.51671">
        <ele>112</ele>
      </trkpt>
      <trkpt lat="45.56495" lon="-72.51671">
        <ele>112</ele>
      </trkpt>
      <trkpt lat="45.5649" lon="-72.51659">
        <ele>112.1</ele>
      </trkpt>
      <trkpt lat="45.5655" lon="-72.51648">
        <ele>112.8</ele>
      </trkpt>
      <trkpt lat="45.56548" lon="-72.51526">
        <ele>113.8</ele>
      </trkpt>
      <trkpt lat="45.56546" lon="-72.51404">
        <ele>115.1</ele>
      </trkpt>
      <trkpt lat="45.56544" lon="-72.51282">
        <ele>116.2</ele>
      </trkpt>
      <trkpt lat="45.56542" lon="-72.5116">
        <ele>117.4</ele>
      </trkpt>
      <trkpt lat="45.5654" lon="-72.51038">
        <ele>118.5</ele>
      </trkpt>
      <trkpt lat="45.56539" lon="-72.50923">
        <ele>118.9</ele>
      </trkpt>
      <trkpt lat="45.56537" lon="-72.50807">
        <ele>119.8</ele>
      </trkpt>
      <trkpt lat="45.56536" lon="-72.50692">
        <ele>120.6</ele>
      </trkpt>
      <trkpt lat="45.56534" lon="-72.50577">
        <ele>120.9</ele>
      </trkpt>
      <trkpt lat="45.56532" lon="-72.50461">
        <ele>120.9</ele>
      </trkpt>
      <trkpt lat="45.56531" lon="-72.50346">
        <ele>120.9</ele>
      </trkpt>
      <trkpt lat="45.56529" lon="-72.50231">
        <ele>120.9</ele>
      </trkpt>
      <trkpt lat="45.56528" lon="-72.50115">
        <ele>120.9</ele>
      </trkpt>
      <trkpt lat="45.56526" lon="-72.5">
        <ele>119.9</ele>
      </trkpt>
      <trkpt lat="45.56526" lon="-72.49933">
        <ele>119.5</ele>
      </trkpt>
      <trkpt lat="45.56526" lon="-72.49867">
        <ele>119.5</ele>
      </trkpt>
      <trkpt lat="45.56526" lon="-72.49867">
        <ele>119.5</ele>
      </trkpt>
      <trkpt lat="45.56526" lon="-72.49739">
        <ele>118.9</ele>
      </trkpt>
      <trkpt lat="45.56526" lon="-72.49611">
        <ele>118.9</ele>
      </trkpt>
      <trkpt lat="45.56526" lon="-72.49483">
        <ele>118.4</ele>
      </trkpt>
      <trkpt lat="45.56526" lon="-72.49356">
        <ele>118.5</ele>
      </trkpt>
      <trkpt lat="45.56526" lon="-72.49228">
        <ele>118.5</ele>
      </trkpt>
      <trkpt lat="45.56526" lon="-72.491">
        <ele>118.5</ele>
      </trkpt>
      <trkpt lat="45.56526" lon="-72.48972">
        <ele>118.5</ele>
      </trkpt>
      <trkpt lat="45.56526" lon="-72.48844">
        <ele>118.5</ele>
      </trkpt>
      <trkpt lat="45.56526" lon="-72.48716">
        <ele>119.2</ele>
      </trkpt>
      <trkpt lat="45.56525" lon="-72.48588">
        <ele>119.5</ele>
      </trkpt>
      <trkpt lat="45.56525" lon="-72.48461">
        <ele>119.7</ele>
      </trkpt>
      <trkpt lat="45.56525" lon="-72.48333">
        <ele>120.5</ele>
      </trkpt>
      <trkpt lat="45.56525" lon="-72.48205">
        <ele>120.7</ele>
      </trkpt>
      <trkpt lat="45.56525" lon="-72.48077">
        <ele>120.9</ele>
      </trkpt>
      <trkpt lat="45.56525" lon="-72.47949">
        <ele>120.9</ele>
      </trkpt>
      <trkpt lat="45.56525" lon="-72.47821">
        <ele>120.9</ele>
      </trkpt>
      <trkpt lat="45.56525" lon="-72.47694">
        <ele>120.9</ele>
      </trkpt>
      <trkpt lat="45.56525" lon="-72.47566">
        <ele>126.8</ele>
      </trkpt>
      <trkpt lat="45.56525" lon="-72.47438">
        <ele>129</ele>
      </trkpt>
      <trkpt lat="45.56525" lon="-72.4731">
        <ele>130.1</ele>
      </trkpt>
      <trkpt lat="45.56525" lon="-72.47182">
        <ele>131</ele>
      </trkpt>
      <trkpt lat="45.56525" lon="-72.47054">
        <ele>131.7</ele>
      </trkpt>
      <trkpt lat="45.56525" lon="-72.46926">
        <ele>133</ele>
      </trkpt>
      <trkpt lat="45.56525" lon="-72.46799">
        <ele>133.6</ele>
      </trkpt>
      <trkpt lat="45.56524" lon="-72.46671">
        <ele>134.3</ele>
      </trkpt>
      <trkpt lat="45.56524" lon="-72.46543">
        <ele>135.2</ele>
      </trkpt>
      <trkpt lat="45.56524" lon="-72.46415">
        <ele>136.2</ele>
      </trkpt>
      <trkpt lat="45.56524" lon="-72.46287">
        <ele>138.6</ele>
      </trkpt>
      <trkpt lat="45.56524" lon="-72.46159">
        <ele>140.4</ele>
      </trkpt>
      <trkpt lat="45.56524" lon="-72.46031">
        <ele>141.2</ele>
      </trkpt>
      <trkpt lat="45.56524" lon="-72.45904">
        <ele>142.3</ele>
      </trkpt>
      <trkpt lat="45.56524" lon="-72.45776">
        <ele>143</ele>
      </trkpt>
      <trkpt lat="45.56524" lon="-72.45648">
        <ele>143.4</ele>
      </trkpt>
      <trkpt lat="45.56524" lon="-72.4552">
        <ele>144.2</ele>
      </trkpt>
      <trkpt lat="45.56524" lon="-72.45392">
        <ele>144.7</ele>
      </trkpt>
      <trkpt lat="45.56524" lon="-72.45264">
        <ele>145.5</ele>
      </trkpt>
      <trkpt lat="45.56524" lon="-72.45136">
        <ele>146.4</ele>
      </trkpt>
      <trkpt lat="45.56524" lon="-72.45009">
        <ele>146.6</ele>
      </trkpt>
      <trkpt lat="45.56524" lon="-72.45009">
        <ele>146.6</ele>
      </trkpt>
      <trkpt lat="45.56524" lon="-72.44884">
        <ele>147.5</ele>
      </trkpt>
      <trkpt lat="45.56523" lon="-72.44759">
        <ele>148.4</ele>
      </trkpt>
      <trkpt lat="45.56523" lon="-72.44634">
        <ele>148.6</ele>
      </trkpt>
      <trkpt lat="45.56523" lon="-72.44509">
        <ele>149.5</ele>
      </trkpt>
      <trkpt lat="45.56523" lon="-72.44384">
        <ele>150.2</ele>
      </trkpt>
      <trkpt lat="45.56534" lon="-72.44304">
        <ele>150.6</ele>
      </trkpt>
      <trkpt lat="45.56545" lon="-72.44224">
        <ele>150.8</ele>
      </trkpt>
      <trkpt lat="45.56545" lon="-72.44099">
        <ele>151.7</ele>
      </trkpt>
      <trkpt lat="45.56545" lon="-72.43975">
        <ele>151.9</ele>
      </trkpt>
      <trkpt lat="45.56545" lon="-72.4385">
        <ele>151.9</ele>
      </trkpt>
      <trkpt lat="45.56545" lon="-72.43726">
        <ele>151.9</ele>
      </trkpt>
      <trkpt lat="45.56545" lon="-72.43601">
        <ele>151.9</ele>
      </trkpt>
      <trkpt lat="45.56545" lon="-72.43477">
        <ele>151.9</ele>
      </trkpt>
      <trkpt lat="45.56545" lon="-72.43352">
        <ele>155.3</ele>
      </trkpt>
      <trkpt lat="45.56482" lon="-72.43356">
        <ele>155.7</ele>
      </trkpt>
      <trkpt lat="45.56419" lon="-72.4336">
        <ele>156.1</ele>
      </trkpt>
      <trkpt lat="45.56342" lon="-72.43365">
        <ele>158.2</ele>
      </trkpt>
      <trkpt lat="45.56265" lon="-72.4337">
        <ele>159.5</ele>
      </trkpt>
      <trkpt lat="45.56176" lon="-72.43376">
        <ele>160.6</ele>
      </trkpt>
      <trkpt lat="45.56088" lon="-72.43382">
        <ele>163</ele>
      </trkpt>
      <trkpt lat="45.55999" lon="-72.43389">
        <ele>166.1</ele>
      </trkpt>
      <trkpt lat="45.5591" lon="-72.43395">
        <ele>169.3</ele>
      </trkpt>
      <trkpt lat="45.55822" lon="-72.43401">
        <ele>172</ele>
      </trkpt>
      <trkpt lat="45.55733" lon="-72.43407">
        <ele>174.3</ele>
      </trkpt>
      <trkpt lat="45.55645" lon="-72.43413">
        <ele>176.6</ele>
      </trkpt>
      <trkpt lat="45.55556" lon="-72.4342">
        <ele>179.6</ele>
      </trkpt>
      <trkpt lat="45.55467" lon="-72.43426">
        <ele>181.3</ele>
      </trkpt>
      <trkpt lat="45.55379" lon="-72.43432">
        <ele>181.8</ele>
      </trkpt>
      <trkpt lat="45.5529" lon="-72.43438">
        <ele>182.3</ele>
      </trkpt>
      <trkpt lat="45.55202" lon="-72.43444">
        <ele>183.2</ele>
      </trkpt>
      <trkpt lat="45.5512" lon="-72.4345">
        <ele>184.2</ele>
      </trkpt>
      <trkpt lat="45.55038" lon="-72.43456">
        <ele>185.7</ele>
      </trkpt>
      <trkpt lat="45.54957" lon="-72.43462">
        <ele>186.8</ele>
      </trkpt>
      <trkpt lat="45.54875" lon="-72.43468">
        <ele>187.9</ele>
      </trkpt>
      <trkpt lat="45.54793" lon="-72.43472">
        <ele>189.3</ele>
      </trkpt>
      <trkpt lat="45.5471" lon="-72.43477">
        <ele>189.9</ele>
      </trkpt>
      <trkpt lat="45.54628" lon="-72.43481">
        <ele>189.9</ele>
      </trkpt>
      <trkpt lat="45.54545" lon="-72.43486">
        <ele>189.9</ele>
      </trkpt>
      <trkpt lat="45.54463" lon="-72.4349">
        <ele>189.9</ele>
      </trkpt>
      <trkpt lat="45.54381" lon="-72.43495">
        <ele>189.9</ele>
      </trkpt>
      <trkpt lat="45.54298" lon="-72.43499">
        <ele>189.9</ele>
      </trkpt>
      <trkpt lat="45.54216" lon="-72.43504">
        <ele>189.9</ele>
      </trkpt>
      <trkpt lat="45.54133" lon="-72.43508">
        <ele>189.9</ele>
      </trkpt>
      <trkpt lat="45.54051" lon="-72.43513">
        <ele>189.9</ele>
      </trkpt>
      <trkpt lat="45.53968" lon="-72.43517">
        <ele>189.9</ele>
      </trkpt>
      <trkpt lat="45.53886" lon="-72.43523">
        <ele>189.9</ele>
      </trkpt>
      <trkpt lat="45.53803" lon="-72.4353">
        <ele>189.9</ele>
      </trkpt>
      <trkpt lat="45.53721" lon="-72.43536">
        <ele>189.9</ele>
      </trkpt>
      <trkpt lat="45.53639" lon="-72.43542">
        <ele>189.9</ele>
      </trkpt>
      <trkpt lat="45.53556" lon="-72.43549">
        <ele>189.9</ele>
      </trkpt>
      <trkpt lat="45.53474" lon="-72.43555">
        <ele>189.9</ele>
      </trkpt>
      <trkpt lat="45.53391" lon="-72.43561">
        <ele>189.9</ele>
      </trkpt>
      <trkpt lat="45.53308" lon="-72.43566">
        <ele>189.9</ele>
      </trkpt>
      <trkpt lat="45.53224" lon="-72.4357">
        <ele>189.9</ele>
      </trkpt>
      <trkpt lat="45.53141" lon="-72.43574">
        <ele>189.7</ele>
      </trkpt>
      <trkpt lat="45.53057" lon="-72.43579">
        <ele>188.7</ele>
      </trkpt>
      <trkpt lat="45.53056" lon="-72.43563">
        <ele>188.8</ele>
      </trkpt>
      <trkpt lat="45.53056" lon="-72.43563">
        <ele>188.8</ele>
      </trkpt>
      <trkpt lat="45.53048" lon="-72.43447">
        <ele>189.4</ele>
      </trkpt>
      <trkpt lat="45.5304" lon="-72.4333">
        <ele>189.4</ele>
      </trkpt>
      <trkpt lat="45.53032" lon="-72.43214">
        <ele>189.6</ele>
      </trkpt>
      <trkpt lat="45.53024" lon="-72.43098">
        <ele>189.9</ele>
      </trkpt>
      <trkpt lat="45.53015" lon="-72.43056">
        <ele>189.9</ele>
      </trkpt>
      <trkpt lat="45.53002" lon="-72.43035">
        <ele>189.9</ele>
      </trkpt>
      <trkpt lat="45.52933" lon="-72.4297">
        <ele>189.5</ele>
      </trkpt>
      <trkpt lat="45.52864" lon="-72.42906">
        <ele>189.3</ele>
      </trkpt>
      <trkpt lat="45.52795" lon="-72.42842">
        <ele>188.9</ele>
      </trkpt>
      <trkpt lat="45.52727" lon="-72.42778">
        <ele>188.8</ele>
      </trkpt>
      <trkpt lat="45.52658" lon="-72.42713">
        <ele>189.3</ele>
      </trkpt>
      <trkpt lat="45.52603" lon="-72.42689">
        <ele>189</ele>
      </trkpt>
      <trkpt lat="45.52548" lon="-72.42665">
        <ele>188.6</ele>
      </trkpt>
      <trkpt lat="45.52495" lon="-72.42645">
        <ele>188.5</ele>
      </trkpt>
      <trkpt lat="45.52442" lon="-72.42626">
        <ele>188.3</ele>
      </trkpt>
      <trkpt lat="45.52384" lon="-72.42584">
        <ele>187.6</ele>
      </trkpt>
      <trkpt lat="45.52349" lon="-72.42539">
        <ele>187.7</ele>
      </trkpt>
      <trkpt lat="45.5233" lon="-72.42503">
        <ele>187.8</ele>
      </trkpt>
      <trkpt lat="45.52303" lon="-72.42436">
        <ele>188.3</ele>
      </trkpt>
      <trkpt lat="45.52275" lon="-72.42369">
        <ele>188.5</ele>
      </trkpt>
      <trkpt lat="45.5225" lon="-72.42329">
        <ele>188.2</ele>
      </trkpt>
      <trkpt lat="45.52184" lon="-72.42262">
        <ele>188.7</ele>
      </trkpt>
      <trkpt lat="45.52117" lon="-72.42194">
        <ele>188.3</ele>
      </trkpt>
      <trkpt lat="45.52051" lon="-72.42127">
        <ele>188.2</ele>
      </trkpt>
      <trkpt lat="45.51984" lon="-72.4206">
        <ele>188.1</ele>
      </trkpt>
      <trkpt lat="45.51918" lon="-72.41993">
        <ele>188.2</ele>
      </trkpt>
      <trkpt lat="45.51852" lon="-72.41926">
        <ele>188.1</ele>
      </trkpt>
      <trkpt lat="45.51785" lon="-72.41859">
        <ele>187.8</ele>
      </trkpt>
      <trkpt lat="45.51719" lon="-72.41792">
        <ele>187.9</ele>
      </trkpt>
      <trkpt lat="45.51652" lon="-72.41725">
        <ele>187.9</ele>
      </trkpt>
      <trkpt lat="45.51586" lon="-72.41657">
        <ele>187.8</ele>
      </trkpt>
      <trkpt lat="45.51515" lon="-72.4159">
        <ele>187.9</ele>
      </trkpt>
      <trkpt lat="45.51444" lon="-72.41523">
        <ele>188.6</ele>
      </trkpt>
      <trkpt lat="45.51373" lon="-72.41456">
        <ele>188.8</ele>
      </trkpt>
      <trkpt lat="45.51302" lon="-72.41388">
        <ele>189.5</ele>
      </trkpt>
      <trkpt lat="45.51231" lon="-72.41321">
        <ele>189.9</ele>
      </trkpt>
      <trkpt lat="45.5116" lon="-72.41254">
        <ele>189.9</ele>
      </trkpt>
      <trkpt lat="45.51088" lon="-72.41186">
        <ele>189.9</ele>
      </trkpt>
      <trkpt lat="45.51017" lon="-72.41119">
        <ele>189.9</ele>
      </trkpt>
      <trkpt lat="45.50946" lon="-72.41052">
        <ele>189.9</ele>
      </trkpt>
      <trkpt lat="45.50875" lon="-72.40985">
        <ele>189.9</ele>
      </trkpt>
      <trkpt lat="45.50804" lon="-72.40917">
        <ele>189.9</ele>
      </trkpt>
      <trkpt lat="45.50742" lon="-72.40854">
        <ele>189.9</ele>
      </trkpt>
      <trkpt lat="45.5068" lon="-72.40791">
        <ele>189.9</ele>
      </trkpt>
      <trkpt lat="45.50618" lon="-72.40728">
        <ele>189.3</ele>
      </trkpt>
      <trkpt lat="45.50555" lon="-72.40665">
        <ele>188.9</ele>
      </trkpt>
      <trkpt lat="45.50493" lon="-72.40602">
        <ele>188.8</ele>
      </trkpt>
      <trkpt lat="45.50431" lon="-72.40539">
        <ele>188.9</ele>
      </trkpt>
      <trkpt lat="45.50406" lon="-72.40509">
        <ele>188.7</ele>
      </trkpt>
      <trkpt lat="45.50377" lon="-72.40461">
        <ele>188.4</ele>
      </trkpt>
      <trkpt lat="45.50349" lon="-72.40385">
        <ele>188.5</ele>
      </trkpt>
      <trkpt lat="45.50337" lon="-72.40328">
        <ele>188.7</ele>
      </trkpt>
      <trkpt lat="45.5032" lon="-72.40224">
        <ele>187.9</ele>
      </trkpt>
      <trkpt lat="45.50303" lon="-72.4012">
        <ele>187.9</ele>
      </trkpt>
      <trkpt lat="45.50287" lon="-72.40016">
        <ele>187.8</ele>
      </trkpt>
      <trkpt lat="45.5027" lon="-72.39911">
        <ele>187.8</ele>
      </trkpt>
      <trkpt lat="45.50239" lon="-72.39823">
        <ele>188.4</ele>
      </trkpt>
      <trkpt lat="45.50216" lon="-72.39772">
        <ele>188.8</ele>
      </trkpt>
      <trkpt lat="45.50199" lon="-72.39719">
        <ele>189.3</ele>
      </trkpt>
      <trkpt lat="45.50192" lon="-72.39674">
        <ele>190.1</ele>
      </trkpt>
      <trkpt lat="45.50192" lon="-72.39674">
        <ele>190.1</ele>
      </trkpt>
      <trkpt lat="45.50173" lon="-72.39678">
        <ele>190.4</ele>
      </trkpt>
      <trkpt lat="45.50155" lon="-72.39694">
        <ele>190.4</ele>
      </trkpt>
      <trkpt lat="45.50121" lon="-72.39763">
        <ele>189.2</ele>
      </trkpt>
      <trkpt lat="45.50108" lon="-72.39809">
        <ele>188.7</ele>
      </trkpt>
      <trkpt lat="45.50099" lon="-72.3993">
        <ele>187.7</ele>
      </trkpt>
      <trkpt lat="45.5009" lon="-72.40051">
        <ele>187</ele>
      </trkpt>
      <trkpt lat="45.50081" lon="-72.40172">
        <ele>186.9</ele>
      </trkpt>
      <trkpt lat="45.50074" lon="-72.40226">
        <ele>186.8</ele>
      </trkpt>
      <trkpt lat="45.50052" lon="-72.40317">
        <ele>186.5</ele>
      </trkpt>
      <trkpt lat="45.50029" lon="-72.40408">
        <ele>186.6</ele>
      </trkpt>
      <trkpt lat="45.50018" lon="-72.4045">
        <ele>186.7</ele>
      </trkpt>
      <trkpt lat="45.50006" lon="-72.40474">
        <ele>186.7</ele>
      </trkpt>
      <trkpt lat="45.49991" lon="-72.40489">
        <ele>186.5</ele>
      </trkpt>
      <trkpt lat="45.49964" lon="-72.40498">
        <ele>186</ele>
      </trkpt>
      <trkpt lat="45.49875" lon="-72.40497">
        <ele>184.5</ele>
      </trkpt>
      <trkpt lat="45.49785" lon="-72.40496">
        <ele>183.5</ele>
      </trkpt>
      <trkpt lat="45.49696" lon="-72.40496">
        <ele>182.4</ele>
      </trkpt>
      <trkpt lat="45.49607" lon="-72.40495">
        <ele>181.9</ele>
      </trkpt>
      <trkpt lat="45.49543" lon="-72.405">
        <ele>181.8</ele>
      </trkpt>
      <trkpt lat="45.49478" lon="-72.40505">
        <ele>182.7</ele>
      </trkpt>
      <trkpt lat="45.49414" lon="-72.4051">
        <ele>185.6</ele>
      </trkpt>
      <trkpt lat="45.49324" lon="-72.4051">
        <ele>188.9</ele>
      </trkpt>
      <trkpt lat="45.49235" lon="-72.40509">
        <ele>191.2</ele>
      </trkpt>
      <trkpt lat="45.49145" lon="-72.40509">
        <ele>194.7</ele>
      </trkpt>
      <trkpt lat="45.49055" lon="-72.40509">
        <ele>198.6</ele>
      </trkpt>
      <trkpt lat="45.48966" lon="-72.40508">
        <ele>202.3</ele>
      </trkpt>
      <trkpt lat="45.48876" lon="-72.40508">
        <ele>206.2</ele>
      </trkpt>
      <trkpt lat="45.48786" lon="-72.40507">
        <ele>209.5</ele>
      </trkpt>
      <trkpt lat="45.48697" lon="-72.40507">
        <ele>212.1</ele>
      </trkpt>
      <trkpt lat="45.48607" lon="-72.40507">
        <ele>212.9</ele>
      </trkpt>
      <trkpt lat="45.48517" lon="-72.40506">
        <ele>212.9</ele>
      </trkpt>
      <trkpt lat="45.48428" lon="-72.40506">
        <ele>212.9</ele>
      </trkpt>
      <trkpt lat="45.48338" lon="-72.40505">
        <ele>212.9</ele>
      </trkpt>
      <trkpt lat="45.48248" lon="-72.40505">
        <ele>212.9</ele>
      </trkpt>
      <trkpt lat="45.48159" lon="-72.40505">
        <ele>212.9</ele>
      </trkpt>
      <trkpt lat="45.48069" lon="-72.40504">
        <ele>212.9</ele>
      </trkpt>
      <trkpt lat="45.48057" lon="-72.40518">
        <ele>212.9</ele>
      </trkpt>
      <trkpt lat="45.48052" lon="-72.40551">
        <ele>212.9</ele>
      </trkpt>
      <trkpt lat="45.48061" lon="-72.40678">
        <ele>212.9</ele>
      </trkpt>
      <trkpt lat="45.48069" lon="-72.40805">
        <ele>212.9</ele>
      </trkpt>
      <trkpt lat="45.48078" lon="-72.40932">
        <ele>212.9</ele>
      </trkpt>
      <trkpt lat="45.48086" lon="-72.41059">
        <ele>212.9</ele>
      </trkpt>
      <trkpt lat="45.48095" lon="-72.41187">
        <ele>211.6</ele>
      </trkpt>
      <trkpt lat="45.48103" lon="-72.41314">
        <ele>209.3</ele>
      </trkpt>
      <trkpt lat="45.48112" lon="-72.41441">
        <ele>206.2</ele>
      </trkpt>
      <trkpt lat="45.4812" lon="-72.41568">
        <ele>203.4</ele>
      </trkpt>
      <trkpt lat="45.48129" lon="-72.41695">
        <ele>200.3</ele>
      </trkpt>
      <trkpt lat="45.48137" lon="-72.41822">
        <ele>197.6</ele>
      </trkpt>
      <trkpt lat="45.48146" lon="-72.41949">
        <ele>194.4</ele>
      </trkpt>
      <trkpt lat="45.48145" lon="-72.41971">
        <ele>193.9</ele>
      </trkpt>
      <trkpt lat="45.48137" lon="-72.41988">
        <ele>193.6</ele>
      </trkpt>
      <trkpt lat="45.48125" lon="-72.41997">
        <ele>193.5</ele>
      </trkpt>
      <trkpt lat="45.481" lon="-72.42">
        <ele>193.7</ele>
      </trkpt>
      <trkpt lat="45.48013" lon="-72.42001">
        <ele>194.7</ele>
      </trkpt>
      <trkpt lat="45.47926" lon="-72.42002">
        <ele>196.5</ele>
      </trkpt>
      <trkpt lat="45.47839" lon="-72.42003">
        <ele>198.5</ele>
      </trkpt>
      <trkpt lat="45.47752" lon="-72.42003">
        <ele>199.8</ele>
      </trkpt>
      <trkpt lat="45.47664" lon="-72.42004">
        <ele>200.9</ele>
      </trkpt>
      <trkpt lat="45.47577" lon="-72.42005">
        <ele>202.7</ele>
      </trkpt>
      <trkpt lat="45.4749" lon="-72.42006">
        <ele>203.8</ele>
      </trkpt>
      <trkpt lat="45.47403" lon="-72.42007">
        <ele>204.9</ele>
      </trkpt>
      <trkpt lat="45.47316" lon="-72.42008">
        <ele>205.9</ele>
      </trkpt>
      <trkpt lat="45.47229" lon="-72.42009">
        <ele>207.3</ele>
      </trkpt>
      <trkpt lat="45.47141" lon="-72.4201">
        <ele>209.1</ele>
      </trkpt>
      <trkpt lat="45.47141" lon="-72.4201">
        <ele>209.1</ele>
      </trkpt>
      <trkpt lat="45.47084" lon="-72.4201">
        <ele>209.9</ele>
      </trkpt>
      <trkpt lat="45.4709" lon="-72.4213">
        <ele>209.7</ele>
      </trkpt>
      <trkpt lat="45.47096" lon="-72.4225">
        <ele>210.2</ele>
      </trkpt>
      <trkpt lat="45.47101" lon="-72.4237">
        <ele>209.7</ele>
      </trkpt>
      <trkpt lat="45.47107" lon="-72.4249">
        <ele>207.9</ele>
      </trkpt>
      <trkpt lat="45.47112" lon="-72.42609">
        <ele>206.8</ele>
      </trkpt>
      <trkpt lat="45.47118" lon="-72.42729">
        <ele>204.9</ele>
      </trkpt>
      <trkpt lat="45.47124" lon="-72.42849">
        <ele>202.7</ele>
      </trkpt>
      <trkpt lat="45.47129" lon="-72.42969">
        <ele>200.8</ele>
      </trkpt>
      <trkpt lat="45.47135" lon="-72.43089">
        <ele>198.5</ele>
      </trkpt>
      <trkpt lat="45.47141" lon="-72.43209">
        <ele>196.9</ele>
      </trkpt>
      <trkpt lat="45.47146" lon="-72.43328">
        <ele>195.4</ele>
      </trkpt>
      <trkpt lat="45.47152" lon="-72.43448">
        <ele>194.8</ele>
      </trkpt>
      <trkpt lat="45.47157" lon="-72.43568">
        <ele>193.2</ele>
      </trkpt>
      <trkpt lat="45.47163" lon="-72.43688">
        <ele>191.9</ele>
      </trkpt>
      <trkpt lat="45.47169" lon="-72.43808">
        <ele>191.1</ele>
      </trkpt>
      <trkpt lat="45.47079" lon="-72.43811">
        <ele>193.2</ele>
      </trkpt>
      <trkpt lat="45.4699" lon="-72.43815">
        <ele>195</ele>
      </trkpt>
      <trkpt lat="45.469" lon="-72.43819">
        <ele>197.4</ele>
      </trkpt>
      <trkpt lat="45.4681" lon="-72.43822">
        <ele>199.3</ele>
      </trkpt>
      <trkpt lat="45.46721" lon="-72.43826">
        <ele>201.2</ele>
      </trkpt>
      <trkpt lat="45.46631" lon="-72.4383">
        <ele>202.3</ele>
      </trkpt>
      <trkpt lat="45.46542" lon="-72.43833">
        <ele>203.8</ele>
      </trkpt>
      <trkpt lat="45.46452" lon="-72.43837">
        <ele>205.9</ele>
      </trkpt>
      <trkpt lat="45.46363" lon="-72.4384">
        <ele>208</ele>
      </trkpt>
      <trkpt lat="45.46273" lon="-72.43844">
        <ele>210.9</ele>
      </trkpt>
      <trkpt lat="45.46184" lon="-72.43848">
        <ele>213.2</ele>
      </trkpt>
      <trkpt lat="45.46094" lon="-72.43851">
        <ele>215.1</ele>
      </trkpt>
      <trkpt lat="45.46004" lon="-72.43855">
        <ele>217.5</ele>
      </trkpt>
      <trkpt lat="45.45915" lon="-72.43859">
        <ele>219.6</ele>
      </trkpt>
      <trkpt lat="45.45825" lon="-72.43862">
        <ele>222.3</ele>
      </trkpt>
      <trkpt lat="45.45738" lon="-72.43865">
        <ele>224.8</ele>
      </trkpt>
      <trkpt lat="45.45651" lon="-72.43867">
        <ele>227.5</ele>
      </trkpt>
      <trkpt lat="45.45564" lon="-72.43869">
        <ele>229.4</ele>
      </trkpt>
      <trkpt lat="45.45476" lon="-72.43872">
        <ele>231.8</ele>
      </trkpt>
      <trkpt lat="45.45389" lon="-72.43874">
        <ele>234.7</ele>
      </trkpt>
      <trkpt lat="45.4534" lon="-72.4388">
        <ele>236</ele>
      </trkpt>
      <trkpt lat="45.4529" lon="-72.43887">
        <ele>237.2</ele>
      </trkpt>
      <trkpt lat="45.45203" lon="-72.4391">
        <ele>239.7</ele>
      </trkpt>
      <trkpt lat="45.45128" lon="-72.43937">
        <ele>241.4</ele>
      </trkpt>
      <trkpt lat="45.45065" lon="-72.43972">
        <ele>242.1</ele>
      </trkpt>
      <trkpt lat="45.45003" lon="-72.44006">
        <ele>242.5</ele>
      </trkpt>
      <trkpt lat="45.4494" lon="-72.44041">
        <ele>241.1</ele>
      </trkpt>
      <trkpt lat="45.44921" lon="-72.44052">
        <ele>240.5</ele>
      </trkpt>
      <trkpt lat="45.44921" lon="-72.44052">
        <ele>240.5</ele>
      </trkpt>
      <trkpt lat="45.44879" lon="-72.44078">
        <ele>239.5</ele>
      </trkpt>
      <trkpt lat="45.44837" lon="-72.44103">
        <ele>238.6</ele>
      </trkpt>
      <trkpt lat="45.44759" lon="-72.44135">
        <ele>238.5</ele>
      </trkpt>
      <trkpt lat="45.4471" lon="-72.44145">
        <ele>239.3</ele>
      </trkpt>
      <trkpt lat="45.44661" lon="-72.44156">
        <ele>240.3</ele>
      </trkpt>
      <trkpt lat="45.44598" lon="-72.44155">
        <ele>241.8</ele>
      </trkpt>
      <trkpt lat="45.44536" lon="-72.44154">
        <ele>243.1</ele>
      </trkpt>
      <trkpt lat="45.44473" lon="-72.44153">
        <ele>243.7</ele>
      </trkpt>
      <trkpt lat="45.44395" lon="-72.44162">
        <ele>244.2</ele>
      </trkpt>
      <trkpt lat="45.44324" lon="-72.44185">
        <ele>246.5</ele>
      </trkpt>
      <trkpt lat="45.44245" lon="-72.44228">
        <ele>249.3</ele>
      </trkpt>
      <trkpt lat="45.44192" lon="-72.44269">
        <ele>250.2</ele>
      </trkpt>
      <trkpt lat="45.44133" lon="-72.44323">
        <ele>251.6</ele>
      </trkpt>
      <trkpt lat="45.44075" lon="-72.44376">
        <ele>253.2</ele>
      </trkpt>
      <trkpt lat="45.44102" lon="-72.44443">
        <ele>248</ele>
      </trkpt>
      <trkpt lat="45.44113" lon="-72.44504">
        <ele>244.6</ele>
      </trkpt>
      <trkpt lat="45.4412" lon="-72.44618">
        <ele>241.2</ele>
      </trkpt>
      <trkpt lat="45.44126" lon="-72.44733">
        <ele>238.4</ele>
      </trkpt>
      <trkpt lat="45.44133" lon="-72.44848">
        <ele>235.7</ele>
      </trkpt>
      <trkpt lat="45.4414" lon="-72.44962">
        <ele>232.7</ele>
      </trkpt>
      <trkpt lat="45.44146" lon="-72.45077">
        <ele>229.7</ele>
      </trkpt>
      <trkpt lat="45.44153" lon="-72.45192">
        <ele>226.9</ele>
      </trkpt>
      <trkpt lat="45.44159" lon="-72.45306">
        <ele>224.1</ele>
      </trkpt>
      <trkpt lat="45.44166" lon="-72.45421">
        <ele>220.7</ele>
      </trkpt>
      <trkpt lat="45.44174" lon="-72.45477">
        <ele>218.5</ele>
      </trkpt>
      <trkpt lat="45.4418" lon="-72.455">
        <ele>217.3</ele>
      </trkpt>
      <trkpt lat="45.44185" lon="-72.45511">
        <ele>216.5</ele>
      </trkpt>
      <trkpt lat="45.44194" lon="-72.45527">
        <ele>215.4</ele>
      </trkpt>
      <trkpt lat="45.44201" lon="-72.45538">
        <ele>214.7</ele>
      </trkpt>
      <trkpt lat="45.44217" lon="-72.45554">
        <ele>213.7</ele>
      </trkpt>
      <trkpt lat="45.44226" lon="-72.4556">
        <ele>213.4</ele>
      </trkpt>
      <trkpt lat="45.44236" lon="-72.45565">
        <ele>213.2</ele>
      </trkpt>
      <trkpt lat="45.44245" lon="-72.45568">
        <ele>213.1</ele>
      </trkpt>
      <trkpt lat="45.44265" lon="-72.45571">
        <ele>212.9</ele>
      </trkpt>
      <trkpt lat="45.44291" lon="-72.45568">
        <ele>212.6</ele>
      </trkpt>
      <trkpt lat="45.44367" lon="-72.45557">
        <ele>211.6</ele>
      </trkpt>
      <trkpt lat="45.44442" lon="-72.45546">
        <ele>211.3</ele>
      </trkpt>
      <trkpt lat="45.44518" lon="-72.45536">
        <ele>211.4</ele>
      </trkpt>
      <trkpt lat="45.44594" lon="-72.45525">
        <ele>210.9</ele>
      </trkpt>
      <trkpt lat="45.44669" lon="-72.45514">
        <ele>210.6</ele>
      </trkpt>
      <trkpt lat="45.44688" lon="-72.45515">
        <ele>210.5</ele>
      </trkpt>
      <trkpt lat="45.44698" lon="-72.45518">
        <ele>210.4</ele>
      </trkpt>
      <trkpt lat="45.4471" lon="-72.45524">
        <ele>210.2</ele>
      </trkpt>
      <trkpt lat="45.44727" lon="-72.45539">
        <ele>210</ele>
      </trkpt>
      <trkpt lat="45.44736" lon="-72.45549">
        <ele>209.9</ele>
      </trkpt>
      <trkpt lat="45.44749" lon="-72.45572">
        <ele>209.7</ele>
      </trkpt>
      <trkpt lat="45.44755" lon="-72.45588">
        <ele>209.6</ele>
      </trkpt>
      <trkpt lat="45.4476" lon="-72.45603">
        <ele>209.5</ele>
      </trkpt>
      <trkpt lat="45.44763" lon="-72.45624">
        <ele>209.4</ele>
      </trkpt>
      <trkpt lat="45.44771" lon="-72.45744">
        <ele>208</ele>
      </trkpt>
      <trkpt lat="45.4478" lon="-72.45865">
        <ele>207.1</ele>
      </trkpt>
      <trkpt lat="45.44788" lon="-72.45985">
        <ele>206</ele>
      </trkpt>
      <trkpt lat="45.44796" lon="-72.46106">
        <ele>204.7</ele>
      </trkpt>
      <trkpt lat="45.44804" lon="-72.46227">
        <ele>203.5</ele>
      </trkpt>
      <trkpt lat="45.44812" lon="-72.46347">
        <ele>202</ele>
      </trkpt>
      <trkpt lat="45.4482" lon="-72.46468">
        <ele>201.4</ele>
      </trkpt>
      <trkpt lat="45.44828" lon="-72.46588">
        <ele>199.9</ele>
      </trkpt>
      <trkpt lat="45.44834" lon="-72.46684">
        <ele>199.5</ele>
      </trkpt>
      <trkpt lat="45.44834" lon="-72.46684">
        <ele>199.5</ele>
      </trkpt>
      <trkpt lat="45.44828" lon="-72.46588">
        <ele>199.9</ele>
      </trkpt>
      <trkpt lat="45.44742" lon="-72.46585">
        <ele>201</ele>
      </trkpt>
      <trkpt lat="45.44656" lon="-72.46582">
        <ele>202</ele>
      </trkpt>
      <trkpt lat="45.4457" lon="-72.46578">
        <ele>202.9</ele>
      </trkpt>
      <trkpt lat="45.44484" lon="-72.46575">
        <ele>204</ele>
      </trkpt>
      <trkpt lat="45.44399" lon="-72.46571">
        <ele>205</ele>
      </trkpt>
      <trkpt lat="45.44313" lon="-72.46568">
        <ele>206.1</ele>
      </trkpt>
      <trkpt lat="45.44227" lon="-72.46565">
        <ele>207.4</ele>
      </trkpt>
      <trkpt lat="45.44141" lon="-72.46561">
        <ele>208.5</ele>
      </trkpt>
      <trkpt lat="45.44055" lon="-72.46558">
        <ele>209.6</ele>
      </trkpt>
      <trkpt lat="45.43969" lon="-72.46555">
        <ele>210.6</ele>
      </trkpt>
      <trkpt lat="45.43883" lon="-72.46551">
        <ele>212</ele>
      </trkpt>
      <trkpt lat="45.43797" lon="-72.46548">
        <ele>212.9</ele>
      </trkpt>
      <trkpt lat="45.43711" lon="-72.46544">
        <ele>213</ele>
      </trkpt>
      <trkpt lat="45.43625" lon="-72.46541">
        <ele>213.6</ele>
      </trkpt>
      <trkpt lat="45.43625" lon="-72.46541">
        <ele>213.6</ele>
      </trkpt>
      <trkpt lat="45.43563" lon="-72.46539">
        <ele>214</ele>
      </trkpt>
      <trkpt lat="45.43565" lon="-72.46619">
        <ele>212.8</ele>
      </trkpt>
      <trkpt lat="45.43567" lon="-72.46699">
        <ele>212.9</ele>
      </trkpt>
      <trkpt lat="45.43575" lon="-72.46786">
        <ele>212.5</ele>
      </trkpt>
      <trkpt lat="45.43575" lon="-72.46804">
        <ele>212.3</ele>
      </trkpt>
      <trkpt lat="45.43575" lon="-72.46804">
        <ele>212.3</ele>
      </trkpt>
      <trkpt lat="45.43576" lon="-72.46882">
        <ele>211.9</ele>
      </trkpt>
      <trkpt lat="45.43582" lon="-72.46992">
        <ele>211</ele>
      </trkpt>
      <trkpt lat="45.43587" lon="-72.47103">
        <ele>209.7</ele>
      </trkpt>
      <trkpt lat="45.43593" lon="-72.47213">
        <ele>208.8</ele>
      </trkpt>
      <trkpt lat="45.43599" lon="-72.47323">
        <ele>207.9</ele>
      </trkpt>
      <trkpt lat="45.43602" lon="-72.47422">
        <ele>205.9</ele>
      </trkpt>
      <trkpt lat="45.43605" lon="-72.47521">
        <ele>204.6</ele>
      </trkpt>
      <trkpt lat="45.43611" lon="-72.47648">
        <ele>203.7</ele>
      </trkpt>
      <trkpt lat="45.43617" lon="-72.47774">
        <ele>205.7</ele>
      </trkpt>
      <trkpt lat="45.43624" lon="-72.47901">
        <ele>206.4</ele>
      </trkpt>
      <trkpt lat="45.4363" lon="-72.48028">
        <ele>207</ele>
      </trkpt>
      <trkpt lat="45.43636" lon="-72.48154">
        <ele>207.8</ele>
      </trkpt>
      <trkpt lat="45.43642" lon="-72.48281">
        <ele>208.3</ele>
      </trkpt>
      <trkpt lat="45.43648" lon="-72.48407">
        <ele>209.7</ele>
      </trkpt>
      <trkpt lat="45.43654" lon="-72.48534">
        <ele>210.2</ele>
      </trkpt>
      <trkpt lat="45.4366" lon="-72.48661">
        <ele>210.9</ele>
      </trkpt>
      <trkpt lat="45.43666" lon="-72.48787">
        <ele>211.2</ele>
      </trkpt>
      <trkpt lat="45.43673" lon="-72.48914">
        <ele>211.9</ele>
      </trkpt>
      <trkpt lat="45.43679" lon="-72.49041">
        <ele>212.4</ele>
      </trkpt>
      <trkpt lat="45.43685" lon="-72.49167">
        <ele>212.9</ele>
      </trkpt>
      <trkpt lat="45.43691" lon="-72.49294">
        <ele>213.3</ele>
      </trkpt>
      <trkpt lat="45.43697" lon="-72.49421">
        <ele>213.2</ele>
      </trkpt>
      <trkpt lat="45.43703" lon="-72.49547">
        <ele>213.3</ele>
      </trkpt>
      <trkpt lat="45.43709" lon="-72.49674">
        <ele>213.3</ele>
      </trkpt>
      <trkpt lat="45.43715" lon="-72.498">
        <ele>212.9</ele>
      </trkpt>
      <trkpt lat="45.43722" lon="-72.49927">
        <ele>212.9</ele>
      </trkpt>
      <trkpt lat="45.43728" lon="-72.50054">
        <ele>212.9</ele>
      </trkpt>
      <trkpt lat="45.43734" lon="-72.5018">
        <ele>212.9</ele>
      </trkpt>
      <trkpt lat="45.4374" lon="-72.50307">
        <ele>212.9</ele>
      </trkpt>
      <trkpt lat="45.43745" lon="-72.50415">
        <ele>213.7</ele>
      </trkpt>
      <trkpt lat="45.4375" lon="-72.50523">
        <ele>214.1</ele>
      </trkpt>
      <trkpt lat="45.43754" lon="-72.50631">
        <ele>214.2</ele>
      </trkpt>
      <trkpt lat="45.43759" lon="-72.50739">
        <ele>214.3</ele>
      </trkpt>
      <trkpt lat="45.43764" lon="-72.50847">
        <ele>214.5</ele>
      </trkpt>
      <trkpt lat="45.43769" lon="-72.50955">
        <ele>214.6</ele>
      </trkpt>
      <trkpt lat="45.43774" lon="-72.51059">
        <ele>214.8</ele>
      </trkpt>
      <trkpt lat="45.4378" lon="-72.51163">
        <ele>214.7</ele>
      </trkpt>
      <trkpt lat="45.43785" lon="-72.51267">
        <ele>214.5</ele>
      </trkpt>
      <trkpt lat="45.4379" lon="-72.51378">
        <ele>213.7</ele>
      </trkpt>
      <trkpt lat="45.43794" lon="-72.5149">
        <ele>213.9</ele>
      </trkpt>
      <trkpt lat="45.43799" lon="-72.51602">
        <ele>214</ele>
      </trkpt>
      <trkpt lat="45.43799" lon="-72.51602">
        <ele>214</ele>
      </trkpt>
      <trkpt lat="45.43803" lon="-72.51682">
        <ele>214.2</ele>
      </trkpt>
      <trkpt lat="45.43806" lon="-72.51761">
        <ele>214.2</ele>
      </trkpt>
      <trkpt lat="45.43813" lon="-72.5187">
        <ele>213.3</ele>
      </trkpt>
      <trkpt lat="45.4382" lon="-72.51979">
        <ele>212.9</ele>
      </trkpt>
      <trkpt lat="45.43827" lon="-72.52088">
        <ele>212.8</ele>
      </trkpt>
      <trkpt lat="45.43831" lon="-72.52181">
        <ele>211.9</ele>
      </trkpt>
      <trkpt lat="45.43835" lon="-72.52275">
        <ele>211.9</ele>
      </trkpt>
      <trkpt lat="45.4384" lon="-72.52369">
        <ele>211.9</ele>
      </trkpt>
      <trkpt lat="45.43846" lon="-72.52478">
        <ele>211.9</ele>
      </trkpt>
      <trkpt lat="45.43853" lon="-72.52587">
        <ele>210.9</ele>
      </trkpt>
      <trkpt lat="45.43859" lon="-72.52696">
        <ele>210.9</ele>
      </trkpt>
      <trkpt lat="45.43866" lon="-72.52805">
        <ele>210.5</ele>
      </trkpt>
      <trkpt lat="45.43873" lon="-72.52915">
        <ele>210.3</ele>
      </trkpt>
      <trkpt lat="45.43879" lon="-72.53024">
        <ele>209.9</ele>
      </trkpt>
      <trkpt lat="45.43886" lon="-72.53141">
        <ele>209.7</ele>
      </trkpt>
      <trkpt lat="45.43893" lon="-72.53259">
        <ele>209.6</ele>
      </trkpt>
      <trkpt lat="45.439" lon="-72.53377">
        <ele>209.7</ele>
      </trkpt>
      <trkpt lat="45.43907" lon="-72.53494">
        <ele>209.8</ele>
      </trkpt>
      <trkpt lat="45.43914" lon="-72.53612">
        <ele>211.6</ele>
      </trkpt>
      <trkpt lat="45.43921" lon="-72.53729">
        <ele>212.8</ele>
      </trkpt>
      <trkpt lat="45.43928" lon="-72.53847">
        <ele>212.9</ele>
      </trkpt>
      <trkpt lat="45.43935" lon="-72.53965">
        <ele>212.8</ele>
      </trkpt>
      <trkpt lat="45.43942" lon="-72.54082">
        <ele>212.8</ele>
      </trkpt>
      <trkpt lat="45.4395" lon="-72.54206">
        <ele>212.9</ele>
      </trkpt>
      <trkpt lat="45.43957" lon="-72.54331">
        <ele>212.9</ele>
      </trkpt>
      <trkpt lat="45.43965" lon="-72.54455">
        <ele>212.9</ele>
      </trkpt>
      <trkpt lat="45.43973" lon="-72.54579">
        <ele>212.5</ele>
      </trkpt>
      <trkpt lat="45.43981" lon="-72.54703">
        <ele>211.2</ele>
      </trkpt>
      <trkpt lat="45.43989" lon="-72.54827">
        <ele>209.9</ele>
      </trkpt>
      <trkpt lat="45.43997" lon="-72.54951">
        <ele>209.2</ele>
      </trkpt>
      <trkpt lat="45.44004" lon="-72.55075">
        <ele>207.2</ele>
      </trkpt>
      <trkpt lat="45.44012" lon="-72.552">
        <ele>206.3</ele>
      </trkpt>
      <trkpt lat="45.4402" lon="-72.55324">
        <ele>205.4</ele>
      </trkpt>
      <trkpt lat="45.44028" lon="-72.55448">
        <ele>203.4</ele>
      </trkpt>
      <trkpt lat="45.44036" lon="-72.55572">
        <ele>201.1</ele>
      </trkpt>
      <trkpt lat="45.44043" lon="-72.55696">
        <ele>199.6</ele>
      </trkpt>
      <trkpt lat="45.44051" lon="-72.5582">
        <ele>198</ele>
      </trkpt>
      <trkpt lat="45.44058" lon="-72.55947">
        <ele>199.8</ele>
      </trkpt>
      <trkpt lat="45.44066" lon="-72.56073">
        <ele>202.1</ele>
      </trkpt>
      <trkpt lat="45.44073" lon="-72.56199">
        <ele>202.6</ele>
      </trkpt>
      <trkpt lat="45.4408" lon="-72.56325">
        <ele>202.2</ele>
      </trkpt>
      <trkpt lat="45.4408" lon="-72.56325">
        <ele>202.2</ele>
      </trkpt>
      <trkpt lat="45.44082" lon="-72.56354">
        <ele>201.9</ele>
      </trkpt>
      <trkpt lat="45.44016" lon="-72.56356">
        <ele>199.4</ele>
      </trkpt>
      <trkpt lat="45.43934" lon="-72.56366">
        <ele>196.4</ele>
      </trkpt>
      <trkpt lat="45.43853" lon="-72.56377">
        <ele>193</ele>
      </trkpt>
      <trkpt lat="45.43772" lon="-72.56388">
        <ele>189.9</ele>
      </trkpt>
      <trkpt lat="45.4369" lon="-72.56398">
        <ele>186.7</ele>
      </trkpt>
      <trkpt lat="45.43609" lon="-72.56409">
        <ele>183.8</ele>
      </trkpt>
      <trkpt lat="45.43528" lon="-72.5642">
        <ele>182.7</ele>
      </trkpt>
      <trkpt lat="45.43446" lon="-72.5643">
        <ele>182.3</ele>
      </trkpt>
      <trkpt lat="45.43365" lon="-72.56441">
        <ele>181.9</ele>
      </trkpt>
      <trkpt lat="45.43284" lon="-72.56452">
        <ele>179.9</ele>
      </trkpt>
      <trkpt lat="45.43203" lon="-72.56463">
        <ele>176.3</ele>
      </trkpt>
      <trkpt lat="45.43121" lon="-72.56474">
        <ele>173.2</ele>
      </trkpt>
      <trkpt lat="45.43039" lon="-72.56485">
        <ele>169.8</ele>
      </trkpt>
      <trkpt lat="45.42987" lon="-72.56484">
        <ele>167.6</ele>
      </trkpt>
      <trkpt lat="45.42961" lon="-72.56477">
        <ele>166.6</ele>
      </trkpt>
      <trkpt lat="45.42937" lon="-72.56468">
        <ele>165.7</ele>
      </trkpt>
      <trkpt lat="45.4291" lon="-72.56456">
        <ele>164.9</ele>
      </trkpt>
      <trkpt lat="45.42884" lon="-72.56439">
        <ele>164.4</ele>
      </trkpt>
      <trkpt lat="45.42862" lon="-72.5642">
        <ele>164.1</ele>
      </trkpt>
      <trkpt lat="45.42842" lon="-72.56401">
        <ele>163.8</ele>
      </trkpt>
      <trkpt lat="45.42823" lon="-72.56381">
        <ele>163.6</ele>
      </trkpt>
      <trkpt lat="45.42803" lon="-72.56354">
        <ele>163.5</ele>
      </trkpt>
      <trkpt lat="45.42783" lon="-72.56321">
        <ele>163.6</ele>
      </trkpt>
      <trkpt lat="45.42766" lon="-72.56283">
        <ele>163.5</ele>
      </trkpt>
      <trkpt lat="45.42757" lon="-72.56259">
        <ele>163.5</ele>
      </trkpt>
      <trkpt lat="45.42746" lon="-72.56231">
        <ele>163.5</ele>
      </trkpt>
      <trkpt lat="45.42742" lon="-72.56212">
        <ele>163.7</ele>
      </trkpt>
      <trkpt lat="45.42736" lon="-72.56225">
        <ele>163.2</ele>
      </trkpt>
      <trkpt lat="45.42736" lon="-72.56305">
        <ele>161.9</ele>
      </trkpt>
      <trkpt lat="45.42692" lon="-72.56224">
        <ele>161.6</ele>
      </trkpt>
      <trkpt lat="45.42646" lon="-72.56143">
        <ele>162</ele>
      </trkpt>
      <trkpt lat="45.426" lon="-72.56062">
        <ele>162.1</ele>
      </trkpt>
      <trkpt lat="45.42554" lon="-72.55981">
        <ele>161.3</ele>
      </trkpt>
      <trkpt lat="45.42508" lon="-72.559">
        <ele>161.1</ele>
      </trkpt>
      <trkpt lat="45.42462" lon="-72.5582">
        <ele>160.7</ele>
      </trkpt>
      <trkpt lat="45.42423" lon="-72.55756">
        <ele>160.3</ele>
      </trkpt>
      <trkpt lat="45.42384" lon="-72.55693">
        <ele>160.1</ele>
      </trkpt>
      <trkpt lat="45.42337" lon="-72.55634">
        <ele>158.7</ele>
      </trkpt>
      <trkpt lat="45.4229" lon="-72.55574">
        <ele>157.4</ele>
      </trkpt>
      <trkpt lat="45.42232" lon="-72.55516">
        <ele>155.8</ele>
      </trkpt>
      <trkpt lat="45.42175" lon="-72.55458">
        <ele>153.4</ele>
      </trkpt>
      <trkpt lat="45.42118" lon="-72.554">
        <ele>152.3</ele>
      </trkpt>
      <trkpt lat="45.42061" lon="-72.55342">
        <ele>151.9</ele>
      </trkpt>
      <trkpt lat="45.42031" lon="-72.55305">
        <ele>151.8</ele>
      </trkpt>
      <trkpt lat="45.41995" lon="-72.55249">
        <ele>151.8</ele>
      </trkpt>
      <trkpt lat="45.41971" lon="-72.55191">
        <ele>151.9</ele>
      </trkpt>
      <trkpt lat="45.41948" lon="-72.55086">
        <ele>151.9</ele>
      </trkpt>
      <trkpt lat="45.41936" lon="-72.55085">
        <ele>151.9</ele>
      </trkpt>
      <trkpt lat="45.41927" lon="-72.5508">
        <ele>151.9</ele>
      </trkpt>
      <trkpt lat="45.41912" lon="-72.5507">
        <ele>151.8</ele>
      </trkpt>
      <trkpt lat="45.41902" lon="-72.5507">
        <ele>151.8</ele>
      </trkpt>
      <trkpt lat="45.41895" lon="-72.55075">
        <ele>151.8</ele>
      </trkpt>
      <trkpt lat="45.41883" lon="-72.55085">
        <ele>151.9</ele>
      </trkpt>
      <trkpt lat="45.41878" lon="-72.55099">
        <ele>152</ele>
      </trkpt>
      <trkpt lat="45.41874" lon="-72.55113">
        <ele>152.2</ele>
      </trkpt>
      <trkpt lat="45.4187" lon="-72.55133">
        <ele>152.3</ele>
      </trkpt>
      <trkpt lat="45.41867" lon="-72.55175">
        <ele>152.7</ele>
      </trkpt>
      <trkpt lat="45.41869" lon="-72.55192">
        <ele>152.8</ele>
      </trkpt>
      <trkpt lat="45.4188" lon="-72.5522">
        <ele>153.4</ele>
      </trkpt>
      <trkpt lat="45.41882" lon="-72.5523">
        <ele>153.7</ele>
      </trkpt>
      <trkpt lat="45.41882" lon="-72.55236">
        <ele>153.8</ele>
      </trkpt>
      <trkpt lat="45.41878" lon="-72.55241">
        <ele>153.9</ele>
      </trkpt>
      <trkpt lat="45.41856" lon="-72.55253">
        <ele>154.7</ele>
      </trkpt>
      <trkpt lat="45.41849" lon="-72.55264">
        <ele>155</ele>
      </trkpt>
      <trkpt lat="45.41846" lon="-72.55273">
        <ele>155.2</ele>
      </trkpt>
      <trkpt lat="45.41846" lon="-72.5529">
        <ele>155.6</ele>
      </trkpt>
      <trkpt lat="45.4185" lon="-72.55304">
        <ele>155.6</ele>
      </trkpt>
      <trkpt lat="45.41857" lon="-72.55318">
        <ele>155.5</ele>
      </trkpt>
      <trkpt lat="45.41872" lon="-72.55333">
        <ele>154.9</ele>
      </trkpt>
      <trkpt lat="45.41886" lon="-72.55351">
        <ele>154.6</ele>
      </trkpt>
      <trkpt lat="45.41907" lon="-72.55389">
        <ele>154.4</ele>
      </trkpt>
      <trkpt lat="45.41916" lon="-72.55402">
        <ele>154.3</ele>
      </trkpt>
      <trkpt lat="45.41927" lon="-72.55412">
        <ele>153.9</ele>
      </trkpt>
      <trkpt lat="45.41934" lon="-72.55415">
        <ele>153.7</ele>
      </trkpt>
      <trkpt lat="45.41947" lon="-72.55424">
        <ele>153.3</ele>
      </trkpt>
      <trkpt lat="45.41969" lon="-72.5545">
        <ele>152.7</ele>
      </trkpt>
      <trkpt lat="45.41982" lon="-72.55459">
        <ele>152.4</ele>
      </trkpt>
      <trkpt lat="45.42014" lon="-72.55469">
        <ele>151.8</ele>
      </trkpt>
      <trkpt lat="45.42031" lon="-72.55469">
        <ele>151.7</ele>
      </trkpt>
      <trkpt lat="45.42043" lon="-72.55473">
        <ele>151.7</ele>
      </trkpt>
      <trkpt lat="45.42057" lon="-72.55484">
        <ele>151.7</ele>
      </trkpt>
      <trkpt lat="45.4209" lon="-72.55532">
        <ele>151.8</ele>
      </trkpt>
      <trkpt lat="45.42101" lon="-72.55552">
        <ele>151.8</ele>
      </trkpt>
      <trkpt lat="45.42106" lon="-72.55575">
        <ele>151.7</ele>
      </trkpt>
      <trkpt lat="45.42107" lon="-72.55605">
        <ele>151.7</ele>
      </trkpt>
      <trkpt lat="45.42112" lon="-72.55655">
        <ele>151.8</ele>
      </trkpt>
      <trkpt lat="45.42129" lon="-72.55728">
        <ele>151.8</ele>
      </trkpt>
      <trkpt lat="45.4213" lon="-72.55746">
        <ele>151.8</ele>
      </trkpt>
      <trkpt lat="45.42129" lon="-72.55764">
        <ele>151.8</ele>
      </trkpt>
      <trkpt lat="45.42127" lon="-72.55778">
        <ele>151.8</ele>
      </trkpt>
      <trkpt lat="45.42114" lon="-72.55822">
        <ele>151.8</ele>
      </trkpt>
      <trkpt lat="45.42113" lon="-72.55837">
        <ele>151.8</ele>
      </trkpt>
      <trkpt lat="45.42121" lon="-72.55907">
        <ele>151.8</ele>
      </trkpt>
      <trkpt lat="45.42121" lon="-72.55932">
        <ele>151.8</ele>
      </trkpt>
      <trkpt lat="45.42116" lon="-72.55945">
        <ele>151.7</ele>
      </trkpt>
      <trkpt lat="45.42107" lon="-72.55962">
        <ele>151.8</ele>
      </trkpt>
      <trkpt lat="45.42103" lon="-72.55974">
        <ele>151.8</ele>
      </trkpt>
      <trkpt lat="45.42102" lon="-72.55987">
        <ele>151.8</ele>
      </trkpt>
      <trkpt lat="45.42106" lon="-72.56017">
        <ele>151.8</ele>
      </trkpt>
      <trkpt lat="45.42121" lon="-72.56102">
        <ele>152.7</ele>
      </trkpt>
      <trkpt lat="45.42124" lon="-72.56133">
        <ele>153.1</ele>
      </trkpt>
      <trkpt lat="45.42125" lon="-72.56177">
        <ele>153.8</ele>
      </trkpt>
      <trkpt lat="45.42127" lon="-72.56201">
        <ele>154</ele>
      </trkpt>
      <trkpt lat="45.42132" lon="-72.56217">
        <ele>154</ele>
      </trkpt>
      <trkpt lat="45.42152" lon="-72.56256">
        <ele>153.7</ele>
      </trkpt>
      <trkpt lat="45.42166" lon="-72.56281">
        <ele>153.7</ele>
      </trkpt>
      <trkpt lat="45.42183" lon="-72.56322">
        <ele>154.1</ele>
      </trkpt>
      <trkpt lat="45.42196" lon="-72.56356">
        <ele>154.3</ele>
      </trkpt>
      <trkpt lat="45.42213" lon="-72.56408">
        <ele>154.1</ele>
      </trkpt>
      <trkpt lat="45.42219" lon="-72.56435">
        <ele>154.1</ele>
      </trkpt>
      <trkpt lat="45.42233" lon="-72.56472">
        <ele>153.9</ele>
      </trkpt>
      <trkpt lat="45.4226" lon="-72.56518">
        <ele>153.6</ele>
      </trkpt>
      <trkpt lat="45.4226" lon="-72.56518">
        <ele>153.6</ele>
      </trkpt>
      <trkpt lat="45.4226" lon="-72.56518">
        <ele>153.6</ele>
      </trkpt>
      <trkpt lat="45.42274" lon="-72.56543">
        <ele>153.5</ele>
      </trkpt>
      <trkpt lat="45.42283" lon="-72.56565">
        <ele>153.3</ele>
      </trkpt>
      <trkpt lat="45.42294" lon="-72.56596">
        <ele>153</ele>
      </trkpt>
      <trkpt lat="45.42337" lon="-72.56684">
        <ele>150.3</ele>
      </trkpt>
      <trkpt lat="45.42343" lon="-72.56699">
        <ele>149.7</ele>
      </trkpt>
      <trkpt lat="45.42349" lon="-72.56726">
        <ele>148.6</ele>
      </trkpt>
      <trkpt lat="45.42351" lon="-72.56752">
        <ele>148.2</ele>
      </trkpt>
      <trkpt lat="45.4235" lon="-72.5677">
        <ele>148.3</ele>
      </trkpt>
      <trkpt lat="45.42348" lon="-72.56797">
        <ele>149.1</ele>
      </trkpt>
      <trkpt lat="45.42338" lon="-72.5685">
        <ele>152.1</ele>
      </trkpt>
      <trkpt lat="45.42338" lon="-72.56868">
        <ele>152.7</ele>
      </trkpt>
      <trkpt lat="45.42337" lon="-72.56899">
        <ele>153.6</ele>
      </trkpt>
      <trkpt lat="45.42335" lon="-72.56921">
        <ele>154</ele>
      </trkpt>
      <trkpt lat="45.42336" lon="-72.56939">
        <ele>154</ele>
      </trkpt>
      <trkpt lat="45.42341" lon="-72.5695">
        <ele>153.5</ele>
      </trkpt>
      <trkpt lat="45.42351" lon="-72.5699">
        <ele>153</ele>
      </trkpt>
      <trkpt lat="45.42357" lon="-72.57019">
        <ele>153.5</ele>
      </trkpt>
      <trkpt lat="45.42361" lon="-72.57049">
        <ele>154.8</ele>
      </trkpt>
      <trkpt lat="45.42361" lon="-72.57066">
        <ele>155.8</ele>
      </trkpt>
      <trkpt lat="45.42358" lon="-72.57104">
        <ele>157.9</ele>
      </trkpt>
      <trkpt lat="45.42356" lon="-72.57116">
        <ele>158.5</ele>
      </trkpt>
      <trkpt lat="45.42339" lon="-72.57172">
        <ele>160.9</ele>
      </trkpt>
      <trkpt lat="45.42336" lon="-72.57185">
        <ele>161.2</ele>
      </trkpt>
      <trkpt lat="45.42335" lon="-72.57202">
        <ele>161.3</ele>
      </trkpt>
      <trkpt lat="45.42338" lon="-72.57234">
        <ele>161</ele>
      </trkpt>
      <trkpt lat="45.42337" lon="-72.57337">
        <ele>160.3</ele>
      </trkpt>
      <trkpt lat="45.42338" lon="-72.57393">
        <ele>160</ele>
      </trkpt>
      <trkpt lat="45.42335" lon="-72.57434">
        <ele>160.1</ele>
      </trkpt>
      <trkpt lat="45.42338" lon="-72.57455">
        <ele>159.7</ele>
      </trkpt>
      <trkpt lat="45.42348" lon="-72.57484">
        <ele>158.7</ele>
      </trkpt>
      <trkpt lat="45.42362" lon="-72.57513">
        <ele>157.4</ele>
      </trkpt>
      <trkpt lat="45.42373" lon="-72.57537">
        <ele>156.6</ele>
      </trkpt>
      <trkpt lat="45.42376" lon="-72.57553">
        <ele>156.3</ele>
      </trkpt>
      <trkpt lat="45.42375" lon="-72.57565">
        <ele>156.3</ele>
      </trkpt>
      <trkpt lat="45.42367" lon="-72.57601">
        <ele>156.4</ele>
      </trkpt>
      <trkpt lat="45.42362" lon="-72.57615">
        <ele>156.5</ele>
      </trkpt>
      <trkpt lat="45.42357" lon="-72.57623">
        <ele>156.8</ele>
      </trkpt>
      <trkpt lat="45.42337" lon="-72.57644">
        <ele>158.1</ele>
      </trkpt>
      <trkpt lat="45.42329" lon="-72.57656">
        <ele>158.5</ele>
      </trkpt>
      <trkpt lat="45.42316" lon="-72.57684">
        <ele>158.9</ele>
      </trkpt>
      <trkpt lat="45.42308" lon="-72.57718">
        <ele>158.2</ele>
      </trkpt>
      <trkpt lat="45.42303" lon="-72.5775">
        <ele>157.1</ele>
      </trkpt>
      <trkpt lat="45.423" lon="-72.57775">
        <ele>156.2</ele>
      </trkpt>
      <trkpt lat="45.42292" lon="-72.57826">
        <ele>155</ele>
      </trkpt>
      <trkpt lat="45.4229" lon="-72.57865">
        <ele>154.4</ele>
      </trkpt>
      <trkpt lat="45.42286" lon="-72.57879">
        <ele>154.4</ele>
      </trkpt>
      <trkpt lat="45.42279" lon="-72.57895">
        <ele>154.5</ele>
      </trkpt>
      <trkpt lat="45.42274" lon="-72.57907">
        <ele>154.5</ele>
      </trkpt>
      <trkpt lat="45.42272" lon="-72.57923">
        <ele>154.1</ele>
      </trkpt>
      <trkpt lat="45.42272" lon="-72.57944">
        <ele>153.4</ele>
      </trkpt>
      <trkpt lat="45.42269" lon="-72.57958">
        <ele>153</ele>
      </trkpt>
      <trkpt lat="45.42263" lon="-72.57969">
        <ele>152.8</ele>
      </trkpt>
      <trkpt lat="45.42225" lon="-72.58008">
        <ele>154.2</ele>
      </trkpt>
      <trkpt lat="45.42219" lon="-72.58022">
        <ele>154.4</ele>
      </trkpt>
      <trkpt lat="45.42194" lon="-72.58108">
        <ele>155.5</ele>
      </trkpt>
      <trkpt lat="45.42192" lon="-72.5813">
        <ele>155.5</ele>
      </trkpt>
      <trkpt lat="45.42196" lon="-72.58179">
        <ele>155.4</ele>
      </trkpt>
      <trkpt lat="45.42196" lon="-72.582">
        <ele>155.8</ele>
      </trkpt>
      <trkpt lat="45.42185" lon="-72.58246">
        <ele>157.2</ele>
      </trkpt>
      <trkpt lat="45.42185" lon="-72.58263">
        <ele>157.3</ele>
      </trkpt>
      <trkpt lat="45.42191" lon="-72.58303">
        <ele>156.3</ele>
      </trkpt>
      <trkpt lat="45.42191" lon="-72.58325">
        <ele>155.7</ele>
      </trkpt>
      <trkpt lat="45.42186" lon="-72.58347">
        <ele>155.6</ele>
      </trkpt>
      <trkpt lat="45.42183" lon="-72.5837">
        <ele>155.2</ele>
      </trkpt>
      <trkpt lat="45.42185" lon="-72.5844">
        <ele>153</ele>
      </trkpt>
      <trkpt lat="45.42184" lon="-72.58472">
        <ele>152.1</ele>
      </trkpt>
      <trkpt lat="45.42198" lon="-72.58552">
        <ele>150.3</ele>
      </trkpt>
      <trkpt lat="45.42221" lon="-72.586">
        <ele>149.5</ele>
      </trkpt>
      <trkpt lat="45.42224" lon="-72.58624">
        <ele>149.4</ele>
      </trkpt>
      <trkpt lat="45.42226" lon="-72.58639">
        <ele>149.4</ele>
      </trkpt>
      <trkpt lat="45.42224" lon="-72.58707">
        <ele>149.6</ele>
      </trkpt>
      <trkpt lat="45.42224" lon="-72.58721">
        <ele>149.7</ele>
      </trkpt>
      <trkpt lat="45.42228" lon="-72.58739">
        <ele>149.5</ele>
      </trkpt>
      <trkpt lat="45.42274" lon="-72.58843">
        <ele>147.1</ele>
      </trkpt>
      <trkpt lat="45.42277" lon="-72.58864">
        <ele>147.3</ele>
      </trkpt>
      <trkpt lat="45.42277" lon="-72.58886">
        <ele>147.7</ele>
      </trkpt>
      <trkpt lat="45.42276" lon="-72.58903">
        <ele>148</ele>
      </trkpt>
      <trkpt lat="45.42271" lon="-72.58917">
        <ele>148.4</ele>
      </trkpt>
      <trkpt lat="45.4226" lon="-72.58931">
        <ele>149.1</ele>
      </trkpt>
      <trkpt lat="45.42231" lon="-72.58956">
        <ele>150.8</ele>
      </trkpt>
      <trkpt lat="45.42187" lon="-72.58974">
        <ele>153.6</ele>
      </trkpt>
      <trkpt lat="45.42156" lon="-72.58975">
        <ele>155.4</ele>
      </trkpt>
      <trkpt lat="45.42144" lon="-72.5898">
        <ele>156.2</ele>
      </trkpt>
      <trkpt lat="45.42132" lon="-72.58989">
        <ele>156.9</ele>
      </trkpt>
      <trkpt lat="45.42126" lon="-72.58999">
        <ele>157.4</ele>
      </trkpt>
      <trkpt lat="45.42123" lon="-72.59011">
        <ele>157.7</ele>
      </trkpt>
      <trkpt lat="45.42123" lon="-72.5904">
        <ele>157.8</ele>
      </trkpt>
      <trkpt lat="45.42122" lon="-72.59056">
        <ele>157.9</ele>
      </trkpt>
      <trkpt lat="45.42116" lon="-72.59071">
        <ele>158.1</ele>
      </trkpt>
      <trkpt lat="45.42097" lon="-72.59092">
        <ele>158.9</ele>
      </trkpt>
      <trkpt lat="45.42059" lon="-72.59172">
        <ele>160.1</ele>
      </trkpt>
      <trkpt lat="45.4204" lon="-72.59202">
        <ele>160.7</ele>
      </trkpt>
      <trkpt lat="45.42035" lon="-72.5922">
        <ele>160.7</ele>
      </trkpt>
      <trkpt lat="45.42027" lon="-72.59259">
        <ele>160.5</ele>
      </trkpt>
      <trkpt lat="45.42024" lon="-72.59279">
        <ele>160.4</ele>
      </trkpt>
      <trkpt lat="45.42027" lon="-72.59308">
        <ele>159.9</ele>
      </trkpt>
      <trkpt lat="45.42037" lon="-72.59357">
        <ele>158.2</ele>
      </trkpt>
      <trkpt lat="45.4205" lon="-72.59398">
        <ele>156.2</ele>
      </trkpt>
      <trkpt lat="45.4205" lon="-72.59398">
        <ele>156.2</ele>
      </trkpt>
      <trkpt lat="45.4206" lon="-72.59426">
        <ele>154.8</ele>
      </trkpt>
      <trkpt lat="45.42074" lon="-72.59483">
        <ele>152.7</ele>
      </trkpt>
      <trkpt lat="45.42106" lon="-72.59517">
        <ele>150.9</ele>
      </trkpt>
      <trkpt lat="45.42137" lon="-72.59534">
        <ele>149.8</ele>
      </trkpt>
      <trkpt lat="45.42161" lon="-72.59566">
        <ele>149</ele>
      </trkpt>
      <trkpt lat="45.42179" lon="-72.59577">
        <ele>148.6</ele>
      </trkpt>
      <trkpt lat="45.42234" lon="-72.59618">
        <ele>146.8</ele>
      </trkpt>
      <trkpt lat="45.42243" lon="-72.59636">
        <ele>146.4</ele>
      </trkpt>
      <trkpt lat="45.42247" lon="-72.59662">
        <ele>145.9</ele>
      </trkpt>
      <trkpt lat="45.42247" lon="-72.59684">
        <ele>145.6</ele>
      </trkpt>
      <trkpt lat="45.42241" lon="-72.597">
        <ele>145.6</ele>
      </trkpt>
      <trkpt lat="45.42195" lon="-72.59796">
        <ele>146.4</ele>
      </trkpt>
      <trkpt lat="45.4219" lon="-72.59839">
        <ele>146.2</ele>
      </trkpt>
      <trkpt lat="45.42182" lon="-72.5987">
        <ele>146.4</ele>
      </trkpt>
      <trkpt lat="45.42169" lon="-72.59885">
        <ele>146.7</ele>
      </trkpt>
      <trkpt lat="45.42146" lon="-72.59897">
        <ele>147.3</ele>
      </trkpt>
      <trkpt lat="45.42115" lon="-72.5993">
        <ele>147.9</ele>
      </trkpt>
      <trkpt lat="45.42108" lon="-72.59946">
        <ele>148</ele>
      </trkpt>
      <trkpt lat="45.42105" lon="-72.59961">
        <ele>148</ele>
      </trkpt>
      <trkpt lat="45.4211" lon="-72.59977">
        <ele>147.8</ele>
      </trkpt>
      <trkpt lat="45.42134" lon="-72.60024">
        <ele>146.8</ele>
      </trkpt>
      <trkpt lat="45.42139" lon="-72.60038">
        <ele>146.6</ele>
      </trkpt>
      <trkpt lat="45.42139" lon="-72.60053">
        <ele>146.6</ele>
      </trkpt>
      <trkpt lat="45.42131" lon="-72.60069">
        <ele>146.9</ele>
      </trkpt>
      <trkpt lat="45.42121" lon="-72.6008">
        <ele>147.3</ele>
      </trkpt>
      <trkpt lat="45.42108" lon="-72.60088">
        <ele>147.8</ele>
      </trkpt>
      <trkpt lat="45.4208" lon="-72.60103">
        <ele>149</ele>
      </trkpt>
      <trkpt lat="45.42068" lon="-72.60111">
        <ele>149.5</ele>
      </trkpt>
      <trkpt lat="45.42055" lon="-72.60134">
        <ele>150.1</ele>
      </trkpt>
      <trkpt lat="45.42041" lon="-72.60164">
        <ele>150.8</ele>
      </trkpt>
      <trkpt lat="45.42037" lon="-72.60186">
        <ele>151.2</ele>
      </trkpt>
      <trkpt lat="45.42033" lon="-72.60223">
        <ele>151.7</ele>
      </trkpt>
      <trkpt lat="45.42025" lon="-72.60248">
        <ele>152.2</ele>
      </trkpt>
      <trkpt lat="45.42016" lon="-72.60266">
        <ele>152.6</ele>
      </trkpt>
      <trkpt lat="45.42" lon="-72.6029">
        <ele>153.2</ele>
      </trkpt>
      <trkpt lat="45.41995" lon="-72.60309">
        <ele>153.5</ele>
      </trkpt>
      <trkpt lat="45.41985" lon="-72.60359">
        <ele>154.1</ele>
      </trkpt>
      <trkpt lat="45.41979" lon="-72.60379">
        <ele>154.3</ele>
      </trkpt>
      <trkpt lat="45.4198" lon="-72.60417">
        <ele>154.3</ele>
      </trkpt>
      <trkpt lat="45.41979" lon="-72.60429">
        <ele>154.4</ele>
      </trkpt>
      <trkpt lat="45.41967" lon="-72.60454">
        <ele>154.8</ele>
      </trkpt>
      <trkpt lat="45.41963" lon="-72.60474">
        <ele>155</ele>
      </trkpt>
      <trkpt lat="45.41966" lon="-72.60501">
        <ele>155.1</ele>
      </trkpt>
      <trkpt lat="45.4198" lon="-72.60536">
        <ele>155</ele>
      </trkpt>
      <trkpt lat="45.41981" lon="-72.60553">
        <ele>155</ele>
      </trkpt>
      <trkpt lat="45.41972" lon="-72.6062">
        <ele>155.2</ele>
      </trkpt>
      <trkpt lat="45.41969" lon="-72.60635">
        <ele>155.3</ele>
      </trkpt>
      <trkpt lat="45.41955" lon="-72.60649">
        <ele>155.4</ele>
      </trkpt>
      <trkpt lat="45.41921" lon="-72.60673">
        <ele>155.7</ele>
      </trkpt>
      <trkpt lat="45.41908" lon="-72.60677">
        <ele>155.9</ele>
      </trkpt>
      <trkpt lat="45.41877" lon="-72.60676">
        <ele>156.5</ele>
      </trkpt>
      <trkpt lat="45.41859" lon="-72.60681">
        <ele>156.9</ele>
      </trkpt>
      <trkpt lat="45.41859" lon="-72.60681">
        <ele>156.9</ele>
      </trkpt>
      <trkpt lat="45.41834" lon="-72.60694">
        <ele>157.5</ele>
      </trkpt>
      <trkpt lat="45.41816" lon="-72.60711">
        <ele>157.9</ele>
      </trkpt>
      <trkpt lat="45.41778" lon="-72.60783">
        <ele>158.2</ele>
      </trkpt>
      <trkpt lat="45.41741" lon="-72.60855">
        <ele>157.5</ele>
      </trkpt>
      <trkpt lat="45.41738" lon="-72.60872">
        <ele>157.2</ele>
      </trkpt>
      <trkpt lat="45.41738" lon="-72.60879">
        <ele>157.1</ele>
      </trkpt>
      <trkpt lat="45.4174" lon="-72.60891">
        <ele>156.8</ele>
      </trkpt>
      <trkpt lat="45.41747" lon="-72.60911">
        <ele>156.2</ele>
      </trkpt>
      <trkpt lat="45.41751" lon="-72.60931">
        <ele>155.8</ele>
      </trkpt>
      <trkpt lat="45.41755" lon="-72.61019">
        <ele>154.4</ele>
      </trkpt>
      <trkpt lat="45.41749" lon="-72.61029">
        <ele>154.3</ele>
      </trkpt>
      <trkpt lat="45.41748" lon="-72.61033">
        <ele>154.2</ele>
      </trkpt>
      <trkpt lat="45.41747" lon="-72.61038">
        <ele>154.2</ele>
      </trkpt>
      <trkpt lat="45.41749" lon="-72.61046">
        <ele>154</ele>
      </trkpt>
      <trkpt lat="45.41776" lon="-72.61077">
        <ele>153</ele>
      </trkpt>
      <trkpt lat="45.41846" lon="-72.61156">
        <ele>146.5</ele>
      </trkpt>
      <trkpt lat="45.41915" lon="-72.61236">
        <ele>135.7</ele>
      </trkpt>
      <trkpt lat="45.41985" lon="-72.61315">
        <ele>127.8</ele>
      </trkpt>
      <trkpt lat="45.42054" lon="-72.61395">
        <ele>129.3</ele>
      </trkpt>
      <trkpt lat="45.42124" lon="-72.61475">
        <ele>132.4</ele>
      </trkpt>
      <trkpt lat="45.42193" lon="-72.61554">
        <ele>134.4</ele>
      </trkpt>
      <trkpt lat="45.42263" lon="-72.61634">
        <ele>135.1</ele>
      </trkpt>
      <trkpt lat="45.42333" lon="-72.61714">
        <ele>135.8</ele>
      </trkpt>
      <trkpt lat="45.42402" lon="-72.61793">
        <ele>137.2</ele>
      </trkpt>
      <trkpt lat="45.42407" lon="-72.61798">
        <ele>137.3</ele>
      </trkpt>
      <trkpt lat="45.42405" lon="-72.61821">
        <ele>137.6</ele>
      </trkpt>
      <trkpt lat="45.42347" lon="-72.61769">
        <ele>136.3</ele>
      </trkpt>
      <trkpt lat="45.42288" lon="-72.61717">
        <ele>135.3</ele>
      </trkpt>
      <trkpt lat="45.42288" lon="-72.61717">
        <ele>135.3</ele>
      </trkpt>
      <trkpt lat="45.42347" lon="-72.61769">
        <ele>136.3</ele>
      </trkpt>
      <trkpt lat="45.42405" lon="-72.61821">
        <ele>137.6</ele>
      </trkpt>
      <trkpt lat="45.42407" lon="-72.61798">
        <ele>137.3</ele>
      </trkpt>
      <trkpt lat="45.42413" lon="-72.61802">
        <ele>137.4</ele>
      </trkpt>
      <trkpt lat="45.42427" lon="-72.61804">
        <ele>137.5</ele>
      </trkpt>
      <trkpt lat="45.42479" lon="-72.61796">
        <ele>137.7</ele>
      </trkpt>
      <trkpt lat="45.425" lon="-72.61807">
        <ele>137.9</ele>
      </trkpt>
      <trkpt lat="45.42547" lon="-72.61847">
        <ele>138.6</ele>
      </trkpt>
      <trkpt lat="45.42565" lon="-72.61856">
        <ele>138.9</ele>
      </trkpt>
      <trkpt lat="45.42576" lon="-72.61861">
        <ele>139.1</ele>
      </trkpt>
      <trkpt lat="45.42584" lon="-72.61857">
        <ele>139.2</ele>
      </trkpt>
      <trkpt lat="45.42588" lon="-72.61853">
        <ele>139.2</ele>
      </trkpt>
      <trkpt lat="45.42598" lon="-72.6184">
        <ele>139.2</ele>
      </trkpt>
      <trkpt lat="45.42605" lon="-72.6182">
        <ele>139.1</ele>
      </trkpt>
      <trkpt lat="45.42616" lon="-72.61798">
        <ele>139.2</ele>
      </trkpt>
      <trkpt lat="45.42644" lon="-72.6175">
        <ele>139.7</ele>
      </trkpt>
      <trkpt lat="45.42658" lon="-72.6172">
        <ele>139.9</ele>
      </trkpt>
      <trkpt lat="45.42663" lon="-72.61714">
        <ele>139.9</ele>
      </trkpt>
      <trkpt lat="45.42672" lon="-72.6171">
        <ele>139.9</ele>
      </trkpt>
      <trkpt lat="45.4268" lon="-72.6171">
        <ele>140</ele>
      </trkpt>
      <trkpt lat="45.42691" lon="-72.61712">
        <ele>140.1</ele>
      </trkpt>
      <trkpt lat="45.42711" lon="-72.61722">
        <ele>140.2</ele>
      </trkpt>
      <trkpt lat="45.42714" lon="-72.61722">
        <ele>140.3</ele>
      </trkpt>
      <trkpt lat="45.42731" lon="-72.61713">
        <ele>140.3</ele>
      </trkpt>
      <trkpt lat="45.42734" lon="-72.6171">
        <ele>140.3</ele>
      </trkpt>
      <trkpt lat="45.4276" lon="-72.6164">
        <ele>140</ele>
      </trkpt>
      <trkpt lat="45.42761" lon="-72.61625">
        <ele>140</ele>
      </trkpt>
      <trkpt lat="45.42763" lon="-72.61619">
        <ele>140</ele>
      </trkpt>
      <trkpt lat="45.4277" lon="-72.61608">
        <ele>140.1</ele>
      </trkpt>
      <trkpt lat="45.42773" lon="-72.61605">
        <ele>140.1</ele>
      </trkpt>
      <trkpt lat="45.42777" lon="-72.61604">
        <ele>140.2</ele>
      </trkpt>
      <trkpt lat="45.42782" lon="-72.61605">
        <ele>140.2</ele>
      </trkpt>
      <trkpt lat="45.42806" lon="-72.61616">
        <ele>140.5</ele>
      </trkpt>
      <trkpt lat="45.42811" lon="-72.61601">
        <ele>140.6</ele>
      </trkpt>
      <trkpt lat="45.42815" lon="-72.61591">
        <ele>140.7</ele>
      </trkpt>
      <trkpt lat="45.42827" lon="-72.61571">
        <ele>140.8</ele>
      </trkpt>
      <trkpt lat="45.42833" lon="-72.61565">
        <ele>140.9</ele>
      </trkpt>
      <trkpt lat="45.42849" lon="-72.61553">
        <ele>141.1</ele>
      </trkpt>
      <trkpt lat="45.42914" lon="-72.61527">
        <ele>141.9</ele>
      </trkpt>
      <trkpt lat="45.42969" lon="-72.61515">
        <ele>142.5</ele>
      </trkpt>
      <trkpt lat="45.43025" lon="-72.61503">
        <ele>143.2</ele>
      </trkpt>
      <trkpt lat="45.43034" lon="-72.61508">
        <ele>143.3</ele>
      </trkpt>
      <trkpt lat="45.43041" lon="-72.61515">
        <ele>143.4</ele>
      </trkpt>
      <trkpt lat="45.43052" lon="-72.61546">
        <ele>143.5</ele>
      </trkpt>
      <trkpt lat="45.43061" lon="-72.61562">
        <ele>143.6</ele>
      </trkpt>
      <trkpt lat="45.43064" lon="-72.61566">
        <ele>143.7</ele>
      </trkpt>
    </trkseg>
  </trk>
</gpx>