<?xml version='1.0' encoding='utf-8'?>
<gpx xmlns="http://www.topografix.com/GPX/1/1" xmlns:xsi="http://www.w3.org/2001/XMLSchema-instance" version="1.1" creator="Gravelle Estrie" xsi:schemaLocation="http://www.topografix.com/GPX/1/1 http://www.topografix.com/GPX/1/1/gpx.xsd">
  <metadata>
    <name>Fête Nationale du Québec. 74KM / 12300MD+</name>
  </metadata>
  <trk>
    <name>Fête Nationale du Québec. 74KM / 12300MD+</name>
    <trkseg>
      <trkpt lat="45.22232" lon="-72.53362">
        <ele>201.28</ele>
      </trkpt>
      <trkpt lat="45.22231" lon="-72.53398">
        <ele>200.13</ele>
      </trkpt>
      <trkpt lat="45.222325" lon="-72.53497">
        <ele>199.44</ele>
      </trkpt>
      <trkpt lat="45.22234" lon="-72.53596">
        <ele>199.99</ele>
      </trkpt>
      <trkpt lat="45.22238" lon="-72.5368233">
        <ele>204.94</ele>
      </trkpt>
      <trkpt lat="45.22242" lon="-72.5376867">
        <ele>211.62</ele>
      </trkpt>
      <trkpt lat="45.22246" lon="-72.53855">
        <ele>212.95</ele>
      </trkpt>
      <trkpt lat="45.22263" lon="-72.53954">
        <ele>219.16</ele>
      </trkpt>
      <trkpt lat="45.22259" lon="-72.53977">
        <ele>220.15</ele>
      </trkpt>
      <trkpt lat="45.22248" lon="-72.54007">
        <ele>223.13</ele>
      </trkpt>
      <trkpt lat="45.22232" lon="-72.54042">
        <ele>223.99</ele>
      </trkpt>
      <trkpt lat="45.22203" lon="-72.54096">
        <ele>229.58</ele>
      </trkpt>
      <trkpt lat="45.22193" lon="-72.5411">
        <ele>231.51</ele>
      </trkpt>
      <trkpt lat="45.22159" lon="-72.54145">
        <ele>234.13</ele>
      </trkpt>
      <trkpt lat="45.22148" lon="-72.54159">
        <ele>237.11</ele>
      </trkpt>
      <trkpt lat="45.22141" lon="-72.54174">
        <ele>239.02</ele>
      </trkpt>
      <trkpt lat="45.22136" lon="-72.54209">
        <ele>240.79</ele>
      </trkpt>
      <trkpt lat="45.22139" lon="-72.5424">
        <ele>242.73</ele>
      </trkpt>
      <trkpt lat="45.22154" lon="-72.5428">
        <ele>244.67</ele>
      </trkpt>
      <trkpt lat="45.22198" lon="-72.54353">
        <ele>248.23</ele>
      </trkpt>
      <trkpt lat="45.22242" lon="-72.54426">
        <ele>253.17</ele>
      </trkpt>
      <trkpt lat="45.22258" lon="-72.54459">
        <ele>255.22</ele>
      </trkpt>
      <trkpt lat="45.2226" lon="-72.54465">
        <ele>255.22</ele>
      </trkpt>
      <trkpt lat="45.222635" lon="-72.545895">
        <ele>255.99</ele>
      </trkpt>
      <trkpt lat="45.22267" lon="-72.54714">
        <ele>252.93</ele>
      </trkpt>
      <trkpt lat="45.222675" lon="-72.547945">
        <ele>254.41</ele>
      </trkpt>
      <trkpt lat="45.22268" lon="-72.54875">
        <ele>256.74</ele>
      </trkpt>
      <trkpt lat="45.22268" lon="-72.54875">
        <ele>256.74</ele>
      </trkpt>
      <trkpt lat="45.222695" lon="-72.54961">
        <ele>259.7</ele>
      </trkpt>
      <trkpt lat="45.22271" lon="-72.55047">
        <ele>264.22</ele>
      </trkpt>
      <trkpt lat="45.222755" lon="-72.551115">
        <ele>268.3</ele>
      </trkpt>
      <trkpt lat="45.2228" lon="-72.55176">
        <ele>273.89</ele>
      </trkpt>
      <trkpt lat="45.222816" lon="-72.552798">
        <ele>275.78</ele>
      </trkpt>
      <trkpt lat="45.222832" lon="-72.553836">
        <ele>276.59</ele>
      </trkpt>
      <trkpt lat="45.222848" lon="-72.554874">
        <ele>274.75</ele>
      </trkpt>
      <trkpt lat="45.222864" lon="-72.555912">
        <ele>270.12</ele>
      </trkpt>
      <trkpt lat="45.22288" lon="-72.55695">
        <ele>267.68</ele>
      </trkpt>
      <trkpt lat="45.22287" lon="-72.55762">
        <ele>265.26</ele>
      </trkpt>
      <trkpt lat="45.22282" lon="-72.55816">
        <ele>259.95</ele>
      </trkpt>
      <trkpt lat="45.22283" lon="-72.559055">
        <ele>255.19</ele>
      </trkpt>
      <trkpt lat="45.22284" lon="-72.55995">
        <ele>253.55</ele>
      </trkpt>
      <trkpt lat="45.2228167" lon="-72.561115">
        <ele>257.63</ele>
      </trkpt>
      <trkpt lat="45.2227934" lon="-72.56228">
        <ele>263.48</ele>
      </trkpt>
      <trkpt lat="45.2227701" lon="-72.563445">
        <ele>268.41</ele>
      </trkpt>
      <trkpt lat="45.2227467" lon="-72.56461">
        <ele>273.6</ele>
      </trkpt>
      <trkpt lat="45.2227234" lon="-72.565775">
        <ele>282.61</ele>
      </trkpt>
      <trkpt lat="45.2227" lon="-72.56694">
        <ele>286.26</ele>
      </trkpt>
      <trkpt lat="45.2226863" lon="-72.5680588">
        <ele>286.04</ele>
      </trkpt>
      <trkpt lat="45.2226726" lon="-72.5691775">
        <ele>282.24</ele>
      </trkpt>
      <trkpt lat="45.2226588" lon="-72.5702963">
        <ele>278.37</ele>
      </trkpt>
      <trkpt lat="45.2226451" lon="-72.571415">
        <ele>272.55</ele>
      </trkpt>
      <trkpt lat="45.2226313" lon="-72.5725338">
        <ele>266.29</ele>
      </trkpt>
      <trkpt lat="45.2226176" lon="-72.5736525">
        <ele>257.55</ele>
      </trkpt>
      <trkpt lat="45.2226038" lon="-72.5747713">
        <ele>252.21</ele>
      </trkpt>
      <trkpt lat="45.22259" lon="-72.57589">
        <ele>245.4</ele>
      </trkpt>
      <trkpt lat="45.222595" lon="-72.57667">
        <ele>238.66</ele>
      </trkpt>
      <trkpt lat="45.2226" lon="-72.57745">
        <ele>232.16</ele>
      </trkpt>
      <trkpt lat="45.2226401" lon="-72.5786544">
        <ele>227.8</ele>
      </trkpt>
      <trkpt lat="45.2226802" lon="-72.5798589">
        <ele>221.52</ele>
      </trkpt>
      <trkpt lat="45.2227203" lon="-72.5810633">
        <ele>217.36</ele>
      </trkpt>
      <trkpt lat="45.2227604" lon="-72.5822677">
        <ele>214.62</ele>
      </trkpt>
      <trkpt lat="45.2228004" lon="-72.5834722">
        <ele>207.91</ele>
      </trkpt>
      <trkpt lat="45.2228405" lon="-72.5846766">
        <ele>205.06</ele>
      </trkpt>
      <trkpt lat="45.2228805" lon="-72.585881">
        <ele>202.19</ele>
      </trkpt>
      <trkpt lat="45.2229205" lon="-72.5870855">
        <ele>200.4</ele>
      </trkpt>
      <trkpt lat="45.2229605" lon="-72.5882899">
        <ele>201.07</ele>
      </trkpt>
      <trkpt lat="45.2230005" lon="-72.5894944">
        <ele>204.67</ele>
      </trkpt>
      <trkpt lat="45.2230405" lon="-72.5906988">
        <ele>209</ele>
      </trkpt>
      <trkpt lat="45.2230805" lon="-72.5919033">
        <ele>211.54</ele>
      </trkpt>
      <trkpt lat="45.2231204" lon="-72.5931077">
        <ele>214.11</ele>
      </trkpt>
      <trkpt lat="45.2231604" lon="-72.5943122">
        <ele>217.05</ele>
      </trkpt>
      <trkpt lat="45.2232003" lon="-72.5955166">
        <ele>218.94</ele>
      </trkpt>
      <trkpt lat="45.2232402" lon="-72.5967211">
        <ele>219.39</ele>
      </trkpt>
      <trkpt lat="45.2232801" lon="-72.5979255">
        <ele>221.03</ele>
      </trkpt>
      <trkpt lat="45.22332" lon="-72.59913">
        <ele>220.92</ele>
      </trkpt>
      <trkpt lat="45.2233772" lon="-72.6002514">
        <ele>218.19</ele>
      </trkpt>
      <trkpt lat="45.2234343" lon="-72.6013728">
        <ele>213.51</ele>
      </trkpt>
      <trkpt lat="45.2234915" lon="-72.6024943">
        <ele>210</ele>
      </trkpt>
      <trkpt lat="45.2235486" lon="-72.6036157">
        <ele>210.26</ele>
      </trkpt>
      <trkpt lat="45.2236058" lon="-72.6047371">
        <ele>213.95</ele>
      </trkpt>
      <trkpt lat="45.2236629" lon="-72.6058586">
        <ele>216.16</ele>
      </trkpt>
      <trkpt lat="45.22372" lon="-72.60698">
        <ele>214.51</ele>
      </trkpt>
      <trkpt lat="45.2237744" lon="-72.6082221">
        <ele>210.99</ele>
      </trkpt>
      <trkpt lat="45.2238287" lon="-72.6094643">
        <ele>209.27</ele>
      </trkpt>
      <trkpt lat="45.2238831" lon="-72.6107064">
        <ele>209.95</ele>
      </trkpt>
      <trkpt lat="45.2239374" lon="-72.6119485">
        <ele>211.84</ele>
      </trkpt>
      <trkpt lat="45.2239917" lon="-72.6131907">
        <ele>214.59</ele>
      </trkpt>
      <trkpt lat="45.224046" lon="-72.6144328">
        <ele>214.82</ele>
      </trkpt>
      <trkpt lat="45.2241003" lon="-72.6156749">
        <ele>217.26</ele>
      </trkpt>
      <trkpt lat="45.2241546" lon="-72.6169171">
        <ele>215.39</ele>
      </trkpt>
      <trkpt lat="45.2242089" lon="-72.6181592">
        <ele>213.77</ele>
      </trkpt>
      <trkpt lat="45.2242631" lon="-72.6194014">
        <ele>214.7</ele>
      </trkpt>
      <trkpt lat="45.2243174" lon="-72.6206435">
        <ele>217.75</ele>
      </trkpt>
      <trkpt lat="45.2243716" lon="-72.6218857">
        <ele>217.29</ele>
      </trkpt>
      <trkpt lat="45.2244258" lon="-72.6231278">
        <ele>215.31</ele>
      </trkpt>
      <trkpt lat="45.22448" lon="-72.62437">
        <ele>214.24</ele>
      </trkpt>
      <trkpt lat="45.22448" lon="-72.62437">
        <ele>214.24</ele>
      </trkpt>
      <trkpt lat="45.224525" lon="-72.6256033">
        <ele>215.02</ele>
      </trkpt>
      <trkpt lat="45.2245701" lon="-72.6268367">
        <ele>217</ele>
      </trkpt>
      <trkpt lat="45.2246151" lon="-72.62807">
        <ele>219.13</ele>
      </trkpt>
      <trkpt lat="45.2246601" lon="-72.6293033">
        <ele>220.26</ele>
      </trkpt>
      <trkpt lat="45.224705" lon="-72.6305367">
        <ele>218.94</ele>
      </trkpt>
      <trkpt lat="45.22475" lon="-72.63177">
        <ele>221.42</ele>
      </trkpt>
      <trkpt lat="45.22562" lon="-72.63177">
        <ele>223.37</ele>
      </trkpt>
      <trkpt lat="45.22649" lon="-72.63177">
        <ele>225.15</ele>
      </trkpt>
      <trkpt lat="45.226955" lon="-72.631765">
        <ele>227.16</ele>
      </trkpt>
      <trkpt lat="45.22742" lon="-72.63176">
        <ele>230.28</ele>
      </trkpt>
      <trkpt lat="45.22771" lon="-72.63172">
        <ele>232.77</ele>
      </trkpt>
      <trkpt lat="45.2285233" lon="-72.6317033">
        <ele>238</ele>
      </trkpt>
      <trkpt lat="45.2293367" lon="-72.6316867">
        <ele>246.25</ele>
      </trkpt>
      <trkpt lat="45.23015" lon="-72.63167">
        <ele>252.29</ele>
      </trkpt>
      <trkpt lat="45.23027" lon="-72.63172">
        <ele>254.67</ele>
      </trkpt>
      <trkpt lat="45.23031" lon="-72.6318">
        <ele>255.07</ele>
      </trkpt>
      <trkpt lat="45.23036" lon="-72.63198">
        <ele>255.86</ele>
      </trkpt>
      <trkpt lat="45.23038" lon="-72.63258">
        <ele>256.53</ele>
      </trkpt>
      <trkpt lat="45.230375" lon="-72.63354">
        <ele>262.26</ele>
      </trkpt>
      <trkpt lat="45.23037" lon="-72.6345">
        <ele>272.03</ele>
      </trkpt>
      <trkpt lat="45.230395" lon="-72.635345">
        <ele>279.63</ele>
      </trkpt>
      <trkpt lat="45.23042" lon="-72.63619">
        <ele>284.66</ele>
      </trkpt>
      <trkpt lat="45.23043" lon="-72.63745">
        <ele>285.9</ele>
      </trkpt>
      <trkpt lat="45.23047" lon="-72.63812">
        <ele>292.14</ele>
      </trkpt>
      <trkpt lat="45.2305" lon="-72.638925">
        <ele>296.91</ele>
      </trkpt>
      <trkpt lat="45.23053" lon="-72.63973">
        <ele>298.9</ele>
      </trkpt>
      <trkpt lat="45.23052" lon="-72.64018">
        <ele>299.26</ele>
      </trkpt>
      <trkpt lat="45.23041" lon="-72.64054">
        <ele>298.79</ele>
      </trkpt>
      <trkpt lat="45.23032" lon="-72.64068">
        <ele>297.84</ele>
      </trkpt>
      <trkpt lat="45.23014" lon="-72.6412">
        <ele>292.42</ele>
      </trkpt>
      <trkpt lat="45.229915" lon="-72.64197">
        <ele>284.91</ele>
      </trkpt>
      <trkpt lat="45.22969" lon="-72.64274">
        <ele>275.06</ele>
      </trkpt>
      <trkpt lat="45.22954" lon="-72.643385">
        <ele>269.09</ele>
      </trkpt>
      <trkpt lat="45.22939" lon="-72.64403">
        <ele>264.3</ele>
      </trkpt>
      <trkpt lat="45.22906" lon="-72.64515">
        <ele>253.26</ele>
      </trkpt>
      <trkpt lat="45.22886" lon="-72.64606">
        <ele>247.08</ele>
      </trkpt>
      <trkpt lat="45.22886" lon="-72.64607">
        <ele>247.04</ele>
      </trkpt>
      <trkpt lat="45.22866" lon="-72.64713">
        <ele>240.95</ele>
      </trkpt>
      <trkpt lat="45.22863" lon="-72.64748">
        <ele>239</ele>
      </trkpt>
      <trkpt lat="45.228625" lon="-72.64815">
        <ele>234.17</ele>
      </trkpt>
      <trkpt lat="45.22862" lon="-72.64882">
        <ele>227.23</ele>
      </trkpt>
      <trkpt lat="45.22864" lon="-72.6499175">
        <ele>224.37</ele>
      </trkpt>
      <trkpt lat="45.22866" lon="-72.651015">
        <ele>221.9</ele>
      </trkpt>
      <trkpt lat="45.22868" lon="-72.6521125">
        <ele>220.38</ele>
      </trkpt>
      <trkpt lat="45.2287" lon="-72.65321">
        <ele>219.6</ele>
      </trkpt>
      <trkpt lat="45.22876" lon="-72.65426">
        <ele>218.98</ele>
      </trkpt>
      <trkpt lat="45.22882" lon="-72.65531">
        <ele>220.74</ele>
      </trkpt>
      <trkpt lat="45.22885" lon="-72.656005">
        <ele>223.23</ele>
      </trkpt>
      <trkpt lat="45.22888" lon="-72.6567">
        <ele>227.08</ele>
      </trkpt>
      <trkpt lat="45.22887" lon="-72.65733">
        <ele>231.74</ele>
      </trkpt>
      <trkpt lat="45.22894" lon="-72.65824">
        <ele>232.08</ele>
      </trkpt>
      <trkpt lat="45.22901" lon="-72.65915">
        <ele>231.33</ele>
      </trkpt>
      <trkpt lat="45.22908" lon="-72.66006">
        <ele>229.74</ele>
      </trkpt>
      <trkpt lat="45.22917" lon="-72.66113">
        <ele>227.44</ele>
      </trkpt>
      <trkpt lat="45.2293" lon="-72.66226">
        <ele>229.13</ele>
      </trkpt>
      <trkpt lat="45.22936" lon="-72.66238">
        <ele>229.21</ele>
      </trkpt>
      <trkpt lat="45.22943" lon="-72.66247">
        <ele>229.13</ele>
      </trkpt>
      <trkpt lat="45.22986" lon="-72.66279">
        <ele>225.8</ele>
      </trkpt>
      <trkpt lat="45.23006" lon="-72.66288">
        <ele>222.67</ele>
      </trkpt>
      <trkpt lat="45.23013" lon="-72.66296">
        <ele>221.67</ele>
      </trkpt>
      <trkpt lat="45.23021" lon="-72.66318">
        <ele>219.56</ele>
      </trkpt>
      <trkpt lat="45.230315" lon="-72.66397">
        <ele>215.62</ele>
      </trkpt>
      <trkpt lat="45.23042" lon="-72.66476">
        <ele>211.07</ele>
      </trkpt>
      <trkpt lat="45.23053" lon="-72.66579">
        <ele>205.29</ele>
      </trkpt>
      <trkpt lat="45.23052" lon="-72.66641">
        <ele>203.94</ele>
      </trkpt>
      <trkpt lat="45.23056" lon="-72.66706">
        <ele>202.73</ele>
      </trkpt>
      <trkpt lat="45.23056" lon="-72.66706">
        <ele>202.77</ele>
      </trkpt>
      <trkpt lat="45.23058" lon="-72.6673">
        <ele>202</ele>
      </trkpt>
      <trkpt lat="45.23063" lon="-72.66759">
        <ele>201.57</ele>
      </trkpt>
      <trkpt lat="45.23087" lon="-72.66854">
        <ele>200.49</ele>
      </trkpt>
      <trkpt lat="45.23102" lon="-72.66852">
        <ele>202.45</ele>
      </trkpt>
      <trkpt lat="45.23156" lon="-72.6683">
        <ele>207.7</ele>
      </trkpt>
      <trkpt lat="45.23184" lon="-72.66826">
        <ele>211.82</ele>
      </trkpt>
      <trkpt lat="45.23226" lon="-72.66825">
        <ele>210.02</ele>
      </trkpt>
      <trkpt lat="45.23249" lon="-72.6682">
        <ele>206.22</ele>
      </trkpt>
      <trkpt lat="45.23269" lon="-72.66807">
        <ele>202.55</ele>
      </trkpt>
      <trkpt lat="45.23296" lon="-72.66776">
        <ele>200.24</ele>
      </trkpt>
      <trkpt lat="45.23307" lon="-72.66753">
        <ele>196.42</ele>
      </trkpt>
      <trkpt lat="45.23313" lon="-72.66727">
        <ele>195.07</ele>
      </trkpt>
      <trkpt lat="45.23318" lon="-72.66718">
        <ele>194.15</ele>
      </trkpt>
      <trkpt lat="45.2335" lon="-72.66686">
        <ele>192.6</ele>
      </trkpt>
      <trkpt lat="45.2339" lon="-72.66624">
        <ele>187.51</ele>
      </trkpt>
      <trkpt lat="45.23407" lon="-72.66571">
        <ele>185.82</ele>
      </trkpt>
      <trkpt lat="45.23426" lon="-72.66529">
        <ele>183.74</ele>
      </trkpt>
      <trkpt lat="45.23431" lon="-72.66511">
        <ele>183.03</ele>
      </trkpt>
      <trkpt lat="45.23472" lon="-72.66431">
        <ele>182.36</ele>
      </trkpt>
      <trkpt lat="45.23503" lon="-72.66383">
        <ele>183.04</ele>
      </trkpt>
      <trkpt lat="45.23513" lon="-72.66379">
        <ele>182.79</ele>
      </trkpt>
      <trkpt lat="45.23526" lon="-72.66347">
        <ele>182.41</ele>
      </trkpt>
      <trkpt lat="45.235715" lon="-72.66253">
        <ele>183.43</ele>
      </trkpt>
      <trkpt lat="45.23617" lon="-72.66159">
        <ele>185.37</ele>
      </trkpt>
      <trkpt lat="45.23656" lon="-72.66086">
        <ele>189.13</ele>
      </trkpt>
      <trkpt lat="45.23683" lon="-72.66028">
        <ele>190.79</ele>
      </trkpt>
      <trkpt lat="45.23683" lon="-72.66029">
        <ele>190.79</ele>
      </trkpt>
      <trkpt lat="45.23729" lon="-72.65934">
        <ele>187.65</ele>
      </trkpt>
      <trkpt lat="45.237695" lon="-72.658395">
        <ele>186.2</ele>
      </trkpt>
      <trkpt lat="45.2381" lon="-72.65745">
        <ele>184.66</ele>
      </trkpt>
      <trkpt lat="45.238848" lon="-72.657414">
        <ele>182.23</ele>
      </trkpt>
      <trkpt lat="45.239596" lon="-72.657378">
        <ele>178.74</ele>
      </trkpt>
      <trkpt lat="45.240344" lon="-72.657342">
        <ele>176.47</ele>
      </trkpt>
      <trkpt lat="45.241092" lon="-72.657306">
        <ele>170.31</ele>
      </trkpt>
      <trkpt lat="45.24184" lon="-72.65727">
        <ele>166.05</ele>
      </trkpt>
      <trkpt lat="45.2424767" lon="-72.6572133">
        <ele>163.99</ele>
      </trkpt>
      <trkpt lat="45.2431133" lon="-72.6571567">
        <ele>166.11</ele>
      </trkpt>
      <trkpt lat="45.24375" lon="-72.6571">
        <ele>172.39</ele>
      </trkpt>
      <trkpt lat="45.24402" lon="-72.65709">
        <ele>175.74</ele>
      </trkpt>
      <trkpt lat="45.24401" lon="-72.65709">
        <ele>175.68</ele>
      </trkpt>
      <trkpt lat="45.24471" lon="-72.65706">
        <ele>181.41</ele>
      </trkpt>
      <trkpt lat="45.2453867" lon="-72.65699">
        <ele>184.37</ele>
      </trkpt>
      <trkpt lat="45.2460633" lon="-72.65692">
        <ele>185.11</ele>
      </trkpt>
      <trkpt lat="45.24674" lon="-72.65685">
        <ele>187.18</ele>
      </trkpt>
      <trkpt lat="45.24762" lon="-72.65672">
        <ele>190.78</ele>
      </trkpt>
      <trkpt lat="45.24754" lon="-72.65772">
        <ele>190.32</ele>
      </trkpt>
      <trkpt lat="45.24746" lon="-72.65872">
        <ele>193.08</ele>
      </trkpt>
      <trkpt lat="45.247375" lon="-72.659475">
        <ele>196.58</ele>
      </trkpt>
      <trkpt lat="45.24729" lon="-72.66023">
        <ele>202.73</ele>
      </trkpt>
      <trkpt lat="45.24721" lon="-72.6611233">
        <ele>207.59</ele>
      </trkpt>
      <trkpt lat="45.24713" lon="-72.6620167">
        <ele>209.37</ele>
      </trkpt>
      <trkpt lat="45.24705" lon="-72.66291">
        <ele>209.67</ele>
      </trkpt>
      <trkpt lat="45.247" lon="-72.663635">
        <ele>209.82</ele>
      </trkpt>
      <trkpt lat="45.24695" lon="-72.66436">
        <ele>210.01</ele>
      </trkpt>
      <trkpt lat="45.2469467" lon="-72.6652533">
        <ele>210.67</ele>
      </trkpt>
      <trkpt lat="45.2469433" lon="-72.6661467">
        <ele>212.29</ele>
      </trkpt>
      <trkpt lat="45.24694" lon="-72.66704">
        <ele>215.5</ele>
      </trkpt>
      <trkpt lat="45.24691" lon="-72.66798">
        <ele>221.45</ele>
      </trkpt>
      <trkpt lat="45.24682" lon="-72.66919">
        <ele>231.87</ele>
      </trkpt>
      <trkpt lat="45.24677" lon="-72.6695">
        <ele>232.35</ele>
      </trkpt>
      <trkpt lat="45.24676" lon="-72.67076">
        <ele>241.66</ele>
      </trkpt>
      <trkpt lat="45.24687" lon="-72.6716">
        <ele>243.61</ele>
      </trkpt>
      <trkpt lat="45.24696" lon="-72.6725">
        <ele>246.31</ele>
      </trkpt>
      <trkpt lat="45.24696" lon="-72.67277">
        <ele>246.79</ele>
      </trkpt>
      <trkpt lat="45.24691" lon="-72.67308">
        <ele>246.74</ele>
      </trkpt>
      <trkpt lat="45.2466" lon="-72.67407">
        <ele>246.24</ele>
      </trkpt>
      <trkpt lat="45.24629" lon="-72.67506">
        <ele>249.04</ele>
      </trkpt>
      <trkpt lat="45.246125" lon="-72.675685">
        <ele>247.42</ele>
      </trkpt>
      <trkpt lat="45.24596" lon="-72.67631">
        <ele>248.81</ele>
      </trkpt>
      <trkpt lat="45.24577" lon="-72.67676">
        <ele>248.7</ele>
      </trkpt>
      <trkpt lat="45.24561" lon="-72.67707">
        <ele>246.75</ele>
      </trkpt>
      <trkpt lat="45.24522" lon="-72.67762">
        <ele>241.18</ele>
      </trkpt>
      <trkpt lat="45.24475" lon="-72.67837">
        <ele>235.15</ele>
      </trkpt>
      <trkpt lat="45.24451" lon="-72.67936">
        <ele>227.14</ele>
      </trkpt>
      <trkpt lat="45.24444" lon="-72.67955">
        <ele>226.63</ele>
      </trkpt>
      <trkpt lat="45.24444" lon="-72.67956">
        <ele>226.6</ele>
      </trkpt>
      <trkpt lat="45.24428" lon="-72.68002">
        <ele>226.62</ele>
      </trkpt>
      <trkpt lat="45.24396" lon="-72.68073">
        <ele>234.67</ele>
      </trkpt>
      <trkpt lat="45.2438" lon="-72.68096">
        <ele>236.53</ele>
      </trkpt>
      <trkpt lat="45.24367" lon="-72.68123">
        <ele>237.04</ele>
      </trkpt>
      <trkpt lat="45.24357" lon="-72.6815">
        <ele>237.9</ele>
      </trkpt>
      <trkpt lat="45.24351" lon="-72.68173">
        <ele>239.24</ele>
      </trkpt>
      <trkpt lat="45.24346" lon="-72.68227">
        <ele>240.75</ele>
      </trkpt>
      <trkpt lat="45.2435" lon="-72.68271">
        <ele>240.73</ele>
      </trkpt>
      <trkpt lat="45.24349" lon="-72.68292">
        <ele>240.47</ele>
      </trkpt>
      <trkpt lat="45.24346" lon="-72.68307">
        <ele>240.47</ele>
      </trkpt>
      <trkpt lat="45.24333" lon="-72.68338">
        <ele>240.2</ele>
      </trkpt>
      <trkpt lat="45.24298" lon="-72.68396">
        <ele>239.3</ele>
      </trkpt>
      <trkpt lat="45.24277" lon="-72.68424">
        <ele>237.15</ele>
      </trkpt>
      <trkpt lat="45.24259" lon="-72.68445">
        <ele>235.48</ele>
      </trkpt>
      <trkpt lat="45.24227" lon="-72.6849">
        <ele>227.47</ele>
      </trkpt>
      <trkpt lat="45.24195" lon="-72.68535">
        <ele>222.43</ele>
      </trkpt>
      <trkpt lat="45.24141" lon="-72.68627">
        <ele>219.78</ele>
      </trkpt>
      <trkpt lat="45.24087" lon="-72.68719">
        <ele>217.87</ele>
      </trkpt>
      <trkpt lat="45.24056" lon="-72.68751">
        <ele>217.37</ele>
      </trkpt>
      <trkpt lat="45.24032" lon="-72.68773">
        <ele>217.32</ele>
      </trkpt>
      <trkpt lat="45.24015" lon="-72.68795">
        <ele>217.75</ele>
      </trkpt>
      <trkpt lat="45.23996" lon="-72.68831">
        <ele>218.66</ele>
      </trkpt>
      <trkpt lat="45.23995" lon="-72.68889">
        <ele>219.32</ele>
      </trkpt>
      <trkpt lat="45.24004" lon="-72.68938">
        <ele>220.11</ele>
      </trkpt>
      <trkpt lat="45.24009" lon="-72.68957">
        <ele>220.55</ele>
      </trkpt>
      <trkpt lat="45.24029" lon="-72.68996">
        <ele>221.16</ele>
      </trkpt>
      <trkpt lat="45.24039" lon="-72.69023">
        <ele>220.93</ele>
      </trkpt>
      <trkpt lat="45.24048" lon="-72.69059">
        <ele>219.97</ele>
      </trkpt>
      <trkpt lat="45.2405" lon="-72.69099">
        <ele>218.89</ele>
      </trkpt>
      <trkpt lat="45.240515" lon="-72.691705">
        <ele>217.54</ele>
      </trkpt>
      <trkpt lat="45.24053" lon="-72.69242">
        <ele>211.97</ele>
      </trkpt>
      <trkpt lat="45.24048" lon="-72.69323">
        <ele>207.78</ele>
      </trkpt>
      <trkpt lat="45.24041" lon="-72.69395">
        <ele>205.98</ele>
      </trkpt>
      <trkpt lat="45.24039" lon="-72.69471">
        <ele>202.97</ele>
      </trkpt>
      <trkpt lat="45.24041" lon="-72.69517">
        <ele>202.17</ele>
      </trkpt>
      <trkpt lat="45.24026" lon="-72.69592">
        <ele>198.7</ele>
      </trkpt>
      <trkpt lat="45.24015" lon="-72.69656">
        <ele>193.88</ele>
      </trkpt>
      <trkpt lat="45.24017" lon="-72.697495">
        <ele>198.32</ele>
      </trkpt>
      <trkpt lat="45.24019" lon="-72.69843">
        <ele>200.45</ele>
      </trkpt>
      <trkpt lat="45.24011" lon="-72.69931">
        <ele>197.83</ele>
      </trkpt>
      <trkpt lat="45.24003" lon="-72.70019">
        <ele>192.74</ele>
      </trkpt>
      <trkpt lat="45.23995" lon="-72.70107">
        <ele>187.82</ele>
      </trkpt>
      <trkpt lat="45.23996" lon="-72.70129">
        <ele>186.91</ele>
      </trkpt>
      <trkpt lat="45.24" lon="-72.70151">
        <ele>186.54</ele>
      </trkpt>
      <trkpt lat="45.2401" lon="-72.7024">
        <ele>186.18</ele>
      </trkpt>
      <trkpt lat="45.24025" lon="-72.70334">
        <ele>181.48</ele>
      </trkpt>
      <trkpt lat="45.24034" lon="-72.70372">
        <ele>179.68</ele>
      </trkpt>
      <trkpt lat="45.24034" lon="-72.70372">
        <ele>179.68</ele>
      </trkpt>
      <trkpt lat="45.2404" lon="-72.70393">
        <ele>178.55</ele>
      </trkpt>
      <trkpt lat="45.24047" lon="-72.70434">
        <ele>174.92</ele>
      </trkpt>
      <trkpt lat="45.24051" lon="-72.705335">
        <ele>164.35</ele>
      </trkpt>
      <trkpt lat="45.24055" lon="-72.70633">
        <ele>161.67</ele>
      </trkpt>
      <trkpt lat="45.24115" lon="-72.70631">
        <ele>164.27</ele>
      </trkpt>
      <trkpt lat="45.24151" lon="-72.70635">
        <ele>164.86</ele>
      </trkpt>
      <trkpt lat="45.24217" lon="-72.70648">
        <ele>166.22</ele>
      </trkpt>
      <trkpt lat="45.24254" lon="-72.70658">
        <ele>166.42</ele>
      </trkpt>
      <trkpt lat="45.24324" lon="-72.70689">
        <ele>165.86</ele>
      </trkpt>
      <trkpt lat="45.24368" lon="-72.70719">
        <ele>165.04</ele>
      </trkpt>
      <trkpt lat="45.2443033" lon="-72.7076567">
        <ele>161.75</ele>
      </trkpt>
      <trkpt lat="45.2449267" lon="-72.7081233">
        <ele>158.26</ele>
      </trkpt>
      <trkpt lat="45.24555" lon="-72.70859">
        <ele>152.33</ele>
      </trkpt>
      <trkpt lat="45.24626" lon="-72.70915">
        <ele>147.3</ele>
      </trkpt>
      <trkpt lat="45.24697" lon="-72.70971">
        <ele>143.57</ele>
      </trkpt>
      <trkpt lat="45.24692" lon="-72.7098">
        <ele>143.46</ele>
      </trkpt>
      <trkpt lat="45.24673" lon="-72.71033">
        <ele>142.96</ele>
      </trkpt>
      <trkpt lat="45.24668" lon="-72.71141">
        <ele>143.66</ele>
      </trkpt>
      <trkpt lat="45.24659" lon="-72.71172">
        <ele>144.29</ele>
      </trkpt>
      <trkpt lat="45.24611" lon="-72.71277">
        <ele>144.11</ele>
      </trkpt>
      <trkpt lat="45.24563" lon="-72.71382">
        <ele>144.43</ele>
      </trkpt>
      <trkpt lat="45.2451775" lon="-72.7148225">
        <ele>141.2</ele>
      </trkpt>
      <trkpt lat="45.244725" lon="-72.715825">
        <ele>138.39</ele>
      </trkpt>
      <trkpt lat="45.2442725" lon="-72.7168275">
        <ele>138.31</ele>
      </trkpt>
      <trkpt lat="45.24382" lon="-72.71783">
        <ele>140.32</ele>
      </trkpt>
      <trkpt lat="45.24381" lon="-72.71784">
        <ele>140.32</ele>
      </trkpt>
      <trkpt lat="45.2437" lon="-72.71807">
        <ele>140.25</ele>
      </trkpt>
      <trkpt lat="45.24363" lon="-72.71831">
        <ele>139.84</ele>
      </trkpt>
      <trkpt lat="45.2436" lon="-72.71867">
        <ele>138.77</ele>
      </trkpt>
      <trkpt lat="45.24366" lon="-72.71963">
        <ele>136.45</ele>
      </trkpt>
      <trkpt lat="45.24368" lon="-72.720625">
        <ele>134.31</ele>
      </trkpt>
      <trkpt lat="45.2437" lon="-72.72162">
        <ele>132.72</ele>
      </trkpt>
      <trkpt lat="45.24364" lon="-72.72192">
        <ele>132.55</ele>
      </trkpt>
      <trkpt lat="45.24355" lon="-72.72215">
        <ele>132.16</ele>
      </trkpt>
      <trkpt lat="45.2430467" lon="-72.72318">
        <ele>128.51</ele>
      </trkpt>
      <trkpt lat="45.2425433" lon="-72.72421">
        <ele>126.5</ele>
      </trkpt>
      <trkpt lat="45.24204" lon="-72.72524">
        <ele>125.73</ele>
      </trkpt>
      <trkpt lat="45.241655" lon="-72.725825">
        <ele>124.5</ele>
      </trkpt>
      <trkpt lat="45.24127" lon="-72.72641">
        <ele>124.68</ele>
      </trkpt>
      <trkpt lat="45.2407433" lon="-72.7271533">
        <ele>120.11</ele>
      </trkpt>
      <trkpt lat="45.2402167" lon="-72.7278967">
        <ele>113.52</ele>
      </trkpt>
      <trkpt lat="45.23969" lon="-72.72864">
        <ele>107.95</ele>
      </trkpt>
      <trkpt lat="45.2390867" lon="-72.7278366">
        <ele>115.43</ele>
      </trkpt>
      <trkpt lat="45.2384833" lon="-72.7270333">
        <ele>117.59</ele>
      </trkpt>
      <trkpt lat="45.23788" lon="-72.72623">
        <ele>115.73</ele>
      </trkpt>
      <trkpt lat="45.23788" lon="-72.72623">
        <ele>115.73</ele>
      </trkpt>
      <trkpt lat="45.237335" lon="-72.7255125">
        <ele>118.47</ele>
      </trkpt>
      <trkpt lat="45.23679" lon="-72.724795">
        <ele>123.13</ele>
      </trkpt>
      <trkpt lat="45.236245" lon="-72.7240775">
        <ele>124.95</ele>
      </trkpt>
      <trkpt lat="45.2357" lon="-72.72336">
        <ele>126.17</ele>
      </trkpt>
      <trkpt lat="45.23552" lon="-72.72309">
        <ele>126.38</ele>
      </trkpt>
      <trkpt lat="45.23543" lon="-72.72283">
        <ele>127.53</ele>
      </trkpt>
      <trkpt lat="45.23538" lon="-72.72261">
        <ele>127.94</ele>
      </trkpt>
      <trkpt lat="45.23527" lon="-72.72136">
        <ele>130.98</ele>
      </trkpt>
      <trkpt lat="45.23521" lon="-72.72082">
        <ele>131.39</ele>
      </trkpt>
      <trkpt lat="45.23518" lon="-72.72071">
        <ele>131.51</ele>
      </trkpt>
      <trkpt lat="45.23481" lon="-72.720025">
        <ele>132.56</ele>
      </trkpt>
      <trkpt lat="45.23444" lon="-72.71934">
        <ele>133.86</ele>
      </trkpt>
      <trkpt lat="45.23422" lon="-72.71901">
        <ele>133.16</ele>
      </trkpt>
      <trkpt lat="45.23403" lon="-72.71884">
        <ele>131.54</ele>
      </trkpt>
      <trkpt lat="45.23346" lon="-72.7184067">
        <ele>129.92</ele>
      </trkpt>
      <trkpt lat="45.23289" lon="-72.7179733">
        <ele>128.02</ele>
      </trkpt>
      <trkpt lat="45.23232" lon="-72.71754">
        <ele>125.53</ele>
      </trkpt>
      <trkpt lat="45.23217" lon="-72.7174">
        <ele>125.24</ele>
      </trkpt>
      <trkpt lat="45.23205" lon="-72.71722">
        <ele>124.94</ele>
      </trkpt>
      <trkpt lat="45.23167" lon="-72.71624">
        <ele>123.47</ele>
      </trkpt>
      <trkpt lat="45.23122" lon="-72.71526">
        <ele>120.05</ele>
      </trkpt>
      <trkpt lat="45.2311" lon="-72.7149">
        <ele>118.2</ele>
      </trkpt>
      <trkpt lat="45.23098" lon="-72.71432">
        <ele>116.39</ele>
      </trkpt>
      <trkpt lat="45.23095" lon="-72.71386">
        <ele>116.45</ele>
      </trkpt>
      <trkpt lat="45.23095" lon="-72.71386">
        <ele>116.47</ele>
      </trkpt>
      <trkpt lat="45.23091" lon="-72.712995">
        <ele>119.8</ele>
      </trkpt>
      <trkpt lat="45.23087" lon="-72.71213">
        <ele>124.98</ele>
      </trkpt>
      <trkpt lat="45.23081" lon="-72.71133">
        <ele>126.94</ele>
      </trkpt>
      <trkpt lat="45.23069" lon="-72.71042">
        <ele>127.43</ele>
      </trkpt>
      <trkpt lat="45.23052" lon="-72.709595">
        <ele>126.9</ele>
      </trkpt>
      <trkpt lat="45.23035" lon="-72.70877">
        <ele>126.95</ele>
      </trkpt>
      <trkpt lat="45.23002" lon="-72.70787">
        <ele>129.28</ele>
      </trkpt>
      <trkpt lat="45.22968" lon="-72.70711">
        <ele>129.22</ele>
      </trkpt>
      <trkpt lat="45.22925" lon="-72.70622">
        <ele>125.9</ele>
      </trkpt>
      <trkpt lat="45.22905" lon="-72.70587">
        <ele>125.26</ele>
      </trkpt>
      <trkpt lat="45.22896" lon="-72.70562">
        <ele>124.8</ele>
      </trkpt>
      <trkpt lat="45.22879" lon="-72.70563">
        <ele>124.36</ele>
      </trkpt>
      <trkpt lat="45.22839" lon="-72.70536">
        <ele>121.01</ele>
      </trkpt>
      <trkpt lat="45.22822" lon="-72.70532">
        <ele>119.88</ele>
      </trkpt>
      <trkpt lat="45.227595" lon="-72.705335">
        <ele>114.01</ele>
      </trkpt>
      <trkpt lat="45.22697" lon="-72.70535">
        <ele>109.94</ele>
      </trkpt>
      <trkpt lat="45.22695" lon="-72.70535">
        <ele>109.85</ele>
      </trkpt>
      <trkpt lat="45.22629" lon="-72.70537">
        <ele>108.17</ele>
      </trkpt>
      <trkpt lat="45.22565" lon="-72.70541">
        <ele>107.86</ele>
      </trkpt>
      <trkpt lat="45.22528" lon="-72.70545">
        <ele>108.41</ele>
      </trkpt>
      <trkpt lat="45.22502" lon="-72.7055">
        <ele>108.73</ele>
      </trkpt>
      <trkpt lat="45.22482" lon="-72.70559">
        <ele>109.1</ele>
      </trkpt>
      <trkpt lat="45.22449" lon="-72.70578">
        <ele>109.82</ele>
      </trkpt>
      <trkpt lat="45.2237525" lon="-72.7064075">
        <ele>112.67</ele>
      </trkpt>
      <trkpt lat="45.223015" lon="-72.707035">
        <ele>118.16</ele>
      </trkpt>
      <trkpt lat="45.2222775" lon="-72.7076625">
        <ele>124.06</ele>
      </trkpt>
      <trkpt lat="45.22154" lon="-72.70829">
        <ele>130.04</ele>
      </trkpt>
      <trkpt lat="45.22154" lon="-72.7083">
        <ele>130.05</ele>
      </trkpt>
      <trkpt lat="45.22097" lon="-72.70874">
        <ele>133.26</ele>
      </trkpt>
      <trkpt lat="45.2204" lon="-72.70918">
        <ele>136.48</ele>
      </trkpt>
      <trkpt lat="45.219645" lon="-72.709785">
        <ele>138.9</ele>
      </trkpt>
      <trkpt lat="45.21889" lon="-72.71039">
        <ele>138.59</ele>
      </trkpt>
      <trkpt lat="45.21836" lon="-72.71096">
        <ele>138.07</ele>
      </trkpt>
      <trkpt lat="45.21786" lon="-72.71158">
        <ele>137.55</ele>
      </trkpt>
      <trkpt lat="45.21776" lon="-72.71181">
        <ele>136.91</ele>
      </trkpt>
      <trkpt lat="45.21775" lon="-72.71191">
        <ele>136.91</ele>
      </trkpt>
      <trkpt lat="45.21776" lon="-72.71209">
        <ele>136.72</ele>
      </trkpt>
      <trkpt lat="45.21783" lon="-72.71238">
        <ele>136.3</ele>
      </trkpt>
      <trkpt lat="45.21734" lon="-72.71263">
        <ele>136.35</ele>
      </trkpt>
      <trkpt lat="45.21695" lon="-72.71289">
        <ele>136.16</ele>
      </trkpt>
      <trkpt lat="45.21659" lon="-72.71316">
        <ele>135.63</ele>
      </trkpt>
      <trkpt lat="45.21658" lon="-72.71316">
        <ele>135.62</ele>
      </trkpt>
      <trkpt lat="45.21629" lon="-72.71342">
        <ele>134.99</ele>
      </trkpt>
      <trkpt lat="45.2157" lon="-72.714045">
        <ele>132.97</ele>
      </trkpt>
      <trkpt lat="45.21511" lon="-72.71467">
        <ele>130.87</ele>
      </trkpt>
      <trkpt lat="45.21466" lon="-72.71504">
        <ele>130.58</ele>
      </trkpt>
      <trkpt lat="45.21446" lon="-72.71517">
        <ele>130.87</ele>
      </trkpt>
      <trkpt lat="45.21419" lon="-72.7153">
        <ele>131.43</ele>
      </trkpt>
      <trkpt lat="45.21371" lon="-72.71544">
        <ele>132.87</ele>
      </trkpt>
      <trkpt lat="45.2135" lon="-72.71548">
        <ele>133.51</ele>
      </trkpt>
      <trkpt lat="45.213" lon="-72.71545">
        <ele>134.18</ele>
      </trkpt>
      <trkpt lat="45.2121767" lon="-72.71531">
        <ele>132.79</ele>
      </trkpt>
      <trkpt lat="45.2113533" lon="-72.71517">
        <ele>132.95</ele>
      </trkpt>
      <trkpt lat="45.21053" lon="-72.71503">
        <ele>133.9</ele>
      </trkpt>
      <trkpt lat="45.20977" lon="-72.7148">
        <ele>133.21</ele>
      </trkpt>
      <trkpt lat="45.20901" lon="-72.71457">
        <ele>131.79</ele>
      </trkpt>
      <trkpt lat="45.20842" lon="-72.71441">
        <ele>130.92</ele>
      </trkpt>
      <trkpt lat="45.20842" lon="-72.71441">
        <ele>130.92</ele>
      </trkpt>
      <trkpt lat="45.20819" lon="-72.71436">
        <ele>130.56</ele>
      </trkpt>
      <trkpt lat="45.20793" lon="-72.71437">
        <ele>130.37</ele>
      </trkpt>
      <trkpt lat="45.20789" lon="-72.71405">
        <ele>130.39</ele>
      </trkpt>
      <trkpt lat="45.20781" lon="-72.71369">
        <ele>130.23</ele>
      </trkpt>
      <trkpt lat="45.20767" lon="-72.71319">
        <ele>127.34</ele>
      </trkpt>
      <trkpt lat="45.2075" lon="-72.7127">
        <ele>125.02</ele>
      </trkpt>
      <trkpt lat="45.20702" lon="-72.71173">
        <ele>120.88</ele>
      </trkpt>
      <trkpt lat="45.20701" lon="-72.71173">
        <ele>120.88</ele>
      </trkpt>
      <trkpt lat="45.20686" lon="-72.71172">
        <ele>120.26</ele>
      </trkpt>
      <trkpt lat="45.20666" lon="-72.71167">
        <ele>118.52</ele>
      </trkpt>
      <trkpt lat="45.20648" lon="-72.71167">
        <ele>118.07</ele>
      </trkpt>
      <trkpt lat="45.20588" lon="-72.7119">
        <ele>121.32</ele>
      </trkpt>
      <trkpt lat="45.20528" lon="-72.71213">
        <ele>127.91</ele>
      </trkpt>
      <trkpt lat="45.204745" lon="-72.712225">
        <ele>130.74</ele>
      </trkpt>
      <trkpt lat="45.20421" lon="-72.71232">
        <ele>130.74</ele>
      </trkpt>
      <trkpt lat="45.20374" lon="-72.71243">
        <ele>127.82</ele>
      </trkpt>
      <trkpt lat="45.20356" lon="-72.7124">
        <ele>125.42</ele>
      </trkpt>
      <trkpt lat="45.20337" lon="-72.71235">
        <ele>125.42</ele>
      </trkpt>
      <trkpt lat="45.2032" lon="-72.71227">
        <ele>121.74</ele>
      </trkpt>
      <trkpt lat="45.203" lon="-72.71214">
        <ele>119.28</ele>
      </trkpt>
      <trkpt lat="45.203" lon="-72.71214">
        <ele>119.24</ele>
      </trkpt>
      <trkpt lat="45.20264" lon="-72.7119">
        <ele>116.71</ele>
      </trkpt>
      <trkpt lat="45.2022" lon="-72.711555">
        <ele>115.78</ele>
      </trkpt>
      <trkpt lat="45.20176" lon="-72.71121">
        <ele>117.25</ele>
      </trkpt>
      <trkpt lat="45.20133" lon="-72.71092">
        <ele>117.92</ele>
      </trkpt>
      <trkpt lat="45.20104" lon="-72.71069">
        <ele>119.94</ele>
      </trkpt>
      <trkpt lat="45.20092" lon="-72.71056">
        <ele>120.92</ele>
      </trkpt>
      <trkpt lat="45.20083" lon="-72.71038">
        <ele>121.55</ele>
      </trkpt>
      <trkpt lat="45.20083" lon="-72.71038">
        <ele>121.55</ele>
      </trkpt>
      <trkpt lat="45.20092" lon="-72.71056">
        <ele>120.92</ele>
      </trkpt>
      <trkpt lat="45.20104" lon="-72.71069">
        <ele>119.94</ele>
      </trkpt>
      <trkpt lat="45.20133" lon="-72.71092">
        <ele>117.92</ele>
      </trkpt>
      <trkpt lat="45.20104" lon="-72.71069">
        <ele>119.94</ele>
      </trkpt>
      <trkpt lat="45.20092" lon="-72.71056">
        <ele>120.92</ele>
      </trkpt>
      <trkpt lat="45.20083" lon="-72.71038">
        <ele>121.55</ele>
      </trkpt>
      <trkpt lat="45.20075" lon="-72.71011">
        <ele>122.25</ele>
      </trkpt>
      <trkpt lat="45.20071" lon="-72.70975">
        <ele>123.22</ele>
      </trkpt>
      <trkpt lat="45.200815" lon="-72.708945">
        <ele>125.53</ele>
      </trkpt>
      <trkpt lat="45.20092" lon="-72.70814">
        <ele>126.49</ele>
      </trkpt>
      <trkpt lat="45.2009" lon="-72.70797">
        <ele>126.49</ele>
      </trkpt>
      <trkpt lat="45.20084" lon="-72.70783">
        <ele>126.8</ele>
      </trkpt>
      <trkpt lat="45.20077" lon="-72.70775">
        <ele>126.8</ele>
      </trkpt>
      <trkpt lat="45.20046" lon="-72.70764">
        <ele>127.37</ele>
      </trkpt>
      <trkpt lat="45.20029" lon="-72.70872">
        <ele>130.3</ele>
      </trkpt>
      <trkpt lat="45.20012" lon="-72.7098">
        <ele>131.77</ele>
      </trkpt>
      <trkpt lat="45.19993" lon="-72.7108367">
        <ele>132.89</ele>
      </trkpt>
      <trkpt lat="45.19974" lon="-72.7118734">
        <ele>133.53</ele>
      </trkpt>
      <trkpt lat="45.19955" lon="-72.71291">
        <ele>133.35</ele>
      </trkpt>
      <trkpt lat="45.19936" lon="-72.7139467">
        <ele>134.08</ele>
      </trkpt>
      <trkpt lat="45.19917" lon="-72.7149834">
        <ele>134.93</ele>
      </trkpt>
      <trkpt lat="45.19898" lon="-72.71602">
        <ele>136.11</ele>
      </trkpt>
      <trkpt lat="45.19872" lon="-72.71592">
        <ele>136.2</ele>
      </trkpt>
      <trkpt lat="45.19892" lon="-72.71518">
        <ele>135.13</ele>
      </trkpt>
      <trkpt lat="45.19903" lon="-72.71468">
        <ele>134.24</ele>
      </trkpt>
      <trkpt lat="45.19922" lon="-72.713625">
        <ele>133.55</ele>
      </trkpt>
      <trkpt lat="45.19941" lon="-72.71257">
        <ele>133.26</ele>
      </trkpt>
      <trkpt lat="45.19947" lon="-72.712">
        <ele>133.48</ele>
      </trkpt>
      <trkpt lat="45.19946" lon="-72.71163">
        <ele>133.56</ele>
      </trkpt>
      <trkpt lat="45.19945" lon="-72.71141">
        <ele>133.73</ele>
      </trkpt>
      <trkpt lat="45.19941" lon="-72.71105">
        <ele>133.58</ele>
      </trkpt>
      <trkpt lat="45.1992" lon="-72.71022">
        <ele>133.94</ele>
      </trkpt>
      <trkpt lat="45.19899" lon="-72.70939">
        <ele>135.15</ele>
      </trkpt>
      <trkpt lat="45.19882" lon="-72.70877">
        <ele>136.44</ele>
      </trkpt>
      <trkpt lat="45.19871" lon="-72.70845">
        <ele>137.19</ele>
      </trkpt>
      <trkpt lat="45.19864" lon="-72.70832">
        <ele>137.48</ele>
      </trkpt>
      <trkpt lat="45.19836" lon="-72.70787">
        <ele>139.65</ele>
      </trkpt>
      <trkpt lat="45.19799" lon="-72.707425">
        <ele>143.47</ele>
      </trkpt>
      <trkpt lat="45.19762" lon="-72.70698">
        <ele>147.94</ele>
      </trkpt>
      <trkpt lat="45.19723" lon="-72.7064">
        <ele>151.68</ele>
      </trkpt>
      <trkpt lat="45.19696" lon="-72.7059">
        <ele>154.69</ele>
      </trkpt>
      <trkpt lat="45.1967" lon="-72.70532">
        <ele>156.34</ele>
      </trkpt>
      <trkpt lat="45.19655" lon="-72.70507">
        <ele>156.54</ele>
      </trkpt>
      <trkpt lat="45.19636" lon="-72.70478">
        <ele>156.5</ele>
      </trkpt>
      <trkpt lat="45.19586" lon="-72.70435">
        <ele>157</ele>
      </trkpt>
      <trkpt lat="45.19511" lon="-72.70384">
        <ele>156.43</ele>
      </trkpt>
      <trkpt lat="45.19451" lon="-72.70341">
        <ele>154.82</ele>
      </trkpt>
      <trkpt lat="45.19451" lon="-72.7034">
        <ele>154.8</ele>
      </trkpt>
      <trkpt lat="45.19431" lon="-72.70327">
        <ele>154.22</ele>
      </trkpt>
      <trkpt lat="45.193625" lon="-72.702995">
        <ele>151.67</ele>
      </trkpt>
      <trkpt lat="45.19294" lon="-72.70272">
        <ele>151.49</ele>
      </trkpt>
      <trkpt lat="45.19264" lon="-72.70251">
        <ele>152.21</ele>
      </trkpt>
      <trkpt lat="45.19206" lon="-72.70196">
        <ele>151.97</ele>
      </trkpt>
      <trkpt lat="45.19174" lon="-72.7016">
        <ele>150.46</ele>
      </trkpt>
      <trkpt lat="45.19114" lon="-72.70081">
        <ele>149.06</ele>
      </trkpt>
      <trkpt lat="45.19089" lon="-72.70044">
        <ele>149.03</ele>
      </trkpt>
      <trkpt lat="45.19046" lon="-72.69985">
        <ele>147.97</ele>
      </trkpt>
      <trkpt lat="45.18994" lon="-72.69922">
        <ele>145.52</ele>
      </trkpt>
      <trkpt lat="45.18976" lon="-72.69901">
        <ele>145.23</ele>
      </trkpt>
      <trkpt lat="45.18924" lon="-72.6986">
        <ele>144.12</ele>
      </trkpt>
      <trkpt lat="45.18896" lon="-72.69847">
        <ele>142.93</ele>
      </trkpt>
      <trkpt lat="45.1882633" lon="-72.6982">
        <ele>143.12</ele>
      </trkpt>
      <trkpt lat="45.1875667" lon="-72.69793">
        <ele>144.61</ele>
      </trkpt>
      <trkpt lat="45.18687" lon="-72.69766">
        <ele>145.78</ele>
      </trkpt>
      <trkpt lat="45.18617" lon="-72.69736">
        <ele>146.58</ele>
      </trkpt>
      <trkpt lat="45.18551" lon="-72.69704">
        <ele>148.47</ele>
      </trkpt>
      <trkpt lat="45.18483" lon="-72.69672">
        <ele>149.82</ele>
      </trkpt>
      <trkpt lat="45.18424" lon="-72.696405">
        <ele>148.55</ele>
      </trkpt>
      <trkpt lat="45.18365" lon="-72.69609">
        <ele>144.7</ele>
      </trkpt>
      <trkpt lat="45.1829075" lon="-72.6956325">
        <ele>142.89</ele>
      </trkpt>
      <trkpt lat="45.182165" lon="-72.695175">
        <ele>141.97</ele>
      </trkpt>
      <trkpt lat="45.1814225" lon="-72.6947175">
        <ele>142.14</ele>
      </trkpt>
      <trkpt lat="45.18068" lon="-72.69426">
        <ele>141.7</ele>
      </trkpt>
      <trkpt lat="45.180075" lon="-72.69384">
        <ele>140.7</ele>
      </trkpt>
      <trkpt lat="45.17947" lon="-72.69342">
        <ele>135.93</ele>
      </trkpt>
      <trkpt lat="45.1792" lon="-72.69328">
        <ele>132.12</ele>
      </trkpt>
      <trkpt lat="45.1786" lon="-72.6930267">
        <ele>129.5</ele>
      </trkpt>
      <trkpt lat="45.178" lon="-72.6927733">
        <ele>128.35</ele>
      </trkpt>
      <trkpt lat="45.1774" lon="-72.69252">
        <ele>130.43</ele>
      </trkpt>
      <trkpt lat="45.17707" lon="-72.69229">
        <ele>134.59</ele>
      </trkpt>
      <trkpt lat="45.1769" lon="-72.69211">
        <ele>137.86</ele>
      </trkpt>
      <trkpt lat="45.17658" lon="-72.69175">
        <ele>141.09</ele>
      </trkpt>
      <trkpt lat="45.1760167" lon="-72.69101">
        <ele>142.98</ele>
      </trkpt>
      <trkpt lat="45.1754533" lon="-72.69027">
        <ele>144.31</ele>
      </trkpt>
      <trkpt lat="45.17489" lon="-72.68953">
        <ele>144.16</ele>
      </trkpt>
      <trkpt lat="45.17484" lon="-72.68929">
        <ele>143.71</ele>
      </trkpt>
      <trkpt lat="45.17476" lon="-72.68819">
        <ele>142.25</ele>
      </trkpt>
      <trkpt lat="45.17468" lon="-72.68709">
        <ele>139.94</ele>
      </trkpt>
      <trkpt lat="45.174575" lon="-72.685975">
        <ele>138.22</ele>
      </trkpt>
      <trkpt lat="45.17447" lon="-72.68486">
        <ele>137.44</ele>
      </trkpt>
      <trkpt lat="45.17441" lon="-72.68378">
        <ele>137.09</ele>
      </trkpt>
      <trkpt lat="45.17435" lon="-72.6827">
        <ele>136.06</ele>
      </trkpt>
      <trkpt lat="45.17427" lon="-72.68197">
        <ele>134.45</ele>
      </trkpt>
      <trkpt lat="45.17419" lon="-72.68124">
        <ele>133.57</ele>
      </trkpt>
      <trkpt lat="45.17407" lon="-72.68053">
        <ele>133.37</ele>
      </trkpt>
      <trkpt lat="45.17408" lon="-72.68053">
        <ele>133.37</ele>
      </trkpt>
      <trkpt lat="45.17403" lon="-72.6802">
        <ele>133.58</ele>
      </trkpt>
      <trkpt lat="45.17394" lon="-72.67923">
        <ele>135.74</ele>
      </trkpt>
      <trkpt lat="45.17389" lon="-72.6781833">
        <ele>141.21</ele>
      </trkpt>
      <trkpt lat="45.17384" lon="-72.6771367">
        <ele>137.95</ele>
      </trkpt>
      <trkpt lat="45.17379" lon="-72.67609">
        <ele>134.86</ele>
      </trkpt>
      <trkpt lat="45.17371" lon="-72.67541">
        <ele>135.92</ele>
      </trkpt>
      <trkpt lat="45.1736417" lon="-72.6743517">
        <ele>138.54</ele>
      </trkpt>
      <trkpt lat="45.1735734" lon="-72.6732933">
        <ele>140.42</ele>
      </trkpt>
      <trkpt lat="45.173505" lon="-72.672235">
        <ele>140.86</ele>
      </trkpt>
      <trkpt lat="45.1734367" lon="-72.6711767">
        <ele>143.01</ele>
      </trkpt>
      <trkpt lat="45.1733684" lon="-72.6701183">
        <ele>146.74</ele>
      </trkpt>
      <trkpt lat="45.1733" lon="-72.66906">
        <ele>148.79</ele>
      </trkpt>
      <trkpt lat="45.17328" lon="-72.668075">
        <ele>149.16</ele>
      </trkpt>
      <trkpt lat="45.17326" lon="-72.66709">
        <ele>149.58</ele>
      </trkpt>
      <trkpt lat="45.17329" lon="-72.66683">
        <ele>148.89</ele>
      </trkpt>
      <trkpt lat="45.17335" lon="-72.66665">
        <ele>148.48</ele>
      </trkpt>
      <trkpt lat="45.1738025" lon="-72.6658975">
        <ele>144.54</ele>
      </trkpt>
      <trkpt lat="45.174255" lon="-72.665145">
        <ele>141.16</ele>
      </trkpt>
      <trkpt lat="45.1747075" lon="-72.6643925">
        <ele>137.36</ele>
      </trkpt>
      <trkpt lat="45.17516" lon="-72.66364">
        <ele>130.31</ele>
      </trkpt>
      <trkpt lat="45.17571" lon="-72.66278">
        <ele>127.26</ele>
      </trkpt>
      <trkpt lat="45.17605" lon="-72.66212">
        <ele>128.01</ele>
      </trkpt>
      <trkpt lat="45.17607" lon="-72.66136">
        <ele>129.13</ele>
      </trkpt>
      <trkpt lat="45.17601" lon="-72.6601">
        <ele>129.41</ele>
      </trkpt>
      <trkpt lat="45.17591" lon="-72.65947">
        <ele>130.03</ele>
      </trkpt>
      <trkpt lat="45.17572" lon="-72.65904">
        <ele>131.62</ele>
      </trkpt>
      <trkpt lat="45.17535" lon="-72.65845">
        <ele>132.03</ele>
      </trkpt>
      <trkpt lat="45.17519" lon="-72.65814">
        <ele>132.6</ele>
      </trkpt>
      <trkpt lat="45.17507" lon="-72.65768">
        <ele>131.03</ele>
      </trkpt>
      <trkpt lat="45.17486" lon="-72.65726">
        <ele>129.8</ele>
      </trkpt>
      <trkpt lat="45.17457" lon="-72.65687">
        <ele>131.5</ele>
      </trkpt>
      <trkpt lat="45.17399" lon="-72.6562">
        <ele>139.12</ele>
      </trkpt>
      <trkpt lat="45.17345" lon="-72.65567">
        <ele>141.05</ele>
      </trkpt>
      <trkpt lat="45.17303" lon="-72.65523">
        <ele>143.76</ele>
      </trkpt>
      <trkpt lat="45.17258" lon="-72.65468">
        <ele>145.19</ele>
      </trkpt>
      <trkpt lat="45.17246" lon="-72.65451">
        <ele>145.19</ele>
      </trkpt>
      <trkpt lat="45.17231" lon="-72.65424">
        <ele>147.75</ele>
      </trkpt>
      <trkpt lat="45.17216" lon="-72.65392">
        <ele>148.33</ele>
      </trkpt>
      <trkpt lat="45.17181" lon="-72.65303">
        <ele>152.28</ele>
      </trkpt>
      <trkpt lat="45.17154" lon="-72.65223">
        <ele>158.18</ele>
      </trkpt>
      <trkpt lat="45.17144" lon="-72.65201">
        <ele>159.11</ele>
      </trkpt>
      <trkpt lat="45.1713" lon="-72.65175">
        <ele>159.87</ele>
      </trkpt>
      <trkpt lat="45.17105" lon="-72.65142">
        <ele>161.04</ele>
      </trkpt>
      <trkpt lat="45.17068" lon="-72.65101">
        <ele>161.85</ele>
      </trkpt>
      <trkpt lat="45.17014" lon="-72.65057">
        <ele>163.41</ele>
      </trkpt>
      <trkpt lat="45.16954" lon="-72.64999">
        <ele>169.24</ele>
      </trkpt>
      <trkpt lat="45.1692" lon="-72.64963">
        <ele>172.43</ele>
      </trkpt>
      <trkpt lat="45.16883" lon="-72.64917">
        <ele>173.33</ele>
      </trkpt>
      <trkpt lat="45.168385" lon="-72.6487">
        <ele>171.63</ele>
      </trkpt>
      <trkpt lat="45.16794" lon="-72.64823">
        <ele>171.6</ele>
      </trkpt>
      <trkpt lat="45.16764" lon="-72.64793">
        <ele>172.17</ele>
      </trkpt>
      <trkpt lat="45.1669667" lon="-72.6473767">
        <ele>174.7</ele>
      </trkpt>
      <trkpt lat="45.1662933" lon="-72.6468233">
        <ele>181.93</ele>
      </trkpt>
      <trkpt lat="45.16562" lon="-72.64627">
        <ele>188.67</ele>
      </trkpt>
      <trkpt lat="45.164855" lon="-72.64567">
        <ele>189.82</ele>
      </trkpt>
      <trkpt lat="45.16409" lon="-72.64507">
        <ele>191.89</ele>
      </trkpt>
      <trkpt lat="45.16332" lon="-72.64456">
        <ele>196.54</ele>
      </trkpt>
      <trkpt lat="45.16305" lon="-72.64448">
        <ele>196.23</ele>
      </trkpt>
      <trkpt lat="45.16283" lon="-72.64452">
        <ele>195.74</ele>
      </trkpt>
      <trkpt lat="45.16221" lon="-72.64466">
        <ele>191.9</ele>
      </trkpt>
      <trkpt lat="45.16136" lon="-72.64489">
        <ele>187.25</ele>
      </trkpt>
      <trkpt lat="45.16074" lon="-72.64513">
        <ele>182.82</ele>
      </trkpt>
      <trkpt lat="45.16012" lon="-72.64537">
        <ele>180.19</ele>
      </trkpt>
      <trkpt lat="45.15967" lon="-72.64551">
        <ele>178.23</ele>
      </trkpt>
      <trkpt lat="45.15942" lon="-72.64555">
        <ele>177.48</ele>
      </trkpt>
      <trkpt lat="45.158694" lon="-72.64561">
        <ele>176.97</ele>
      </trkpt>
      <trkpt lat="45.157968" lon="-72.64567">
        <ele>177.09</ele>
      </trkpt>
      <trkpt lat="45.157242" lon="-72.64573">
        <ele>176.18</ele>
      </trkpt>
      <trkpt lat="45.156516" lon="-72.64579">
        <ele>175.69</ele>
      </trkpt>
      <trkpt lat="45.15579" lon="-72.64585">
        <ele>174.66</ele>
      </trkpt>
      <trkpt lat="45.15508" lon="-72.64588">
        <ele>177.5</ele>
      </trkpt>
      <trkpt lat="45.15437" lon="-72.64591">
        <ele>182.27</ele>
      </trkpt>
      <trkpt lat="45.153895" lon="-72.645945">
        <ele>185.65</ele>
      </trkpt>
      <trkpt lat="45.15342" lon="-72.64598">
        <ele>187.34</ele>
      </trkpt>
      <trkpt lat="45.15341" lon="-72.64598">
        <ele>187.35</ele>
      </trkpt>
      <trkpt lat="45.1527767" lon="-72.64603">
        <ele>190.73</ele>
      </trkpt>
      <trkpt lat="45.1521433" lon="-72.64608">
        <ele>194.54</ele>
      </trkpt>
      <trkpt lat="45.15151" lon="-72.64613">
        <ele>198.83</ele>
      </trkpt>
      <trkpt lat="45.1506533" lon="-72.6461767">
        <ele>203.87</ele>
      </trkpt>
      <trkpt lat="45.1497967" lon="-72.6462233">
        <ele>208.16</ele>
      </trkpt>
      <trkpt lat="45.14894" lon="-72.64627">
        <ele>212.97</ele>
      </trkpt>
      <trkpt lat="45.1481" lon="-72.646275">
        <ele>220.56</ele>
      </trkpt>
      <trkpt lat="45.14726" lon="-72.64628">
        <ele>231.78</ele>
      </trkpt>
      <trkpt lat="45.14688" lon="-72.64624">
        <ele>235.55</ele>
      </trkpt>
      <trkpt lat="45.14678" lon="-72.647255">
        <ele>234.06</ele>
      </trkpt>
      <trkpt lat="45.14668" lon="-72.64827">
        <ele>229.43</ele>
      </trkpt>
      <trkpt lat="45.14664" lon="-72.649">
        <ele>226.76</ele>
      </trkpt>
      <trkpt lat="45.1466034" lon="-72.6501783">
        <ele>224.78</ele>
      </trkpt>
      <trkpt lat="45.1465667" lon="-72.6513567">
        <ele>223.7</ele>
      </trkpt>
      <trkpt lat="45.1465301" lon="-72.652535">
        <ele>223.1</ele>
      </trkpt>
      <trkpt lat="45.1464934" lon="-72.6537133">
        <ele>222.98</ele>
      </trkpt>
      <trkpt lat="45.1464567" lon="-72.6548917">
        <ele>222.22</ele>
      </trkpt>
      <trkpt lat="45.14642" lon="-72.65607">
        <ele>221.72</ele>
      </trkpt>
      <trkpt lat="45.14642" lon="-72.65608">
        <ele>221.72</ele>
      </trkpt>
      <trkpt lat="45.1464" lon="-72.65661">
        <ele>221.67</ele>
      </trkpt>
      <trkpt lat="45.1464" lon="-72.657485">
        <ele>220.57</ele>
      </trkpt>
      <trkpt lat="45.1464" lon="-72.65836">
        <ele>219.28</ele>
      </trkpt>
      <trkpt lat="45.146455" lon="-72.659305">
        <ele>217.96</ele>
      </trkpt>
      <trkpt lat="45.14651" lon="-72.66025">
        <ele>218.78</ele>
      </trkpt>
      <trkpt lat="45.14565" lon="-72.6603033">
        <ele>224.12</ele>
      </trkpt>
      <trkpt lat="45.14479" lon="-72.6603567">
        <ele>231.56</ele>
      </trkpt>
      <trkpt lat="45.14393" lon="-72.66041">
        <ele>236.88</ele>
      </trkpt>
      <trkpt lat="45.14316" lon="-72.66041">
        <ele>241.47</ele>
      </trkpt>
      <trkpt lat="45.1423557" lon="-72.6604314">
        <ele>247.3</ele>
      </trkpt>
      <trkpt lat="45.1415514" lon="-72.6604529">
        <ele>252.32</ele>
      </trkpt>
      <trkpt lat="45.1407471" lon="-72.6604743">
        <ele>259.38</ele>
      </trkpt>
      <trkpt lat="45.1399429" lon="-72.6604957">
        <ele>263.01</ele>
      </trkpt>
      <trkpt lat="45.1391386" lon="-72.6605171">
        <ele>267.18</ele>
      </trkpt>
      <trkpt lat="45.1383343" lon="-72.6605386">
        <ele>268.67</ele>
      </trkpt>
      <trkpt lat="45.13753" lon="-72.66056">
        <ele>271.37</ele>
      </trkpt>
      <trkpt lat="45.13673" lon="-72.66063">
        <ele>271.73</ele>
      </trkpt>
      <trkpt lat="45.13617" lon="-72.66073">
        <ele>271.43</ele>
      </trkpt>
      <trkpt lat="45.13594" lon="-72.66086">
        <ele>271.79</ele>
      </trkpt>
      <trkpt lat="45.13576" lon="-72.661">
        <ele>272.42</ele>
      </trkpt>
      <trkpt lat="45.13565" lon="-72.66114">
        <ele>272.89</ele>
      </trkpt>
      <trkpt lat="45.135275" lon="-72.661495">
        <ele>275.03</ele>
      </trkpt>
      <trkpt lat="45.1349" lon="-72.66185">
        <ele>275.87</ele>
      </trkpt>
      <trkpt lat="45.13453" lon="-72.66199">
        <ele>278.34</ele>
      </trkpt>
      <trkpt lat="45.13416" lon="-72.66204">
        <ele>281.25</ele>
      </trkpt>
      <trkpt lat="45.13327" lon="-72.662055">
        <ele>280.85</ele>
      </trkpt>
      <trkpt lat="45.13238" lon="-72.66207">
        <ele>282.89</ele>
      </trkpt>
      <trkpt lat="45.13198" lon="-72.66217">
        <ele>282.47</ele>
      </trkpt>
      <trkpt lat="45.13175" lon="-72.66226">
        <ele>281.49</ele>
      </trkpt>
      <trkpt lat="45.13144" lon="-72.66244">
        <ele>280.99</ele>
      </trkpt>
      <trkpt lat="45.13111" lon="-72.6627">
        <ele>280.95</ele>
      </trkpt>
      <trkpt lat="45.13082" lon="-72.66288">
        <ele>281.1</ele>
      </trkpt>
      <trkpt lat="45.13044" lon="-72.66297">
        <ele>281.78</ele>
      </trkpt>
      <trkpt lat="45.13013" lon="-72.66293">
        <ele>282.79</ele>
      </trkpt>
      <trkpt lat="45.12997" lon="-72.66288">
        <ele>283.8</ele>
      </trkpt>
      <trkpt lat="45.12916" lon="-72.66247">
        <ele>274.51</ele>
      </trkpt>
      <trkpt lat="45.12849" lon="-72.66229">
        <ele>264.55</ele>
      </trkpt>
      <trkpt lat="45.12765" lon="-72.662315">
        <ele>256.63</ele>
      </trkpt>
      <trkpt lat="45.12681" lon="-72.66234">
        <ele>252.5</ele>
      </trkpt>
      <trkpt lat="45.1263" lon="-72.66236">
        <ele>252.81</ele>
      </trkpt>
      <trkpt lat="45.12579" lon="-72.66238">
        <ele>255.55</ele>
      </trkpt>
      <trkpt lat="45.12565" lon="-72.66243">
        <ele>255.71</ele>
      </trkpt>
      <trkpt lat="45.12532" lon="-72.66261">
        <ele>255.15</ele>
      </trkpt>
      <trkpt lat="45.12519" lon="-72.6627">
        <ele>253.39</ele>
      </trkpt>
      <trkpt lat="45.12504" lon="-72.66287">
        <ele>253.39</ele>
      </trkpt>
      <trkpt lat="45.12503" lon="-72.66287">
        <ele>253.38</ele>
      </trkpt>
      <trkpt lat="45.12453" lon="-72.663435">
        <ele>251.05</ele>
      </trkpt>
      <trkpt lat="45.12403" lon="-72.664">
        <ele>247.93</ele>
      </trkpt>
      <trkpt lat="45.12348" lon="-72.66432">
        <ele>243.85</ele>
      </trkpt>
      <trkpt lat="45.12261" lon="-72.66458">
        <ele>240.95</ele>
      </trkpt>
      <trkpt lat="45.12234" lon="-72.66471">
        <ele>240.73</ele>
      </trkpt>
      <trkpt lat="45.12177" lon="-72.66503">
        <ele>240.9</ele>
      </trkpt>
      <trkpt lat="45.12144" lon="-72.66525">
        <ele>240.11</ele>
      </trkpt>
      <trkpt lat="45.12103" lon="-72.665585">
        <ele>236.76</ele>
      </trkpt>
      <trkpt lat="45.12062" lon="-72.66592">
        <ele>231.45</ele>
      </trkpt>
      <trkpt lat="45.12014" lon="-72.66628">
        <ele>227.99</ele>
      </trkpt>
      <trkpt lat="45.11975" lon="-72.66661">
        <ele>227.1</ele>
      </trkpt>
      <trkpt lat="45.11936" lon="-72.66694">
        <ele>228.6</ele>
      </trkpt>
      <trkpt lat="45.11921" lon="-72.66575">
        <ele>226.22</ele>
      </trkpt>
      <trkpt lat="45.11911" lon="-72.66516">
        <ele>227.52</ele>
      </trkpt>
      <trkpt lat="45.11897" lon="-72.66471">
        <ele>229.52</ele>
      </trkpt>
      <trkpt lat="45.11857" lon="-72.66391">
        <ele>235.9</ele>
      </trkpt>
      <trkpt lat="45.1184" lon="-72.66364">
        <ele>236.77</ele>
      </trkpt>
      <trkpt lat="45.11809" lon="-72.66333">
        <ele>238.09</ele>
      </trkpt>
      <trkpt lat="45.11775" lon="-72.66279">
        <ele>239.75</ele>
      </trkpt>
      <trkpt lat="45.117305" lon="-72.66198">
        <ele>242.41</ele>
      </trkpt>
      <trkpt lat="45.11686" lon="-72.66117">
        <ele>245.16</ele>
      </trkpt>
      <trkpt lat="45.11634" lon="-72.66014">
        <ele>251.3</ele>
      </trkpt>
      <trkpt lat="45.11608" lon="-72.65944">
        <ele>250.57</ele>
      </trkpt>
      <trkpt lat="45.11606" lon="-72.65933">
        <ele>250.57</ele>
      </trkpt>
      <trkpt lat="45.11606" lon="-72.65933">
        <ele>250.57</ele>
      </trkpt>
      <trkpt lat="45.11599" lon="-72.65884">
        <ele>250.28</ele>
      </trkpt>
      <trkpt lat="45.11598" lon="-72.65845">
        <ele>249.93</ele>
      </trkpt>
      <trkpt lat="45.116" lon="-72.6579">
        <ele>249.94</ele>
      </trkpt>
      <trkpt lat="45.11599" lon="-72.65688">
        <ele>251.72</ele>
      </trkpt>
      <trkpt lat="45.11596" lon="-72.65664">
        <ele>252.48</ele>
      </trkpt>
      <trkpt lat="45.11597" lon="-72.65596">
        <ele>252.69</ele>
      </trkpt>
      <trkpt lat="45.11595" lon="-72.6548767">
        <ele>248.87</ele>
      </trkpt>
      <trkpt lat="45.11593" lon="-72.6537933">
        <ele>242.75</ele>
      </trkpt>
      <trkpt lat="45.11591" lon="-72.65271">
        <ele>239.89</ele>
      </trkpt>
      <trkpt lat="45.11595" lon="-72.6524">
        <ele>240.11</ele>
      </trkpt>
      <trkpt lat="45.11608" lon="-72.65218">
        <ele>240.53</ele>
      </trkpt>
      <trkpt lat="45.11634" lon="-72.65195">
        <ele>241.35</ele>
      </trkpt>
      <trkpt lat="45.11699" lon="-72.65126">
        <ele>245.49</ele>
      </trkpt>
      <trkpt lat="45.11741" lon="-72.65085">
        <ele>250.74</ele>
      </trkpt>
      <trkpt lat="45.11783" lon="-72.65044">
        <ele>255.1</ele>
      </trkpt>
      <trkpt lat="45.118365" lon="-72.649855">
        <ele>255.96</ele>
      </trkpt>
      <trkpt lat="45.1189" lon="-72.64927">
        <ele>253.64</ele>
      </trkpt>
      <trkpt lat="45.1189" lon="-72.64927">
        <ele>253.64</ele>
      </trkpt>
      <trkpt lat="45.11927" lon="-72.64895">
        <ele>253.67</ele>
      </trkpt>
      <trkpt lat="45.11941" lon="-72.64877">
        <ele>253.92</ele>
      </trkpt>
      <trkpt lat="45.11953" lon="-72.64855">
        <ele>255.1</ele>
      </trkpt>
      <trkpt lat="45.1197" lon="-72.64819">
        <ele>257.34</ele>
      </trkpt>
      <trkpt lat="45.11976" lon="-72.64789">
        <ele>258.46</ele>
      </trkpt>
      <trkpt lat="45.12005" lon="-72.64698">
        <ele>258.51</ele>
      </trkpt>
      <trkpt lat="45.12034" lon="-72.64607">
        <ele>256.87</ele>
      </trkpt>
      <trkpt lat="45.12052" lon="-72.64543">
        <ele>255.89</ele>
      </trkpt>
      <trkpt lat="45.1207" lon="-72.64479">
        <ele>255.05</ele>
      </trkpt>
      <trkpt lat="45.12082" lon="-72.64386">
        <ele>252.9</ele>
      </trkpt>
      <trkpt lat="45.1207945" lon="-72.6427022">
        <ele>245.19</ele>
      </trkpt>
      <trkpt lat="45.120769" lon="-72.6415444">
        <ele>235.84</ele>
      </trkpt>
      <trkpt lat="45.1207434" lon="-72.6403867">
        <ele>229.82</ele>
      </trkpt>
      <trkpt lat="45.1207179" lon="-72.6392289">
        <ele>226.68</ele>
      </trkpt>
      <trkpt lat="45.1206923" lon="-72.6380711">
        <ele>225.09</ele>
      </trkpt>
      <trkpt lat="45.1206668" lon="-72.6369133">
        <ele>224.11</ele>
      </trkpt>
      <trkpt lat="45.1206412" lon="-72.6357555">
        <ele>226.06</ele>
      </trkpt>
      <trkpt lat="45.1206156" lon="-72.6345978">
        <ele>231.11</ele>
      </trkpt>
      <trkpt lat="45.12059" lon="-72.63344">
        <ele>233.53</ele>
      </trkpt>
      <trkpt lat="45.12025" lon="-72.63347">
        <ele>230</ele>
      </trkpt>
      <trkpt lat="45.12027" lon="-72.63324">
        <ele>230</ele>
      </trkpt>
      <trkpt lat="45.12032" lon="-72.63316">
        <ele>233.52</ele>
      </trkpt>
      <trkpt lat="45.12057" lon="-72.63312">
        <ele>233.52</ele>
      </trkpt>
      <trkpt lat="45.12058" lon="-72.63312">
        <ele>233.57</ele>
      </trkpt>
      <trkpt lat="45.12054" lon="-72.632155">
        <ele>231.69</ele>
      </trkpt>
      <trkpt lat="45.1205" lon="-72.63119">
        <ele>230.71</ele>
      </trkpt>
      <trkpt lat="45.12047" lon="-72.63014">
        <ele>230.69</ele>
      </trkpt>
      <trkpt lat="45.12044" lon="-72.62909">
        <ele>231.84</ele>
      </trkpt>
      <trkpt lat="45.12041" lon="-72.62804">
        <ele>228.57</ele>
      </trkpt>
      <trkpt lat="45.11981" lon="-72.62779">
        <ele>223.59</ele>
      </trkpt>
      <trkpt lat="45.11951" lon="-72.62764">
        <ele>222.79</ele>
      </trkpt>
      <trkpt lat="45.11934" lon="-72.62752">
        <ele>221.79</ele>
      </trkpt>
      <trkpt lat="45.11914" lon="-72.62737">
        <ele>220.63</ele>
      </trkpt>
      <trkpt lat="45.11888" lon="-72.62714">
        <ele>219.67</ele>
      </trkpt>
      <trkpt lat="45.11846" lon="-72.62661">
        <ele>218.73</ele>
      </trkpt>
      <trkpt lat="45.11825" lon="-72.62625">
        <ele>218.72</ele>
      </trkpt>
      <trkpt lat="45.11805" lon="-72.62582">
        <ele>219.28</ele>
      </trkpt>
      <trkpt lat="45.11778" lon="-72.62496">
        <ele>221.15</ele>
      </trkpt>
      <trkpt lat="45.11768" lon="-72.62459">
        <ele>221.15</ele>
      </trkpt>
      <trkpt lat="45.11768" lon="-72.62459">
        <ele>221.14</ele>
      </trkpt>
      <trkpt lat="45.11748" lon="-72.623835">
        <ele>222.31</ele>
      </trkpt>
      <trkpt lat="45.11728" lon="-72.62308">
        <ele>222.2</ele>
      </trkpt>
      <trkpt lat="45.11716" lon="-72.62277">
        <ele>221.38</ele>
      </trkpt>
      <trkpt lat="45.11701" lon="-72.62247">
        <ele>220.19</ele>
      </trkpt>
      <trkpt lat="45.116965" lon="-72.62181">
        <ele>218.45</ele>
      </trkpt>
      <trkpt lat="45.11692" lon="-72.62115">
        <ele>217.79</ele>
      </trkpt>
      <trkpt lat="45.117765" lon="-72.62104">
        <ele>225.98</ele>
      </trkpt>
      <trkpt lat="45.11861" lon="-72.62093">
        <ele>238.01</ele>
      </trkpt>
      <trkpt lat="45.1188" lon="-72.62088">
        <ele>240.27</ele>
      </trkpt>
      <trkpt lat="45.11908" lon="-72.62075">
        <ele>242.66</ele>
      </trkpt>
      <trkpt lat="45.119685" lon="-72.62043">
        <ele>248.13</ele>
      </trkpt>
      <trkpt lat="45.12029" lon="-72.62011">
        <ele>252.51</ele>
      </trkpt>
      <trkpt lat="45.120855" lon="-72.61989">
        <ele>252.9</ele>
      </trkpt>
      <trkpt lat="45.12142" lon="-72.61967">
        <ele>252.01</ele>
      </trkpt>
      <trkpt lat="45.122118" lon="-72.619376">
        <ele>248.3</ele>
      </trkpt>
      <trkpt lat="45.122816" lon="-72.619082">
        <ele>248.05</ele>
      </trkpt>
      <trkpt lat="45.123514" lon="-72.618788">
        <ele>248.8</ele>
      </trkpt>
      <trkpt lat="45.124212" lon="-72.618494">
        <ele>250.24</ele>
      </trkpt>
      <trkpt lat="45.12491" lon="-72.6182">
        <ele>252.62</ele>
      </trkpt>
      <trkpt lat="45.12556" lon="-72.61791">
        <ele>253.11</ele>
      </trkpt>
      <trkpt lat="45.12621" lon="-72.61762">
        <ele>251.55</ele>
      </trkpt>
      <trkpt lat="45.12686" lon="-72.61733">
        <ele>250.93</ele>
      </trkpt>
      <trkpt lat="45.12751" lon="-72.61704">
        <ele>250.99</ele>
      </trkpt>
      <trkpt lat="45.12774" lon="-72.61698">
        <ele>250.78</ele>
      </trkpt>
      <trkpt lat="45.12773" lon="-72.61698">
        <ele>250.79</ele>
      </trkpt>
      <trkpt lat="45.12789" lon="-72.61695">
        <ele>250.5</ele>
      </trkpt>
      <trkpt lat="45.12852" lon="-72.61691">
        <ele>248.75</ele>
      </trkpt>
      <trkpt lat="45.12914" lon="-72.61688">
        <ele>248.52</ele>
      </trkpt>
      <trkpt lat="45.12976" lon="-72.61685">
        <ele>244.7</ele>
      </trkpt>
      <trkpt lat="45.13033" lon="-72.6168">
        <ele>238.32</ele>
      </trkpt>
      <trkpt lat="45.1309" lon="-72.61675">
        <ele>235.12</ele>
      </trkpt>
      <trkpt lat="45.131752" lon="-72.616734">
        <ele>232.86</ele>
      </trkpt>
      <trkpt lat="45.132604" lon="-72.616718">
        <ele>224.63</ele>
      </trkpt>
      <trkpt lat="45.133456" lon="-72.616702">
        <ele>217.41</ele>
      </trkpt>
      <trkpt lat="45.134308" lon="-72.616686">
        <ele>212.62</ele>
      </trkpt>
      <trkpt lat="45.13516" lon="-72.61667">
        <ele>209.41</ele>
      </trkpt>
      <trkpt lat="45.13592" lon="-72.61664">
        <ele>203.28</ele>
      </trkpt>
      <trkpt lat="45.13672" lon="-72.61654">
        <ele>202.01</ele>
      </trkpt>
      <trkpt lat="45.13757" lon="-72.6165">
        <ele>203.17</ele>
      </trkpt>
      <trkpt lat="45.13803" lon="-72.61654">
        <ele>204.7</ele>
      </trkpt>
      <trkpt lat="45.13844" lon="-72.6165">
        <ele>207.9</ele>
      </trkpt>
      <trkpt lat="45.13863" lon="-72.61644">
        <ele>208.44</ele>
      </trkpt>
      <trkpt lat="45.13871" lon="-72.61636">
        <ele>208.45</ele>
      </trkpt>
      <trkpt lat="45.13885" lon="-72.61618">
        <ele>208.04</ele>
      </trkpt>
      <trkpt lat="45.13907" lon="-72.61578">
        <ele>206.48</ele>
      </trkpt>
      <trkpt lat="45.13933" lon="-72.61542">
        <ele>203.61</ele>
      </trkpt>
      <trkpt lat="45.1396" lon="-72.6152">
        <ele>202.6</ele>
      </trkpt>
      <trkpt lat="45.13994" lon="-72.61506">
        <ele>202.3</ele>
      </trkpt>
      <trkpt lat="45.14034" lon="-72.61493">
        <ele>202.34</ele>
      </trkpt>
      <trkpt lat="45.14092" lon="-72.61484">
        <ele>200.28</ele>
      </trkpt>
      <trkpt lat="45.14134" lon="-72.61485">
        <ele>197.24</ele>
      </trkpt>
      <trkpt lat="45.1422" lon="-72.61493">
        <ele>196.72</ele>
      </trkpt>
      <trkpt lat="45.14295" lon="-72.61488">
        <ele>201.31</ele>
      </trkpt>
      <trkpt lat="45.14314" lon="-72.61484">
        <ele>201.86</ele>
      </trkpt>
      <trkpt lat="45.14398" lon="-72.61456">
        <ele>200.74</ele>
      </trkpt>
      <trkpt lat="45.14482" lon="-72.61428">
        <ele>198.75</ele>
      </trkpt>
      <trkpt lat="45.1455025" lon="-72.614065">
        <ele>198.81</ele>
      </trkpt>
      <trkpt lat="45.146185" lon="-72.61385">
        <ele>198.39</ele>
      </trkpt>
      <trkpt lat="45.1468675" lon="-72.613635">
        <ele>202.51</ele>
      </trkpt>
      <trkpt lat="45.14755" lon="-72.61342">
        <ele>203.2</ele>
      </trkpt>
      <trkpt lat="45.147525" lon="-72.61267">
        <ele>201.23</ele>
      </trkpt>
      <trkpt lat="45.1475" lon="-72.61192">
        <ele>195.78</ele>
      </trkpt>
      <trkpt lat="45.1474" lon="-72.61085">
        <ele>187.98</ele>
      </trkpt>
      <trkpt lat="45.147366" lon="-72.60975">
        <ele>173.42</ele>
      </trkpt>
      <trkpt lat="45.147332" lon="-72.60865">
        <ele>165.75</ele>
      </trkpt>
      <trkpt lat="45.147298" lon="-72.60755">
        <ele>164.8</ele>
      </trkpt>
      <trkpt lat="45.147264" lon="-72.60645">
        <ele>169.6</ele>
      </trkpt>
      <trkpt lat="45.14723" lon="-72.60535">
        <ele>172.73</ele>
      </trkpt>
      <trkpt lat="45.14716" lon="-72.60503">
        <ele>174.26</ele>
      </trkpt>
      <trkpt lat="45.14711" lon="-72.6049">
        <ele>174.44</ele>
      </trkpt>
      <trkpt lat="45.14726" lon="-72.60463">
        <ele>174.35</ele>
      </trkpt>
      <trkpt lat="45.14736" lon="-72.60455">
        <ele>174.22</ele>
      </trkpt>
      <trkpt lat="45.14742" lon="-72.60453">
        <ele>174.22</ele>
      </trkpt>
      <trkpt lat="45.148245" lon="-72.60456">
        <ele>167.69</ele>
      </trkpt>
      <trkpt lat="45.14907" lon="-72.60459">
        <ele>164.29</ele>
      </trkpt>
      <trkpt lat="45.14973" lon="-72.604545">
        <ele>164</ele>
      </trkpt>
      <trkpt lat="45.15039" lon="-72.6045">
        <ele>162.3</ele>
      </trkpt>
      <trkpt lat="45.15066" lon="-72.60454">
        <ele>162.03</ele>
      </trkpt>
      <trkpt lat="45.15121" lon="-72.60453">
        <ele>161.6</ele>
      </trkpt>
      <trkpt lat="45.15176" lon="-72.60452">
        <ele>161.41</ele>
      </trkpt>
      <trkpt lat="45.15175" lon="-72.60452">
        <ele>161.42</ele>
      </trkpt>
      <trkpt lat="45.15247" lon="-72.604505">
        <ele>160.85</ele>
      </trkpt>
      <trkpt lat="45.15319" lon="-72.60449">
        <ele>160.39</ele>
      </trkpt>
      <trkpt lat="45.15331" lon="-72.6045">
        <ele>159.94</ele>
      </trkpt>
      <trkpt lat="45.15344" lon="-72.60454">
        <ele>159.94</ele>
      </trkpt>
      <trkpt lat="45.15367" lon="-72.60471">
        <ele>159.73</ele>
      </trkpt>
      <trkpt lat="45.15414" lon="-72.60514">
        <ele>159.68</ele>
      </trkpt>
      <trkpt lat="45.15456" lon="-72.60557">
        <ele>159.42</ele>
      </trkpt>
      <trkpt lat="45.155255" lon="-72.60624">
        <ele>159.51</ele>
      </trkpt>
      <trkpt lat="45.15595" lon="-72.60691">
        <ele>159.46</ele>
      </trkpt>
      <trkpt lat="45.156405" lon="-72.607455">
        <ele>159.38</ele>
      </trkpt>
      <trkpt lat="45.15686" lon="-72.608">
        <ele>159.19</ele>
      </trkpt>
      <trkpt lat="45.1573" lon="-72.60862">
        <ele>157.9</ele>
      </trkpt>
      <trkpt lat="45.15777" lon="-72.609195">
        <ele>156.49</ele>
      </trkpt>
      <trkpt lat="45.15824" lon="-72.60977">
        <ele>156.16</ele>
      </trkpt>
      <trkpt lat="45.15863" lon="-72.61014">
        <ele>156.22</ele>
      </trkpt>
      <trkpt lat="45.15902" lon="-72.6105">
        <ele>156.64</ele>
      </trkpt>
      <trkpt lat="45.15948" lon="-72.61081">
        <ele>157.86</ele>
      </trkpt>
      <trkpt lat="45.159975" lon="-72.611035">
        <ele>157.14</ele>
      </trkpt>
      <trkpt lat="45.16047" lon="-72.61126">
        <ele>157.17</ele>
      </trkpt>
      <trkpt lat="45.1607" lon="-72.61135">
        <ele>157.07</ele>
      </trkpt>
      <trkpt lat="45.16086" lon="-72.61138">
        <ele>157.15</ele>
      </trkpt>
      <trkpt lat="45.16099" lon="-72.61131">
        <ele>157.15</ele>
      </trkpt>
      <trkpt lat="45.16142" lon="-72.61093">
        <ele>156.85</ele>
      </trkpt>
      <trkpt lat="45.1619733" lon="-72.6104">
        <ele>156.53</ele>
      </trkpt>
      <trkpt lat="45.1625267" lon="-72.60987">
        <ele>157.68</ele>
      </trkpt>
      <trkpt lat="45.16308" lon="-72.60934">
        <ele>157</ele>
      </trkpt>
      <trkpt lat="45.163295" lon="-72.60994">
        <ele>155.25</ele>
      </trkpt>
      <trkpt lat="45.16351" lon="-72.61054">
        <ele>153.33</ele>
      </trkpt>
      <trkpt lat="45.1637" lon="-72.61094">
        <ele>152.68</ele>
      </trkpt>
      <trkpt lat="45.16392" lon="-72.61117">
        <ele>152.78</ele>
      </trkpt>
      <trkpt lat="45.16413" lon="-72.61117">
        <ele>152.9</ele>
      </trkpt>
      <trkpt lat="45.16471" lon="-72.611055">
        <ele>154.29</ele>
      </trkpt>
      <trkpt lat="45.16529" lon="-72.61094">
        <ele>155.75</ele>
      </trkpt>
      <trkpt lat="45.16614" lon="-72.61103">
        <ele>154</ele>
      </trkpt>
      <trkpt lat="45.16633" lon="-72.61112">
        <ele>154.74</ele>
      </trkpt>
      <trkpt lat="45.16644" lon="-72.61124">
        <ele>154.97</ele>
      </trkpt>
      <trkpt lat="45.16653" lon="-72.61139">
        <ele>153.57</ele>
      </trkpt>
      <trkpt lat="45.16671" lon="-72.61153">
        <ele>152.7</ele>
      </trkpt>
      <trkpt lat="45.16721" lon="-72.61175">
        <ele>151.56</ele>
      </trkpt>
      <trkpt lat="45.16765" lon="-72.61202">
        <ele>152.63</ele>
      </trkpt>
      <trkpt lat="45.16814" lon="-72.61228">
        <ele>157.15</ele>
      </trkpt>
      <trkpt lat="45.168615" lon="-72.61257">
        <ele>160.49</ele>
      </trkpt>
      <trkpt lat="45.16909" lon="-72.61286">
        <ele>160.93</ele>
      </trkpt>
      <trkpt lat="45.1693" lon="-72.61288">
        <ele>158.8</ele>
      </trkpt>
      <trkpt lat="45.1694" lon="-72.61287">
        <ele>157.95</ele>
      </trkpt>
      <trkpt lat="45.16974" lon="-72.61273">
        <ele>155.91</ele>
      </trkpt>
      <trkpt lat="45.17014" lon="-72.61243">
        <ele>157.76</ele>
      </trkpt>
      <trkpt lat="45.17024" lon="-72.61238">
        <ele>159.52</ele>
      </trkpt>
      <trkpt lat="45.17056" lon="-72.61233">
        <ele>160.99</ele>
      </trkpt>
      <trkpt lat="45.17066" lon="-72.61237">
        <ele>160.94</ele>
      </trkpt>
      <trkpt lat="45.17126" lon="-72.6128">
        <ele>156.87</ele>
      </trkpt>
      <trkpt lat="45.17186" lon="-72.61323">
        <ele>155.51</ele>
      </trkpt>
      <trkpt lat="45.17201" lon="-72.61332">
        <ele>155.49</ele>
      </trkpt>
      <trkpt lat="45.17274" lon="-72.61381">
        <ele>145.26</ele>
      </trkpt>
      <trkpt lat="45.17319" lon="-72.61404">
        <ele>141.99</ele>
      </trkpt>
      <trkpt lat="45.17328" lon="-72.61413">
        <ele>141.88</ele>
      </trkpt>
      <trkpt lat="45.17346" lon="-72.61426">
        <ele>142.07</ele>
      </trkpt>
      <trkpt lat="45.17354" lon="-72.6143">
        <ele>142.35</ele>
      </trkpt>
      <trkpt lat="45.17421" lon="-72.6142867">
        <ele>147.28</ele>
      </trkpt>
      <trkpt lat="45.17488" lon="-72.6142733">
        <ele>155.68</ele>
      </trkpt>
      <trkpt lat="45.17555" lon="-72.61426">
        <ele>161.78</ele>
      </trkpt>
      <trkpt lat="45.17568" lon="-72.6143">
        <ele>161.78</ele>
      </trkpt>
      <trkpt lat="45.1759" lon="-72.61439">
        <ele>162.83</ele>
      </trkpt>
      <trkpt lat="45.176415" lon="-72.614755">
        <ele>165</ele>
      </trkpt>
      <trkpt lat="45.17693" lon="-72.61512">
        <ele>168.27</ele>
      </trkpt>
      <trkpt lat="45.17693" lon="-72.61512">
        <ele>168.28</ele>
      </trkpt>
      <trkpt lat="45.177495" lon="-72.615515">
        <ele>173.34</ele>
      </trkpt>
      <trkpt lat="45.17806" lon="-72.61591">
        <ele>175.48</ele>
      </trkpt>
      <trkpt lat="45.17831" lon="-72.61605">
        <ele>176.26</ele>
      </trkpt>
      <trkpt lat="45.17877" lon="-72.61623">
        <ele>180.52</ele>
      </trkpt>
      <trkpt lat="45.179255" lon="-72.616345">
        <ele>181.91</ele>
      </trkpt>
      <trkpt lat="45.17974" lon="-72.61646">
        <ele>181.69</ele>
      </trkpt>
      <trkpt lat="45.18061" lon="-72.61676">
        <ele>177.11</ele>
      </trkpt>
      <trkpt lat="45.18084" lon="-72.61676">
        <ele>174.84</ele>
      </trkpt>
      <trkpt lat="45.181345" lon="-72.616695">
        <ele>170.04</ele>
      </trkpt>
      <trkpt lat="45.18185" lon="-72.61663">
        <ele>161.68</ele>
      </trkpt>
      <trkpt lat="45.18216" lon="-72.61663">
        <ele>158.38</ele>
      </trkpt>
      <trkpt lat="45.18268" lon="-72.61667">
        <ele>156.61</ele>
      </trkpt>
      <trkpt lat="45.18305" lon="-72.61659">
        <ele>156.42</ele>
      </trkpt>
      <trkpt lat="45.1833367" lon="-72.6177867">
        <ele>157.69</ele>
      </trkpt>
      <trkpt lat="45.1836233" lon="-72.6189833">
        <ele>159.36</ele>
      </trkpt>
      <trkpt lat="45.18391" lon="-72.62018">
        <ele>161.92</ele>
      </trkpt>
      <trkpt lat="45.18407" lon="-72.6208">
        <ele>165.67</ele>
      </trkpt>
      <trkpt lat="45.18423" lon="-72.62142">
        <ele>167.23</ele>
      </trkpt>
      <trkpt lat="45.18438" lon="-72.622075">
        <ele>167.88</ele>
      </trkpt>
      <trkpt lat="45.18453" lon="-72.62273">
        <ele>168.93</ele>
      </trkpt>
      <trkpt lat="45.18463" lon="-72.62299">
        <ele>169.52</ele>
      </trkpt>
      <trkpt lat="45.18477" lon="-72.62325">
        <ele>170.89</ele>
      </trkpt>
      <trkpt lat="45.18529" lon="-72.62406">
        <ele>177</ele>
      </trkpt>
      <trkpt lat="45.18571" lon="-72.6248333">
        <ele>180.77</ele>
      </trkpt>
      <trkpt lat="45.18613" lon="-72.6256067">
        <ele>185.24</ele>
      </trkpt>
      <trkpt lat="45.18655" lon="-72.62638">
        <ele>185.3</ele>
      </trkpt>
      <trkpt lat="45.1870133" lon="-72.6273067">
        <ele>185.9</ele>
      </trkpt>
      <trkpt lat="45.1874767" lon="-72.6282333">
        <ele>185.92</ele>
      </trkpt>
      <trkpt lat="45.18794" lon="-72.62916">
        <ele>185.52</ele>
      </trkpt>
      <trkpt lat="45.18807" lon="-72.62938">
        <ele>186.05</ele>
      </trkpt>
      <trkpt lat="45.18818" lon="-72.62952">
        <ele>186.86</ele>
      </trkpt>
      <trkpt lat="45.188645" lon="-72.629855">
        <ele>188.91</ele>
      </trkpt>
      <trkpt lat="45.18911" lon="-72.63019">
        <ele>185.86</ele>
      </trkpt>
      <trkpt lat="45.18953" lon="-72.63055">
        <ele>185.82</ele>
      </trkpt>
      <trkpt lat="45.18982" lon="-72.63083">
        <ele>190.52</ele>
      </trkpt>
      <trkpt lat="45.1899" lon="-72.631">
        <ele>192.97</ele>
      </trkpt>
      <trkpt lat="45.19011" lon="-72.63181">
        <ele>197.8</ele>
      </trkpt>
      <trkpt lat="45.19035" lon="-72.63252">
        <ele>193.09</ele>
      </trkpt>
      <trkpt lat="45.19075" lon="-72.63346">
        <ele>186.84</ele>
      </trkpt>
      <trkpt lat="45.19084" lon="-72.63378">
        <ele>185.33</ele>
      </trkpt>
      <trkpt lat="45.19106" lon="-72.6349">
        <ele>185.44</ele>
      </trkpt>
      <trkpt lat="45.19122" lon="-72.63552">
        <ele>183.14</ele>
      </trkpt>
      <trkpt lat="45.19124" lon="-72.6357">
        <ele>181.4</ele>
      </trkpt>
      <trkpt lat="45.19126" lon="-72.63682">
        <ele>177.34</ele>
      </trkpt>
      <trkpt lat="45.19128" lon="-72.63794">
        <ele>175.24</ele>
      </trkpt>
      <trkpt lat="45.19131" lon="-72.63869">
        <ele>172.7</ele>
      </trkpt>
      <trkpt lat="45.19138" lon="-72.63957">
        <ele>171.55</ele>
      </trkpt>
      <trkpt lat="45.19153" lon="-72.64081">
        <ele>170.22</ele>
      </trkpt>
      <trkpt lat="45.191695" lon="-72.641705">
        <ele>169.18</ele>
      </trkpt>
      <trkpt lat="45.19186" lon="-72.6426">
        <ele>165.12</ele>
      </trkpt>
      <trkpt lat="45.19202" lon="-72.64363">
        <ele>166.07</ele>
      </trkpt>
      <trkpt lat="45.19225" lon="-72.64457">
        <ele>166.5</ele>
      </trkpt>
      <trkpt lat="45.1925867" lon="-72.6457333">
        <ele>165.1</ele>
      </trkpt>
      <trkpt lat="45.1929233" lon="-72.6468967">
        <ele>166.77</ele>
      </trkpt>
      <trkpt lat="45.19326" lon="-72.64806">
        <ele>163.66</ele>
      </trkpt>
      <trkpt lat="45.1934" lon="-72.648725">
        <ele>163.44</ele>
      </trkpt>
      <trkpt lat="45.19354" lon="-72.64939">
        <ele>163.5</ele>
      </trkpt>
      <trkpt lat="45.193775" lon="-72.650225">
        <ele>164.44</ele>
      </trkpt>
      <trkpt lat="45.19401" lon="-72.65106">
        <ele>167.02</ele>
      </trkpt>
      <trkpt lat="45.1947733" lon="-72.6510217">
        <ele>167.09</ele>
      </trkpt>
      <trkpt lat="45.1955367" lon="-72.6509833">
        <ele>168.8</ele>
      </trkpt>
      <trkpt lat="45.1963" lon="-72.650945">
        <ele>170.71</ele>
      </trkpt>
      <trkpt lat="45.1970633" lon="-72.6509067">
        <ele>172.18</ele>
      </trkpt>
      <trkpt lat="45.1978267" lon="-72.6508683">
        <ele>172.99</ele>
      </trkpt>
      <trkpt lat="45.19859" lon="-72.65083">
        <ele>173.52</ele>
      </trkpt>
      <trkpt lat="45.19896" lon="-72.6508">
        <ele>174.07</ele>
      </trkpt>
      <trkpt lat="45.19894" lon="-72.6508">
        <ele>174.05</ele>
      </trkpt>
      <trkpt lat="45.19974" lon="-72.65073">
        <ele>177.62</ele>
      </trkpt>
      <trkpt lat="45.20054" lon="-72.65066">
        <ele>182.75</ele>
      </trkpt>
      <trkpt lat="45.2013733" lon="-72.6506433">
        <ele>183.85</ele>
      </trkpt>
      <trkpt lat="45.2022067" lon="-72.6506267">
        <ele>185.56</ele>
      </trkpt>
      <trkpt lat="45.20304" lon="-72.65061">
        <ele>188.86</ele>
      </trkpt>
      <trkpt lat="45.203885" lon="-72.650555">
        <ele>186.93</ele>
      </trkpt>
      <trkpt lat="45.20473" lon="-72.6505">
        <ele>185.14</ele>
      </trkpt>
      <trkpt lat="45.205575" lon="-72.650445">
        <ele>183.13</ele>
      </trkpt>
      <trkpt lat="45.20642" lon="-72.65039">
        <ele>184.05</ele>
      </trkpt>
      <trkpt lat="45.20682" lon="-72.65042">
        <ele>185.05</ele>
      </trkpt>
      <trkpt lat="45.20743" lon="-72.650405">
        <ele>186.97</ele>
      </trkpt>
      <trkpt lat="45.20804" lon="-72.65039">
        <ele>189.78</ele>
      </trkpt>
      <trkpt lat="45.20826" lon="-72.65042">
        <ele>190.61</ele>
      </trkpt>
      <trkpt lat="45.20858" lon="-72.65039">
        <ele>190.75</ele>
      </trkpt>
      <trkpt lat="45.20873" lon="-72.65035">
        <ele>190.51</ele>
      </trkpt>
      <trkpt lat="45.20958" lon="-72.650255">
        <ele>187.9</ele>
      </trkpt>
      <trkpt lat="45.21043" lon="-72.65016">
        <ele>182.01</ele>
      </trkpt>
      <trkpt lat="45.21061" lon="-72.65011">
        <ele>181.27</ele>
      </trkpt>
      <trkpt lat="45.21068" lon="-72.65007">
        <ele>180.96</ele>
      </trkpt>
      <trkpt lat="45.21098" lon="-72.64981">
        <ele>180.45</ele>
      </trkpt>
      <trkpt lat="45.21116" lon="-72.64971">
        <ele>179.73</ele>
      </trkpt>
      <trkpt lat="45.211865" lon="-72.6492975">
        <ele>177.83</ele>
      </trkpt>
      <trkpt lat="45.21257" lon="-72.648885">
        <ele>174.03</ele>
      </trkpt>
      <trkpt lat="45.213275" lon="-72.6484725">
        <ele>166.42</ele>
      </trkpt>
      <trkpt lat="45.21398" lon="-72.64806">
        <ele>164.07</ele>
      </trkpt>
      <trkpt lat="45.21397" lon="-72.64807">
        <ele>164.06</ele>
      </trkpt>
      <trkpt lat="45.2147067" lon="-72.6476367">
        <ele>169.35</ele>
      </trkpt>
      <trkpt lat="45.2154433" lon="-72.6472033">
        <ele>174.69</ele>
      </trkpt>
      <trkpt lat="45.21618" lon="-72.64677">
        <ele>183.19</ele>
      </trkpt>
      <trkpt lat="45.2168733" lon="-72.64638">
        <ele>186.38</ele>
      </trkpt>
      <trkpt lat="45.2175667" lon="-72.64599">
        <ele>188.47</ele>
      </trkpt>
      <trkpt lat="45.21826" lon="-72.6456">
        <ele>190.93</ele>
      </trkpt>
      <trkpt lat="45.21896" lon="-72.64524">
        <ele>192.96</ele>
      </trkpt>
      <trkpt lat="45.21966" lon="-72.64488">
        <ele>194.06</ele>
      </trkpt>
      <trkpt lat="45.22036" lon="-72.64452">
        <ele>199.26</ele>
      </trkpt>
      <trkpt lat="45.2210667" lon="-72.64417">
        <ele>203.84</ele>
      </trkpt>
      <trkpt lat="45.2217733" lon="-72.64382">
        <ele>209.22</ele>
      </trkpt>
      <trkpt lat="45.22248" lon="-72.64347">
        <ele>215.16</ele>
      </trkpt>
      <trkpt lat="45.22267" lon="-72.64242">
        <ele>213.77</ele>
      </trkpt>
      <trkpt lat="45.2228" lon="-72.6418">
        <ele>215.67</ele>
      </trkpt>
      <trkpt lat="45.22293" lon="-72.6413">
        <ele>218.81</ele>
      </trkpt>
      <trkpt lat="45.22315" lon="-72.64071">
        <ele>224.55</ele>
      </trkpt>
      <trkpt lat="45.22329" lon="-72.64041">
        <ele>226.01</ele>
      </trkpt>
      <trkpt lat="45.22386" lon="-72.63952">
        <ele>230.15</ele>
      </trkpt>
      <trkpt lat="45.22419" lon="-72.639075">
        <ele>228.51</ele>
      </trkpt>
      <trkpt lat="45.22452" lon="-72.63863">
        <ele>228.24</ele>
      </trkpt>
      <trkpt lat="45.22452" lon="-72.63862">
        <ele>228.24</ele>
      </trkpt>
      <trkpt lat="45.22488" lon="-72.63812">
        <ele>229.37</ele>
      </trkpt>
      <trkpt lat="45.22497" lon="-72.63781">
        <ele>228.51</ele>
      </trkpt>
      <trkpt lat="45.22499" lon="-72.63767">
        <ele>228.51</ele>
      </trkpt>
      <trkpt lat="45.22498" lon="-72.63699">
        <ele>226.33</ele>
      </trkpt>
      <trkpt lat="45.22495" lon="-72.636235">
        <ele>225.48</ele>
      </trkpt>
      <trkpt lat="45.22492" lon="-72.63548">
        <ele>225.12</ele>
      </trkpt>
      <trkpt lat="45.224855" lon="-72.63427">
        <ele>223.56</ele>
      </trkpt>
      <trkpt lat="45.22479" lon="-72.63306">
        <ele>222.59</ele>
      </trkpt>
      <trkpt lat="45.22477" lon="-72.632415">
        <ele>222.57</ele>
      </trkpt>
      <trkpt lat="45.22475" lon="-72.63177">
        <ele>221.42</ele>
      </trkpt>
      <trkpt lat="45.2247117" lon="-72.6306717">
        <ele>218.84</ele>
      </trkpt>
      <trkpt lat="45.2246734" lon="-72.6295733">
        <ele>220.3</ele>
      </trkpt>
      <trkpt lat="45.224635" lon="-72.628475">
        <ele>219.28</ele>
      </trkpt>
      <trkpt lat="45.2245967" lon="-72.6273767">
        <ele>218.12</ele>
      </trkpt>
      <trkpt lat="45.2245584" lon="-72.6262783">
        <ele>216.55</ele>
      </trkpt>
      <trkpt lat="45.22452" lon="-72.62518">
        <ele>214.32</ele>
      </trkpt>
      <trkpt lat="45.2244667" lon="-72.6240367">
        <ele>214.8</ele>
      </trkpt>
      <trkpt lat="45.2244133" lon="-72.6228933">
        <ele>215.9</ele>
      </trkpt>
      <trkpt lat="45.22436" lon="-72.62175">
        <ele>217.54</ele>
      </trkpt>
      <trkpt lat="45.22524" lon="-72.62174">
        <ele>219.44</ele>
      </trkpt>
      <trkpt lat="45.22612" lon="-72.62173">
        <ele>224.25</ele>
      </trkpt>
      <trkpt lat="45.227" lon="-72.62172">
        <ele>227.73</ele>
      </trkpt>
      <trkpt lat="45.22788" lon="-72.62171">
        <ele>232.22</ele>
      </trkpt>
      <trkpt lat="45.22876" lon="-72.6217">
        <ele>233.97</ele>
      </trkpt>
      <trkpt lat="45.22964" lon="-72.62169">
        <ele>234.25</ele>
      </trkpt>
      <trkpt lat="45.23033" lon="-72.62168">
        <ele>234.53</ele>
      </trkpt>
      <trkpt lat="45.231065" lon="-72.62164">
        <ele>237.62</ele>
      </trkpt>
      <trkpt lat="45.2318" lon="-72.6216">
        <ele>243.03</ele>
      </trkpt>
      <trkpt lat="45.2324667" lon="-72.6216">
        <ele>243.23</ele>
      </trkpt>
      <trkpt lat="45.2331333" lon="-72.6216">
        <ele>243.79</ele>
      </trkpt>
      <trkpt lat="45.2338" lon="-72.6216">
        <ele>245.49</ele>
      </trkpt>
      <trkpt lat="45.2344433" lon="-72.6215667">
        <ele>247.38</ele>
      </trkpt>
      <trkpt lat="45.2350867" lon="-72.6215333">
        <ele>249.49</ele>
      </trkpt>
      <trkpt lat="45.23573" lon="-72.6215">
        <ele>252.96</ele>
      </trkpt>
      <trkpt lat="45.236425" lon="-72.621445">
        <ele>257.93</ele>
      </trkpt>
      <trkpt lat="45.23712" lon="-72.62139">
        <ele>261.31</ele>
      </trkpt>
      <trkpt lat="45.237815" lon="-72.621335">
        <ele>262.46</ele>
      </trkpt>
      <trkpt lat="45.23851" lon="-72.62128">
        <ele>263.99</ele>
      </trkpt>
      <trkpt lat="45.23926" lon="-72.62117">
        <ele>260.35</ele>
      </trkpt>
      <trkpt lat="45.24003" lon="-72.62111">
        <ele>255.88</ele>
      </trkpt>
      <trkpt lat="45.2407" lon="-72.62115">
        <ele>253.93</ele>
      </trkpt>
      <trkpt lat="45.24137" lon="-72.62129">
        <ele>253.22</ele>
      </trkpt>
      <trkpt lat="45.24208" lon="-72.62151">
        <ele>250.72</ele>
      </trkpt>
      <trkpt lat="45.24285" lon="-72.62183">
        <ele>249.27</ele>
      </trkpt>
      <trkpt lat="45.24297" lon="-72.62134">
        <ele>247.96</ele>
      </trkpt>
      <trkpt lat="45.24308" lon="-72.62049">
        <ele>245.44</ele>
      </trkpt>
      <trkpt lat="45.24316" lon="-72.61973">
        <ele>244.83</ele>
      </trkpt>
      <trkpt lat="45.24321" lon="-72.61919">
        <ele>246.42</ele>
      </trkpt>
      <trkpt lat="45.24321" lon="-72.619">
        <ele>247.25</ele>
      </trkpt>
      <trkpt lat="45.24311" lon="-72.61834">
        <ele>250.74</ele>
      </trkpt>
      <trkpt lat="45.24299" lon="-72.61731">
        <ele>253.59</ele>
      </trkpt>
      <trkpt lat="45.24283" lon="-72.616255">
        <ele>255.2</ele>
      </trkpt>
      <trkpt lat="45.24267" lon="-72.6152">
        <ele>257.43</ele>
      </trkpt>
      <trkpt lat="45.24267" lon="-72.6152">
        <ele>257.43</ele>
      </trkpt>
      <trkpt lat="45.242565" lon="-72.61448">
        <ele>259.25</ele>
      </trkpt>
      <trkpt lat="45.24246" lon="-72.61376">
        <ele>262.68</ele>
      </trkpt>
      <trkpt lat="45.24231" lon="-72.61318">
        <ele>266.2</ele>
      </trkpt>
      <trkpt lat="45.24217" lon="-72.61278">
        <ele>266.86</ele>
      </trkpt>
      <trkpt lat="45.24195" lon="-72.61229">
        <ele>269.43</ele>
      </trkpt>
      <trkpt lat="45.24178" lon="-72.6117">
        <ele>271.11</ele>
      </trkpt>
      <trkpt lat="45.24176" lon="-72.61112">
        <ele>271.52</ele>
      </trkpt>
      <trkpt lat="45.24165" lon="-72.61032">
        <ele>270.44</ele>
      </trkpt>
      <trkpt lat="45.24168" lon="-72.61009">
        <ele>269.98</ele>
      </trkpt>
      <trkpt lat="45.2418" lon="-72.60947">
        <ele>269.82</ele>
      </trkpt>
      <trkpt lat="45.24192" lon="-72.60915">
        <ele>270.02</ele>
      </trkpt>
      <trkpt lat="45.2422" lon="-72.60855">
        <ele>269.83</ele>
      </trkpt>
      <trkpt lat="45.24226" lon="-72.60825">
        <ele>268.65</ele>
      </trkpt>
      <trkpt lat="45.24227" lon="-72.6079">
        <ele>267.52</ele>
      </trkpt>
      <trkpt lat="45.24224" lon="-72.60665">
        <ele>262.06</ele>
      </trkpt>
      <trkpt lat="45.24221" lon="-72.6054">
        <ele>260.52</ele>
      </trkpt>
      <trkpt lat="45.24218" lon="-72.60415">
        <ele>260.77</ele>
      </trkpt>
      <trkpt lat="45.2421433" lon="-72.60307">
        <ele>256.23</ele>
      </trkpt>
      <trkpt lat="45.2421067" lon="-72.60199">
        <ele>253.82</ele>
      </trkpt>
      <trkpt lat="45.24207" lon="-72.60091">
        <ele>252.86</ele>
      </trkpt>
      <trkpt lat="45.24201" lon="-72.60051">
        <ele>252.41</ele>
      </trkpt>
      <trkpt lat="45.24193" lon="-72.60028">
        <ele>251.53</ele>
      </trkpt>
      <trkpt lat="45.24157" lon="-72.59949">
        <ele>249.03</ele>
      </trkpt>
      <trkpt lat="45.241245" lon="-72.59875">
        <ele>246.52</ele>
      </trkpt>
      <trkpt lat="45.24092" lon="-72.59801">
        <ele>243.84</ele>
      </trkpt>
      <trkpt lat="45.24087" lon="-72.59787">
        <ele>243.31</ele>
      </trkpt>
      <trkpt lat="45.24084" lon="-72.59756">
        <ele>242.58</ele>
      </trkpt>
      <trkpt lat="45.24088" lon="-72.59656">
        <ele>243.32</ele>
      </trkpt>
      <trkpt lat="45.2411033" lon="-72.5956533">
        <ele>243.14</ele>
      </trkpt>
      <trkpt lat="45.2413267" lon="-72.5947467">
        <ele>241.6</ele>
      </trkpt>
      <trkpt lat="45.24155" lon="-72.59384">
        <ele>240.16</ele>
      </trkpt>
      <trkpt lat="45.24163" lon="-72.59362">
        <ele>240.06</ele>
      </trkpt>
      <trkpt lat="45.24186" lon="-72.59326">
        <ele>240.09</ele>
      </trkpt>
      <trkpt lat="45.24203" lon="-72.59303">
        <ele>240.22</ele>
      </trkpt>
      <trkpt lat="45.24233" lon="-72.59272">
        <ele>240.47</ele>
      </trkpt>
      <trkpt lat="45.24296" lon="-72.59228">
        <ele>241.48</ele>
      </trkpt>
      <trkpt lat="45.24342" lon="-72.59188">
        <ele>242.22</ele>
      </trkpt>
      <trkpt lat="45.24368" lon="-72.59169">
        <ele>242.68</ele>
      </trkpt>
      <trkpt lat="45.2443" lon="-72.59139">
        <ele>243.11</ele>
      </trkpt>
      <trkpt lat="45.2442378" lon="-72.5901467">
        <ele>239.46</ele>
      </trkpt>
      <trkpt lat="45.2441756" lon="-72.5889033">
        <ele>234.97</ele>
      </trkpt>
      <trkpt lat="45.2441135" lon="-72.58766">
        <ele>233.17</ele>
      </trkpt>
      <trkpt lat="45.2440512" lon="-72.5864166">
        <ele>232.36</ele>
      </trkpt>
      <trkpt lat="45.243989" lon="-72.5851733">
        <ele>231.99</ele>
      </trkpt>
      <trkpt lat="45.2439268" lon="-72.58393">
        <ele>231.71</ele>
      </trkpt>
      <trkpt lat="45.2438645" lon="-72.5826866">
        <ele>231.86</ele>
      </trkpt>
      <trkpt lat="45.2438023" lon="-72.5814433">
        <ele>232.5</ele>
      </trkpt>
      <trkpt lat="45.24374" lon="-72.5802">
        <ele>232.55</ele>
      </trkpt>
      <trkpt lat="45.24374" lon="-72.5802">
        <ele>232.54</ele>
      </trkpt>
      <trkpt lat="45.2436833" lon="-72.5791633">
        <ele>233.05</ele>
      </trkpt>
      <trkpt lat="45.2436267" lon="-72.5781267">
        <ele>233.45</ele>
      </trkpt>
      <trkpt lat="45.24357" lon="-72.57709">
        <ele>233.89</ele>
      </trkpt>
      <trkpt lat="45.243565" lon="-72.576425">
        <ele>233.94</ele>
      </trkpt>
      <trkpt lat="45.24356" lon="-72.57576">
        <ele>234.21</ele>
      </trkpt>
      <trkpt lat="45.2435901" lon="-72.5745445">
        <ele>232.39</ele>
      </trkpt>
      <trkpt lat="45.2436202" lon="-72.5733289">
        <ele>230.87</ele>
      </trkpt>
      <trkpt lat="45.2436503" lon="-72.5721134">
        <ele>226.64</ele>
      </trkpt>
      <trkpt lat="45.2436804" lon="-72.5708978">
        <ele>222.65</ele>
      </trkpt>
      <trkpt lat="45.2437104" lon="-72.5696823">
        <ele>219.72</ele>
      </trkpt>
      <trkpt lat="45.2437405" lon="-72.5684667">
        <ele>216.87</ele>
      </trkpt>
      <trkpt lat="45.2437705" lon="-72.5672512">
        <ele>213.8</ele>
      </trkpt>
      <trkpt lat="45.2438005" lon="-72.5660356">
        <ele>212.7</ele>
      </trkpt>
      <trkpt lat="45.2438305" lon="-72.5648201">
        <ele>212.5</ele>
      </trkpt>
      <trkpt lat="45.2438605" lon="-72.5636045">
        <ele>211.89</ele>
      </trkpt>
      <trkpt lat="45.2438905" lon="-72.5623889">
        <ele>211.27</ele>
      </trkpt>
      <trkpt lat="45.2439205" lon="-72.5611734">
        <ele>210.03</ele>
      </trkpt>
      <trkpt lat="45.2439504" lon="-72.5599578">
        <ele>209.45</ele>
      </trkpt>
      <trkpt lat="45.2439804" lon="-72.5587423">
        <ele>209.6</ele>
      </trkpt>
      <trkpt lat="45.2440103" lon="-72.5575267">
        <ele>210.64</ele>
      </trkpt>
      <trkpt lat="45.2440402" lon="-72.5563111">
        <ele>209.22</ele>
      </trkpt>
      <trkpt lat="45.2440701" lon="-72.5550956">
        <ele>207.36</ele>
      </trkpt>
      <trkpt lat="45.2441" lon="-72.55388">
        <ele>206.58</ele>
      </trkpt>
      <trkpt lat="45.24414" lon="-72.552705">
        <ele>202.37</ele>
      </trkpt>
      <trkpt lat="45.24418" lon="-72.55153">
        <ele>200.23</ele>
      </trkpt>
      <trkpt lat="45.24415" lon="-72.55103">
        <ele>200.01</ele>
      </trkpt>
      <trkpt lat="45.24408" lon="-72.55086">
        <ele>200.01</ele>
      </trkpt>
      <trkpt lat="45.24382" lon="-72.55041">
        <ele>199.96</ele>
      </trkpt>
      <trkpt lat="45.24353" lon="-72.54956">
        <ele>199.77</ele>
      </trkpt>
      <trkpt lat="45.24338" lon="-72.54903">
        <ele>199.39</ele>
      </trkpt>
      <trkpt lat="45.24297" lon="-72.54812">
        <ele>199.65</ele>
      </trkpt>
      <trkpt lat="45.24265" lon="-72.54749">
        <ele>201.54</ele>
      </trkpt>
      <trkpt lat="45.24237" lon="-72.54697">
        <ele>203.56</ele>
      </trkpt>
      <trkpt lat="45.24187" lon="-72.546165">
        <ele>204.47</ele>
      </trkpt>
      <trkpt lat="45.24137" lon="-72.54536">
        <ele>206.92</ele>
      </trkpt>
      <trkpt lat="45.24129" lon="-72.54513">
        <ele>206.73</ele>
      </trkpt>
      <trkpt lat="45.24128" lon="-72.54482">
        <ele>206.11</ele>
      </trkpt>
      <trkpt lat="45.24131" lon="-72.54437">
        <ele>204.75</ele>
      </trkpt>
      <trkpt lat="45.2413" lon="-72.54419">
        <ele>204.34</ele>
      </trkpt>
      <trkpt lat="45.24126" lon="-72.54396">
        <ele>204.09</ele>
      </trkpt>
      <trkpt lat="45.24092" lon="-72.54278">
        <ele>204.76</ele>
      </trkpt>
      <trkpt lat="45.24069" lon="-72.54213">
        <ele>203.02</ele>
      </trkpt>
      <trkpt lat="45.24025" lon="-72.54102">
        <ele>204.6</ele>
      </trkpt>
      <trkpt lat="45.24008" lon="-72.54074">
        <ele>204.36</ele>
      </trkpt>
      <trkpt lat="45.2397" lon="-72.54034">
        <ele>204.78</ele>
      </trkpt>
      <trkpt lat="45.23941" lon="-72.54014">
        <ele>205.99</ele>
      </trkpt>
      <trkpt lat="45.23912" lon="-72.53989">
        <ele>207.41</ele>
      </trkpt>
      <trkpt lat="45.23878" lon="-72.53955">
        <ele>208.01</ele>
      </trkpt>
      <trkpt lat="45.23829" lon="-72.53895">
        <ele>206.49</ele>
      </trkpt>
      <trkpt lat="45.237845" lon="-72.538335">
        <ele>204.71</ele>
      </trkpt>
      <trkpt lat="45.2374" lon="-72.53772">
        <ele>203.78</ele>
      </trkpt>
      <trkpt lat="45.23701" lon="-72.53716">
        <ele>203.52</ele>
      </trkpt>
      <trkpt lat="45.23643" lon="-72.53641">
        <ele>205.09</ele>
      </trkpt>
      <trkpt lat="45.23592" lon="-72.53582">
        <ele>206.8</ele>
      </trkpt>
      <trkpt lat="45.23574" lon="-72.53569">
        <ele>207.31</ele>
      </trkpt>
      <trkpt lat="45.2356" lon="-72.53563">
        <ele>207.48</ele>
      </trkpt>
      <trkpt lat="45.23528" lon="-72.53554">
        <ele>207.58</ele>
      </trkpt>
      <trkpt lat="45.23501" lon="-72.53551">
        <ele>207.5</ele>
      </trkpt>
      <trkpt lat="45.23444" lon="-72.535575">
        <ele>207.25</ele>
      </trkpt>
      <trkpt lat="45.23387" lon="-72.53564">
        <ele>207.59</ele>
      </trkpt>
      <trkpt lat="45.233365" lon="-72.535775">
        <ele>208.09</ele>
      </trkpt>
      <trkpt lat="45.23286" lon="-72.53591">
        <ele>207.5</ele>
      </trkpt>
      <trkpt lat="45.23271" lon="-72.53591">
        <ele>206.99</ele>
      </trkpt>
      <trkpt lat="45.231925" lon="-72.535825">
        <ele>202.56</ele>
      </trkpt>
      <trkpt lat="45.23114" lon="-72.53574">
        <ele>201.04</ele>
      </trkpt>
      <trkpt lat="45.2305" lon="-72.53572">
        <ele>200.4</ele>
      </trkpt>
      <trkpt lat="45.23013" lon="-72.53573">
        <ele>199.76</ele>
      </trkpt>
      <trkpt lat="45.23012" lon="-72.53573">
        <ele>199.76</ele>
      </trkpt>
      <trkpt lat="45.22947" lon="-72.53575">
        <ele>200.67</ele>
      </trkpt>
      <trkpt lat="45.22882" lon="-72.53577">
        <ele>201.97</ele>
      </trkpt>
      <trkpt lat="45.22817" lon="-72.53579">
        <ele>202.12</ele>
      </trkpt>
      <trkpt lat="45.22737" lon="-72.53585">
        <ele>202.13</ele>
      </trkpt>
      <trkpt lat="45.2266167" lon="-72.5359567">
        <ele>202.32</ele>
      </trkpt>
      <trkpt lat="45.2258633" lon="-72.5360633">
        <ele>202.53</ele>
      </trkpt>
      <trkpt lat="45.22511" lon="-72.53617">
        <ele>203.84</ele>
      </trkpt>
      <trkpt lat="45.22462" lon="-72.53618">
        <ele>203.26</ele>
      </trkpt>
      <trkpt lat="45.2243" lon="-72.53613">
        <ele>202.33</ele>
      </trkpt>
      <trkpt lat="45.22385" lon="-72.53604">
        <ele>202.02</ele>
      </trkpt>
      <trkpt lat="45.2234" lon="-72.53595">
        <ele>202</ele>
      </trkpt>
      <trkpt lat="45.22258" lon="-72.536">
        <ele>200.26</ele>
      </trkpt>
      <trkpt lat="45.22234" lon="-72.53596">
        <ele>199.99</ele>
      </trkpt>
      <trkpt lat="45.222325" lon="-72.53497">
        <ele>199.44</ele>
      </trkpt>
      <trkpt lat="45.22231" lon="-72.53398">
        <ele>200.13</ele>
      </trkpt>
      <trkpt lat="45.22232" lon="-72.53363">
        <ele>201.26</ele>
      </trkpt>
    </trkseg>
  </trk>
</gpx>