<?xml version='1.0' encoding='utf-8'?>
<gpx xmlns="http://www.topografix.com/GPX/1/1" xmlns:xsi="http://www.w3.org/2001/XMLSchema-instance" version="1.1" creator="Gravelle Estrie" xsi:schemaLocation="http://www.topografix.com/GPX/1/1 http://www.topografix.com/GPX/1/1/gpx.xsd">
  <metadata>
    <name>G093 - Gravelle - Ayer's Cliff / Ogden</name>
  </metadata>
  <trk>
    <name>G093 - Gravelle - Ayer's Cliff / Ogden</name>
    <trkseg>
      <trkpt lat="45.167969" lon="-72.03938">
        <ele>181.9</ele>
      </trkpt>
      <trkpt lat="45.168" lon="-72.03942">
        <ele>181.9</ele>
      </trkpt>
      <trkpt lat="45.16836" lon="-72.04024">
        <ele>181.9</ele>
      </trkpt>
      <trkpt lat="45.168529" lon="-72.0406">
        <ele>181.9</ele>
      </trkpt>
      <trkpt lat="45.16884" lon="-72.0413">
        <ele>181.9</ele>
      </trkpt>
      <trkpt lat="45.16928" lon="-72.04226">
        <ele>181.9</ele>
      </trkpt>
      <trkpt lat="45.16941" lon="-72.04255">
        <ele>181.9</ele>
      </trkpt>
      <trkpt lat="45.16941" lon="-72.04255">
        <ele>181.9</ele>
      </trkpt>
      <trkpt lat="45.16922" lon="-72.04285">
        <ele>181.9</ele>
      </trkpt>
      <trkpt lat="45.16919" lon="-72.04291">
        <ele>181.9</ele>
      </trkpt>
      <trkpt lat="45.16918" lon="-72.04292">
        <ele>181.9</ele>
      </trkpt>
      <trkpt lat="45.16911" lon="-72.04304">
        <ele>181.9</ele>
      </trkpt>
      <trkpt lat="45.16899" lon="-72.04323">
        <ele>181.9</ele>
      </trkpt>
      <trkpt lat="45.16898" lon="-72.04324">
        <ele>181.9</ele>
      </trkpt>
      <trkpt lat="45.16884" lon="-72.04346">
        <ele>181.9</ele>
      </trkpt>
      <trkpt lat="45.16872" lon="-72.04357">
        <ele>181.9</ele>
      </trkpt>
      <trkpt lat="45.16872" lon="-72.04357">
        <ele>181.9</ele>
      </trkpt>
      <trkpt lat="45.16884" lon="-72.04426">
        <ele>181.9</ele>
      </trkpt>
      <trkpt lat="45.16904" lon="-72.045509">
        <ele>181.9</ele>
      </trkpt>
      <trkpt lat="45.16908" lon="-72.04576">
        <ele>181.9</ele>
      </trkpt>
      <trkpt lat="45.16916" lon="-72.04625">
        <ele>181.9</ele>
      </trkpt>
      <trkpt lat="45.16931" lon="-72.04717">
        <ele>181.9</ele>
      </trkpt>
      <trkpt lat="45.16935" lon="-72.04742">
        <ele>181.9</ele>
      </trkpt>
      <trkpt lat="45.1694" lon="-72.04767">
        <ele>181.9</ele>
      </trkpt>
      <trkpt lat="45.16944" lon="-72.04791">
        <ele>181.9</ele>
      </trkpt>
      <trkpt lat="45.16948" lon="-72.04816">
        <ele>181.9</ele>
      </trkpt>
      <trkpt lat="45.16952" lon="-72.04841">
        <ele>181.9</ele>
      </trkpt>
      <trkpt lat="45.16956" lon="-72.04866">
        <ele>181.9</ele>
      </trkpt>
      <trkpt lat="45.1696" lon="-72.04891">
        <ele>181.9</ele>
      </trkpt>
      <trkpt lat="45.16964" lon="-72.04916">
        <ele>181.9</ele>
      </trkpt>
      <trkpt lat="45.16964" lon="-72.04916">
        <ele>181.9</ele>
      </trkpt>
      <trkpt lat="45.16936" lon="-72.04957">
        <ele>181.9</ele>
      </trkpt>
      <trkpt lat="45.169289" lon="-72.04973">
        <ele>181.9</ele>
      </trkpt>
      <trkpt lat="45.16924" lon="-72.04982">
        <ele>181.9</ele>
      </trkpt>
      <trkpt lat="45.16914" lon="-72.05012">
        <ele>181.9</ele>
      </trkpt>
      <trkpt lat="45.16912" lon="-72.05018">
        <ele>181.9</ele>
      </trkpt>
      <trkpt lat="45.16906" lon="-72.05041">
        <ele>181.9</ele>
      </trkpt>
      <trkpt lat="45.16903" lon="-72.05063">
        <ele>181.9</ele>
      </trkpt>
      <trkpt lat="45.16902" lon="-72.05067">
        <ele>181.9</ele>
      </trkpt>
      <trkpt lat="45.168999" lon="-72.05092">
        <ele>181.7</ele>
      </trkpt>
      <trkpt lat="45.168999" lon="-72.05096">
        <ele>181.7</ele>
      </trkpt>
      <trkpt lat="45.16898" lon="-72.05115">
        <ele>181.5</ele>
      </trkpt>
      <trkpt lat="45.16898" lon="-72.05118">
        <ele>181.5</ele>
      </trkpt>
      <trkpt lat="45.16898" lon="-72.05152">
        <ele>181.2</ele>
      </trkpt>
      <trkpt lat="45.16897" lon="-72.0518">
        <ele>181.1</ele>
      </trkpt>
      <trkpt lat="45.16896" lon="-72.05194">
        <ele>181.2</ele>
      </trkpt>
      <trkpt lat="45.16894" lon="-72.05212">
        <ele>181.4</ele>
      </trkpt>
      <trkpt lat="45.16894" lon="-72.05219">
        <ele>181.5</ele>
      </trkpt>
      <trkpt lat="45.16889" lon="-72.05297">
        <ele>183</ele>
      </trkpt>
      <trkpt lat="45.16888" lon="-72.05321">
        <ele>183.9</ele>
      </trkpt>
      <trkpt lat="45.16883" lon="-72.05412">
        <ele>190.5</ele>
      </trkpt>
      <trkpt lat="45.16881" lon="-72.05434">
        <ele>192.2</ele>
      </trkpt>
      <trkpt lat="45.1688" lon="-72.0545">
        <ele>193.4</ele>
      </trkpt>
      <trkpt lat="45.16877" lon="-72.05509">
        <ele>197</ele>
      </trkpt>
      <trkpt lat="45.16875" lon="-72.05535">
        <ele>198.4</ele>
      </trkpt>
      <trkpt lat="45.16875" lon="-72.055359">
        <ele>198.5</ele>
      </trkpt>
      <trkpt lat="45.16871" lon="-72.05559">
        <ele>199.6</ele>
      </trkpt>
      <trkpt lat="45.16871" lon="-72.0556">
        <ele>199.7</ele>
      </trkpt>
      <trkpt lat="45.16866" lon="-72.05585">
        <ele>200.8</ele>
      </trkpt>
      <trkpt lat="45.16866" lon="-72.05587">
        <ele>201</ele>
      </trkpt>
      <trkpt lat="45.16859" lon="-72.05617">
        <ele>202.4</ele>
      </trkpt>
      <trkpt lat="45.16849" lon="-72.05653">
        <ele>204</ele>
      </trkpt>
      <trkpt lat="45.16833" lon="-72.05702">
        <ele>205.8</ele>
      </trkpt>
      <trkpt lat="45.16817" lon="-72.05749">
        <ele>207.1</ele>
      </trkpt>
      <trkpt lat="45.16771" lon="-72.05887">
        <ele>210.2</ele>
      </trkpt>
      <trkpt lat="45.16769" lon="-72.05893">
        <ele>210.2</ele>
      </trkpt>
      <trkpt lat="45.16752" lon="-72.0596">
        <ele>211.6</ele>
      </trkpt>
      <trkpt lat="45.16742" lon="-72.06008">
        <ele>213.1</ele>
      </trkpt>
      <trkpt lat="45.16715" lon="-72.0613">
        <ele>215.5</ele>
      </trkpt>
      <trkpt lat="45.1671" lon="-72.06156">
        <ele>216.1</ele>
      </trkpt>
      <trkpt lat="45.16678" lon="-72.06302">
        <ele>220.5</ele>
      </trkpt>
      <trkpt lat="45.16677" lon="-72.06308">
        <ele>220.7</ele>
      </trkpt>
      <trkpt lat="45.16673" lon="-72.06327">
        <ele>221.4</ele>
      </trkpt>
      <trkpt lat="45.16666" lon="-72.063599">
        <ele>222.5</ele>
      </trkpt>
      <trkpt lat="45.16661" lon="-72.06381">
        <ele>223.3</ele>
      </trkpt>
      <trkpt lat="45.16655" lon="-72.064089">
        <ele>224.3</ele>
      </trkpt>
      <trkpt lat="45.16654" lon="-72.06411">
        <ele>224.4</ele>
      </trkpt>
      <trkpt lat="45.16643" lon="-72.06466">
        <ele>226.4</ele>
      </trkpt>
      <trkpt lat="45.16637" lon="-72.06494">
        <ele>227.6</ele>
      </trkpt>
      <trkpt lat="45.16636" lon="-72.06496">
        <ele>227.7</ele>
      </trkpt>
      <trkpt lat="45.166289" lon="-72.06529">
        <ele>229.2</ele>
      </trkpt>
      <trkpt lat="45.16619" lon="-72.06568">
        <ele>231.1</ele>
      </trkpt>
      <trkpt lat="45.16612" lon="-72.06587">
        <ele>232</ele>
      </trkpt>
      <trkpt lat="45.16604" lon="-72.06609">
        <ele>233.2</ele>
      </trkpt>
      <trkpt lat="45.16598" lon="-72.06621">
        <ele>233.8</ele>
      </trkpt>
      <trkpt lat="45.16594" lon="-72.0663">
        <ele>234.3</ele>
      </trkpt>
      <trkpt lat="45.16587" lon="-72.06641">
        <ele>235</ele>
      </trkpt>
      <trkpt lat="45.16586" lon="-72.06643">
        <ele>235.1</ele>
      </trkpt>
      <trkpt lat="45.16575" lon="-72.066599">
        <ele>236.1</ele>
      </trkpt>
      <trkpt lat="45.16573" lon="-72.06664">
        <ele>236.3</ele>
      </trkpt>
      <trkpt lat="45.16564" lon="-72.06675">
        <ele>237</ele>
      </trkpt>
      <trkpt lat="45.16551" lon="-72.0669">
        <ele>237.6</ele>
      </trkpt>
      <trkpt lat="45.16542" lon="-72.06699">
        <ele>237.9</ele>
      </trkpt>
      <trkpt lat="45.16533" lon="-72.06706">
        <ele>237.9</ele>
      </trkpt>
      <trkpt lat="45.16526" lon="-72.06711">
        <ele>237.9</ele>
      </trkpt>
      <trkpt lat="45.16517" lon="-72.067179">
        <ele>237.8</ele>
      </trkpt>
      <trkpt lat="45.16484" lon="-72.0674">
        <ele>237.4</ele>
      </trkpt>
      <trkpt lat="45.16468" lon="-72.06752">
        <ele>237.6</ele>
      </trkpt>
      <trkpt lat="45.16464" lon="-72.06755">
        <ele>237.7</ele>
      </trkpt>
      <trkpt lat="45.16452" lon="-72.06763">
        <ele>238</ele>
      </trkpt>
      <trkpt lat="45.164029" lon="-72.06795">
        <ele>239.4</ele>
      </trkpt>
      <trkpt lat="45.1637" lon="-72.06816">
        <ele>239.3</ele>
      </trkpt>
      <trkpt lat="45.16361" lon="-72.06822">
        <ele>239.1</ele>
      </trkpt>
      <trkpt lat="45.16305" lon="-72.06859">
        <ele>238.6</ele>
      </trkpt>
      <trkpt lat="45.16289" lon="-72.06869">
        <ele>238.7</ele>
      </trkpt>
      <trkpt lat="45.16273" lon="-72.06879">
        <ele>238.8</ele>
      </trkpt>
      <trkpt lat="45.16207" lon="-72.069239">
        <ele>238.7</ele>
      </trkpt>
      <trkpt lat="45.16191" lon="-72.06934">
        <ele>238.7</ele>
      </trkpt>
      <trkpt lat="45.16175" lon="-72.06945">
        <ele>238.8</ele>
      </trkpt>
      <trkpt lat="45.16142" lon="-72.06967">
        <ele>239.1</ele>
      </trkpt>
      <trkpt lat="45.16126" lon="-72.06978">
        <ele>239.1</ele>
      </trkpt>
      <trkpt lat="45.16086" lon="-72.07005">
        <ele>239.2</ele>
      </trkpt>
      <trkpt lat="45.16086" lon="-72.07005">
        <ele>239.2</ele>
      </trkpt>
      <trkpt lat="45.1607" lon="-72.07016">
        <ele>239.2</ele>
      </trkpt>
      <trkpt lat="45.16062" lon="-72.07021">
        <ele>239.2</ele>
      </trkpt>
      <trkpt lat="45.16053" lon="-72.07026">
        <ele>239.2</ele>
      </trkpt>
      <trkpt lat="45.16037" lon="-72.07035">
        <ele>239.2</ele>
      </trkpt>
      <trkpt lat="45.16033" lon="-72.07037">
        <ele>239.1</ele>
      </trkpt>
      <trkpt lat="45.15986" lon="-72.07062">
        <ele>239.3</ele>
      </trkpt>
      <trkpt lat="45.15969" lon="-72.0707">
        <ele>239.4</ele>
      </trkpt>
      <trkpt lat="45.15952" lon="-72.07079">
        <ele>239.6</ele>
      </trkpt>
      <trkpt lat="45.15935" lon="-72.07087">
        <ele>239.8</ele>
      </trkpt>
      <trkpt lat="45.15918" lon="-72.07096">
        <ele>239.9</ele>
      </trkpt>
      <trkpt lat="45.15895" lon="-72.07107">
        <ele>240</ele>
      </trkpt>
      <trkpt lat="45.15851" lon="-72.071299">
        <ele>240.4</ele>
      </trkpt>
      <trkpt lat="45.158299" lon="-72.07141">
        <ele>240.9</ele>
      </trkpt>
      <trkpt lat="45.158" lon="-72.07155">
        <ele>241.7</ele>
      </trkpt>
      <trkpt lat="45.15748" lon="-72.071789">
        <ele>243.7</ele>
      </trkpt>
      <trkpt lat="45.15697" lon="-72.072">
        <ele>245.4</ele>
      </trkpt>
      <trkpt lat="45.15685" lon="-72.07205">
        <ele>245.6</ele>
      </trkpt>
      <trkpt lat="45.156619" lon="-72.07214">
        <ele>245.6</ele>
      </trkpt>
      <trkpt lat="45.15645" lon="-72.07221">
        <ele>245.3</ele>
      </trkpt>
      <trkpt lat="45.15627" lon="-72.07228">
        <ele>244.7</ele>
      </trkpt>
      <trkpt lat="45.1561" lon="-72.07235">
        <ele>244.1</ele>
      </trkpt>
      <trkpt lat="45.15575" lon="-72.07248">
        <ele>243</ele>
      </trkpt>
      <trkpt lat="45.1557" lon="-72.07251">
        <ele>243.1</ele>
      </trkpt>
      <trkpt lat="45.15505" lon="-72.07272">
        <ele>244</ele>
      </trkpt>
      <trkpt lat="45.1547" lon="-72.07284">
        <ele>244.8</ele>
      </trkpt>
      <trkpt lat="45.15453" lon="-72.0729">
        <ele>245</ele>
      </trkpt>
      <trkpt lat="45.15439" lon="-72.07294">
        <ele>245.1</ele>
      </trkpt>
      <trkpt lat="45.15435" lon="-72.07296">
        <ele>245.1</ele>
      </trkpt>
      <trkpt lat="45.15365" lon="-72.07317">
        <ele>245.5</ele>
      </trkpt>
      <trkpt lat="45.15348" lon="-72.07323">
        <ele>245.6</ele>
      </trkpt>
      <trkpt lat="45.152769" lon="-72.073449">
        <ele>244.9</ele>
      </trkpt>
      <trkpt lat="45.152769" lon="-72.073449">
        <ele>244.9</ele>
      </trkpt>
      <trkpt lat="45.15251" lon="-72.07352">
        <ele>244.5</ele>
      </trkpt>
      <trkpt lat="45.15234" lon="-72.07357">
        <ele>244.3</ele>
      </trkpt>
      <trkpt lat="45.15181" lon="-72.07371">
        <ele>243.6</ele>
      </trkpt>
      <trkpt lat="45.15092" lon="-72.07395">
        <ele>238.5</ele>
      </trkpt>
      <trkpt lat="45.15039" lon="-72.07411">
        <ele>233.7</ele>
      </trkpt>
      <trkpt lat="45.150329" lon="-72.074119">
        <ele>233</ele>
      </trkpt>
      <trkpt lat="45.149859" lon="-72.07425">
        <ele>228.1</ele>
      </trkpt>
      <trkpt lat="45.14969" lon="-72.074299">
        <ele>226.4</ele>
      </trkpt>
      <trkpt lat="45.14886" lon="-72.07454">
        <ele>219.5</ele>
      </trkpt>
      <trkpt lat="45.14863" lon="-72.07461">
        <ele>218</ele>
      </trkpt>
      <trkpt lat="45.148449" lon="-72.07465">
        <ele>216.9</ele>
      </trkpt>
      <trkpt lat="45.14828" lon="-72.0747">
        <ele>216</ele>
      </trkpt>
      <trkpt lat="45.1482" lon="-72.07472">
        <ele>215.6</ele>
      </trkpt>
      <trkpt lat="45.147329" lon="-72.074969">
        <ele>212.9</ele>
      </trkpt>
      <trkpt lat="45.14716" lon="-72.07501">
        <ele>212.8</ele>
      </trkpt>
      <trkpt lat="45.146859" lon="-72.0751">
        <ele>212.7</ele>
      </trkpt>
      <trkpt lat="45.14634" lon="-72.07527">
        <ele>212.9</ele>
      </trkpt>
      <trkpt lat="45.14603" lon="-72.07536">
        <ele>212.9</ele>
      </trkpt>
      <trkpt lat="45.14588" lon="-72.0754">
        <ele>212.9</ele>
      </trkpt>
      <trkpt lat="45.14571" lon="-72.07545">
        <ele>212.9</ele>
      </trkpt>
      <trkpt lat="45.145359" lon="-72.07554">
        <ele>212.9</ele>
      </trkpt>
      <trkpt lat="45.14514" lon="-72.07561">
        <ele>212.9</ele>
      </trkpt>
      <trkpt lat="45.14497" lon="-72.07566">
        <ele>212.9</ele>
      </trkpt>
      <trkpt lat="45.14486" lon="-72.0757">
        <ele>212.9</ele>
      </trkpt>
      <trkpt lat="45.14479" lon="-72.07572">
        <ele>212.9</ele>
      </trkpt>
      <trkpt lat="45.14462" lon="-72.07579">
        <ele>212.9</ele>
      </trkpt>
      <trkpt lat="45.1444" lon="-72.07588">
        <ele>212.9</ele>
      </trkpt>
      <trkpt lat="45.14427" lon="-72.07592">
        <ele>212.9</ele>
      </trkpt>
      <trkpt lat="45.14416" lon="-72.07597">
        <ele>212.9</ele>
      </trkpt>
      <trkpt lat="45.14392" lon="-72.07604">
        <ele>212.9</ele>
      </trkpt>
      <trkpt lat="45.14387" lon="-72.07606">
        <ele>212.9</ele>
      </trkpt>
      <trkpt lat="45.14367" lon="-72.07611">
        <ele>212.9</ele>
      </trkpt>
      <trkpt lat="45.143569" lon="-72.07612">
        <ele>212.9</ele>
      </trkpt>
      <trkpt lat="45.14328" lon="-72.07613">
        <ele>212.9</ele>
      </trkpt>
      <trkpt lat="45.14271" lon="-72.07619">
        <ele>212.9</ele>
      </trkpt>
      <trkpt lat="45.14249" lon="-72.07623">
        <ele>212.9</ele>
      </trkpt>
      <trkpt lat="45.14234" lon="-72.07625">
        <ele>212.9</ele>
      </trkpt>
      <trkpt lat="45.14212" lon="-72.07629">
        <ele>212.9</ele>
      </trkpt>
      <trkpt lat="45.14177" lon="-72.07635">
        <ele>212.9</ele>
      </trkpt>
      <trkpt lat="45.14124" lon="-72.07646">
        <ele>213.2</ele>
      </trkpt>
      <trkpt lat="45.14089" lon="-72.07654">
        <ele>214.1</ele>
      </trkpt>
      <trkpt lat="45.140569" lon="-72.07661">
        <ele>215.3</ele>
      </trkpt>
      <trkpt lat="45.14035" lon="-72.07665">
        <ele>216.2</ele>
      </trkpt>
      <trkpt lat="45.14029" lon="-72.07666">
        <ele>216.5</ele>
      </trkpt>
      <trkpt lat="45.13991" lon="-72.076759">
        <ele>218</ele>
      </trkpt>
      <trkpt lat="45.13982" lon="-72.07678">
        <ele>218.3</ele>
      </trkpt>
      <trkpt lat="45.13965" lon="-72.07682">
        <ele>218.9</ele>
      </trkpt>
      <trkpt lat="45.13961" lon="-72.07684">
        <ele>219.1</ele>
      </trkpt>
      <trkpt lat="45.13947" lon="-72.07687">
        <ele>219.5</ele>
      </trkpt>
      <trkpt lat="45.13929" lon="-72.07691">
        <ele>220.2</ele>
      </trkpt>
      <trkpt lat="45.139069" lon="-72.07696">
        <ele>221</ele>
      </trkpt>
      <trkpt lat="45.13894" lon="-72.077">
        <ele>221.5</ele>
      </trkpt>
      <trkpt lat="45.13876" lon="-72.07706">
        <ele>222.2</ele>
      </trkpt>
      <trkpt lat="45.13871" lon="-72.07707">
        <ele>222.4</ele>
      </trkpt>
      <trkpt lat="45.13859" lon="-72.07713">
        <ele>223</ele>
      </trkpt>
      <trkpt lat="45.13837" lon="-72.07723">
        <ele>223.9</ele>
      </trkpt>
      <trkpt lat="45.137569" lon="-72.07762">
        <ele>227.7</ele>
      </trkpt>
      <trkpt lat="45.1374" lon="-72.077699">
        <ele>228.7</ele>
      </trkpt>
      <trkpt lat="45.13689" lon="-72.07795">
        <ele>232.1</ele>
      </trkpt>
      <trkpt lat="45.13662" lon="-72.07807">
        <ele>233.9</ele>
      </trkpt>
      <trkpt lat="45.13655" lon="-72.07811">
        <ele>234.4</ele>
      </trkpt>
      <trkpt lat="45.13643" lon="-72.07814">
        <ele>235.2</ele>
      </trkpt>
      <trkpt lat="45.13631" lon="-72.07817">
        <ele>236</ele>
      </trkpt>
      <trkpt lat="45.13622" lon="-72.07818">
        <ele>236.5</ele>
      </trkpt>
      <trkpt lat="45.13612" lon="-72.07819">
        <ele>237.1</ele>
      </trkpt>
      <trkpt lat="45.136" lon="-72.07818">
        <ele>237.7</ele>
      </trkpt>
      <trkpt lat="45.13576" lon="-72.07818">
        <ele>238.8</ele>
      </trkpt>
      <trkpt lat="45.13572" lon="-72.07818">
        <ele>239</ele>
      </trkpt>
      <trkpt lat="45.13564" lon="-72.07818">
        <ele>239.4</ele>
      </trkpt>
      <trkpt lat="45.13543" lon="-72.07819">
        <ele>240.2</ele>
      </trkpt>
      <trkpt lat="45.1354" lon="-72.07818">
        <ele>240.3</ele>
      </trkpt>
      <trkpt lat="45.13536" lon="-72.07818">
        <ele>240.4</ele>
      </trkpt>
      <trkpt lat="45.13514" lon="-72.07817">
        <ele>241</ele>
      </trkpt>
      <trkpt lat="45.135" lon="-72.07817">
        <ele>241.3</ele>
      </trkpt>
      <trkpt lat="45.13486" lon="-72.07816">
        <ele>241.4</ele>
      </trkpt>
      <trkpt lat="45.13482" lon="-72.07816">
        <ele>241.5</ele>
      </trkpt>
      <trkpt lat="45.13477" lon="-72.07816">
        <ele>241.5</ele>
      </trkpt>
      <trkpt lat="45.13468" lon="-72.078149">
        <ele>241.6</ele>
      </trkpt>
      <trkpt lat="45.13446" lon="-72.07813">
        <ele>241.7</ele>
      </trkpt>
      <trkpt lat="45.13436" lon="-72.07812">
        <ele>241.7</ele>
      </trkpt>
      <trkpt lat="45.13432" lon="-72.07811">
        <ele>241.7</ele>
      </trkpt>
      <trkpt lat="45.134279" lon="-72.07811">
        <ele>241.7</ele>
      </trkpt>
      <trkpt lat="45.13401" lon="-72.07805">
        <ele>241.6</ele>
      </trkpt>
      <trkpt lat="45.13396" lon="-72.07804">
        <ele>241.6</ele>
      </trkpt>
      <trkpt lat="45.13392" lon="-72.07803">
        <ele>241.5</ele>
      </trkpt>
      <trkpt lat="45.13375" lon="-72.07798">
        <ele>241.4</ele>
      </trkpt>
      <trkpt lat="45.13361" lon="-72.07795">
        <ele>241.2</ele>
      </trkpt>
      <trkpt lat="45.13357" lon="-72.07794">
        <ele>241.2</ele>
      </trkpt>
      <trkpt lat="45.13354" lon="-72.07793">
        <ele>241.1</ele>
      </trkpt>
      <trkpt lat="45.13318" lon="-72.07785">
        <ele>240.5</ele>
      </trkpt>
      <trkpt lat="45.13267" lon="-72.07772">
        <ele>239</ele>
      </trkpt>
      <trkpt lat="45.13251" lon="-72.07768">
        <ele>238.5</ele>
      </trkpt>
      <trkpt lat="45.13235" lon="-72.07764">
        <ele>237.8</ele>
      </trkpt>
      <trkpt lat="45.13226" lon="-72.07762">
        <ele>237.5</ele>
      </trkpt>
      <trkpt lat="45.13219" lon="-72.07759">
        <ele>237.1</ele>
      </trkpt>
      <trkpt lat="45.13209" lon="-72.07756">
        <ele>236.6</ele>
      </trkpt>
      <trkpt lat="45.13197" lon="-72.0775">
        <ele>236</ele>
      </trkpt>
      <trkpt lat="45.131839" lon="-72.07744">
        <ele>235.3</ele>
      </trkpt>
      <trkpt lat="45.13181" lon="-72.07742">
        <ele>235.1</ele>
      </trkpt>
      <trkpt lat="45.13173" lon="-72.07736">
        <ele>234.6</ele>
      </trkpt>
      <trkpt lat="45.13169" lon="-72.07732">
        <ele>234.3</ele>
      </trkpt>
      <trkpt lat="45.13162" lon="-72.07726">
        <ele>233.9</ele>
      </trkpt>
      <trkpt lat="45.13153" lon="-72.0772">
        <ele>233.4</ele>
      </trkpt>
      <trkpt lat="45.1315" lon="-72.07717">
        <ele>233.2</ele>
      </trkpt>
      <trkpt lat="45.13146" lon="-72.07714">
        <ele>233</ele>
      </trkpt>
      <trkpt lat="45.131369" lon="-72.07709">
        <ele>232.6</ele>
      </trkpt>
      <trkpt lat="45.13133" lon="-72.07707">
        <ele>232.4</ele>
      </trkpt>
      <trkpt lat="45.1313" lon="-72.07705">
        <ele>232.3</ele>
      </trkpt>
      <trkpt lat="45.1312" lon="-72.07699">
        <ele>231.9</ele>
      </trkpt>
      <trkpt lat="45.13115" lon="-72.07696">
        <ele>231.6</ele>
      </trkpt>
      <trkpt lat="45.13099" lon="-72.07689">
        <ele>231</ele>
      </trkpt>
      <trkpt lat="45.13089" lon="-72.076849">
        <ele>230.6</ele>
      </trkpt>
      <trkpt lat="45.13074" lon="-72.0768">
        <ele>230.1</ele>
      </trkpt>
      <trkpt lat="45.13068" lon="-72.07679">
        <ele>230</ele>
      </trkpt>
      <trkpt lat="45.13065" lon="-72.07678">
        <ele>229.9</ele>
      </trkpt>
      <trkpt lat="45.13061" lon="-72.07678">
        <ele>229.8</ele>
      </trkpt>
      <trkpt lat="45.13051" lon="-72.07675">
        <ele>229.4</ele>
      </trkpt>
      <trkpt lat="45.13047" lon="-72.076759">
        <ele>229.4</ele>
      </trkpt>
      <trkpt lat="45.13045" lon="-72.076759">
        <ele>229.3</ele>
      </trkpt>
      <trkpt lat="45.13039" lon="-72.07677">
        <ele>229.2</ele>
      </trkpt>
      <trkpt lat="45.13033" lon="-72.07679">
        <ele>229.2</ele>
      </trkpt>
      <trkpt lat="45.13033" lon="-72.0768">
        <ele>229.2</ele>
      </trkpt>
      <trkpt lat="45.1303" lon="-72.07682">
        <ele>229.2</ele>
      </trkpt>
      <trkpt lat="45.13021" lon="-72.07687">
        <ele>229.1</ele>
      </trkpt>
      <trkpt lat="45.13001" lon="-72.077029">
        <ele>229.1</ele>
      </trkpt>
      <trkpt lat="45.12997" lon="-72.07705">
        <ele>229</ele>
      </trkpt>
      <trkpt lat="45.12992" lon="-72.0771">
        <ele>229.1</ele>
      </trkpt>
      <trkpt lat="45.12982" lon="-72.07718">
        <ele>229</ele>
      </trkpt>
      <trkpt lat="45.12955" lon="-72.07741">
        <ele>228.6</ele>
      </trkpt>
      <trkpt lat="45.129219" lon="-72.07767">
        <ele>227.8</ele>
      </trkpt>
      <trkpt lat="45.1292" lon="-72.07769">
        <ele>227.8</ele>
      </trkpt>
      <trkpt lat="45.12908" lon="-72.0778">
        <ele>227.6</ele>
      </trkpt>
      <trkpt lat="45.12889" lon="-72.07796">
        <ele>227.4</ele>
      </trkpt>
      <trkpt lat="45.12886" lon="-72.078">
        <ele>227.5</ele>
      </trkpt>
      <trkpt lat="45.12877" lon="-72.07807">
        <ele>227.4</ele>
      </trkpt>
      <trkpt lat="45.12858" lon="-72.07823">
        <ele>227.3</ele>
      </trkpt>
      <trkpt lat="45.12849" lon="-72.0783">
        <ele>227.2</ele>
      </trkpt>
      <trkpt lat="45.12811" lon="-72.07858">
        <ele>226.8</ele>
      </trkpt>
      <trkpt lat="45.12807" lon="-72.07861">
        <ele>226.8</ele>
      </trkpt>
      <trkpt lat="45.12797" lon="-72.07868">
        <ele>226.7</ele>
      </trkpt>
      <trkpt lat="45.12795" lon="-72.0787">
        <ele>226.7</ele>
      </trkpt>
      <trkpt lat="45.12786" lon="-72.07875">
        <ele>226.6</ele>
      </trkpt>
      <trkpt lat="45.12766" lon="-72.07883">
        <ele>226.4</ele>
      </trkpt>
      <trkpt lat="45.1276" lon="-72.07885">
        <ele>226.3</ele>
      </trkpt>
      <trkpt lat="45.1275" lon="-72.0789">
        <ele>226.2</ele>
      </trkpt>
      <trkpt lat="45.127429" lon="-72.07893">
        <ele>226.2</ele>
      </trkpt>
      <trkpt lat="45.12702" lon="-72.07911">
        <ele>226.1</ele>
      </trkpt>
      <trkpt lat="45.12658" lon="-72.07933">
        <ele>225.8</ele>
      </trkpt>
      <trkpt lat="45.12641" lon="-72.07941">
        <ele>225.6</ele>
      </trkpt>
      <trkpt lat="45.12639" lon="-72.07942">
        <ele>225.6</ele>
      </trkpt>
      <trkpt lat="45.1259" lon="-72.079669">
        <ele>224.6</ele>
      </trkpt>
      <trkpt lat="45.12573" lon="-72.07972">
        <ele>224.2</ele>
      </trkpt>
      <trkpt lat="45.12572" lon="-72.07972">
        <ele>224.2</ele>
      </trkpt>
      <trkpt lat="45.125549" lon="-72.079759">
        <ele>223.7</ele>
      </trkpt>
      <trkpt lat="45.12553" lon="-72.079759">
        <ele>223.6</ele>
      </trkpt>
      <trkpt lat="45.12534" lon="-72.07978">
        <ele>223</ele>
      </trkpt>
      <trkpt lat="45.12504" lon="-72.07983">
        <ele>222.2</ele>
      </trkpt>
      <trkpt lat="45.12501" lon="-72.07984">
        <ele>222.2</ele>
      </trkpt>
      <trkpt lat="45.12491" lon="-72.07986">
        <ele>221.9</ele>
      </trkpt>
      <trkpt lat="45.124809" lon="-72.07989">
        <ele>221.8</ele>
      </trkpt>
      <trkpt lat="45.124609" lon="-72.07995">
        <ele>221.5</ele>
      </trkpt>
      <trkpt lat="45.12448" lon="-72.08">
        <ele>221.3</ele>
      </trkpt>
      <trkpt lat="45.12447" lon="-72.08">
        <ele>221.3</ele>
      </trkpt>
      <trkpt lat="45.12422" lon="-72.08011">
        <ele>221</ele>
      </trkpt>
      <trkpt lat="45.12395" lon="-72.080209">
        <ele>220.4</ele>
      </trkpt>
      <trkpt lat="45.12379" lon="-72.08028">
        <ele>220</ele>
      </trkpt>
      <trkpt lat="45.12352" lon="-72.0804">
        <ele>219.2</ele>
      </trkpt>
      <trkpt lat="45.12327" lon="-72.08048">
        <ele>218.4</ele>
      </trkpt>
      <trkpt lat="45.122839" lon="-72.08066">
        <ele>216.7</ele>
      </trkpt>
      <trkpt lat="45.12283" lon="-72.08066">
        <ele>216.7</ele>
      </trkpt>
      <trkpt lat="45.12247" lon="-72.08084">
        <ele>215.1</ele>
      </trkpt>
      <trkpt lat="45.1223" lon="-72.08094">
        <ele>214.3</ele>
      </trkpt>
      <trkpt lat="45.12216" lon="-72.08104">
        <ele>213.6</ele>
      </trkpt>
      <trkpt lat="45.12213" lon="-72.081059">
        <ele>213.4</ele>
      </trkpt>
      <trkpt lat="45.122" lon="-72.08116">
        <ele>212.8</ele>
      </trkpt>
      <trkpt lat="45.12192" lon="-72.0812">
        <ele>212.4</ele>
      </trkpt>
      <trkpt lat="45.12183" lon="-72.08125">
        <ele>211.9</ele>
      </trkpt>
      <trkpt lat="45.1218" lon="-72.08126">
        <ele>211.8</ele>
      </trkpt>
      <trkpt lat="45.12177" lon="-72.08127">
        <ele>211.6</ele>
      </trkpt>
      <trkpt lat="45.12173" lon="-72.08128">
        <ele>211.4</ele>
      </trkpt>
      <trkpt lat="45.1217" lon="-72.08128">
        <ele>211.3</ele>
      </trkpt>
      <trkpt lat="45.12165" lon="-72.08128">
        <ele>211</ele>
      </trkpt>
      <trkpt lat="45.121609" lon="-72.08128">
        <ele>210.8</ele>
      </trkpt>
      <trkpt lat="45.12112" lon="-72.08121">
        <ele>208.2</ele>
      </trkpt>
      <trkpt lat="45.12094" lon="-72.08119">
        <ele>207</ele>
      </trkpt>
      <trkpt lat="45.120869" lon="-72.08118">
        <ele>206.5</ele>
      </trkpt>
      <trkpt lat="45.12076" lon="-72.08117">
        <ele>205.6</ele>
      </trkpt>
      <trkpt lat="45.12003" lon="-72.08116">
        <ele>199.8</ele>
      </trkpt>
      <trkpt lat="45.11986" lon="-72.08116">
        <ele>198.6</ele>
      </trkpt>
      <trkpt lat="45.11968" lon="-72.08116">
        <ele>197.5</ele>
      </trkpt>
      <trkpt lat="45.1195" lon="-72.08116">
        <ele>196.5</ele>
      </trkpt>
      <trkpt lat="45.11932" lon="-72.081149">
        <ele>195.6</ele>
      </trkpt>
      <trkpt lat="45.11896" lon="-72.08113">
        <ele>194.1</ele>
      </trkpt>
      <trkpt lat="45.11886" lon="-72.08111">
        <ele>193.7</ele>
      </trkpt>
      <trkpt lat="45.11879" lon="-72.08109">
        <ele>193.3</ele>
      </trkpt>
      <trkpt lat="45.11873" lon="-72.08108">
        <ele>193</ele>
      </trkpt>
      <trkpt lat="45.11857" lon="-72.08104">
        <ele>192.1</ele>
      </trkpt>
      <trkpt lat="45.11841" lon="-72.08099">
        <ele>190.9</ele>
      </trkpt>
      <trkpt lat="45.11817" lon="-72.08089">
        <ele>188.7</ele>
      </trkpt>
      <trkpt lat="45.11809" lon="-72.08085">
        <ele>187.8</ele>
      </trkpt>
      <trkpt lat="45.11798" lon="-72.0808">
        <ele>186.6</ele>
      </trkpt>
      <trkpt lat="45.11779" lon="-72.08068">
        <ele>184.5</ele>
      </trkpt>
      <trkpt lat="45.11759" lon="-72.08057">
        <ele>182.6</ele>
      </trkpt>
      <trkpt lat="45.11752" lon="-72.08053">
        <ele>182</ele>
      </trkpt>
      <trkpt lat="45.11737" lon="-72.08044">
        <ele>180.8</ele>
      </trkpt>
      <trkpt lat="45.11709" lon="-72.08025">
        <ele>178.7</ele>
      </trkpt>
      <trkpt lat="45.11679" lon="-72.08007">
        <ele>176.1</ele>
      </trkpt>
      <trkpt lat="45.11676" lon="-72.08006">
        <ele>175.9</ele>
      </trkpt>
      <trkpt lat="45.11668" lon="-72.08001">
        <ele>175.1</ele>
      </trkpt>
      <trkpt lat="45.11647" lon="-72.07991">
        <ele>173.2</ele>
      </trkpt>
      <trkpt lat="45.11632" lon="-72.07984">
        <ele>171.9</ele>
      </trkpt>
      <trkpt lat="45.11625" lon="-72.07981">
        <ele>171.3</ele>
      </trkpt>
      <trkpt lat="45.11621" lon="-72.0798">
        <ele>171.1</ele>
      </trkpt>
      <trkpt lat="45.11611" lon="-72.079759">
        <ele>170.3</ele>
      </trkpt>
      <trkpt lat="45.11598" lon="-72.07972">
        <ele>169.5</ele>
      </trkpt>
      <trkpt lat="45.1159" lon="-72.07971">
        <ele>169.2</ele>
      </trkpt>
      <trkpt lat="45.11587" lon="-72.0797">
        <ele>169</ele>
      </trkpt>
      <trkpt lat="45.11572" lon="-72.07969">
        <ele>168.5</ele>
      </trkpt>
      <trkpt lat="45.11568" lon="-72.07968">
        <ele>168.4</ele>
      </trkpt>
      <trkpt lat="45.115519" lon="-72.07968">
        <ele>168.2</ele>
      </trkpt>
      <trkpt lat="45.11542" lon="-72.07969">
        <ele>168.2</ele>
      </trkpt>
      <trkpt lat="45.11536" lon="-72.07971">
        <ele>168.2</ele>
      </trkpt>
      <trkpt lat="45.1153" lon="-72.07973">
        <ele>168.3</ele>
      </trkpt>
      <trkpt lat="45.11518" lon="-72.0798">
        <ele>168.4</ele>
      </trkpt>
      <trkpt lat="45.115049" lon="-72.0799">
        <ele>168.7</ele>
      </trkpt>
      <trkpt lat="45.11488" lon="-72.080029">
        <ele>168.9</ele>
      </trkpt>
      <trkpt lat="45.11484" lon="-72.08006">
        <ele>168.9</ele>
      </trkpt>
      <trkpt lat="45.114669" lon="-72.08019">
        <ele>169</ele>
      </trkpt>
      <trkpt lat="45.11456" lon="-72.08026">
        <ele>169</ele>
      </trkpt>
      <trkpt lat="45.11423" lon="-72.08048">
        <ele>168.9</ele>
      </trkpt>
      <trkpt lat="45.11413" lon="-72.08055">
        <ele>168.8</ele>
      </trkpt>
      <trkpt lat="45.11413" lon="-72.08055">
        <ele>168.8</ele>
      </trkpt>
      <trkpt lat="45.11403" lon="-72.08064">
        <ele>168.8</ele>
      </trkpt>
      <trkpt lat="45.11389" lon="-72.08078">
        <ele>168.9</ele>
      </trkpt>
      <trkpt lat="45.11377" lon="-72.08089">
        <ele>169</ele>
      </trkpt>
      <trkpt lat="45.113729" lon="-72.08092">
        <ele>169</ele>
      </trkpt>
      <trkpt lat="45.11357" lon="-72.08102">
        <ele>169.1</ele>
      </trkpt>
      <trkpt lat="45.11356" lon="-72.08103">
        <ele>169.2</ele>
      </trkpt>
      <trkpt lat="45.11341" lon="-72.08113">
        <ele>169.3</ele>
      </trkpt>
      <trkpt lat="45.11324" lon="-72.08123">
        <ele>169.4</ele>
      </trkpt>
      <trkpt lat="45.11319" lon="-72.08127">
        <ele>169.5</ele>
      </trkpt>
      <trkpt lat="45.113079" lon="-72.08134">
        <ele>169.5</ele>
      </trkpt>
      <trkpt lat="45.11292" lon="-72.08146">
        <ele>169.3</ele>
      </trkpt>
      <trkpt lat="45.11268" lon="-72.08163">
        <ele>168.9</ele>
      </trkpt>
      <trkpt lat="45.1126" lon="-72.0817">
        <ele>168.8</ele>
      </trkpt>
      <trkpt lat="45.11229" lon="-72.08194">
        <ele>168.5</ele>
      </trkpt>
      <trkpt lat="45.11218" lon="-72.08202">
        <ele>168.4</ele>
      </trkpt>
      <trkpt lat="45.11213" lon="-72.08207">
        <ele>168.4</ele>
      </trkpt>
      <trkpt lat="45.11198" lon="-72.08221">
        <ele>168.2</ele>
      </trkpt>
      <trkpt lat="45.11168" lon="-72.08248">
        <ele>167.7</ele>
      </trkpt>
      <trkpt lat="45.11153" lon="-72.08262">
        <ele>167.5</ele>
      </trkpt>
      <trkpt lat="45.11123" lon="-72.0829">
        <ele>167.5</ele>
      </trkpt>
      <trkpt lat="45.11108" lon="-72.08304">
        <ele>167.4</ele>
      </trkpt>
      <trkpt lat="45.11094" lon="-72.083209">
        <ele>167.4</ele>
      </trkpt>
      <trkpt lat="45.1108" lon="-72.08337">
        <ele>167.6</ele>
      </trkpt>
      <trkpt lat="45.11074" lon="-72.08344">
        <ele>167.8</ele>
      </trkpt>
      <trkpt lat="45.11057" lon="-72.08365">
        <ele>168.7</ele>
      </trkpt>
      <trkpt lat="45.11052" lon="-72.083699">
        <ele>169.1</ele>
      </trkpt>
      <trkpt lat="45.11045" lon="-72.08377">
        <ele>169.6</ele>
      </trkpt>
      <trkpt lat="45.11022" lon="-72.083969">
        <ele>171.1</ele>
      </trkpt>
      <trkpt lat="45.11019" lon="-72.084">
        <ele>171.3</ele>
      </trkpt>
      <trkpt lat="45.11005" lon="-72.08413">
        <ele>172.2</ele>
      </trkpt>
      <trkpt lat="45.11005" lon="-72.08413">
        <ele>172.2</ele>
      </trkpt>
      <trkpt lat="45.11015" lon="-72.08432">
        <ele>173.7</ele>
      </trkpt>
      <trkpt lat="45.11024" lon="-72.08451">
        <ele>175.4</ele>
      </trkpt>
      <trkpt lat="45.11025" lon="-72.08453">
        <ele>175.6</ele>
      </trkpt>
      <trkpt lat="45.11036" lon="-72.084729">
        <ele>177.5</ele>
      </trkpt>
      <trkpt lat="45.11056" lon="-72.085089">
        <ele>180.9</ele>
      </trkpt>
      <trkpt lat="45.11065" lon="-72.0853">
        <ele>182.7</ele>
      </trkpt>
      <trkpt lat="45.11067" lon="-72.08536">
        <ele>183.2</ele>
      </trkpt>
      <trkpt lat="45.1107" lon="-72.08547">
        <ele>184.1</ele>
      </trkpt>
      <trkpt lat="45.110729" lon="-72.08559">
        <ele>185.1</ele>
      </trkpt>
      <trkpt lat="45.11083" lon="-72.08601">
        <ele>188.8</ele>
      </trkpt>
      <trkpt lat="45.11093" lon="-72.08631">
        <ele>191.8</ele>
      </trkpt>
      <trkpt lat="45.11097" lon="-72.086429">
        <ele>193</ele>
      </trkpt>
      <trkpt lat="45.111" lon="-72.08654">
        <ele>194.1</ele>
      </trkpt>
      <trkpt lat="45.11107" lon="-72.08677">
        <ele>196.3</ele>
      </trkpt>
      <trkpt lat="45.11115" lon="-72.087">
        <ele>198.5</ele>
      </trkpt>
      <trkpt lat="45.11115" lon="-72.08702">
        <ele>198.7</ele>
      </trkpt>
      <trkpt lat="45.11121" lon="-72.08725">
        <ele>200.8</ele>
      </trkpt>
      <trkpt lat="45.11126" lon="-72.08749">
        <ele>202.9</ele>
      </trkpt>
      <trkpt lat="45.1113" lon="-72.08766">
        <ele>204.4</ele>
      </trkpt>
      <trkpt lat="45.11131" lon="-72.087729">
        <ele>205</ele>
      </trkpt>
      <trkpt lat="45.111379" lon="-72.08821">
        <ele>208.6</ele>
      </trkpt>
      <trkpt lat="45.1114" lon="-72.08845">
        <ele>209.9</ele>
      </trkpt>
      <trkpt lat="45.1114" lon="-72.08848">
        <ele>210</ele>
      </trkpt>
      <trkpt lat="45.11142" lon="-72.08875">
        <ele>211.1</ele>
      </trkpt>
      <trkpt lat="45.11143" lon="-72.08893">
        <ele>211.9</ele>
      </trkpt>
      <trkpt lat="45.11143" lon="-72.08899">
        <ele>212.2</ele>
      </trkpt>
      <trkpt lat="45.11142" lon="-72.08918">
        <ele>213.5</ele>
      </trkpt>
      <trkpt lat="45.11142" lon="-72.08925">
        <ele>214.1</ele>
      </trkpt>
      <trkpt lat="45.11142" lon="-72.08938">
        <ele>215.3</ele>
      </trkpt>
      <trkpt lat="45.1114" lon="-72.08956">
        <ele>217.4</ele>
      </trkpt>
      <trkpt lat="45.111379" lon="-72.08975">
        <ele>220</ele>
      </trkpt>
      <trkpt lat="45.11137" lon="-72.08976">
        <ele>220.2</ele>
      </trkpt>
      <trkpt lat="45.11133" lon="-72.08996">
        <ele>223.3</ele>
      </trkpt>
      <trkpt lat="45.11132" lon="-72.08999">
        <ele>223.8</ele>
      </trkpt>
      <trkpt lat="45.11124" lon="-72.09022">
        <ele>227.6</ele>
      </trkpt>
      <trkpt lat="45.11117" lon="-72.09045">
        <ele>231.4</ele>
      </trkpt>
      <trkpt lat="45.11109" lon="-72.09068">
        <ele>235.2</ele>
      </trkpt>
      <trkpt lat="45.11108" lon="-72.09072">
        <ele>235.8</ele>
      </trkpt>
      <trkpt lat="45.11096" lon="-72.09116">
        <ele>241</ele>
      </trkpt>
      <trkpt lat="45.11087" lon="-72.091489">
        <ele>243.2</ele>
      </trkpt>
      <trkpt lat="45.110819" lon="-72.0919">
        <ele>244.2</ele>
      </trkpt>
      <trkpt lat="45.1108" lon="-72.0921">
        <ele>244.5</ele>
      </trkpt>
      <trkpt lat="45.11072" lon="-72.09265">
        <ele>245</ele>
      </trkpt>
      <trkpt lat="45.11069" lon="-72.09285">
        <ele>245.2</ele>
      </trkpt>
      <trkpt lat="45.110639" lon="-72.09314">
        <ele>245.5</ele>
      </trkpt>
      <trkpt lat="45.11054" lon="-72.09365">
        <ele>246.5</ele>
      </trkpt>
      <trkpt lat="45.11042" lon="-72.09411">
        <ele>247.6</ele>
      </trkpt>
      <trkpt lat="45.11032" lon="-72.09444">
        <ele>248.2</ele>
      </trkpt>
      <trkpt lat="45.11028" lon="-72.094579">
        <ele>248.4</ele>
      </trkpt>
      <trkpt lat="45.11006" lon="-72.09528">
        <ele>249.1</ele>
      </trkpt>
      <trkpt lat="45.11003" lon="-72.09536">
        <ele>249.2</ele>
      </trkpt>
      <trkpt lat="45.10994" lon="-72.095609">
        <ele>249.4</ele>
      </trkpt>
      <trkpt lat="45.10985" lon="-72.095879">
        <ele>249.7</ele>
      </trkpt>
      <trkpt lat="45.10972" lon="-72.09625">
        <ele>250</ele>
      </trkpt>
      <trkpt lat="45.10963" lon="-72.09647">
        <ele>250.2</ele>
      </trkpt>
      <trkpt lat="45.10955" lon="-72.09663">
        <ele>250.3</ele>
      </trkpt>
      <trkpt lat="45.10953" lon="-72.09667">
        <ele>250.3</ele>
      </trkpt>
      <trkpt lat="45.10943" lon="-72.09685">
        <ele>250.4</ele>
      </trkpt>
      <trkpt lat="45.10924" lon="-72.09713">
        <ele>250.5</ele>
      </trkpt>
      <trkpt lat="45.10919" lon="-72.09719">
        <ele>250.5</ele>
      </trkpt>
      <trkpt lat="45.10904" lon="-72.09738">
        <ele>250.6</ele>
      </trkpt>
      <trkpt lat="45.10896" lon="-72.09747">
        <ele>250.6</ele>
      </trkpt>
      <trkpt lat="45.1089" lon="-72.09753">
        <ele>250.6</ele>
      </trkpt>
      <trkpt lat="45.108759" lon="-72.09766">
        <ele>250.6</ele>
      </trkpt>
      <trkpt lat="45.108759" lon="-72.09766">
        <ele>250.6</ele>
      </trkpt>
      <trkpt lat="45.10857" lon="-72.09779">
        <ele>250.5</ele>
      </trkpt>
      <trkpt lat="45.10837" lon="-72.09792">
        <ele>250.4</ele>
      </trkpt>
      <trkpt lat="45.10827" lon="-72.09797">
        <ele>250.4</ele>
      </trkpt>
      <trkpt lat="45.10818" lon="-72.09802">
        <ele>250.4</ele>
      </trkpt>
      <trkpt lat="45.10803" lon="-72.09809">
        <ele>250.3</ele>
      </trkpt>
      <trkpt lat="45.10793" lon="-72.09812">
        <ele>250.2</ele>
      </trkpt>
      <trkpt lat="45.10781" lon="-72.098159">
        <ele>250.1</ele>
      </trkpt>
      <trkpt lat="45.10757" lon="-72.0982">
        <ele>249.8</ele>
      </trkpt>
      <trkpt lat="45.10752" lon="-72.09821">
        <ele>249.7</ele>
      </trkpt>
      <trkpt lat="45.10722" lon="-72.09827">
        <ele>249.2</ele>
      </trkpt>
      <trkpt lat="45.10598" lon="-72.09849">
        <ele>247.1</ele>
      </trkpt>
      <trkpt lat="45.10544" lon="-72.09864">
        <ele>246.1</ele>
      </trkpt>
      <trkpt lat="45.10533" lon="-72.09867">
        <ele>245.9</ele>
      </trkpt>
      <trkpt lat="45.10516" lon="-72.09874">
        <ele>245.7</ele>
      </trkpt>
      <trkpt lat="45.10503" lon="-72.09881">
        <ele>245.5</ele>
      </trkpt>
      <trkpt lat="45.10496" lon="-72.09888">
        <ele>245.5</ele>
      </trkpt>
      <trkpt lat="45.10492" lon="-72.09894">
        <ele>245.5</ele>
      </trkpt>
      <trkpt lat="45.10489" lon="-72.099">
        <ele>245.5</ele>
      </trkpt>
      <trkpt lat="45.10487" lon="-72.09908">
        <ele>245.6</ele>
      </trkpt>
      <trkpt lat="45.10486" lon="-72.09918">
        <ele>245.7</ele>
      </trkpt>
      <trkpt lat="45.10486" lon="-72.09939">
        <ele>245.9</ele>
      </trkpt>
      <trkpt lat="45.10487" lon="-72.099639">
        <ele>246.2</ele>
      </trkpt>
      <trkpt lat="45.10489" lon="-72.10092">
        <ele>246.9</ele>
      </trkpt>
      <trkpt lat="45.104909" lon="-72.10194">
        <ele>247.7</ele>
      </trkpt>
      <trkpt lat="45.10493" lon="-72.10296">
        <ele>248.4</ele>
      </trkpt>
      <trkpt lat="45.10494" lon="-72.10347">
        <ele>248.8</ele>
      </trkpt>
      <trkpt lat="45.10494" lon="-72.10379">
        <ele>248.9</ele>
      </trkpt>
      <trkpt lat="45.10494" lon="-72.10398">
        <ele>248.9</ele>
      </trkpt>
      <trkpt lat="45.10494" lon="-72.10423">
        <ele>249</ele>
      </trkpt>
      <trkpt lat="45.10494" lon="-72.10525">
        <ele>250.1</ele>
      </trkpt>
      <trkpt lat="45.10493" lon="-72.10576">
        <ele>250.7</ele>
      </trkpt>
      <trkpt lat="45.10493" lon="-72.10601">
        <ele>250.9</ele>
      </trkpt>
      <trkpt lat="45.10493" lon="-72.1062">
        <ele>251.1</ele>
      </trkpt>
      <trkpt lat="45.10493" lon="-72.10652">
        <ele>251.5</ele>
      </trkpt>
      <trkpt lat="45.10492" lon="-72.10681">
        <ele>252</ele>
      </trkpt>
      <trkpt lat="45.10487" lon="-72.10728">
        <ele>253</ele>
      </trkpt>
      <trkpt lat="45.10487" lon="-72.10732">
        <ele>253.1</ele>
      </trkpt>
      <trkpt lat="45.10478" lon="-72.10767">
        <ele>253.7</ele>
      </trkpt>
      <trkpt lat="45.10465" lon="-72.10815">
        <ele>254.6</ele>
      </trkpt>
      <trkpt lat="45.10454" lon="-72.1085">
        <ele>255.2</ele>
      </trkpt>
      <trkpt lat="45.10449" lon="-72.10871">
        <ele>255.6</ele>
      </trkpt>
      <trkpt lat="45.10445" lon="-72.10889">
        <ele>255.9</ele>
      </trkpt>
      <trkpt lat="45.10442" lon="-72.10911">
        <ele>256.4</ele>
      </trkpt>
      <trkpt lat="45.10441" lon="-72.10924">
        <ele>256.7</ele>
      </trkpt>
      <trkpt lat="45.10441" lon="-72.10939">
        <ele>257</ele>
      </trkpt>
      <trkpt lat="45.10441" lon="-72.10946">
        <ele>257.2</ele>
      </trkpt>
      <trkpt lat="45.10441" lon="-72.109562">
        <ele>257.4</ele>
      </trkpt>
      <trkpt lat="45.10444" lon="-72.10956">
        <ele>257.5</ele>
      </trkpt>
      <trkpt lat="45.10449" lon="-72.11001">
        <ele>258.8</ele>
      </trkpt>
      <trkpt lat="45.10458" lon="-72.11034">
        <ele>259.8</ele>
      </trkpt>
      <trkpt lat="45.1047" lon="-72.11086">
        <ele>261.8</ele>
      </trkpt>
      <trkpt lat="45.10481" lon="-72.11127">
        <ele>264.3</ele>
      </trkpt>
      <trkpt lat="45.10493" lon="-72.1119">
        <ele>267.5</ele>
      </trkpt>
      <trkpt lat="45.105" lon="-72.11249">
        <ele>267.6</ele>
      </trkpt>
      <trkpt lat="45.10506" lon="-72.11343">
        <ele>266.5</ele>
      </trkpt>
      <trkpt lat="45.10522" lon="-72.11441">
        <ele>266.1</ele>
      </trkpt>
      <trkpt lat="45.10538" lon="-72.11539">
        <ele>265.4</ele>
      </trkpt>
      <trkpt lat="45.10553" lon="-72.11637">
        <ele>264.2</ele>
      </trkpt>
      <trkpt lat="45.10565" lon="-72.11748">
        <ele>263.6</ele>
      </trkpt>
      <trkpt lat="45.10564" lon="-72.118">
        <ele>263</ele>
      </trkpt>
      <trkpt lat="45.10557" lon="-72.11914">
        <ele>262.6</ele>
      </trkpt>
      <trkpt lat="45.10556" lon="-72.11972">
        <ele>262.1</ele>
      </trkpt>
      <trkpt lat="45.10557" lon="-72.12037">
        <ele>261.2</ele>
      </trkpt>
      <trkpt lat="45.10559" lon="-72.12073">
        <ele>260.7</ele>
      </trkpt>
      <trkpt lat="45.10569" lon="-72.12181">
        <ele>260.1</ele>
      </trkpt>
      <trkpt lat="45.10578" lon="-72.12289">
        <ele>258.8</ele>
      </trkpt>
      <trkpt lat="45.10579" lon="-72.12331">
        <ele>258.7</ele>
      </trkpt>
      <trkpt lat="45.10579" lon="-72.12368">
        <ele>258.5</ele>
      </trkpt>
      <trkpt lat="45.10576" lon="-72.12385">
        <ele>258.4</ele>
      </trkpt>
      <trkpt lat="45.10574" lon="-72.12397">
        <ele>258.3</ele>
      </trkpt>
      <trkpt lat="45.10543" lon="-72.12473">
        <ele>258.3</ele>
      </trkpt>
      <trkpt lat="45.10513" lon="-72.12549">
        <ele>257.8</ele>
      </trkpt>
      <trkpt lat="45.10483" lon="-72.12625">
        <ele>257.3</ele>
      </trkpt>
      <trkpt lat="45.10452" lon="-72.12704">
        <ele>255.8</ele>
      </trkpt>
      <trkpt lat="45.10422" lon="-72.12784">
        <ele>254.5</ele>
      </trkpt>
      <trkpt lat="45.10401" lon="-72.12835">
        <ele>253.3</ele>
      </trkpt>
      <trkpt lat="45.10388" lon="-72.12861">
        <ele>252.6</ele>
      </trkpt>
      <trkpt lat="45.10368" lon="-72.12909">
        <ele>250.8</ele>
      </trkpt>
      <trkpt lat="45.10359" lon="-72.12903">
        <ele>251.5</ele>
      </trkpt>
      <trkpt lat="45.10346" lon="-72.12894">
        <ele>252.5</ele>
      </trkpt>
      <trkpt lat="45.1032" lon="-72.1288">
        <ele>254.4</ele>
      </trkpt>
      <trkpt lat="45.10268" lon="-72.12858">
        <ele>258.4</ele>
      </trkpt>
      <trkpt lat="45.10212" lon="-72.12836">
        <ele>263.6</ele>
      </trkpt>
      <trkpt lat="45.10157" lon="-72.12815">
        <ele>268.6</ele>
      </trkpt>
      <trkpt lat="45.10112" lon="-72.12799">
        <ele>271.5</ele>
      </trkpt>
      <trkpt lat="45.1009" lon="-72.12793">
        <ele>272.4</ele>
      </trkpt>
      <trkpt lat="45.10067" lon="-72.12788">
        <ele>272.9</ele>
      </trkpt>
      <trkpt lat="45.10043" lon="-72.12785">
        <ele>273.1</ele>
      </trkpt>
      <trkpt lat="45.09961" lon="-72.12782">
        <ele>273.5</ele>
      </trkpt>
      <trkpt lat="45.09878" lon="-72.12779">
        <ele>273.9</ele>
      </trkpt>
      <trkpt lat="45.09853" lon="-72.12777">
        <ele>273.9</ele>
      </trkpt>
      <trkpt lat="45.09808" lon="-72.12776">
        <ele>273.9</ele>
      </trkpt>
      <trkpt lat="45.09731" lon="-72.1276">
        <ele>273.9</ele>
      </trkpt>
      <trkpt lat="45.09691" lon="-72.12751">
        <ele>273.9</ele>
      </trkpt>
      <trkpt lat="45.09623" lon="-72.1273">
        <ele>273.9</ele>
      </trkpt>
      <trkpt lat="45.09555" lon="-72.12709">
        <ele>271.2</ele>
      </trkpt>
      <trkpt lat="45.09517" lon="-72.12694">
        <ele>268.3</ele>
      </trkpt>
      <trkpt lat="45.09437" lon="-72.12651">
        <ele>262.4</ele>
      </trkpt>
      <trkpt lat="45.09356" lon="-72.12607">
        <ele>257.6</ele>
      </trkpt>
      <trkpt lat="45.09275" lon="-72.12564">
        <ele>253.6</ele>
      </trkpt>
      <trkpt lat="45.09195" lon="-72.12521">
        <ele>250.6</ele>
      </trkpt>
      <trkpt lat="45.09172" lon="-72.12511">
        <ele>250</ele>
      </trkpt>
      <trkpt lat="45.09149" lon="-72.125">
        <ele>249.5</ele>
      </trkpt>
      <trkpt lat="45.09113" lon="-72.1248">
        <ele>248.5</ele>
      </trkpt>
      <trkpt lat="45.09096" lon="-72.12471">
        <ele>248</ele>
      </trkpt>
      <trkpt lat="45.09078" lon="-72.12463">
        <ele>247.3</ele>
      </trkpt>
      <trkpt lat="45.09059" lon="-72.12456">
        <ele>246.6</ele>
      </trkpt>
      <trkpt lat="45.09008" lon="-72.12429">
        <ele>244.5</ele>
      </trkpt>
      <trkpt lat="45.08957" lon="-72.12403">
        <ele>243.5</ele>
      </trkpt>
      <trkpt lat="45.08929" lon="-72.12391">
        <ele>243.3</ele>
      </trkpt>
      <trkpt lat="45.08919" lon="-72.12386">
        <ele>243.3</ele>
      </trkpt>
      <trkpt lat="45.08887" lon="-72.12376">
        <ele>243.2</ele>
      </trkpt>
      <trkpt lat="45.08872" lon="-72.12369">
        <ele>243.1</ele>
      </trkpt>
      <trkpt lat="45.08791" lon="-72.12325">
        <ele>242.9</ele>
      </trkpt>
      <trkpt lat="45.08764" lon="-72.12314">
        <ele>242.9</ele>
      </trkpt>
      <trkpt lat="45.08711" lon="-72.12284">
        <ele>242.9</ele>
      </trkpt>
      <trkpt lat="45.087" lon="-72.1228">
        <ele>242.9</ele>
      </trkpt>
      <trkpt lat="45.08657" lon="-72.12256">
        <ele>242.9</ele>
      </trkpt>
      <trkpt lat="45.08618" lon="-72.12237">
        <ele>242.9</ele>
      </trkpt>
      <trkpt lat="45.08585" lon="-72.12217">
        <ele>242.9</ele>
      </trkpt>
      <trkpt lat="45.08557" lon="-72.12194">
        <ele>242.9</ele>
      </trkpt>
      <trkpt lat="45.08496" lon="-72.12139">
        <ele>242.7</ele>
      </trkpt>
      <trkpt lat="45.08436" lon="-72.12083">
        <ele>241.5</ele>
      </trkpt>
      <trkpt lat="45.08375" lon="-72.12027">
        <ele>239.5</ele>
      </trkpt>
      <trkpt lat="45.08358" lon="-72.120099">
        <ele>238.5</ele>
      </trkpt>
      <trkpt lat="45.08358" lon="-72.12009">
        <ele>238.4</ele>
      </trkpt>
      <trkpt lat="45.08343" lon="-72.11997">
        <ele>237.6</ele>
      </trkpt>
      <trkpt lat="45.08313" lon="-72.11972">
        <ele>235.8</ele>
      </trkpt>
      <trkpt lat="45.08312" lon="-72.11971">
        <ele>235.7</ele>
      </trkpt>
      <trkpt lat="45.08252" lon="-72.1193">
        <ele>232.5</ele>
      </trkpt>
      <trkpt lat="45.08247" lon="-72.11927">
        <ele>232.2</ele>
      </trkpt>
      <trkpt lat="45.082299" lon="-72.11917">
        <ele>231.4</ele>
      </trkpt>
      <trkpt lat="45.08219" lon="-72.1191">
        <ele>230.8</ele>
      </trkpt>
      <trkpt lat="45.08214" lon="-72.11906">
        <ele>230.6</ele>
      </trkpt>
      <trkpt lat="45.08193" lon="-72.11891">
        <ele>229.4</ele>
      </trkpt>
      <trkpt lat="45.08168" lon="-72.11867">
        <ele>227.7</ele>
      </trkpt>
      <trkpt lat="45.08123" lon="-72.11825">
        <ele>224.3</ele>
      </trkpt>
      <trkpt lat="45.08108" lon="-72.11811">
        <ele>223</ele>
      </trkpt>
      <trkpt lat="45.08106" lon="-72.1181">
        <ele>222.9</ele>
      </trkpt>
      <trkpt lat="45.08092" lon="-72.11799">
        <ele>221.8</ele>
      </trkpt>
      <trkpt lat="45.08082" lon="-72.11788">
        <ele>221</ele>
      </trkpt>
      <trkpt lat="45.08082" lon="-72.11788">
        <ele>221</ele>
      </trkpt>
      <trkpt lat="45.08084" lon="-72.11746">
        <ele>220.2</ele>
      </trkpt>
      <trkpt lat="45.08084" lon="-72.117369">
        <ele>220</ele>
      </trkpt>
      <trkpt lat="45.08086" lon="-72.117">
        <ele>219.6</ele>
      </trkpt>
      <trkpt lat="45.08088" lon="-72.11675">
        <ele>219.3</ele>
      </trkpt>
      <trkpt lat="45.08091" lon="-72.11662">
        <ele>219.1</ele>
      </trkpt>
      <trkpt lat="45.08094" lon="-72.1165">
        <ele>218.9</ele>
      </trkpt>
      <trkpt lat="45.081" lon="-72.1164">
        <ele>218.8</ele>
      </trkpt>
      <trkpt lat="45.08104" lon="-72.11631">
        <ele>218.7</ele>
      </trkpt>
      <trkpt lat="45.08112" lon="-72.11619">
        <ele>218.6</ele>
      </trkpt>
      <trkpt lat="45.08128" lon="-72.11602">
        <ele>218.5</ele>
      </trkpt>
      <trkpt lat="45.08157" lon="-72.11582">
        <ele>218.7</ele>
      </trkpt>
      <trkpt lat="45.08173" lon="-72.1157">
        <ele>218.8</ele>
      </trkpt>
      <trkpt lat="45.08221" lon="-72.11536">
        <ele>218.7</ele>
      </trkpt>
      <trkpt lat="45.08238" lon="-72.11524">
        <ele>218.5</ele>
      </trkpt>
      <trkpt lat="45.08254" lon="-72.115129">
        <ele>218.2</ele>
      </trkpt>
      <trkpt lat="45.0827" lon="-72.11501">
        <ele>217.8</ele>
      </trkpt>
      <trkpt lat="45.082859" lon="-72.1149">
        <ele>217.5</ele>
      </trkpt>
      <trkpt lat="45.08302" lon="-72.11478">
        <ele>217.2</ele>
      </trkpt>
      <trkpt lat="45.08366" lon="-72.11432">
        <ele>215.8</ele>
      </trkpt>
      <trkpt lat="45.08413" lon="-72.11399">
        <ele>214.3</ele>
      </trkpt>
      <trkpt lat="45.08414" lon="-72.11398">
        <ele>214.3</ele>
      </trkpt>
      <trkpt lat="45.08429" lon="-72.11384">
        <ele>213.8</ele>
      </trkpt>
      <trkpt lat="45.08465" lon="-72.11351">
        <ele>212.9</ele>
      </trkpt>
      <trkpt lat="45.084739" lon="-72.11341">
        <ele>212.7</ele>
      </trkpt>
      <trkpt lat="45.08488" lon="-72.11326">
        <ele>212.5</ele>
      </trkpt>
      <trkpt lat="45.085009" lon="-72.11311">
        <ele>212.2</ele>
      </trkpt>
      <trkpt lat="45.08502" lon="-72.1131">
        <ele>212.2</ele>
      </trkpt>
      <trkpt lat="45.08516" lon="-72.11293">
        <ele>212</ele>
      </trkpt>
      <trkpt lat="45.08532" lon="-72.11274">
        <ele>212</ele>
      </trkpt>
      <trkpt lat="45.08543" lon="-72.11259">
        <ele>212</ele>
      </trkpt>
      <trkpt lat="45.085479" lon="-72.11251">
        <ele>211.9</ele>
      </trkpt>
      <trkpt lat="45.08554" lon="-72.112399">
        <ele>211.9</ele>
      </trkpt>
      <trkpt lat="45.08561" lon="-72.11225">
        <ele>211.6</ele>
      </trkpt>
      <trkpt lat="45.08564" lon="-72.11219">
        <ele>211.5</ele>
      </trkpt>
      <trkpt lat="45.08582" lon="-72.11174">
        <ele>210.1</ele>
      </trkpt>
      <trkpt lat="45.0859" lon="-72.11152">
        <ele>209.3</ele>
      </trkpt>
      <trkpt lat="45.08599" lon="-72.1113">
        <ele>208.4</ele>
      </trkpt>
      <trkpt lat="45.08608" lon="-72.11107">
        <ele>207.5</ele>
      </trkpt>
      <trkpt lat="45.08623" lon="-72.11069">
        <ele>205.9</ele>
      </trkpt>
      <trkpt lat="45.08643" lon="-72.11026">
        <ele>204.4</ele>
      </trkpt>
      <trkpt lat="45.08654" lon="-72.11008">
        <ele>203.8</ele>
      </trkpt>
      <trkpt lat="45.08677" lon="-72.10968">
        <ele>202.5</ele>
      </trkpt>
      <trkpt lat="45.08681" lon="-72.1096">
        <ele>202.2</ele>
      </trkpt>
      <trkpt lat="45.086889" lon="-72.1095">
        <ele>202</ele>
      </trkpt>
      <trkpt lat="45.08754" lon="-72.10861">
        <ele>200.1</ele>
      </trkpt>
      <trkpt lat="45.08795" lon="-72.10804">
        <ele>198.3</ele>
      </trkpt>
      <trkpt lat="45.08843" lon="-72.10735">
        <ele>196.4</ele>
      </trkpt>
      <trkpt lat="45.08855" lon="-72.10717">
        <ele>195.9</ele>
      </trkpt>
      <trkpt lat="45.088679" lon="-72.10699">
        <ele>195.4</ele>
      </trkpt>
      <trkpt lat="45.08873" lon="-72.10691">
        <ele>195.2</ele>
      </trkpt>
      <trkpt lat="45.08879" lon="-72.10679">
        <ele>194.9</ele>
      </trkpt>
      <trkpt lat="45.0889" lon="-72.10659">
        <ele>194.3</ele>
      </trkpt>
      <trkpt lat="45.089" lon="-72.106399">
        <ele>193.9</ele>
      </trkpt>
      <trkpt lat="45.08901" lon="-72.10639">
        <ele>193.9</ele>
      </trkpt>
      <trkpt lat="45.08926" lon="-72.10588">
        <ele>192.6</ele>
      </trkpt>
      <trkpt lat="45.089329" lon="-72.10577">
        <ele>192.5</ele>
      </trkpt>
      <trkpt lat="45.08944" lon="-72.10557">
        <ele>192.2</ele>
      </trkpt>
      <trkpt lat="45.08956" lon="-72.10538">
        <ele>192.2</ele>
      </trkpt>
      <trkpt lat="45.0899" lon="-72.10479">
        <ele>191.8</ele>
      </trkpt>
      <trkpt lat="45.09002" lon="-72.1046">
        <ele>191.8</ele>
      </trkpt>
      <trkpt lat="45.09048" lon="-72.10381">
        <ele>193.4</ele>
      </trkpt>
      <trkpt lat="45.09106" lon="-72.10283">
        <ele>194.9</ele>
      </trkpt>
      <trkpt lat="45.09129" lon="-72.10244">
        <ele>195.1</ele>
      </trkpt>
      <trkpt lat="45.0914" lon="-72.10225">
        <ele>195</ele>
      </trkpt>
      <trkpt lat="45.09152" lon="-72.10204">
        <ele>194.7</ele>
      </trkpt>
      <trkpt lat="45.09208" lon="-72.10106">
        <ele>193.5</ele>
      </trkpt>
      <trkpt lat="45.09226" lon="-72.10075">
        <ele>192.8</ele>
      </trkpt>
      <trkpt lat="45.09231" lon="-72.100669">
        <ele>192.5</ele>
      </trkpt>
      <trkpt lat="45.09255" lon="-72.10029">
        <ele>191.3</ele>
      </trkpt>
      <trkpt lat="45.09269" lon="-72.10008">
        <ele>190.6</ele>
      </trkpt>
      <trkpt lat="45.09326" lon="-72.09952">
        <ele>189.2</ele>
      </trkpt>
      <trkpt lat="45.093269" lon="-72.09951">
        <ele>189.2</ele>
      </trkpt>
      <trkpt lat="45.09341" lon="-72.099369">
        <ele>188.6</ele>
      </trkpt>
      <trkpt lat="45.09369" lon="-72.0991">
        <ele>186.8</ele>
      </trkpt>
      <trkpt lat="45.09371" lon="-72.09909">
        <ele>186.8</ele>
      </trkpt>
      <trkpt lat="45.09388" lon="-72.09902">
        <ele>186.4</ele>
      </trkpt>
      <trkpt lat="45.09404" lon="-72.09896">
        <ele>186.4</ele>
      </trkpt>
      <trkpt lat="45.09405" lon="-72.09895">
        <ele>186.3</ele>
      </trkpt>
      <trkpt lat="45.09422" lon="-72.09886">
        <ele>186.3</ele>
      </trkpt>
      <trkpt lat="45.09439" lon="-72.09876">
        <ele>186.6</ele>
      </trkpt>
      <trkpt lat="45.09455" lon="-72.09866">
        <ele>186.9</ele>
      </trkpt>
      <trkpt lat="45.095149" lon="-72.0981">
        <ele>186.3</ele>
      </trkpt>
      <trkpt lat="45.09586" lon="-72.09746">
        <ele>184.8</ele>
      </trkpt>
      <trkpt lat="45.09591" lon="-72.09741">
        <ele>184.6</ele>
      </trkpt>
      <trkpt lat="45.09606" lon="-72.09728">
        <ele>183.9</ele>
      </trkpt>
      <trkpt lat="45.096269" lon="-72.09709">
        <ele>183</ele>
      </trkpt>
      <trkpt lat="45.09636" lon="-72.09699">
        <ele>182.8</ele>
      </trkpt>
      <trkpt lat="45.09645" lon="-72.0969">
        <ele>182.7</ele>
      </trkpt>
      <trkpt lat="45.0965" lon="-72.09683">
        <ele>182.7</ele>
      </trkpt>
      <trkpt lat="45.09661" lon="-72.09669">
        <ele>182.8</ele>
      </trkpt>
      <trkpt lat="45.0967" lon="-72.09658">
        <ele>183</ele>
      </trkpt>
      <trkpt lat="45.096739" lon="-72.09651">
        <ele>183</ele>
      </trkpt>
      <trkpt lat="45.09677" lon="-72.09644">
        <ele>182.9</ele>
      </trkpt>
      <trkpt lat="45.0968" lon="-72.096369">
        <ele>182.9</ele>
      </trkpt>
      <trkpt lat="45.09682" lon="-72.09629">
        <ele>182.8</ele>
      </trkpt>
      <trkpt lat="45.09683" lon="-72.09624">
        <ele>182.7</ele>
      </trkpt>
      <trkpt lat="45.09685" lon="-72.09615">
        <ele>182.5</ele>
      </trkpt>
      <trkpt lat="45.09686" lon="-72.09602">
        <ele>182.3</ele>
      </trkpt>
      <trkpt lat="45.09687" lon="-72.0959">
        <ele>182.1</ele>
      </trkpt>
      <trkpt lat="45.09686" lon="-72.09548">
        <ele>181.6</ele>
      </trkpt>
      <trkpt lat="45.09686" lon="-72.09541">
        <ele>181.6</ele>
      </trkpt>
      <trkpt lat="45.09685" lon="-72.09523">
        <ele>181.5</ele>
      </trkpt>
      <trkpt lat="45.09684" lon="-72.09498">
        <ele>181.6</ele>
      </trkpt>
      <trkpt lat="45.09684" lon="-72.0949">
        <ele>181.6</ele>
      </trkpt>
      <trkpt lat="45.09682" lon="-72.09447">
        <ele>181.9</ele>
      </trkpt>
      <trkpt lat="45.09682" lon="-72.09436">
        <ele>181.9</ele>
      </trkpt>
      <trkpt lat="45.09681" lon="-72.09421">
        <ele>181.9</ele>
      </trkpt>
      <trkpt lat="45.09681" lon="-72.09415">
        <ele>181.9</ele>
      </trkpt>
      <trkpt lat="45.09682" lon="-72.09399">
        <ele>181.8</ele>
      </trkpt>
      <trkpt lat="45.09682" lon="-72.09396">
        <ele>181.8</ele>
      </trkpt>
      <trkpt lat="45.09683" lon="-72.09387">
        <ele>181.7</ele>
      </trkpt>
      <trkpt lat="45.09686" lon="-72.09375">
        <ele>181.6</ele>
      </trkpt>
      <trkpt lat="45.09689" lon="-72.09366">
        <ele>181.5</ele>
      </trkpt>
      <trkpt lat="45.09693" lon="-72.09352">
        <ele>181.4</ele>
      </trkpt>
      <trkpt lat="45.09693" lon="-72.09352">
        <ele>181.4</ele>
      </trkpt>
      <trkpt lat="45.09683" lon="-72.09349">
        <ele>181.2</ele>
      </trkpt>
      <trkpt lat="45.09678" lon="-72.09347">
        <ele>181.1</ele>
      </trkpt>
      <trkpt lat="45.0967" lon="-72.09341">
        <ele>180.9</ele>
      </trkpt>
      <trkpt lat="45.09654" lon="-72.09325">
        <ele>180.5</ele>
      </trkpt>
      <trkpt lat="45.09644" lon="-72.09317">
        <ele>180.2</ele>
      </trkpt>
      <trkpt lat="45.0963" lon="-72.09305">
        <ele>179.8</ele>
      </trkpt>
      <trkpt lat="45.09613" lon="-72.0929">
        <ele>179.2</ele>
      </trkpt>
      <trkpt lat="45.09593" lon="-72.092699">
        <ele>178.4</ele>
      </trkpt>
      <trkpt lat="45.09572" lon="-72.09253">
        <ele>177.5</ele>
      </trkpt>
      <trkpt lat="45.095529" lon="-72.0924">
        <ele>176.7</ele>
      </trkpt>
      <trkpt lat="45.09545" lon="-72.092339">
        <ele>176.3</ele>
      </trkpt>
      <trkpt lat="45.0951" lon="-72.09207">
        <ele>174.7</ele>
      </trkpt>
      <trkpt lat="45.09496" lon="-72.09195">
        <ele>174.1</ele>
      </trkpt>
      <trkpt lat="45.09491" lon="-72.09189">
        <ele>173.9</ele>
      </trkpt>
      <trkpt lat="45.09484" lon="-72.09182">
        <ele>173.7</ele>
      </trkpt>
      <trkpt lat="45.094769" lon="-72.09174">
        <ele>173.6</ele>
      </trkpt>
      <trkpt lat="45.09471" lon="-72.09166">
        <ele>173.6</ele>
      </trkpt>
      <trkpt lat="45.09466" lon="-72.091579">
        <ele>173.7</ele>
      </trkpt>
      <trkpt lat="45.09456" lon="-72.09142">
        <ele>174.1</ele>
      </trkpt>
      <trkpt lat="45.094499" lon="-72.091309">
        <ele>174.6</ele>
      </trkpt>
      <trkpt lat="45.09443" lon="-72.09114">
        <ele>175.6</ele>
      </trkpt>
      <trkpt lat="45.09441" lon="-72.09111">
        <ele>175.8</ele>
      </trkpt>
      <trkpt lat="45.09437" lon="-72.09101">
        <ele>176.4</ele>
      </trkpt>
      <trkpt lat="45.09428" lon="-72.09084">
        <ele>177.4</ele>
      </trkpt>
      <trkpt lat="45.09404" lon="-72.09024">
        <ele>180.6</ele>
      </trkpt>
      <trkpt lat="45.09402" lon="-72.0902">
        <ele>180.8</ele>
      </trkpt>
      <trkpt lat="45.094" lon="-72.09017">
        <ele>181</ele>
      </trkpt>
      <trkpt lat="45.09392" lon="-72.09005">
        <ele>181.9</ele>
      </trkpt>
      <trkpt lat="45.09381" lon="-72.08993">
        <ele>183.3</ele>
      </trkpt>
      <trkpt lat="45.09375" lon="-72.089879">
        <ele>184.2</ele>
      </trkpt>
      <trkpt lat="45.09371" lon="-72.08985">
        <ele>184.8</ele>
      </trkpt>
      <trkpt lat="45.09367" lon="-72.08982">
        <ele>185.5</ele>
      </trkpt>
      <trkpt lat="45.09361" lon="-72.08978">
        <ele>186.6</ele>
      </trkpt>
      <trkpt lat="45.093559" lon="-72.08976">
        <ele>187.5</ele>
      </trkpt>
      <trkpt lat="45.09354" lon="-72.08975">
        <ele>187.8</ele>
      </trkpt>
      <trkpt lat="45.0935" lon="-72.08973">
        <ele>188.6</ele>
      </trkpt>
      <trkpt lat="45.09345" lon="-72.08971">
        <ele>189.5</ele>
      </trkpt>
      <trkpt lat="45.093359" lon="-72.08969">
        <ele>191</ele>
      </trkpt>
      <trkpt lat="45.09328" lon="-72.08968">
        <ele>192.2</ele>
      </trkpt>
      <trkpt lat="45.09319" lon="-72.08967">
        <ele>193.6</ele>
      </trkpt>
      <trkpt lat="45.093179" lon="-72.08967">
        <ele>193.7</ele>
      </trkpt>
      <trkpt lat="45.09312" lon="-72.08967">
        <ele>194.5</ele>
      </trkpt>
      <trkpt lat="45.09303" lon="-72.08967">
        <ele>195.6</ele>
      </trkpt>
      <trkpt lat="45.093" lon="-72.08966">
        <ele>196.1</ele>
      </trkpt>
      <trkpt lat="45.09296" lon="-72.08966">
        <ele>196.5</ele>
      </trkpt>
      <trkpt lat="45.09288" lon="-72.08964">
        <ele>197.7</ele>
      </trkpt>
      <trkpt lat="45.09283" lon="-72.08962">
        <ele>198.4</ele>
      </trkpt>
      <trkpt lat="45.09281" lon="-72.08962">
        <ele>198.6</ele>
      </trkpt>
      <trkpt lat="45.09274" lon="-72.08958">
        <ele>199.8</ele>
      </trkpt>
      <trkpt lat="45.09266" lon="-72.08954">
        <ele>201</ele>
      </trkpt>
      <trkpt lat="45.0926" lon="-72.08951">
        <ele>201.8</ele>
      </trkpt>
      <trkpt lat="45.09254" lon="-72.08947">
        <ele>202.8</ele>
      </trkpt>
      <trkpt lat="45.09249" lon="-72.089429">
        <ele>203.6</ele>
      </trkpt>
      <trkpt lat="45.09245" lon="-72.08939">
        <ele>204.3</ele>
      </trkpt>
      <trkpt lat="45.09241" lon="-72.08935">
        <ele>205</ele>
      </trkpt>
      <trkpt lat="45.09237" lon="-72.0893">
        <ele>205.8</ele>
      </trkpt>
      <trkpt lat="45.09235" lon="-72.08928">
        <ele>206.2</ele>
      </trkpt>
      <trkpt lat="45.09232" lon="-72.08925">
        <ele>206.7</ele>
      </trkpt>
      <trkpt lat="45.09227" lon="-72.08919">
        <ele>207.6</ele>
      </trkpt>
      <trkpt lat="45.09192" lon="-72.08869">
        <ele>214.9</ele>
      </trkpt>
      <trkpt lat="45.09183" lon="-72.08857">
        <ele>216.7</ele>
      </trkpt>
      <trkpt lat="45.09182" lon="-72.08855">
        <ele>216.9</ele>
      </trkpt>
      <trkpt lat="45.09172" lon="-72.08841">
        <ele>218.9</ele>
      </trkpt>
      <trkpt lat="45.0917" lon="-72.088399">
        <ele>219.1</ele>
      </trkpt>
      <trkpt lat="45.09162" lon="-72.08831">
        <ele>220.5</ele>
      </trkpt>
      <trkpt lat="45.09153" lon="-72.08822">
        <ele>221.9</ele>
      </trkpt>
      <trkpt lat="45.09142" lon="-72.08812">
        <ele>223.6</ele>
      </trkpt>
      <trkpt lat="45.09141" lon="-72.08811">
        <ele>223.8</ele>
      </trkpt>
      <trkpt lat="45.09132" lon="-72.08804">
        <ele>225.1</ele>
      </trkpt>
      <trkpt lat="45.091209" lon="-72.08795">
        <ele>226.9</ele>
      </trkpt>
      <trkpt lat="45.09113" lon="-72.0879">
        <ele>228.1</ele>
      </trkpt>
      <trkpt lat="45.09108" lon="-72.08789">
        <ele>228.6</ele>
      </trkpt>
      <trkpt lat="45.09104" lon="-72.08787">
        <ele>229.2</ele>
      </trkpt>
      <trkpt lat="45.09096" lon="-72.08786">
        <ele>230.1</ele>
      </trkpt>
      <trkpt lat="45.09091" lon="-72.08785">
        <ele>230.7</ele>
      </trkpt>
      <trkpt lat="45.09088" lon="-72.08785">
        <ele>231</ele>
      </trkpt>
      <trkpt lat="45.09082" lon="-72.08786">
        <ele>231.6</ele>
      </trkpt>
      <trkpt lat="45.09075" lon="-72.08787">
        <ele>232.2</ele>
      </trkpt>
      <trkpt lat="45.0907" lon="-72.08788">
        <ele>232.6</ele>
      </trkpt>
      <trkpt lat="45.09066" lon="-72.087909">
        <ele>232.7</ele>
      </trkpt>
      <trkpt lat="45.0906" lon="-72.08796">
        <ele>232.9</ele>
      </trkpt>
      <trkpt lat="45.09057" lon="-72.08799">
        <ele>232.9</ele>
      </trkpt>
      <trkpt lat="45.09054" lon="-72.08802">
        <ele>232.9</ele>
      </trkpt>
      <trkpt lat="45.0905" lon="-72.08807">
        <ele>232.8</ele>
      </trkpt>
      <trkpt lat="45.09045" lon="-72.08814">
        <ele>232.7</ele>
      </trkpt>
      <trkpt lat="45.09044" lon="-72.08816">
        <ele>232.6</ele>
      </trkpt>
      <trkpt lat="45.0903" lon="-72.08836">
        <ele>231.9</ele>
      </trkpt>
      <trkpt lat="45.090179" lon="-72.08853">
        <ele>231.3</ele>
      </trkpt>
      <trkpt lat="45.09011" lon="-72.08865">
        <ele>230.8</ele>
      </trkpt>
      <trkpt lat="45.09007" lon="-72.08872">
        <ele>230.4</ele>
      </trkpt>
      <trkpt lat="45.09002" lon="-72.08878">
        <ele>230.3</ele>
      </trkpt>
      <trkpt lat="45.08991" lon="-72.08893">
        <ele>229.8</ele>
      </trkpt>
      <trkpt lat="45.08981" lon="-72.08906">
        <ele>229.5</ele>
      </trkpt>
      <trkpt lat="45.089709" lon="-72.08916">
        <ele>229.6</ele>
      </trkpt>
      <trkpt lat="45.08961" lon="-72.08926">
        <ele>229.8</ele>
      </trkpt>
      <trkpt lat="45.08951" lon="-72.08935">
        <ele>230.1</ele>
      </trkpt>
      <trkpt lat="45.08948" lon="-72.08937">
        <ele>230.3</ele>
      </trkpt>
      <trkpt lat="45.08935" lon="-72.08948">
        <ele>231</ele>
      </trkpt>
      <trkpt lat="45.089329" lon="-72.0895">
        <ele>231.1</ele>
      </trkpt>
      <trkpt lat="45.08918" lon="-72.0896">
        <ele>232.3</ele>
      </trkpt>
      <trkpt lat="45.08887" lon="-72.08981">
        <ele>235.3</ele>
      </trkpt>
      <trkpt lat="45.08882" lon="-72.08984">
        <ele>235.9</ele>
      </trkpt>
      <trkpt lat="45.0887" lon="-72.08992">
        <ele>237.4</ele>
      </trkpt>
      <trkpt lat="45.08838" lon="-72.09014">
        <ele>241.6</ele>
      </trkpt>
      <trkpt lat="45.08789" lon="-72.09048">
        <ele>246</ele>
      </trkpt>
      <trkpt lat="45.08773" lon="-72.09059">
        <ele>246.6</ele>
      </trkpt>
      <trkpt lat="45.08741" lon="-72.09081">
        <ele>247.7</ele>
      </trkpt>
      <trkpt lat="45.08738" lon="-72.09083">
        <ele>247.8</ele>
      </trkpt>
      <trkpt lat="45.08707" lon="-72.09101">
        <ele>249.6</ele>
      </trkpt>
      <trkpt lat="45.08691" lon="-72.0911">
        <ele>250.7</ele>
      </trkpt>
      <trkpt lat="45.08682" lon="-72.09114">
        <ele>251.3</ele>
      </trkpt>
      <trkpt lat="45.08674" lon="-72.09119">
        <ele>251.8</ele>
      </trkpt>
      <trkpt lat="45.08656" lon="-72.09129">
        <ele>252.9</ele>
      </trkpt>
      <trkpt lat="45.08641" lon="-72.09137">
        <ele>253.7</ele>
      </trkpt>
      <trkpt lat="45.08635" lon="-72.09141">
        <ele>253.9</ele>
      </trkpt>
      <trkpt lat="45.086239" lon="-72.09145">
        <ele>254.5</ele>
      </trkpt>
      <trkpt lat="45.08621" lon="-72.09146">
        <ele>254.7</ele>
      </trkpt>
      <trkpt lat="45.0861" lon="-72.0915">
        <ele>255.2</ele>
      </trkpt>
      <trkpt lat="45.08606" lon="-72.09151">
        <ele>255.4</ele>
      </trkpt>
      <trkpt lat="45.08594" lon="-72.09153">
        <ele>256.1</ele>
      </trkpt>
      <trkpt lat="45.08578" lon="-72.09155">
        <ele>257</ele>
      </trkpt>
      <trkpt lat="45.0857" lon="-72.09155">
        <ele>257.5</ele>
      </trkpt>
      <trkpt lat="45.08555" lon="-72.09154">
        <ele>258.5</ele>
      </trkpt>
      <trkpt lat="45.08552" lon="-72.09154">
        <ele>258.7</ele>
      </trkpt>
      <trkpt lat="45.08534" lon="-72.09152">
        <ele>260</ele>
      </trkpt>
      <trkpt lat="45.08512" lon="-72.091489">
        <ele>261.4</ele>
      </trkpt>
      <trkpt lat="45.08493" lon="-72.091489">
        <ele>262.3</ele>
      </trkpt>
      <trkpt lat="45.08464" lon="-72.0915">
        <ele>263.2</ele>
      </trkpt>
      <trkpt lat="45.08462" lon="-72.0915">
        <ele>263.2</ele>
      </trkpt>
      <trkpt lat="45.08444" lon="-72.09152">
        <ele>263.5</ele>
      </trkpt>
      <trkpt lat="45.0844" lon="-72.09152">
        <ele>263.5</ele>
      </trkpt>
      <trkpt lat="45.08426" lon="-72.09154">
        <ele>263.7</ele>
      </trkpt>
      <trkpt lat="45.0841" lon="-72.09155">
        <ele>263.9</ele>
      </trkpt>
      <trkpt lat="45.08408" lon="-72.09156">
        <ele>263.9</ele>
      </trkpt>
      <trkpt lat="45.08391" lon="-72.09157">
        <ele>264.1</ele>
      </trkpt>
      <trkpt lat="45.08386" lon="-72.09157">
        <ele>264.2</ele>
      </trkpt>
      <trkpt lat="45.08336" lon="-72.09162">
        <ele>265.3</ele>
      </trkpt>
      <trkpt lat="45.08319" lon="-72.09163">
        <ele>265.8</ele>
      </trkpt>
      <trkpt lat="45.08303" lon="-72.09165">
        <ele>266.3</ele>
      </trkpt>
      <trkpt lat="45.08267" lon="-72.09168">
        <ele>267.5</ele>
      </trkpt>
      <trkpt lat="45.08265" lon="-72.09168">
        <ele>267.6</ele>
      </trkpt>
      <trkpt lat="45.08254" lon="-72.09169">
        <ele>268</ele>
      </trkpt>
      <trkpt lat="45.08242" lon="-72.09169">
        <ele>268.3</ele>
      </trkpt>
      <trkpt lat="45.08233" lon="-72.091669">
        <ele>268.7</ele>
      </trkpt>
      <trkpt lat="45.08225" lon="-72.09165">
        <ele>269</ele>
      </trkpt>
      <trkpt lat="45.08214" lon="-72.09159">
        <ele>269.6</ele>
      </trkpt>
      <trkpt lat="45.08205" lon="-72.09153">
        <ele>270.1</ele>
      </trkpt>
      <trkpt lat="45.08197" lon="-72.09146">
        <ele>270.6</ele>
      </trkpt>
      <trkpt lat="45.0819" lon="-72.091399">
        <ele>271</ele>
      </trkpt>
      <trkpt lat="45.08182" lon="-72.091309">
        <ele>271.5</ele>
      </trkpt>
      <trkpt lat="45.08177" lon="-72.09125">
        <ele>271.9</ele>
      </trkpt>
      <trkpt lat="45.08168" lon="-72.09112">
        <ele>272.6</ele>
      </trkpt>
      <trkpt lat="45.08156" lon="-72.09096">
        <ele>273.3</ele>
      </trkpt>
      <trkpt lat="45.08143" lon="-72.09079">
        <ele>274</ele>
      </trkpt>
      <trkpt lat="45.08129" lon="-72.09061">
        <ele>274.9</ele>
      </trkpt>
      <trkpt lat="45.08108" lon="-72.09033">
        <ele>276.6</ele>
      </trkpt>
      <trkpt lat="45.08103" lon="-72.09027">
        <ele>277</ele>
      </trkpt>
      <trkpt lat="45.080889" lon="-72.0901">
        <ele>278.2</ele>
      </trkpt>
      <trkpt lat="45.08087" lon="-72.09007">
        <ele>278.4</ele>
      </trkpt>
      <trkpt lat="45.08077" lon="-72.08995">
        <ele>279.2</ele>
      </trkpt>
      <trkpt lat="45.0807" lon="-72.08989">
        <ele>279.7</ele>
      </trkpt>
      <trkpt lat="45.08056" lon="-72.08977">
        <ele>280.6</ele>
      </trkpt>
      <trkpt lat="45.08044" lon="-72.08968">
        <ele>281.3</ele>
      </trkpt>
      <trkpt lat="45.08035" lon="-72.08962">
        <ele>281.8</ele>
      </trkpt>
      <trkpt lat="45.08016" lon="-72.08948">
        <ele>282.8</ele>
      </trkpt>
      <trkpt lat="45.08012" lon="-72.08946">
        <ele>283</ele>
      </trkpt>
      <trkpt lat="45.080039" lon="-72.0894">
        <ele>283.4</ele>
      </trkpt>
      <trkpt lat="45.07996" lon="-72.08934">
        <ele>283.8</ele>
      </trkpt>
      <trkpt lat="45.07987" lon="-72.08927">
        <ele>284.3</ele>
      </trkpt>
      <trkpt lat="45.07981" lon="-72.08921">
        <ele>284.7</ele>
      </trkpt>
      <trkpt lat="45.07974" lon="-72.08914">
        <ele>285.2</ele>
      </trkpt>
      <trkpt lat="45.07967" lon="-72.08907">
        <ele>285.7</ele>
      </trkpt>
      <trkpt lat="45.079389" lon="-72.08872">
        <ele>288.3</ele>
      </trkpt>
      <trkpt lat="45.07899" lon="-72.08821">
        <ele>291.9</ele>
      </trkpt>
      <trkpt lat="45.07899" lon="-72.08819">
        <ele>291.9</ele>
      </trkpt>
      <trkpt lat="45.07886" lon="-72.08803">
        <ele>293</ele>
      </trkpt>
      <trkpt lat="45.07873" lon="-72.08786">
        <ele>294.2</ele>
      </trkpt>
      <trkpt lat="45.0785" lon="-72.08757">
        <ele>296.4</ele>
      </trkpt>
      <trkpt lat="45.07846" lon="-72.08752">
        <ele>296.7</ele>
      </trkpt>
      <trkpt lat="45.07815" lon="-72.08708">
        <ele>299.4</ele>
      </trkpt>
      <trkpt lat="45.07808" lon="-72.08698">
        <ele>299.8</ele>
      </trkpt>
      <trkpt lat="45.07804" lon="-72.08692">
        <ele>300</ele>
      </trkpt>
      <trkpt lat="45.07794" lon="-72.08682">
        <ele>300.4</ele>
      </trkpt>
      <trkpt lat="45.077889" lon="-72.08675">
        <ele>300.6</ele>
      </trkpt>
      <trkpt lat="45.0778" lon="-72.08667">
        <ele>300.9</ele>
      </trkpt>
      <trkpt lat="45.0777" lon="-72.08657">
        <ele>301.1</ele>
      </trkpt>
      <trkpt lat="45.0775" lon="-72.08645">
        <ele>301.7</ele>
      </trkpt>
      <trkpt lat="45.07733" lon="-72.08637">
        <ele>302.1</ele>
      </trkpt>
      <trkpt lat="45.07731" lon="-72.08636">
        <ele>302.2</ele>
      </trkpt>
      <trkpt lat="45.07699" lon="-72.08618">
        <ele>303</ele>
      </trkpt>
      <trkpt lat="45.07697" lon="-72.08617">
        <ele>303.1</ele>
      </trkpt>
      <trkpt lat="45.0768" lon="-72.08608">
        <ele>303.4</ele>
      </trkpt>
      <trkpt lat="45.07664" lon="-72.08598">
        <ele>303.7</ele>
      </trkpt>
      <trkpt lat="45.07659" lon="-72.08595">
        <ele>303.8</ele>
      </trkpt>
      <trkpt lat="45.0763" lon="-72.08582">
        <ele>303.9</ele>
      </trkpt>
      <trkpt lat="45.07629" lon="-72.08582">
        <ele>303.9</ele>
      </trkpt>
      <trkpt lat="45.07612" lon="-72.085759">
        <ele>303.9</ele>
      </trkpt>
      <trkpt lat="45.076009" lon="-72.08572">
        <ele>303.9</ele>
      </trkpt>
      <trkpt lat="45.07595" lon="-72.0857">
        <ele>303.9</ele>
      </trkpt>
      <trkpt lat="45.07577" lon="-72.08566">
        <ele>303.9</ele>
      </trkpt>
      <trkpt lat="45.07566" lon="-72.08563">
        <ele>303.9</ele>
      </trkpt>
      <trkpt lat="45.07559" lon="-72.08562">
        <ele>303.9</ele>
      </trkpt>
      <trkpt lat="45.07541" lon="-72.08559">
        <ele>303.9</ele>
      </trkpt>
      <trkpt lat="45.07524" lon="-72.085579">
        <ele>303.9</ele>
      </trkpt>
      <trkpt lat="45.07524" lon="-72.085579">
        <ele>303.9</ele>
      </trkpt>
      <trkpt lat="45.07523" lon="-72.08557">
        <ele>303.9</ele>
      </trkpt>
      <trkpt lat="45.07505" lon="-72.08556">
        <ele>303.9</ele>
      </trkpt>
      <trkpt lat="45.07502" lon="-72.08556">
        <ele>303.9</ele>
      </trkpt>
      <trkpt lat="45.074689" lon="-72.08555">
        <ele>303.9</ele>
      </trkpt>
      <trkpt lat="45.0738" lon="-72.08553">
        <ele>303.9</ele>
      </trkpt>
      <trkpt lat="45.07308" lon="-72.08551">
        <ele>303.9</ele>
      </trkpt>
      <trkpt lat="45.07236" lon="-72.085489">
        <ele>304</ele>
      </trkpt>
      <trkpt lat="45.072" lon="-72.08548">
        <ele>304.4</ele>
      </trkpt>
      <trkpt lat="45.07181" lon="-72.08548">
        <ele>304.6</ele>
      </trkpt>
      <trkpt lat="45.07146" lon="-72.08547">
        <ele>305.1</ele>
      </trkpt>
      <trkpt lat="45.07136" lon="-72.08547">
        <ele>305.2</ele>
      </trkpt>
      <trkpt lat="45.07074" lon="-72.08545">
        <ele>306</ele>
      </trkpt>
      <trkpt lat="45.07068" lon="-72.08544">
        <ele>306</ele>
      </trkpt>
      <trkpt lat="45.07056" lon="-72.08544">
        <ele>306.2</ele>
      </trkpt>
      <trkpt lat="45.07038" lon="-72.08544">
        <ele>306.5</ele>
      </trkpt>
      <trkpt lat="45.0702" lon="-72.08543">
        <ele>306.8</ele>
      </trkpt>
      <trkpt lat="45.06984" lon="-72.08543">
        <ele>308</ele>
      </trkpt>
      <trkpt lat="45.06966" lon="-72.08542">
        <ele>308.9</ele>
      </trkpt>
      <trkpt lat="45.06948" lon="-72.08542">
        <ele>309.9</ele>
      </trkpt>
      <trkpt lat="45.06945" lon="-72.08542">
        <ele>310.1</ele>
      </trkpt>
      <trkpt lat="45.0693" lon="-72.08542">
        <ele>311.1</ele>
      </trkpt>
      <trkpt lat="45.06894" lon="-72.08541">
        <ele>314</ele>
      </trkpt>
      <trkpt lat="45.06876" lon="-72.0854">
        <ele>315.6</ele>
      </trkpt>
      <trkpt lat="45.068129" lon="-72.08539">
        <ele>320.5</ele>
      </trkpt>
      <trkpt lat="45.06804" lon="-72.0854">
        <ele>321</ele>
      </trkpt>
      <trkpt lat="45.06786" lon="-72.0854">
        <ele>321.9</ele>
      </trkpt>
      <trkpt lat="45.06773" lon="-72.08541">
        <ele>322.5</ele>
      </trkpt>
      <trkpt lat="45.06759" lon="-72.08541">
        <ele>323</ele>
      </trkpt>
      <trkpt lat="45.06741" lon="-72.08541">
        <ele>323.7</ele>
      </trkpt>
      <trkpt lat="45.06723" lon="-72.0854">
        <ele>324.3</ele>
      </trkpt>
      <trkpt lat="45.06716" lon="-72.0854">
        <ele>324.4</ele>
      </trkpt>
      <trkpt lat="45.06705" lon="-72.0854">
        <ele>324.7</ele>
      </trkpt>
      <trkpt lat="45.06687" lon="-72.0854">
        <ele>325.1</ele>
      </trkpt>
      <trkpt lat="45.0667" lon="-72.0854">
        <ele>325.5</ele>
      </trkpt>
      <trkpt lat="45.06652" lon="-72.08539">
        <ele>325.8</ele>
      </trkpt>
      <trkpt lat="45.066339" lon="-72.08539">
        <ele>326</ele>
      </trkpt>
      <trkpt lat="45.06616" lon="-72.08539">
        <ele>326.1</ele>
      </trkpt>
      <trkpt lat="45.06598" lon="-72.08539">
        <ele>326.2</ele>
      </trkpt>
      <trkpt lat="45.06595" lon="-72.08539">
        <ele>326.2</ele>
      </trkpt>
      <trkpt lat="45.0658" lon="-72.08538">
        <ele>326.3</ele>
      </trkpt>
      <trkpt lat="45.06562" lon="-72.08538">
        <ele>326.3</ele>
      </trkpt>
      <trkpt lat="45.06544" lon="-72.08538">
        <ele>326.3</ele>
      </trkpt>
      <trkpt lat="45.065309" lon="-72.08538">
        <ele>326.3</ele>
      </trkpt>
      <trkpt lat="45.06526" lon="-72.08538">
        <ele>326.3</ele>
      </trkpt>
      <trkpt lat="45.06508" lon="-72.08537">
        <ele>326.3</ele>
      </trkpt>
      <trkpt lat="45.0649" lon="-72.08536">
        <ele>326.4</ele>
      </trkpt>
      <trkpt lat="45.06472" lon="-72.08535">
        <ele>326.5</ele>
      </trkpt>
      <trkpt lat="45.06454" lon="-72.08535">
        <ele>326.5</ele>
      </trkpt>
      <trkpt lat="45.06436" lon="-72.08534">
        <ele>326.7</ele>
      </trkpt>
      <trkpt lat="45.06418" lon="-72.08533">
        <ele>326.8</ele>
      </trkpt>
      <trkpt lat="45.064" lon="-72.08532">
        <ele>326.9</ele>
      </trkpt>
      <trkpt lat="45.06382" lon="-72.08531">
        <ele>327.1</ele>
      </trkpt>
      <trkpt lat="45.06369" lon="-72.0853">
        <ele>327.3</ele>
      </trkpt>
      <trkpt lat="45.06364" lon="-72.0853">
        <ele>327.4</ele>
      </trkpt>
      <trkpt lat="45.06346" lon="-72.0853">
        <ele>327.9</ele>
      </trkpt>
      <trkpt lat="45.06328" lon="-72.0853">
        <ele>328.7</ele>
      </trkpt>
      <trkpt lat="45.0631" lon="-72.08531">
        <ele>329.6</ele>
      </trkpt>
      <trkpt lat="45.06295" lon="-72.08531">
        <ele>330.6</ele>
      </trkpt>
      <trkpt lat="45.06274" lon="-72.08531">
        <ele>332</ele>
      </trkpt>
      <trkpt lat="45.06267" lon="-72.08531">
        <ele>332.4</ele>
      </trkpt>
      <trkpt lat="45.06256" lon="-72.08532">
        <ele>333</ele>
      </trkpt>
      <trkpt lat="45.06238" lon="-72.08533">
        <ele>333.9</ele>
      </trkpt>
      <trkpt lat="45.06235" lon="-72.08534">
        <ele>334</ele>
      </trkpt>
      <trkpt lat="45.062019" lon="-72.08538">
        <ele>334.8</ele>
      </trkpt>
      <trkpt lat="45.06196" lon="-72.08539">
        <ele>334.9</ele>
      </trkpt>
      <trkpt lat="45.061839" lon="-72.08541">
        <ele>335.1</ele>
      </trkpt>
      <trkpt lat="45.06166" lon="-72.08544">
        <ele>335.4</ele>
      </trkpt>
      <trkpt lat="45.0616" lon="-72.08545">
        <ele>335.5</ele>
      </trkpt>
      <trkpt lat="45.06149" lon="-72.08547">
        <ele>335.7</ele>
      </trkpt>
      <trkpt lat="45.06131" lon="-72.0855">
        <ele>336.1</ele>
      </trkpt>
      <trkpt lat="45.06124" lon="-72.08551">
        <ele>336.2</ele>
      </trkpt>
      <trkpt lat="45.06095" lon="-72.085579">
        <ele>336.9</ele>
      </trkpt>
      <trkpt lat="45.06089" lon="-72.08559">
        <ele>337</ele>
      </trkpt>
      <trkpt lat="45.06078" lon="-72.08563">
        <ele>337.2</ele>
      </trkpt>
      <trkpt lat="45.0606" lon="-72.08568">
        <ele>337.4</ele>
      </trkpt>
      <trkpt lat="45.06048" lon="-72.08572">
        <ele>337.5</ele>
      </trkpt>
      <trkpt lat="45.06042" lon="-72.08574">
        <ele>337.6</ele>
      </trkpt>
      <trkpt lat="45.06025" lon="-72.08579">
        <ele>337.7</ele>
      </trkpt>
      <trkpt lat="45.06011" lon="-72.08584">
        <ele>337.8</ele>
      </trkpt>
      <trkpt lat="45.06007" lon="-72.085849">
        <ele>337.8</ele>
      </trkpt>
      <trkpt lat="45.0599" lon="-72.08591">
        <ele>338</ele>
      </trkpt>
      <trkpt lat="45.05972" lon="-72.08598">
        <ele>338.1</ele>
      </trkpt>
      <trkpt lat="45.05959" lon="-72.08602">
        <ele>338.3</ele>
      </trkpt>
      <trkpt lat="45.05955" lon="-72.08604">
        <ele>338.3</ele>
      </trkpt>
      <trkpt lat="45.05937" lon="-72.0861">
        <ele>338.5</ele>
      </trkpt>
      <trkpt lat="45.0592" lon="-72.08606">
        <ele>339</ele>
      </trkpt>
      <trkpt lat="45.059019" lon="-72.08602">
        <ele>339.4</ele>
      </trkpt>
      <trkpt lat="45.058839" lon="-72.08599">
        <ele>339.7</ele>
      </trkpt>
      <trkpt lat="45.05882" lon="-72.08598">
        <ele>339.8</ele>
      </trkpt>
      <trkpt lat="45.05866" lon="-72.08595">
        <ele>340.1</ele>
      </trkpt>
      <trkpt lat="45.05849" lon="-72.08591">
        <ele>340.5</ele>
      </trkpt>
      <trkpt lat="45.05831" lon="-72.08587">
        <ele>341</ele>
      </trkpt>
      <trkpt lat="45.05822" lon="-72.085849">
        <ele>341.3</ele>
      </trkpt>
      <trkpt lat="45.05813" lon="-72.08583">
        <ele>341.6</ele>
      </trkpt>
      <trkpt lat="45.05795" lon="-72.08579">
        <ele>342.3</ele>
      </trkpt>
      <trkpt lat="45.05766" lon="-72.08572">
        <ele>343.6</ele>
      </trkpt>
      <trkpt lat="45.05742" lon="-72.08566">
        <ele>344.7</ele>
      </trkpt>
      <trkpt lat="45.05724" lon="-72.08562">
        <ele>345.3</ele>
      </trkpt>
      <trkpt lat="45.05715" lon="-72.0856">
        <ele>345.6</ele>
      </trkpt>
      <trkpt lat="45.05707" lon="-72.085579">
        <ele>345.9</ele>
      </trkpt>
      <trkpt lat="45.05666" lon="-72.08548">
        <ele>347.2</ele>
      </trkpt>
      <trkpt lat="45.05636" lon="-72.08541">
        <ele>348.2</ele>
      </trkpt>
      <trkpt lat="45.05628" lon="-72.0854">
        <ele>348.4</ele>
      </trkpt>
      <trkpt lat="45.05618" lon="-72.08538">
        <ele>348.7</ele>
      </trkpt>
      <trkpt lat="45.05592" lon="-72.08533">
        <ele>349.5</ele>
      </trkpt>
      <trkpt lat="45.05534" lon="-72.08521">
        <ele>350.9</ele>
      </trkpt>
      <trkpt lat="45.05511" lon="-72.08516">
        <ele>351.4</ele>
      </trkpt>
      <trkpt lat="45.05442" lon="-72.08499">
        <ele>352.8</ele>
      </trkpt>
      <trkpt lat="45.054229" lon="-72.08493">
        <ele>353.2</ele>
      </trkpt>
      <trkpt lat="45.05419" lon="-72.084909">
        <ele>353.3</ele>
      </trkpt>
      <trkpt lat="45.054049" lon="-72.08487">
        <ele>353.6</ele>
      </trkpt>
      <trkpt lat="45.05387" lon="-72.08481">
        <ele>353.8</ele>
      </trkpt>
      <trkpt lat="45.053759" lon="-72.08477">
        <ele>354</ele>
      </trkpt>
      <trkpt lat="45.0537" lon="-72.08474">
        <ele>354.2</ele>
      </trkpt>
      <trkpt lat="45.05353" lon="-72.08466">
        <ele>354.5</ele>
      </trkpt>
      <trkpt lat="45.05337" lon="-72.08457">
        <ele>355</ele>
      </trkpt>
      <trkpt lat="45.05333" lon="-72.084549">
        <ele>355.2</ele>
      </trkpt>
      <trkpt lat="45.053199" lon="-72.08447">
        <ele>355.7</ele>
      </trkpt>
      <trkpt lat="45.05303" lon="-72.08438">
        <ele>356.4</ele>
      </trkpt>
      <trkpt lat="45.05286" lon="-72.08428">
        <ele>357.1</ele>
      </trkpt>
      <trkpt lat="45.05275" lon="-72.08421">
        <ele>357.6</ele>
      </trkpt>
      <trkpt lat="45.0527" lon="-72.08419">
        <ele>357.8</ele>
      </trkpt>
      <trkpt lat="45.05245" lon="-72.08409">
        <ele>358.3</ele>
      </trkpt>
      <trkpt lat="45.052169" lon="-72.084059">
        <ele>358.1</ele>
      </trkpt>
      <trkpt lat="45.05207" lon="-72.08405">
        <ele>357.9</ele>
      </trkpt>
      <trkpt lat="45.05199" lon="-72.084059">
        <ele>357.7</ele>
      </trkpt>
      <trkpt lat="45.05174" lon="-72.08408">
        <ele>357</ele>
      </trkpt>
      <trkpt lat="45.05163" lon="-72.08409">
        <ele>356.7</ele>
      </trkpt>
      <trkpt lat="45.05156" lon="-72.08408">
        <ele>356.6</ele>
      </trkpt>
      <trkpt lat="45.05149" lon="-72.08405">
        <ele>356.6</ele>
      </trkpt>
      <trkpt lat="45.05145" lon="-72.08402">
        <ele>356.6</ele>
      </trkpt>
      <trkpt lat="45.05143" lon="-72.08396">
        <ele>356.9</ele>
      </trkpt>
      <trkpt lat="45.05141" lon="-72.0839">
        <ele>357.1</ele>
      </trkpt>
      <trkpt lat="45.0514" lon="-72.08384">
        <ele>357.4</ele>
      </trkpt>
      <trkpt lat="45.05142" lon="-72.08357">
        <ele>358.6</ele>
      </trkpt>
      <trkpt lat="45.0514" lon="-72.08346">
        <ele>359</ele>
      </trkpt>
      <trkpt lat="45.05138" lon="-72.0834">
        <ele>359.1</ele>
      </trkpt>
      <trkpt lat="45.05136" lon="-72.08334">
        <ele>359.3</ele>
      </trkpt>
      <trkpt lat="45.05129" lon="-72.08322">
        <ele>359.5</ele>
      </trkpt>
      <trkpt lat="45.05117" lon="-72.08304">
        <ele>359.7</ele>
      </trkpt>
      <trkpt lat="45.05117" lon="-72.083029">
        <ele>359.7</ele>
      </trkpt>
      <trkpt lat="45.051049" lon="-72.08284">
        <ele>359.8</ele>
      </trkpt>
      <trkpt lat="45.05093" lon="-72.08265">
        <ele>360</ele>
      </trkpt>
      <trkpt lat="45.050759" lon="-72.08243">
        <ele>360.2</ele>
      </trkpt>
      <trkpt lat="45.0507" lon="-72.08235">
        <ele>360.3</ele>
      </trkpt>
      <trkpt lat="45.05062" lon="-72.08225">
        <ele>360.4</ele>
      </trkpt>
      <trkpt lat="45.05057" lon="-72.082179">
        <ele>360.5</ele>
      </trkpt>
      <trkpt lat="45.05052" lon="-72.0821">
        <ele>360.7</ele>
      </trkpt>
      <trkpt lat="45.05034" lon="-72.08185">
        <ele>361</ele>
      </trkpt>
      <trkpt lat="45.05025" lon="-72.081729">
        <ele>361.2</ele>
      </trkpt>
      <trkpt lat="45.05013" lon="-72.08156">
        <ele>361.3</ele>
      </trkpt>
      <trkpt lat="45.05012" lon="-72.081549">
        <ele>361.3</ele>
      </trkpt>
      <trkpt lat="45.04975" lon="-72.08099">
        <ele>361.5</ele>
      </trkpt>
      <trkpt lat="45.04974" lon="-72.08098">
        <ele>361.5</ele>
      </trkpt>
      <trkpt lat="45.04963" lon="-72.0808">
        <ele>361.6</ele>
      </trkpt>
      <trkpt lat="45.04956" lon="-72.08068">
        <ele>361.8</ele>
      </trkpt>
      <trkpt lat="45.04929" lon="-72.080209">
        <ele>362.1</ele>
      </trkpt>
      <trkpt lat="45.04918" lon="-72.08">
        <ele>362.2</ele>
      </trkpt>
      <trkpt lat="45.04911" lon="-72.079849">
        <ele>362.4</ele>
      </trkpt>
      <trkpt lat="45.049079" lon="-72.07979">
        <ele>362.5</ele>
      </trkpt>
      <trkpt lat="45.04903" lon="-72.07966">
        <ele>362.7</ele>
      </trkpt>
      <trkpt lat="45.04897" lon="-72.0795">
        <ele>363</ele>
      </trkpt>
      <trkpt lat="45.04892" lon="-72.07934">
        <ele>363.3</ele>
      </trkpt>
      <trkpt lat="45.04887" lon="-72.0792">
        <ele>363.5</ele>
      </trkpt>
      <trkpt lat="45.04885" lon="-72.0791">
        <ele>363.7</ele>
      </trkpt>
      <trkpt lat="45.04884" lon="-72.07904">
        <ele>363.8</ele>
      </trkpt>
      <trkpt lat="45.04881" lon="-72.07886">
        <ele>364</ele>
      </trkpt>
      <trkpt lat="45.048789" lon="-72.07866">
        <ele>364.2</ele>
      </trkpt>
      <trkpt lat="45.04877" lon="-72.07784">
        <ele>365</ele>
      </trkpt>
      <trkpt lat="45.04876" lon="-72.077789">
        <ele>365</ele>
      </trkpt>
      <trkpt lat="45.04876" lon="-72.07733">
        <ele>365.9</ele>
      </trkpt>
      <trkpt lat="45.04876" lon="-72.07715">
        <ele>366.3</ele>
      </trkpt>
      <trkpt lat="45.04877" lon="-72.07682">
        <ele>367.4</ele>
      </trkpt>
      <trkpt lat="45.048789" lon="-72.07656">
        <ele>368.4</ele>
      </trkpt>
      <trkpt lat="45.04882" lon="-72.07604">
        <ele>370.5</ele>
      </trkpt>
      <trkpt lat="45.04881" lon="-72.07581">
        <ele>371.4</ele>
      </trkpt>
      <trkpt lat="45.04881" lon="-72.07575">
        <ele>371.6</ele>
      </trkpt>
      <trkpt lat="45.0488" lon="-72.07552">
        <ele>372.2</ele>
      </trkpt>
      <trkpt lat="45.048789" lon="-72.07535">
        <ele>372.6</ele>
      </trkpt>
      <trkpt lat="45.04877" lon="-72.07517">
        <ele>372.9</ele>
      </trkpt>
      <trkpt lat="45.04874" lon="-72.075">
        <ele>373.1</ele>
      </trkpt>
      <trkpt lat="45.048699" lon="-72.07482">
        <ele>373.2</ele>
      </trkpt>
      <trkpt lat="45.04868" lon="-72.0747">
        <ele>373.3</ele>
      </trkpt>
      <trkpt lat="45.04864" lon="-72.07457">
        <ele>373.3</ele>
      </trkpt>
      <trkpt lat="45.0486" lon="-72.07441">
        <ele>373.3</ele>
      </trkpt>
      <trkpt lat="45.04851" lon="-72.07417">
        <ele>373.2</ele>
      </trkpt>
      <trkpt lat="45.04848" lon="-72.07411">
        <ele>373.2</ele>
      </trkpt>
      <trkpt lat="45.04831" lon="-72.07366">
        <ele>373</ele>
      </trkpt>
      <trkpt lat="45.04786" lon="-72.07256">
        <ele>369.3</ele>
      </trkpt>
      <trkpt lat="45.0475" lon="-72.07164">
        <ele>367.1</ele>
      </trkpt>
      <trkpt lat="45.0475" lon="-72.07164">
        <ele>367.1</ele>
      </trkpt>
      <trkpt lat="45.04761" lon="-72.07102">
        <ele>368</ele>
      </trkpt>
      <trkpt lat="45.04761" lon="-72.07102">
        <ele>368</ele>
      </trkpt>
      <trkpt lat="45.04782" lon="-72.07088">
        <ele>368.6</ele>
      </trkpt>
      <trkpt lat="45.04817" lon="-72.07062">
        <ele>369.6</ele>
      </trkpt>
      <trkpt lat="45.04856" lon="-72.07031">
        <ele>370.9</ele>
      </trkpt>
      <trkpt lat="45.04882" lon="-72.07012">
        <ele>371.7</ele>
      </trkpt>
      <trkpt lat="45.04914" lon="-72.06987">
        <ele>372.6</ele>
      </trkpt>
      <trkpt lat="45.04945" lon="-72.06963">
        <ele>373.4</ele>
      </trkpt>
      <trkpt lat="45.04961" lon="-72.069509">
        <ele>374</ele>
      </trkpt>
      <trkpt lat="45.04978" lon="-72.06938">
        <ele>374.8</ele>
      </trkpt>
      <trkpt lat="45.05024" lon="-72.06901">
        <ele>377.7</ele>
      </trkpt>
      <trkpt lat="45.05039" lon="-72.06889">
        <ele>378.5</ele>
      </trkpt>
      <trkpt lat="45.05134" lon="-72.06814">
        <ele>381.7</ele>
      </trkpt>
      <trkpt lat="45.05142" lon="-72.06807">
        <ele>381.9</ele>
      </trkpt>
      <trkpt lat="45.05168" lon="-72.06787">
        <ele>382.6</ele>
      </trkpt>
      <trkpt lat="45.05181" lon="-72.06778">
        <ele>382.9</ele>
      </trkpt>
      <trkpt lat="45.0519" lon="-72.06772">
        <ele>383.2</ele>
      </trkpt>
      <trkpt lat="45.05228" lon="-72.067449">
        <ele>384.9</ele>
      </trkpt>
      <trkpt lat="45.0523" lon="-72.06744">
        <ele>385</ele>
      </trkpt>
      <trkpt lat="45.05259" lon="-72.06726">
        <ele>386.8</ele>
      </trkpt>
      <trkpt lat="45.05288" lon="-72.06707">
        <ele>388.4</ele>
      </trkpt>
      <trkpt lat="45.053109" lon="-72.06692">
        <ele>389.1</ele>
      </trkpt>
      <trkpt lat="45.05325" lon="-72.06683">
        <ele>389.4</ele>
      </trkpt>
      <trkpt lat="45.05344" lon="-72.0667">
        <ele>389.8</ele>
      </trkpt>
      <trkpt lat="45.05359" lon="-72.066599">
        <ele>390.1</ele>
      </trkpt>
      <trkpt lat="45.0536" lon="-72.066599">
        <ele>390.2</ele>
      </trkpt>
      <trkpt lat="45.05377" lon="-72.06649">
        <ele>390.6</ele>
      </trkpt>
      <trkpt lat="45.05383" lon="-72.06645">
        <ele>390.8</ele>
      </trkpt>
      <trkpt lat="45.05409" lon="-72.06626">
        <ele>391.3</ele>
      </trkpt>
      <trkpt lat="45.05439" lon="-72.06605">
        <ele>391</ele>
      </trkpt>
      <trkpt lat="45.054699" lon="-72.06584">
        <ele>390.1</ele>
      </trkpt>
      <trkpt lat="45.05489" lon="-72.06569">
        <ele>389.7</ele>
      </trkpt>
      <trkpt lat="45.05509" lon="-72.06555">
        <ele>389.4</ele>
      </trkpt>
      <trkpt lat="45.05537" lon="-72.06535">
        <ele>389.4</ele>
      </trkpt>
      <trkpt lat="45.05545" lon="-72.06529">
        <ele>389.5</ele>
      </trkpt>
      <trkpt lat="45.0557" lon="-72.06511">
        <ele>389.9</ele>
      </trkpt>
      <trkpt lat="45.0557" lon="-72.06511">
        <ele>389.9</ele>
      </trkpt>
      <trkpt lat="45.05568" lon="-72.06497">
        <ele>390.5</ele>
      </trkpt>
      <trkpt lat="45.05558" lon="-72.06421">
        <ele>392.9</ele>
      </trkpt>
      <trkpt lat="45.05558" lon="-72.0642">
        <ele>393</ele>
      </trkpt>
      <trkpt lat="45.055549" lon="-72.06396">
        <ele>392.8</ele>
      </trkpt>
      <trkpt lat="45.05552" lon="-72.06371">
        <ele>392.3</ele>
      </trkpt>
      <trkpt lat="45.05549" lon="-72.06346">
        <ele>391.7</ele>
      </trkpt>
      <trkpt lat="45.055459" lon="-72.06321">
        <ele>391.3</ele>
      </trkpt>
      <trkpt lat="45.05545" lon="-72.06317">
        <ele>391.2</ele>
      </trkpt>
      <trkpt lat="45.05533" lon="-72.06247">
        <ele>389.8</ele>
      </trkpt>
      <trkpt lat="45.05529" lon="-72.06225">
        <ele>388.8</ele>
      </trkpt>
      <trkpt lat="45.05524" lon="-72.06198">
        <ele>387.5</ele>
      </trkpt>
      <trkpt lat="45.0551" lon="-72.06124">
        <ele>385</ele>
      </trkpt>
      <trkpt lat="45.055079" lon="-72.06113">
        <ele>384.9</ele>
      </trkpt>
      <trkpt lat="45.05498" lon="-72.06076">
        <ele>384.3</ele>
      </trkpt>
      <trkpt lat="45.05492" lon="-72.06055">
        <ele>384.1</ele>
      </trkpt>
      <trkpt lat="45.05483" lon="-72.0603">
        <ele>383.6</ele>
      </trkpt>
      <trkpt lat="45.05475" lon="-72.06007">
        <ele>383</ele>
      </trkpt>
      <trkpt lat="45.05459" lon="-72.0596">
        <ele>381</ele>
      </trkpt>
      <trkpt lat="45.0545" lon="-72.0594">
        <ele>379.8</ele>
      </trkpt>
      <trkpt lat="45.05438" lon="-72.05915">
        <ele>378.4</ele>
      </trkpt>
      <trkpt lat="45.05428" lon="-72.05899">
        <ele>377.3</ele>
      </trkpt>
      <trkpt lat="45.054049" lon="-72.05862">
        <ele>375.2</ele>
      </trkpt>
      <trkpt lat="45.05404" lon="-72.05861">
        <ele>375.1</ele>
      </trkpt>
      <trkpt lat="45.05391" lon="-72.05844">
        <ele>374</ele>
      </trkpt>
      <trkpt lat="45.05378" lon="-72.05826">
        <ele>372.8</ele>
      </trkpt>
      <trkpt lat="45.05365" lon="-72.05809">
        <ele>371.7</ele>
      </trkpt>
      <trkpt lat="45.05339" lon="-72.05774">
        <ele>369.6</ele>
      </trkpt>
      <trkpt lat="45.05326" lon="-72.05757">
        <ele>368.6</ele>
      </trkpt>
      <trkpt lat="45.05325" lon="-72.05757">
        <ele>368.6</ele>
      </trkpt>
      <trkpt lat="45.05308" lon="-72.057239">
        <ele>366.9</ele>
      </trkpt>
      <trkpt lat="45.05306" lon="-72.057149">
        <ele>366.5</ele>
      </trkpt>
      <trkpt lat="45.05301" lon="-72.0569">
        <ele>365.6</ele>
      </trkpt>
      <trkpt lat="45.05299" lon="-72.05678">
        <ele>365.3</ele>
      </trkpt>
      <trkpt lat="45.05297" lon="-72.0564">
        <ele>364.8</ele>
      </trkpt>
      <trkpt lat="45.05295" lon="-72.05614">
        <ele>364.7</ele>
      </trkpt>
      <trkpt lat="45.05295" lon="-72.05613">
        <ele>364.7</ele>
      </trkpt>
      <trkpt lat="45.05289" lon="-72.05546">
        <ele>364.4</ele>
      </trkpt>
      <trkpt lat="45.05289" lon="-72.05538">
        <ele>364.4</ele>
      </trkpt>
      <trkpt lat="45.05289" lon="-72.05513">
        <ele>364.8</ele>
      </trkpt>
      <trkpt lat="45.05288" lon="-72.05488">
        <ele>366.1</ele>
      </trkpt>
      <trkpt lat="45.05288" lon="-72.05468">
        <ele>367.9</ele>
      </trkpt>
      <trkpt lat="45.05288" lon="-72.05462">
        <ele>368.5</ele>
      </trkpt>
      <trkpt lat="45.05288" lon="-72.05439">
        <ele>371.2</ele>
      </trkpt>
      <trkpt lat="45.05289" lon="-72.05437">
        <ele>371.4</ele>
      </trkpt>
      <trkpt lat="45.05292" lon="-72.05422">
        <ele>373</ele>
      </trkpt>
      <trkpt lat="45.05295" lon="-72.05413">
        <ele>373.8</ele>
      </trkpt>
      <trkpt lat="45.05304" lon="-72.05389">
        <ele>375.5</ele>
      </trkpt>
      <trkpt lat="45.053109" lon="-72.05368">
        <ele>377</ele>
      </trkpt>
      <trkpt lat="45.05318" lon="-72.05351">
        <ele>378</ele>
      </trkpt>
      <trkpt lat="45.053199" lon="-72.05345">
        <ele>378.5</ele>
      </trkpt>
      <trkpt lat="45.05326" lon="-72.05325">
        <ele>380</ele>
      </trkpt>
      <trkpt lat="45.05326" lon="-72.05322">
        <ele>380.4</ele>
      </trkpt>
      <trkpt lat="45.053289" lon="-72.05296">
        <ele>382.9</ele>
      </trkpt>
      <trkpt lat="45.05331" lon="-72.05269">
        <ele>385.5</ele>
      </trkpt>
      <trkpt lat="45.05328" lon="-72.05246">
        <ele>387.9</ele>
      </trkpt>
      <trkpt lat="45.05324" lon="-72.05216">
        <ele>390.5</ele>
      </trkpt>
      <trkpt lat="45.05316" lon="-72.05199">
        <ele>392</ele>
      </trkpt>
      <trkpt lat="45.05307" lon="-72.05177">
        <ele>393.2</ele>
      </trkpt>
      <trkpt lat="45.05288" lon="-72.051329">
        <ele>394.3</ele>
      </trkpt>
      <trkpt lat="45.05278" lon="-72.05112">
        <ele>394.6</ele>
      </trkpt>
      <trkpt lat="45.05268" lon="-72.05091">
        <ele>395.1</ele>
      </trkpt>
      <trkpt lat="45.05248" lon="-72.05049">
        <ele>396.3</ele>
      </trkpt>
      <trkpt lat="45.05239" lon="-72.05031">
        <ele>396.9</ele>
      </trkpt>
      <trkpt lat="45.05238" lon="-72.05028">
        <ele>397</ele>
      </trkpt>
      <trkpt lat="45.0523" lon="-72.05005">
        <ele>397.9</ele>
      </trkpt>
      <trkpt lat="45.05222" lon="-72.04982">
        <ele>398.9</ele>
      </trkpt>
      <trkpt lat="45.05206" lon="-72.04937">
        <ele>400.8</ele>
      </trkpt>
      <trkpt lat="45.0519" lon="-72.04891">
        <ele>402.1</ele>
      </trkpt>
      <trkpt lat="45.05187" lon="-72.04881">
        <ele>402.3</ele>
      </trkpt>
      <trkpt lat="45.05183" lon="-72.04868">
        <ele>402.6</ele>
      </trkpt>
      <trkpt lat="45.05169" lon="-72.04821">
        <ele>403.7</ele>
      </trkpt>
      <trkpt lat="45.051519" lon="-72.04772">
        <ele>405</ele>
      </trkpt>
      <trkpt lat="45.05138" lon="-72.04725">
        <ele>406.4</ele>
      </trkpt>
      <trkpt lat="45.051319" lon="-72.04704">
        <ele>406.9</ele>
      </trkpt>
      <trkpt lat="45.05126" lon="-72.04677">
        <ele>407.5</ele>
      </trkpt>
      <trkpt lat="45.05115" lon="-72.04629">
        <ele>408</ele>
      </trkpt>
      <trkpt lat="45.05109" lon="-72.046049">
        <ele>408.2</ele>
      </trkpt>
      <trkpt lat="45.05093" lon="-72.04532">
        <ele>408.9</ele>
      </trkpt>
      <trkpt lat="45.05093" lon="-72.04532">
        <ele>408.9</ele>
      </trkpt>
      <trkpt lat="45.05059" lon="-72.04555">
        <ele>406.7</ele>
      </trkpt>
      <trkpt lat="45.05043" lon="-72.04566">
        <ele>405.6</ele>
      </trkpt>
      <trkpt lat="45.04962" lon="-72.0462">
        <ele>400.5</ele>
      </trkpt>
      <trkpt lat="45.04961" lon="-72.0462">
        <ele>400.4</ele>
      </trkpt>
      <trkpt lat="45.04945" lon="-72.04631">
        <ele>399.5</ele>
      </trkpt>
      <trkpt lat="45.04928" lon="-72.04642">
        <ele>398.6</ele>
      </trkpt>
      <trkpt lat="45.048789" lon="-72.04669">
        <ele>396.8</ele>
      </trkpt>
      <trkpt lat="45.04871" lon="-72.04674">
        <ele>396.6</ele>
      </trkpt>
      <trkpt lat="45.04862" lon="-72.04679">
        <ele>396.4</ele>
      </trkpt>
      <trkpt lat="45.04836" lon="-72.04692">
        <ele>395.9</ele>
      </trkpt>
      <trkpt lat="45.04828" lon="-72.04696">
        <ele>395.8</ele>
      </trkpt>
      <trkpt lat="45.04802" lon="-72.04707">
        <ele>395.6</ele>
      </trkpt>
      <trkpt lat="45.04793" lon="-72.0471">
        <ele>395.5</ele>
      </trkpt>
      <trkpt lat="45.047759" lon="-72.04718">
        <ele>395.3</ele>
      </trkpt>
      <trkpt lat="45.04775" lon="-72.04718">
        <ele>395.3</ele>
      </trkpt>
      <trkpt lat="45.04749" lon="-72.04723">
        <ele>394.8</ele>
      </trkpt>
      <trkpt lat="45.04741" lon="-72.04724">
        <ele>394.7</ele>
      </trkpt>
      <trkpt lat="45.04723" lon="-72.04726">
        <ele>394.3</ele>
      </trkpt>
      <trkpt lat="45.04715" lon="-72.04726">
        <ele>394.1</ele>
      </trkpt>
      <trkpt lat="45.04687" lon="-72.04729">
        <ele>393.3</ele>
      </trkpt>
      <trkpt lat="45.046729" lon="-72.04731">
        <ele>392.9</ele>
      </trkpt>
      <trkpt lat="45.04651" lon="-72.04732">
        <ele>392.5</ele>
      </trkpt>
      <trkpt lat="45.04631" lon="-72.04733">
        <ele>392.1</ele>
      </trkpt>
      <trkpt lat="45.04615" lon="-72.04734">
        <ele>391.7</ele>
      </trkpt>
      <trkpt lat="45.04565" lon="-72.04738">
        <ele>390</ele>
      </trkpt>
      <trkpt lat="45.04543" lon="-72.04738">
        <ele>389.1</ele>
      </trkpt>
      <trkpt lat="45.04525" lon="-72.04738">
        <ele>388.3</ele>
      </trkpt>
      <trkpt lat="45.04467" lon="-72.047389">
        <ele>386.1</ele>
      </trkpt>
      <trkpt lat="45.04453" lon="-72.0474">
        <ele>385.6</ele>
      </trkpt>
      <trkpt lat="45.04435" lon="-72.04741">
        <ele>385.2</ele>
      </trkpt>
      <trkpt lat="45.04417" lon="-72.04742">
        <ele>384.7</ele>
      </trkpt>
      <trkpt lat="45.04381" lon="-72.04744">
        <ele>383.8</ele>
      </trkpt>
      <trkpt lat="45.04363" lon="-72.04745">
        <ele>383.2</ele>
      </trkpt>
      <trkpt lat="45.04345" lon="-72.04746">
        <ele>382.6</ele>
      </trkpt>
      <trkpt lat="45.04327" lon="-72.04747">
        <ele>381.9</ele>
      </trkpt>
      <trkpt lat="45.04309" lon="-72.047479">
        <ele>381.2</ele>
      </trkpt>
      <trkpt lat="45.04291" lon="-72.04749">
        <ele>380.3</ele>
      </trkpt>
      <trkpt lat="45.04242" lon="-72.04752">
        <ele>378</ele>
      </trkpt>
      <trkpt lat="45.04201" lon="-72.04753">
        <ele>376.4</ele>
      </trkpt>
      <trkpt lat="45.04184" lon="-72.04753">
        <ele>375.8</ele>
      </trkpt>
      <trkpt lat="45.04166" lon="-72.04753">
        <ele>375.1</ele>
      </trkpt>
      <trkpt lat="45.04148" lon="-72.04754">
        <ele>374.3</ele>
      </trkpt>
      <trkpt lat="45.04112" lon="-72.04755">
        <ele>372.6</ele>
      </trkpt>
      <trkpt lat="45.04094" lon="-72.04755">
        <ele>371.7</ele>
      </trkpt>
      <trkpt lat="45.04029" lon="-72.04754">
        <ele>368.4</ele>
      </trkpt>
      <trkpt lat="45.03975" lon="-72.04753">
        <ele>366.3</ele>
      </trkpt>
      <trkpt lat="45.039589" lon="-72.04753">
        <ele>365.8</ele>
      </trkpt>
      <trkpt lat="45.03957" lon="-72.04753">
        <ele>365.8</ele>
      </trkpt>
      <trkpt lat="45.03919" lon="-72.04754">
        <ele>365.1</ele>
      </trkpt>
      <trkpt lat="45.038849" lon="-72.047569">
        <ele>364.9</ele>
      </trkpt>
      <trkpt lat="45.03863" lon="-72.04758">
        <ele>364.9</ele>
      </trkpt>
      <trkpt lat="45.03844" lon="-72.0476">
        <ele>364.9</ele>
      </trkpt>
      <trkpt lat="45.03799" lon="-72.04772">
        <ele>364.9</ele>
      </trkpt>
      <trkpt lat="45.03785" lon="-72.04777">
        <ele>364.9</ele>
      </trkpt>
      <trkpt lat="45.03764" lon="-72.04786">
        <ele>364.9</ele>
      </trkpt>
      <trkpt lat="45.037619" lon="-72.04788">
        <ele>364.9</ele>
      </trkpt>
      <trkpt lat="45.03728" lon="-72.04804">
        <ele>364.9</ele>
      </trkpt>
      <trkpt lat="45.03711" lon="-72.04815">
        <ele>364.9</ele>
      </trkpt>
      <trkpt lat="45.03695" lon="-72.04825">
        <ele>364.9</ele>
      </trkpt>
      <trkpt lat="45.03678" lon="-72.04835">
        <ele>364.9</ele>
      </trkpt>
      <trkpt lat="45.03662" lon="-72.04845">
        <ele>364.9</ele>
      </trkpt>
      <trkpt lat="45.03652" lon="-72.048509">
        <ele>364.9</ele>
      </trkpt>
      <trkpt lat="45.03645" lon="-72.04856">
        <ele>364.9</ele>
      </trkpt>
      <trkpt lat="45.03635" lon="-72.04863">
        <ele>364.9</ele>
      </trkpt>
      <trkpt lat="45.03629" lon="-72.04867">
        <ele>364.9</ele>
      </trkpt>
      <trkpt lat="45.03598" lon="-72.04893">
        <ele>364.9</ele>
      </trkpt>
      <trkpt lat="45.03588" lon="-72.04901">
        <ele>364.9</ele>
      </trkpt>
      <trkpt lat="45.0355" lon="-72.04935">
        <ele>364.9</ele>
      </trkpt>
      <trkpt lat="45.03538" lon="-72.04948">
        <ele>364.9</ele>
      </trkpt>
      <trkpt lat="45.03524" lon="-72.04964">
        <ele>364.9</ele>
      </trkpt>
      <trkpt lat="45.03467" lon="-72.05026">
        <ele>364.9</ele>
      </trkpt>
      <trkpt lat="45.034529" lon="-72.05042">
        <ele>364.9</ele>
      </trkpt>
      <trkpt lat="45.0343" lon="-72.05067">
        <ele>364.9</ele>
      </trkpt>
      <trkpt lat="45.03383" lon="-72.05123">
        <ele>364</ele>
      </trkpt>
      <trkpt lat="45.03356" lon="-72.05156">
        <ele>361.7</ele>
      </trkpt>
      <trkpt lat="45.03342" lon="-72.05172">
        <ele>360.1</ele>
      </trkpt>
      <trkpt lat="45.03318" lon="-72.05201">
        <ele>357.1</ele>
      </trkpt>
      <trkpt lat="45.0331" lon="-72.05211">
        <ele>356.1</ele>
      </trkpt>
      <trkpt lat="45.03301" lon="-72.05222">
        <ele>355.2</ele>
      </trkpt>
      <trkpt lat="45.03296" lon="-72.05229">
        <ele>354.6</ele>
      </trkpt>
      <trkpt lat="45.03288" lon="-72.05239">
        <ele>353.8</ele>
      </trkpt>
      <trkpt lat="45.03281" lon="-72.05249">
        <ele>353.1</ele>
      </trkpt>
      <trkpt lat="45.03278" lon="-72.05257">
        <ele>352.7</ele>
      </trkpt>
      <trkpt lat="45.03277" lon="-72.05259">
        <ele>352.6</ele>
      </trkpt>
      <trkpt lat="45.03276" lon="-72.05269">
        <ele>352.3</ele>
      </trkpt>
      <trkpt lat="45.032739" lon="-72.05284">
        <ele>351.9</ele>
      </trkpt>
      <trkpt lat="45.032739" lon="-72.05285">
        <ele>351.8</ele>
      </trkpt>
      <trkpt lat="45.032739" lon="-72.05296">
        <ele>351.6</ele>
      </trkpt>
      <trkpt lat="45.03275" lon="-72.05315">
        <ele>351.2</ele>
      </trkpt>
      <trkpt lat="45.03275" lon="-72.05335">
        <ele>350.8</ele>
      </trkpt>
      <trkpt lat="45.03275" lon="-72.05352">
        <ele>350.4</ele>
      </trkpt>
      <trkpt lat="45.03276" lon="-72.0536">
        <ele>350.2</ele>
      </trkpt>
      <trkpt lat="45.03277" lon="-72.05386">
        <ele>349.7</ele>
      </trkpt>
      <trkpt lat="45.03279" lon="-72.05411">
        <ele>349.2</ele>
      </trkpt>
      <trkpt lat="45.03279" lon="-72.05437">
        <ele>348.5</ele>
      </trkpt>
      <trkpt lat="45.03281" lon="-72.05513">
        <ele>346.3</ele>
      </trkpt>
      <trkpt lat="45.03281" lon="-72.05515">
        <ele>346.3</ele>
      </trkpt>
      <trkpt lat="45.03282" lon="-72.05538">
        <ele>345.6</ele>
      </trkpt>
      <trkpt lat="45.03285" lon="-72.05654">
        <ele>340.6</ele>
      </trkpt>
      <trkpt lat="45.03285" lon="-72.05716">
        <ele>337.9</ele>
      </trkpt>
      <trkpt lat="45.03285" lon="-72.057419">
        <ele>336.9</ele>
      </trkpt>
      <trkpt lat="45.03285" lon="-72.05758">
        <ele>336.4</ele>
      </trkpt>
      <trkpt lat="45.03285" lon="-72.05793">
        <ele>335.5</ele>
      </trkpt>
      <trkpt lat="45.03284" lon="-72.05799">
        <ele>335.4</ele>
      </trkpt>
      <trkpt lat="45.03283" lon="-72.05844">
        <ele>334.7</ele>
      </trkpt>
      <trkpt lat="45.03283" lon="-72.05865">
        <ele>334.4</ele>
      </trkpt>
      <trkpt lat="45.03283" lon="-72.05869">
        <ele>334.4</ele>
      </trkpt>
      <trkpt lat="45.03282" lon="-72.05894">
        <ele>334.2</ele>
      </trkpt>
      <trkpt lat="45.03282" lon="-72.05897">
        <ele>334.2</ele>
      </trkpt>
      <trkpt lat="45.0328" lon="-72.0592">
        <ele>334.1</ele>
      </trkpt>
      <trkpt lat="45.0328" lon="-72.059209">
        <ele>334.1</ele>
      </trkpt>
      <trkpt lat="45.03276" lon="-72.05943">
        <ele>334.1</ele>
      </trkpt>
      <trkpt lat="45.03269" lon="-72.05968">
        <ele>334.1</ele>
      </trkpt>
      <trkpt lat="45.03264" lon="-72.05986">
        <ele>334</ele>
      </trkpt>
      <trkpt lat="45.03262" lon="-72.05991">
        <ele>334</ele>
      </trkpt>
      <trkpt lat="45.03253" lon="-72.06013">
        <ele>333.8</ele>
      </trkpt>
      <trkpt lat="45.03251" lon="-72.06018">
        <ele>333.7</ele>
      </trkpt>
      <trkpt lat="45.03234" lon="-72.0605">
        <ele>333.1</ele>
      </trkpt>
      <trkpt lat="45.03213" lon="-72.06091">
        <ele>332.4</ele>
      </trkpt>
      <trkpt lat="45.03211" lon="-72.06096">
        <ele>332.4</ele>
      </trkpt>
      <trkpt lat="45.03204" lon="-72.061179">
        <ele>332.1</ele>
      </trkpt>
      <trkpt lat="45.03199" lon="-72.06134">
        <ele>331.9</ele>
      </trkpt>
      <trkpt lat="45.03198" lon="-72.06144">
        <ele>331.8</ele>
      </trkpt>
      <trkpt lat="45.03198" lon="-72.06149">
        <ele>331.8</ele>
      </trkpt>
      <trkpt lat="45.03198" lon="-72.061719">
        <ele>331.6</ele>
      </trkpt>
      <trkpt lat="45.03199" lon="-72.06194">
        <ele>331.4</ele>
      </trkpt>
      <trkpt lat="45.03205" lon="-72.06218">
        <ele>331.4</ele>
      </trkpt>
      <trkpt lat="45.032089" lon="-72.06235">
        <ele>331.2</ele>
      </trkpt>
      <trkpt lat="45.03226" lon="-72.06289">
        <ele>330.7</ele>
      </trkpt>
      <trkpt lat="45.03233" lon="-72.06312">
        <ele>330.6</ele>
      </trkpt>
      <trkpt lat="45.03237" lon="-72.063239">
        <ele>330.6</ele>
      </trkpt>
      <trkpt lat="45.03241" lon="-72.06335">
        <ele>330.5</ele>
      </trkpt>
      <trkpt lat="45.03248" lon="-72.06358">
        <ele>330.3</ele>
      </trkpt>
      <trkpt lat="45.03252" lon="-72.0637">
        <ele>330.2</ele>
      </trkpt>
      <trkpt lat="45.0326" lon="-72.06406">
        <ele>329.6</ele>
      </trkpt>
      <trkpt lat="45.03291" lon="-72.06506">
        <ele>329</ele>
      </trkpt>
      <trkpt lat="45.03297" lon="-72.065569">
        <ele>329.1</ele>
      </trkpt>
      <trkpt lat="45.03299" lon="-72.06568">
        <ele>329.2</ele>
      </trkpt>
      <trkpt lat="45.03299" lon="-72.06582">
        <ele>329.2</ele>
      </trkpt>
      <trkpt lat="45.033" lon="-72.06612">
        <ele>329.2</ele>
      </trkpt>
      <trkpt lat="45.03302" lon="-72.06684">
        <ele>329.3</ele>
      </trkpt>
      <trkpt lat="45.033029" lon="-72.06701">
        <ele>329.3</ele>
      </trkpt>
      <trkpt lat="45.03302" lon="-72.067089">
        <ele>329.3</ele>
      </trkpt>
      <trkpt lat="45.033" lon="-72.06723">
        <ele>329.3</ele>
      </trkpt>
      <trkpt lat="45.03296" lon="-72.06733">
        <ele>329.2</ele>
      </trkpt>
      <trkpt lat="45.03291" lon="-72.067449">
        <ele>329</ele>
      </trkpt>
      <trkpt lat="45.03282" lon="-72.06764">
        <ele>328.8</ele>
      </trkpt>
      <trkpt lat="45.03275" lon="-72.06773">
        <ele>328.6</ele>
      </trkpt>
      <trkpt lat="45.03267" lon="-72.06784">
        <ele>328.4</ele>
      </trkpt>
      <trkpt lat="45.03246" lon="-72.06804">
        <ele>328</ele>
      </trkpt>
      <trkpt lat="45.03231" lon="-72.06818">
        <ele>327.7</ele>
      </trkpt>
      <trkpt lat="45.03217" lon="-72.06833">
        <ele>327.5</ele>
      </trkpt>
      <trkpt lat="45.03202" lon="-72.068479">
        <ele>327.3</ele>
      </trkpt>
      <trkpt lat="45.03199" lon="-72.0685">
        <ele>327.3</ele>
      </trkpt>
      <trkpt lat="45.03187" lon="-72.06862">
        <ele>327.1</ele>
      </trkpt>
      <trkpt lat="45.03134" lon="-72.0691">
        <ele>326.5</ele>
      </trkpt>
      <trkpt lat="45.03047" lon="-72.06976">
        <ele>326.2</ele>
      </trkpt>
      <trkpt lat="45.0304" lon="-72.06981">
        <ele>326.2</ele>
      </trkpt>
      <trkpt lat="45.02982" lon="-72.07021">
        <ele>325.8</ele>
      </trkpt>
      <trkpt lat="45.02966" lon="-72.07032">
        <ele>325.6</ele>
      </trkpt>
      <trkpt lat="45.02928" lon="-72.07059">
        <ele>325</ele>
      </trkpt>
      <trkpt lat="45.02902" lon="-72.07079">
        <ele>324.4</ele>
      </trkpt>
      <trkpt lat="45.02854" lon="-72.07117">
        <ele>323.1</ele>
      </trkpt>
      <trkpt lat="45.0284" lon="-72.07129">
        <ele>322.8</ele>
      </trkpt>
      <trkpt lat="45.02806" lon="-72.07158">
        <ele>322.2</ele>
      </trkpt>
      <trkpt lat="45.02796" lon="-72.07169">
        <ele>322</ele>
      </trkpt>
      <trkpt lat="45.02785" lon="-72.07177">
        <ele>321.9</ele>
      </trkpt>
      <trkpt lat="45.027769" lon="-72.07185">
        <ele>321.8</ele>
      </trkpt>
      <trkpt lat="45.02767" lon="-72.071969">
        <ele>321.7</ele>
      </trkpt>
      <trkpt lat="45.02758" lon="-72.0721">
        <ele>321.6</ele>
      </trkpt>
      <trkpt lat="45.02728" lon="-72.07256">
        <ele>321.3</ele>
      </trkpt>
      <trkpt lat="45.02702" lon="-72.07295">
        <ele>320.8</ele>
      </trkpt>
      <trkpt lat="45.02695" lon="-72.07306">
        <ele>320.7</ele>
      </trkpt>
      <trkpt lat="45.0269" lon="-72.07315">
        <ele>320.6</ele>
      </trkpt>
      <trkpt lat="45.02679" lon="-72.07334">
        <ele>320.5</ele>
      </trkpt>
      <trkpt lat="45.02668" lon="-72.07354">
        <ele>320.5</ele>
      </trkpt>
      <trkpt lat="45.02657" lon="-72.0737">
        <ele>320.5</ele>
      </trkpt>
      <trkpt lat="45.02631" lon="-72.07405">
        <ele>320.4</ele>
      </trkpt>
      <trkpt lat="45.02616" lon="-72.07429">
        <ele>320.4</ele>
      </trkpt>
      <trkpt lat="45.02614" lon="-72.07433">
        <ele>320.4</ele>
      </trkpt>
      <trkpt lat="45.02583" lon="-72.074789">
        <ele>320.3</ele>
      </trkpt>
      <trkpt lat="45.025799" lon="-72.07483">
        <ele>320.3</ele>
      </trkpt>
      <trkpt lat="45.025709" lon="-72.07498">
        <ele>320.3</ele>
      </trkpt>
      <trkpt lat="45.02514" lon="-72.07596">
        <ele>320.4</ele>
      </trkpt>
      <trkpt lat="45.02512" lon="-72.07598">
        <ele>320.4</ele>
      </trkpt>
      <trkpt lat="45.02491" lon="-72.076359">
        <ele>320.4</ele>
      </trkpt>
      <trkpt lat="45.02481" lon="-72.07652">
        <ele>320.4</ele>
      </trkpt>
      <trkpt lat="45.02471" lon="-72.07672">
        <ele>320.3</ele>
      </trkpt>
      <trkpt lat="45.02458" lon="-72.07707">
        <ele>320.4</ele>
      </trkpt>
      <trkpt lat="45.02446" lon="-72.07745">
        <ele>320.5</ele>
      </trkpt>
      <trkpt lat="45.02446" lon="-72.07746">
        <ele>320.5</ele>
      </trkpt>
      <trkpt lat="45.02442" lon="-72.077699">
        <ele>320.5</ele>
      </trkpt>
      <trkpt lat="45.02438" lon="-72.07792">
        <ele>320.4</ele>
      </trkpt>
      <trkpt lat="45.02437" lon="-72.07794">
        <ele>320.4</ele>
      </trkpt>
      <trkpt lat="45.02434" lon="-72.07819">
        <ele>320.3</ele>
      </trkpt>
      <trkpt lat="45.024299" lon="-72.07844">
        <ele>320.2</ele>
      </trkpt>
      <trkpt lat="45.02429" lon="-72.07852">
        <ele>320.2</ele>
      </trkpt>
      <trkpt lat="45.024209" lon="-72.07919">
        <ele>320.2</ele>
      </trkpt>
      <trkpt lat="45.02417" lon="-72.07944">
        <ele>320.1</ele>
      </trkpt>
      <trkpt lat="45.02414" lon="-72.07969">
        <ele>319.9</ele>
      </trkpt>
      <trkpt lat="45.02413" lon="-72.07982">
        <ele>319.9</ele>
      </trkpt>
      <trkpt lat="45.02411" lon="-72.07995">
        <ele>319.8</ele>
      </trkpt>
      <trkpt lat="45.02408" lon="-72.0802">
        <ele>319.8</ele>
      </trkpt>
      <trkpt lat="45.02403" lon="-72.080699">
        <ele>319.7</ele>
      </trkpt>
      <trkpt lat="45.024" lon="-72.08095">
        <ele>319.6</ele>
      </trkpt>
      <trkpt lat="45.02397" lon="-72.0812">
        <ele>319.4</ele>
      </trkpt>
      <trkpt lat="45.02395" lon="-72.08145">
        <ele>319.1</ele>
      </trkpt>
      <trkpt lat="45.023919" lon="-72.08171">
        <ele>319</ele>
      </trkpt>
      <trkpt lat="45.02387" lon="-72.0822">
        <ele>318.9</ele>
      </trkpt>
      <trkpt lat="45.02385" lon="-72.08246">
        <ele>318.8</ele>
      </trkpt>
      <trkpt lat="45.023829" lon="-72.08271">
        <ele>318.6</ele>
      </trkpt>
      <trkpt lat="45.02381" lon="-72.08289">
        <ele>318.4</ele>
      </trkpt>
      <trkpt lat="45.0238" lon="-72.08297">
        <ele>318.3</ele>
      </trkpt>
      <trkpt lat="45.0237" lon="-72.08429">
        <ele>316.7</ele>
      </trkpt>
      <trkpt lat="45.02365" lon="-72.084639">
        <ele>316.5</ele>
      </trkpt>
      <trkpt lat="45.02363" lon="-72.08484">
        <ele>316.5</ele>
      </trkpt>
      <trkpt lat="45.02358" lon="-72.08537">
        <ele>316.1</ele>
      </trkpt>
      <trkpt lat="45.02358" lon="-72.08542">
        <ele>316</ele>
      </trkpt>
      <trkpt lat="45.02341" lon="-72.08694">
        <ele>314.2</ele>
      </trkpt>
      <trkpt lat="45.023359" lon="-72.08737">
        <ele>313.3</ele>
      </trkpt>
      <trkpt lat="45.02329" lon="-72.08815">
        <ele>312.1</ele>
      </trkpt>
      <trkpt lat="45.0233" lon="-72.08865">
        <ele>311.5</ele>
      </trkpt>
      <trkpt lat="45.0233" lon="-72.08865">
        <ele>311.5</ele>
      </trkpt>
      <trkpt lat="45.02262" lon="-72.08913">
        <ele>311.7</ele>
      </trkpt>
      <trkpt lat="45.02232" lon="-72.08934">
        <ele>311.7</ele>
      </trkpt>
      <trkpt lat="45.02232" lon="-72.08934">
        <ele>311.7</ele>
      </trkpt>
      <trkpt lat="45.02237" lon="-72.08958">
        <ele>311.4</ele>
      </trkpt>
      <trkpt lat="45.02243" lon="-72.08982">
        <ele>311.2</ele>
      </trkpt>
      <trkpt lat="45.02243" lon="-72.08983">
        <ele>311.2</ele>
      </trkpt>
      <trkpt lat="45.02248" lon="-72.09007">
        <ele>311</ele>
      </trkpt>
      <trkpt lat="45.02253" lon="-72.09028">
        <ele>310.9</ele>
      </trkpt>
      <trkpt lat="45.02253" lon="-72.09031">
        <ele>310.9</ele>
      </trkpt>
      <trkpt lat="45.02259" lon="-72.0907">
        <ele>310.7</ele>
      </trkpt>
      <trkpt lat="45.0226" lon="-72.09081">
        <ele>310.7</ele>
      </trkpt>
      <trkpt lat="45.02261" lon="-72.09106">
        <ele>310.5</ele>
      </trkpt>
      <trkpt lat="45.02261" lon="-72.09114">
        <ele>310.4</ele>
      </trkpt>
      <trkpt lat="45.02265" lon="-72.09153">
        <ele>309.9</ele>
      </trkpt>
      <trkpt lat="45.02266" lon="-72.09188">
        <ele>309.4</ele>
      </trkpt>
      <trkpt lat="45.02267" lon="-72.09214">
        <ele>309.1</ele>
      </trkpt>
      <trkpt lat="45.0227" lon="-72.0929">
        <ele>308.1</ele>
      </trkpt>
      <trkpt lat="45.02272" lon="-72.0933">
        <ele>307.6</ele>
      </trkpt>
      <trkpt lat="45.02275" lon="-72.09384">
        <ele>307.1</ele>
      </trkpt>
      <trkpt lat="45.02276" lon="-72.09406">
        <ele>307</ele>
      </trkpt>
      <trkpt lat="45.02277" lon="-72.094309">
        <ele>306.8</ele>
      </trkpt>
      <trkpt lat="45.02278" lon="-72.09436">
        <ele>306.8</ele>
      </trkpt>
      <trkpt lat="45.022799" lon="-72.09462">
        <ele>306.7</ele>
      </trkpt>
      <trkpt lat="45.02284" lon="-72.09501">
        <ele>306.4</ele>
      </trkpt>
      <trkpt lat="45.02284" lon="-72.09507">
        <ele>306.3</ele>
      </trkpt>
      <trkpt lat="45.02287" lon="-72.09527">
        <ele>306.1</ele>
      </trkpt>
      <trkpt lat="45.02291" lon="-72.09549">
        <ele>305.8</ele>
      </trkpt>
      <trkpt lat="45.02293" lon="-72.09556">
        <ele>305.7</ele>
      </trkpt>
      <trkpt lat="45.02301" lon="-72.095789">
        <ele>305.3</ele>
      </trkpt>
      <trkpt lat="45.02301" lon="-72.0958">
        <ele>305.3</ele>
      </trkpt>
      <trkpt lat="45.0232" lon="-72.09623">
        <ele>304.6</ele>
      </trkpt>
      <trkpt lat="45.02322" lon="-72.096279">
        <ele>304.5</ele>
      </trkpt>
      <trkpt lat="45.0233" lon="-72.09644">
        <ele>304.2</ele>
      </trkpt>
      <trkpt lat="45.02342" lon="-72.09668">
        <ele>303.9</ele>
      </trkpt>
      <trkpt lat="45.0235" lon="-72.09686">
        <ele>303.9</ele>
      </trkpt>
      <trkpt lat="45.0236" lon="-72.09708">
        <ele>303.9</ele>
      </trkpt>
      <trkpt lat="45.02369" lon="-72.09729">
        <ele>303.9</ele>
      </trkpt>
      <trkpt lat="45.02376" lon="-72.097489">
        <ele>303.9</ele>
      </trkpt>
      <trkpt lat="45.02377" lon="-72.09752">
        <ele>303.9</ele>
      </trkpt>
      <trkpt lat="45.02384" lon="-72.09775">
        <ele>303.9</ele>
      </trkpt>
      <trkpt lat="45.02394" lon="-72.09808">
        <ele>303.9</ele>
      </trkpt>
      <trkpt lat="45.02398" lon="-72.09822">
        <ele>303.9</ele>
      </trkpt>
      <trkpt lat="45.02403" lon="-72.09846">
        <ele>303.9</ele>
      </trkpt>
      <trkpt lat="45.02404" lon="-72.098519">
        <ele>303.9</ele>
      </trkpt>
      <trkpt lat="45.02409" lon="-72.098699">
        <ele>303.9</ele>
      </trkpt>
      <trkpt lat="45.02416" lon="-72.09897">
        <ele>303.9</ele>
      </trkpt>
      <trkpt lat="45.02423" lon="-72.09917">
        <ele>303.9</ele>
      </trkpt>
      <trkpt lat="45.02426" lon="-72.09926">
        <ele>303.9</ele>
      </trkpt>
      <trkpt lat="45.02426" lon="-72.0993">
        <ele>303.9</ele>
      </trkpt>
      <trkpt lat="45.02433" lon="-72.09981">
        <ele>303.9</ele>
      </trkpt>
      <trkpt lat="45.024389" lon="-72.100309">
        <ele>303.9</ele>
      </trkpt>
      <trkpt lat="45.02442" lon="-72.10056">
        <ele>303.9</ele>
      </trkpt>
      <trkpt lat="45.02445" lon="-72.10088">
        <ele>303.9</ele>
      </trkpt>
      <trkpt lat="45.024479" lon="-72.10106">
        <ele>303.9</ele>
      </trkpt>
      <trkpt lat="45.02452" lon="-72.10131">
        <ele>303.9</ele>
      </trkpt>
      <trkpt lat="45.02456" lon="-72.10155">
        <ele>303.9</ele>
      </trkpt>
      <trkpt lat="45.02458" lon="-72.10168">
        <ele>303.9</ele>
      </trkpt>
      <trkpt lat="45.02461" lon="-72.1018">
        <ele>303.9</ele>
      </trkpt>
      <trkpt lat="45.02466" lon="-72.10207">
        <ele>303.9</ele>
      </trkpt>
      <trkpt lat="45.02478" lon="-72.10252">
        <ele>303.9</ele>
      </trkpt>
      <trkpt lat="45.02485" lon="-72.10276">
        <ele>303.9</ele>
      </trkpt>
      <trkpt lat="45.024859" lon="-72.1028">
        <ele>303.9</ele>
      </trkpt>
      <trkpt lat="45.02514" lon="-72.10369">
        <ele>303.9</ele>
      </trkpt>
      <trkpt lat="45.02517" lon="-72.1038">
        <ele>303.9</ele>
      </trkpt>
      <trkpt lat="45.02528" lon="-72.104159">
        <ele>303.9</ele>
      </trkpt>
      <trkpt lat="45.0254" lon="-72.10458">
        <ele>303.9</ele>
      </trkpt>
      <trkpt lat="45.02558" lon="-72.10508">
        <ele>303.9</ele>
      </trkpt>
      <trkpt lat="45.02559" lon="-72.105099">
        <ele>303.9</ele>
      </trkpt>
      <trkpt lat="45.02566" lon="-72.10531">
        <ele>303.9</ele>
      </trkpt>
      <trkpt lat="45.02575" lon="-72.10553">
        <ele>303.9</ele>
      </trkpt>
      <trkpt lat="45.02575" lon="-72.10554">
        <ele>303.9</ele>
      </trkpt>
      <trkpt lat="45.02595" lon="-72.10597">
        <ele>303.9</ele>
      </trkpt>
      <trkpt lat="45.02606" lon="-72.10615">
        <ele>303.9</ele>
      </trkpt>
      <trkpt lat="45.026179" lon="-72.10634">
        <ele>303.9</ele>
      </trkpt>
      <trkpt lat="45.0263" lon="-72.10653">
        <ele>303.9</ele>
      </trkpt>
      <trkpt lat="45.02633" lon="-72.106579">
        <ele>303.9</ele>
      </trkpt>
      <trkpt lat="45.02655" lon="-72.1069">
        <ele>303.7</ele>
      </trkpt>
      <trkpt lat="45.02669" lon="-72.10712">
        <ele>303.4</ele>
      </trkpt>
      <trkpt lat="45.027" lon="-72.10754">
        <ele>302.9</ele>
      </trkpt>
      <trkpt lat="45.02734" lon="-72.10793">
        <ele>302.8</ele>
      </trkpt>
      <trkpt lat="45.02741" lon="-72.108009">
        <ele>302.9</ele>
      </trkpt>
      <trkpt lat="45.02764" lon="-72.10821">
        <ele>303.1</ele>
      </trkpt>
      <trkpt lat="45.0278" lon="-72.10835">
        <ele>303.2</ele>
      </trkpt>
      <trkpt lat="45.0279" lon="-72.10844">
        <ele>303.3</ele>
      </trkpt>
      <trkpt lat="45.02795" lon="-72.10848">
        <ele>303.4</ele>
      </trkpt>
      <trkpt lat="45.02848" lon="-72.10901">
        <ele>303.9</ele>
      </trkpt>
      <trkpt lat="45.02869" lon="-72.1092">
        <ele>303.9</ele>
      </trkpt>
      <trkpt lat="45.02877" lon="-72.10927">
        <ele>303.9</ele>
      </trkpt>
      <trkpt lat="45.0291" lon="-72.10957">
        <ele>303.9</ele>
      </trkpt>
      <trkpt lat="45.02914" lon="-72.10962">
        <ele>304</ele>
      </trkpt>
      <trkpt lat="45.02941" lon="-72.10996">
        <ele>304.2</ele>
      </trkpt>
      <trkpt lat="45.02955" lon="-72.11012">
        <ele>304.4</ele>
      </trkpt>
      <trkpt lat="45.02987" lon="-72.110519">
        <ele>304.4</ele>
      </trkpt>
      <trkpt lat="45.02996" lon="-72.11061">
        <ele>304.3</ele>
      </trkpt>
      <trkpt lat="45.03025" lon="-72.110919">
        <ele>303.5</ele>
      </trkpt>
      <trkpt lat="45.0305" lon="-72.1112">
        <ele>302.6</ele>
      </trkpt>
      <trkpt lat="45.03084" lon="-72.1115">
        <ele>301.9</ele>
      </trkpt>
      <trkpt lat="45.03089" lon="-72.11155">
        <ele>301.9</ele>
      </trkpt>
      <trkpt lat="45.03102" lon="-72.11164">
        <ele>302</ele>
      </trkpt>
      <trkpt lat="45.03105" lon="-72.11165">
        <ele>302.1</ele>
      </trkpt>
      <trkpt lat="45.0315" lon="-72.111859">
        <ele>303.2</ele>
      </trkpt>
      <trkpt lat="45.031529" lon="-72.11187">
        <ele>303.2</ele>
      </trkpt>
      <trkpt lat="45.03188" lon="-72.112">
        <ele>303.4</ele>
      </trkpt>
      <trkpt lat="45.03223" lon="-72.11212">
        <ele>302.9</ele>
      </trkpt>
      <trkpt lat="45.03259" lon="-72.112219">
        <ele>302.4</ele>
      </trkpt>
      <trkpt lat="45.03282" lon="-72.11228">
        <ele>302.2</ele>
      </trkpt>
      <trkpt lat="45.03294" lon="-72.112309">
        <ele>302.3</ele>
      </trkpt>
      <trkpt lat="45.03311" lon="-72.11235">
        <ele>302.4</ele>
      </trkpt>
      <trkpt lat="45.03329" lon="-72.112399">
        <ele>302.5</ele>
      </trkpt>
      <trkpt lat="45.033679" lon="-72.11253">
        <ele>302.7</ele>
      </trkpt>
      <trkpt lat="45.03382" lon="-72.11258">
        <ele>302.6</ele>
      </trkpt>
      <trkpt lat="45.03429" lon="-72.11273">
        <ele>302</ele>
      </trkpt>
      <trkpt lat="45.03479" lon="-72.11279">
        <ele>301.6</ele>
      </trkpt>
      <trkpt lat="45.03488" lon="-72.112799">
        <ele>301.5</ele>
      </trkpt>
      <trkpt lat="45.03506" lon="-72.11282">
        <ele>301.4</ele>
      </trkpt>
      <trkpt lat="45.03524" lon="-72.11283">
        <ele>301.4</ele>
      </trkpt>
      <trkpt lat="45.03542" lon="-72.11285">
        <ele>301.3</ele>
      </trkpt>
      <trkpt lat="45.03578" lon="-72.112889">
        <ele>300.5</ele>
      </trkpt>
      <trkpt lat="45.03596" lon="-72.11291">
        <ele>299.8</ele>
      </trkpt>
      <trkpt lat="45.03614" lon="-72.11292">
        <ele>299.1</ele>
      </trkpt>
      <trkpt lat="45.03617" lon="-72.11293">
        <ele>298.9</ele>
      </trkpt>
      <trkpt lat="45.03667" lon="-72.11306">
        <ele>295.7</ele>
      </trkpt>
      <trkpt lat="45.03681" lon="-72.11309">
        <ele>295</ele>
      </trkpt>
      <trkpt lat="45.03702" lon="-72.113159">
        <ele>293.7</ele>
      </trkpt>
      <trkpt lat="45.0372" lon="-72.11321">
        <ele>292.9</ele>
      </trkpt>
      <trkpt lat="45.03737" lon="-72.11327">
        <ele>292</ele>
      </trkpt>
      <trkpt lat="45.03773" lon="-72.11337">
        <ele>290.6</ele>
      </trkpt>
      <trkpt lat="45.03773" lon="-72.11338">
        <ele>290.6</ele>
      </trkpt>
      <trkpt lat="45.03808" lon="-72.11347">
        <ele>289.4</ele>
      </trkpt>
      <trkpt lat="45.03826" lon="-72.11352">
        <ele>288.7</ele>
      </trkpt>
      <trkpt lat="45.03843" lon="-72.11356">
        <ele>288.2</ele>
      </trkpt>
      <trkpt lat="45.03862" lon="-72.11361">
        <ele>287.6</ele>
      </trkpt>
      <trkpt lat="45.03896" lon="-72.11371">
        <ele>285.9</ele>
      </trkpt>
      <trkpt lat="45.03914" lon="-72.11376">
        <ele>284.7</ele>
      </trkpt>
      <trkpt lat="45.03915" lon="-72.11376">
        <ele>284.6</ele>
      </trkpt>
      <trkpt lat="45.039319" lon="-72.11378">
        <ele>283.3</ele>
      </trkpt>
      <trkpt lat="45.039499" lon="-72.11379">
        <ele>281.8</ele>
      </trkpt>
      <trkpt lat="45.03964" lon="-72.11381">
        <ele>280.5</ele>
      </trkpt>
      <trkpt lat="45.03968" lon="-72.11381">
        <ele>280.1</ele>
      </trkpt>
      <trkpt lat="45.04004" lon="-72.11386">
        <ele>277.1</ele>
      </trkpt>
      <trkpt lat="45.04021" lon="-72.11388">
        <ele>276.1</ele>
      </trkpt>
      <trkpt lat="45.04055" lon="-72.11393">
        <ele>274.9</ele>
      </trkpt>
      <trkpt lat="45.04057" lon="-72.11393">
        <ele>274.9</ele>
      </trkpt>
      <trkpt lat="45.04093" lon="-72.11399">
        <ele>274.3</ele>
      </trkpt>
      <trkpt lat="45.04111" lon="-72.11402">
        <ele>274.2</ele>
      </trkpt>
      <trkpt lat="45.04123" lon="-72.11405">
        <ele>274.1</ele>
      </trkpt>
      <trkpt lat="45.041289" lon="-72.11406">
        <ele>274.1</ele>
      </trkpt>
      <trkpt lat="45.04164" lon="-72.11413">
        <ele>275</ele>
      </trkpt>
      <trkpt lat="45.04182" lon="-72.114189">
        <ele>275.9</ele>
      </trkpt>
      <trkpt lat="45.04187" lon="-72.11421">
        <ele>276.2</ele>
      </trkpt>
      <trkpt lat="45.04199" lon="-72.11426">
        <ele>277.1</ele>
      </trkpt>
      <trkpt lat="45.04216" lon="-72.11433">
        <ele>278.5</ele>
      </trkpt>
      <trkpt lat="45.04223" lon="-72.11435">
        <ele>279.1</ele>
      </trkpt>
      <trkpt lat="45.04233" lon="-72.11441">
        <ele>279.9</ele>
      </trkpt>
      <trkpt lat="45.04264" lon="-72.11457">
        <ele>282.5</ele>
      </trkpt>
      <trkpt lat="45.04267" lon="-72.11459">
        <ele>282.7</ele>
      </trkpt>
      <trkpt lat="45.04284" lon="-72.11468">
        <ele>284</ele>
      </trkpt>
      <trkpt lat="45.043" lon="-72.11478">
        <ele>285.3</ele>
      </trkpt>
      <trkpt lat="45.04333" lon="-72.11497">
        <ele>288</ele>
      </trkpt>
      <trkpt lat="45.04334" lon="-72.11497">
        <ele>288</ele>
      </trkpt>
      <trkpt lat="45.0435" lon="-72.11507">
        <ele>289.3</ele>
      </trkpt>
      <trkpt lat="45.04409" lon="-72.11543">
        <ele>292.6</ele>
      </trkpt>
      <trkpt lat="45.04409" lon="-72.11543">
        <ele>292.6</ele>
      </trkpt>
      <trkpt lat="45.04408" lon="-72.11582">
        <ele>291.2</ele>
      </trkpt>
      <trkpt lat="45.04408" lon="-72.11591">
        <ele>290.9</ele>
      </trkpt>
      <trkpt lat="45.04412" lon="-72.11684">
        <ele>288.6</ele>
      </trkpt>
      <trkpt lat="45.04412" lon="-72.11695">
        <ele>288.4</ele>
      </trkpt>
      <trkpt lat="45.04419" lon="-72.11836">
        <ele>284.1</ele>
      </trkpt>
      <trkpt lat="45.04419" lon="-72.11849">
        <ele>283.6</ele>
      </trkpt>
      <trkpt lat="45.04423" lon="-72.11886">
        <ele>282.3</ele>
      </trkpt>
      <trkpt lat="45.04424" lon="-72.11894">
        <ele>282.1</ele>
      </trkpt>
      <trkpt lat="45.0443" lon="-72.11933">
        <ele>280.5</ele>
      </trkpt>
      <trkpt lat="45.04436" lon="-72.11961">
        <ele>279.3</ele>
      </trkpt>
      <trkpt lat="45.04441" lon="-72.11985">
        <ele>278.2</ele>
      </trkpt>
      <trkpt lat="45.04444" lon="-72.11999">
        <ele>277.5</ele>
      </trkpt>
      <trkpt lat="45.04459" lon="-72.12057">
        <ele>275</ele>
      </trkpt>
      <trkpt lat="45.04464" lon="-72.12072">
        <ele>274.5</ele>
      </trkpt>
      <trkpt lat="45.045" lon="-72.121979">
        <ele>272.5</ele>
      </trkpt>
      <trkpt lat="45.04507" lon="-72.12222">
        <ele>271.4</ele>
      </trkpt>
      <trkpt lat="45.04521" lon="-72.12269">
        <ele>268.8</ele>
      </trkpt>
      <trkpt lat="45.04528" lon="-72.122919">
        <ele>267.7</ele>
      </trkpt>
      <trkpt lat="45.04534" lon="-72.12314">
        <ele>266.7</ele>
      </trkpt>
      <trkpt lat="45.04534" lon="-72.12316">
        <ele>266.6</ele>
      </trkpt>
      <trkpt lat="45.04537" lon="-72.12341">
        <ele>265.3</ele>
      </trkpt>
      <trkpt lat="45.04542" lon="-72.12381">
        <ele>263.4</ele>
      </trkpt>
      <trkpt lat="45.04547" lon="-72.12416">
        <ele>261.8</ele>
      </trkpt>
      <trkpt lat="45.04551" lon="-72.12441">
        <ele>260.8</ele>
      </trkpt>
      <trkpt lat="45.04554" lon="-72.12466">
        <ele>259.9</ele>
      </trkpt>
      <trkpt lat="45.04556" lon="-72.12477">
        <ele>259.6</ele>
      </trkpt>
      <trkpt lat="45.04563" lon="-72.12515">
        <ele>258.7</ele>
      </trkpt>
      <trkpt lat="45.04566" lon="-72.12531">
        <ele>258.4</ele>
      </trkpt>
      <trkpt lat="45.04574" lon="-72.12564">
        <ele>258.1</ele>
      </trkpt>
      <trkpt lat="45.04577" lon="-72.125739">
        <ele>258</ele>
      </trkpt>
      <trkpt lat="45.04582" lon="-72.12587">
        <ele>258.1</ele>
      </trkpt>
      <trkpt lat="45.04591" lon="-72.126099">
        <ele>258.1</ele>
      </trkpt>
      <trkpt lat="45.04601" lon="-72.1263">
        <ele>258.1</ele>
      </trkpt>
      <trkpt lat="45.04611" lon="-72.126499">
        <ele>257.7</ele>
      </trkpt>
      <trkpt lat="45.04616" lon="-72.1266">
        <ele>257.3</ele>
      </trkpt>
      <trkpt lat="45.04621" lon="-72.12672">
        <ele>256.6</ele>
      </trkpt>
      <trkpt lat="45.0463" lon="-72.12693">
        <ele>254.9</ele>
      </trkpt>
      <trkpt lat="45.0463" lon="-72.12694">
        <ele>254.8</ele>
      </trkpt>
      <trkpt lat="45.04641" lon="-72.12742">
        <ele>249.5</ele>
      </trkpt>
      <trkpt lat="45.04645" lon="-72.12761">
        <ele>247.7</ele>
      </trkpt>
      <trkpt lat="45.04647" lon="-72.12766">
        <ele>247.4</ele>
      </trkpt>
      <trkpt lat="45.04654" lon="-72.1279">
        <ele>245.8</ele>
      </trkpt>
      <trkpt lat="45.04658" lon="-72.12802">
        <ele>245.1</ele>
      </trkpt>
      <trkpt lat="45.046639" lon="-72.12818">
        <ele>244</ele>
      </trkpt>
      <trkpt lat="45.0467" lon="-72.12831">
        <ele>243.1</ele>
      </trkpt>
      <trkpt lat="45.04672" lon="-72.12833">
        <ele>242.9</ele>
      </trkpt>
      <trkpt lat="45.0468" lon="-72.12842">
        <ele>242.2</ele>
      </trkpt>
      <trkpt lat="45.04687" lon="-72.12848">
        <ele>241.7</ele>
      </trkpt>
      <trkpt lat="45.04701" lon="-72.12859">
        <ele>240.7</ele>
      </trkpt>
      <trkpt lat="45.04703" lon="-72.1286">
        <ele>240.6</ele>
      </trkpt>
      <trkpt lat="45.04733" lon="-72.12878">
        <ele>239.6</ele>
      </trkpt>
      <trkpt lat="45.04736" lon="-72.12879">
        <ele>239.6</ele>
      </trkpt>
      <trkpt lat="45.04753" lon="-72.12888">
        <ele>239.8</ele>
      </trkpt>
      <trkpt lat="45.04758" lon="-72.1289">
        <ele>240</ele>
      </trkpt>
      <trkpt lat="45.0477" lon="-72.12896">
        <ele>240.4</ele>
      </trkpt>
      <trkpt lat="45.04786" lon="-72.12905">
        <ele>241</ele>
      </trkpt>
      <trkpt lat="45.04787" lon="-72.12905">
        <ele>241.1</ele>
      </trkpt>
      <trkpt lat="45.04803" lon="-72.12915">
        <ele>241.4</ele>
      </trkpt>
      <trkpt lat="45.04816" lon="-72.12927">
        <ele>241</ele>
      </trkpt>
      <trkpt lat="45.04829" lon="-72.12939">
        <ele>240.2</ele>
      </trkpt>
      <trkpt lat="45.048409" lon="-72.12955">
        <ele>238.5</ele>
      </trkpt>
      <trkpt lat="45.04844" lon="-72.12964">
        <ele>237.4</ele>
      </trkpt>
      <trkpt lat="45.04849" lon="-72.12975">
        <ele>236</ele>
      </trkpt>
      <trkpt lat="45.04858" lon="-72.13">
        <ele>232.9</ele>
      </trkpt>
      <trkpt lat="45.04864" lon="-72.13022">
        <ele>230.2</ele>
      </trkpt>
      <trkpt lat="45.04869" lon="-72.13043">
        <ele>227.7</ele>
      </trkpt>
      <trkpt lat="45.04871" lon="-72.13058">
        <ele>225.9</ele>
      </trkpt>
      <trkpt lat="45.04871" lon="-72.1306">
        <ele>225.7</ele>
      </trkpt>
      <trkpt lat="45.04873" lon="-72.13081">
        <ele>223.2</ele>
      </trkpt>
      <trkpt lat="45.04875" lon="-72.13108">
        <ele>220</ele>
      </trkpt>
      <trkpt lat="45.04876" lon="-72.13129">
        <ele>217.6</ele>
      </trkpt>
      <trkpt lat="45.04878" lon="-72.13169">
        <ele>213.8</ele>
      </trkpt>
      <trkpt lat="45.0488" lon="-72.13236">
        <ele>210.3</ele>
      </trkpt>
      <trkpt lat="45.0488" lon="-72.13243">
        <ele>210</ele>
      </trkpt>
      <trkpt lat="45.04881" lon="-72.132859">
        <ele>208.2</ele>
      </trkpt>
      <trkpt lat="45.04882" lon="-72.13306">
        <ele>207.3</ele>
      </trkpt>
      <trkpt lat="45.04884" lon="-72.13394">
        <ele>203</ele>
      </trkpt>
      <trkpt lat="45.04887" lon="-72.13442">
        <ele>200.7</ele>
      </trkpt>
      <trkpt lat="45.04891" lon="-72.1348">
        <ele>199.1</ele>
      </trkpt>
      <trkpt lat="45.04894" lon="-72.13494">
        <ele>198.6</ele>
      </trkpt>
      <trkpt lat="45.04902" lon="-72.13534">
        <ele>197.2</ele>
      </trkpt>
      <trkpt lat="45.049079" lon="-72.13562">
        <ele>196.2</ele>
      </trkpt>
      <trkpt lat="45.04913" lon="-72.13583">
        <ele>195.2</ele>
      </trkpt>
      <trkpt lat="45.04918" lon="-72.13605">
        <ele>194.2</ele>
      </trkpt>
      <trkpt lat="45.04919" lon="-72.13611">
        <ele>193.9</ele>
      </trkpt>
      <trkpt lat="45.049259" lon="-72.136439">
        <ele>192.9</ele>
      </trkpt>
      <trkpt lat="45.04939" lon="-72.13709">
        <ele>193.7</ele>
      </trkpt>
      <trkpt lat="45.04939" lon="-72.13712">
        <ele>193.9</ele>
      </trkpt>
      <trkpt lat="45.04952" lon="-72.13778">
        <ele>196.5</ele>
      </trkpt>
      <trkpt lat="45.04958" lon="-72.13818">
        <ele>198</ele>
      </trkpt>
      <trkpt lat="45.0496" lon="-72.138319">
        <ele>198.5</ele>
      </trkpt>
      <trkpt lat="45.04962" lon="-72.13847">
        <ele>199.1</ele>
      </trkpt>
      <trkpt lat="45.04962" lon="-72.13847">
        <ele>199.1</ele>
      </trkpt>
      <trkpt lat="45.04963" lon="-72.13873">
        <ele>200.3</ele>
      </trkpt>
      <trkpt lat="45.04963" lon="-72.13883">
        <ele>200.8</ele>
      </trkpt>
      <trkpt lat="45.049639" lon="-72.13906">
        <ele>202</ele>
      </trkpt>
      <trkpt lat="45.04963" lon="-72.13924">
        <ele>203.1</ele>
      </trkpt>
      <trkpt lat="45.04963" lon="-72.13964">
        <ele>205.5</ele>
      </trkpt>
      <trkpt lat="45.04961" lon="-72.13984">
        <ele>206.7</ele>
      </trkpt>
      <trkpt lat="45.0496" lon="-72.14">
        <ele>207.6</ele>
      </trkpt>
      <trkpt lat="45.04959" lon="-72.14017">
        <ele>208.3</ele>
      </trkpt>
      <trkpt lat="45.04959" lon="-72.14025">
        <ele>208.6</ele>
      </trkpt>
      <trkpt lat="45.04958" lon="-72.14035">
        <ele>209</ele>
      </trkpt>
      <trkpt lat="45.04955" lon="-72.14072">
        <ele>210.1</ele>
      </trkpt>
      <trkpt lat="45.04954" lon="-72.14086">
        <ele>210.4</ele>
      </trkpt>
      <trkpt lat="45.0495" lon="-72.14136">
        <ele>211.6</ele>
      </trkpt>
      <trkpt lat="45.04948" lon="-72.14152">
        <ele>211.9</ele>
      </trkpt>
      <trkpt lat="45.04947" lon="-72.14161">
        <ele>212</ele>
      </trkpt>
      <trkpt lat="45.04944" lon="-72.14186">
        <ele>212.3</ele>
      </trkpt>
      <trkpt lat="45.04942" lon="-72.14202">
        <ele>212.3</ele>
      </trkpt>
      <trkpt lat="45.0494" lon="-72.142259">
        <ele>212.4</ele>
      </trkpt>
      <trkpt lat="45.04937" lon="-72.14252">
        <ele>212.6</ele>
      </trkpt>
      <trkpt lat="45.049349" lon="-72.142619">
        <ele>212.7</ele>
      </trkpt>
      <trkpt lat="45.04933" lon="-72.14277">
        <ele>212.8</ele>
      </trkpt>
      <trkpt lat="45.04932" lon="-72.14291">
        <ele>213</ele>
      </trkpt>
      <trkpt lat="45.04929" lon="-72.14312">
        <ele>213.2</ele>
      </trkpt>
      <trkpt lat="45.04927" lon="-72.14327">
        <ele>213.3</ele>
      </trkpt>
      <trkpt lat="45.04924" lon="-72.14348">
        <ele>213.3</ele>
      </trkpt>
      <trkpt lat="45.04923" lon="-72.14352">
        <ele>213.3</ele>
      </trkpt>
      <trkpt lat="45.04921" lon="-72.14387">
        <ele>213.4</ele>
      </trkpt>
      <trkpt lat="45.0492" lon="-72.14403">
        <ele>213.7</ele>
      </trkpt>
      <trkpt lat="45.04916" lon="-72.14455">
        <ele>217.1</ele>
      </trkpt>
      <trkpt lat="45.049169" lon="-72.14463">
        <ele>218</ele>
      </trkpt>
      <trkpt lat="45.04918" lon="-72.14479">
        <ele>220</ele>
      </trkpt>
      <trkpt lat="45.0492" lon="-72.14498">
        <ele>222.4</ele>
      </trkpt>
      <trkpt lat="45.04923" lon="-72.14529">
        <ele>226</ele>
      </trkpt>
      <trkpt lat="45.04923" lon="-72.14536">
        <ele>226.7</ele>
      </trkpt>
      <trkpt lat="45.04924" lon="-72.14539">
        <ele>227.1</ele>
      </trkpt>
      <trkpt lat="45.04928" lon="-72.14561">
        <ele>229.3</ele>
      </trkpt>
      <trkpt lat="45.04933" lon="-72.14578">
        <ele>231</ele>
      </trkpt>
      <trkpt lat="45.04933" lon="-72.1458">
        <ele>231.2</ele>
      </trkpt>
      <trkpt lat="45.04945" lon="-72.146019">
        <ele>233.7</ele>
      </trkpt>
      <trkpt lat="45.04958" lon="-72.14618">
        <ele>235.8</ele>
      </trkpt>
      <trkpt lat="45.04969" lon="-72.14624">
        <ele>236.9</ele>
      </trkpt>
      <trkpt lat="45.049729" lon="-72.14626">
        <ele>237.3</ele>
      </trkpt>
      <trkpt lat="45.04979" lon="-72.146289">
        <ele>237.9</ele>
      </trkpt>
      <trkpt lat="45.04985" lon="-72.14631">
        <ele>238.5</ele>
      </trkpt>
      <trkpt lat="45.05008" lon="-72.14637">
        <ele>240.3</ele>
      </trkpt>
      <trkpt lat="45.050109" lon="-72.146379">
        <ele>240.5</ele>
      </trkpt>
      <trkpt lat="45.05015" lon="-72.14639">
        <ele>240.8</ele>
      </trkpt>
      <trkpt lat="45.05032" lon="-72.14646">
        <ele>242.1</ele>
      </trkpt>
      <trkpt lat="45.05043" lon="-72.1465">
        <ele>242.8</ele>
      </trkpt>
      <trkpt lat="45.05046" lon="-72.14651">
        <ele>243</ele>
      </trkpt>
      <trkpt lat="45.0506" lon="-72.14657">
        <ele>243.9</ele>
      </trkpt>
      <trkpt lat="45.05075" lon="-72.14664">
        <ele>244.7</ele>
      </trkpt>
      <trkpt lat="45.05084" lon="-72.14668">
        <ele>245.2</ele>
      </trkpt>
      <trkpt lat="45.05094" lon="-72.14674">
        <ele>245.8</ele>
      </trkpt>
      <trkpt lat="45.0511" lon="-72.14682">
        <ele>246.7</ele>
      </trkpt>
      <trkpt lat="45.05128" lon="-72.14692">
        <ele>248</ele>
      </trkpt>
      <trkpt lat="45.05134" lon="-72.14695">
        <ele>248.5</ele>
      </trkpt>
      <trkpt lat="45.051609" lon="-72.14709">
        <ele>250.7</ele>
      </trkpt>
      <trkpt lat="45.05189" lon="-72.14722">
        <ele>253.2</ele>
      </trkpt>
      <trkpt lat="45.05198" lon="-72.14726">
        <ele>254</ele>
      </trkpt>
      <trkpt lat="45.05213" lon="-72.14733">
        <ele>255.3</ele>
      </trkpt>
      <trkpt lat="45.05241" lon="-72.14746">
        <ele>257.7</ele>
      </trkpt>
      <trkpt lat="45.05258" lon="-72.14755">
        <ele>259</ele>
      </trkpt>
      <trkpt lat="45.052639" lon="-72.14758">
        <ele>259.5</ele>
      </trkpt>
      <trkpt lat="45.05291" lon="-72.14773">
        <ele>261.4</ele>
      </trkpt>
      <trkpt lat="45.05297" lon="-72.14776">
        <ele>261.8</ele>
      </trkpt>
      <trkpt lat="45.05301" lon="-72.14778">
        <ele>262</ele>
      </trkpt>
      <trkpt lat="45.05314" lon="-72.14786">
        <ele>262.8</ele>
      </trkpt>
      <trkpt lat="45.05324" lon="-72.14792">
        <ele>263.4</ele>
      </trkpt>
      <trkpt lat="45.05326" lon="-72.14793">
        <ele>263.5</ele>
      </trkpt>
      <trkpt lat="45.0533" lon="-72.14796">
        <ele>263.7</ele>
      </trkpt>
      <trkpt lat="45.05339" lon="-72.14802">
        <ele>264.1</ele>
      </trkpt>
      <trkpt lat="45.0534" lon="-72.14804">
        <ele>264.1</ele>
      </trkpt>
      <trkpt lat="45.053489" lon="-72.14816">
        <ele>264.5</ele>
      </trkpt>
      <trkpt lat="45.05362" lon="-72.14843">
        <ele>265.1</ele>
      </trkpt>
      <trkpt lat="45.05365" lon="-72.14852">
        <ele>265.2</ele>
      </trkpt>
      <trkpt lat="45.0537" lon="-72.14867">
        <ele>265.4</ele>
      </trkpt>
      <trkpt lat="45.0537" lon="-72.14868">
        <ele>265.4</ele>
      </trkpt>
      <trkpt lat="45.05375" lon="-72.14891">
        <ele>265.5</ele>
      </trkpt>
      <trkpt lat="45.05377" lon="-72.149">
        <ele>265.6</ele>
      </trkpt>
      <trkpt lat="45.05379" lon="-72.14906">
        <ele>265.7</ele>
      </trkpt>
      <trkpt lat="45.05383" lon="-72.14941">
        <ele>265.9</ele>
      </trkpt>
      <trkpt lat="45.05384" lon="-72.14945">
        <ele>266</ele>
      </trkpt>
      <trkpt lat="45.05384" lon="-72.1495">
        <ele>266</ele>
      </trkpt>
      <trkpt lat="45.05392" lon="-72.1503">
        <ele>266.6</ele>
      </trkpt>
      <trkpt lat="45.05394" lon="-72.15051">
        <ele>266.8</ele>
      </trkpt>
      <trkpt lat="45.05399" lon="-72.15088">
        <ele>267.4</ele>
      </trkpt>
      <trkpt lat="45.05402" lon="-72.151169">
        <ele>267.9</ele>
      </trkpt>
      <trkpt lat="45.05403" lon="-72.151259">
        <ele>268.1</ele>
      </trkpt>
      <trkpt lat="45.05404" lon="-72.15138">
        <ele>268.3</ele>
      </trkpt>
      <trkpt lat="45.05406" lon="-72.15151">
        <ele>268.5</ele>
      </trkpt>
      <trkpt lat="45.05408" lon="-72.15167">
        <ele>268.8</ele>
      </trkpt>
      <trkpt lat="45.05409" lon="-72.15176">
        <ele>268.9</ele>
      </trkpt>
      <trkpt lat="45.0541" lon="-72.15184">
        <ele>269.1</ele>
      </trkpt>
      <trkpt lat="45.05413" lon="-72.15208">
        <ele>269.4</ele>
      </trkpt>
      <trkpt lat="45.05417" lon="-72.15226">
        <ele>269.8</ele>
      </trkpt>
      <trkpt lat="45.0542" lon="-72.15242">
        <ele>270.1</ele>
      </trkpt>
      <trkpt lat="45.05422" lon="-72.1525">
        <ele>270.2</ele>
      </trkpt>
      <trkpt lat="45.05425" lon="-72.15266">
        <ele>270.5</ele>
      </trkpt>
      <trkpt lat="45.05426" lon="-72.15272">
        <ele>270.6</ele>
      </trkpt>
      <trkpt lat="45.05426" lon="-72.15275">
        <ele>270.6</ele>
      </trkpt>
      <trkpt lat="45.05431" lon="-72.15299">
        <ele>271</ele>
      </trkpt>
      <trkpt lat="45.05435" lon="-72.15318">
        <ele>271.3</ele>
      </trkpt>
      <trkpt lat="45.05436" lon="-72.15324">
        <ele>271.4</ele>
      </trkpt>
      <trkpt lat="45.05439" lon="-72.1534">
        <ele>271.6</ele>
      </trkpt>
      <trkpt lat="45.05445" lon="-72.15373">
        <ele>272</ele>
      </trkpt>
      <trkpt lat="45.05445" lon="-72.15378">
        <ele>272</ele>
      </trkpt>
      <trkpt lat="45.0545" lon="-72.15415">
        <ele>272.3</ele>
      </trkpt>
      <trkpt lat="45.05451" lon="-72.1542">
        <ele>272.3</ele>
      </trkpt>
      <trkpt lat="45.05451" lon="-72.15424">
        <ele>272.3</ele>
      </trkpt>
      <trkpt lat="45.054519" lon="-72.15449">
        <ele>272.4</ele>
      </trkpt>
      <trkpt lat="45.05453" lon="-72.15462">
        <ele>272.4</ele>
      </trkpt>
      <trkpt lat="45.05453" lon="-72.15465">
        <ele>272.4</ele>
      </trkpt>
      <trkpt lat="45.05454" lon="-72.15491">
        <ele>272.4</ele>
      </trkpt>
      <trkpt lat="45.05454" lon="-72.15516">
        <ele>272.5</ele>
      </trkpt>
      <trkpt lat="45.05455" lon="-72.15525">
        <ele>272.5</ele>
      </trkpt>
      <trkpt lat="45.05455" lon="-72.155289">
        <ele>272.5</ele>
      </trkpt>
      <trkpt lat="45.05455" lon="-72.15542">
        <ele>272.6</ele>
      </trkpt>
      <trkpt lat="45.05455" lon="-72.15551">
        <ele>272.6</ele>
      </trkpt>
      <trkpt lat="45.05455" lon="-72.15567">
        <ele>272.7</ele>
      </trkpt>
      <trkpt lat="45.05456" lon="-72.15592">
        <ele>272.8</ele>
      </trkpt>
      <trkpt lat="45.05456" lon="-72.15618">
        <ele>272.9</ele>
      </trkpt>
      <trkpt lat="45.05457" lon="-72.15638">
        <ele>272.9</ele>
      </trkpt>
      <trkpt lat="45.05456" lon="-72.15685">
        <ele>273</ele>
      </trkpt>
      <trkpt lat="45.05456" lon="-72.15694">
        <ele>273</ele>
      </trkpt>
      <trkpt lat="45.05454" lon="-72.1572">
        <ele>273.1</ele>
      </trkpt>
      <trkpt lat="45.05454" lon="-72.157259">
        <ele>273.2</ele>
      </trkpt>
      <trkpt lat="45.0545" lon="-72.15762">
        <ele>273.4</ele>
      </trkpt>
      <trkpt lat="45.05449" lon="-72.1577">
        <ele>273.4</ele>
      </trkpt>
      <trkpt lat="45.05446" lon="-72.15795">
        <ele>273.6</ele>
      </trkpt>
      <trkpt lat="45.05442" lon="-72.158199">
        <ele>273.7</ele>
      </trkpt>
      <trkpt lat="45.0544" lon="-72.15834">
        <ele>273.8</ele>
      </trkpt>
      <trkpt lat="45.05436" lon="-72.1587">
        <ele>273.9</ele>
      </trkpt>
      <trkpt lat="45.05433" lon="-72.15895">
        <ele>273.9</ele>
      </trkpt>
      <trkpt lat="45.05429" lon="-72.1592">
        <ele>273.9</ele>
      </trkpt>
      <trkpt lat="45.05427" lon="-72.15939">
        <ele>273.9</ele>
      </trkpt>
      <trkpt lat="45.05426" lon="-72.15945">
        <ele>273.9</ele>
      </trkpt>
      <trkpt lat="45.054229" lon="-72.15971">
        <ele>273.9</ele>
      </trkpt>
      <trkpt lat="45.05418" lon="-72.16021">
        <ele>273.9</ele>
      </trkpt>
      <trkpt lat="45.05415" lon="-72.16042">
        <ele>273.9</ele>
      </trkpt>
      <trkpt lat="45.05408" lon="-72.16096">
        <ele>273.9</ele>
      </trkpt>
      <trkpt lat="45.054049" lon="-72.16125">
        <ele>273.9</ele>
      </trkpt>
      <trkpt lat="45.05401" lon="-72.16146">
        <ele>273.9</ele>
      </trkpt>
      <trkpt lat="45.05398" lon="-72.16171">
        <ele>273.9</ele>
      </trkpt>
      <trkpt lat="45.05394" lon="-72.161959">
        <ele>273.9</ele>
      </trkpt>
      <trkpt lat="45.05393" lon="-72.16203">
        <ele>273.9</ele>
      </trkpt>
      <trkpt lat="45.05387" lon="-72.16246">
        <ele>273.9</ele>
      </trkpt>
      <trkpt lat="45.05384" lon="-72.16271">
        <ele>273.9</ele>
      </trkpt>
      <trkpt lat="45.05377" lon="-72.16321">
        <ele>273.9</ele>
      </trkpt>
      <trkpt lat="45.05372" lon="-72.16353">
        <ele>273.9</ele>
      </trkpt>
      <trkpt lat="45.05371" lon="-72.16371">
        <ele>273.9</ele>
      </trkpt>
      <trkpt lat="45.05368" lon="-72.16396">
        <ele>273.9</ele>
      </trkpt>
      <trkpt lat="45.05362" lon="-72.16456">
        <ele>273.9</ele>
      </trkpt>
      <trkpt lat="45.05362" lon="-72.16472">
        <ele>273.9</ele>
      </trkpt>
      <trkpt lat="45.05359" lon="-72.165229">
        <ele>273.9</ele>
      </trkpt>
      <trkpt lat="45.053579" lon="-72.16544">
        <ele>273.9</ele>
      </trkpt>
      <trkpt lat="45.05354" lon="-72.16624">
        <ele>273.9</ele>
      </trkpt>
      <trkpt lat="45.05354" lon="-72.16625">
        <ele>273.9</ele>
      </trkpt>
      <trkpt lat="45.05354" lon="-72.1665">
        <ele>273.9</ele>
      </trkpt>
      <trkpt lat="45.05354" lon="-72.166749">
        <ele>273.9</ele>
      </trkpt>
      <trkpt lat="45.05353" lon="-72.16698">
        <ele>273.9</ele>
      </trkpt>
      <trkpt lat="45.05353" lon="-72.16701">
        <ele>273.9</ele>
      </trkpt>
      <trkpt lat="45.05354" lon="-72.167509">
        <ele>273.9</ele>
      </trkpt>
      <trkpt lat="45.05354" lon="-72.16752">
        <ele>273.9</ele>
      </trkpt>
      <trkpt lat="45.05353" lon="-72.16777">
        <ele>273.9</ele>
      </trkpt>
      <trkpt lat="45.05352" lon="-72.16828">
        <ele>273.9</ele>
      </trkpt>
      <trkpt lat="45.05352" lon="-72.16828">
        <ele>273.9</ele>
      </trkpt>
      <trkpt lat="45.05298" lon="-72.16816">
        <ele>273.9</ele>
      </trkpt>
      <trkpt lat="45.05281" lon="-72.16812">
        <ele>273.9</ele>
      </trkpt>
      <trkpt lat="45.05271" lon="-72.1681">
        <ele>273.9</ele>
      </trkpt>
      <trkpt lat="45.05245" lon="-72.16802">
        <ele>273.9</ele>
      </trkpt>
      <trkpt lat="45.0521" lon="-72.16791">
        <ele>273.9</ele>
      </trkpt>
      <trkpt lat="45.05176" lon="-72.16781">
        <ele>273.9</ele>
      </trkpt>
      <trkpt lat="45.05158" lon="-72.16775">
        <ele>273.9</ele>
      </trkpt>
      <trkpt lat="45.051319" lon="-72.16766">
        <ele>273.9</ele>
      </trkpt>
      <trkpt lat="45.05106" lon="-72.16754">
        <ele>273.9</ele>
      </trkpt>
      <trkpt lat="45.05037" lon="-72.16722">
        <ele>273.9</ele>
      </trkpt>
      <trkpt lat="45.04969" lon="-72.16691">
        <ele>273.9</ele>
      </trkpt>
      <trkpt lat="45.04952" lon="-72.16683">
        <ele>273.9</ele>
      </trkpt>
      <trkpt lat="45.04853" lon="-72.16637">
        <ele>273.9</ele>
      </trkpt>
      <trkpt lat="45.04853" lon="-72.16637">
        <ele>273.9</ele>
      </trkpt>
      <trkpt lat="45.04852" lon="-72.16652">
        <ele>273.9</ele>
      </trkpt>
      <trkpt lat="45.04851" lon="-72.16663">
        <ele>273.9</ele>
      </trkpt>
      <trkpt lat="45.0485" lon="-72.16677">
        <ele>273.9</ele>
      </trkpt>
      <trkpt lat="45.04843" lon="-72.16753">
        <ele>273.9</ele>
      </trkpt>
      <trkpt lat="45.048409" lon="-72.167779">
        <ele>273.9</ele>
      </trkpt>
      <trkpt lat="45.0484" lon="-72.16789">
        <ele>273.9</ele>
      </trkpt>
      <trkpt lat="45.0484" lon="-72.16794">
        <ele>273.9</ele>
      </trkpt>
      <trkpt lat="45.04839" lon="-72.16803">
        <ele>273.9</ele>
      </trkpt>
      <trkpt lat="45.04837" lon="-72.16829">
        <ele>273.9</ele>
      </trkpt>
      <trkpt lat="45.04835" lon="-72.16839">
        <ele>273.9</ele>
      </trkpt>
      <trkpt lat="45.04834" lon="-72.168539">
        <ele>273.9</ele>
      </trkpt>
      <trkpt lat="45.04833" lon="-72.16865">
        <ele>273.9</ele>
      </trkpt>
      <trkpt lat="45.048319" lon="-72.16879">
        <ele>273.9</ele>
      </trkpt>
      <trkpt lat="45.0483" lon="-72.168899">
        <ele>273.9</ele>
      </trkpt>
      <trkpt lat="45.04829" lon="-72.169">
        <ele>273.9</ele>
      </trkpt>
      <trkpt lat="45.04826" lon="-72.16955">
        <ele>273.9</ele>
      </trkpt>
      <trkpt lat="45.04825" lon="-72.169659">
        <ele>273.9</ele>
      </trkpt>
      <trkpt lat="45.04825" lon="-72.1698">
        <ele>273.9</ele>
      </trkpt>
      <trkpt lat="45.04824" lon="-72.16985">
        <ele>273.9</ele>
      </trkpt>
      <trkpt lat="45.04824" lon="-72.16991">
        <ele>273.9</ele>
      </trkpt>
      <trkpt lat="45.04824" lon="-72.17006">
        <ele>273.9</ele>
      </trkpt>
      <trkpt lat="45.048229" lon="-72.17017">
        <ele>273.9</ele>
      </trkpt>
      <trkpt lat="45.048229" lon="-72.17031">
        <ele>273.9</ele>
      </trkpt>
      <trkpt lat="45.04822" lon="-72.17057">
        <ele>273.9</ele>
      </trkpt>
      <trkpt lat="45.04821" lon="-72.17068">
        <ele>273.9</ele>
      </trkpt>
      <trkpt lat="45.04821" lon="-72.17082">
        <ele>273.9</ele>
      </trkpt>
      <trkpt lat="45.0482" lon="-72.17107">
        <ele>273.9</ele>
      </trkpt>
      <trkpt lat="45.04819" lon="-72.17144">
        <ele>273.9</ele>
      </trkpt>
      <trkpt lat="45.04817" lon="-72.17184">
        <ele>273.9</ele>
      </trkpt>
      <trkpt lat="45.04817" lon="-72.17195">
        <ele>273.9</ele>
      </trkpt>
      <trkpt lat="45.04817" lon="-72.17209">
        <ele>273.9</ele>
      </trkpt>
      <trkpt lat="45.04815" lon="-72.1726">
        <ele>273.9</ele>
      </trkpt>
      <trkpt lat="45.04813" lon="-72.17322">
        <ele>273.9</ele>
      </trkpt>
      <trkpt lat="45.04812" lon="-72.17336">
        <ele>273.9</ele>
      </trkpt>
      <trkpt lat="45.04812" lon="-72.17347">
        <ele>273.9</ele>
      </trkpt>
      <trkpt lat="45.04811" lon="-72.17362">
        <ele>273.9</ele>
      </trkpt>
      <trkpt lat="45.04811" lon="-72.17373">
        <ele>273.9</ele>
      </trkpt>
      <trkpt lat="45.0481" lon="-72.173869">
        <ele>273.9</ele>
      </trkpt>
      <trkpt lat="45.04809" lon="-72.17412">
        <ele>273.9</ele>
      </trkpt>
      <trkpt lat="45.04809" lon="-72.17424">
        <ele>273.9</ele>
      </trkpt>
      <trkpt lat="45.04809" lon="-72.17438">
        <ele>273.9</ele>
      </trkpt>
      <trkpt lat="45.04809" lon="-72.17449">
        <ele>273.9</ele>
      </trkpt>
      <trkpt lat="45.04809" lon="-72.174629">
        <ele>273.9</ele>
      </trkpt>
      <trkpt lat="45.04809" lon="-72.17474">
        <ele>273.9</ele>
      </trkpt>
      <trkpt lat="45.04808" lon="-72.17489">
        <ele>273.9</ele>
      </trkpt>
      <trkpt lat="45.04808" lon="-72.175">
        <ele>273.9</ele>
      </trkpt>
      <trkpt lat="45.04808" lon="-72.1754">
        <ele>273.9</ele>
      </trkpt>
      <trkpt lat="45.04808" lon="-72.17551">
        <ele>273.9</ele>
      </trkpt>
      <trkpt lat="45.04807" lon="-72.17565">
        <ele>273.9</ele>
      </trkpt>
      <trkpt lat="45.04807" lon="-72.17576">
        <ele>273.9</ele>
      </trkpt>
      <trkpt lat="45.04807" lon="-72.17591">
        <ele>273.9</ele>
      </trkpt>
      <trkpt lat="45.04807" lon="-72.17602">
        <ele>273.9</ele>
      </trkpt>
      <trkpt lat="45.04807" lon="-72.17616">
        <ele>273.9</ele>
      </trkpt>
      <trkpt lat="45.04807" lon="-72.1762">
        <ele>273.9</ele>
      </trkpt>
      <trkpt lat="45.04806" lon="-72.17653">
        <ele>273.9</ele>
      </trkpt>
      <trkpt lat="45.04806" lon="-72.176779">
        <ele>273.9</ele>
      </trkpt>
      <trkpt lat="45.04806" lon="-72.17704">
        <ele>273.9</ele>
      </trkpt>
      <trkpt lat="45.04806" lon="-72.17718">
        <ele>273.9</ele>
      </trkpt>
      <trkpt lat="45.04806" lon="-72.17729">
        <ele>273.9</ele>
      </trkpt>
      <trkpt lat="45.04806" lon="-72.17743">
        <ele>273.9</ele>
      </trkpt>
      <trkpt lat="45.04806" lon="-72.177539">
        <ele>273.9</ele>
      </trkpt>
      <trkpt lat="45.04806" lon="-72.1778">
        <ele>273.9</ele>
      </trkpt>
      <trkpt lat="45.04806" lon="-72.17794">
        <ele>273.9</ele>
      </trkpt>
      <trkpt lat="45.04806" lon="-72.17805">
        <ele>273.9</ele>
      </trkpt>
      <trkpt lat="45.04806" lon="-72.1782">
        <ele>273.9</ele>
      </trkpt>
      <trkpt lat="45.04806" lon="-72.17831">
        <ele>273.9</ele>
      </trkpt>
      <trkpt lat="45.04806" lon="-72.17845">
        <ele>273.9</ele>
      </trkpt>
      <trkpt lat="45.04806" lon="-72.17856">
        <ele>273.9</ele>
      </trkpt>
      <trkpt lat="45.04806" lon="-72.17871">
        <ele>273.9</ele>
      </trkpt>
      <trkpt lat="45.04806" lon="-72.17882">
        <ele>273.9</ele>
      </trkpt>
      <trkpt lat="45.04806" lon="-72.17896">
        <ele>273.9</ele>
      </trkpt>
      <trkpt lat="45.04806" lon="-72.17907">
        <ele>273.9</ele>
      </trkpt>
      <trkpt lat="45.04806" lon="-72.17922">
        <ele>273.9</ele>
      </trkpt>
      <trkpt lat="45.04806" lon="-72.17923">
        <ele>273.9</ele>
      </trkpt>
      <trkpt lat="45.04806" lon="-72.179329">
        <ele>273.9</ele>
      </trkpt>
      <trkpt lat="45.04806" lon="-72.17947">
        <ele>273.9</ele>
      </trkpt>
      <trkpt lat="45.04806" lon="-72.17958">
        <ele>273.9</ele>
      </trkpt>
      <trkpt lat="45.04806" lon="-72.18009">
        <ele>273.8</ele>
      </trkpt>
      <trkpt lat="45.04807" lon="-72.18024">
        <ele>273.6</ele>
      </trkpt>
      <trkpt lat="45.04807" lon="-72.18035">
        <ele>273.5</ele>
      </trkpt>
      <trkpt lat="45.04807" lon="-72.18049">
        <ele>273.4</ele>
      </trkpt>
      <trkpt lat="45.04807" lon="-72.1806">
        <ele>273.2</ele>
      </trkpt>
      <trkpt lat="45.04807" lon="-72.18074">
        <ele>273.1</ele>
      </trkpt>
      <trkpt lat="45.04807" lon="-72.181">
        <ele>272.8</ele>
      </trkpt>
      <trkpt lat="45.04807" lon="-72.18111">
        <ele>272.7</ele>
      </trkpt>
      <trkpt lat="45.04807" lon="-72.18125">
        <ele>272.5</ele>
      </trkpt>
      <trkpt lat="45.04807" lon="-72.18136">
        <ele>272.5</ele>
      </trkpt>
      <trkpt lat="45.04808" lon="-72.18151">
        <ele>272.3</ele>
      </trkpt>
      <trkpt lat="45.04808" lon="-72.18162">
        <ele>272.3</ele>
      </trkpt>
      <trkpt lat="45.04808" lon="-72.18167">
        <ele>272.2</ele>
      </trkpt>
      <trkpt lat="45.04808" lon="-72.18176">
        <ele>272.1</ele>
      </trkpt>
      <trkpt lat="45.04807" lon="-72.18202">
        <ele>271.9</ele>
      </trkpt>
      <trkpt lat="45.04807" lon="-72.18213">
        <ele>271.8</ele>
      </trkpt>
      <trkpt lat="45.04807" lon="-72.18227">
        <ele>271.6</ele>
      </trkpt>
      <trkpt lat="45.04807" lon="-72.18238">
        <ele>271.4</ele>
      </trkpt>
      <trkpt lat="45.04807" lon="-72.18264">
        <ele>270.8</ele>
      </trkpt>
      <trkpt lat="45.04807" lon="-72.182779">
        <ele>270.4</ele>
      </trkpt>
      <trkpt lat="45.04807" lon="-72.18304">
        <ele>268.7</ele>
      </trkpt>
      <trkpt lat="45.04807" lon="-72.18315">
        <ele>267.6</ele>
      </trkpt>
      <trkpt lat="45.04807" lon="-72.1834">
        <ele>263.9</ele>
      </trkpt>
      <trkpt lat="45.04806" lon="-72.18436">
        <ele>243.6</ele>
      </trkpt>
      <trkpt lat="45.04806" lon="-72.18442">
        <ele>243.1</ele>
      </trkpt>
      <trkpt lat="45.04806" lon="-72.18456">
        <ele>242.3</ele>
      </trkpt>
      <trkpt lat="45.04806" lon="-72.18467">
        <ele>242</ele>
      </trkpt>
      <trkpt lat="45.04807" lon="-72.18482">
        <ele>242</ele>
      </trkpt>
      <trkpt lat="45.04807" lon="-72.18507">
        <ele>242.3</ele>
      </trkpt>
      <trkpt lat="45.04807" lon="-72.18518">
        <ele>242.5</ele>
      </trkpt>
      <trkpt lat="45.04807" lon="-72.185329">
        <ele>242.6</ele>
      </trkpt>
      <trkpt lat="45.04807" lon="-72.18558">
        <ele>242.7</ele>
      </trkpt>
      <trkpt lat="45.04807" lon="-72.185689">
        <ele>242.8</ele>
      </trkpt>
      <trkpt lat="45.04807" lon="-72.18595">
        <ele>242.7</ele>
      </trkpt>
      <trkpt lat="45.04807" lon="-72.18634">
        <ele>242.8</ele>
      </trkpt>
      <trkpt lat="45.04807" lon="-72.18671">
        <ele>243.1</ele>
      </trkpt>
      <trkpt lat="45.04807" lon="-72.18685">
        <ele>243.2</ele>
      </trkpt>
      <trkpt lat="45.04807" lon="-72.18696">
        <ele>243.4</ele>
      </trkpt>
      <trkpt lat="45.04808" lon="-72.18722">
        <ele>243.8</ele>
      </trkpt>
      <trkpt lat="45.04808" lon="-72.18764">
        <ele>244.3</ele>
      </trkpt>
      <trkpt lat="45.04808" lon="-72.18798">
        <ele>244.5</ele>
      </trkpt>
      <trkpt lat="45.04808" lon="-72.18838">
        <ele>244.6</ele>
      </trkpt>
      <trkpt lat="45.04808" lon="-72.18849">
        <ele>244.7</ele>
      </trkpt>
      <trkpt lat="45.04808" lon="-72.18889">
        <ele>245.1</ele>
      </trkpt>
      <trkpt lat="45.04808" lon="-72.188999">
        <ele>245.3</ele>
      </trkpt>
      <trkpt lat="45.04808" lon="-72.19002">
        <ele>247.3</ele>
      </trkpt>
      <trkpt lat="45.04807" lon="-72.19016">
        <ele>247.6</ele>
      </trkpt>
      <trkpt lat="45.04807" lon="-72.19053">
        <ele>248.4</ele>
      </trkpt>
      <trkpt lat="45.04807" lon="-72.19067">
        <ele>248.8</ele>
      </trkpt>
      <trkpt lat="45.04807" lon="-72.19123">
        <ele>250.5</ele>
      </trkpt>
      <trkpt lat="45.04807" lon="-72.19129">
        <ele>250.7</ele>
      </trkpt>
      <trkpt lat="45.04807" lon="-72.19144">
        <ele>251.4</ele>
      </trkpt>
      <trkpt lat="45.04806" lon="-72.1918">
        <ele>253.5</ele>
      </trkpt>
      <trkpt lat="45.04804" lon="-72.1922">
        <ele>256.6</ele>
      </trkpt>
      <trkpt lat="45.04804" lon="-72.19231">
        <ele>257.5</ele>
      </trkpt>
      <trkpt lat="45.04804" lon="-72.19237">
        <ele>257.9</ele>
      </trkpt>
      <trkpt lat="45.04804" lon="-72.192449">
        <ele>258.5</ele>
      </trkpt>
      <trkpt lat="45.04804" lon="-72.19282">
        <ele>260.9</ele>
      </trkpt>
      <trkpt lat="45.04805" lon="-72.19305">
        <ele>262</ele>
      </trkpt>
      <trkpt lat="45.04805" lon="-72.19305">
        <ele>262</ele>
      </trkpt>
      <trkpt lat="45.04718" lon="-72.19273">
        <ele>265</ele>
      </trkpt>
      <trkpt lat="45.047" lon="-72.19267">
        <ele>265.3</ele>
      </trkpt>
      <trkpt lat="45.046909" lon="-72.19264">
        <ele>265.4</ele>
      </trkpt>
      <trkpt lat="45.04665" lon="-72.19257">
        <ele>265.9</ele>
      </trkpt>
      <trkpt lat="45.0462" lon="-72.192539">
        <ele>267.7</ele>
      </trkpt>
      <trkpt lat="45.04611" lon="-72.192539">
        <ele>268.1</ele>
      </trkpt>
      <trkpt lat="45.04557" lon="-72.19253">
        <ele>269.1</ele>
      </trkpt>
      <trkpt lat="45.04521" lon="-72.19252">
        <ele>268.3</ele>
      </trkpt>
      <trkpt lat="45.045029" lon="-72.19251">
        <ele>267.5</ele>
      </trkpt>
      <trkpt lat="45.044849" lon="-72.19251">
        <ele>266.7</ele>
      </trkpt>
      <trkpt lat="45.04431" lon="-72.1925">
        <ele>263.9</ele>
      </trkpt>
      <trkpt lat="45.04395" lon="-72.19249">
        <ele>263</ele>
      </trkpt>
      <trkpt lat="45.04359" lon="-72.19248">
        <ele>263.2</ele>
      </trkpt>
      <trkpt lat="45.04309" lon="-72.19247">
        <ele>264</ele>
      </trkpt>
      <trkpt lat="45.04291" lon="-72.19247">
        <ele>264.3</ele>
      </trkpt>
      <trkpt lat="45.04273" lon="-72.19248">
        <ele>264.6</ele>
      </trkpt>
      <trkpt lat="45.042319" lon="-72.19248">
        <ele>265.1</ele>
      </trkpt>
      <trkpt lat="45.04214" lon="-72.19248">
        <ele>265.3</ele>
      </trkpt>
      <trkpt lat="45.04196" lon="-72.19248">
        <ele>265.6</ele>
      </trkpt>
      <trkpt lat="45.04178" lon="-72.19248">
        <ele>265.9</ele>
      </trkpt>
      <trkpt lat="45.0416" lon="-72.19248">
        <ele>266.2</ele>
      </trkpt>
      <trkpt lat="45.04144" lon="-72.19248">
        <ele>266.5</ele>
      </trkpt>
      <trkpt lat="45.04106" lon="-72.19246">
        <ele>267.3</ele>
      </trkpt>
      <trkpt lat="45.04088" lon="-72.192449">
        <ele>267.6</ele>
      </trkpt>
      <trkpt lat="45.0407" lon="-72.19244">
        <ele>267.9</ele>
      </trkpt>
      <trkpt lat="45.0398" lon="-72.19239">
        <ele>269.1</ele>
      </trkpt>
      <trkpt lat="45.03944" lon="-72.19237">
        <ele>269.8</ele>
      </trkpt>
      <trkpt lat="45.03926" lon="-72.192359">
        <ele>270.2</ele>
      </trkpt>
      <trkpt lat="45.03909" lon="-72.19235">
        <ele>270.6</ele>
      </trkpt>
      <trkpt lat="45.0389" lon="-72.19235">
        <ele>270.9</ele>
      </trkpt>
      <trkpt lat="45.03794" lon="-72.19232">
        <ele>272.8</ele>
      </trkpt>
      <trkpt lat="45.03782" lon="-72.19232">
        <ele>273.1</ele>
      </trkpt>
      <trkpt lat="45.03728" lon="-72.19233">
        <ele>273.9</ele>
      </trkpt>
      <trkpt lat="45.03677" lon="-72.19235">
        <ele>273.9</ele>
      </trkpt>
      <trkpt lat="45.03674" lon="-72.19234">
        <ele>273.9</ele>
      </trkpt>
      <trkpt lat="45.03638" lon="-72.19233">
        <ele>273.9</ele>
      </trkpt>
      <trkpt lat="45.03608" lon="-72.19232">
        <ele>273.9</ele>
      </trkpt>
      <trkpt lat="45.035649" lon="-72.19226">
        <ele>273.9</ele>
      </trkpt>
      <trkpt lat="45.03521" lon="-72.19214">
        <ele>273.9</ele>
      </trkpt>
      <trkpt lat="45.03514" lon="-72.19211">
        <ele>273.9</ele>
      </trkpt>
      <trkpt lat="45.03497" lon="-72.19203">
        <ele>273.9</ele>
      </trkpt>
      <trkpt lat="45.0348" lon="-72.19195">
        <ele>273.9</ele>
      </trkpt>
      <trkpt lat="45.03451" lon="-72.19183">
        <ele>273.9</ele>
      </trkpt>
      <trkpt lat="45.03429" lon="-72.1917">
        <ele>273.9</ele>
      </trkpt>
      <trkpt lat="45.03395" lon="-72.191509">
        <ele>273.9</ele>
      </trkpt>
      <trkpt lat="45.03383" lon="-72.19144">
        <ele>273.9</ele>
      </trkpt>
      <trkpt lat="45.03379" lon="-72.19141">
        <ele>273.9</ele>
      </trkpt>
      <trkpt lat="45.03325" lon="-72.19108">
        <ele>272.8</ele>
      </trkpt>
      <trkpt lat="45.033029" lon="-72.19099">
        <ele>271</ele>
      </trkpt>
      <trkpt lat="45.03295" lon="-72.19096">
        <ele>270.2</ele>
      </trkpt>
      <trkpt lat="45.03278" lon="-72.19089">
        <ele>268.4</ele>
      </trkpt>
      <trkpt lat="45.03264" lon="-72.19083">
        <ele>266.9</ele>
      </trkpt>
      <trkpt lat="45.03261" lon="-72.1908">
        <ele>266.6</ele>
      </trkpt>
      <trkpt lat="45.03242" lon="-72.19066">
        <ele>265</ele>
      </trkpt>
      <trkpt lat="45.03229" lon="-72.19056">
        <ele>263.9</ele>
      </trkpt>
      <trkpt lat="45.03213" lon="-72.19044">
        <ele>262.7</ele>
      </trkpt>
      <trkpt lat="45.03198" lon="-72.19032">
        <ele>261.6</ele>
      </trkpt>
      <trkpt lat="45.03191" lon="-72.19027">
        <ele>261.1</ele>
      </trkpt>
      <trkpt lat="45.03182" lon="-72.19019">
        <ele>260.5</ele>
      </trkpt>
      <trkpt lat="45.03166" lon="-72.19007">
        <ele>259.3</ele>
      </trkpt>
      <trkpt lat="45.03151" lon="-72.18994">
        <ele>258.3</ele>
      </trkpt>
      <trkpt lat="45.031239" lon="-72.18971">
        <ele>256.6</ele>
      </trkpt>
      <trkpt lat="45.03104" lon="-72.18955">
        <ele>255.3</ele>
      </trkpt>
      <trkpt lat="45.03089" lon="-72.18941">
        <ele>254.2</ele>
      </trkpt>
      <trkpt lat="45.03074" lon="-72.18928">
        <ele>253</ele>
      </trkpt>
      <trkpt lat="45.03028" lon="-72.18887">
        <ele>248.5</ele>
      </trkpt>
      <trkpt lat="45.03022" lon="-72.18882">
        <ele>247.9</ele>
      </trkpt>
      <trkpt lat="45.02966" lon="-72.18836">
        <ele>243.3</ele>
      </trkpt>
      <trkpt lat="45.02958" lon="-72.1883">
        <ele>242.9</ele>
      </trkpt>
      <trkpt lat="45.02934" lon="-72.18813">
        <ele>242.4</ele>
      </trkpt>
      <trkpt lat="45.02926" lon="-72.18807">
        <ele>242.3</ele>
      </trkpt>
      <trkpt lat="45.02923" lon="-72.18804">
        <ele>242.3</ele>
      </trkpt>
      <trkpt lat="45.0291" lon="-72.18797">
        <ele>242.4</ele>
      </trkpt>
      <trkpt lat="45.02885" lon="-72.18782">
        <ele>242.9</ele>
      </trkpt>
      <trkpt lat="45.0286" lon="-72.18768">
        <ele>243.7</ele>
      </trkpt>
      <trkpt lat="45.02851" lon="-72.18763">
        <ele>244.1</ele>
      </trkpt>
      <trkpt lat="45.02827" lon="-72.187479">
        <ele>245.2</ele>
      </trkpt>
      <trkpt lat="45.02826" lon="-72.18747">
        <ele>245.3</ele>
      </trkpt>
      <trkpt lat="45.02818" lon="-72.18744">
        <ele>245.6</ele>
      </trkpt>
      <trkpt lat="45.02784" lon="-72.18727">
        <ele>247.4</ele>
      </trkpt>
      <trkpt lat="45.02758" lon="-72.18718">
        <ele>248.4</ele>
      </trkpt>
      <trkpt lat="45.02751" lon="-72.18716">
        <ele>248.6</ele>
      </trkpt>
      <trkpt lat="45.02749" lon="-72.18715">
        <ele>248.7</ele>
      </trkpt>
      <trkpt lat="45.02687" lon="-72.18701">
        <ele>249.6</ele>
      </trkpt>
      <trkpt lat="45.02648" lon="-72.18693">
        <ele>249.8</ele>
      </trkpt>
      <trkpt lat="45.02642" lon="-72.18691">
        <ele>249.9</ele>
      </trkpt>
      <trkpt lat="45.02637" lon="-72.1869">
        <ele>249.9</ele>
      </trkpt>
      <trkpt lat="45.02625" lon="-72.18688">
        <ele>250</ele>
      </trkpt>
      <trkpt lat="45.02619" lon="-72.18687">
        <ele>250.1</ele>
      </trkpt>
      <trkpt lat="45.025889" lon="-72.18682">
        <ele>250.3</ele>
      </trkpt>
      <trkpt lat="45.02583" lon="-72.18681">
        <ele>250.4</ele>
      </trkpt>
      <trkpt lat="45.02581" lon="-72.1868">
        <ele>250.4</ele>
      </trkpt>
      <trkpt lat="45.025709" lon="-72.18679">
        <ele>250.5</ele>
      </trkpt>
      <trkpt lat="45.02512" lon="-72.18671">
        <ele>250.9</ele>
      </trkpt>
      <trkpt lat="45.02499" lon="-72.18669">
        <ele>251</ele>
      </trkpt>
      <trkpt lat="45.02476" lon="-72.18666">
        <ele>251.1</ele>
      </trkpt>
      <trkpt lat="45.02446" lon="-72.18662">
        <ele>251.2</ele>
      </trkpt>
      <trkpt lat="45.02303" lon="-72.18642">
        <ele>251.8</ele>
      </trkpt>
      <trkpt lat="45.02297" lon="-72.18641">
        <ele>251.8</ele>
      </trkpt>
      <trkpt lat="45.02261" lon="-72.186359">
        <ele>251.7</ele>
      </trkpt>
      <trkpt lat="45.02232" lon="-72.18633">
        <ele>251.6</ele>
      </trkpt>
      <trkpt lat="45.02221" lon="-72.18632">
        <ele>251.5</ele>
      </trkpt>
      <trkpt lat="45.02179" lon="-72.18624">
        <ele>251.6</ele>
      </trkpt>
      <trkpt lat="45.02169" lon="-72.18622">
        <ele>251.6</ele>
      </trkpt>
      <trkpt lat="45.02161" lon="-72.1862">
        <ele>251.7</ele>
      </trkpt>
      <trkpt lat="45.02126" lon="-72.18612">
        <ele>252</ele>
      </trkpt>
      <trkpt lat="45.02108" lon="-72.18607">
        <ele>252.2</ele>
      </trkpt>
      <trkpt lat="45.02068" lon="-72.18598">
        <ele>252.7</ele>
      </trkpt>
      <trkpt lat="45.02055" lon="-72.18594">
        <ele>253</ele>
      </trkpt>
      <trkpt lat="45.02029" lon="-72.18587">
        <ele>253.4</ele>
      </trkpt>
      <trkpt lat="45.02019" lon="-72.18585">
        <ele>253.6</ele>
      </trkpt>
      <trkpt lat="45.02001" lon="-72.18582">
        <ele>253.9</ele>
      </trkpt>
      <trkpt lat="45.01966" lon="-72.18576">
        <ele>254.5</ele>
      </trkpt>
      <trkpt lat="45.01966" lon="-72.18576">
        <ele>254.5</ele>
      </trkpt>
      <trkpt lat="45.01971" lon="-72.18588">
        <ele>254.1</ele>
      </trkpt>
      <trkpt lat="45.01972" lon="-72.18599">
        <ele>253.8</ele>
      </trkpt>
      <trkpt lat="45.01973" lon="-72.18604">
        <ele>253.7</ele>
      </trkpt>
      <trkpt lat="45.01973" lon="-72.18605">
        <ele>253.7</ele>
      </trkpt>
      <trkpt lat="45.01973" lon="-72.18647">
        <ele>252.7</ele>
      </trkpt>
      <trkpt lat="45.01973" lon="-72.1866">
        <ele>252.4</ele>
      </trkpt>
      <trkpt lat="45.01971" lon="-72.18675">
        <ele>252.1</ele>
      </trkpt>
      <trkpt lat="45.01971" lon="-72.18681">
        <ele>251.9</ele>
      </trkpt>
      <trkpt lat="45.0197" lon="-72.18697">
        <ele>251.6</ele>
      </trkpt>
      <trkpt lat="45.01968" lon="-72.18726">
        <ele>250.9</ele>
      </trkpt>
      <trkpt lat="45.01967" lon="-72.18731">
        <ele>250.8</ele>
      </trkpt>
      <trkpt lat="45.01966" lon="-72.18751">
        <ele>250.3</ele>
      </trkpt>
      <trkpt lat="45.01965" lon="-72.18756">
        <ele>250.2</ele>
      </trkpt>
      <trkpt lat="45.01965" lon="-72.18764">
        <ele>250</ele>
      </trkpt>
      <trkpt lat="45.01966" lon="-72.18801">
        <ele>249</ele>
      </trkpt>
      <trkpt lat="45.01966" lon="-72.18807">
        <ele>248.8</ele>
      </trkpt>
      <trkpt lat="45.01966" lon="-72.18811">
        <ele>248.7</ele>
      </trkpt>
      <trkpt lat="45.0197" lon="-72.18847">
        <ele>247.6</ele>
      </trkpt>
      <trkpt lat="45.01971" lon="-72.18852">
        <ele>247.4</ele>
      </trkpt>
      <trkpt lat="45.01972" lon="-72.18857">
        <ele>247.2</ele>
      </trkpt>
      <trkpt lat="45.01977" lon="-72.18884">
        <ele>246.3</ele>
      </trkpt>
      <trkpt lat="45.01982" lon="-72.18925">
        <ele>244.9</ele>
      </trkpt>
      <trkpt lat="45.01985" lon="-72.18951">
        <ele>244.1</ele>
      </trkpt>
      <trkpt lat="45.01985" lon="-72.18957">
        <ele>243.9</ele>
      </trkpt>
      <trkpt lat="45.01986" lon="-72.18968">
        <ele>243.6</ele>
      </trkpt>
      <trkpt lat="45.01982" lon="-72.1901">
        <ele>242.9</ele>
      </trkpt>
      <trkpt lat="45.01976" lon="-72.190569">
        <ele>242.9</ele>
      </trkpt>
      <trkpt lat="45.01974" lon="-72.19067">
        <ele>242.9</ele>
      </trkpt>
      <trkpt lat="45.01967" lon="-72.19101">
        <ele>242.9</ele>
      </trkpt>
      <trkpt lat="45.01966" lon="-72.19107">
        <ele>242.9</ele>
      </trkpt>
      <trkpt lat="45.01963" lon="-72.19121">
        <ele>242.9</ele>
      </trkpt>
      <trkpt lat="45.019509" lon="-72.19173">
        <ele>242.9</ele>
      </trkpt>
      <trkpt lat="45.01938" lon="-72.19221">
        <ele>242.9</ele>
      </trkpt>
      <trkpt lat="45.01936" lon="-72.192269">
        <ele>242.9</ele>
      </trkpt>
      <trkpt lat="45.01929" lon="-72.19253">
        <ele>242.9</ele>
      </trkpt>
      <trkpt lat="45.01922" lon="-72.192939">
        <ele>242.9</ele>
      </trkpt>
      <trkpt lat="45.01921" lon="-72.193">
        <ele>242.9</ele>
      </trkpt>
      <trkpt lat="45.019129" lon="-72.19343">
        <ele>242.9</ele>
      </trkpt>
      <trkpt lat="45.019129" lon="-72.19344">
        <ele>242.9</ele>
      </trkpt>
      <trkpt lat="45.019129" lon="-72.19349">
        <ele>242.9</ele>
      </trkpt>
      <trkpt lat="45.019129" lon="-72.19391">
        <ele>242.9</ele>
      </trkpt>
      <trkpt lat="45.019129" lon="-72.19394">
        <ele>242.9</ele>
      </trkpt>
      <trkpt lat="45.01914" lon="-72.194">
        <ele>242.9</ele>
      </trkpt>
      <trkpt lat="45.01914" lon="-72.19425">
        <ele>242.9</ele>
      </trkpt>
      <trkpt lat="45.01915" lon="-72.194329">
        <ele>242.9</ele>
      </trkpt>
      <trkpt lat="45.0192" lon="-72.19469">
        <ele>242.9</ele>
      </trkpt>
      <trkpt lat="45.01921" lon="-72.19475">
        <ele>242.9</ele>
      </trkpt>
      <trkpt lat="45.01921" lon="-72.19476">
        <ele>242.9</ele>
      </trkpt>
      <trkpt lat="45.019329" lon="-72.19523">
        <ele>242.9</ele>
      </trkpt>
      <trkpt lat="45.01938" lon="-72.19542">
        <ele>242.9</ele>
      </trkpt>
      <trkpt lat="45.01945" lon="-72.19571">
        <ele>242.9</ele>
      </trkpt>
      <trkpt lat="45.0195" lon="-72.1959">
        <ele>242.9</ele>
      </trkpt>
      <trkpt lat="45.0195" lon="-72.19591">
        <ele>242.9</ele>
      </trkpt>
      <trkpt lat="45.019509" lon="-72.19595">
        <ele>242.9</ele>
      </trkpt>
      <trkpt lat="45.01958" lon="-72.19619">
        <ele>242.9</ele>
      </trkpt>
      <trkpt lat="45.019599" lon="-72.19627">
        <ele>242.9</ele>
      </trkpt>
      <trkpt lat="45.01964" lon="-72.19643">
        <ele>242.9</ele>
      </trkpt>
      <trkpt lat="45.01971" lon="-72.19666">
        <ele>242.9</ele>
      </trkpt>
      <trkpt lat="45.01984" lon="-72.19714">
        <ele>242.9</ele>
      </trkpt>
      <trkpt lat="45.02024" lon="-72.19856">
        <ele>242.9</ele>
      </trkpt>
      <trkpt lat="45.02028" lon="-72.1987">
        <ele>242.9</ele>
      </trkpt>
      <trkpt lat="45.02028" lon="-72.1987">
        <ele>242.9</ele>
      </trkpt>
      <trkpt lat="45.02072" lon="-72.20031">
        <ele>242.9</ele>
      </trkpt>
      <trkpt lat="45.02076" lon="-72.20045">
        <ele>242.9</ele>
      </trkpt>
      <trkpt lat="45.020829" lon="-72.20067">
        <ele>242.9</ele>
      </trkpt>
      <trkpt lat="45.02096" lon="-72.20116">
        <ele>242.9</ele>
      </trkpt>
      <trkpt lat="45.02103" lon="-72.20142">
        <ele>242.9</ele>
      </trkpt>
      <trkpt lat="45.021099" lon="-72.20179">
        <ele>242.9</ele>
      </trkpt>
      <trkpt lat="45.0212" lon="-72.20239">
        <ele>242.9</ele>
      </trkpt>
      <trkpt lat="45.02122" lon="-72.20249">
        <ele>242.9</ele>
      </trkpt>
      <trkpt lat="45.02123" lon="-72.20264">
        <ele>242.9</ele>
      </trkpt>
      <trkpt lat="45.02126" lon="-72.20289">
        <ele>242.9</ele>
      </trkpt>
      <trkpt lat="45.02127" lon="-72.20305">
        <ele>242.9</ele>
      </trkpt>
      <trkpt lat="45.02128" lon="-72.20339">
        <ele>242.9</ele>
      </trkpt>
      <trkpt lat="45.02129" lon="-72.20359">
        <ele>242.9</ele>
      </trkpt>
      <trkpt lat="45.02128" lon="-72.2039">
        <ele>243.1</ele>
      </trkpt>
      <trkpt lat="45.02127" lon="-72.20441">
        <ele>243.3</ele>
      </trkpt>
      <trkpt lat="45.02126" lon="-72.204669">
        <ele>243.3</ele>
      </trkpt>
      <trkpt lat="45.02124" lon="-72.205029">
        <ele>243.2</ele>
      </trkpt>
      <trkpt lat="45.02122" lon="-72.20568">
        <ele>243.2</ele>
      </trkpt>
      <trkpt lat="45.02121" lon="-72.20594">
        <ele>243.2</ele>
      </trkpt>
      <trkpt lat="45.0212" lon="-72.20612">
        <ele>243.2</ele>
      </trkpt>
      <trkpt lat="45.02116" lon="-72.20644">
        <ele>243.2</ele>
      </trkpt>
      <trkpt lat="45.02114" lon="-72.20657">
        <ele>243.2</ele>
      </trkpt>
      <trkpt lat="45.02112" lon="-72.20669">
        <ele>243.1</ele>
      </trkpt>
      <trkpt lat="45.02108" lon="-72.20693">
        <ele>243</ele>
      </trkpt>
      <trkpt lat="45.02102" lon="-72.20727">
        <ele>242.9</ele>
      </trkpt>
      <trkpt lat="45.02099" lon="-72.20743">
        <ele>242.9</ele>
      </trkpt>
      <trkpt lat="45.02095" lon="-72.20769">
        <ele>242.9</ele>
      </trkpt>
      <trkpt lat="45.020919" lon="-72.20793">
        <ele>242.9</ele>
      </trkpt>
      <trkpt lat="45.02089" lon="-72.208119">
        <ele>242.9</ele>
      </trkpt>
      <trkpt lat="45.02087" lon="-72.20845">
        <ele>242.2</ele>
      </trkpt>
      <trkpt lat="45.02086" lon="-72.20869">
        <ele>241.2</ele>
      </trkpt>
      <trkpt lat="45.02085" lon="-72.2089">
        <ele>240</ele>
      </trkpt>
      <trkpt lat="45.02085" lon="-72.20894">
        <ele>239.8</ele>
      </trkpt>
      <trkpt lat="45.02086" lon="-72.20919">
        <ele>238.2</ele>
      </trkpt>
      <trkpt lat="45.02086" lon="-72.20926">
        <ele>237.7</ele>
      </trkpt>
      <trkpt lat="45.02088" lon="-72.20965">
        <ele>235.4</ele>
      </trkpt>
      <trkpt lat="45.02089" lon="-72.2097">
        <ele>235.1</ele>
      </trkpt>
      <trkpt lat="45.02093" lon="-72.2103">
        <ele>231.6</ele>
      </trkpt>
      <trkpt lat="45.02098" lon="-72.211">
        <ele>227.3</ele>
      </trkpt>
      <trkpt lat="45.02103" lon="-72.21136">
        <ele>225.2</ele>
      </trkpt>
      <trkpt lat="45.02109" lon="-72.21171">
        <ele>223.1</ele>
      </trkpt>
      <trkpt lat="45.02122" lon="-72.212">
        <ele>221.4</ele>
      </trkpt>
      <trkpt lat="45.02143" lon="-72.21237">
        <ele>219</ele>
      </trkpt>
      <trkpt lat="45.021569" lon="-72.21257">
        <ele>217.7</ele>
      </trkpt>
      <trkpt lat="45.02158" lon="-72.21258">
        <ele>217.6</ele>
      </trkpt>
      <trkpt lat="45.02199" lon="-72.21313">
        <ele>215</ele>
      </trkpt>
      <trkpt lat="45.02203" lon="-72.21318">
        <ele>214.8</ele>
      </trkpt>
      <trkpt lat="45.02213" lon="-72.21329">
        <ele>214.6</ele>
      </trkpt>
      <trkpt lat="45.02241" lon="-72.2136">
        <ele>213.9</ele>
      </trkpt>
      <trkpt lat="45.02245" lon="-72.21364">
        <ele>213.8</ele>
      </trkpt>
      <trkpt lat="45.02255" lon="-72.21373">
        <ele>213.6</ele>
      </trkpt>
      <trkpt lat="45.0226" lon="-72.21378">
        <ele>213.5</ele>
      </trkpt>
      <trkpt lat="45.02267" lon="-72.21383">
        <ele>213.4</ele>
      </trkpt>
      <trkpt lat="45.02283" lon="-72.213939">
        <ele>213.1</ele>
      </trkpt>
      <trkpt lat="45.0231" lon="-72.21409">
        <ele>212.8</ele>
      </trkpt>
      <trkpt lat="45.02312" lon="-72.2141">
        <ele>212.8</ele>
      </trkpt>
      <trkpt lat="45.02335" lon="-72.2142">
        <ele>212.7</ele>
      </trkpt>
      <trkpt lat="45.02353" lon="-72.21428">
        <ele>212.7</ele>
      </trkpt>
      <trkpt lat="45.0237" lon="-72.21432">
        <ele>212.6</ele>
      </trkpt>
      <trkpt lat="45.02381" lon="-72.21434">
        <ele>212.6</ele>
      </trkpt>
      <trkpt lat="45.02389" lon="-72.21435">
        <ele>212.6</ele>
      </trkpt>
      <trkpt lat="45.02397" lon="-72.21437">
        <ele>212.6</ele>
      </trkpt>
      <trkpt lat="45.02449" lon="-72.21431">
        <ele>212.6</ele>
      </trkpt>
      <trkpt lat="45.02502" lon="-72.21424">
        <ele>212.9</ele>
      </trkpt>
      <trkpt lat="45.02534" lon="-72.21419">
        <ele>213.7</ele>
      </trkpt>
      <trkpt lat="45.02556" lon="-72.21417">
        <ele>214.7</ele>
      </trkpt>
      <trkpt lat="45.0261" lon="-72.21411">
        <ele>219.3</ele>
      </trkpt>
      <trkpt lat="45.0266" lon="-72.21406">
        <ele>223.9</ele>
      </trkpt>
      <trkpt lat="45.02699" lon="-72.21402">
        <ele>226.6</ele>
      </trkpt>
      <trkpt lat="45.02717" lon="-72.214">
        <ele>227.5</ele>
      </trkpt>
      <trkpt lat="45.02735" lon="-72.21398">
        <ele>228.3</ele>
      </trkpt>
      <trkpt lat="45.02752" lon="-72.21396">
        <ele>229.1</ele>
      </trkpt>
      <trkpt lat="45.02792" lon="-72.213939">
        <ele>230.5</ele>
      </trkpt>
      <trkpt lat="45.02839" lon="-72.21395">
        <ele>231.6</ele>
      </trkpt>
      <trkpt lat="45.02869" lon="-72.21402">
        <ele>231.9</ele>
      </trkpt>
      <trkpt lat="45.02897" lon="-72.21414">
        <ele>231.9</ele>
      </trkpt>
      <trkpt lat="45.029089" lon="-72.21419">
        <ele>231.9</ele>
      </trkpt>
      <trkpt lat="45.02914" lon="-72.21421">
        <ele>231.9</ele>
      </trkpt>
      <trkpt lat="45.02935" lon="-72.21436">
        <ele>231.8</ele>
      </trkpt>
      <trkpt lat="45.02941" lon="-72.21441">
        <ele>231.7</ele>
      </trkpt>
      <trkpt lat="45.02957" lon="-72.21454">
        <ele>231.6</ele>
      </trkpt>
      <trkpt lat="45.02958" lon="-72.21455">
        <ele>231.6</ele>
      </trkpt>
      <trkpt lat="45.02971" lon="-72.21469">
        <ele>231.4</ele>
      </trkpt>
      <trkpt lat="45.02977" lon="-72.21475">
        <ele>231.3</ele>
      </trkpt>
      <trkpt lat="45.02985" lon="-72.21486">
        <ele>231.2</ele>
      </trkpt>
      <trkpt lat="45.02989" lon="-72.21491">
        <ele>231.1</ele>
      </trkpt>
      <trkpt lat="45.02997" lon="-72.21504">
        <ele>230.9</ele>
      </trkpt>
      <trkpt lat="45.03006" lon="-72.21518">
        <ele>230.7</ele>
      </trkpt>
      <trkpt lat="45.03017" lon="-72.21538">
        <ele>230.3</ele>
      </trkpt>
      <trkpt lat="45.0302" lon="-72.21543">
        <ele>230.2</ele>
      </trkpt>
      <trkpt lat="45.03034" lon="-72.21569">
        <ele>229.8</ele>
      </trkpt>
      <trkpt lat="45.03053" lon="-72.21608">
        <ele>229</ele>
      </trkpt>
      <trkpt lat="45.03072" lon="-72.21648">
        <ele>228.3</ele>
      </trkpt>
      <trkpt lat="45.03078" lon="-72.21662">
        <ele>228.2</ele>
      </trkpt>
      <trkpt lat="45.03102" lon="-72.21711">
        <ele>227.8</ele>
      </trkpt>
      <trkpt lat="45.03107" lon="-72.2172">
        <ele>227.8</ele>
      </trkpt>
      <trkpt lat="45.03112" lon="-72.21732">
        <ele>227.7</ele>
      </trkpt>
      <trkpt lat="45.03125" lon="-72.21757">
        <ele>227.3</ele>
      </trkpt>
      <trkpt lat="45.03145" lon="-72.21793">
        <ele>226.7</ele>
      </trkpt>
      <trkpt lat="45.03149" lon="-72.218">
        <ele>226.6</ele>
      </trkpt>
      <trkpt lat="45.0316" lon="-72.21815">
        <ele>226.3</ele>
      </trkpt>
      <trkpt lat="45.0317" lon="-72.21825">
        <ele>226.2</ele>
      </trkpt>
      <trkpt lat="45.03172" lon="-72.21826">
        <ele>226.2</ele>
      </trkpt>
      <trkpt lat="45.03191" lon="-72.21839">
        <ele>226.2</ele>
      </trkpt>
      <trkpt lat="45.03205" lon="-72.21848">
        <ele>226.3</ele>
      </trkpt>
      <trkpt lat="45.03236" lon="-72.218639">
        <ele>226.5</ele>
      </trkpt>
      <trkpt lat="45.03263" lon="-72.21878">
        <ele>226.7</ele>
      </trkpt>
      <trkpt lat="45.03272" lon="-72.218819">
        <ele>226.8</ele>
      </trkpt>
      <trkpt lat="45.03289" lon="-72.218909">
        <ele>226.9</ele>
      </trkpt>
      <trkpt lat="45.03301" lon="-72.21896">
        <ele>227</ele>
      </trkpt>
      <trkpt lat="45.03323" lon="-72.21908">
        <ele>227.1</ele>
      </trkpt>
      <trkpt lat="45.03327" lon="-72.2191">
        <ele>227.2</ele>
      </trkpt>
      <trkpt lat="45.03339" lon="-72.21917">
        <ele>227.2</ele>
      </trkpt>
      <trkpt lat="45.03355" lon="-72.21927">
        <ele>227.4</ele>
      </trkpt>
      <trkpt lat="45.03356" lon="-72.21927">
        <ele>227.4</ele>
      </trkpt>
      <trkpt lat="45.03372" lon="-72.21937">
        <ele>227.6</ele>
      </trkpt>
      <trkpt lat="45.03388" lon="-72.21947">
        <ele>227.9</ele>
      </trkpt>
      <trkpt lat="45.03389" lon="-72.21947">
        <ele>227.9</ele>
      </trkpt>
      <trkpt lat="45.03405" lon="-72.2196">
        <ele>228.2</ele>
      </trkpt>
      <trkpt lat="45.03407" lon="-72.21962">
        <ele>228.2</ele>
      </trkpt>
      <trkpt lat="45.0342" lon="-72.21973">
        <ele>228.5</ele>
      </trkpt>
      <trkpt lat="45.03433" lon="-72.21984">
        <ele>228.8</ele>
      </trkpt>
      <trkpt lat="45.03435" lon="-72.21986">
        <ele>228.8</ele>
      </trkpt>
      <trkpt lat="45.03451" lon="-72.22">
        <ele>229.3</ele>
      </trkpt>
      <trkpt lat="45.034529" lon="-72.22002">
        <ele>229.4</ele>
      </trkpt>
      <trkpt lat="45.03481" lon="-72.22026">
        <ele>230.4</ele>
      </trkpt>
      <trkpt lat="45.03485" lon="-72.2203">
        <ele>230.5</ele>
      </trkpt>
      <trkpt lat="45.03497" lon="-72.22039">
        <ele>230.9</ele>
      </trkpt>
      <trkpt lat="45.03512" lon="-72.220519">
        <ele>231.3</ele>
      </trkpt>
      <trkpt lat="45.03524" lon="-72.22062">
        <ele>231.5</ele>
      </trkpt>
      <trkpt lat="45.03553" lon="-72.22089">
        <ele>232.2</ele>
      </trkpt>
      <trkpt lat="45.03558" lon="-72.22094">
        <ele>232.4</ele>
      </trkpt>
      <trkpt lat="45.03573" lon="-72.2211">
        <ele>233</ele>
      </trkpt>
      <trkpt lat="45.035939" lon="-72.22136">
        <ele>233.9</ele>
      </trkpt>
      <trkpt lat="45.03607" lon="-72.22153">
        <ele>234.5</ele>
      </trkpt>
      <trkpt lat="45.036209" lon="-72.22169">
        <ele>235.1</ele>
      </trkpt>
      <trkpt lat="45.03643" lon="-72.22197">
        <ele>235.8</ele>
      </trkpt>
      <trkpt lat="45.03658" lon="-72.22212">
        <ele>236</ele>
      </trkpt>
      <trkpt lat="45.03661" lon="-72.22216">
        <ele>236.1</ele>
      </trkpt>
      <trkpt lat="45.03674" lon="-72.22232">
        <ele>236.3</ele>
      </trkpt>
      <trkpt lat="45.03676" lon="-72.22234">
        <ele>236.3</ele>
      </trkpt>
      <trkpt lat="45.03698" lon="-72.22269">
        <ele>236.8</ele>
      </trkpt>
      <trkpt lat="45.03699" lon="-72.2227">
        <ele>236.8</ele>
      </trkpt>
      <trkpt lat="45.0371" lon="-72.2229">
        <ele>237</ele>
      </trkpt>
      <trkpt lat="45.03722" lon="-72.22309">
        <ele>237.2</ele>
      </trkpt>
      <trkpt lat="45.03724" lon="-72.22314">
        <ele>237.2</ele>
      </trkpt>
      <trkpt lat="45.03732" lon="-72.22329">
        <ele>237.3</ele>
      </trkpt>
      <trkpt lat="45.03743" lon="-72.2235">
        <ele>237.2</ele>
      </trkpt>
      <trkpt lat="45.0376" lon="-72.22381">
        <ele>236.9</ele>
      </trkpt>
      <trkpt lat="45.03765" lon="-72.22391">
        <ele>236.8</ele>
      </trkpt>
      <trkpt lat="45.03775" lon="-72.22411">
        <ele>236.7</ele>
      </trkpt>
      <trkpt lat="45.03786" lon="-72.22432">
        <ele>236.6</ele>
      </trkpt>
      <trkpt lat="45.03796" lon="-72.22452">
        <ele>236.5</ele>
      </trkpt>
      <trkpt lat="45.03807" lon="-72.224729">
        <ele>236.3</ele>
      </trkpt>
      <trkpt lat="45.038179" lon="-72.22494">
        <ele>235.7</ele>
      </trkpt>
      <trkpt lat="45.03825" lon="-72.22509">
        <ele>235.1</ele>
      </trkpt>
      <trkpt lat="45.03828" lon="-72.22514">
        <ele>234.8</ele>
      </trkpt>
      <trkpt lat="45.03839" lon="-72.22534">
        <ele>233.5</ele>
      </trkpt>
      <trkpt lat="45.03845" lon="-72.225489">
        <ele>232.6</ele>
      </trkpt>
      <trkpt lat="45.03849" lon="-72.22556">
        <ele>232</ele>
      </trkpt>
      <trkpt lat="45.03858" lon="-72.22577">
        <ele>230.6</ele>
      </trkpt>
      <trkpt lat="45.03864" lon="-72.2259">
        <ele>229.6</ele>
      </trkpt>
      <trkpt lat="45.03869" lon="-72.22598">
        <ele>228.9</ele>
      </trkpt>
      <trkpt lat="45.03879" lon="-72.22619">
        <ele>227.4</ele>
      </trkpt>
      <trkpt lat="45.03895" lon="-72.2265">
        <ele>225.1</ele>
      </trkpt>
      <trkpt lat="45.039119" lon="-72.22682">
        <ele>222.1</ele>
      </trkpt>
      <trkpt lat="45.03933" lon="-72.227099">
        <ele>218.6</ele>
      </trkpt>
      <trkpt lat="45.03934" lon="-72.22711">
        <ele>218.4</ele>
      </trkpt>
      <trkpt lat="45.03946" lon="-72.22724">
        <ele>216.7</ele>
      </trkpt>
      <trkpt lat="45.03949" lon="-72.22725">
        <ele>216.4</ele>
      </trkpt>
      <trkpt lat="45.03961" lon="-72.22734">
        <ele>215.1</ele>
      </trkpt>
      <trkpt lat="45.03965" lon="-72.22735">
        <ele>214.8</ele>
      </trkpt>
      <trkpt lat="45.04" lon="-72.2275">
        <ele>212.9</ele>
      </trkpt>
      <trkpt lat="45.04012" lon="-72.227549">
        <ele>212.7</ele>
      </trkpt>
      <trkpt lat="45.04017" lon="-72.22757">
        <ele>212.7</ele>
      </trkpt>
      <trkpt lat="45.04034" lon="-72.22763">
        <ele>212.6</ele>
      </trkpt>
      <trkpt lat="45.04052" lon="-72.22769">
        <ele>212.5</ele>
      </trkpt>
      <trkpt lat="45.04069" lon="-72.22776">
        <ele>212.5</ele>
      </trkpt>
      <trkpt lat="45.04087" lon="-72.22782">
        <ele>212.5</ele>
      </trkpt>
      <trkpt lat="45.04104" lon="-72.22789">
        <ele>212.5</ele>
      </trkpt>
      <trkpt lat="45.04139" lon="-72.22801">
        <ele>212.3</ele>
      </trkpt>
      <trkpt lat="45.041559" lon="-72.22808">
        <ele>212.3</ele>
      </trkpt>
      <trkpt lat="45.04172" lon="-72.22809">
        <ele>212.4</ele>
      </trkpt>
      <trkpt lat="45.04177" lon="-72.22809">
        <ele>212.4</ele>
      </trkpt>
      <trkpt lat="45.04191" lon="-72.22809">
        <ele>212.5</ele>
      </trkpt>
      <trkpt lat="45.04195" lon="-72.22809">
        <ele>212.5</ele>
      </trkpt>
      <trkpt lat="45.04219" lon="-72.22806">
        <ele>212.7</ele>
      </trkpt>
      <trkpt lat="45.04229" lon="-72.22805">
        <ele>212.8</ele>
      </trkpt>
      <trkpt lat="45.04231" lon="-72.22805">
        <ele>212.8</ele>
      </trkpt>
      <trkpt lat="45.04249" lon="-72.22802">
        <ele>212.8</ele>
      </trkpt>
      <trkpt lat="45.04266" lon="-72.22799">
        <ele>212.8</ele>
      </trkpt>
      <trkpt lat="45.04284" lon="-72.22796">
        <ele>212.9</ele>
      </trkpt>
      <trkpt lat="45.04302" lon="-72.22793">
        <ele>213</ele>
      </trkpt>
      <trkpt lat="45.0432" lon="-72.2279">
        <ele>213.4</ele>
      </trkpt>
      <trkpt lat="45.04338" lon="-72.22788">
        <ele>214</ele>
      </trkpt>
      <trkpt lat="45.04374" lon="-72.22784">
        <ele>215.9</ele>
      </trkpt>
      <trkpt lat="45.04392" lon="-72.22782">
        <ele>217.1</ele>
      </trkpt>
      <trkpt lat="45.04409" lon="-72.22777">
        <ele>218.4</ele>
      </trkpt>
      <trkpt lat="45.04436" lon="-72.22771">
        <ele>220.5</ele>
      </trkpt>
      <trkpt lat="45.04445" lon="-72.22768">
        <ele>221.1</ele>
      </trkpt>
      <trkpt lat="45.04471" lon="-72.2276">
        <ele>223.1</ele>
      </trkpt>
      <trkpt lat="45.0448" lon="-72.22756">
        <ele>223.7</ele>
      </trkpt>
      <trkpt lat="45.04497" lon="-72.22748">
        <ele>224.9</ele>
      </trkpt>
      <trkpt lat="45.04514" lon="-72.22741">
        <ele>226.1</ele>
      </trkpt>
      <trkpt lat="45.04531" lon="-72.22733">
        <ele>227.4</ele>
      </trkpt>
      <trkpt lat="45.04537" lon="-72.2273">
        <ele>227.9</ele>
      </trkpt>
      <trkpt lat="45.04548" lon="-72.22725">
        <ele>228.8</ele>
      </trkpt>
      <trkpt lat="45.04599" lon="-72.22699">
        <ele>233.5</ele>
      </trkpt>
      <trkpt lat="45.04609" lon="-72.22694">
        <ele>234.3</ele>
      </trkpt>
      <trkpt lat="45.04634" lon="-72.22684">
        <ele>236</ele>
      </trkpt>
      <trkpt lat="45.04651" lon="-72.22677">
        <ele>237</ele>
      </trkpt>
      <trkpt lat="45.04668" lon="-72.226699">
        <ele>237.8</ele>
      </trkpt>
      <trkpt lat="45.04703" lon="-72.22656">
        <ele>239.7</ele>
      </trkpt>
      <trkpt lat="45.047199" lon="-72.22649">
        <ele>240.5</ele>
      </trkpt>
      <trkpt lat="45.047379" lon="-72.22642">
        <ele>241.3</ele>
      </trkpt>
      <trkpt lat="45.0479" lon="-72.22622">
        <ele>242.6</ele>
      </trkpt>
      <trkpt lat="45.04807" lon="-72.22615">
        <ele>242.8</ele>
      </trkpt>
      <trkpt lat="45.04859" lon="-72.22595">
        <ele>242.9</ele>
      </trkpt>
      <trkpt lat="45.04891" lon="-72.22583">
        <ele>242.9</ele>
      </trkpt>
      <trkpt lat="45.0496" lon="-72.22553">
        <ele>242.9</ele>
      </trkpt>
      <trkpt lat="45.04983" lon="-72.22543">
        <ele>242.9</ele>
      </trkpt>
      <trkpt lat="45.04994" lon="-72.22539">
        <ele>242.9</ele>
      </trkpt>
      <trkpt lat="45.05012" lon="-72.22533">
        <ele>242.9</ele>
      </trkpt>
      <trkpt lat="45.05047" lon="-72.225219">
        <ele>242.9</ele>
      </trkpt>
      <trkpt lat="45.05082" lon="-72.2251">
        <ele>242.9</ele>
      </trkpt>
      <trkpt lat="45.05099" lon="-72.22504">
        <ele>242.9</ele>
      </trkpt>
      <trkpt lat="45.051139" lon="-72.22499">
        <ele>242.9</ele>
      </trkpt>
      <trkpt lat="45.05117" lon="-72.22498">
        <ele>242.9</ele>
      </trkpt>
      <trkpt lat="45.05134" lon="-72.22492">
        <ele>242.9</ele>
      </trkpt>
      <trkpt lat="45.0518" lon="-72.22474">
        <ele>242.9</ele>
      </trkpt>
      <trkpt lat="45.05186" lon="-72.22472">
        <ele>242.9</ele>
      </trkpt>
      <trkpt lat="45.05204" lon="-72.224639">
        <ele>242.9</ele>
      </trkpt>
      <trkpt lat="45.05221" lon="-72.22457">
        <ele>242.9</ele>
      </trkpt>
      <trkpt lat="45.05238" lon="-72.2245">
        <ele>242.9</ele>
      </trkpt>
      <trkpt lat="45.052549" lon="-72.22442">
        <ele>242.9</ele>
      </trkpt>
      <trkpt lat="45.052729" lon="-72.22435">
        <ele>242.9</ele>
      </trkpt>
      <trkpt lat="45.05283" lon="-72.22429">
        <ele>242.9</ele>
      </trkpt>
      <trkpt lat="45.05344" lon="-72.22393">
        <ele>242.9</ele>
      </trkpt>
      <trkpt lat="45.05378" lon="-72.22374">
        <ele>242.9</ele>
      </trkpt>
      <trkpt lat="45.05394" lon="-72.22364">
        <ele>242.9</ele>
      </trkpt>
      <trkpt lat="45.05402" lon="-72.2236">
        <ele>242.9</ele>
      </trkpt>
      <trkpt lat="45.05411" lon="-72.22356">
        <ele>242.9</ele>
      </trkpt>
      <trkpt lat="45.05445" lon="-72.2234">
        <ele>242.8</ele>
      </trkpt>
      <trkpt lat="45.05463" lon="-72.22332">
        <ele>242.8</ele>
      </trkpt>
      <trkpt lat="45.0548" lon="-72.22324">
        <ele>242.9</ele>
      </trkpt>
      <trkpt lat="45.05497" lon="-72.22317">
        <ele>242.9</ele>
      </trkpt>
      <trkpt lat="45.05505" lon="-72.22313">
        <ele>242.9</ele>
      </trkpt>
      <trkpt lat="45.05532" lon="-72.22307">
        <ele>242.9</ele>
      </trkpt>
      <trkpt lat="45.0555" lon="-72.22304">
        <ele>242.9</ele>
      </trkpt>
      <trkpt lat="45.05565" lon="-72.22301">
        <ele>242.9</ele>
      </trkpt>
      <trkpt lat="45.05568" lon="-72.223">
        <ele>242.9</ele>
      </trkpt>
      <trkpt lat="45.05585" lon="-72.22293">
        <ele>242.8</ele>
      </trkpt>
      <trkpt lat="45.056019" lon="-72.22286">
        <ele>242.8</ele>
      </trkpt>
      <trkpt lat="45.05616" lon="-72.2228">
        <ele>242.7</ele>
      </trkpt>
      <trkpt lat="45.05637" lon="-72.22271">
        <ele>242.7</ele>
      </trkpt>
      <trkpt lat="45.05654" lon="-72.22263">
        <ele>242.7</ele>
      </trkpt>
      <trkpt lat="45.05671" lon="-72.22255">
        <ele>242.8</ele>
      </trkpt>
      <trkpt lat="45.05688" lon="-72.22247">
        <ele>242.8</ele>
      </trkpt>
      <trkpt lat="45.05703" lon="-72.222399">
        <ele>242.8</ele>
      </trkpt>
      <trkpt lat="45.05742" lon="-72.22217">
        <ele>242.6</ele>
      </trkpt>
      <trkpt lat="45.05775" lon="-72.22197">
        <ele>242.1</ele>
      </trkpt>
      <trkpt lat="45.05809" lon="-72.22178">
        <ele>241.4</ele>
      </trkpt>
      <trkpt lat="45.05842" lon="-72.22159">
        <ele>240.7</ele>
      </trkpt>
      <trkpt lat="45.05858" lon="-72.22136">
        <ele>241.1</ele>
      </trkpt>
      <trkpt lat="45.05881" lon="-72.22112">
        <ele>241.8</ele>
      </trkpt>
      <trkpt lat="45.05883" lon="-72.22109">
        <ele>241.9</ele>
      </trkpt>
      <trkpt lat="45.05903" lon="-72.22082">
        <ele>242.6</ele>
      </trkpt>
      <trkpt lat="45.05926" lon="-72.22063">
        <ele>242.6</ele>
      </trkpt>
      <trkpt lat="45.0593" lon="-72.2206">
        <ele>242.5</ele>
      </trkpt>
      <trkpt lat="45.05942" lon="-72.220519">
        <ele>242.3</ele>
      </trkpt>
      <trkpt lat="45.059579" lon="-72.22041">
        <ele>242.1</ele>
      </trkpt>
      <trkpt lat="45.05974" lon="-72.2203">
        <ele>242</ele>
      </trkpt>
      <trkpt lat="45.06007" lon="-72.22009">
        <ele>242.2</ele>
      </trkpt>
      <trkpt lat="45.0603" lon="-72.219939">
        <ele>242.5</ele>
      </trkpt>
      <trkpt lat="45.06057" lon="-72.2198">
        <ele>242.7</ele>
      </trkpt>
      <trkpt lat="45.06074" lon="-72.21971">
        <ele>242.8</ele>
      </trkpt>
      <trkpt lat="45.06087" lon="-72.21965">
        <ele>242.7</ele>
      </trkpt>
      <trkpt lat="45.06104" lon="-72.21954">
        <ele>242.7</ele>
      </trkpt>
      <trkpt lat="45.06136" lon="-72.21934">
        <ele>242.7</ele>
      </trkpt>
      <trkpt lat="45.06169" lon="-72.21914">
        <ele>242.7</ele>
      </trkpt>
      <trkpt lat="45.0618" lon="-72.21907">
        <ele>242.7</ele>
      </trkpt>
      <trkpt lat="45.062019" lon="-72.21894">
        <ele>242.8</ele>
      </trkpt>
      <trkpt lat="45.062019" lon="-72.21893">
        <ele>242.8</ele>
      </trkpt>
      <trkpt lat="45.06219" lon="-72.21885">
        <ele>243</ele>
      </trkpt>
      <trkpt lat="45.06236" lon="-72.21877">
        <ele>243.3</ele>
      </trkpt>
      <trkpt lat="45.062399" lon="-72.21875">
        <ele>243.3</ele>
      </trkpt>
      <trkpt lat="45.0627" lon="-72.21857">
        <ele>244.3</ele>
      </trkpt>
      <trkpt lat="45.06286" lon="-72.21847">
        <ele>244.9</ele>
      </trkpt>
      <trkpt lat="45.063" lon="-72.21839">
        <ele>245.4</ele>
      </trkpt>
      <trkpt lat="45.06303" lon="-72.218369">
        <ele>245.5</ele>
      </trkpt>
      <trkpt lat="45.06319" lon="-72.218279">
        <ele>246</ele>
      </trkpt>
      <trkpt lat="45.06327" lon="-72.21823">
        <ele>246.2</ele>
      </trkpt>
      <trkpt lat="45.06336" lon="-72.21817">
        <ele>246.5</ele>
      </trkpt>
      <trkpt lat="45.06356" lon="-72.21804">
        <ele>247</ele>
      </trkpt>
      <trkpt lat="45.06387" lon="-72.217789">
        <ele>247.9</ele>
      </trkpt>
      <trkpt lat="45.06403" lon="-72.21766">
        <ele>248.5</ele>
      </trkpt>
      <trkpt lat="45.06418" lon="-72.21753">
        <ele>249.1</ele>
      </trkpt>
      <trkpt lat="45.06434" lon="-72.2174">
        <ele>249.8</ele>
      </trkpt>
      <trkpt lat="45.06474" lon="-72.21708">
        <ele>251.1</ele>
      </trkpt>
      <trkpt lat="45.06481" lon="-72.21702">
        <ele>251.2</ele>
      </trkpt>
      <trkpt lat="45.06513" lon="-72.21678">
        <ele>251.2</ele>
      </trkpt>
      <trkpt lat="45.06528" lon="-72.21666">
        <ele>251.1</ele>
      </trkpt>
      <trkpt lat="45.06544" lon="-72.21655">
        <ele>251</ele>
      </trkpt>
      <trkpt lat="45.0656" lon="-72.21643">
        <ele>251</ele>
      </trkpt>
      <trkpt lat="45.06601" lon="-72.21612">
        <ele>251.6</ele>
      </trkpt>
      <trkpt lat="45.06608" lon="-72.21606">
        <ele>251.7</ele>
      </trkpt>
      <trkpt lat="45.06623" lon="-72.21593">
        <ele>251.9</ele>
      </trkpt>
      <trkpt lat="45.06639" lon="-72.2158">
        <ele>251.9</ele>
      </trkpt>
      <trkpt lat="45.06665" lon="-72.21558">
        <ele>251.7</ele>
      </trkpt>
      <trkpt lat="45.0667" lon="-72.21554">
        <ele>251.7</ele>
      </trkpt>
      <trkpt lat="45.067" lon="-72.21526">
        <ele>251.6</ele>
      </trkpt>
      <trkpt lat="45.06726" lon="-72.21502">
        <ele>251.6</ele>
      </trkpt>
      <trkpt lat="45.06804" lon="-72.21426">
        <ele>251.3</ele>
      </trkpt>
      <trkpt lat="45.06812" lon="-72.21417">
        <ele>251.3</ele>
      </trkpt>
      <trkpt lat="45.06819" lon="-72.21412">
        <ele>251.3</ele>
      </trkpt>
      <trkpt lat="45.06864" lon="-72.2137">
        <ele>251.4</ele>
      </trkpt>
      <trkpt lat="45.06909" lon="-72.21329">
        <ele>251.7</ele>
      </trkpt>
      <trkpt lat="45.06948" lon="-72.21293">
        <ele>252.2</ele>
      </trkpt>
      <trkpt lat="45.06979" lon="-72.21266">
        <ele>252.6</ele>
      </trkpt>
      <trkpt lat="45.07003" lon="-72.212459">
        <ele>253</ele>
      </trkpt>
      <trkpt lat="45.07065" lon="-72.21195">
        <ele>254.6</ele>
      </trkpt>
      <trkpt lat="45.07096" lon="-72.211699">
        <ele>255.3</ele>
      </trkpt>
      <trkpt lat="45.07175" lon="-72.21107">
        <ele>256.3</ele>
      </trkpt>
      <trkpt lat="45.07206" lon="-72.21082">
        <ele>256.8</ele>
      </trkpt>
      <trkpt lat="45.072069" lon="-72.21081">
        <ele>256.8</ele>
      </trkpt>
      <trkpt lat="45.07222" lon="-72.21072">
        <ele>257</ele>
      </trkpt>
      <trkpt lat="45.07239" lon="-72.21061">
        <ele>257.1</ele>
      </trkpt>
      <trkpt lat="45.07255" lon="-72.21051">
        <ele>257.2</ele>
      </trkpt>
      <trkpt lat="45.07305" lon="-72.21021">
        <ele>258.1</ele>
      </trkpt>
      <trkpt lat="45.07387" lon="-72.2097">
        <ele>258.7</ele>
      </trkpt>
      <trkpt lat="45.07405" lon="-72.20959">
        <ele>258.8</ele>
      </trkpt>
      <trkpt lat="45.0742" lon="-72.2095">
        <ele>259</ele>
      </trkpt>
      <trkpt lat="45.07437" lon="-72.2094">
        <ele>259.3</ele>
      </trkpt>
      <trkpt lat="45.07453" lon="-72.2093">
        <ele>259.5</ele>
      </trkpt>
      <trkpt lat="45.07487" lon="-72.2091">
        <ele>259.7</ele>
      </trkpt>
      <trkpt lat="45.07569" lon="-72.208609">
        <ele>260.9</ele>
      </trkpt>
      <trkpt lat="45.076189" lon="-72.20831">
        <ele>260.3</ele>
      </trkpt>
      <trkpt lat="45.07685" lon="-72.20792">
        <ele>258.3</ele>
      </trkpt>
      <trkpt lat="45.07702" lon="-72.2078">
        <ele>258</ele>
      </trkpt>
      <trkpt lat="45.07734" lon="-72.207579">
        <ele>257.4</ele>
      </trkpt>
      <trkpt lat="45.07783" lon="-72.20725">
        <ele>256.6</ele>
      </trkpt>
      <trkpt lat="45.07831" lon="-72.20692">
        <ele>256.2</ele>
      </trkpt>
      <trkpt lat="45.0788" lon="-72.20659">
        <ele>255.9</ele>
      </trkpt>
      <trkpt lat="45.07913" lon="-72.20637">
        <ele>255.3</ele>
      </trkpt>
      <trkpt lat="45.07924" lon="-72.20629">
        <ele>255.1</ele>
      </trkpt>
      <trkpt lat="45.07945" lon="-72.20614">
        <ele>254.7</ele>
      </trkpt>
      <trkpt lat="45.0797" lon="-72.20595">
        <ele>254.4</ele>
      </trkpt>
      <trkpt lat="45.07991" lon="-72.20575">
        <ele>254.3</ele>
      </trkpt>
      <trkpt lat="45.08006" lon="-72.205609">
        <ele>254.2</ele>
      </trkpt>
      <trkpt lat="45.08006" lon="-72.2056">
        <ele>254.2</ele>
      </trkpt>
      <trkpt lat="45.08015" lon="-72.20548">
        <ele>254.2</ele>
      </trkpt>
      <trkpt lat="45.08018" lon="-72.20542">
        <ele>254.2</ele>
      </trkpt>
      <trkpt lat="45.08028" lon="-72.205209">
        <ele>254.4</ele>
      </trkpt>
      <trkpt lat="45.0803" lon="-72.20516">
        <ele>254.4</ele>
      </trkpt>
      <trkpt lat="45.08048" lon="-72.2045">
        <ele>255.1</ele>
      </trkpt>
      <trkpt lat="45.08053" lon="-72.20429">
        <ele>255.3</ele>
      </trkpt>
      <trkpt lat="45.08056" lon="-72.204179">
        <ele>255.4</ele>
      </trkpt>
      <trkpt lat="45.08062" lon="-72.20394">
        <ele>255.6</ele>
      </trkpt>
      <trkpt lat="45.08073" lon="-72.20346">
        <ele>256</ele>
      </trkpt>
      <trkpt lat="45.08079" lon="-72.20322">
        <ele>256.3</ele>
      </trkpt>
      <trkpt lat="45.08091" lon="-72.20273">
        <ele>257.1</ele>
      </trkpt>
      <trkpt lat="45.08097" lon="-72.20249">
        <ele>257.5</ele>
      </trkpt>
      <trkpt lat="45.08102" lon="-72.20225">
        <ele>257.7</ele>
      </trkpt>
      <trkpt lat="45.08108" lon="-72.20201">
        <ele>257.9</ele>
      </trkpt>
      <trkpt lat="45.08115" lon="-72.20177">
        <ele>258</ele>
      </trkpt>
      <trkpt lat="45.081359" lon="-72.20107">
        <ele>259</ele>
      </trkpt>
      <trkpt lat="45.0815" lon="-72.2006">
        <ele>259.5</ele>
      </trkpt>
      <trkpt lat="45.08161" lon="-72.20021">
        <ele>259.8</ele>
      </trkpt>
      <trkpt lat="45.08176" lon="-72.19961">
        <ele>260.4</ele>
      </trkpt>
      <trkpt lat="45.08177" lon="-72.199389">
        <ele>260.9</ele>
      </trkpt>
      <trkpt lat="45.08178" lon="-72.199299">
        <ele>261.1</ele>
      </trkpt>
      <trkpt lat="45.08177" lon="-72.19914">
        <ele>261.5</ele>
      </trkpt>
      <trkpt lat="45.08173" lon="-72.19802">
        <ele>264.3</ele>
      </trkpt>
      <trkpt lat="45.08173" lon="-72.19802">
        <ele>264.3</ele>
      </trkpt>
      <trkpt lat="45.08208" lon="-72.19789">
        <ele>263.4</ele>
      </trkpt>
      <trkpt lat="45.0833" lon="-72.197419">
        <ele>262</ele>
      </trkpt>
      <trkpt lat="45.08331" lon="-72.197419">
        <ele>262</ele>
      </trkpt>
      <trkpt lat="45.08347" lon="-72.19737">
        <ele>261.9</ele>
      </trkpt>
      <trkpt lat="45.08365" lon="-72.19731">
        <ele>261.7</ele>
      </trkpt>
      <trkpt lat="45.08416" lon="-72.19714">
        <ele>261.1</ele>
      </trkpt>
      <trkpt lat="45.08416" lon="-72.19714">
        <ele>261.1</ele>
      </trkpt>
      <trkpt lat="45.08417" lon="-72.19713">
        <ele>261.2</ele>
      </trkpt>
      <trkpt lat="45.08457" lon="-72.197">
        <ele>260.7</ele>
      </trkpt>
      <trkpt lat="45.08508" lon="-72.19681">
        <ele>260.3</ele>
      </trkpt>
      <trkpt lat="45.08543" lon="-72.19661">
        <ele>260.6</ele>
      </trkpt>
      <trkpt lat="45.08559" lon="-72.19652">
        <ele>260.8</ele>
      </trkpt>
      <trkpt lat="45.0859" lon="-72.19635">
        <ele>261</ele>
      </trkpt>
      <trkpt lat="45.08616" lon="-72.19618">
        <ele>261.1</ele>
      </trkpt>
      <trkpt lat="45.08632" lon="-72.19608">
        <ele>261</ele>
      </trkpt>
      <trkpt lat="45.08648" lon="-72.19597">
        <ele>261</ele>
      </trkpt>
      <trkpt lat="45.08665" lon="-72.19587">
        <ele>260.8</ele>
      </trkpt>
      <trkpt lat="45.08681" lon="-72.19576">
        <ele>260.6</ele>
      </trkpt>
      <trkpt lat="45.086979" lon="-72.19566">
        <ele>260.4</ele>
      </trkpt>
      <trkpt lat="45.08714" lon="-72.19555">
        <ele>260.2</ele>
      </trkpt>
      <trkpt lat="45.0874" lon="-72.19534">
        <ele>260</ele>
      </trkpt>
      <trkpt lat="45.08755" lon="-72.19522">
        <ele>259.9</ele>
      </trkpt>
      <trkpt lat="45.08771" lon="-72.195089">
        <ele>259.8</ele>
      </trkpt>
      <trkpt lat="45.08786" lon="-72.19496">
        <ele>259.6</ele>
      </trkpt>
      <trkpt lat="45.08796" lon="-72.19488">
        <ele>259.5</ele>
      </trkpt>
      <trkpt lat="45.08802" lon="-72.19484">
        <ele>259.4</ele>
      </trkpt>
      <trkpt lat="45.08849" lon="-72.19447">
        <ele>258.3</ele>
      </trkpt>
      <trkpt lat="45.08855" lon="-72.194419">
        <ele>258.1</ele>
      </trkpt>
      <trkpt lat="45.08896" lon="-72.19408">
        <ele>257.1</ele>
      </trkpt>
      <trkpt lat="45.08911" lon="-72.19395">
        <ele>256.9</ele>
      </trkpt>
      <trkpt lat="45.08911" lon="-72.19395">
        <ele>256.9</ele>
      </trkpt>
      <trkpt lat="45.089" lon="-72.19373">
        <ele>258.1</ele>
      </trkpt>
      <trkpt lat="45.08885" lon="-72.19347">
        <ele>259.7</ele>
      </trkpt>
      <trkpt lat="45.08866" lon="-72.19316">
        <ele>261.8</ele>
      </trkpt>
      <trkpt lat="45.08857" lon="-72.19302">
        <ele>262.7</ele>
      </trkpt>
      <trkpt lat="45.08853" lon="-72.19298">
        <ele>263.1</ele>
      </trkpt>
      <trkpt lat="45.08837" lon="-72.19274">
        <ele>264.8</ele>
      </trkpt>
      <trkpt lat="45.0882" lon="-72.19253">
        <ele>266.5</ele>
      </trkpt>
      <trkpt lat="45.08814" lon="-72.192449">
        <ele>267.2</ele>
      </trkpt>
      <trkpt lat="45.08793" lon="-72.1922">
        <ele>269.6</ele>
      </trkpt>
      <trkpt lat="45.08793" lon="-72.1922">
        <ele>269.6</ele>
      </trkpt>
      <trkpt lat="45.08818" lon="-72.1919">
        <ele>269.1</ele>
      </trkpt>
      <trkpt lat="45.08832" lon="-72.19173">
        <ele>268.7</ele>
      </trkpt>
      <trkpt lat="45.08887" lon="-72.19108">
        <ele>267.7</ele>
      </trkpt>
      <trkpt lat="45.08901" lon="-72.19091">
        <ele>267.7</ele>
      </trkpt>
      <trkpt lat="45.089149" lon="-72.19075">
        <ele>267.7</ele>
      </trkpt>
      <trkpt lat="45.08928" lon="-72.19058">
        <ele>267.8</ele>
      </trkpt>
      <trkpt lat="45.089419" lon="-72.19042">
        <ele>267.9</ele>
      </trkpt>
      <trkpt lat="45.08956" lon="-72.19026">
        <ele>267.9</ele>
      </trkpt>
      <trkpt lat="45.08997" lon="-72.18976">
        <ele>265.9</ele>
      </trkpt>
      <trkpt lat="45.09011" lon="-72.1896">
        <ele>264.7</ele>
      </trkpt>
      <trkpt lat="45.09025" lon="-72.18944">
        <ele>263.2</ele>
      </trkpt>
      <trkpt lat="45.09026" lon="-72.18942">
        <ele>263.1</ele>
      </trkpt>
      <trkpt lat="45.09039" lon="-72.18928">
        <ele>261.7</ele>
      </trkpt>
      <trkpt lat="45.09053" lon="-72.18912">
        <ele>260.2</ele>
      </trkpt>
      <trkpt lat="45.09067" lon="-72.18896">
        <ele>258.7</ele>
      </trkpt>
      <trkpt lat="45.09096" lon="-72.18865">
        <ele>256.2</ele>
      </trkpt>
      <trkpt lat="45.0911" lon="-72.18849">
        <ele>255.1</ele>
      </trkpt>
      <trkpt lat="45.09138" lon="-72.18818">
        <ele>253</ele>
      </trkpt>
      <trkpt lat="45.09181" lon="-72.18771">
        <ele>249.6</ele>
      </trkpt>
      <trkpt lat="45.09237" lon="-72.18708">
        <ele>245.2</ele>
      </trkpt>
      <trkpt lat="45.09243" lon="-72.18702">
        <ele>244.8</ele>
      </trkpt>
      <trkpt lat="45.09266" lon="-72.18677">
        <ele>243.1</ele>
      </trkpt>
      <trkpt lat="45.092799" lon="-72.18662">
        <ele>242.1</ele>
      </trkpt>
      <trkpt lat="45.09366" lon="-72.185689">
        <ele>235.7</ele>
      </trkpt>
      <trkpt lat="45.09395" lon="-72.18538">
        <ele>233.9</ele>
      </trkpt>
      <trkpt lat="45.09423" lon="-72.18507">
        <ele>232.3</ele>
      </trkpt>
      <trkpt lat="45.09452" lon="-72.18476">
        <ele>230.6</ele>
      </trkpt>
      <trkpt lat="45.09514" lon="-72.18411">
        <ele>227</ele>
      </trkpt>
      <trkpt lat="45.09557" lon="-72.18365">
        <ele>224.9</ele>
      </trkpt>
      <trkpt lat="45.09586" lon="-72.18334">
        <ele>223.6</ele>
      </trkpt>
      <trkpt lat="45.09588" lon="-72.18332">
        <ele>223.6</ele>
      </trkpt>
      <trkpt lat="45.09599" lon="-72.18316">
        <ele>223.1</ele>
      </trkpt>
      <trkpt lat="45.09607" lon="-72.18303">
        <ele>222.9</ele>
      </trkpt>
      <trkpt lat="45.0962" lon="-72.18275">
        <ele>222.4</ele>
      </trkpt>
      <trkpt lat="45.09622" lon="-72.18271">
        <ele>222.3</ele>
      </trkpt>
      <trkpt lat="45.09634" lon="-72.18241">
        <ele>221.7</ele>
      </trkpt>
      <trkpt lat="45.09653" lon="-72.18191">
        <ele>220.5</ele>
      </trkpt>
      <trkpt lat="45.09655" lon="-72.18186">
        <ele>220.4</ele>
      </trkpt>
      <trkpt lat="45.09663" lon="-72.18164">
        <ele>219.9</ele>
      </trkpt>
      <trkpt lat="45.09685" lon="-72.18106">
        <ele>219</ele>
      </trkpt>
      <trkpt lat="45.09698" lon="-72.18075">
        <ele>218.5</ele>
      </trkpt>
      <trkpt lat="45.09708" lon="-72.18053">
        <ele>218.1</ele>
      </trkpt>
      <trkpt lat="45.09717" lon="-72.18031">
        <ele>217.7</ele>
      </trkpt>
      <trkpt lat="45.09726" lon="-72.18009">
        <ele>217.4</ele>
      </trkpt>
      <trkpt lat="45.09737" lon="-72.17985">
        <ele>217</ele>
      </trkpt>
      <trkpt lat="45.09754" lon="-72.17944">
        <ele>216.6</ele>
      </trkpt>
      <trkpt lat="45.09763" lon="-72.17922">
        <ele>216.5</ele>
      </trkpt>
      <trkpt lat="45.09778" lon="-72.17883">
        <ele>216</ele>
      </trkpt>
      <trkpt lat="45.0978" lon="-72.17877">
        <ele>215.9</ele>
      </trkpt>
      <trkpt lat="45.09789" lon="-72.17855">
        <ele>215.4</ele>
      </trkpt>
      <trkpt lat="45.0981" lon="-72.17803">
        <ele>214.1</ele>
      </trkpt>
      <trkpt lat="45.098149" lon="-72.17788">
        <ele>213.8</ele>
      </trkpt>
      <trkpt lat="45.09823" lon="-72.17765">
        <ele>213.3</ele>
      </trkpt>
      <trkpt lat="45.09848" lon="-72.17697">
        <ele>212.4</ele>
      </trkpt>
      <trkpt lat="45.09848" lon="-72.17695">
        <ele>212.4</ele>
      </trkpt>
      <trkpt lat="45.09863" lon="-72.176509">
        <ele>212</ele>
      </trkpt>
      <trkpt lat="45.098709" lon="-72.17628">
        <ele>211.8</ele>
      </trkpt>
      <trkpt lat="45.09879" lon="-72.17605">
        <ele>211.6</ele>
      </trkpt>
      <trkpt lat="45.09894" lon="-72.17559">
        <ele>211.6</ele>
      </trkpt>
      <trkpt lat="45.09902" lon="-72.17536">
        <ele>211.7</ele>
      </trkpt>
      <trkpt lat="45.09917" lon="-72.174899">
        <ele>212.1</ele>
      </trkpt>
      <trkpt lat="45.09933" lon="-72.17444">
        <ele>212.6</ele>
      </trkpt>
      <trkpt lat="45.0994" lon="-72.17421">
        <ele>212.8</ele>
      </trkpt>
      <trkpt lat="45.09948" lon="-72.17398">
        <ele>212.8</ele>
      </trkpt>
      <trkpt lat="45.09955" lon="-72.173779">
        <ele>212.9</ele>
      </trkpt>
      <trkpt lat="45.099559" lon="-72.17375">
        <ele>212.9</ele>
      </trkpt>
      <trkpt lat="45.09969" lon="-72.17328">
        <ele>213.1</ele>
      </trkpt>
      <trkpt lat="45.09976" lon="-72.17304">
        <ele>213.3</ele>
      </trkpt>
      <trkpt lat="45.09982" lon="-72.1728">
        <ele>213.6</ele>
      </trkpt>
      <trkpt lat="45.09996" lon="-72.17233">
        <ele>214.1</ele>
      </trkpt>
      <trkpt lat="45.10008" lon="-72.17189">
        <ele>214.3</ele>
      </trkpt>
      <trkpt lat="45.10014" lon="-72.17173">
        <ele>214.4</ele>
      </trkpt>
      <trkpt lat="45.10024" lon="-72.17146">
        <ele>214.6</ele>
      </trkpt>
      <trkpt lat="45.1003" lon="-72.17127">
        <ele>214.8</ele>
      </trkpt>
      <trkpt lat="45.10036" lon="-72.17112">
        <ele>214.9</ele>
      </trkpt>
      <trkpt lat="45.10039" lon="-72.171049">
        <ele>214.9</ele>
      </trkpt>
      <trkpt lat="45.10048" lon="-72.17083">
        <ele>215.1</ele>
      </trkpt>
      <trkpt lat="45.10061" lon="-72.17047">
        <ele>215.4</ele>
      </trkpt>
      <trkpt lat="45.10065" lon="-72.17038">
        <ele>215.5</ele>
      </trkpt>
      <trkpt lat="45.10083" lon="-72.16994">
        <ele>216.1</ele>
      </trkpt>
      <trkpt lat="45.10084" lon="-72.1699">
        <ele>216.1</ele>
      </trkpt>
      <trkpt lat="45.10105" lon="-72.1694">
        <ele>216.8</ele>
      </trkpt>
      <trkpt lat="45.10111" lon="-72.16929">
        <ele>216.9</ele>
      </trkpt>
      <trkpt lat="45.10131" lon="-72.16886">
        <ele>217</ele>
      </trkpt>
      <trkpt lat="45.10138" lon="-72.16873">
        <ele>217</ele>
      </trkpt>
      <trkpt lat="45.10169" lon="-72.16819">
        <ele>217.4</ele>
      </trkpt>
      <trkpt lat="45.10188" lon="-72.16788">
        <ele>218</ele>
      </trkpt>
      <trkpt lat="45.10217" lon="-72.16743">
        <ele>218.9</ele>
      </trkpt>
      <trkpt lat="45.10236" lon="-72.16712">
        <ele>219.6</ele>
      </trkpt>
      <trkpt lat="45.10249" lon="-72.1669">
        <ele>220.1</ele>
      </trkpt>
      <trkpt lat="45.10293" lon="-72.16609">
        <ele>222.3</ele>
      </trkpt>
      <trkpt lat="45.10321" lon="-72.16547">
        <ele>223.7</ele>
      </trkpt>
      <trkpt lat="45.10334" lon="-72.16519">
        <ele>224.2</ele>
      </trkpt>
      <trkpt lat="45.10358" lon="-72.164599">
        <ele>225.4</ele>
      </trkpt>
      <trkpt lat="45.10375" lon="-72.16416">
        <ele>226.4</ele>
      </trkpt>
      <trkpt lat="45.10404" lon="-72.16346">
        <ele>228.6</ele>
      </trkpt>
      <trkpt lat="45.10421" lon="-72.16306">
        <ele>229.7</ele>
      </trkpt>
      <trkpt lat="45.10425" lon="-72.16297">
        <ele>229.9</ele>
      </trkpt>
      <trkpt lat="45.1043" lon="-72.16284">
        <ele>230.3</ele>
      </trkpt>
      <trkpt lat="45.1044" lon="-72.16261">
        <ele>231</ele>
      </trkpt>
      <trkpt lat="45.10462" lon="-72.16222">
        <ele>232.3</ele>
      </trkpt>
      <trkpt lat="45.10467" lon="-72.16213">
        <ele>232.6</ele>
      </trkpt>
      <trkpt lat="45.10474" lon="-72.16203">
        <ele>232.9</ele>
      </trkpt>
      <trkpt lat="45.10486" lon="-72.16184">
        <ele>233.5</ele>
      </trkpt>
      <trkpt lat="45.10498" lon="-72.16165">
        <ele>234</ele>
      </trkpt>
      <trkpt lat="45.10507" lon="-72.16149">
        <ele>234.5</ele>
      </trkpt>
      <trkpt lat="45.10519" lon="-72.16124">
        <ele>235.3</ele>
      </trkpt>
      <trkpt lat="45.1055" lon="-72.16062">
        <ele>238</ele>
      </trkpt>
      <trkpt lat="45.1057" lon="-72.1603">
        <ele>239.4</ele>
      </trkpt>
      <trkpt lat="45.105939" lon="-72.15993">
        <ele>240.3</ele>
      </trkpt>
      <trkpt lat="45.10606" lon="-72.15974">
        <ele>240.3</ele>
      </trkpt>
      <trkpt lat="45.1061" lon="-72.15967">
        <ele>240.3</ele>
      </trkpt>
      <trkpt lat="45.10612" lon="-72.15964">
        <ele>240.3</ele>
      </trkpt>
      <trkpt lat="45.10619" lon="-72.15955">
        <ele>240.2</ele>
      </trkpt>
      <trkpt lat="45.106229" lon="-72.15949">
        <ele>240.2</ele>
      </trkpt>
      <trkpt lat="45.10645" lon="-72.15921">
        <ele>240</ele>
      </trkpt>
      <trkpt lat="45.106499" lon="-72.15915">
        <ele>240</ele>
      </trkpt>
      <trkpt lat="45.10658" lon="-72.15904">
        <ele>240.1</ele>
      </trkpt>
      <trkpt lat="45.106879" lon="-72.15864">
        <ele>240.3</ele>
      </trkpt>
      <trkpt lat="45.10706" lon="-72.15832">
        <ele>240.2</ele>
      </trkpt>
      <trkpt lat="45.10713" lon="-72.158199">
        <ele>240</ele>
      </trkpt>
      <trkpt lat="45.10717" lon="-72.158109">
        <ele>240</ele>
      </trkpt>
      <trkpt lat="45.10739" lon="-72.15759">
        <ele>239.7</ele>
      </trkpt>
      <trkpt lat="45.107439" lon="-72.15746">
        <ele>239.6</ele>
      </trkpt>
      <trkpt lat="45.10754" lon="-72.15724">
        <ele>239.1</ele>
      </trkpt>
      <trkpt lat="45.10763" lon="-72.15702">
        <ele>238.4</ele>
      </trkpt>
      <trkpt lat="45.10765" lon="-72.15695">
        <ele>238.1</ele>
      </trkpt>
      <trkpt lat="45.10772" lon="-72.1568">
        <ele>237.3</ele>
      </trkpt>
      <trkpt lat="45.1078" lon="-72.15661">
        <ele>236.2</ele>
      </trkpt>
      <trkpt lat="45.107819" lon="-72.15659">
        <ele>236</ele>
      </trkpt>
      <trkpt lat="45.10802" lon="-72.15618">
        <ele>233.2</ele>
      </trkpt>
      <trkpt lat="45.108199" lon="-72.15585">
        <ele>231.3</ele>
      </trkpt>
      <trkpt lat="45.10842" lon="-72.15541">
        <ele>229.2</ele>
      </trkpt>
      <trkpt lat="45.10845" lon="-72.15535">
        <ele>228.9</ele>
      </trkpt>
      <trkpt lat="45.10855" lon="-72.15513">
        <ele>228</ele>
      </trkpt>
      <trkpt lat="45.10858" lon="-72.15507">
        <ele>227.8</ele>
      </trkpt>
      <trkpt lat="45.10872" lon="-72.15469">
        <ele>226.3</ele>
      </trkpt>
      <trkpt lat="45.10879" lon="-72.1545">
        <ele>225.6</ele>
      </trkpt>
      <trkpt lat="45.1088" lon="-72.15446">
        <ele>225.5</ele>
      </trkpt>
      <trkpt lat="45.10896" lon="-72.154">
        <ele>224</ele>
      </trkpt>
      <trkpt lat="45.10903" lon="-72.15377">
        <ele>223.5</ele>
      </trkpt>
      <trkpt lat="45.10911" lon="-72.15354">
        <ele>223</ele>
      </trkpt>
      <trkpt lat="45.10912" lon="-72.153499">
        <ele>222.9</ele>
      </trkpt>
      <trkpt lat="45.10919" lon="-72.15331">
        <ele>222.6</ele>
      </trkpt>
      <trkpt lat="45.10926" lon="-72.15308">
        <ele>222.2</ele>
      </trkpt>
      <trkpt lat="45.1095" lon="-72.15239">
        <ele>221.1</ele>
      </trkpt>
      <trkpt lat="45.10951" lon="-72.15233">
        <ele>221.1</ele>
      </trkpt>
      <trkpt lat="45.10965" lon="-72.151929">
        <ele>220.4</ele>
      </trkpt>
      <trkpt lat="45.10973" lon="-72.1517">
        <ele>220</ele>
      </trkpt>
      <trkpt lat="45.10986" lon="-72.1513">
        <ele>219.6</ele>
      </trkpt>
      <trkpt lat="45.10989" lon="-72.15124">
        <ele>219.7</ele>
      </trkpt>
      <trkpt lat="45.109969" lon="-72.15101">
        <ele>219.9</ele>
      </trkpt>
      <trkpt lat="45.11013" lon="-72.15056">
        <ele>221.6</ele>
      </trkpt>
      <trkpt lat="45.1103" lon="-72.1501">
        <ele>224.9</ele>
      </trkpt>
      <trkpt lat="45.110439" lon="-72.1497">
        <ele>228</ele>
      </trkpt>
      <trkpt lat="45.11046" lon="-72.14965">
        <ele>228.4</ele>
      </trkpt>
      <trkpt lat="45.11065" lon="-72.14912">
        <ele>232.2</ele>
      </trkpt>
      <trkpt lat="45.1108" lon="-72.14875">
        <ele>234.8</ele>
      </trkpt>
      <trkpt lat="45.11089" lon="-72.148529">
        <ele>236.3</ele>
      </trkpt>
      <trkpt lat="45.11089" lon="-72.148529">
        <ele>236.3</ele>
      </trkpt>
      <trkpt lat="45.1113" lon="-72.14883">
        <ele>235.8</ele>
      </trkpt>
      <trkpt lat="45.11164" lon="-72.14908">
        <ele>235.5</ele>
      </trkpt>
      <trkpt lat="45.111849" lon="-72.14921">
        <ele>235.3</ele>
      </trkpt>
      <trkpt lat="45.11211" lon="-72.14935">
        <ele>235.2</ele>
      </trkpt>
      <trkpt lat="45.11212" lon="-72.14935">
        <ele>235.2</ele>
      </trkpt>
      <trkpt lat="45.11229" lon="-72.14942">
        <ele>235.3</ele>
      </trkpt>
      <trkpt lat="45.11243" lon="-72.149469">
        <ele>235.5</ele>
      </trkpt>
      <trkpt lat="45.11247" lon="-72.14948">
        <ele>235.6</ele>
      </trkpt>
      <trkpt lat="45.11264" lon="-72.14954">
        <ele>235.9</ele>
      </trkpt>
      <trkpt lat="45.11282" lon="-72.1496">
        <ele>236.3</ele>
      </trkpt>
      <trkpt lat="45.11283" lon="-72.1496">
        <ele>236.4</ele>
      </trkpt>
      <trkpt lat="45.11299" lon="-72.14966">
        <ele>236.8</ele>
      </trkpt>
      <trkpt lat="45.11342" lon="-72.14981">
        <ele>237.7</ele>
      </trkpt>
      <trkpt lat="45.11381" lon="-72.14994">
        <ele>238.3</ele>
      </trkpt>
      <trkpt lat="45.11392" lon="-72.14997">
        <ele>238.6</ele>
      </trkpt>
      <trkpt lat="45.11399" lon="-72.14999">
        <ele>238.8</ele>
      </trkpt>
      <trkpt lat="45.11433" lon="-72.15009">
        <ele>240</ele>
      </trkpt>
      <trkpt lat="45.11469" lon="-72.15021">
        <ele>240.9</ele>
      </trkpt>
      <trkpt lat="45.11478" lon="-72.15024">
        <ele>240.9</ele>
      </trkpt>
      <trkpt lat="45.11487" lon="-72.15026">
        <ele>240.9</ele>
      </trkpt>
      <trkpt lat="45.11495" lon="-72.15027">
        <ele>240.9</ele>
      </trkpt>
      <trkpt lat="45.11504" lon="-72.150319">
        <ele>240.6</ele>
      </trkpt>
      <trkpt lat="45.1151" lon="-72.15034">
        <ele>240.4</ele>
      </trkpt>
      <trkpt lat="45.11625" lon="-72.1508">
        <ele>235.2</ele>
      </trkpt>
      <trkpt lat="45.11643" lon="-72.15087">
        <ele>234.7</ele>
      </trkpt>
      <trkpt lat="45.11677" lon="-72.15101">
        <ele>233.9</ele>
      </trkpt>
      <trkpt lat="45.11695" lon="-72.15107">
        <ele>233.6</ele>
      </trkpt>
      <trkpt lat="45.11712" lon="-72.15114">
        <ele>233.2</ele>
      </trkpt>
      <trkpt lat="45.11739" lon="-72.15181">
        <ele>229</ele>
      </trkpt>
      <trkpt lat="45.11748" lon="-72.15203">
        <ele>227.5</ele>
      </trkpt>
      <trkpt lat="45.11801" lon="-72.15336">
        <ele>218.9</ele>
      </trkpt>
      <trkpt lat="45.1181" lon="-72.15358">
        <ele>217.1</ele>
      </trkpt>
      <trkpt lat="45.11837" lon="-72.15424">
        <ele>213.2</ele>
      </trkpt>
      <trkpt lat="45.11845" lon="-72.15446">
        <ele>212.8</ele>
      </trkpt>
      <trkpt lat="45.118519" lon="-72.15462">
        <ele>212.8</ele>
      </trkpt>
      <trkpt lat="45.11869" lon="-72.15515">
        <ele>212.8</ele>
      </trkpt>
      <trkpt lat="45.11885" lon="-72.15565">
        <ele>212.9</ele>
      </trkpt>
      <trkpt lat="45.11891" lon="-72.15585">
        <ele>212.9</ele>
      </trkpt>
      <trkpt lat="45.11898" lon="-72.15609">
        <ele>212.9</ele>
      </trkpt>
      <trkpt lat="45.119079" lon="-72.15646">
        <ele>212.9</ele>
      </trkpt>
      <trkpt lat="45.11915" lon="-72.156809">
        <ele>212.8</ele>
      </trkpt>
      <trkpt lat="45.11928" lon="-72.1575">
        <ele>212.7</ele>
      </trkpt>
      <trkpt lat="45.11932" lon="-72.1578">
        <ele>212.8</ele>
      </trkpt>
      <trkpt lat="45.1194" lon="-72.15841">
        <ele>213.1</ele>
      </trkpt>
      <trkpt lat="45.11947" lon="-72.159319">
        <ele>214.1</ele>
      </trkpt>
      <trkpt lat="45.11958" lon="-72.16038">
        <ele>217.4</ele>
      </trkpt>
      <trkpt lat="45.1196" lon="-72.16057">
        <ele>218.4</ele>
      </trkpt>
      <trkpt lat="45.11963" lon="-72.16114">
        <ele>220.8</ele>
      </trkpt>
      <trkpt lat="45.119639" lon="-72.16124">
        <ele>221.3</ele>
      </trkpt>
      <trkpt lat="45.11967" lon="-72.16181">
        <ele>224.5</ele>
      </trkpt>
      <trkpt lat="45.11968" lon="-72.16242">
        <ele>228.4</ele>
      </trkpt>
      <trkpt lat="45.11968" lon="-72.16249">
        <ele>228.8</ele>
      </trkpt>
      <trkpt lat="45.11967" lon="-72.16293">
        <ele>230.6</ele>
      </trkpt>
      <trkpt lat="45.11967" lon="-72.16301">
        <ele>230.9</ele>
      </trkpt>
      <trkpt lat="45.11965" lon="-72.16341">
        <ele>232.7</ele>
      </trkpt>
      <trkpt lat="45.11963" lon="-72.16388">
        <ele>235.6</ele>
      </trkpt>
      <trkpt lat="45.11962" lon="-72.16426">
        <ele>237.7</ele>
      </trkpt>
      <trkpt lat="45.119639" lon="-72.1645">
        <ele>238.9</ele>
      </trkpt>
      <trkpt lat="45.11967" lon="-72.16481">
        <ele>240</ele>
      </trkpt>
      <trkpt lat="45.11969" lon="-72.16495">
        <ele>240.5</ele>
      </trkpt>
      <trkpt lat="45.119729" lon="-72.1652">
        <ele>241.5</ele>
      </trkpt>
      <trkpt lat="45.11974" lon="-72.16524">
        <ele>241.7</ele>
      </trkpt>
      <trkpt lat="45.11979" lon="-72.16545">
        <ele>242.7</ele>
      </trkpt>
      <trkpt lat="45.11981" lon="-72.165539">
        <ele>243.1</ele>
      </trkpt>
      <trkpt lat="45.11988" lon="-72.16579">
        <ele>244.2</ele>
      </trkpt>
      <trkpt lat="45.119929" lon="-72.16591">
        <ele>244.7</ele>
      </trkpt>
      <trkpt lat="45.11998" lon="-72.16602">
        <ele>245.2</ele>
      </trkpt>
      <trkpt lat="45.12003" lon="-72.16613">
        <ele>245.5</ele>
      </trkpt>
      <trkpt lat="45.12014" lon="-72.16637">
        <ele>245.9</ele>
      </trkpt>
      <trkpt lat="45.12045" lon="-72.16696">
        <ele>246.8</ele>
      </trkpt>
      <trkpt lat="45.12066" lon="-72.16736">
        <ele>247.9</ele>
      </trkpt>
      <trkpt lat="45.12088" lon="-72.16777">
        <ele>248.9</ele>
      </trkpt>
      <trkpt lat="45.12089" lon="-72.16781">
        <ele>248.9</ele>
      </trkpt>
      <trkpt lat="45.12117" lon="-72.16827">
        <ele>249.5</ele>
      </trkpt>
      <trkpt lat="45.121339" lon="-72.16856">
        <ele>249.8</ele>
      </trkpt>
      <trkpt lat="45.121519" lon="-72.16885">
        <ele>250.2</ele>
      </trkpt>
      <trkpt lat="45.12158" lon="-72.16894">
        <ele>250.3</ele>
      </trkpt>
      <trkpt lat="45.12165" lon="-72.16906">
        <ele>250.4</ele>
      </trkpt>
      <trkpt lat="45.1217" lon="-72.16913">
        <ele>250.5</ele>
      </trkpt>
      <trkpt lat="45.12183" lon="-72.16934">
        <ele>250.5</ele>
      </trkpt>
      <trkpt lat="45.12197" lon="-72.169569">
        <ele>250.2</ele>
      </trkpt>
      <trkpt lat="45.12213" lon="-72.16989">
        <ele>249</ele>
      </trkpt>
      <trkpt lat="45.12227" lon="-72.17019">
        <ele>247.3</ele>
      </trkpt>
      <trkpt lat="45.12232" lon="-72.17036">
        <ele>246.2</ele>
      </trkpt>
      <trkpt lat="45.12235" lon="-72.17045">
        <ele>245.6</ele>
      </trkpt>
      <trkpt lat="45.12242" lon="-72.17076">
        <ele>243.8</ele>
      </trkpt>
      <trkpt lat="45.12247" lon="-72.171049">
        <ele>242.9</ele>
      </trkpt>
      <trkpt lat="45.12254" lon="-72.171539">
        <ele>242.9</ele>
      </trkpt>
      <trkpt lat="45.12258" lon="-72.17178">
        <ele>242.9</ele>
      </trkpt>
      <trkpt lat="45.12259" lon="-72.17184">
        <ele>242.9</ele>
      </trkpt>
      <trkpt lat="45.1227" lon="-72.17233">
        <ele>242.9</ele>
      </trkpt>
      <trkpt lat="45.1227" lon="-72.17233">
        <ele>242.9</ele>
      </trkpt>
      <trkpt lat="45.12309" lon="-72.17207">
        <ele>242.9</ele>
      </trkpt>
      <trkpt lat="45.12341" lon="-72.171809">
        <ele>242.9</ele>
      </trkpt>
      <trkpt lat="45.12368" lon="-72.17158">
        <ele>242.9</ele>
      </trkpt>
      <trkpt lat="45.12381" lon="-72.171449">
        <ele>242.9</ele>
      </trkpt>
      <trkpt lat="45.12418" lon="-72.17107">
        <ele>242.9</ele>
      </trkpt>
      <trkpt lat="45.12436" lon="-72.1709">
        <ele>243.1</ele>
      </trkpt>
      <trkpt lat="45.12471" lon="-72.17057">
        <ele>245.8</ele>
      </trkpt>
      <trkpt lat="45.12496" lon="-72.17034">
        <ele>247.3</ele>
      </trkpt>
      <trkpt lat="45.12525" lon="-72.1701">
        <ele>247.4</ele>
      </trkpt>
      <trkpt lat="45.12533" lon="-72.17004">
        <ele>247.2</ele>
      </trkpt>
      <trkpt lat="45.12574" lon="-72.16979">
        <ele>246.5</ele>
      </trkpt>
      <trkpt lat="45.12603" lon="-72.16964">
        <ele>247.5</ele>
      </trkpt>
      <trkpt lat="45.1262" lon="-72.169569">
        <ele>248.3</ele>
      </trkpt>
      <trkpt lat="45.1266" lon="-72.16946">
        <ele>250.1</ele>
      </trkpt>
      <trkpt lat="45.127" lon="-72.1694">
        <ele>251</ele>
      </trkpt>
      <trkpt lat="45.12731" lon="-72.16937">
        <ele>250.7</ele>
      </trkpt>
      <trkpt lat="45.12762" lon="-72.16938">
        <ele>248.6</ele>
      </trkpt>
      <trkpt lat="45.12801" lon="-72.1694">
        <ele>245.2</ele>
      </trkpt>
      <trkpt lat="45.12831" lon="-72.16944">
        <ele>243</ele>
      </trkpt>
      <trkpt lat="45.12885" lon="-72.1695">
        <ele>242.9</ele>
      </trkpt>
      <trkpt lat="45.12939" lon="-72.169569">
        <ele>242.9</ele>
      </trkpt>
      <trkpt lat="45.12982" lon="-72.16961">
        <ele>242.9</ele>
      </trkpt>
      <trkpt lat="45.12997" lon="-72.16962">
        <ele>242.8</ele>
      </trkpt>
      <trkpt lat="45.13" lon="-72.16962">
        <ele>242.8</ele>
      </trkpt>
      <trkpt lat="45.13037" lon="-72.16964">
        <ele>243.4</ele>
      </trkpt>
      <trkpt lat="45.13058" lon="-72.16963">
        <ele>244.1</ele>
      </trkpt>
      <trkpt lat="45.13087" lon="-72.16958">
        <ele>245.4</ele>
      </trkpt>
      <trkpt lat="45.13106" lon="-72.16953">
        <ele>246.5</ele>
      </trkpt>
      <trkpt lat="45.13116" lon="-72.16949">
        <ele>247.2</ele>
      </trkpt>
      <trkpt lat="45.13132" lon="-72.16943">
        <ele>248.5</ele>
      </trkpt>
      <trkpt lat="45.13142" lon="-72.16939">
        <ele>249.3</ele>
      </trkpt>
      <trkpt lat="45.13146" lon="-72.16937">
        <ele>249.7</ele>
      </trkpt>
      <trkpt lat="45.13159" lon="-72.1693">
        <ele>251</ele>
      </trkpt>
      <trkpt lat="45.13165" lon="-72.16926">
        <ele>251.7</ele>
      </trkpt>
      <trkpt lat="45.131749" lon="-72.16919">
        <ele>252.8</ele>
      </trkpt>
      <trkpt lat="45.13207" lon="-72.16895">
        <ele>256.4</ele>
      </trkpt>
      <trkpt lat="45.132309" lon="-72.16879">
        <ele>258.5</ele>
      </trkpt>
      <trkpt lat="45.13255" lon="-72.16862">
        <ele>260.1</ele>
      </trkpt>
      <trkpt lat="45.13271" lon="-72.1685">
        <ele>261.1</ele>
      </trkpt>
      <trkpt lat="45.132869" lon="-72.16839">
        <ele>262</ele>
      </trkpt>
      <trkpt lat="45.13306" lon="-72.16825">
        <ele>263</ele>
      </trkpt>
      <trkpt lat="45.13339" lon="-72.16797">
        <ele>264.7</ele>
      </trkpt>
      <trkpt lat="45.1337" lon="-72.167689">
        <ele>265.1</ele>
      </trkpt>
      <trkpt lat="45.1339" lon="-72.16747">
        <ele>264.9</ele>
      </trkpt>
      <trkpt lat="45.13403" lon="-72.1673">
        <ele>264.8</ele>
      </trkpt>
      <trkpt lat="45.13406" lon="-72.16725">
        <ele>264.9</ele>
      </trkpt>
      <trkpt lat="45.13415" lon="-72.16713">
        <ele>264.8</ele>
      </trkpt>
      <trkpt lat="45.134189" lon="-72.16707">
        <ele>264.8</ele>
      </trkpt>
      <trkpt lat="45.1343" lon="-72.16687">
        <ele>265</ele>
      </trkpt>
      <trkpt lat="45.13431" lon="-72.16686">
        <ele>265</ele>
      </trkpt>
      <trkpt lat="45.13441" lon="-72.16667">
        <ele>265.3</ele>
      </trkpt>
      <trkpt lat="45.13447" lon="-72.16658">
        <ele>265.3</ele>
      </trkpt>
      <trkpt lat="45.13452" lon="-72.16647">
        <ele>265.5</ele>
      </trkpt>
      <trkpt lat="45.13462" lon="-72.16626">
        <ele>265.8</ele>
      </trkpt>
      <trkpt lat="45.13463" lon="-72.16625">
        <ele>265.7</ele>
      </trkpt>
      <trkpt lat="45.13468" lon="-72.16611">
        <ele>266.1</ele>
      </trkpt>
      <trkpt lat="45.13471" lon="-72.16604">
        <ele>266.1</ele>
      </trkpt>
      <trkpt lat="45.1348" lon="-72.165809">
        <ele>266.5</ele>
      </trkpt>
      <trkpt lat="45.13488" lon="-72.16559">
        <ele>267</ele>
      </trkpt>
      <trkpt lat="45.13491" lon="-72.1655">
        <ele>267.2</ele>
      </trkpt>
      <trkpt lat="45.13496" lon="-72.16536">
        <ele>267.5</ele>
      </trkpt>
      <trkpt lat="45.13496" lon="-72.16535">
        <ele>267.6</ele>
      </trkpt>
      <trkpt lat="45.13503" lon="-72.16511">
        <ele>268.2</ele>
      </trkpt>
      <trkpt lat="45.13523" lon="-72.16431">
        <ele>268.1</ele>
      </trkpt>
      <trkpt lat="45.13574" lon="-72.162229">
        <ele>268.3</ele>
      </trkpt>
      <trkpt lat="45.13585" lon="-72.161779">
        <ele>268.2</ele>
      </trkpt>
      <trkpt lat="45.13586" lon="-72.16175">
        <ele>268.1</ele>
      </trkpt>
      <trkpt lat="45.136" lon="-72.16128">
        <ele>267.5</ele>
      </trkpt>
      <trkpt lat="45.136069" lon="-72.16105">
        <ele>267.1</ele>
      </trkpt>
      <trkpt lat="45.13626" lon="-72.16037">
        <ele>266.3</ele>
      </trkpt>
      <trkpt lat="45.13637" lon="-72.16012">
        <ele>266</ele>
      </trkpt>
      <trkpt lat="45.13658" lon="-72.15958">
        <ele>265.9</ele>
      </trkpt>
      <trkpt lat="45.13674" lon="-72.15925">
        <ele>265.9</ele>
      </trkpt>
      <trkpt lat="45.13699" lon="-72.15874">
        <ele>266.1</ele>
      </trkpt>
      <trkpt lat="45.13705" lon="-72.15863">
        <ele>266.1</ele>
      </trkpt>
      <trkpt lat="45.13716" lon="-72.15842">
        <ele>266.1</ele>
      </trkpt>
      <trkpt lat="45.13726" lon="-72.15824">
        <ele>266.1</ele>
      </trkpt>
      <trkpt lat="45.1375" lon="-72.15783">
        <ele>266</ele>
      </trkpt>
      <trkpt lat="45.13761" lon="-72.15763">
        <ele>266.1</ele>
      </trkpt>
      <trkpt lat="45.13773" lon="-72.15743">
        <ele>266.5</ele>
      </trkpt>
      <trkpt lat="45.13807" lon="-72.15684">
        <ele>268</ele>
      </trkpt>
      <trkpt lat="45.13818" lon="-72.15664">
        <ele>268.4</ele>
      </trkpt>
      <trkpt lat="45.13875" lon="-72.15565">
        <ele>270.6</ele>
      </trkpt>
      <trkpt lat="45.13887" lon="-72.15539">
        <ele>271.1</ele>
      </trkpt>
      <trkpt lat="45.139069" lon="-72.15504">
        <ele>271.2</ele>
      </trkpt>
      <trkpt lat="45.13913" lon="-72.15495">
        <ele>271.1</ele>
      </trkpt>
      <trkpt lat="45.13918" lon="-72.15487">
        <ele>271.1</ele>
      </trkpt>
      <trkpt lat="45.13927" lon="-72.15476">
        <ele>271</ele>
      </trkpt>
      <trkpt lat="45.13933" lon="-72.15469">
        <ele>271</ele>
      </trkpt>
      <trkpt lat="45.13941" lon="-72.15459">
        <ele>271</ele>
      </trkpt>
      <trkpt lat="45.13944" lon="-72.15456">
        <ele>271</ele>
      </trkpt>
      <trkpt lat="45.13958" lon="-72.15441">
        <ele>271</ele>
      </trkpt>
      <trkpt lat="45.13991" lon="-72.15413">
        <ele>270.8</ele>
      </trkpt>
      <trkpt lat="45.14051" lon="-72.15369">
        <ele>269.7</ele>
      </trkpt>
      <trkpt lat="45.140659" lon="-72.15358">
        <ele>269.6</ele>
      </trkpt>
      <trkpt lat="45.14082" lon="-72.15346">
        <ele>269.5</ele>
      </trkpt>
      <trkpt lat="45.1413" lon="-72.15312">
        <ele>270.1</ele>
      </trkpt>
      <trkpt lat="45.14147" lon="-72.15304">
        <ele>270.4</ele>
      </trkpt>
      <trkpt lat="45.14291" lon="-72.151929">
        <ele>270.4</ele>
      </trkpt>
      <trkpt lat="45.14338" lon="-72.15155">
        <ele>271.8</ele>
      </trkpt>
      <trkpt lat="45.14354" lon="-72.15142">
        <ele>272.3</ele>
      </trkpt>
      <trkpt lat="45.14402" lon="-72.15102">
        <ele>273.4</ele>
      </trkpt>
      <trkpt lat="45.14465" lon="-72.15052">
        <ele>275.1</ele>
      </trkpt>
      <trkpt lat="45.14512" lon="-72.150139">
        <ele>277</ele>
      </trkpt>
      <trkpt lat="45.14679" lon="-72.14881">
        <ele>280.9</ele>
      </trkpt>
      <trkpt lat="45.14838" lon="-72.14756">
        <ele>293</ele>
      </trkpt>
      <trkpt lat="45.14857" lon="-72.147409">
        <ele>293.6</ele>
      </trkpt>
      <trkpt lat="45.14878" lon="-72.14724">
        <ele>294.1</ele>
      </trkpt>
      <trkpt lat="45.14908" lon="-72.14702">
        <ele>294.7</ele>
      </trkpt>
      <trkpt lat="45.14937" lon="-72.14684">
        <ele>295.3</ele>
      </trkpt>
      <trkpt lat="45.14951" lon="-72.14679">
        <ele>295.3</ele>
      </trkpt>
      <trkpt lat="45.14976" lon="-72.14669">
        <ele>295.5</ele>
      </trkpt>
      <trkpt lat="45.14987" lon="-72.14666">
        <ele>295.4</ele>
      </trkpt>
      <trkpt lat="45.14994" lon="-72.146649">
        <ele>295.3</ele>
      </trkpt>
      <trkpt lat="45.15012" lon="-72.14661">
        <ele>295</ele>
      </trkpt>
      <trkpt lat="45.15019" lon="-72.14659">
        <ele>294.9</ele>
      </trkpt>
      <trkpt lat="45.1504" lon="-72.14657">
        <ele>294.4</ele>
      </trkpt>
      <trkpt lat="45.15066" lon="-72.14657">
        <ele>293.5</ele>
      </trkpt>
      <trkpt lat="45.15099" lon="-72.14658">
        <ele>292.3</ele>
      </trkpt>
      <trkpt lat="45.15102" lon="-72.14658">
        <ele>292.2</ele>
      </trkpt>
      <trkpt lat="45.15137" lon="-72.14661">
        <ele>290.8</ele>
      </trkpt>
      <trkpt lat="45.15173" lon="-72.14663">
        <ele>289.9</ele>
      </trkpt>
      <trkpt lat="45.15209" lon="-72.14666">
        <ele>289</ele>
      </trkpt>
      <trkpt lat="45.152299" lon="-72.14667">
        <ele>288.4</ele>
      </trkpt>
      <trkpt lat="45.15272" lon="-72.14661">
        <ele>287.1</ele>
      </trkpt>
      <trkpt lat="45.15332" lon="-72.146469">
        <ele>283.5</ele>
      </trkpt>
      <trkpt lat="45.15369" lon="-72.14634">
        <ele>282.1</ele>
      </trkpt>
      <trkpt lat="45.15386" lon="-72.14627">
        <ele>281.9</ele>
      </trkpt>
      <trkpt lat="45.15392" lon="-72.14625">
        <ele>281.8</ele>
      </trkpt>
      <trkpt lat="45.15468" lon="-72.14592">
        <ele>279.9</ele>
      </trkpt>
      <trkpt lat="45.15479" lon="-72.14587">
        <ele>279.3</ele>
      </trkpt>
      <trkpt lat="45.15479" lon="-72.14587">
        <ele>279.3</ele>
      </trkpt>
      <trkpt lat="45.15478" lon="-72.14572">
        <ele>281</ele>
      </trkpt>
      <trkpt lat="45.15478" lon="-72.14564">
        <ele>281.9</ele>
      </trkpt>
      <trkpt lat="45.15479" lon="-72.14536">
        <ele>285.2</ele>
      </trkpt>
      <trkpt lat="45.15481" lon="-72.14434">
        <ele>296.3</ele>
      </trkpt>
      <trkpt lat="45.15482" lon="-72.14408">
        <ele>298.4</ele>
      </trkpt>
      <trkpt lat="45.15482" lon="-72.14406">
        <ele>298.6</ele>
      </trkpt>
      <trkpt lat="45.15482" lon="-72.14383">
        <ele>300.2</ele>
      </trkpt>
      <trkpt lat="45.15484" lon="-72.14332">
        <ele>303</ele>
      </trkpt>
      <trkpt lat="45.15484" lon="-72.14306">
        <ele>304.3</ele>
      </trkpt>
      <trkpt lat="45.15485" lon="-72.14281">
        <ele>305.5</ele>
      </trkpt>
      <trkpt lat="45.15487" lon="-72.14204">
        <ele>309.1</ele>
      </trkpt>
      <trkpt lat="45.15488" lon="-72.14179">
        <ele>310.1</ele>
      </trkpt>
      <trkpt lat="45.1549" lon="-72.14077">
        <ele>313</ele>
      </trkpt>
      <trkpt lat="45.15492" lon="-72.14026">
        <ele>315.1</ele>
      </trkpt>
      <trkpt lat="45.15493" lon="-72.13975">
        <ele>317.5</ele>
      </trkpt>
      <trkpt lat="45.15495" lon="-72.13898">
        <ele>320.8</ele>
      </trkpt>
      <trkpt lat="45.15496" lon="-72.13873">
        <ele>321.7</ele>
      </trkpt>
      <trkpt lat="45.15497" lon="-72.13848">
        <ele>322.6</ele>
      </trkpt>
      <trkpt lat="45.15497" lon="-72.13822">
        <ele>323.6</ele>
      </trkpt>
      <trkpt lat="45.15499" lon="-72.13771">
        <ele>325.3</ele>
      </trkpt>
      <trkpt lat="45.155" lon="-72.13742">
        <ele>326</ele>
      </trkpt>
      <trkpt lat="45.155" lon="-72.1373">
        <ele>326.3</ele>
      </trkpt>
      <trkpt lat="45.15502" lon="-72.1372">
        <ele>326.4</ele>
      </trkpt>
      <trkpt lat="45.155029" lon="-72.13714">
        <ele>326.5</ele>
      </trkpt>
      <trkpt lat="45.15509" lon="-72.13685">
        <ele>327</ele>
      </trkpt>
      <trkpt lat="45.155119" lon="-72.136709">
        <ele>327.2</ele>
      </trkpt>
      <trkpt lat="45.15513" lon="-72.13668">
        <ele>327.3</ele>
      </trkpt>
      <trkpt lat="45.15519" lon="-72.13648">
        <ele>327.7</ele>
      </trkpt>
      <trkpt lat="45.15533" lon="-72.13601">
        <ele>328.6</ele>
      </trkpt>
      <trkpt lat="45.15542" lon="-72.13569">
        <ele>328.6</ele>
      </trkpt>
      <trkpt lat="45.15547" lon="-72.13554">
        <ele>328.5</ele>
      </trkpt>
      <trkpt lat="45.15595" lon="-72.13399">
        <ele>329.4</ele>
      </trkpt>
      <trkpt lat="45.15626" lon="-72.1329">
        <ele>331.7</ele>
      </trkpt>
      <trkpt lat="45.15643" lon="-72.13224">
        <ele>333.8</ele>
      </trkpt>
      <trkpt lat="45.15654" lon="-72.13182">
        <ele>335.2</ele>
      </trkpt>
      <trkpt lat="45.156619" lon="-72.13152">
        <ele>336.5</ele>
      </trkpt>
      <trkpt lat="45.15691" lon="-72.13032">
        <ele>341.3</ele>
      </trkpt>
      <trkpt lat="45.15703" lon="-72.12983">
        <ele>342.4</ele>
      </trkpt>
      <trkpt lat="45.15707" lon="-72.12969">
        <ele>342.6</ele>
      </trkpt>
      <trkpt lat="45.15739" lon="-72.12839">
        <ele>346.3</ele>
      </trkpt>
      <trkpt lat="45.15762" lon="-72.12742">
        <ele>348.3</ele>
      </trkpt>
      <trkpt lat="45.15768" lon="-72.12718">
        <ele>348.5</ele>
      </trkpt>
      <trkpt lat="45.15787" lon="-72.12641">
        <ele>349.3</ele>
      </trkpt>
      <trkpt lat="45.15795" lon="-72.12598">
        <ele>350.2</ele>
      </trkpt>
      <trkpt lat="45.158" lon="-72.125739">
        <ele>350.6</ele>
      </trkpt>
      <trkpt lat="45.158029" lon="-72.12562">
        <ele>350.8</ele>
      </trkpt>
      <trkpt lat="45.15805" lon="-72.12549">
        <ele>351.1</ele>
      </trkpt>
      <trkpt lat="45.1581" lon="-72.12525">
        <ele>351.6</ele>
      </trkpt>
      <trkpt lat="45.1581" lon="-72.12525">
        <ele>351.6</ele>
      </trkpt>
      <trkpt lat="45.1582" lon="-72.12476">
        <ele>352.9</ele>
      </trkpt>
      <trkpt lat="45.1582" lon="-72.12475">
        <ele>353</ele>
      </trkpt>
      <trkpt lat="45.15824" lon="-72.12451">
        <ele>353.8</ele>
      </trkpt>
      <trkpt lat="45.15829" lon="-72.12426">
        <ele>354.5</ele>
      </trkpt>
      <trkpt lat="45.15847" lon="-72.12328">
        <ele>356.9</ele>
      </trkpt>
      <trkpt lat="45.15851" lon="-72.12303">
        <ele>357.6</ele>
      </trkpt>
      <trkpt lat="45.15857" lon="-72.1227">
        <ele>358.4</ele>
      </trkpt>
      <trkpt lat="45.15865" lon="-72.12229">
        <ele>359.4</ele>
      </trkpt>
      <trkpt lat="45.158679" lon="-72.12215">
        <ele>359.8</ele>
      </trkpt>
      <trkpt lat="45.1587" lon="-72.12204">
        <ele>360.1</ele>
      </trkpt>
      <trkpt lat="45.15874" lon="-72.12179">
        <ele>360.9</ele>
      </trkpt>
      <trkpt lat="45.15878" lon="-72.12158">
        <ele>361.8</ele>
      </trkpt>
      <trkpt lat="45.15879" lon="-72.12155">
        <ele>361.9</ele>
      </trkpt>
      <trkpt lat="45.15886" lon="-72.12119">
        <ele>363.5</ele>
      </trkpt>
      <trkpt lat="45.15893" lon="-72.1209">
        <ele>364.8</ele>
      </trkpt>
      <trkpt lat="45.159" lon="-72.12065">
        <ele>365.8</ele>
      </trkpt>
      <trkpt lat="45.15902" lon="-72.12057">
        <ele>366.2</ele>
      </trkpt>
      <trkpt lat="45.1591" lon="-72.12035">
        <ele>366.9</ele>
      </trkpt>
      <trkpt lat="45.15914" lon="-72.12022">
        <ele>367.5</ele>
      </trkpt>
      <trkpt lat="45.15925" lon="-72.11994">
        <ele>368.5</ele>
      </trkpt>
      <trkpt lat="45.15927" lon="-72.1199">
        <ele>368.5</ele>
      </trkpt>
      <trkpt lat="45.15936" lon="-72.11969">
        <ele>369.1</ele>
      </trkpt>
      <trkpt lat="45.15972" lon="-72.118889">
        <ele>371.1</ele>
      </trkpt>
      <trkpt lat="45.15985" lon="-72.11862">
        <ele>372.2</ele>
      </trkpt>
      <trkpt lat="45.16004" lon="-72.11823">
        <ele>373.7</ele>
      </trkpt>
      <trkpt lat="45.16017" lon="-72.118">
        <ele>374</ele>
      </trkpt>
      <trkpt lat="45.16025" lon="-72.11785">
        <ele>374.1</ele>
      </trkpt>
      <trkpt lat="45.1604" lon="-72.11763">
        <ele>373.9</ele>
      </trkpt>
      <trkpt lat="45.16041" lon="-72.11762">
        <ele>373.9</ele>
      </trkpt>
      <trkpt lat="45.160559" lon="-72.11745">
        <ele>373.5</ele>
      </trkpt>
      <trkpt lat="45.16097" lon="-72.117009">
        <ele>373.3</ele>
      </trkpt>
      <trkpt lat="45.16128" lon="-72.11672">
        <ele>373.2</ele>
      </trkpt>
      <trkpt lat="45.16143" lon="-72.11657">
        <ele>373.2</ele>
      </trkpt>
      <trkpt lat="45.16158" lon="-72.11645">
        <ele>373</ele>
      </trkpt>
      <trkpt lat="45.16183" lon="-72.116249">
        <ele>372.8</ele>
      </trkpt>
      <trkpt lat="45.16189" lon="-72.11621">
        <ele>372.8</ele>
      </trkpt>
      <trkpt lat="45.16213" lon="-72.11605">
        <ele>372.7</ele>
      </trkpt>
      <trkpt lat="45.16249" lon="-72.11584">
        <ele>372</ele>
      </trkpt>
      <trkpt lat="45.16265" lon="-72.11573">
        <ele>371.5</ele>
      </trkpt>
      <trkpt lat="45.16266" lon="-72.11573">
        <ele>371.4</ele>
      </trkpt>
      <trkpt lat="45.16282" lon="-72.11564">
        <ele>370.7</ele>
      </trkpt>
      <trkpt lat="45.16298" lon="-72.11554">
        <ele>370.2</ele>
      </trkpt>
      <trkpt lat="45.16315" lon="-72.11544">
        <ele>370.1</ele>
      </trkpt>
      <trkpt lat="45.16316" lon="-72.11543">
        <ele>370.1</ele>
      </trkpt>
      <trkpt lat="45.16348" lon="-72.115219">
        <ele>371.8</ele>
      </trkpt>
      <trkpt lat="45.16381" lon="-72.11502">
        <ele>374.6</ele>
      </trkpt>
      <trkpt lat="45.16388" lon="-72.11497">
        <ele>375.3</ele>
      </trkpt>
      <trkpt lat="45.16397" lon="-72.1149">
        <ele>376.3</ele>
      </trkpt>
      <trkpt lat="45.16413" lon="-72.11479">
        <ele>377.8</ele>
      </trkpt>
      <trkpt lat="45.1643" lon="-72.11467">
        <ele>379.2</ele>
      </trkpt>
      <trkpt lat="45.16502" lon="-72.11417">
        <ele>382</ele>
      </trkpt>
      <trkpt lat="45.16526" lon="-72.114">
        <ele>382.5</ele>
      </trkpt>
      <trkpt lat="45.16556" lon="-72.11379">
        <ele>382.5</ele>
      </trkpt>
      <trkpt lat="45.16558" lon="-72.11378">
        <ele>382.4</ele>
      </trkpt>
      <trkpt lat="45.16574" lon="-72.11367">
        <ele>382.1</ele>
      </trkpt>
      <trkpt lat="45.165909" lon="-72.11356">
        <ele>381.5</ele>
      </trkpt>
      <trkpt lat="45.16604" lon="-72.11346">
        <ele>381.1</ele>
      </trkpt>
      <trkpt lat="45.16624" lon="-72.11336">
        <ele>380.1</ele>
      </trkpt>
      <trkpt lat="45.16624" lon="-72.11336">
        <ele>380.1</ele>
      </trkpt>
      <trkpt lat="45.16634" lon="-72.11328">
        <ele>379.8</ele>
      </trkpt>
      <trkpt lat="45.16649" lon="-72.11317">
        <ele>379.1</ele>
      </trkpt>
      <trkpt lat="45.166559" lon="-72.11312">
        <ele>378.8</ele>
      </trkpt>
      <trkpt lat="45.16673" lon="-72.113">
        <ele>377.8</ele>
      </trkpt>
      <trkpt lat="45.16682" lon="-72.11293">
        <ele>377.2</ele>
      </trkpt>
      <trkpt lat="45.16697" lon="-72.11281">
        <ele>376.1</ele>
      </trkpt>
      <trkpt lat="45.16698" lon="-72.112799">
        <ele>376.1</ele>
      </trkpt>
      <trkpt lat="45.16717" lon="-72.11262">
        <ele>374.4</ele>
      </trkpt>
      <trkpt lat="45.16727" lon="-72.11251">
        <ele>373.4</ele>
      </trkpt>
      <trkpt lat="45.16735" lon="-72.11242">
        <ele>372.5</ele>
      </trkpt>
      <trkpt lat="45.167409" lon="-72.11234">
        <ele>371.7</ele>
      </trkpt>
      <trkpt lat="45.16754" lon="-72.11218">
        <ele>370.2</ele>
      </trkpt>
      <trkpt lat="45.16755" lon="-72.11216">
        <ele>370</ele>
      </trkpt>
      <trkpt lat="45.16767" lon="-72.11199">
        <ele>368.5</ele>
      </trkpt>
      <trkpt lat="45.16778" lon="-72.11181">
        <ele>367</ele>
      </trkpt>
      <trkpt lat="45.167789" lon="-72.11181">
        <ele>367</ele>
      </trkpt>
      <trkpt lat="45.16816" lon="-72.11126">
        <ele>362.4</ele>
      </trkpt>
      <trkpt lat="45.16817" lon="-72.11125">
        <ele>362.3</ele>
      </trkpt>
      <trkpt lat="45.16825" lon="-72.11113">
        <ele>361.3</ele>
      </trkpt>
      <trkpt lat="45.16829" lon="-72.11107">
        <ele>360.8</ele>
      </trkpt>
      <trkpt lat="45.168529" lon="-72.11071">
        <ele>358</ele>
      </trkpt>
      <trkpt lat="45.16854" lon="-72.1107">
        <ele>357.9</ele>
      </trkpt>
      <trkpt lat="45.16865" lon="-72.11054">
        <ele>356.7</ele>
      </trkpt>
      <trkpt lat="45.16866" lon="-72.110519">
        <ele>356.5</ele>
      </trkpt>
      <trkpt lat="45.16892" lon="-72.110159">
        <ele>354</ele>
      </trkpt>
      <trkpt lat="45.16905" lon="-72.10999">
        <ele>352.7</ele>
      </trkpt>
      <trkpt lat="45.16923" lon="-72.10975">
        <ele>350.7</ele>
      </trkpt>
      <trkpt lat="45.16946" lon="-72.10948">
        <ele>348.1</ele>
      </trkpt>
      <trkpt lat="45.16967" lon="-72.109219">
        <ele>345.5</ele>
      </trkpt>
      <trkpt lat="45.17012" lon="-72.10877">
        <ele>341.2</ele>
      </trkpt>
      <trkpt lat="45.170319" lon="-72.10856">
        <ele>339.7</ele>
      </trkpt>
      <trkpt lat="45.17061" lon="-72.10827">
        <ele>337.7</ele>
      </trkpt>
      <trkpt lat="45.17067" lon="-72.10821">
        <ele>337.3</ele>
      </trkpt>
      <trkpt lat="45.1709" lon="-72.10797">
        <ele>335.8</ele>
      </trkpt>
      <trkpt lat="45.17119" lon="-72.10768">
        <ele>334.4</ele>
      </trkpt>
      <trkpt lat="45.1712" lon="-72.10767">
        <ele>334.4</ele>
      </trkpt>
      <trkpt lat="45.17129" lon="-72.10757">
        <ele>334.1</ele>
      </trkpt>
      <trkpt lat="45.17134" lon="-72.107519">
        <ele>334</ele>
      </trkpt>
      <trkpt lat="45.17149" lon="-72.10737">
        <ele>333.8</ele>
      </trkpt>
      <trkpt lat="45.17207" lon="-72.10678">
        <ele>334</ele>
      </trkpt>
      <trkpt lat="45.17207" lon="-72.10677">
        <ele>334.1</ele>
      </trkpt>
      <trkpt lat="45.17213" lon="-72.10671">
        <ele>334.3</ele>
      </trkpt>
      <trkpt lat="45.1725" lon="-72.10633">
        <ele>338.4</ele>
      </trkpt>
      <trkpt lat="45.17251" lon="-72.10632">
        <ele>338.6</ele>
      </trkpt>
      <trkpt lat="45.17265" lon="-72.10618">
        <ele>341.2</ele>
      </trkpt>
      <trkpt lat="45.17266" lon="-72.10617">
        <ele>341.3</ele>
      </trkpt>
      <trkpt lat="45.17273" lon="-72.1061">
        <ele>342.7</ele>
      </trkpt>
      <trkpt lat="45.1728" lon="-72.10602">
        <ele>344.3</ele>
      </trkpt>
      <trkpt lat="45.17308" lon="-72.10573">
        <ele>350.1</ele>
      </trkpt>
      <trkpt lat="45.17309" lon="-72.10572">
        <ele>350.3</ele>
      </trkpt>
      <trkpt lat="45.17316" lon="-72.10565">
        <ele>351.7</ele>
      </trkpt>
      <trkpt lat="45.17338" lon="-72.10543">
        <ele>355.5</ele>
      </trkpt>
      <trkpt lat="45.17338" lon="-72.10542">
        <ele>355.6</ele>
      </trkpt>
      <trkpt lat="45.17353" lon="-72.10527">
        <ele>357.6</ele>
      </trkpt>
      <trkpt lat="45.173879" lon="-72.10488">
        <ele>361</ele>
      </trkpt>
      <trkpt lat="45.17389" lon="-72.10487">
        <ele>361.1</ele>
      </trkpt>
      <trkpt lat="45.17403" lon="-72.10471">
        <ele>361.8</ele>
      </trkpt>
      <trkpt lat="45.174169" lon="-72.10454">
        <ele>362.2</ele>
      </trkpt>
      <trkpt lat="45.1743" lon="-72.10438">
        <ele>362.3</ele>
      </trkpt>
      <trkpt lat="45.17431" lon="-72.10437">
        <ele>362.2</ele>
      </trkpt>
      <trkpt lat="45.1744" lon="-72.10424">
        <ele>362.1</ele>
      </trkpt>
      <trkpt lat="45.17443" lon="-72.10419">
        <ele>362.1</ele>
      </trkpt>
      <trkpt lat="45.1745" lon="-72.10408">
        <ele>361.8</ele>
      </trkpt>
      <trkpt lat="45.17454" lon="-72.10399">
        <ele>361.7</ele>
      </trkpt>
      <trkpt lat="45.17475" lon="-72.103579">
        <ele>360</ele>
      </trkpt>
      <trkpt lat="45.17486" lon="-72.10337">
        <ele>358.7</ele>
      </trkpt>
      <trkpt lat="45.174909" lon="-72.10328">
        <ele>358.1</ele>
      </trkpt>
      <trkpt lat="45.17496" lon="-72.10316">
        <ele>357.4</ele>
      </trkpt>
      <trkpt lat="45.17505" lon="-72.10294">
        <ele>356.1</ele>
      </trkpt>
      <trkpt lat="45.17514" lon="-72.10272">
        <ele>354.9</ele>
      </trkpt>
      <trkpt lat="45.17523" lon="-72.1025">
        <ele>353.9</ele>
      </trkpt>
      <trkpt lat="45.17532" lon="-72.102279">
        <ele>353.2</ele>
      </trkpt>
      <trkpt lat="45.17536" lon="-72.10221">
        <ele>352.9</ele>
      </trkpt>
      <trkpt lat="45.17552" lon="-72.10185">
        <ele>351.8</ele>
      </trkpt>
      <trkpt lat="45.17561" lon="-72.10164">
        <ele>351</ele>
      </trkpt>
      <trkpt lat="45.17581" lon="-72.10121">
        <ele>349.1</ele>
      </trkpt>
      <trkpt lat="45.17589" lon="-72.10102">
        <ele>348.4</ele>
      </trkpt>
      <trkpt lat="45.17593" lon="-72.10094">
        <ele>348.1</ele>
      </trkpt>
      <trkpt lat="45.17596" lon="-72.10088">
        <ele>347.9</ele>
      </trkpt>
      <trkpt lat="45.17601" lon="-72.100759">
        <ele>347.6</ele>
      </trkpt>
      <trkpt lat="45.17603" lon="-72.10073">
        <ele>347.4</ele>
      </trkpt>
      <trkpt lat="45.17608" lon="-72.10065">
        <ele>347.1</ele>
      </trkpt>
      <trkpt lat="45.17617" lon="-72.10053">
        <ele>346.4</ele>
      </trkpt>
      <trkpt lat="45.17627" lon="-72.10042">
        <ele>345.7</ele>
      </trkpt>
      <trkpt lat="45.1763" lon="-72.100399">
        <ele>345.5</ele>
      </trkpt>
      <trkpt lat="45.17644" lon="-72.10026">
        <ele>344.4</ele>
      </trkpt>
      <trkpt lat="45.17645" lon="-72.10025">
        <ele>344.3</ele>
      </trkpt>
      <trkpt lat="45.17676" lon="-72.1">
        <ele>341.8</ele>
      </trkpt>
      <trkpt lat="45.17676" lon="-72.1">
        <ele>341.8</ele>
      </trkpt>
      <trkpt lat="45.17696" lon="-72.09981">
        <ele>340.2</ele>
      </trkpt>
      <trkpt lat="45.17707" lon="-72.0997">
        <ele>339.3</ele>
      </trkpt>
      <trkpt lat="45.177079" lon="-72.09968">
        <ele>339.2</ele>
      </trkpt>
      <trkpt lat="45.17721" lon="-72.09951">
        <ele>338.1</ele>
      </trkpt>
      <trkpt lat="45.17741" lon="-72.09925">
        <ele>336.6</ele>
      </trkpt>
      <trkpt lat="45.17758" lon="-72.09896">
        <ele>335.5</ele>
      </trkpt>
      <trkpt lat="45.1777" lon="-72.09876">
        <ele>334.8</ele>
      </trkpt>
      <trkpt lat="45.177819" lon="-72.09857">
        <ele>334.1</ele>
      </trkpt>
      <trkpt lat="45.178019" lon="-72.09822">
        <ele>332.8</ele>
      </trkpt>
      <trkpt lat="45.17816" lon="-72.09797">
        <ele>331.8</ele>
      </trkpt>
      <trkpt lat="45.17826" lon="-72.09777">
        <ele>330.9</ele>
      </trkpt>
      <trkpt lat="45.17837" lon="-72.09756">
        <ele>329.8</ele>
      </trkpt>
      <trkpt lat="45.17848" lon="-72.09736">
        <ele>328.4</ele>
      </trkpt>
      <trkpt lat="45.1787" lon="-72.09696">
        <ele>325.4</ele>
      </trkpt>
      <trkpt lat="45.17915" lon="-72.09616">
        <ele>321.6</ele>
      </trkpt>
      <trkpt lat="45.17926" lon="-72.09596">
        <ele>320.8</ele>
      </trkpt>
      <trkpt lat="45.179699" lon="-72.09516">
        <ele>316.6</ele>
      </trkpt>
      <trkpt lat="45.1802" lon="-72.09426">
        <ele>312</ele>
      </trkpt>
      <trkpt lat="45.18028" lon="-72.09414">
        <ele>311.3</ele>
      </trkpt>
      <trkpt lat="45.18037" lon="-72.09403">
        <ele>310.5</ele>
      </trkpt>
      <trkpt lat="45.1804" lon="-72.09399">
        <ele>310.2</ele>
      </trkpt>
      <trkpt lat="45.18045" lon="-72.093909">
        <ele>309.8</ele>
      </trkpt>
      <trkpt lat="45.18051" lon="-72.09384">
        <ele>309.2</ele>
      </trkpt>
      <trkpt lat="45.18059" lon="-72.09377">
        <ele>308.6</ele>
      </trkpt>
      <trkpt lat="45.18071" lon="-72.09368">
        <ele>307.6</ele>
      </trkpt>
      <trkpt lat="45.18082" lon="-72.0936">
        <ele>306.7</ele>
      </trkpt>
      <trkpt lat="45.181019" lon="-72.09349">
        <ele>305.1</ele>
      </trkpt>
      <trkpt lat="45.18132" lon="-72.09332">
        <ele>302.9</ele>
      </trkpt>
      <trkpt lat="45.18136" lon="-72.0933">
        <ele>302.6</ele>
      </trkpt>
      <trkpt lat="45.18169" lon="-72.09311">
        <ele>300.4</ele>
      </trkpt>
      <trkpt lat="45.18179" lon="-72.09306">
        <ele>299.7</ele>
      </trkpt>
      <trkpt lat="45.18185" lon="-72.09301">
        <ele>299.3</ele>
      </trkpt>
      <trkpt lat="45.18189" lon="-72.09299">
        <ele>298.9</ele>
      </trkpt>
      <trkpt lat="45.18197" lon="-72.09292">
        <ele>298.3</ele>
      </trkpt>
      <trkpt lat="45.18231" lon="-72.092609">
        <ele>294.9</ele>
      </trkpt>
      <trkpt lat="45.18247" lon="-72.09248">
        <ele>292.9</ele>
      </trkpt>
      <trkpt lat="45.18254" lon="-72.09241">
        <ele>292</ele>
      </trkpt>
      <trkpt lat="45.18262" lon="-72.092339">
        <ele>290.9</ele>
      </trkpt>
      <trkpt lat="45.182899" lon="-72.09202">
        <ele>287.4</ele>
      </trkpt>
      <trkpt lat="45.18342" lon="-72.09132">
        <ele>280.8</ele>
      </trkpt>
      <trkpt lat="45.183639" lon="-72.09103">
        <ele>277.4</ele>
      </trkpt>
      <trkpt lat="45.18394" lon="-72.0906">
        <ele>272.2</ele>
      </trkpt>
      <trkpt lat="45.18432" lon="-72.09008">
        <ele>264.8</ele>
      </trkpt>
      <trkpt lat="45.18462" lon="-72.08968">
        <ele>257.8</ele>
      </trkpt>
      <trkpt lat="45.18473" lon="-72.08955">
        <ele>255.1</ele>
      </trkpt>
      <trkpt lat="45.18479" lon="-72.08948">
        <ele>253.7</ele>
      </trkpt>
      <trkpt lat="45.18485" lon="-72.089429">
        <ele>252.3</ele>
      </trkpt>
      <trkpt lat="45.18495" lon="-72.08934">
        <ele>250.1</ele>
      </trkpt>
      <trkpt lat="45.18502" lon="-72.08929">
        <ele>248.7</ele>
      </trkpt>
      <trkpt lat="45.18506" lon="-72.08926">
        <ele>247.9</ele>
      </trkpt>
      <trkpt lat="45.18518" lon="-72.08916">
        <ele>245.5</ele>
      </trkpt>
      <trkpt lat="45.18524" lon="-72.08913">
        <ele>244.6</ele>
      </trkpt>
      <trkpt lat="45.18542" lon="-72.089">
        <ele>241.6</ele>
      </trkpt>
      <trkpt lat="45.18567" lon="-72.088849">
        <ele>238</ele>
      </trkpt>
      <trkpt lat="45.18584" lon="-72.08875">
        <ele>235.6</ele>
      </trkpt>
      <trkpt lat="45.185899" lon="-72.08871">
        <ele>234.7</ele>
      </trkpt>
      <trkpt lat="45.18617" lon="-72.08856">
        <ele>230.7</ele>
      </trkpt>
      <trkpt lat="45.18627" lon="-72.0885">
        <ele>229.1</ele>
      </trkpt>
      <trkpt lat="45.1866" lon="-72.08831">
        <ele>223.9</ele>
      </trkpt>
      <trkpt lat="45.18676" lon="-72.08822">
        <ele>221.5</ele>
      </trkpt>
      <trkpt lat="45.18677" lon="-72.08822">
        <ele>221.4</ele>
      </trkpt>
      <trkpt lat="45.18694" lon="-72.08814">
        <ele>219.1</ele>
      </trkpt>
      <trkpt lat="45.18694" lon="-72.08814">
        <ele>219.1</ele>
      </trkpt>
      <trkpt lat="45.18695" lon="-72.08737">
        <ele>217.6</ele>
      </trkpt>
      <trkpt lat="45.18695" lon="-72.08731">
        <ele>217.6</ele>
      </trkpt>
      <trkpt lat="45.18696" lon="-72.08663">
        <ele>218.3</ele>
      </trkpt>
      <trkpt lat="45.18698" lon="-72.08604">
        <ele>219.2</ele>
      </trkpt>
      <trkpt lat="45.187" lon="-72.08563">
        <ele>219.6</ele>
      </trkpt>
      <trkpt lat="45.18708" lon="-72.08329">
        <ele>215.7</ele>
      </trkpt>
      <trkpt lat="45.18708" lon="-72.08326">
        <ele>215.7</ele>
      </trkpt>
      <trkpt lat="45.187109" lon="-72.0825">
        <ele>215.1</ele>
      </trkpt>
      <trkpt lat="45.187109" lon="-72.08176">
        <ele>215.1</ele>
      </trkpt>
      <trkpt lat="45.187109" lon="-72.081729">
        <ele>215.1</ele>
      </trkpt>
      <trkpt lat="45.1871" lon="-72.0815">
        <ele>215.2</ele>
      </trkpt>
      <trkpt lat="45.1871" lon="-72.08149">
        <ele>215.2</ele>
      </trkpt>
      <trkpt lat="45.1871" lon="-72.08127">
        <ele>215.2</ele>
      </trkpt>
      <trkpt lat="45.18704" lon="-72.08084">
        <ele>215.6</ele>
      </trkpt>
      <trkpt lat="45.18703" lon="-72.08075">
        <ele>215.7</ele>
      </trkpt>
      <trkpt lat="45.18695" lon="-72.08028">
        <ele>216.1</ele>
      </trkpt>
      <trkpt lat="45.18658" lon="-72.07854">
        <ele>214</ele>
      </trkpt>
      <trkpt lat="45.18658" lon="-72.07853">
        <ele>214</ele>
      </trkpt>
      <trkpt lat="45.186369" lon="-72.07755">
        <ele>213.1</ele>
      </trkpt>
      <trkpt lat="45.18623" lon="-72.07689">
        <ele>210.9</ele>
      </trkpt>
      <trkpt lat="45.18615" lon="-72.07652">
        <ele>209.2</ele>
      </trkpt>
      <trkpt lat="45.18584" lon="-72.07501">
        <ele>201.9</ele>
      </trkpt>
      <trkpt lat="45.18582" lon="-72.07492">
        <ele>201.4</ele>
      </trkpt>
      <trkpt lat="45.18577" lon="-72.07469">
        <ele>200.1</ele>
      </trkpt>
      <trkpt lat="45.18577" lon="-72.07468">
        <ele>200.1</ele>
      </trkpt>
      <trkpt lat="45.18572" lon="-72.07443">
        <ele>198.6</ele>
      </trkpt>
      <trkpt lat="45.18557" lon="-72.07368">
        <ele>193.5</ele>
      </trkpt>
      <trkpt lat="45.18542" lon="-72.072909">
        <ele>187.1</ele>
      </trkpt>
      <trkpt lat="45.185339" lon="-72.07256">
        <ele>184.4</ele>
      </trkpt>
      <trkpt lat="45.18523" lon="-72.0722">
        <ele>182.5</ele>
      </trkpt>
      <trkpt lat="45.185049" lon="-72.07174">
        <ele>182.1</ele>
      </trkpt>
      <trkpt lat="45.18499" lon="-72.07162">
        <ele>182.1</ele>
      </trkpt>
      <trkpt lat="45.18492" lon="-72.0715">
        <ele>182.1</ele>
      </trkpt>
      <trkpt lat="45.18483" lon="-72.07135">
        <ele>182</ele>
      </trkpt>
      <trkpt lat="45.18472" lon="-72.07118">
        <ele>181.7</ele>
      </trkpt>
      <trkpt lat="45.1847" lon="-72.07115">
        <ele>181.6</ele>
      </trkpt>
      <trkpt lat="45.18465" lon="-72.07109">
        <ele>181.3</ele>
      </trkpt>
      <trkpt lat="45.18459" lon="-72.07101">
        <ele>181</ele>
      </trkpt>
      <trkpt lat="45.18454" lon="-72.07096">
        <ele>180.7</ele>
      </trkpt>
      <trkpt lat="45.18448" lon="-72.07089">
        <ele>180.3</ele>
      </trkpt>
      <trkpt lat="45.18445" lon="-72.07087">
        <ele>180.1</ele>
      </trkpt>
      <trkpt lat="45.18442" lon="-72.07083">
        <ele>179.9</ele>
      </trkpt>
      <trkpt lat="45.18439" lon="-72.0708">
        <ele>179.6</ele>
      </trkpt>
      <trkpt lat="45.18436" lon="-72.07077">
        <ele>179.4</ele>
      </trkpt>
      <trkpt lat="45.18433" lon="-72.07075">
        <ele>179.2</ele>
      </trkpt>
      <trkpt lat="45.18431" lon="-72.07072">
        <ele>179</ele>
      </trkpt>
      <trkpt lat="45.18428" lon="-72.0707">
        <ele>178.7</ele>
      </trkpt>
      <trkpt lat="45.18425" lon="-72.07067">
        <ele>178.4</ele>
      </trkpt>
      <trkpt lat="45.18419" lon="-72.07063">
        <ele>177.9</ele>
      </trkpt>
      <trkpt lat="45.18414" lon="-72.07059">
        <ele>177.4</ele>
      </trkpt>
      <trkpt lat="45.18407" lon="-72.07054">
        <ele>176.7</ele>
      </trkpt>
      <trkpt lat="45.184" lon="-72.0705">
        <ele>175.9</ele>
      </trkpt>
      <trkpt lat="45.18395" lon="-72.07047">
        <ele>175.4</ele>
      </trkpt>
      <trkpt lat="45.18389" lon="-72.07043">
        <ele>174.7</ele>
      </trkpt>
      <trkpt lat="45.183839" lon="-72.0704">
        <ele>174.1</ele>
      </trkpt>
      <trkpt lat="45.18377" lon="-72.07037">
        <ele>173.3</ele>
      </trkpt>
      <trkpt lat="45.1837" lon="-72.07032">
        <ele>172.4</ele>
      </trkpt>
      <trkpt lat="45.18365" lon="-72.0703">
        <ele>171.8</ele>
      </trkpt>
      <trkpt lat="45.1836" lon="-72.07028">
        <ele>171.2</ele>
      </trkpt>
      <trkpt lat="45.18356" lon="-72.07026">
        <ele>170.6</ele>
      </trkpt>
      <trkpt lat="45.18351" lon="-72.07025">
        <ele>170.1</ele>
      </trkpt>
      <trkpt lat="45.183459" lon="-72.07023">
        <ele>169.5</ele>
      </trkpt>
      <trkpt lat="45.18339" lon="-72.07021">
        <ele>168.7</ele>
      </trkpt>
      <trkpt lat="45.18329" lon="-72.07019">
        <ele>167.5</ele>
      </trkpt>
      <trkpt lat="45.18323" lon="-72.070179">
        <ele>166.9</ele>
      </trkpt>
      <trkpt lat="45.18307" lon="-72.07016">
        <ele>165.3</ele>
      </trkpt>
      <trkpt lat="45.18296" lon="-72.07016">
        <ele>164.3</ele>
      </trkpt>
      <trkpt lat="45.18283" lon="-72.07016">
        <ele>163.2</ele>
      </trkpt>
      <trkpt lat="45.18265" lon="-72.070179">
        <ele>162.1</ele>
      </trkpt>
      <trkpt lat="45.18254" lon="-72.0702">
        <ele>161.6</ele>
      </trkpt>
      <trkpt lat="45.18238" lon="-72.07025">
        <ele>161.2</ele>
      </trkpt>
      <trkpt lat="45.18175" lon="-72.07039">
        <ele>161.1</ele>
      </trkpt>
      <trkpt lat="45.18099" lon="-72.07058">
        <ele>160.5</ele>
      </trkpt>
      <trkpt lat="45.180929" lon="-72.0706">
        <ele>160.3</ele>
      </trkpt>
      <trkpt lat="45.18052" lon="-72.0707">
        <ele>159.6</ele>
      </trkpt>
      <trkpt lat="45.18028" lon="-72.07075">
        <ele>159.6</ele>
      </trkpt>
      <trkpt lat="45.18007" lon="-72.0708">
        <ele>159.8</ele>
      </trkpt>
      <trkpt lat="45.17967" lon="-72.0709">
        <ele>161.1</ele>
      </trkpt>
      <trkpt lat="45.17959" lon="-72.07091">
        <ele>161.4</ele>
      </trkpt>
      <trkpt lat="45.17937" lon="-72.07095">
        <ele>162.2</ele>
      </trkpt>
      <trkpt lat="45.17916" lon="-72.07098">
        <ele>163</ele>
      </trkpt>
      <trkpt lat="45.178959" lon="-72.07099">
        <ele>163.6</ele>
      </trkpt>
      <trkpt lat="45.17877" lon="-72.07099">
        <ele>164.1</ele>
      </trkpt>
      <trkpt lat="45.17866" lon="-72.07098">
        <ele>164.3</ele>
      </trkpt>
      <trkpt lat="45.17856" lon="-72.07096">
        <ele>164.5</ele>
      </trkpt>
      <trkpt lat="45.17845" lon="-72.07092">
        <ele>164.6</ele>
      </trkpt>
      <trkpt lat="45.17834" lon="-72.07088">
        <ele>164.7</ele>
      </trkpt>
      <trkpt lat="45.17821" lon="-72.07081">
        <ele>164.8</ele>
      </trkpt>
      <trkpt lat="45.1781" lon="-72.07074">
        <ele>164.8</ele>
      </trkpt>
      <trkpt lat="45.17798" lon="-72.07064">
        <ele>164.8</ele>
      </trkpt>
      <trkpt lat="45.17792" lon="-72.07059">
        <ele>164.8</ele>
      </trkpt>
      <trkpt lat="45.17788" lon="-72.07056">
        <ele>164.9</ele>
      </trkpt>
      <trkpt lat="45.17775" lon="-72.07044">
        <ele>164.9</ele>
      </trkpt>
      <trkpt lat="45.17759" lon="-72.07025">
        <ele>164.9</ele>
      </trkpt>
      <trkpt lat="45.17741" lon="-72.07003">
        <ele>164.9</ele>
      </trkpt>
      <trkpt lat="45.17721" lon="-72.06979">
        <ele>165.1</ele>
      </trkpt>
      <trkpt lat="45.17695" lon="-72.06946">
        <ele>165.5</ele>
      </trkpt>
      <trkpt lat="45.17693" lon="-72.06944">
        <ele>165.5</ele>
      </trkpt>
      <trkpt lat="45.17671" lon="-72.06917">
        <ele>166</ele>
      </trkpt>
      <trkpt lat="45.17619" lon="-72.06854">
        <ele>167.3</ele>
      </trkpt>
      <trkpt lat="45.17599" lon="-72.068299">
        <ele>168.1</ele>
      </trkpt>
      <trkpt lat="45.1759" lon="-72.06818">
        <ele>168.6</ele>
      </trkpt>
      <trkpt lat="45.17539" lon="-72.06755">
        <ele>171.8</ele>
      </trkpt>
      <trkpt lat="45.17509" lon="-72.06713">
        <ele>173</ele>
      </trkpt>
      <trkpt lat="45.175" lon="-72.06698">
        <ele>173.5</ele>
      </trkpt>
      <trkpt lat="45.17488" lon="-72.06678">
        <ele>174.3</ele>
      </trkpt>
      <trkpt lat="45.17476" lon="-72.06653">
        <ele>175.6</ele>
      </trkpt>
      <trkpt lat="45.17468" lon="-72.06636">
        <ele>176.7</ele>
      </trkpt>
      <trkpt lat="45.17465" lon="-72.06626">
        <ele>177.3</ele>
      </trkpt>
      <trkpt lat="45.1746" lon="-72.06612">
        <ele>178.3</ele>
      </trkpt>
      <trkpt lat="45.17454" lon="-72.06592">
        <ele>179.6</ele>
      </trkpt>
      <trkpt lat="45.17451" lon="-72.0658">
        <ele>180.3</ele>
      </trkpt>
      <trkpt lat="45.17447" lon="-72.06566">
        <ele>181</ele>
      </trkpt>
      <trkpt lat="45.17446" lon="-72.0656">
        <ele>181.3</ele>
      </trkpt>
      <trkpt lat="45.17442" lon="-72.06547">
        <ele>181.9</ele>
      </trkpt>
      <trkpt lat="45.1744" lon="-72.06535">
        <ele>182.3</ele>
      </trkpt>
      <trkpt lat="45.17438" lon="-72.06523">
        <ele>182.5</ele>
      </trkpt>
      <trkpt lat="45.174349" lon="-72.06509">
        <ele>182.9</ele>
      </trkpt>
      <trkpt lat="45.17432" lon="-72.06493">
        <ele>183.1</ele>
      </trkpt>
      <trkpt lat="45.17431" lon="-72.06483">
        <ele>183.1</ele>
      </trkpt>
      <trkpt lat="45.1743" lon="-72.06473">
        <ele>183.1</ele>
      </trkpt>
      <trkpt lat="45.17429" lon="-72.06464">
        <ele>183</ele>
      </trkpt>
      <trkpt lat="45.17429" lon="-72.06456">
        <ele>182.8</ele>
      </trkpt>
      <trkpt lat="45.17428" lon="-72.06431">
        <ele>182.1</ele>
      </trkpt>
      <trkpt lat="45.17428" lon="-72.06407">
        <ele>180.9</ele>
      </trkpt>
      <trkpt lat="45.17428" lon="-72.06393">
        <ele>180.2</ele>
      </trkpt>
      <trkpt lat="45.17429" lon="-72.06378">
        <ele>179.2</ele>
      </trkpt>
      <trkpt lat="45.1743" lon="-72.06367">
        <ele>178.4</ele>
      </trkpt>
      <trkpt lat="45.17431" lon="-72.06354">
        <ele>177.5</ele>
      </trkpt>
      <trkpt lat="45.17432" lon="-72.06348">
        <ele>177</ele>
      </trkpt>
      <trkpt lat="45.174349" lon="-72.06325">
        <ele>175.4</ele>
      </trkpt>
      <trkpt lat="45.17437" lon="-72.06304">
        <ele>174.1</ele>
      </trkpt>
      <trkpt lat="45.17438" lon="-72.06301">
        <ele>173.9</ele>
      </trkpt>
      <trkpt lat="45.17442" lon="-72.06272">
        <ele>172.2</ele>
      </trkpt>
      <trkpt lat="45.1745" lon="-72.06226">
        <ele>169.5</ele>
      </trkpt>
      <trkpt lat="45.17454" lon="-72.06195">
        <ele>167.8</ele>
      </trkpt>
      <trkpt lat="45.17458" lon="-72.061629">
        <ele>166.2</ele>
      </trkpt>
      <trkpt lat="45.17459" lon="-72.061539">
        <ele>165.8</ele>
      </trkpt>
      <trkpt lat="45.1746" lon="-72.06135">
        <ele>165.1</ele>
      </trkpt>
      <trkpt lat="45.17461" lon="-72.06113">
        <ele>164.4</ele>
      </trkpt>
      <trkpt lat="45.17461" lon="-72.06103">
        <ele>164.2</ele>
      </trkpt>
      <trkpt lat="45.1746" lon="-72.06094">
        <ele>164.2</ele>
      </trkpt>
      <trkpt lat="45.17458" lon="-72.06078">
        <ele>164.2</ele>
      </trkpt>
      <trkpt lat="45.17457" lon="-72.0607">
        <ele>164.2</ele>
      </trkpt>
      <trkpt lat="45.17452" lon="-72.06045">
        <ele>164.6</ele>
      </trkpt>
      <trkpt lat="45.17446" lon="-72.0603">
        <ele>165.3</ele>
      </trkpt>
      <trkpt lat="45.17446" lon="-72.06029">
        <ele>165.3</ele>
      </trkpt>
      <trkpt lat="45.17441" lon="-72.06014">
        <ele>165.9</ele>
      </trkpt>
      <trkpt lat="45.17437" lon="-72.06003">
        <ele>166.4</ele>
      </trkpt>
      <trkpt lat="45.1743" lon="-72.0599">
        <ele>167.3</ele>
      </trkpt>
      <trkpt lat="45.17428" lon="-72.05987">
        <ele>167.6</ele>
      </trkpt>
      <trkpt lat="45.17419" lon="-72.05974">
        <ele>168.8</ele>
      </trkpt>
      <trkpt lat="45.17406" lon="-72.05956">
        <ele>170.6</ele>
      </trkpt>
      <trkpt lat="45.17402" lon="-72.05951">
        <ele>171.1</ele>
      </trkpt>
      <trkpt lat="45.1739" lon="-72.05935">
        <ele>172.7</ele>
      </trkpt>
      <trkpt lat="45.17375" lon="-72.05915">
        <ele>174.8</ele>
      </trkpt>
      <trkpt lat="45.17364" lon="-72.05897">
        <ele>176.5</ele>
      </trkpt>
      <trkpt lat="45.173609" lon="-72.05894">
        <ele>176.9</ele>
      </trkpt>
      <trkpt lat="45.17353" lon="-72.058809">
        <ele>178.2</ele>
      </trkpt>
      <trkpt lat="45.17352" lon="-72.05878">
        <ele>178.3</ele>
      </trkpt>
      <trkpt lat="45.17346" lon="-72.05866">
        <ele>179.3</ele>
      </trkpt>
      <trkpt lat="45.17343" lon="-72.05856">
        <ele>179.8</ele>
      </trkpt>
      <trkpt lat="45.1734" lon="-72.05849">
        <ele>180.2</ele>
      </trkpt>
      <trkpt lat="45.17336" lon="-72.05834">
        <ele>180.9</ele>
      </trkpt>
      <trkpt lat="45.17331" lon="-72.05812">
        <ele>181.6</ele>
      </trkpt>
      <trkpt lat="45.17327" lon="-72.05787">
        <ele>181.9</ele>
      </trkpt>
      <trkpt lat="45.17327" lon="-72.05783">
        <ele>181.8</ele>
      </trkpt>
      <trkpt lat="45.17326" lon="-72.05772">
        <ele>181.7</ele>
      </trkpt>
      <trkpt lat="45.17327" lon="-72.05757">
        <ele>181</ele>
      </trkpt>
      <trkpt lat="45.17328" lon="-72.05743">
        <ele>180.2</ele>
      </trkpt>
      <trkpt lat="45.17329" lon="-72.057329">
        <ele>179.4</ele>
      </trkpt>
      <trkpt lat="45.1733" lon="-72.05723">
        <ele>178.6</ele>
      </trkpt>
      <trkpt lat="45.173319" lon="-72.05712">
        <ele>177.6</ele>
      </trkpt>
      <trkpt lat="45.17335" lon="-72.05699">
        <ele>176.3</ele>
      </trkpt>
      <trkpt lat="45.17339" lon="-72.056839">
        <ele>174.8</ele>
      </trkpt>
      <trkpt lat="45.1734" lon="-72.05682">
        <ele>174.6</ele>
      </trkpt>
      <trkpt lat="45.17344" lon="-72.05668">
        <ele>173.3</ele>
      </trkpt>
      <trkpt lat="45.17346" lon="-72.0566">
        <ele>172.7</ele>
      </trkpt>
      <trkpt lat="45.17349" lon="-72.05644">
        <ele>171.6</ele>
      </trkpt>
      <trkpt lat="45.17352" lon="-72.05636">
        <ele>170.9</ele>
      </trkpt>
      <trkpt lat="45.17352" lon="-72.05633">
        <ele>170.8</ele>
      </trkpt>
      <trkpt lat="45.17356" lon="-72.05615">
        <ele>169.7</ele>
      </trkpt>
      <trkpt lat="45.1736" lon="-72.05598">
        <ele>168.5</ele>
      </trkpt>
      <trkpt lat="45.17366" lon="-72.05571">
        <ele>166.8</ele>
      </trkpt>
      <trkpt lat="45.17367" lon="-72.055629">
        <ele>166.3</ele>
      </trkpt>
      <trkpt lat="45.173699" lon="-72.05537">
        <ele>165</ele>
      </trkpt>
      <trkpt lat="45.173699" lon="-72.05535">
        <ele>165</ele>
      </trkpt>
      <trkpt lat="45.173699" lon="-72.05496">
        <ele>163.9</ele>
      </trkpt>
      <trkpt lat="45.17369" lon="-72.054869">
        <ele>163.9</ele>
      </trkpt>
      <trkpt lat="45.17364" lon="-72.054509">
        <ele>163.8</ele>
      </trkpt>
      <trkpt lat="45.17357" lon="-72.05422">
        <ele>163.8</ele>
      </trkpt>
      <trkpt lat="45.17347" lon="-72.05399">
        <ele>164</ele>
      </trkpt>
      <trkpt lat="45.17336" lon="-72.05374">
        <ele>163.9</ele>
      </trkpt>
      <trkpt lat="45.17334" lon="-72.05371">
        <ele>163.9</ele>
      </trkpt>
      <trkpt lat="45.173229" lon="-72.05351">
        <ele>164.1</ele>
      </trkpt>
      <trkpt lat="45.17313" lon="-72.05331">
        <ele>164.4</ele>
      </trkpt>
      <trkpt lat="45.1728" lon="-72.05269">
        <ele>168.5</ele>
      </trkpt>
      <trkpt lat="45.17239" lon="-72.05195">
        <ele>176.2</ele>
      </trkpt>
      <trkpt lat="45.17214" lon="-72.05147">
        <ele>178.3</ele>
      </trkpt>
      <trkpt lat="45.17208" lon="-72.05134">
        <ele>178.6</ele>
      </trkpt>
      <trkpt lat="45.17174" lon="-72.05072">
        <ele>179.9</ele>
      </trkpt>
      <trkpt lat="45.17166" lon="-72.05053">
        <ele>180.2</ele>
      </trkpt>
      <trkpt lat="45.17159" lon="-72.05034">
        <ele>180.5</ele>
      </trkpt>
      <trkpt lat="45.17152" lon="-72.05013">
        <ele>180.9</ele>
      </trkpt>
      <trkpt lat="45.17145" lon="-72.04988">
        <ele>181.3</ele>
      </trkpt>
      <trkpt lat="45.17143" lon="-72.04974">
        <ele>181.5</ele>
      </trkpt>
      <trkpt lat="45.17141" lon="-72.04961">
        <ele>181.6</ele>
      </trkpt>
      <trkpt lat="45.17138" lon="-72.049359">
        <ele>181.8</ele>
      </trkpt>
      <trkpt lat="45.171349" lon="-72.04907">
        <ele>181.9</ele>
      </trkpt>
      <trkpt lat="45.17134" lon="-72.04897">
        <ele>181.9</ele>
      </trkpt>
      <trkpt lat="45.17133" lon="-72.04876">
        <ele>181.9</ele>
      </trkpt>
      <trkpt lat="45.1713" lon="-72.04846">
        <ele>181.9</ele>
      </trkpt>
      <trkpt lat="45.17124" lon="-72.04779">
        <ele>181.9</ele>
      </trkpt>
      <trkpt lat="45.17123" lon="-72.04754">
        <ele>181.9</ele>
      </trkpt>
      <trkpt lat="45.1712" lon="-72.04732">
        <ele>181.9</ele>
      </trkpt>
      <trkpt lat="45.17118" lon="-72.04718">
        <ele>181.9</ele>
      </trkpt>
      <trkpt lat="45.17114" lon="-72.04703">
        <ele>181.9</ele>
      </trkpt>
      <trkpt lat="45.17113" lon="-72.04696">
        <ele>181.9</ele>
      </trkpt>
      <trkpt lat="45.1711" lon="-72.04684">
        <ele>181.9</ele>
      </trkpt>
      <trkpt lat="45.17104" lon="-72.04666">
        <ele>181.9</ele>
      </trkpt>
      <trkpt lat="45.17099" lon="-72.04649">
        <ele>181.9</ele>
      </trkpt>
      <trkpt lat="45.17064" lon="-72.04556">
        <ele>181.9</ele>
      </trkpt>
      <trkpt lat="45.17012" lon="-72.04422">
        <ele>181.9</ele>
      </trkpt>
      <trkpt lat="45.16981" lon="-72.04344">
        <ele>181.9</ele>
      </trkpt>
      <trkpt lat="45.16941" lon="-72.04255">
        <ele>181.9</ele>
      </trkpt>
      <trkpt lat="45.16928" lon="-72.04226">
        <ele>181.9</ele>
      </trkpt>
      <trkpt lat="45.16884" lon="-72.0413">
        <ele>181.9</ele>
      </trkpt>
      <trkpt lat="45.168529" lon="-72.0406">
        <ele>181.9</ele>
      </trkpt>
      <trkpt lat="45.16836" lon="-72.04024">
        <ele>181.9</ele>
      </trkpt>
      <trkpt lat="45.168" lon="-72.03942">
        <ele>181.9</ele>
      </trkpt>
      <trkpt lat="45.167969" lon="-72.03938">
        <ele>181.9</ele>
      </trkpt>
    </trkseg>
  </trk>
</gpx>