<?xml version='1.0' encoding='utf-8'?>
<gpx xmlns="http://www.topografix.com/GPX/1/1" xmlns:xsi="http://www.w3.org/2001/XMLSchema-instance" version="1.1" creator="Gravelle Estrie" xsi:schemaLocation="http://www.topografix.com/GPX/1/1 http://www.topografix.com/GPX/1/1/gpx.xsd">
  <metadata>
    <name>GR-AYC-016B Ayer's Cliff 62k-611m</name>
  </metadata>
  <trk>
    <name>GR-AYC-016B Ayer's Cliff 62k-611m</name>
    <trkseg>
      <trkpt lat="45.16786" lon="-72.03852">
        <ele>181.9</ele>
      </trkpt>
      <trkpt lat="45.16786" lon="-72.03852">
        <ele>181.9</ele>
      </trkpt>
      <trkpt lat="45.16784" lon="-72.03844">
        <ele>181.9</ele>
      </trkpt>
      <trkpt lat="45.167789" lon="-72.03839">
        <ele>181.9</ele>
      </trkpt>
      <trkpt lat="45.16696" lon="-72.03807">
        <ele>181.7</ele>
      </trkpt>
      <trkpt lat="45.16614" lon="-72.03775">
        <ele>176.1</ele>
      </trkpt>
      <trkpt lat="45.16532" lon="-72.03743">
        <ele>164.7</ele>
      </trkpt>
      <trkpt lat="45.16462" lon="-72.03718">
        <ele>160.5</ele>
      </trkpt>
      <trkpt lat="45.16393" lon="-72.03694">
        <ele>161.6</ele>
      </trkpt>
      <trkpt lat="45.16346" lon="-72.0368">
        <ele>161.7</ele>
      </trkpt>
      <trkpt lat="45.16316" lon="-72.03676">
        <ele>161.8</ele>
      </trkpt>
      <trkpt lat="45.16294" lon="-72.03676">
        <ele>162</ele>
      </trkpt>
      <trkpt lat="45.16294" lon="-72.03676">
        <ele>162</ele>
      </trkpt>
      <trkpt lat="45.16232" lon="-72.03685">
        <ele>162.4</ele>
      </trkpt>
      <trkpt lat="45.16224" lon="-72.03679">
        <ele>162.6</ele>
      </trkpt>
      <trkpt lat="45.161969" lon="-72.03635">
        <ele>164</ele>
      </trkpt>
      <trkpt lat="45.161969" lon="-72.03635">
        <ele>164</ele>
      </trkpt>
      <trkpt lat="45.16195" lon="-72.03633">
        <ele>164</ele>
      </trkpt>
      <trkpt lat="45.161879" lon="-72.03632">
        <ele>164</ele>
      </trkpt>
      <trkpt lat="45.16182" lon="-72.03613">
        <ele>164.1</ele>
      </trkpt>
      <trkpt lat="45.16167" lon="-72.03556">
        <ele>164.3</ele>
      </trkpt>
      <trkpt lat="45.16163" lon="-72.03541">
        <ele>164.3</ele>
      </trkpt>
      <trkpt lat="45.16241" lon="-72.03509">
        <ele>164.8</ele>
      </trkpt>
      <trkpt lat="45.16261" lon="-72.03495">
        <ele>164.5</ele>
      </trkpt>
      <trkpt lat="45.16279" lon="-72.03473">
        <ele>164.2</ele>
      </trkpt>
      <trkpt lat="45.16303" lon="-72.03409">
        <ele>164.1</ele>
      </trkpt>
      <trkpt lat="45.16316" lon="-72.0335">
        <ele>164.2</ele>
      </trkpt>
      <trkpt lat="45.16317" lon="-72.03292">
        <ele>165.1</ele>
      </trkpt>
      <trkpt lat="45.16311" lon="-72.03232">
        <ele>166.4</ele>
      </trkpt>
      <trkpt lat="45.162999" lon="-72.03138">
        <ele>168.2</ele>
      </trkpt>
      <trkpt lat="45.16289" lon="-72.03044">
        <ele>170.5</ele>
      </trkpt>
      <trkpt lat="45.16278" lon="-72.0295">
        <ele>172.5</ele>
      </trkpt>
      <trkpt lat="45.16279" lon="-72.029349">
        <ele>172.7</ele>
      </trkpt>
      <trkpt lat="45.16285" lon="-72.029169">
        <ele>172.8</ele>
      </trkpt>
      <trkpt lat="45.16289" lon="-72.02913">
        <ele>172.8</ele>
      </trkpt>
      <trkpt lat="45.16311" lon="-72.02892">
        <ele>173.1</ele>
      </trkpt>
      <trkpt lat="45.16323" lon="-72.0288">
        <ele>173.2</ele>
      </trkpt>
      <trkpt lat="45.16332" lon="-72.02866">
        <ele>173.4</ele>
      </trkpt>
      <trkpt lat="45.16343" lon="-72.0284">
        <ele>173.5</ele>
      </trkpt>
      <trkpt lat="45.16343" lon="-72.0284">
        <ele>173.5</ele>
      </trkpt>
      <trkpt lat="45.16366" lon="-72.027869">
        <ele>174.2</ele>
      </trkpt>
      <trkpt lat="45.16379" lon="-72.02761">
        <ele>174.5</ele>
      </trkpt>
      <trkpt lat="45.16415" lon="-72.02669">
        <ele>175.8</ele>
      </trkpt>
      <trkpt lat="45.164499" lon="-72.02577">
        <ele>176.3</ele>
      </trkpt>
      <trkpt lat="45.16455" lon="-72.02557">
        <ele>176.7</ele>
      </trkpt>
      <trkpt lat="45.16461" lon="-72.02472">
        <ele>178.7</ele>
      </trkpt>
      <trkpt lat="45.16467" lon="-72.02387">
        <ele>179.6</ele>
      </trkpt>
      <trkpt lat="45.16474" lon="-72.02301">
        <ele>180.5</ele>
      </trkpt>
      <trkpt lat="45.16395" lon="-72.02257">
        <ele>181.2</ele>
      </trkpt>
      <trkpt lat="45.16316" lon="-72.02213">
        <ele>181.9</ele>
      </trkpt>
      <trkpt lat="45.16237" lon="-72.02169">
        <ele>181.9</ele>
      </trkpt>
      <trkpt lat="45.16221" lon="-72.02163">
        <ele>181.9</ele>
      </trkpt>
      <trkpt lat="45.16187" lon="-72.02144">
        <ele>181.9</ele>
      </trkpt>
      <trkpt lat="45.16137" lon="-72.02116">
        <ele>181.9</ele>
      </trkpt>
      <trkpt lat="45.1612" lon="-72.02106">
        <ele>181.9</ele>
      </trkpt>
      <trkpt lat="45.16104" lon="-72.02097">
        <ele>181.9</ele>
      </trkpt>
      <trkpt lat="45.16102" lon="-72.02096">
        <ele>181.9</ele>
      </trkpt>
      <trkpt lat="45.1609" lon="-72.02089">
        <ele>181.9</ele>
      </trkpt>
      <trkpt lat="45.16077" lon="-72.02084">
        <ele>181.9</ele>
      </trkpt>
      <trkpt lat="45.160649" lon="-72.0208">
        <ele>181.9</ele>
      </trkpt>
      <trkpt lat="45.16052" lon="-72.02075">
        <ele>181.9</ele>
      </trkpt>
      <trkpt lat="45.16041" lon="-72.020709">
        <ele>181.9</ele>
      </trkpt>
      <trkpt lat="45.16022" lon="-72.02068">
        <ele>181.9</ele>
      </trkpt>
      <trkpt lat="45.16017" lon="-72.02067">
        <ele>181.9</ele>
      </trkpt>
      <trkpt lat="45.16008" lon="-72.02066">
        <ele>181.9</ele>
      </trkpt>
      <trkpt lat="45.15999" lon="-72.02064">
        <ele>181.9</ele>
      </trkpt>
      <trkpt lat="45.15996" lon="-72.02063">
        <ele>181.9</ele>
      </trkpt>
      <trkpt lat="45.15989" lon="-72.02061">
        <ele>181.9</ele>
      </trkpt>
      <trkpt lat="45.15985" lon="-72.02059">
        <ele>181.9</ele>
      </trkpt>
      <trkpt lat="45.15982" lon="-72.02057">
        <ele>181.9</ele>
      </trkpt>
      <trkpt lat="45.1598" lon="-72.02056">
        <ele>181.9</ele>
      </trkpt>
      <trkpt lat="45.15977" lon="-72.02052">
        <ele>181.9</ele>
      </trkpt>
      <trkpt lat="45.159709" lon="-72.020439">
        <ele>181.9</ele>
      </trkpt>
      <trkpt lat="45.15958" lon="-72.02023">
        <ele>181.9</ele>
      </trkpt>
      <trkpt lat="45.15949" lon="-72.02006">
        <ele>182.1</ele>
      </trkpt>
      <trkpt lat="45.15946" lon="-72.02">
        <ele>182.6</ele>
      </trkpt>
      <trkpt lat="45.15941" lon="-72.01988">
        <ele>183.3</ele>
      </trkpt>
      <trkpt lat="45.15911" lon="-72.019139">
        <ele>191.4</ele>
      </trkpt>
      <trkpt lat="45.1591" lon="-72.01912">
        <ele>191.6</ele>
      </trkpt>
      <trkpt lat="45.15882" lon="-72.01846">
        <ele>197.8</ele>
      </trkpt>
      <trkpt lat="45.15867" lon="-72.018109">
        <ele>199.4</ele>
      </trkpt>
      <trkpt lat="45.15854" lon="-72.01781">
        <ele>200.5</ele>
      </trkpt>
      <trkpt lat="45.15834" lon="-72.01738">
        <ele>202.1</ele>
      </trkpt>
      <trkpt lat="45.15815" lon="-72.01695">
        <ele>203.7</ele>
      </trkpt>
      <trkpt lat="45.15808" lon="-72.01679">
        <ele>204.4</ele>
      </trkpt>
      <trkpt lat="45.15784" lon="-72.01633">
        <ele>206.8</ele>
      </trkpt>
      <trkpt lat="45.1576" lon="-72.01586">
        <ele>209.1</ele>
      </trkpt>
      <trkpt lat="45.15728" lon="-72.01533">
        <ele>211.4</ele>
      </trkpt>
      <trkpt lat="45.15714" lon="-72.01511">
        <ele>212.3</ele>
      </trkpt>
      <trkpt lat="45.15667" lon="-72.01439">
        <ele>213.2</ele>
      </trkpt>
      <trkpt lat="45.1567" lon="-72.01436">
        <ele>213.1</ele>
      </trkpt>
      <trkpt lat="45.15619" lon="-72.01361">
        <ele>213.8</ele>
      </trkpt>
      <trkpt lat="45.155679" lon="-72.01286">
        <ele>213.1</ele>
      </trkpt>
      <trkpt lat="45.15626" lon="-72.01241">
        <ele>216</ele>
      </trkpt>
      <trkpt lat="45.15684" lon="-72.01196">
        <ele>218.4</ele>
      </trkpt>
      <trkpt lat="45.15743" lon="-72.011439">
        <ele>219.9</ele>
      </trkpt>
      <trkpt lat="45.15802" lon="-72.01092">
        <ele>221.7</ele>
      </trkpt>
      <trkpt lat="45.1586" lon="-72.01039">
        <ele>223</ele>
      </trkpt>
      <trkpt lat="45.15919" lon="-72.00987">
        <ele>224.5</ele>
      </trkpt>
      <trkpt lat="45.1598" lon="-72.00933">
        <ele>226.4</ele>
      </trkpt>
      <trkpt lat="45.16042" lon="-72.00878">
        <ele>228</ele>
      </trkpt>
      <trkpt lat="45.16039" lon="-72.007859">
        <ele>230.8</ele>
      </trkpt>
      <trkpt lat="45.1604" lon="-72.00776">
        <ele>231.1</ele>
      </trkpt>
      <trkpt lat="45.16039" lon="-72.00742">
        <ele>232.3</ele>
      </trkpt>
      <trkpt lat="45.16038" lon="-72.00725">
        <ele>232.9</ele>
      </trkpt>
      <trkpt lat="45.16038" lon="-72.00712">
        <ele>233.3</ele>
      </trkpt>
      <trkpt lat="45.16037" lon="-72.007">
        <ele>233.6</ele>
      </trkpt>
      <trkpt lat="45.16036" lon="-72.00691">
        <ele>233.9</ele>
      </trkpt>
      <trkpt lat="45.16026" lon="-72.00641">
        <ele>235.2</ele>
      </trkpt>
      <trkpt lat="45.16015" lon="-72.00592">
        <ele>236.6</ele>
      </trkpt>
      <trkpt lat="45.16003" lon="-72.00558">
        <ele>237.8</ele>
      </trkpt>
      <trkpt lat="45.15995" lon="-72.00532">
        <ele>238.8</ele>
      </trkpt>
      <trkpt lat="45.15988" lon="-72.00509">
        <ele>239.6</ele>
      </trkpt>
      <trkpt lat="45.15961" lon="-72.00424">
        <ele>241.9</ele>
      </trkpt>
      <trkpt lat="45.15925" lon="-72.00321">
        <ele>244.7</ele>
      </trkpt>
      <trkpt lat="45.158969" lon="-72.002">
        <ele>248.1</ele>
      </trkpt>
      <trkpt lat="45.15886" lon="-72.00151">
        <ele>249.6</ele>
      </trkpt>
      <trkpt lat="45.1587" lon="-72.00078">
        <ele>252.1</ele>
      </trkpt>
      <trkpt lat="45.15854" lon="-72.00005">
        <ele>253.9</ele>
      </trkpt>
      <trkpt lat="45.15853" lon="-72.00003">
        <ele>254</ele>
      </trkpt>
      <trkpt lat="45.15835" lon="-71.9992">
        <ele>256.5</ele>
      </trkpt>
      <trkpt lat="45.15832" lon="-71.99908">
        <ele>257</ele>
      </trkpt>
      <trkpt lat="45.15827" lon="-71.99884">
        <ele>258</ele>
      </trkpt>
      <trkpt lat="45.15824" lon="-71.99872">
        <ele>258.5</ele>
      </trkpt>
      <trkpt lat="45.158209" lon="-71.998589">
        <ele>259</ele>
      </trkpt>
      <trkpt lat="45.15816" lon="-71.99835">
        <ele>259.9</ele>
      </trkpt>
      <trkpt lat="45.15813" lon="-71.99823">
        <ele>260.3</ele>
      </trkpt>
      <trkpt lat="45.15811" lon="-71.99811">
        <ele>260.7</ele>
      </trkpt>
      <trkpt lat="45.15797" lon="-71.9975">
        <ele>262</ele>
      </trkpt>
      <trkpt lat="45.15789" lon="-71.99713">
        <ele>262.5</ele>
      </trkpt>
      <trkpt lat="45.15786" lon="-71.99701">
        <ele>262.6</ele>
      </trkpt>
      <trkpt lat="45.1577" lon="-71.99628">
        <ele>263.9</ele>
      </trkpt>
      <trkpt lat="45.15766" lon="-71.99607">
        <ele>264.4</ele>
      </trkpt>
      <trkpt lat="45.15757" lon="-71.9957">
        <ele>265.3</ele>
      </trkpt>
      <trkpt lat="45.15735" lon="-71.99473">
        <ele>267.7</ele>
      </trkpt>
      <trkpt lat="45.1573" lon="-71.99449">
        <ele>268.3</ele>
      </trkpt>
      <trkpt lat="45.15702" lon="-71.99327">
        <ele>271.3</ele>
      </trkpt>
      <trkpt lat="45.15697" lon="-71.99303">
        <ele>271.9</ele>
      </trkpt>
      <trkpt lat="45.15694" lon="-71.9929">
        <ele>272.2</ele>
      </trkpt>
      <trkpt lat="45.15682" lon="-71.99245">
        <ele>273.1</ele>
      </trkpt>
      <trkpt lat="45.15678" lon="-71.99231">
        <ele>273.3</ele>
      </trkpt>
      <trkpt lat="45.1567" lon="-71.99208">
        <ele>273.5</ele>
      </trkpt>
      <trkpt lat="45.15666" lon="-71.99196">
        <ele>273.6</ele>
      </trkpt>
      <trkpt lat="45.15661" lon="-71.99186">
        <ele>273.7</ele>
      </trkpt>
      <trkpt lat="45.15637" lon="-71.99135">
        <ele>273.7</ele>
      </trkpt>
      <trkpt lat="45.15631" lon="-71.99123">
        <ele>273.8</ele>
      </trkpt>
      <trkpt lat="45.1562" lon="-71.99103">
        <ele>273.8</ele>
      </trkpt>
      <trkpt lat="45.15611" lon="-71.99088">
        <ele>273.8</ele>
      </trkpt>
      <trkpt lat="45.15598" lon="-71.99063">
        <ele>273.9</ele>
      </trkpt>
      <trkpt lat="45.15587" lon="-71.99042">
        <ele>273.9</ele>
      </trkpt>
      <trkpt lat="45.15576" lon="-71.990219">
        <ele>273.9</ele>
      </trkpt>
      <trkpt lat="45.15565" lon="-71.99002">
        <ele>273.9</ele>
      </trkpt>
      <trkpt lat="45.15554" lon="-71.98981">
        <ele>273.9</ele>
      </trkpt>
      <trkpt lat="45.15516" lon="-71.98911">
        <ele>273.9</ele>
      </trkpt>
      <trkpt lat="45.155" lon="-71.9888">
        <ele>273.9</ele>
      </trkpt>
      <trkpt lat="45.15489" lon="-71.9886">
        <ele>273.9</ele>
      </trkpt>
      <trkpt lat="45.15467" lon="-71.98819">
        <ele>273.9</ele>
      </trkpt>
      <trkpt lat="45.15438" lon="-71.98759">
        <ele>273.9</ele>
      </trkpt>
      <trkpt lat="45.15424" lon="-71.98728">
        <ele>273.9</ele>
      </trkpt>
      <trkpt lat="45.154179" lon="-71.98712">
        <ele>273.9</ele>
      </trkpt>
      <trkpt lat="45.15411" lon="-71.9869">
        <ele>273.9</ele>
      </trkpt>
      <trkpt lat="45.15411" lon="-71.98689">
        <ele>273.9</ele>
      </trkpt>
      <trkpt lat="45.15404" lon="-71.98665">
        <ele>273.9</ele>
      </trkpt>
      <trkpt lat="45.15398" lon="-71.98641">
        <ele>273.9</ele>
      </trkpt>
      <trkpt lat="45.15397" lon="-71.9864">
        <ele>273.9</ele>
      </trkpt>
      <trkpt lat="45.15384" lon="-71.9857">
        <ele>273.9</ele>
      </trkpt>
      <trkpt lat="45.15384" lon="-71.98567">
        <ele>273.9</ele>
      </trkpt>
      <trkpt lat="45.15381" lon="-71.98542">
        <ele>273.9</ele>
      </trkpt>
      <trkpt lat="45.15378" lon="-71.98517">
        <ele>273.9</ele>
      </trkpt>
      <trkpt lat="45.153709" lon="-71.98467">
        <ele>273.9</ele>
      </trkpt>
      <trkpt lat="45.15368" lon="-71.98442">
        <ele>273.9</ele>
      </trkpt>
      <trkpt lat="45.15365" lon="-71.98417">
        <ele>273.9</ele>
      </trkpt>
      <trkpt lat="45.153619" lon="-71.98392">
        <ele>273.9</ele>
      </trkpt>
      <trkpt lat="45.15359" lon="-71.9837">
        <ele>273.9</ele>
      </trkpt>
      <trkpt lat="45.15359" lon="-71.98367">
        <ele>273.9</ele>
      </trkpt>
      <trkpt lat="45.15358" lon="-71.98341">
        <ele>273.9</ele>
      </trkpt>
      <trkpt lat="45.15357" lon="-71.98323">
        <ele>273.9</ele>
      </trkpt>
      <trkpt lat="45.15356" lon="-71.98316">
        <ele>273.9</ele>
      </trkpt>
      <trkpt lat="45.15355" lon="-71.9829">
        <ele>273.9</ele>
      </trkpt>
      <trkpt lat="45.15354" lon="-71.98265">
        <ele>273.9</ele>
      </trkpt>
      <trkpt lat="45.15353" lon="-71.9823">
        <ele>273.9</ele>
      </trkpt>
      <trkpt lat="45.15349" lon="-71.98193">
        <ele>273.9</ele>
      </trkpt>
      <trkpt lat="45.15347" lon="-71.98168">
        <ele>273.9</ele>
      </trkpt>
      <trkpt lat="45.15344" lon="-71.98143">
        <ele>273.9</ele>
      </trkpt>
      <trkpt lat="45.153419" lon="-71.98117">
        <ele>273.9</ele>
      </trkpt>
      <trkpt lat="45.1534" lon="-71.98092">
        <ele>273.9</ele>
      </trkpt>
      <trkpt lat="45.1533" lon="-71.98036">
        <ele>273.9</ele>
      </trkpt>
      <trkpt lat="45.15326" lon="-71.98011">
        <ele>273.9</ele>
      </trkpt>
      <trkpt lat="45.15321" lon="-71.97986">
        <ele>273.9</ele>
      </trkpt>
      <trkpt lat="45.15317" lon="-71.979609">
        <ele>273.9</ele>
      </trkpt>
      <trkpt lat="45.15312" lon="-71.97937">
        <ele>273.9</ele>
      </trkpt>
      <trkpt lat="45.1531" lon="-71.97922">
        <ele>273.9</ele>
      </trkpt>
      <trkpt lat="45.15308" lon="-71.97912">
        <ele>273.9</ele>
      </trkpt>
      <trkpt lat="45.15302" lon="-71.97888">
        <ele>273.9</ele>
      </trkpt>
      <trkpt lat="45.15297" lon="-71.97864">
        <ele>273.9</ele>
      </trkpt>
      <trkpt lat="45.15291" lon="-71.97839">
        <ele>273.9</ele>
      </trkpt>
      <trkpt lat="45.15281" lon="-71.97791">
        <ele>274.2</ele>
      </trkpt>
      <trkpt lat="45.15275" lon="-71.97766">
        <ele>274.4</ele>
      </trkpt>
      <trkpt lat="45.1527" lon="-71.97742">
        <ele>274.4</ele>
      </trkpt>
      <trkpt lat="45.15264" lon="-71.97718">
        <ele>274.3</ele>
      </trkpt>
      <trkpt lat="45.15261" lon="-71.97702">
        <ele>274.2</ele>
      </trkpt>
      <trkpt lat="45.152589" lon="-71.97693">
        <ele>274.1</ele>
      </trkpt>
      <trkpt lat="45.15255" lon="-71.97668">
        <ele>273.9</ele>
      </trkpt>
      <trkpt lat="45.15247" lon="-71.97619">
        <ele>273.9</ele>
      </trkpt>
      <trkpt lat="45.15242" lon="-71.97594">
        <ele>273.8</ele>
      </trkpt>
      <trkpt lat="45.15238" lon="-71.97569">
        <ele>273.9</ele>
      </trkpt>
      <trkpt lat="45.15234" lon="-71.97544">
        <ele>273.9</ele>
      </trkpt>
      <trkpt lat="45.152299" lon="-71.9752">
        <ele>273.9</ele>
      </trkpt>
      <trkpt lat="45.15226" lon="-71.97495">
        <ele>274.5</ele>
      </trkpt>
      <trkpt lat="45.15222" lon="-71.9747">
        <ele>275.5</ele>
      </trkpt>
      <trkpt lat="45.15217" lon="-71.97445">
        <ele>277</ele>
      </trkpt>
      <trkpt lat="45.15213" lon="-71.9742">
        <ele>278.7</ele>
      </trkpt>
      <trkpt lat="45.15209" lon="-71.97396">
        <ele>280.2</ele>
      </trkpt>
      <trkpt lat="45.15205" lon="-71.97371">
        <ele>281.6</ele>
      </trkpt>
      <trkpt lat="45.15201" lon="-71.97346">
        <ele>282.9</ele>
      </trkpt>
      <trkpt lat="45.15198" lon="-71.97333">
        <ele>283.5</ele>
      </trkpt>
      <trkpt lat="45.15195" lon="-71.97296">
        <ele>285.3</ele>
      </trkpt>
      <trkpt lat="45.15193" lon="-71.9727">
        <ele>286.5</ele>
      </trkpt>
      <trkpt lat="45.15191" lon="-71.97245">
        <ele>287.5</ele>
      </trkpt>
      <trkpt lat="45.15189" lon="-71.9722">
        <ele>288.5</ele>
      </trkpt>
      <trkpt lat="45.15187" lon="-71.97195">
        <ele>289.4</ele>
      </trkpt>
      <trkpt lat="45.15187" lon="-71.97194">
        <ele>289.5</ele>
      </trkpt>
      <trkpt lat="45.15186" lon="-71.97169">
        <ele>290.5</ele>
      </trkpt>
      <trkpt lat="45.15182" lon="-71.97067">
        <ele>295.2</ele>
      </trkpt>
      <trkpt lat="45.15182" lon="-71.97046">
        <ele>296</ele>
      </trkpt>
      <trkpt lat="45.15182" lon="-71.97041">
        <ele>296.2</ele>
      </trkpt>
      <trkpt lat="45.15181" lon="-71.96965">
        <ele>298.2</ele>
      </trkpt>
      <trkpt lat="45.15181" lon="-71.96939">
        <ele>298.8</ele>
      </trkpt>
      <trkpt lat="45.1518" lon="-71.96914">
        <ele>299.3</ele>
      </trkpt>
      <trkpt lat="45.1518" lon="-71.96888">
        <ele>299.8</ele>
      </trkpt>
      <trkpt lat="45.1518" lon="-71.96863">
        <ele>300.3</ele>
      </trkpt>
      <trkpt lat="45.1518" lon="-71.968369">
        <ele>300.8</ele>
      </trkpt>
      <trkpt lat="45.15185" lon="-71.968369">
        <ele>300.8</ele>
      </trkpt>
      <trkpt lat="45.15184" lon="-71.9671">
        <ele>302.3</ele>
      </trkpt>
      <trkpt lat="45.151829" lon="-71.965819">
        <ele>303.9</ele>
      </trkpt>
      <trkpt lat="45.15101" lon="-71.96586">
        <ele>304.5</ele>
      </trkpt>
      <trkpt lat="45.1502" lon="-71.96589">
        <ele>304</ele>
      </trkpt>
      <trkpt lat="45.14938" lon="-71.96593">
        <ele>304.4</ele>
      </trkpt>
      <trkpt lat="45.14863" lon="-71.96596">
        <ele>304.2</ele>
      </trkpt>
      <trkpt lat="45.14788" lon="-71.965999">
        <ele>303.8</ele>
      </trkpt>
      <trkpt lat="45.14713" lon="-71.96603">
        <ele>304.1</ele>
      </trkpt>
      <trkpt lat="45.146389" lon="-71.96607">
        <ele>304.7</ele>
      </trkpt>
      <trkpt lat="45.14564" lon="-71.9661">
        <ele>304.8</ele>
      </trkpt>
      <trkpt lat="45.144889" lon="-71.96614">
        <ele>304.5</ele>
      </trkpt>
      <trkpt lat="45.14419" lon="-71.96618">
        <ele>304.4</ele>
      </trkpt>
      <trkpt lat="45.143479" lon="-71.96622">
        <ele>304.8</ele>
      </trkpt>
      <trkpt lat="45.1435" lon="-71.96507">
        <ele>307.6</ele>
      </trkpt>
      <trkpt lat="45.14352" lon="-71.96392">
        <ele>310.4</ele>
      </trkpt>
      <trkpt lat="45.14353" lon="-71.96276">
        <ele>313.9</ele>
      </trkpt>
      <trkpt lat="45.14355" lon="-71.961609">
        <ele>317.4</ele>
      </trkpt>
      <trkpt lat="45.14356" lon="-71.96046">
        <ele>321.6</ele>
      </trkpt>
      <trkpt lat="45.14358" lon="-71.95931">
        <ele>325.5</ele>
      </trkpt>
      <trkpt lat="45.14364" lon="-71.95818">
        <ele>328.5</ele>
      </trkpt>
      <trkpt lat="45.14369" lon="-71.9573">
        <ele>330.7</ele>
      </trkpt>
      <trkpt lat="45.1437" lon="-71.95623">
        <ele>333.2</ele>
      </trkpt>
      <trkpt lat="45.14372" lon="-71.95517">
        <ele>334.6</ele>
      </trkpt>
      <trkpt lat="45.14374" lon="-71.9541">
        <ele>334.9</ele>
      </trkpt>
      <trkpt lat="45.14375" lon="-71.95286">
        <ele>334.9</ele>
      </trkpt>
      <trkpt lat="45.14377" lon="-71.95161">
        <ele>334.9</ele>
      </trkpt>
      <trkpt lat="45.14378" lon="-71.95037">
        <ele>334.9</ele>
      </trkpt>
      <trkpt lat="45.14358" lon="-71.9497">
        <ele>334.9</ele>
      </trkpt>
      <trkpt lat="45.14343" lon="-71.94911">
        <ele>334.8</ele>
      </trkpt>
      <trkpt lat="45.14334" lon="-71.94842">
        <ele>334</ele>
      </trkpt>
      <trkpt lat="45.14333" lon="-71.9482">
        <ele>333.7</ele>
      </trkpt>
      <trkpt lat="45.14335" lon="-71.94798">
        <ele>333.4</ele>
      </trkpt>
      <trkpt lat="45.1434" lon="-71.94776">
        <ele>333.3</ele>
      </trkpt>
      <trkpt lat="45.14364" lon="-71.947059">
        <ele>333.4</ele>
      </trkpt>
      <trkpt lat="45.14382" lon="-71.94631">
        <ele>333.1</ele>
      </trkpt>
      <trkpt lat="45.14385" lon="-71.945179">
        <ele>332.5</ele>
      </trkpt>
      <trkpt lat="45.14388" lon="-71.94404">
        <ele>332.6</ele>
      </trkpt>
      <trkpt lat="45.1439" lon="-71.94291">
        <ele>332.6</ele>
      </trkpt>
      <trkpt lat="45.14393" lon="-71.94177">
        <ele>332.6</ele>
      </trkpt>
      <trkpt lat="45.14394" lon="-71.94069">
        <ele>332.9</ele>
      </trkpt>
      <trkpt lat="45.143949" lon="-71.93961">
        <ele>333.3</ele>
      </trkpt>
      <trkpt lat="45.14396" lon="-71.93852">
        <ele>333.7</ele>
      </trkpt>
      <trkpt lat="45.14397" lon="-71.93744">
        <ele>333.9</ele>
      </trkpt>
      <trkpt lat="45.14398" lon="-71.936359">
        <ele>333.9</ele>
      </trkpt>
      <trkpt lat="45.14354" lon="-71.93638">
        <ele>333.8</ele>
      </trkpt>
      <trkpt lat="45.1434" lon="-71.93642">
        <ele>333.8</ele>
      </trkpt>
      <trkpt lat="45.14322" lon="-71.93643">
        <ele>333.9</ele>
      </trkpt>
      <trkpt lat="45.14304" lon="-71.93643">
        <ele>333.9</ele>
      </trkpt>
      <trkpt lat="45.14286" lon="-71.93644">
        <ele>333.9</ele>
      </trkpt>
      <trkpt lat="45.14268" lon="-71.936449">
        <ele>333.9</ele>
      </trkpt>
      <trkpt lat="45.1425" lon="-71.936449">
        <ele>333.8</ele>
      </trkpt>
      <trkpt lat="45.14232" lon="-71.93646">
        <ele>333.7</ele>
      </trkpt>
      <trkpt lat="45.14214" lon="-71.93647">
        <ele>333.6</ele>
      </trkpt>
      <trkpt lat="45.14196" lon="-71.93647">
        <ele>333.4</ele>
      </trkpt>
      <trkpt lat="45.14178" lon="-71.93648">
        <ele>333.3</ele>
      </trkpt>
      <trkpt lat="45.141599" lon="-71.93649">
        <ele>333.3</ele>
      </trkpt>
      <trkpt lat="45.141419" lon="-71.93649">
        <ele>333.3</ele>
      </trkpt>
      <trkpt lat="45.14124" lon="-71.9365">
        <ele>333.4</ele>
      </trkpt>
      <trkpt lat="45.14106" lon="-71.93651">
        <ele>333.6</ele>
      </trkpt>
      <trkpt lat="45.1407" lon="-71.93652">
        <ele>333.8</ele>
      </trkpt>
      <trkpt lat="45.14049" lon="-71.93653">
        <ele>333.9</ele>
      </trkpt>
      <trkpt lat="45.14034" lon="-71.93653">
        <ele>333.9</ele>
      </trkpt>
      <trkpt lat="45.14016" lon="-71.93652">
        <ele>333.9</ele>
      </trkpt>
      <trkpt lat="45.1398" lon="-71.93652">
        <ele>333.9</ele>
      </trkpt>
      <trkpt lat="45.13962" lon="-71.93652">
        <ele>333.9</ele>
      </trkpt>
      <trkpt lat="45.13944" lon="-71.93652">
        <ele>334</ele>
      </trkpt>
      <trkpt lat="45.13908" lon="-71.93652">
        <ele>334.2</ele>
      </trkpt>
      <trkpt lat="45.13836" lon="-71.93653">
        <ele>334.7</ele>
      </trkpt>
      <trkpt lat="45.13818" lon="-71.93653">
        <ele>334.9</ele>
      </trkpt>
      <trkpt lat="45.137279" lon="-71.93655">
        <ele>335.5</ele>
      </trkpt>
      <trkpt lat="45.13656" lon="-71.93655">
        <ele>338.2</ele>
      </trkpt>
      <trkpt lat="45.13638" lon="-71.93655">
        <ele>339</ele>
      </trkpt>
      <trkpt lat="45.13633" lon="-71.93655">
        <ele>339.1</ele>
      </trkpt>
      <trkpt lat="45.13602" lon="-71.93656">
        <ele>340.3</ele>
      </trkpt>
      <trkpt lat="45.13566" lon="-71.93656">
        <ele>341.6</ele>
      </trkpt>
      <trkpt lat="45.13548" lon="-71.93656">
        <ele>342.3</ele>
      </trkpt>
      <trkpt lat="45.1353" lon="-71.93656">
        <ele>342.9</ele>
      </trkpt>
      <trkpt lat="45.13512" lon="-71.93657">
        <ele>343.6</ele>
      </trkpt>
      <trkpt lat="45.13494" lon="-71.93657">
        <ele>344.3</ele>
      </trkpt>
      <trkpt lat="45.13458" lon="-71.93657">
        <ele>345.6</ele>
      </trkpt>
      <trkpt lat="45.1344" lon="-71.93657">
        <ele>346.3</ele>
      </trkpt>
      <trkpt lat="45.13422" lon="-71.93658">
        <ele>347</ele>
      </trkpt>
      <trkpt lat="45.13413" lon="-71.93658">
        <ele>347.4</ele>
      </trkpt>
      <trkpt lat="45.13404" lon="-71.93658">
        <ele>347.8</ele>
      </trkpt>
      <trkpt lat="45.13386" lon="-71.93658">
        <ele>348.6</ele>
      </trkpt>
      <trkpt lat="45.13314" lon="-71.93659">
        <ele>351.9</ele>
      </trkpt>
      <trkpt lat="45.132779" lon="-71.9366">
        <ele>353.3</ele>
      </trkpt>
      <trkpt lat="45.132599" lon="-71.9366">
        <ele>354</ele>
      </trkpt>
      <trkpt lat="45.13224" lon="-71.9366">
        <ele>355.1</ele>
      </trkpt>
      <trkpt lat="45.13206" lon="-71.93661">
        <ele>355.6</ele>
      </trkpt>
      <trkpt lat="45.13188" lon="-71.93661">
        <ele>355.9</ele>
      </trkpt>
      <trkpt lat="45.13183" lon="-71.93661">
        <ele>356</ele>
      </trkpt>
      <trkpt lat="45.13153" lon="-71.93661">
        <ele>356.2</ele>
      </trkpt>
      <trkpt lat="45.13135" lon="-71.93661">
        <ele>356.1</ele>
      </trkpt>
      <trkpt lat="45.13117" lon="-71.93662">
        <ele>355.9</ele>
      </trkpt>
      <trkpt lat="45.13099" lon="-71.93662">
        <ele>355.8</ele>
      </trkpt>
      <trkpt lat="45.13085" lon="-71.93662">
        <ele>355.7</ele>
      </trkpt>
      <trkpt lat="45.13022" lon="-71.93661">
        <ele>355.5</ele>
      </trkpt>
      <trkpt lat="45.12897" lon="-71.93662">
        <ele>354.3</ele>
      </trkpt>
      <trkpt lat="45.12861" lon="-71.93662">
        <ele>354.2</ele>
      </trkpt>
      <trkpt lat="45.12843" lon="-71.93662">
        <ele>354.2</ele>
      </trkpt>
      <trkpt lat="45.12825" lon="-71.93662">
        <ele>354.2</ele>
      </trkpt>
      <trkpt lat="45.12771" lon="-71.936629">
        <ele>354.1</ele>
      </trkpt>
      <trkpt lat="45.12735" lon="-71.936629">
        <ele>354.2</ele>
      </trkpt>
      <trkpt lat="45.12685" lon="-71.936629">
        <ele>354.7</ele>
      </trkpt>
      <trkpt lat="45.12667" lon="-71.936629">
        <ele>355</ele>
      </trkpt>
      <trkpt lat="45.126309" lon="-71.936629">
        <ele>355.7</ele>
      </trkpt>
      <trkpt lat="45.12595" lon="-71.936629">
        <ele>356.5</ele>
      </trkpt>
      <trkpt lat="45.12569" lon="-71.936629">
        <ele>357</ele>
      </trkpt>
      <trkpt lat="45.12559" lon="-71.936629">
        <ele>357.1</ele>
      </trkpt>
      <trkpt lat="45.12527" lon="-71.936629">
        <ele>357.6</ele>
      </trkpt>
      <trkpt lat="45.12524" lon="-71.936629">
        <ele>357.6</ele>
      </trkpt>
      <trkpt lat="45.12509" lon="-71.936629">
        <ele>357.8</ele>
      </trkpt>
      <trkpt lat="45.12506" lon="-71.936629">
        <ele>357.8</ele>
      </trkpt>
      <trkpt lat="45.12473" lon="-71.936629">
        <ele>358.2</ele>
      </trkpt>
      <trkpt lat="45.12455" lon="-71.936629">
        <ele>358.5</ele>
      </trkpt>
      <trkpt lat="45.124519" lon="-71.936629">
        <ele>358.5</ele>
      </trkpt>
      <trkpt lat="45.12437" lon="-71.936629">
        <ele>358.7</ele>
      </trkpt>
      <trkpt lat="45.124339" lon="-71.936629">
        <ele>358.8</ele>
      </trkpt>
      <trkpt lat="45.12419" lon="-71.936629">
        <ele>359</ele>
      </trkpt>
      <trkpt lat="45.12416" lon="-71.936629">
        <ele>359.1</ele>
      </trkpt>
      <trkpt lat="45.12383" lon="-71.936629">
        <ele>359.7</ele>
      </trkpt>
      <trkpt lat="45.1238" lon="-71.936629">
        <ele>359.8</ele>
      </trkpt>
      <trkpt lat="45.12365" lon="-71.936629">
        <ele>360.1</ele>
      </trkpt>
      <trkpt lat="45.12362" lon="-71.936629">
        <ele>360.2</ele>
      </trkpt>
      <trkpt lat="45.12348" lon="-71.936629">
        <ele>360.5</ele>
      </trkpt>
      <trkpt lat="45.12329" lon="-71.93662">
        <ele>361</ele>
      </trkpt>
      <trkpt lat="45.122929" lon="-71.93661">
        <ele>361.8</ele>
      </trkpt>
      <trkpt lat="45.1229" lon="-71.9366">
        <ele>361.9</ele>
      </trkpt>
      <trkpt lat="45.12275" lon="-71.9366">
        <ele>362.3</ele>
      </trkpt>
      <trkpt lat="45.12272" lon="-71.9366">
        <ele>362.4</ele>
      </trkpt>
      <trkpt lat="45.12258" lon="-71.93659">
        <ele>362.8</ele>
      </trkpt>
      <trkpt lat="45.12257" lon="-71.93659">
        <ele>362.8</ele>
      </trkpt>
      <trkpt lat="45.12254" lon="-71.93659">
        <ele>362.9</ele>
      </trkpt>
      <trkpt lat="45.12221" lon="-71.93658">
        <ele>364</ele>
      </trkpt>
      <trkpt lat="45.12204" lon="-71.93657">
        <ele>364.5</ele>
      </trkpt>
      <trkpt lat="45.122" lon="-71.93657">
        <ele>364.6</ele>
      </trkpt>
      <trkpt lat="45.12188" lon="-71.93657">
        <ele>365</ele>
      </trkpt>
      <trkpt lat="45.12186" lon="-71.93657">
        <ele>365</ele>
      </trkpt>
      <trkpt lat="45.12168" lon="-71.93656">
        <ele>365.4</ele>
      </trkpt>
      <trkpt lat="45.12164" lon="-71.93656">
        <ele>365.4</ele>
      </trkpt>
      <trkpt lat="45.12132" lon="-71.936539">
        <ele>365.6</ele>
      </trkpt>
      <trkpt lat="45.12123" lon="-71.93653">
        <ele>365.6</ele>
      </trkpt>
      <trkpt lat="45.12123" lon="-71.93656">
        <ele>365.6</ele>
      </trkpt>
      <trkpt lat="45.12066" lon="-71.936539">
        <ele>365.1</ele>
      </trkpt>
      <trkpt lat="45.1201" lon="-71.93658">
        <ele>364.9</ele>
      </trkpt>
      <trkpt lat="45.119549" lon="-71.93662">
        <ele>364.9</ele>
      </trkpt>
      <trkpt lat="45.11868" lon="-71.93662">
        <ele>364.9</ele>
      </trkpt>
      <trkpt lat="45.11782" lon="-71.936629">
        <ele>364.9</ele>
      </trkpt>
      <trkpt lat="45.11696" lon="-71.93664">
        <ele>364.9</ele>
      </trkpt>
      <trkpt lat="45.1161" lon="-71.93665">
        <ele>364.9</ele>
      </trkpt>
      <trkpt lat="45.11531" lon="-71.936629">
        <ele>364.9</ele>
      </trkpt>
      <trkpt lat="45.11452" lon="-71.93662">
        <ele>364.9</ele>
      </trkpt>
      <trkpt lat="45.11399" lon="-71.93662">
        <ele>364.9</ele>
      </trkpt>
      <trkpt lat="45.11347" lon="-71.936629">
        <ele>364.9</ele>
      </trkpt>
      <trkpt lat="45.11291" lon="-71.93666">
        <ele>364.9</ele>
      </trkpt>
      <trkpt lat="45.11235" lon="-71.93668">
        <ele>364.9</ele>
      </trkpt>
      <trkpt lat="45.11215" lon="-71.9367">
        <ele>364.9</ele>
      </trkpt>
      <trkpt lat="45.11179" lon="-71.93671">
        <ele>364.9</ele>
      </trkpt>
      <trkpt lat="45.11143" lon="-71.936719">
        <ele>364.9</ele>
      </trkpt>
      <trkpt lat="45.11108" lon="-71.93673">
        <ele>364.9</ele>
      </trkpt>
      <trkpt lat="45.11107" lon="-71.93673">
        <ele>364.9</ele>
      </trkpt>
      <trkpt lat="45.11099" lon="-71.93674">
        <ele>364.9</ele>
      </trkpt>
      <trkpt lat="45.11093" lon="-71.93676">
        <ele>364.9</ele>
      </trkpt>
      <trkpt lat="45.11086" lon="-71.93678">
        <ele>364.9</ele>
      </trkpt>
      <trkpt lat="45.11081" lon="-71.93684">
        <ele>364.9</ele>
      </trkpt>
      <trkpt lat="45.11075" lon="-71.93691">
        <ele>364.9</ele>
      </trkpt>
      <trkpt lat="45.11075" lon="-71.93692">
        <ele>364.9</ele>
      </trkpt>
      <trkpt lat="45.11071" lon="-71.93701">
        <ele>364.9</ele>
      </trkpt>
      <trkpt lat="45.11069" lon="-71.93708">
        <ele>364.9</ele>
      </trkpt>
      <trkpt lat="45.11068" lon="-71.93716">
        <ele>364.9</ele>
      </trkpt>
      <trkpt lat="45.11068" lon="-71.93722">
        <ele>364.9</ele>
      </trkpt>
      <trkpt lat="45.11068" lon="-71.93733">
        <ele>364.9</ele>
      </trkpt>
      <trkpt lat="45.11068" lon="-71.93741">
        <ele>364.9</ele>
      </trkpt>
      <trkpt lat="45.11069" lon="-71.93767">
        <ele>364.9</ele>
      </trkpt>
      <trkpt lat="45.11071" lon="-71.93792">
        <ele>364.9</ele>
      </trkpt>
      <trkpt lat="45.11071" lon="-71.93799">
        <ele>364.9</ele>
      </trkpt>
      <trkpt lat="45.11078" lon="-71.93849">
        <ele>364.9</ele>
      </trkpt>
      <trkpt lat="45.11084" lon="-71.93883">
        <ele>364.9</ele>
      </trkpt>
      <trkpt lat="45.11088" lon="-71.93907">
        <ele>364.9</ele>
      </trkpt>
      <trkpt lat="45.11093" lon="-71.93932">
        <ele>364.9</ele>
      </trkpt>
      <trkpt lat="45.11095" lon="-71.93948">
        <ele>364.9</ele>
      </trkpt>
      <trkpt lat="45.11097" lon="-71.93957">
        <ele>364.9</ele>
      </trkpt>
      <trkpt lat="45.11115" lon="-71.940569">
        <ele>364.9</ele>
      </trkpt>
      <trkpt lat="45.11124" lon="-71.94105">
        <ele>364.9</ele>
      </trkpt>
      <trkpt lat="45.11131" lon="-71.941419">
        <ele>364.9</ele>
      </trkpt>
      <trkpt lat="45.11133" lon="-71.94154">
        <ele>364.9</ele>
      </trkpt>
      <trkpt lat="45.11146" lon="-71.94225">
        <ele>364.9</ele>
      </trkpt>
      <trkpt lat="45.11161" lon="-71.94305">
        <ele>364.9</ele>
      </trkpt>
      <trkpt lat="45.11169" lon="-71.94352">
        <ele>364.9</ele>
      </trkpt>
      <trkpt lat="45.11173" lon="-71.94376">
        <ele>364.9</ele>
      </trkpt>
      <trkpt lat="45.111759" lon="-71.94395">
        <ele>364.9</ele>
      </trkpt>
      <trkpt lat="45.11187" lon="-71.9445">
        <ele>364.9</ele>
      </trkpt>
      <trkpt lat="45.11194" lon="-71.94487">
        <ele>364.9</ele>
      </trkpt>
      <trkpt lat="45.11197" lon="-71.94499">
        <ele>364.9</ele>
      </trkpt>
      <trkpt lat="45.11202" lon="-71.94524">
        <ele>364.9</ele>
      </trkpt>
      <trkpt lat="45.11211" lon="-71.94571">
        <ele>364.9</ele>
      </trkpt>
      <trkpt lat="45.11221" lon="-71.94622">
        <ele>364.9</ele>
      </trkpt>
      <trkpt lat="45.11231" lon="-71.94669">
        <ele>364.9</ele>
      </trkpt>
      <trkpt lat="45.11237" lon="-71.94695">
        <ele>364.9</ele>
      </trkpt>
      <trkpt lat="45.11242" lon="-71.9472">
        <ele>364.9</ele>
      </trkpt>
      <trkpt lat="45.11247" lon="-71.94744">
        <ele>364.9</ele>
      </trkpt>
      <trkpt lat="45.11252" lon="-71.94766">
        <ele>364.9</ele>
      </trkpt>
      <trkpt lat="45.11264" lon="-71.94817">
        <ele>364.9</ele>
      </trkpt>
      <trkpt lat="45.11281" lon="-71.94889">
        <ele>364.9</ele>
      </trkpt>
      <trkpt lat="45.11287" lon="-71.94913">
        <ele>364.9</ele>
      </trkpt>
      <trkpt lat="45.11299" lon="-71.94962">
        <ele>364.9</ele>
      </trkpt>
      <trkpt lat="45.11315" lon="-71.9503">
        <ele>364.9</ele>
      </trkpt>
      <trkpt lat="45.1132" lon="-71.95054">
        <ele>364.9</ele>
      </trkpt>
      <trkpt lat="45.113259" lon="-71.95078">
        <ele>364.9</ele>
      </trkpt>
      <trkpt lat="45.11332" lon="-71.95102">
        <ele>364.9</ele>
      </trkpt>
      <trkpt lat="45.11337" lon="-71.95126">
        <ele>364.9</ele>
      </trkpt>
      <trkpt lat="45.11343" lon="-71.95151">
        <ele>364.9</ele>
      </trkpt>
      <trkpt lat="45.11349" lon="-71.95175">
        <ele>364.9</ele>
      </trkpt>
      <trkpt lat="45.113549" lon="-71.95199">
        <ele>364.9</ele>
      </trkpt>
      <trkpt lat="45.11366" lon="-71.95247">
        <ele>364.9</ele>
      </trkpt>
      <trkpt lat="45.11378" lon="-71.95295">
        <ele>365.3</ele>
      </trkpt>
      <trkpt lat="45.1139" lon="-71.95343">
        <ele>365.5</ele>
      </trkpt>
      <trkpt lat="45.114019" lon="-71.953909">
        <ele>364.4</ele>
      </trkpt>
      <trkpt lat="45.11414" lon="-71.9544">
        <ele>362.3</ele>
      </trkpt>
      <trkpt lat="45.11419" lon="-71.95463">
        <ele>361.3</ele>
      </trkpt>
      <trkpt lat="45.11419" lon="-71.95464">
        <ele>361.3</ele>
      </trkpt>
      <trkpt lat="45.11425" lon="-71.95488">
        <ele>360.2</ele>
      </trkpt>
      <trkpt lat="45.11431" lon="-71.95511">
        <ele>359.2</ele>
      </trkpt>
      <trkpt lat="45.11431" lon="-71.955119">
        <ele>359.2</ele>
      </trkpt>
      <trkpt lat="45.11433" lon="-71.95526">
        <ele>358.7</ele>
      </trkpt>
      <trkpt lat="45.11434" lon="-71.95535">
        <ele>358.3</ele>
      </trkpt>
      <trkpt lat="45.11434" lon="-71.95537">
        <ele>358.3</ele>
      </trkpt>
      <trkpt lat="45.11435" lon="-71.95545">
        <ele>357.9</ele>
      </trkpt>
      <trkpt lat="45.11435" lon="-71.95553">
        <ele>357.7</ele>
      </trkpt>
      <trkpt lat="45.11435" lon="-71.95562">
        <ele>357.3</ele>
      </trkpt>
      <trkpt lat="45.11434" lon="-71.955699">
        <ele>357</ele>
      </trkpt>
      <trkpt lat="45.11433" lon="-71.95578">
        <ele>356.7</ele>
      </trkpt>
      <trkpt lat="45.11432" lon="-71.95584">
        <ele>356.5</ele>
      </trkpt>
      <trkpt lat="45.11431" lon="-71.95587">
        <ele>356.4</ele>
      </trkpt>
      <trkpt lat="45.114289" lon="-71.95594">
        <ele>356.2</ele>
      </trkpt>
      <trkpt lat="45.11426" lon="-71.956">
        <ele>356</ele>
      </trkpt>
      <trkpt lat="45.11422" lon="-71.95607">
        <ele>355.7</ele>
      </trkpt>
      <trkpt lat="45.11421" lon="-71.95609">
        <ele>355.7</ele>
      </trkpt>
      <trkpt lat="45.11398" lon="-71.95647">
        <ele>354.4</ele>
      </trkpt>
      <trkpt lat="45.11396" lon="-71.95651">
        <ele>354.3</ele>
      </trkpt>
      <trkpt lat="45.11391" lon="-71.9566">
        <ele>354</ele>
      </trkpt>
      <trkpt lat="45.11387" lon="-71.95667">
        <ele>353.7</ele>
      </trkpt>
      <trkpt lat="45.113819" lon="-71.95678">
        <ele>353.4</ele>
      </trkpt>
      <trkpt lat="45.11378" lon="-71.9569">
        <ele>353</ele>
      </trkpt>
      <trkpt lat="45.11383" lon="-71.95694">
        <ele>352.7</ele>
      </trkpt>
      <trkpt lat="45.11376" lon="-71.9571">
        <ele>352.3</ele>
      </trkpt>
      <trkpt lat="45.11371" lon="-71.95727">
        <ele>351.8</ele>
      </trkpt>
      <trkpt lat="45.11367" lon="-71.95752">
        <ele>351</ele>
      </trkpt>
      <trkpt lat="45.11344" lon="-71.95854">
        <ele>347.8</ele>
      </trkpt>
      <trkpt lat="45.11337" lon="-71.95873">
        <ele>347</ele>
      </trkpt>
      <trkpt lat="45.113259" lon="-71.95889">
        <ele>346.5</ele>
      </trkpt>
      <trkpt lat="45.11315" lon="-71.95901">
        <ele>346.2</ele>
      </trkpt>
      <trkpt lat="45.11278" lon="-71.95907">
        <ele>346.7</ele>
      </trkpt>
      <trkpt lat="45.112" lon="-71.95911">
        <ele>347.7</ele>
      </trkpt>
      <trkpt lat="45.11121" lon="-71.95914">
        <ele>349.1</ele>
      </trkpt>
      <trkpt lat="45.11043" lon="-71.95917">
        <ele>350.2</ele>
      </trkpt>
      <trkpt lat="45.10965" lon="-71.95921">
        <ele>350</ele>
      </trkpt>
      <trkpt lat="45.10887" lon="-71.95924">
        <ele>349.8</ele>
      </trkpt>
      <trkpt lat="45.10809" lon="-71.95928">
        <ele>349.6</ele>
      </trkpt>
      <trkpt lat="45.10754" lon="-71.95926">
        <ele>349.6</ele>
      </trkpt>
      <trkpt lat="45.10699" lon="-71.95924">
        <ele>349.6</ele>
      </trkpt>
      <trkpt lat="45.10648" lon="-71.95926">
        <ele>349.8</ele>
      </trkpt>
      <trkpt lat="45.10597" lon="-71.95928">
        <ele>350.3</ele>
      </trkpt>
      <trkpt lat="45.1053" lon="-71.95926">
        <ele>351.2</ele>
      </trkpt>
      <trkpt lat="45.10422" lon="-71.9593">
        <ele>353.3</ele>
      </trkpt>
      <trkpt lat="45.1036" lon="-71.95932">
        <ele>354.3</ele>
      </trkpt>
      <trkpt lat="45.103499" lon="-71.95932">
        <ele>354.4</ele>
      </trkpt>
      <trkpt lat="45.10272" lon="-71.95933">
        <ele>353.8</ele>
      </trkpt>
      <trkpt lat="45.1026" lon="-71.95933">
        <ele>353.7</ele>
      </trkpt>
      <trkpt lat="45.10242" lon="-71.95933">
        <ele>353.5</ele>
      </trkpt>
      <trkpt lat="45.1017" lon="-71.95934">
        <ele>353.4</ele>
      </trkpt>
      <trkpt lat="45.10152" lon="-71.95934">
        <ele>353.3</ele>
      </trkpt>
      <trkpt lat="45.10117" lon="-71.95934">
        <ele>353</ele>
      </trkpt>
      <trkpt lat="45.10116" lon="-71.95934">
        <ele>353</ele>
      </trkpt>
      <trkpt lat="45.10017" lon="-71.95937">
        <ele>351</ele>
      </trkpt>
      <trkpt lat="45.10009" lon="-71.95938">
        <ele>350.8</ele>
      </trkpt>
      <trkpt lat="45.10008" lon="-71.95938">
        <ele>350.8</ele>
      </trkpt>
      <trkpt lat="45.100029" lon="-71.95938">
        <ele>350.6</ele>
      </trkpt>
      <trkpt lat="45.09997" lon="-71.9594">
        <ele>350.4</ele>
      </trkpt>
      <trkpt lat="45.09992" lon="-71.95942">
        <ele>350.3</ele>
      </trkpt>
      <trkpt lat="45.09987" lon="-71.95945">
        <ele>350.1</ele>
      </trkpt>
      <trkpt lat="45.0998" lon="-71.95949">
        <ele>349.8</ele>
      </trkpt>
      <trkpt lat="45.09975" lon="-71.95954">
        <ele>349.6</ele>
      </trkpt>
      <trkpt lat="45.09959" lon="-71.95967">
        <ele>348.9</ele>
      </trkpt>
      <trkpt lat="45.09958" lon="-71.95968">
        <ele>348.8</ele>
      </trkpt>
      <trkpt lat="45.09945" lon="-71.959819">
        <ele>348.2</ele>
      </trkpt>
      <trkpt lat="45.0993" lon="-71.95997">
        <ele>347.5</ele>
      </trkpt>
      <trkpt lat="45.09927" lon="-71.959999">
        <ele>347.4</ele>
      </trkpt>
      <trkpt lat="45.09888" lon="-71.96044">
        <ele>346</ele>
      </trkpt>
      <trkpt lat="45.09882" lon="-71.96051">
        <ele>345.8</ele>
      </trkpt>
      <trkpt lat="45.09846" lon="-71.96092">
        <ele>344.2</ele>
      </trkpt>
      <trkpt lat="45.09834" lon="-71.96105">
        <ele>343.6</ele>
      </trkpt>
      <trkpt lat="45.09803" lon="-71.96139">
        <ele>342</ele>
      </trkpt>
      <trkpt lat="45.09792" lon="-71.96151">
        <ele>341.5</ele>
      </trkpt>
      <trkpt lat="45.09778" lon="-71.96166">
        <ele>340.8</ele>
      </trkpt>
      <trkpt lat="45.09765" lon="-71.96177">
        <ele>340.2</ele>
      </trkpt>
      <trkpt lat="45.09751" lon="-71.96187">
        <ele>339.6</ele>
      </trkpt>
      <trkpt lat="45.09737" lon="-71.96195">
        <ele>339.1</ele>
      </trkpt>
      <trkpt lat="45.09708" lon="-71.962059">
        <ele>338.1</ele>
      </trkpt>
      <trkpt lat="45.09655" lon="-71.96222">
        <ele>336.4</ele>
      </trkpt>
      <trkpt lat="45.09652" lon="-71.96223">
        <ele>336.3</ele>
      </trkpt>
      <trkpt lat="45.09653" lon="-71.96226">
        <ele>336.2</ele>
      </trkpt>
      <trkpt lat="45.0959" lon="-71.96247">
        <ele>334.9</ele>
      </trkpt>
      <trkpt lat="45.09527" lon="-71.96268">
        <ele>334.8</ele>
      </trkpt>
      <trkpt lat="45.09531" lon="-71.96232">
        <ele>334.9</ele>
      </trkpt>
      <trkpt lat="45.09556" lon="-71.96116">
        <ele>335.7</ele>
      </trkpt>
      <trkpt lat="45.09559" lon="-71.96086">
        <ele>336.1</ele>
      </trkpt>
      <trkpt lat="45.09559" lon="-71.96059">
        <ele>336.2</ele>
      </trkpt>
      <trkpt lat="45.09556" lon="-71.96036">
        <ele>336.2</ele>
      </trkpt>
      <trkpt lat="45.09527" lon="-71.95931">
        <ele>336.7</ele>
      </trkpt>
      <trkpt lat="45.09519" lon="-71.95907">
        <ele>336.8</ele>
      </trkpt>
      <trkpt lat="45.09485" lon="-71.95841">
        <ele>336.5</ele>
      </trkpt>
      <trkpt lat="45.09451" lon="-71.9574">
        <ele>335.7</ele>
      </trkpt>
      <trkpt lat="45.09429" lon="-71.95645">
        <ele>335.6</ele>
      </trkpt>
      <trkpt lat="45.09404" lon="-71.95556">
        <ele>334.9</ele>
      </trkpt>
      <trkpt lat="45.09386" lon="-71.95481">
        <ele>334.9</ele>
      </trkpt>
      <trkpt lat="45.09359" lon="-71.9538">
        <ele>334.9</ele>
      </trkpt>
      <trkpt lat="45.09332" lon="-71.9528">
        <ele>334.9</ele>
      </trkpt>
      <trkpt lat="45.093089" lon="-71.95198">
        <ele>334.9</ele>
      </trkpt>
      <trkpt lat="45.09286" lon="-71.95116">
        <ele>334.9</ele>
      </trkpt>
      <trkpt lat="45.092799" lon="-71.950819">
        <ele>334.9</ele>
      </trkpt>
      <trkpt lat="45.092799" lon="-71.95059">
        <ele>334.9</ele>
      </trkpt>
      <trkpt lat="45.0929" lon="-71.94999">
        <ele>334.9</ele>
      </trkpt>
      <trkpt lat="45.09302" lon="-71.94967">
        <ele>334.9</ele>
      </trkpt>
      <trkpt lat="45.09306" lon="-71.9495">
        <ele>334.9</ele>
      </trkpt>
      <trkpt lat="45.0931" lon="-71.949209">
        <ele>335.3</ele>
      </trkpt>
      <trkpt lat="45.0931" lon="-71.94895">
        <ele>335.6</ele>
      </trkpt>
      <trkpt lat="45.093089" lon="-71.94851">
        <ele>336.3</ele>
      </trkpt>
      <trkpt lat="45.09303" lon="-71.948449">
        <ele>336.4</ele>
      </trkpt>
      <trkpt lat="45.09303" lon="-71.94841">
        <ele>336.5</ele>
      </trkpt>
      <trkpt lat="45.093" lon="-71.9482">
        <ele>337.2</ele>
      </trkpt>
      <trkpt lat="45.09296" lon="-71.947999">
        <ele>338</ele>
      </trkpt>
      <trkpt lat="45.09295" lon="-71.94795">
        <ele>338.2</ele>
      </trkpt>
      <trkpt lat="45.09292" lon="-71.94783">
        <ele>338.6</ele>
      </trkpt>
      <trkpt lat="45.09289" lon="-71.94771">
        <ele>339</ele>
      </trkpt>
      <trkpt lat="45.09288" lon="-71.94768">
        <ele>339.1</ele>
      </trkpt>
      <trkpt lat="45.09276" lon="-71.947239">
        <ele>340.7</ele>
      </trkpt>
      <trkpt lat="45.09275" lon="-71.94721">
        <ele>340.8</ele>
      </trkpt>
      <trkpt lat="45.09254" lon="-71.94654">
        <ele>342.9</ele>
      </trkpt>
      <trkpt lat="45.09249" lon="-71.94636">
        <ele>343.4</ele>
      </trkpt>
      <trkpt lat="45.0924" lon="-71.94607">
        <ele>344.1</ele>
      </trkpt>
      <trkpt lat="45.09236" lon="-71.94593">
        <ele>344.5</ele>
      </trkpt>
      <trkpt lat="45.09234" lon="-71.94583">
        <ele>344.8</ele>
      </trkpt>
      <trkpt lat="45.09231" lon="-71.94572">
        <ele>345.1</ele>
      </trkpt>
      <trkpt lat="45.09228" lon="-71.94558">
        <ele>345.5</ele>
      </trkpt>
      <trkpt lat="45.09227" lon="-71.94542">
        <ele>346.1</ele>
      </trkpt>
      <trkpt lat="45.09226" lon="-71.94529">
        <ele>346.5</ele>
      </trkpt>
      <trkpt lat="45.09226" lon="-71.94508">
        <ele>347.3</ele>
      </trkpt>
      <trkpt lat="45.09227" lon="-71.94484">
        <ele>348.2</ele>
      </trkpt>
      <trkpt lat="45.09229" lon="-71.94462">
        <ele>349</ele>
      </trkpt>
      <trkpt lat="45.092329" lon="-71.94437">
        <ele>350</ele>
      </trkpt>
      <trkpt lat="45.09234" lon="-71.944329">
        <ele>350.2</ele>
      </trkpt>
      <trkpt lat="45.09239" lon="-71.94408">
        <ele>351.2</ele>
      </trkpt>
      <trkpt lat="45.09246" lon="-71.94384">
        <ele>352.2</ele>
      </trkpt>
      <trkpt lat="45.09252" lon="-71.94362">
        <ele>353.2</ele>
      </trkpt>
      <trkpt lat="45.09268" lon="-71.94315">
        <ele>355.4</ele>
      </trkpt>
      <trkpt lat="45.09269" lon="-71.94315">
        <ele>355.4</ele>
      </trkpt>
      <trkpt lat="45.09285" lon="-71.9427">
        <ele>357.4</ele>
      </trkpt>
      <trkpt lat="45.09296" lon="-71.94237">
        <ele>358.6</ele>
      </trkpt>
      <trkpt lat="45.0935" lon="-71.94088">
        <ele>365</ele>
      </trkpt>
      <trkpt lat="45.09372" lon="-71.940299">
        <ele>365.3</ele>
      </trkpt>
      <trkpt lat="45.09413" lon="-71.93917">
        <ele>364.9</ele>
      </trkpt>
      <trkpt lat="45.09455" lon="-71.93804">
        <ele>364.9</ele>
      </trkpt>
      <trkpt lat="45.09497" lon="-71.93691">
        <ele>364.9</ele>
      </trkpt>
      <trkpt lat="45.09513" lon="-71.93646">
        <ele>365.1</ele>
      </trkpt>
      <trkpt lat="45.09557" lon="-71.93517">
        <ele>366.9</ele>
      </trkpt>
      <trkpt lat="45.09587" lon="-71.93425">
        <ele>368.6</ele>
      </trkpt>
      <trkpt lat="45.09631" lon="-71.93294">
        <ele>370.8</ele>
      </trkpt>
      <trkpt lat="45.09642" lon="-71.93249">
        <ele>371.9</ele>
      </trkpt>
      <trkpt lat="45.09645" lon="-71.932329">
        <ele>372.3</ele>
      </trkpt>
      <trkpt lat="45.09646" lon="-71.93221">
        <ele>372.6</ele>
      </trkpt>
      <trkpt lat="45.096469" lon="-71.93207">
        <ele>372.9</ele>
      </trkpt>
      <trkpt lat="45.096469" lon="-71.93187">
        <ele>373.4</ele>
      </trkpt>
      <trkpt lat="45.096469" lon="-71.93186">
        <ele>373.4</ele>
      </trkpt>
      <trkpt lat="45.09645" lon="-71.931659">
        <ele>373.9</ele>
      </trkpt>
      <trkpt lat="45.09642" lon="-71.9315">
        <ele>374.3</ele>
      </trkpt>
      <trkpt lat="45.09633" lon="-71.93113">
        <ele>375.2</ele>
      </trkpt>
      <trkpt lat="45.09599" lon="-71.92968">
        <ele>378.3</ele>
      </trkpt>
      <trkpt lat="45.09583" lon="-71.92895">
        <ele>380.7</ele>
      </trkpt>
      <trkpt lat="45.09559" lon="-71.92802">
        <ele>383.9</ele>
      </trkpt>
      <trkpt lat="45.09536" lon="-71.92708">
        <ele>386.6</ele>
      </trkpt>
      <trkpt lat="45.09513" lon="-71.92614">
        <ele>390.5</ele>
      </trkpt>
      <trkpt lat="45.09489" lon="-71.9252">
        <ele>393.8</ele>
      </trkpt>
      <trkpt lat="45.09447" lon="-71.92531">
        <ele>394.6</ele>
      </trkpt>
      <trkpt lat="45.09399" lon="-71.92538">
        <ele>395.4</ele>
      </trkpt>
      <trkpt lat="45.09352" lon="-71.92545">
        <ele>395.8</ele>
      </trkpt>
      <trkpt lat="45.09338" lon="-71.92545">
        <ele>395.8</ele>
      </trkpt>
      <trkpt lat="45.09268" lon="-71.92541">
        <ele>395.9</ele>
      </trkpt>
      <trkpt lat="45.09212" lon="-71.925299">
        <ele>395.9</ele>
      </trkpt>
      <trkpt lat="45.09156" lon="-71.92519">
        <ele>394.7</ele>
      </trkpt>
      <trkpt lat="45.09095" lon="-71.92507">
        <ele>391.8</ele>
      </trkpt>
      <trkpt lat="45.09094" lon="-71.92506">
        <ele>391.8</ele>
      </trkpt>
      <trkpt lat="45.09059" lon="-71.92501">
        <ele>390.2</ele>
      </trkpt>
      <trkpt lat="45.09042" lon="-71.92498">
        <ele>389.5</ele>
      </trkpt>
      <trkpt lat="45.09024" lon="-71.92497">
        <ele>388.9</ele>
      </trkpt>
      <trkpt lat="45.08988" lon="-71.92493">
        <ele>387.6</ele>
      </trkpt>
      <trkpt lat="45.08934" lon="-71.92492">
        <ele>385.7</ele>
      </trkpt>
      <trkpt lat="45.08922" lon="-71.92491">
        <ele>385.2</ele>
      </trkpt>
      <trkpt lat="45.08894" lon="-71.92491">
        <ele>384.2</ele>
      </trkpt>
      <trkpt lat="45.08882" lon="-71.92493">
        <ele>383.8</ele>
      </trkpt>
      <trkpt lat="45.08834" lon="-71.92494">
        <ele>382</ele>
      </trkpt>
      <trkpt lat="45.0881" lon="-71.92494">
        <ele>381.2</ele>
      </trkpt>
      <trkpt lat="45.08756" lon="-71.92496">
        <ele>379.2</ele>
      </trkpt>
      <trkpt lat="45.08738" lon="-71.92497">
        <ele>378.6</ele>
      </trkpt>
      <trkpt lat="45.08733" lon="-71.92497">
        <ele>378.4</ele>
      </trkpt>
      <trkpt lat="45.0872" lon="-71.92497">
        <ele>378</ele>
      </trkpt>
      <trkpt lat="45.08702" lon="-71.92498">
        <ele>377.4</ele>
      </trkpt>
      <trkpt lat="45.08666" lon="-71.92498">
        <ele>376.1</ele>
      </trkpt>
      <trkpt lat="45.086" lon="-71.924989">
        <ele>373.7</ele>
      </trkpt>
      <trkpt lat="45.08594" lon="-71.924989">
        <ele>373.5</ele>
      </trkpt>
      <trkpt lat="45.08576" lon="-71.924989">
        <ele>373</ele>
      </trkpt>
      <trkpt lat="45.08528" lon="-71.924989">
        <ele>371.7</ele>
      </trkpt>
      <trkpt lat="45.0851" lon="-71.92497">
        <ele>371.3</ele>
      </trkpt>
      <trkpt lat="45.08504" lon="-71.92495">
        <ele>371.2</ele>
      </trkpt>
      <trkpt lat="45.08498" lon="-71.92494">
        <ele>371.1</ele>
      </trkpt>
      <trkpt lat="45.08487" lon="-71.92489">
        <ele>370.9</ele>
      </trkpt>
      <trkpt lat="45.08477" lon="-71.92483">
        <ele>370.7</ele>
      </trkpt>
      <trkpt lat="45.08471" lon="-71.92478">
        <ele>370.6</ele>
      </trkpt>
      <trkpt lat="45.08463" lon="-71.92471">
        <ele>370.4</ele>
      </trkpt>
      <trkpt lat="45.08441" lon="-71.92449">
        <ele>369.9</ele>
      </trkpt>
      <trkpt lat="45.08426" lon="-71.92435">
        <ele>369.3</ele>
      </trkpt>
      <trkpt lat="45.0841" lon="-71.92419">
        <ele>368.7</ele>
      </trkpt>
      <trkpt lat="45.08368" lon="-71.92376">
        <ele>366.8</ele>
      </trkpt>
      <trkpt lat="45.08326" lon="-71.92334">
        <ele>365.9</ele>
      </trkpt>
      <trkpt lat="45.08294" lon="-71.92303">
        <ele>365.6</ele>
      </trkpt>
      <trkpt lat="45.0825" lon="-71.92259">
        <ele>365.1</ele>
      </trkpt>
      <trkpt lat="45.082479" lon="-71.922569">
        <ele>365</ele>
      </trkpt>
      <trkpt lat="45.08241" lon="-71.92251">
        <ele>364.9</ele>
      </trkpt>
      <trkpt lat="45.08234" lon="-71.92247">
        <ele>364.9</ele>
      </trkpt>
      <trkpt lat="45.08232" lon="-71.92246">
        <ele>364.9</ele>
      </trkpt>
      <trkpt lat="45.08227" lon="-71.92242">
        <ele>364.9</ele>
      </trkpt>
      <trkpt lat="45.08218" lon="-71.9224">
        <ele>364.9</ele>
      </trkpt>
      <trkpt lat="45.08217" lon="-71.922389">
        <ele>364.9</ele>
      </trkpt>
      <trkpt lat="45.08208" lon="-71.92238">
        <ele>364.9</ele>
      </trkpt>
      <trkpt lat="45.08199" lon="-71.92236">
        <ele>364.9</ele>
      </trkpt>
      <trkpt lat="45.0819" lon="-71.92236">
        <ele>364.9</ele>
      </trkpt>
      <trkpt lat="45.08181" lon="-71.92236">
        <ele>364.9</ele>
      </trkpt>
      <trkpt lat="45.081629" lon="-71.92238">
        <ele>364.9</ele>
      </trkpt>
      <trkpt lat="45.081539" lon="-71.922389">
        <ele>364.9</ele>
      </trkpt>
      <trkpt lat="45.0814" lon="-71.92236">
        <ele>364.9</ele>
      </trkpt>
      <trkpt lat="45.08129" lon="-71.92232">
        <ele>364.9</ele>
      </trkpt>
      <trkpt lat="45.08128" lon="-71.92231">
        <ele>364.9</ele>
      </trkpt>
      <trkpt lat="45.08118" lon="-71.92225">
        <ele>364.9</ele>
      </trkpt>
      <trkpt lat="45.081069" lon="-71.92219">
        <ele>364.9</ele>
      </trkpt>
      <trkpt lat="45.08087" lon="-71.92204">
        <ele>364.9</ele>
      </trkpt>
      <trkpt lat="45.0808" lon="-71.92197">
        <ele>364.9</ele>
      </trkpt>
      <trkpt lat="45.08067" lon="-71.92185">
        <ele>364.9</ele>
      </trkpt>
      <trkpt lat="45.08065" lon="-71.92182">
        <ele>364.9</ele>
      </trkpt>
      <trkpt lat="45.080509" lon="-71.92165">
        <ele>364.9</ele>
      </trkpt>
      <trkpt lat="45.08037" lon="-71.9215">
        <ele>364.9</ele>
      </trkpt>
      <trkpt lat="45.08028" lon="-71.92144">
        <ele>364.9</ele>
      </trkpt>
      <trkpt lat="45.08017" lon="-71.92139">
        <ele>364.9</ele>
      </trkpt>
      <trkpt lat="45.08008" lon="-71.92137">
        <ele>364.9</ele>
      </trkpt>
      <trkpt lat="45.08003" lon="-71.92136">
        <ele>364.9</ele>
      </trkpt>
      <trkpt lat="45.07999" lon="-71.92135">
        <ele>364.9</ele>
      </trkpt>
      <trkpt lat="45.07988" lon="-71.92134">
        <ele>364.9</ele>
      </trkpt>
      <trkpt lat="45.07985" lon="-71.92134">
        <ele>364.9</ele>
      </trkpt>
      <trkpt lat="45.07931" lon="-71.92133">
        <ele>365.4</ele>
      </trkpt>
      <trkpt lat="45.07895" lon="-71.92132">
        <ele>366.3</ele>
      </trkpt>
      <trkpt lat="45.078629" lon="-71.92132">
        <ele>367.4</ele>
      </trkpt>
      <trkpt lat="45.07791" lon="-71.92132">
        <ele>370.1</ele>
      </trkpt>
      <trkpt lat="45.07773" lon="-71.92132">
        <ele>370.7</ele>
      </trkpt>
      <trkpt lat="45.07701" lon="-71.92133">
        <ele>373.6</ele>
      </trkpt>
      <trkpt lat="45.07668" lon="-71.92133">
        <ele>375</ele>
      </trkpt>
      <trkpt lat="45.07611" lon="-71.92133">
        <ele>377.1</ele>
      </trkpt>
      <trkpt lat="45.0758" lon="-71.92133">
        <ele>378.3</ele>
      </trkpt>
      <trkpt lat="45.07539" lon="-71.92134">
        <ele>379.7</ele>
      </trkpt>
      <trkpt lat="45.07505" lon="-71.92134">
        <ele>380.8</ele>
      </trkpt>
      <trkpt lat="45.07503" lon="-71.92134">
        <ele>380.9</ele>
      </trkpt>
      <trkpt lat="45.07483" lon="-71.92137">
        <ele>381.4</ele>
      </trkpt>
      <trkpt lat="45.07467" lon="-71.9214">
        <ele>381.8</ele>
      </trkpt>
      <trkpt lat="45.07426" lon="-71.92148">
        <ele>382.7</ele>
      </trkpt>
      <trkpt lat="45.07414" lon="-71.92151">
        <ele>383.1</ele>
      </trkpt>
      <trkpt lat="45.07409" lon="-71.92152">
        <ele>383.2</ele>
      </trkpt>
      <trkpt lat="45.07342" lon="-71.92162">
        <ele>385.5</ele>
      </trkpt>
      <trkpt lat="45.07336" lon="-71.921629">
        <ele>385.8</ele>
      </trkpt>
      <trkpt lat="45.07311" lon="-71.92167">
        <ele>386.8</ele>
      </trkpt>
      <trkpt lat="45.07265" lon="-71.92173">
        <ele>389</ele>
      </trkpt>
      <trkpt lat="45.07235" lon="-71.92178">
        <ele>390.2</ele>
      </trkpt>
      <trkpt lat="45.07229" lon="-71.92179">
        <ele>390.5</ele>
      </trkpt>
      <trkpt lat="45.07217" lon="-71.921809">
        <ele>390.9</ele>
      </trkpt>
      <trkpt lat="45.072" lon="-71.92183">
        <ele>391.6</ele>
      </trkpt>
      <trkpt lat="45.07175" lon="-71.92187">
        <ele>392.4</ele>
      </trkpt>
      <trkpt lat="45.07145" lon="-71.92192">
        <ele>393.5</ele>
      </trkpt>
      <trkpt lat="45.07128" lon="-71.92195">
        <ele>394.1</ele>
      </trkpt>
      <trkpt lat="45.07116" lon="-71.92197">
        <ele>394.5</ele>
      </trkpt>
      <trkpt lat="45.07104" lon="-71.921989">
        <ele>394.9</ele>
      </trkpt>
      <trkpt lat="45.07052" lon="-71.92205">
        <ele>397.1</ele>
      </trkpt>
      <trkpt lat="45.07" lon="-71.92212">
        <ele>399.7</ele>
      </trkpt>
      <trkpt lat="45.06942" lon="-71.92217">
        <ele>402.8</ele>
      </trkpt>
      <trkpt lat="45.06937" lon="-71.92221">
        <ele>403.1</ele>
      </trkpt>
      <trkpt lat="45.06884" lon="-71.92304">
        <ele>407.2</ele>
      </trkpt>
      <trkpt lat="45.06832" lon="-71.923869">
        <ele>410.6</ele>
      </trkpt>
      <trkpt lat="45.0678" lon="-71.9247">
        <ele>414.3</ele>
      </trkpt>
      <trkpt lat="45.067279" lon="-71.92553">
        <ele>418.4</ele>
      </trkpt>
      <trkpt lat="45.06676" lon="-71.92636">
        <ele>421.3</ele>
      </trkpt>
      <trkpt lat="45.0666" lon="-71.92666">
        <ele>422.1</ele>
      </trkpt>
      <trkpt lat="45.06644" lon="-71.927">
        <ele>423</ele>
      </trkpt>
      <trkpt lat="45.06606" lon="-71.92791">
        <ele>425.4</ele>
      </trkpt>
      <trkpt lat="45.06584" lon="-71.92862">
        <ele>426.5</ele>
      </trkpt>
      <trkpt lat="45.06561" lon="-71.92934">
        <ele>427.6</ele>
      </trkpt>
      <trkpt lat="45.06534" lon="-71.93009">
        <ele>429.4</ele>
      </trkpt>
      <trkpt lat="45.06506" lon="-71.93083">
        <ele>431.3</ele>
      </trkpt>
      <trkpt lat="45.06483" lon="-71.93137">
        <ele>432.7</ele>
      </trkpt>
      <trkpt lat="45.06448" lon="-71.93203">
        <ele>434.5</ele>
      </trkpt>
      <trkpt lat="45.06416" lon="-71.93282">
        <ele>434.9</ele>
      </trkpt>
      <trkpt lat="45.0637" lon="-71.93376">
        <ele>436.1</ele>
      </trkpt>
      <trkpt lat="45.06324" lon="-71.9347">
        <ele>438.3</ele>
      </trkpt>
      <trkpt lat="45.062779" lon="-71.93564">
        <ele>439.6</ele>
      </trkpt>
      <trkpt lat="45.06261" lon="-71.936089">
        <ele>439.7</ele>
      </trkpt>
      <trkpt lat="45.06246" lon="-71.93686">
        <ele>439.4</ele>
      </trkpt>
      <trkpt lat="45.062399" lon="-71.93737">
        <ele>438.6</ele>
      </trkpt>
      <trkpt lat="45.06238" lon="-71.93838">
        <ele>437.4</ele>
      </trkpt>
      <trkpt lat="45.06235" lon="-71.93939">
        <ele>436.3</ele>
      </trkpt>
      <trkpt lat="45.06233" lon="-71.940389">
        <ele>435.8</ele>
      </trkpt>
      <trkpt lat="45.0623" lon="-71.9414">
        <ele>434.7</ele>
      </trkpt>
      <trkpt lat="45.0623" lon="-71.94255">
        <ele>432.7</ele>
      </trkpt>
      <trkpt lat="45.0623" lon="-71.94371">
        <ele>431.3</ele>
      </trkpt>
      <trkpt lat="45.0623" lon="-71.94487">
        <ele>429.8</ele>
      </trkpt>
      <trkpt lat="45.06229" lon="-71.946029">
        <ele>426.9</ele>
      </trkpt>
      <trkpt lat="45.06227" lon="-71.94721">
        <ele>426.1</ele>
      </trkpt>
      <trkpt lat="45.06224" lon="-71.94839">
        <ele>425.4</ele>
      </trkpt>
      <trkpt lat="45.06217" lon="-71.94909">
        <ele>426.3</ele>
      </trkpt>
      <trkpt lat="45.062109" lon="-71.9498">
        <ele>427.4</ele>
      </trkpt>
      <trkpt lat="45.06203" lon="-71.95023">
        <ele>428</ele>
      </trkpt>
      <trkpt lat="45.061929" lon="-71.95057">
        <ele>428.6</ele>
      </trkpt>
      <trkpt lat="45.06168" lon="-71.95115">
        <ele>429.3</ele>
      </trkpt>
      <trkpt lat="45.0613" lon="-71.95172">
        <ele>430.3</ele>
      </trkpt>
      <trkpt lat="45.06093" lon="-71.95229">
        <ele>431.4</ele>
      </trkpt>
      <trkpt lat="45.06048" lon="-71.9529">
        <ele>432.5</ele>
      </trkpt>
      <trkpt lat="45.05994" lon="-71.95375">
        <ele>434.8</ele>
      </trkpt>
      <trkpt lat="45.059399" lon="-71.95459">
        <ele>437.9</ele>
      </trkpt>
      <trkpt lat="45.05919" lon="-71.95497">
        <ele>438.5</ele>
      </trkpt>
      <trkpt lat="45.0591" lon="-71.95536">
        <ele>438.6</ele>
      </trkpt>
      <trkpt lat="45.05896" lon="-71.95628">
        <ele>437.9</ele>
      </trkpt>
      <trkpt lat="45.05882" lon="-71.9572">
        <ele>437.6</ele>
      </trkpt>
      <trkpt lat="45.05868" lon="-71.958119">
        <ele>435.4</ele>
      </trkpt>
      <trkpt lat="45.058549" lon="-71.95909">
        <ele>433.1</ele>
      </trkpt>
      <trkpt lat="45.05848" lon="-71.95999">
        <ele>430.9</ele>
      </trkpt>
      <trkpt lat="45.05848" lon="-71.96024">
        <ele>430</ele>
      </trkpt>
      <trkpt lat="45.05827" lon="-71.96027">
        <ele>431.3</ele>
      </trkpt>
      <trkpt lat="45.05794" lon="-71.96039">
        <ele>433.2</ele>
      </trkpt>
      <trkpt lat="45.05726" lon="-71.96077">
        <ele>437</ele>
      </trkpt>
      <trkpt lat="45.05659" lon="-71.96116">
        <ele>440.4</ele>
      </trkpt>
      <trkpt lat="45.05643" lon="-71.96117">
        <ele>441.5</ele>
      </trkpt>
      <trkpt lat="45.056399" lon="-71.96119">
        <ele>441.6</ele>
      </trkpt>
      <trkpt lat="45.05624" lon="-71.96129">
        <ele>442.2</ele>
      </trkpt>
      <trkpt lat="45.05607" lon="-71.96139">
        <ele>442.8</ele>
      </trkpt>
      <trkpt lat="45.05574" lon="-71.96159">
        <ele>443.9</ele>
      </trkpt>
      <trkpt lat="45.055729" lon="-71.9616">
        <ele>444</ele>
      </trkpt>
      <trkpt lat="45.05557" lon="-71.96168">
        <ele>444.7</ele>
      </trkpt>
      <trkpt lat="45.05541" lon="-71.96176">
        <ele>445.6</ele>
      </trkpt>
      <trkpt lat="45.05524" lon="-71.96185">
        <ele>446.6</ele>
      </trkpt>
      <trkpt lat="45.05507" lon="-71.96194">
        <ele>447.6</ele>
      </trkpt>
      <trkpt lat="45.05506" lon="-71.96194">
        <ele>447.7</ele>
      </trkpt>
      <trkpt lat="45.05475" lon="-71.96217">
        <ele>449.2</ele>
      </trkpt>
      <trkpt lat="45.05471" lon="-71.9622">
        <ele>449.4</ele>
      </trkpt>
      <trkpt lat="45.05459" lon="-71.9623">
        <ele>450</ele>
      </trkpt>
      <trkpt lat="45.05431" lon="-71.96253">
        <ele>451.2</ele>
      </trkpt>
      <trkpt lat="45.05412" lon="-71.96267">
        <ele>451.8</ele>
      </trkpt>
      <trkpt lat="45.05398" lon="-71.96277">
        <ele>452.1</ele>
      </trkpt>
      <trkpt lat="45.053959" lon="-71.96279">
        <ele>452.2</ele>
      </trkpt>
      <trkpt lat="45.05363" lon="-71.96298">
        <ele>453.6</ele>
      </trkpt>
      <trkpt lat="45.05357" lon="-71.96302">
        <ele>454</ele>
      </trkpt>
      <trkpt lat="45.05346" lon="-71.96308">
        <ele>454.9</ele>
      </trkpt>
      <trkpt lat="45.053289" lon="-71.96317">
        <ele>456.8</ele>
      </trkpt>
      <trkpt lat="45.05313" lon="-71.96326">
        <ele>458.8</ele>
      </trkpt>
      <trkpt lat="45.05303" lon="-71.96331">
        <ele>460.1</ele>
      </trkpt>
      <trkpt lat="45.05296" lon="-71.96336">
        <ele>461</ele>
      </trkpt>
      <trkpt lat="45.05286" lon="-71.96342">
        <ele>462.1</ele>
      </trkpt>
      <trkpt lat="45.0528" lon="-71.96346">
        <ele>462.8</ele>
      </trkpt>
      <trkpt lat="45.05274" lon="-71.96351">
        <ele>463.3</ele>
      </trkpt>
      <trkpt lat="45.052639" lon="-71.963579">
        <ele>464.2</ele>
      </trkpt>
      <trkpt lat="45.05232" lon="-71.96382">
        <ele>466</ele>
      </trkpt>
      <trkpt lat="45.05222" lon="-71.9639">
        <ele>466.4</ele>
      </trkpt>
      <trkpt lat="45.05216" lon="-71.963939">
        <ele>466.7</ele>
      </trkpt>
      <trkpt lat="45.052" lon="-71.96405">
        <ele>467.5</ele>
      </trkpt>
      <trkpt lat="45.05184" lon="-71.96416">
        <ele>468.2</ele>
      </trkpt>
      <trkpt lat="45.05172" lon="-71.96423">
        <ele>468.7</ele>
      </trkpt>
      <trkpt lat="45.05134" lon="-71.96447">
        <ele>468.6</ele>
      </trkpt>
      <trkpt lat="45.05118" lon="-71.96457">
        <ele>467.9</ele>
      </trkpt>
      <trkpt lat="45.05101" lon="-71.96468">
        <ele>466.6</ele>
      </trkpt>
      <trkpt lat="45.0508" lon="-71.96481">
        <ele>464.9</ele>
      </trkpt>
      <trkpt lat="45.05069" lon="-71.964879">
        <ele>463.9</ele>
      </trkpt>
      <trkpt lat="45.05052" lon="-71.96499">
        <ele>462.4</ele>
      </trkpt>
      <trkpt lat="45.050199" lon="-71.9652">
        <ele>460.1</ele>
      </trkpt>
      <trkpt lat="45.05003" lon="-71.96531">
        <ele>459.1</ele>
      </trkpt>
      <trkpt lat="45.04988" lon="-71.96541">
        <ele>458.4</ele>
      </trkpt>
      <trkpt lat="45.04987" lon="-71.96541">
        <ele>458.4</ele>
      </trkpt>
      <trkpt lat="45.0497" lon="-71.96548">
        <ele>457.9</ele>
      </trkpt>
      <trkpt lat="45.049639" lon="-71.9655">
        <ele>457.8</ele>
      </trkpt>
      <trkpt lat="45.04946" lon="-71.965549">
        <ele>457.4</ele>
      </trkpt>
      <trkpt lat="45.04923" lon="-71.9656">
        <ele>457.1</ele>
      </trkpt>
      <trkpt lat="45.04916" lon="-71.96561">
        <ele>457</ele>
      </trkpt>
      <trkpt lat="45.04896" lon="-71.96563">
        <ele>456.9</ele>
      </trkpt>
      <trkpt lat="45.04827" lon="-71.96566">
        <ele>456.8</ele>
      </trkpt>
      <trkpt lat="45.04791" lon="-71.96567">
        <ele>456.9</ele>
      </trkpt>
      <trkpt lat="45.04773" lon="-71.96568">
        <ele>456.9</ele>
      </trkpt>
      <trkpt lat="45.04755" lon="-71.96568">
        <ele>456.9</ele>
      </trkpt>
      <trkpt lat="45.04701" lon="-71.9657">
        <ele>456.9</ele>
      </trkpt>
      <trkpt lat="45.04659" lon="-71.96572">
        <ele>456.9</ele>
      </trkpt>
      <trkpt lat="45.04605" lon="-71.96578">
        <ele>456.9</ele>
      </trkpt>
      <trkpt lat="45.04551" lon="-71.96585">
        <ele>456.9</ele>
      </trkpt>
      <trkpt lat="45.04545" lon="-71.96586">
        <ele>456.9</ele>
      </trkpt>
      <trkpt lat="45.04533" lon="-71.96587">
        <ele>456.9</ele>
      </trkpt>
      <trkpt lat="45.04515" lon="-71.96589">
        <ele>456.9</ele>
      </trkpt>
      <trkpt lat="45.04491" lon="-71.965909">
        <ele>456.9</ele>
      </trkpt>
      <trkpt lat="45.04462" lon="-71.96596">
        <ele>456.9</ele>
      </trkpt>
      <trkpt lat="45.04454" lon="-71.96597">
        <ele>456.9</ele>
      </trkpt>
      <trkpt lat="45.04426" lon="-71.96596">
        <ele>456.9</ele>
      </trkpt>
      <trkpt lat="45.04372" lon="-71.96598">
        <ele>456.9</ele>
      </trkpt>
      <trkpt lat="45.04351" lon="-71.965999">
        <ele>456.9</ele>
      </trkpt>
      <trkpt lat="45.04336" lon="-71.965999">
        <ele>456.9</ele>
      </trkpt>
      <trkpt lat="45.043349" lon="-71.965999">
        <ele>456.9</ele>
      </trkpt>
      <trkpt lat="45.04312" lon="-71.96598">
        <ele>456.9</ele>
      </trkpt>
      <trkpt lat="45.04276" lon="-71.96593">
        <ele>456.9</ele>
      </trkpt>
      <trkpt lat="45.04265" lon="-71.96588">
        <ele>456.9</ele>
      </trkpt>
      <trkpt lat="45.042589" lon="-71.96585">
        <ele>456.9</ele>
      </trkpt>
      <trkpt lat="45.04236" lon="-71.96574">
        <ele>456.9</ele>
      </trkpt>
      <trkpt lat="45.04231" lon="-71.96571">
        <ele>456.9</ele>
      </trkpt>
      <trkpt lat="45.04211" lon="-71.96559">
        <ele>456.9</ele>
      </trkpt>
      <trkpt lat="45.04198" lon="-71.96549">
        <ele>456.9</ele>
      </trkpt>
      <trkpt lat="45.04167" lon="-71.96524">
        <ele>456.9</ele>
      </trkpt>
      <trkpt lat="45.04136" lon="-71.96499">
        <ele>456.9</ele>
      </trkpt>
      <trkpt lat="45.04126" lon="-71.96491">
        <ele>456.9</ele>
      </trkpt>
      <trkpt lat="45.04105" lon="-71.96472">
        <ele>456.9</ele>
      </trkpt>
      <trkpt lat="45.04098" lon="-71.96464">
        <ele>456.9</ele>
      </trkpt>
      <trkpt lat="45.04084" lon="-71.96454">
        <ele>456.9</ele>
      </trkpt>
      <trkpt lat="45.04056" lon="-71.96435">
        <ele>456.9</ele>
      </trkpt>
      <trkpt lat="45.04034" lon="-71.96423">
        <ele>456.9</ele>
      </trkpt>
      <trkpt lat="45.04029" lon="-71.96421">
        <ele>456.9</ele>
      </trkpt>
      <trkpt lat="45.04024" lon="-71.96419">
        <ele>456.9</ele>
      </trkpt>
      <trkpt lat="45.04022" lon="-71.96419">
        <ele>456.9</ele>
      </trkpt>
      <trkpt lat="45.04012" lon="-71.96418">
        <ele>456.9</ele>
      </trkpt>
      <trkpt lat="45.03996" lon="-71.96415">
        <ele>456.9</ele>
      </trkpt>
      <trkpt lat="45.039499" lon="-71.96425">
        <ele>456.9</ele>
      </trkpt>
      <trkpt lat="45.03929" lon="-71.96431">
        <ele>456.9</ele>
      </trkpt>
      <trkpt lat="45.0391" lon="-71.9644">
        <ele>456.9</ele>
      </trkpt>
      <trkpt lat="45.03895" lon="-71.96448">
        <ele>456.9</ele>
      </trkpt>
      <trkpt lat="45.038849" lon="-71.96454">
        <ele>456.9</ele>
      </trkpt>
      <trkpt lat="45.0387" lon="-71.96465">
        <ele>456.9</ele>
      </trkpt>
      <trkpt lat="45.03863" lon="-71.96472">
        <ele>456.9</ele>
      </trkpt>
      <trkpt lat="45.03848" lon="-71.96486">
        <ele>456.9</ele>
      </trkpt>
      <trkpt lat="45.03836" lon="-71.96499">
        <ele>456.9</ele>
      </trkpt>
      <trkpt lat="45.03834" lon="-71.96501">
        <ele>456.9</ele>
      </trkpt>
      <trkpt lat="45.03823" lon="-71.96519">
        <ele>456.5</ele>
      </trkpt>
      <trkpt lat="45.03826" lon="-71.96524">
        <ele>456.6</ele>
      </trkpt>
      <trkpt lat="45.0376" lon="-71.9661">
        <ele>452.1</ele>
      </trkpt>
      <trkpt lat="45.03701" lon="-71.96661">
        <ele>449.2</ele>
      </trkpt>
      <trkpt lat="45.03646" lon="-71.967">
        <ele>446.4</ele>
      </trkpt>
      <trkpt lat="45.0359" lon="-71.96738">
        <ele>443.6</ele>
      </trkpt>
      <trkpt lat="45.0352" lon="-71.9674">
        <ele>441.8</ele>
      </trkpt>
      <trkpt lat="45.0345" lon="-71.96741">
        <ele>440.2</ele>
      </trkpt>
      <trkpt lat="45.03381" lon="-71.96742">
        <ele>438.1</ele>
      </trkpt>
      <trkpt lat="45.03362" lon="-71.96744">
        <ele>437.4</ele>
      </trkpt>
      <trkpt lat="45.03316" lon="-71.96759">
        <ele>435.6</ele>
      </trkpt>
      <trkpt lat="45.03253" lon="-71.96791">
        <ele>433.3</ele>
      </trkpt>
      <trkpt lat="45.0319" lon="-71.96823">
        <ele>430.8</ele>
      </trkpt>
      <trkpt lat="45.03128" lon="-71.968549">
        <ele>428.9</ele>
      </trkpt>
      <trkpt lat="45.03111" lon="-71.96861">
        <ele>428.4</ele>
      </trkpt>
      <trkpt lat="45.030299" lon="-71.9688">
        <ele>426.3</ele>
      </trkpt>
      <trkpt lat="45.03008" lon="-71.96878">
        <ele>426</ele>
      </trkpt>
      <trkpt lat="45.02979" lon="-71.96871">
        <ele>425.8</ele>
      </trkpt>
      <trkpt lat="45.029179" lon="-71.96839">
        <ele>425.9</ele>
      </trkpt>
      <trkpt lat="45.02857" lon="-71.96807">
        <ele>426.5</ele>
      </trkpt>
      <trkpt lat="45.02796" lon="-71.96776">
        <ele>426.9</ele>
      </trkpt>
      <trkpt lat="45.02741" lon="-71.96745">
        <ele>426.7</ele>
      </trkpt>
      <trkpt lat="45.02685" lon="-71.96715">
        <ele>426.2</ele>
      </trkpt>
      <trkpt lat="45.02655" lon="-71.96692">
        <ele>425.9</ele>
      </trkpt>
      <trkpt lat="45.02576" lon="-71.96643">
        <ele>426</ele>
      </trkpt>
      <trkpt lat="45.02501" lon="-71.96612">
        <ele>426.7</ele>
      </trkpt>
      <trkpt lat="45.02441" lon="-71.96594">
        <ele>426.3</ele>
      </trkpt>
      <trkpt lat="45.02391" lon="-71.96571">
        <ele>425.3</ele>
      </trkpt>
      <trkpt lat="45.0234" lon="-71.96548">
        <ele>424.1</ele>
      </trkpt>
      <trkpt lat="45.02286" lon="-71.96529">
        <ele>422.8</ele>
      </trkpt>
      <trkpt lat="45.022329" lon="-71.9651">
        <ele>421.8</ele>
      </trkpt>
      <trkpt lat="45.021769" lon="-71.96496">
        <ele>421.2</ele>
      </trkpt>
      <trkpt lat="45.02141" lon="-71.9649">
        <ele>420.9</ele>
      </trkpt>
      <trkpt lat="45.02114" lon="-71.96489">
        <ele>420.6</ele>
      </trkpt>
      <trkpt lat="45.02037" lon="-71.9649">
        <ele>419</ele>
      </trkpt>
      <trkpt lat="45.01961" lon="-71.96492">
        <ele>417.5</ele>
      </trkpt>
      <trkpt lat="45.01959" lon="-71.96543">
        <ele>417.2</ele>
      </trkpt>
      <trkpt lat="45.019599" lon="-71.96595">
        <ele>416.9</ele>
      </trkpt>
      <trkpt lat="45.01962" lon="-71.96627">
        <ele>416.6</ele>
      </trkpt>
      <trkpt lat="45.01966" lon="-71.96653">
        <ele>416.4</ele>
      </trkpt>
      <trkpt lat="45.01992" lon="-71.96747">
        <ele>416</ele>
      </trkpt>
      <trkpt lat="45.01995" lon="-71.96766">
        <ele>416</ele>
      </trkpt>
      <trkpt lat="45.01997" lon="-71.96796">
        <ele>416</ele>
      </trkpt>
      <trkpt lat="45.01996" lon="-71.96886">
        <ele>415.3</ele>
      </trkpt>
      <trkpt lat="45.019889" lon="-71.96952">
        <ele>414.7</ele>
      </trkpt>
      <trkpt lat="45.01971" lon="-71.97074">
        <ele>413.5</ele>
      </trkpt>
      <trkpt lat="45.01953" lon="-71.97169">
        <ele>411.9</ele>
      </trkpt>
      <trkpt lat="45.01936" lon="-71.97283">
        <ele>410</ele>
      </trkpt>
      <trkpt lat="45.01919" lon="-71.97397">
        <ele>408.9</ele>
      </trkpt>
      <trkpt lat="45.01917" lon="-71.9742">
        <ele>408.8</ele>
      </trkpt>
      <trkpt lat="45.01915" lon="-71.97518">
        <ele>407.7</ele>
      </trkpt>
      <trkpt lat="45.019129" lon="-71.97617">
        <ele>406.8</ele>
      </trkpt>
      <trkpt lat="45.019129" lon="-71.97665">
        <ele>406.8</ele>
      </trkpt>
      <trkpt lat="45.01908" lon="-71.97749">
        <ele>406</ele>
      </trkpt>
      <trkpt lat="45.01902" lon="-71.978309">
        <ele>404.9</ele>
      </trkpt>
      <trkpt lat="45.01891" lon="-71.97933">
        <ele>404.7</ele>
      </trkpt>
      <trkpt lat="45.01884" lon="-71.97998">
        <ele>404.5</ele>
      </trkpt>
      <trkpt lat="45.01877" lon="-71.980639">
        <ele>403.1</ele>
      </trkpt>
      <trkpt lat="45.01867" lon="-71.98139">
        <ele>401.5</ele>
      </trkpt>
      <trkpt lat="45.01861" lon="-71.98222">
        <ele>401.4</ele>
      </trkpt>
      <trkpt lat="45.01856" lon="-71.98306">
        <ele>401.3</ele>
      </trkpt>
      <trkpt lat="45.01855" lon="-71.98414">
        <ele>401.5</ele>
      </trkpt>
      <trkpt lat="45.01854" lon="-71.98522">
        <ele>401.3</ele>
      </trkpt>
      <trkpt lat="45.01852" lon="-71.98589">
        <ele>400.5</ele>
      </trkpt>
      <trkpt lat="45.0185" lon="-71.98655">
        <ele>400.2</ele>
      </trkpt>
      <trkpt lat="45.01844" lon="-71.98715">
        <ele>398.8</ele>
      </trkpt>
      <trkpt lat="45.018389" lon="-71.98752">
        <ele>397.5</ele>
      </trkpt>
      <trkpt lat="45.0183" lon="-71.988">
        <ele>396.2</ele>
      </trkpt>
      <trkpt lat="45.01806" lon="-71.98886">
        <ele>395.9</ele>
      </trkpt>
      <trkpt lat="45.01782" lon="-71.98972">
        <ele>395.9</ele>
      </trkpt>
      <trkpt lat="45.01778" lon="-71.98996">
        <ele>395.9</ele>
      </trkpt>
      <trkpt lat="45.01777" lon="-71.99019">
        <ele>395.9</ele>
      </trkpt>
      <trkpt lat="45.01779" lon="-71.99047">
        <ele>395.9</ele>
      </trkpt>
      <trkpt lat="45.01784" lon="-71.99076">
        <ele>395.9</ele>
      </trkpt>
      <trkpt lat="45.01807" lon="-71.99177">
        <ele>395.9</ele>
      </trkpt>
      <trkpt lat="45.01825" lon="-71.99245">
        <ele>395.9</ele>
      </trkpt>
      <trkpt lat="45.01844" lon="-71.99314">
        <ele>395.9</ele>
      </trkpt>
      <trkpt lat="45.01873" lon="-71.99401">
        <ele>397.1</ele>
      </trkpt>
      <trkpt lat="45.01897" lon="-71.99458">
        <ele>398.1</ele>
      </trkpt>
      <trkpt lat="45.0194" lon="-71.9954">
        <ele>399.9</ele>
      </trkpt>
      <trkpt lat="45.01981" lon="-71.99609">
        <ele>401.6</ele>
      </trkpt>
      <trkpt lat="45.02021" lon="-71.99679">
        <ele>404.2</ele>
      </trkpt>
      <trkpt lat="45.02062" lon="-71.99748">
        <ele>405.3</ele>
      </trkpt>
      <trkpt lat="45.02109" lon="-71.99832">
        <ele>406.8</ele>
      </trkpt>
      <trkpt lat="45.02156" lon="-71.99916">
        <ele>407.1</ele>
      </trkpt>
      <trkpt lat="45.02203" lon="-72">
        <ele>406</ele>
      </trkpt>
      <trkpt lat="45.02213" lon="-72.00017">
        <ele>405.8</ele>
      </trkpt>
      <trkpt lat="45.02254" lon="-72.000919">
        <ele>403.9</ele>
      </trkpt>
      <trkpt lat="45.02284" lon="-72.0014">
        <ele>401.5</ele>
      </trkpt>
      <trkpt lat="45.02305" lon="-72.00165">
        <ele>400.5</ele>
      </trkpt>
      <trkpt lat="45.023359" lon="-72.00188">
        <ele>400.5</ele>
      </trkpt>
      <trkpt lat="45.02356" lon="-72.001949">
        <ele>401.6</ele>
      </trkpt>
      <trkpt lat="45.02414" lon="-72.00208">
        <ele>406.9</ele>
      </trkpt>
      <trkpt lat="45.02473" lon="-72.00222">
        <ele>412.7</ele>
      </trkpt>
      <trkpt lat="45.02511" lon="-72.00228">
        <ele>417.2</ele>
      </trkpt>
      <trkpt lat="45.02564" lon="-72.00241">
        <ele>422.5</ele>
      </trkpt>
      <trkpt lat="45.02591" lon="-72.00242">
        <ele>424.4</ele>
      </trkpt>
      <trkpt lat="45.02622" lon="-72.00239">
        <ele>425.4</ele>
      </trkpt>
      <trkpt lat="45.02707" lon="-72.00215">
        <ele>423.9</ele>
      </trkpt>
      <trkpt lat="45.02793" lon="-72.00191">
        <ele>418.1</ele>
      </trkpt>
      <trkpt lat="45.02878" lon="-72.00167">
        <ele>411.3</ele>
      </trkpt>
      <trkpt lat="45.029359" lon="-72.00146">
        <ele>409</ele>
      </trkpt>
      <trkpt lat="45.02995" lon="-72.00125">
        <ele>409.1</ele>
      </trkpt>
      <trkpt lat="45.02991" lon="-72.00208">
        <ele>403.9</ele>
      </trkpt>
      <trkpt lat="45.02987" lon="-72.0029">
        <ele>400.5</ele>
      </trkpt>
      <trkpt lat="45.02988" lon="-72.00302">
        <ele>400</ele>
      </trkpt>
      <trkpt lat="45.02995" lon="-72.0039">
        <ele>396.9</ele>
      </trkpt>
      <trkpt lat="45.02995" lon="-72.00451">
        <ele>395.3</ele>
      </trkpt>
      <trkpt lat="45.02992" lon="-72.00516">
        <ele>394.6</ele>
      </trkpt>
      <trkpt lat="45.02985" lon="-72.005799">
        <ele>393.8</ele>
      </trkpt>
      <trkpt lat="45.02953" lon="-72.00698">
        <ele>392</ele>
      </trkpt>
      <trkpt lat="45.02946" lon="-72.00754">
        <ele>391.3</ele>
      </trkpt>
      <trkpt lat="45.0295" lon="-72.00843">
        <ele>390.3</ele>
      </trkpt>
      <trkpt lat="45.02954" lon="-72.00931">
        <ele>389.2</ele>
      </trkpt>
      <trkpt lat="45.02959" lon="-72.0102">
        <ele>388.3</ele>
      </trkpt>
      <trkpt lat="45.02953" lon="-72.01073">
        <ele>387.5</ele>
      </trkpt>
      <trkpt lat="45.02944" lon="-72.01119">
        <ele>386.6</ele>
      </trkpt>
      <trkpt lat="45.02926" lon="-72.011799">
        <ele>385.2</ele>
      </trkpt>
      <trkpt lat="45.02908" lon="-72.0124">
        <ele>383.9</ele>
      </trkpt>
      <trkpt lat="45.028889" lon="-72.01276">
        <ele>382.9</ele>
      </trkpt>
      <trkpt lat="45.02854" lon="-72.01333">
        <ele>381.1</ele>
      </trkpt>
      <trkpt lat="45.02838" lon="-72.0137">
        <ele>380.2</ele>
      </trkpt>
      <trkpt lat="45.02829" lon="-72.01416">
        <ele>379.8</ele>
      </trkpt>
      <trkpt lat="45.02825" lon="-72.01509">
        <ele>380.7</ele>
      </trkpt>
      <trkpt lat="45.02821" lon="-72.01601">
        <ele>383.5</ele>
      </trkpt>
      <trkpt lat="45.02822" lon="-72.01665">
        <ele>385.3</ele>
      </trkpt>
      <trkpt lat="45.02823" lon="-72.01729">
        <ele>387</ele>
      </trkpt>
      <trkpt lat="45.02823" lon="-72.0176">
        <ele>387.6</ele>
      </trkpt>
      <trkpt lat="45.02819" lon="-72.0179">
        <ele>387.8</ele>
      </trkpt>
      <trkpt lat="45.02806" lon="-72.01834">
        <ele>387.9</ele>
      </trkpt>
      <trkpt lat="45.02782" lon="-72.01855">
        <ele>387.2</ele>
      </trkpt>
      <trkpt lat="45.027389" lon="-72.01897">
        <ele>386.6</ele>
      </trkpt>
      <trkpt lat="45.02687" lon="-72.01969">
        <ele>386.4</ele>
      </trkpt>
      <trkpt lat="45.02634" lon="-72.0204">
        <ele>385.5</ele>
      </trkpt>
      <trkpt lat="45.02582" lon="-72.021109">
        <ele>384.3</ele>
      </trkpt>
      <trkpt lat="45.0253" lon="-72.02182">
        <ele>382.8</ele>
      </trkpt>
      <trkpt lat="45.02497" lon="-72.02248">
        <ele>382.7</ele>
      </trkpt>
      <trkpt lat="45.02465" lon="-72.02314">
        <ele>382.1</ele>
      </trkpt>
      <trkpt lat="45.02433" lon="-72.02413">
        <ele>381.8</ele>
      </trkpt>
      <trkpt lat="45.024009" lon="-72.02511">
        <ele>379.5</ele>
      </trkpt>
      <trkpt lat="45.02369" lon="-72.02609">
        <ele>369.4</ele>
      </trkpt>
      <trkpt lat="45.02353" lon="-72.02648">
        <ele>366.8</ele>
      </trkpt>
      <trkpt lat="45.02312" lon="-72.02721">
        <ele>364.8</ele>
      </trkpt>
      <trkpt lat="45.02262" lon="-72.02771">
        <ele>364.4</ele>
      </trkpt>
      <trkpt lat="45.02229" lon="-72.02813">
        <ele>364</ele>
      </trkpt>
      <trkpt lat="45.02194" lon="-72.028809">
        <ele>362.7</ele>
      </trkpt>
      <trkpt lat="45.021569" lon="-72.029439">
        <ele>360.1</ele>
      </trkpt>
      <trkpt lat="45.02106" lon="-72.03014">
        <ele>355.7</ele>
      </trkpt>
      <trkpt lat="45.02089" lon="-72.03049">
        <ele>353.8</ele>
      </trkpt>
      <trkpt lat="45.02065" lon="-72.0313">
        <ele>348.7</ele>
      </trkpt>
      <trkpt lat="45.02059" lon="-72.0316">
        <ele>347</ele>
      </trkpt>
      <trkpt lat="45.0205" lon="-72.03223">
        <ele>344.3</ele>
      </trkpt>
      <trkpt lat="45.02041" lon="-72.03286">
        <ele>340.3</ele>
      </trkpt>
      <trkpt lat="45.02034" lon="-72.03382">
        <ele>331.2</ele>
      </trkpt>
      <trkpt lat="45.02033" lon="-72.03427">
        <ele>328.7</ele>
      </trkpt>
      <trkpt lat="45.02033" lon="-72.03454">
        <ele>327.2</ele>
      </trkpt>
      <trkpt lat="45.02035" lon="-72.03509">
        <ele>324.2</ele>
      </trkpt>
      <trkpt lat="45.02046" lon="-72.03592">
        <ele>323.8</ele>
      </trkpt>
      <trkpt lat="45.02068" lon="-72.036689">
        <ele>324.9</ele>
      </trkpt>
      <trkpt lat="45.02099" lon="-72.03765">
        <ele>326.3</ele>
      </trkpt>
      <trkpt lat="45.021299" lon="-72.03861">
        <ele>328.3</ele>
      </trkpt>
      <trkpt lat="45.02162" lon="-72.03956">
        <ele>330.8</ele>
      </trkpt>
      <trkpt lat="45.02165" lon="-72.03967">
        <ele>331</ele>
      </trkpt>
      <trkpt lat="45.0219" lon="-72.04088">
        <ele>330.9</ele>
      </trkpt>
      <trkpt lat="45.02215" lon="-72.0421">
        <ele>330.2</ele>
      </trkpt>
      <trkpt lat="45.02227" lon="-72.04247">
        <ele>330.2</ele>
      </trkpt>
      <trkpt lat="45.02253" lon="-72.04298">
        <ele>330.2</ele>
      </trkpt>
      <trkpt lat="45.02307" lon="-72.04378">
        <ele>329.4</ele>
      </trkpt>
      <trkpt lat="45.02347" lon="-72.04414">
        <ele>329.2</ele>
      </trkpt>
      <trkpt lat="45.02407" lon="-72.04435">
        <ele>328.1</ele>
      </trkpt>
      <trkpt lat="45.0245" lon="-72.0444">
        <ele>326.9</ele>
      </trkpt>
      <trkpt lat="45.02479" lon="-72.04447">
        <ele>326</ele>
      </trkpt>
      <trkpt lat="45.0248" lon="-72.04454">
        <ele>326.1</ele>
      </trkpt>
      <trkpt lat="45.02484" lon="-72.04462">
        <ele>326.2</ele>
      </trkpt>
      <trkpt lat="45.025" lon="-72.04474">
        <ele>325.9</ele>
      </trkpt>
      <trkpt lat="45.025329" lon="-72.04491">
        <ele>325.1</ele>
      </trkpt>
      <trkpt lat="45.02553" lon="-72.04509">
        <ele>324.7</ele>
      </trkpt>
      <trkpt lat="45.02569" lon="-72.04524">
        <ele>324.4</ele>
      </trkpt>
      <trkpt lat="45.02596" lon="-72.04559">
        <ele>323.8</ele>
      </trkpt>
      <trkpt lat="45.02642" lon="-72.04642">
        <ele>323.3</ele>
      </trkpt>
      <trkpt lat="45.02688" lon="-72.04726">
        <ele>322.7</ele>
      </trkpt>
      <trkpt lat="45.02735" lon="-72.04828">
        <ele>318.9</ele>
      </trkpt>
      <trkpt lat="45.02749" lon="-72.048599">
        <ele>318.1</ele>
      </trkpt>
      <trkpt lat="45.02758" lon="-72.04899">
        <ele>318.3</ele>
      </trkpt>
      <trkpt lat="45.027679" lon="-72.04984">
        <ele>320.3</ele>
      </trkpt>
      <trkpt lat="45.02774" lon="-72.05111">
        <ele>322.6</ele>
      </trkpt>
      <trkpt lat="45.0278" lon="-72.05237">
        <ele>327.4</ele>
      </trkpt>
      <trkpt lat="45.027859" lon="-72.05364">
        <ele>327.9</ele>
      </trkpt>
      <trkpt lat="45.02784" lon="-72.05449">
        <ele>330.1</ele>
      </trkpt>
      <trkpt lat="45.02776" lon="-72.05551">
        <ele>331.5</ele>
      </trkpt>
      <trkpt lat="45.027679" lon="-72.05652">
        <ele>332.3</ele>
      </trkpt>
      <trkpt lat="45.027679" lon="-72.05725">
        <ele>332.1</ele>
      </trkpt>
      <trkpt lat="45.027679" lon="-72.05798">
        <ele>332.1</ele>
      </trkpt>
      <trkpt lat="45.02767" lon="-72.05865">
        <ele>332.2</ele>
      </trkpt>
      <trkpt lat="45.02767" lon="-72.05933">
        <ele>333.1</ele>
      </trkpt>
      <trkpt lat="45.0277" lon="-72.0599">
        <ele>334.9</ele>
      </trkpt>
      <trkpt lat="45.02776" lon="-72.06041">
        <ele>335.9</ele>
      </trkpt>
      <trkpt lat="45.02778" lon="-72.06141">
        <ele>333.6</ele>
      </trkpt>
      <trkpt lat="45.02767" lon="-72.06256">
        <ele>330.5</ele>
      </trkpt>
      <trkpt lat="45.02797" lon="-72.06275">
        <ele>327.7</ele>
      </trkpt>
      <trkpt lat="45.0285" lon="-72.06316">
        <ele>323.4</ele>
      </trkpt>
      <trkpt lat="45.0287" lon="-72.06332">
        <ele>321.7</ele>
      </trkpt>
      <trkpt lat="45.02937" lon="-72.06387">
        <ele>316.3</ele>
      </trkpt>
      <trkpt lat="45.02966" lon="-72.06404">
        <ele>317.2</ele>
      </trkpt>
      <trkpt lat="45.02977" lon="-72.06407">
        <ele>317.7</ele>
      </trkpt>
      <trkpt lat="45.03052" lon="-72.064089">
        <ele>321.6</ele>
      </trkpt>
      <trkpt lat="45.03127" lon="-72.0641">
        <ele>324.7</ele>
      </trkpt>
      <trkpt lat="45.03186" lon="-72.06411">
        <ele>326.9</ele>
      </trkpt>
      <trkpt lat="45.03246" lon="-72.06413">
        <ele>329</ele>
      </trkpt>
      <trkpt lat="45.03268" lon="-72.06411">
        <ele>329.7</ele>
      </trkpt>
      <trkpt lat="45.03261" lon="-72.06383">
        <ele>330.1</ele>
      </trkpt>
      <trkpt lat="45.03248" lon="-72.06345">
        <ele>330.6</ele>
      </trkpt>
      <trkpt lat="45.032269" lon="-72.06287">
        <ele>330.8</ele>
      </trkpt>
      <trkpt lat="45.03205" lon="-72.06228">
        <ele>331.2</ele>
      </trkpt>
      <trkpt lat="45.03199" lon="-72.06195">
        <ele>331.4</ele>
      </trkpt>
      <trkpt lat="45.03199" lon="-72.06165">
        <ele>331.7</ele>
      </trkpt>
      <trkpt lat="45.03205" lon="-72.06137">
        <ele>332.2</ele>
      </trkpt>
      <trkpt lat="45.03238" lon="-72.06059">
        <ele>333.1</ele>
      </trkpt>
      <trkpt lat="45.03271" lon="-72.05981">
        <ele>334.1</ele>
      </trkpt>
      <trkpt lat="45.03282" lon="-72.05945">
        <ele>334.2</ele>
      </trkpt>
      <trkpt lat="45.03285" lon="-72.05922">
        <ele>334.2</ele>
      </trkpt>
      <trkpt lat="45.0328" lon="-72.0592">
        <ele>334.1</ele>
      </trkpt>
      <trkpt lat="45.03282" lon="-72.05897">
        <ele>334.2</ele>
      </trkpt>
      <trkpt lat="45.03282" lon="-72.05894">
        <ele>334.2</ele>
      </trkpt>
      <trkpt lat="45.03283" lon="-72.05869">
        <ele>334.4</ele>
      </trkpt>
      <trkpt lat="45.03283" lon="-72.05865">
        <ele>334.4</ele>
      </trkpt>
      <trkpt lat="45.03283" lon="-72.05844">
        <ele>334.7</ele>
      </trkpt>
      <trkpt lat="45.03284" lon="-72.05799">
        <ele>335.4</ele>
      </trkpt>
      <trkpt lat="45.03285" lon="-72.05793">
        <ele>335.5</ele>
      </trkpt>
      <trkpt lat="45.03285" lon="-72.05758">
        <ele>336.4</ele>
      </trkpt>
      <trkpt lat="45.03285" lon="-72.057419">
        <ele>336.9</ele>
      </trkpt>
      <trkpt lat="45.03285" lon="-72.05716">
        <ele>337.9</ele>
      </trkpt>
      <trkpt lat="45.03285" lon="-72.05654">
        <ele>340.6</ele>
      </trkpt>
      <trkpt lat="45.03282" lon="-72.05538">
        <ele>345.6</ele>
      </trkpt>
      <trkpt lat="45.03281" lon="-72.05515">
        <ele>346.3</ele>
      </trkpt>
      <trkpt lat="45.03281" lon="-72.05513">
        <ele>346.3</ele>
      </trkpt>
      <trkpt lat="45.03279" lon="-72.05437">
        <ele>348.5</ele>
      </trkpt>
      <trkpt lat="45.03279" lon="-72.05411">
        <ele>349.2</ele>
      </trkpt>
      <trkpt lat="45.03277" lon="-72.05386">
        <ele>349.7</ele>
      </trkpt>
      <trkpt lat="45.03276" lon="-72.0536">
        <ele>350.2</ele>
      </trkpt>
      <trkpt lat="45.03275" lon="-72.05352">
        <ele>350.4</ele>
      </trkpt>
      <trkpt lat="45.03275" lon="-72.05335">
        <ele>350.8</ele>
      </trkpt>
      <trkpt lat="45.03275" lon="-72.05315">
        <ele>351.2</ele>
      </trkpt>
      <trkpt lat="45.032739" lon="-72.05296">
        <ele>351.6</ele>
      </trkpt>
      <trkpt lat="45.032739" lon="-72.05285">
        <ele>351.8</ele>
      </trkpt>
      <trkpt lat="45.032739" lon="-72.05284">
        <ele>351.9</ele>
      </trkpt>
      <trkpt lat="45.03276" lon="-72.05269">
        <ele>352.3</ele>
      </trkpt>
      <trkpt lat="45.03277" lon="-72.05259">
        <ele>352.6</ele>
      </trkpt>
      <trkpt lat="45.03278" lon="-72.05257">
        <ele>352.7</ele>
      </trkpt>
      <trkpt lat="45.03281" lon="-72.05249">
        <ele>353.1</ele>
      </trkpt>
      <trkpt lat="45.03288" lon="-72.05239">
        <ele>353.8</ele>
      </trkpt>
      <trkpt lat="45.03296" lon="-72.05229">
        <ele>354.6</ele>
      </trkpt>
      <trkpt lat="45.03301" lon="-72.05222">
        <ele>355.2</ele>
      </trkpt>
      <trkpt lat="45.0331" lon="-72.05211">
        <ele>356.1</ele>
      </trkpt>
      <trkpt lat="45.03318" lon="-72.05201">
        <ele>357.1</ele>
      </trkpt>
      <trkpt lat="45.03342" lon="-72.05172">
        <ele>360.1</ele>
      </trkpt>
      <trkpt lat="45.03356" lon="-72.05156">
        <ele>361.7</ele>
      </trkpt>
      <trkpt lat="45.03383" lon="-72.05123">
        <ele>364</ele>
      </trkpt>
      <trkpt lat="45.0343" lon="-72.05067">
        <ele>364.9</ele>
      </trkpt>
      <trkpt lat="45.034529" lon="-72.05042">
        <ele>364.9</ele>
      </trkpt>
      <trkpt lat="45.03467" lon="-72.05026">
        <ele>364.9</ele>
      </trkpt>
      <trkpt lat="45.03524" lon="-72.04964">
        <ele>364.9</ele>
      </trkpt>
      <trkpt lat="45.03538" lon="-72.04948">
        <ele>364.9</ele>
      </trkpt>
      <trkpt lat="45.0355" lon="-72.04935">
        <ele>364.9</ele>
      </trkpt>
      <trkpt lat="45.03588" lon="-72.04901">
        <ele>364.9</ele>
      </trkpt>
      <trkpt lat="45.03598" lon="-72.04893">
        <ele>364.9</ele>
      </trkpt>
      <trkpt lat="45.03614" lon="-72.0488">
        <ele>364.9</ele>
      </trkpt>
      <trkpt lat="45.03629" lon="-72.04867">
        <ele>364.9</ele>
      </trkpt>
      <trkpt lat="45.03635" lon="-72.04863">
        <ele>364.9</ele>
      </trkpt>
      <trkpt lat="45.03645" lon="-72.04856">
        <ele>364.9</ele>
      </trkpt>
      <trkpt lat="45.03652" lon="-72.048509">
        <ele>364.9</ele>
      </trkpt>
      <trkpt lat="45.03662" lon="-72.04845">
        <ele>364.9</ele>
      </trkpt>
      <trkpt lat="45.03678" lon="-72.04835">
        <ele>364.9</ele>
      </trkpt>
      <trkpt lat="45.03695" lon="-72.04825">
        <ele>364.9</ele>
      </trkpt>
      <trkpt lat="45.03711" lon="-72.04815">
        <ele>364.9</ele>
      </trkpt>
      <trkpt lat="45.03728" lon="-72.04804">
        <ele>364.9</ele>
      </trkpt>
      <trkpt lat="45.037619" lon="-72.04788">
        <ele>364.9</ele>
      </trkpt>
      <trkpt lat="45.03764" lon="-72.04786">
        <ele>364.9</ele>
      </trkpt>
      <trkpt lat="45.03785" lon="-72.04777">
        <ele>364.9</ele>
      </trkpt>
      <trkpt lat="45.03799" lon="-72.04772">
        <ele>364.9</ele>
      </trkpt>
      <trkpt lat="45.03844" lon="-72.0476">
        <ele>364.9</ele>
      </trkpt>
      <trkpt lat="45.03863" lon="-72.04758">
        <ele>364.9</ele>
      </trkpt>
      <trkpt lat="45.038849" lon="-72.047569">
        <ele>364.9</ele>
      </trkpt>
      <trkpt lat="45.03957" lon="-72.04753">
        <ele>365.8</ele>
      </trkpt>
      <trkpt lat="45.039589" lon="-72.04753">
        <ele>365.8</ele>
      </trkpt>
      <trkpt lat="45.03975" lon="-72.04753">
        <ele>366.3</ele>
      </trkpt>
      <trkpt lat="45.04029" lon="-72.04754">
        <ele>368.4</ele>
      </trkpt>
      <trkpt lat="45.04094" lon="-72.04755">
        <ele>371.7</ele>
      </trkpt>
      <trkpt lat="45.04112" lon="-72.04755">
        <ele>372.6</ele>
      </trkpt>
      <trkpt lat="45.04148" lon="-72.04754">
        <ele>374.3</ele>
      </trkpt>
      <trkpt lat="45.04166" lon="-72.04753">
        <ele>375.1</ele>
      </trkpt>
      <trkpt lat="45.04184" lon="-72.04753">
        <ele>375.8</ele>
      </trkpt>
      <trkpt lat="45.04201" lon="-72.04753">
        <ele>376.4</ele>
      </trkpt>
      <trkpt lat="45.04242" lon="-72.04752">
        <ele>378</ele>
      </trkpt>
      <trkpt lat="45.04291" lon="-72.04749">
        <ele>380.3</ele>
      </trkpt>
      <trkpt lat="45.04309" lon="-72.047479">
        <ele>381.2</ele>
      </trkpt>
      <trkpt lat="45.04327" lon="-72.04747">
        <ele>381.9</ele>
      </trkpt>
      <trkpt lat="45.04345" lon="-72.04746">
        <ele>382.6</ele>
      </trkpt>
      <trkpt lat="45.04363" lon="-72.04745">
        <ele>383.2</ele>
      </trkpt>
      <trkpt lat="45.04381" lon="-72.04744">
        <ele>383.8</ele>
      </trkpt>
      <trkpt lat="45.04417" lon="-72.04742">
        <ele>384.7</ele>
      </trkpt>
      <trkpt lat="45.04435" lon="-72.04741">
        <ele>385.2</ele>
      </trkpt>
      <trkpt lat="45.04453" lon="-72.0474">
        <ele>385.6</ele>
      </trkpt>
      <trkpt lat="45.04467" lon="-72.047389">
        <ele>386.1</ele>
      </trkpt>
      <trkpt lat="45.04525" lon="-72.04738">
        <ele>388.3</ele>
      </trkpt>
      <trkpt lat="45.04543" lon="-72.04738">
        <ele>389.1</ele>
      </trkpt>
      <trkpt lat="45.04565" lon="-72.04738">
        <ele>390</ele>
      </trkpt>
      <trkpt lat="45.04615" lon="-72.04734">
        <ele>391.7</ele>
      </trkpt>
      <trkpt lat="45.04631" lon="-72.04733">
        <ele>392.1</ele>
      </trkpt>
      <trkpt lat="45.04651" lon="-72.04732">
        <ele>392.5</ele>
      </trkpt>
      <trkpt lat="45.046729" lon="-72.04731">
        <ele>392.9</ele>
      </trkpt>
      <trkpt lat="45.04687" lon="-72.04729">
        <ele>393.3</ele>
      </trkpt>
      <trkpt lat="45.04715" lon="-72.04726">
        <ele>394.1</ele>
      </trkpt>
      <trkpt lat="45.04723" lon="-72.04726">
        <ele>394.3</ele>
      </trkpt>
      <trkpt lat="45.04741" lon="-72.04724">
        <ele>394.7</ele>
      </trkpt>
      <trkpt lat="45.04749" lon="-72.04723">
        <ele>394.8</ele>
      </trkpt>
      <trkpt lat="45.04775" lon="-72.04718">
        <ele>395.3</ele>
      </trkpt>
      <trkpt lat="45.047759" lon="-72.04718">
        <ele>395.3</ele>
      </trkpt>
      <trkpt lat="45.04793" lon="-72.0471">
        <ele>395.5</ele>
      </trkpt>
      <trkpt lat="45.04802" lon="-72.04707">
        <ele>395.6</ele>
      </trkpt>
      <trkpt lat="45.04828" lon="-72.04696">
        <ele>395.8</ele>
      </trkpt>
      <trkpt lat="45.04836" lon="-72.04692">
        <ele>395.9</ele>
      </trkpt>
      <trkpt lat="45.04862" lon="-72.04679">
        <ele>396.4</ele>
      </trkpt>
      <trkpt lat="45.04871" lon="-72.04674">
        <ele>396.6</ele>
      </trkpt>
      <trkpt lat="45.048789" lon="-72.04669">
        <ele>396.8</ele>
      </trkpt>
      <trkpt lat="45.04928" lon="-72.04642">
        <ele>398.6</ele>
      </trkpt>
      <trkpt lat="45.04945" lon="-72.04631">
        <ele>399.5</ele>
      </trkpt>
      <trkpt lat="45.04961" lon="-72.0462">
        <ele>400.4</ele>
      </trkpt>
      <trkpt lat="45.04962" lon="-72.0462">
        <ele>400.5</ele>
      </trkpt>
      <trkpt lat="45.05043" lon="-72.04566">
        <ele>405.6</ele>
      </trkpt>
      <trkpt lat="45.05059" lon="-72.04555">
        <ele>406.7</ele>
      </trkpt>
      <trkpt lat="45.05093" lon="-72.04532">
        <ele>408.9</ele>
      </trkpt>
      <trkpt lat="45.05125" lon="-72.04508">
        <ele>411</ele>
      </trkpt>
      <trkpt lat="45.05172" lon="-72.04473">
        <ele>414.2</ele>
      </trkpt>
      <trkpt lat="45.05204" lon="-72.04449">
        <ele>416.7</ele>
      </trkpt>
      <trkpt lat="45.05236" lon="-72.04425">
        <ele>419.2</ele>
      </trkpt>
      <trkpt lat="45.05252" lon="-72.04414">
        <ele>420.4</ele>
      </trkpt>
      <trkpt lat="45.05284" lon="-72.043899">
        <ele>422.7</ele>
      </trkpt>
      <trkpt lat="45.053" lon="-72.04378">
        <ele>423.8</ele>
      </trkpt>
      <trkpt lat="45.05333" lon="-72.04353">
        <ele>425.3</ele>
      </trkpt>
      <trkpt lat="45.05347" lon="-72.04341">
        <ele>425.7</ele>
      </trkpt>
      <trkpt lat="45.0535" lon="-72.04339">
        <ele>425.7</ele>
      </trkpt>
      <trkpt lat="45.05362" lon="-72.04326">
        <ele>425.9</ele>
      </trkpt>
      <trkpt lat="45.05368" lon="-72.0432">
        <ele>425.9</ele>
      </trkpt>
      <trkpt lat="45.05391" lon="-72.04297">
        <ele>425.9</ele>
      </trkpt>
      <trkpt lat="45.05418" lon="-72.04267">
        <ele>425.9</ele>
      </trkpt>
      <trkpt lat="45.05434" lon="-72.0425">
        <ele>425.9</ele>
      </trkpt>
      <trkpt lat="45.054699" lon="-72.0421">
        <ele>425.9</ele>
      </trkpt>
      <trkpt lat="45.05491" lon="-72.04188">
        <ele>425.9</ele>
      </trkpt>
      <trkpt lat="45.0552" lon="-72.04158">
        <ele>425.9</ele>
      </trkpt>
      <trkpt lat="45.05534" lon="-72.04143">
        <ele>425.9</ele>
      </trkpt>
      <trkpt lat="45.05563" lon="-72.04113">
        <ele>425.9</ele>
      </trkpt>
      <trkpt lat="45.05607" lon="-72.04069">
        <ele>425.9</ele>
      </trkpt>
      <trkpt lat="45.05622" lon="-72.04055">
        <ele>425.9</ele>
      </trkpt>
      <trkpt lat="45.05682" lon="-72.03999">
        <ele>425.9</ele>
      </trkpt>
      <trkpt lat="45.05684" lon="-72.03998">
        <ele>425.9</ele>
      </trkpt>
      <trkpt lat="45.05699" lon="-72.03988">
        <ele>425.9</ele>
      </trkpt>
      <trkpt lat="45.05715" lon="-72.03977">
        <ele>425.9</ele>
      </trkpt>
      <trkpt lat="45.05727" lon="-72.039689">
        <ele>425.9</ele>
      </trkpt>
      <trkpt lat="45.05731" lon="-72.03966">
        <ele>425.9</ele>
      </trkpt>
      <trkpt lat="45.05773" lon="-72.03933">
        <ele>425.9</ele>
      </trkpt>
      <trkpt lat="45.0581" lon="-72.03906">
        <ele>425.9</ele>
      </trkpt>
      <trkpt lat="45.05819" lon="-72.039">
        <ele>425.9</ele>
      </trkpt>
      <trkpt lat="45.05824" lon="-72.03897">
        <ele>425.9</ele>
      </trkpt>
      <trkpt lat="45.058549" lon="-72.03881">
        <ele>425.9</ele>
      </trkpt>
      <trkpt lat="45.05875" lon="-72.0387">
        <ele>425.9</ele>
      </trkpt>
      <trkpt lat="45.05891" lon="-72.03861">
        <ele>425.9</ele>
      </trkpt>
      <trkpt lat="45.05908" lon="-72.03851">
        <ele>425.9</ele>
      </trkpt>
      <trkpt lat="45.05925" lon="-72.03842">
        <ele>425.9</ele>
      </trkpt>
      <trkpt lat="45.05942" lon="-72.03833">
        <ele>425.9</ele>
      </trkpt>
      <trkpt lat="45.05963" lon="-72.03822">
        <ele>425.9</ele>
      </trkpt>
      <trkpt lat="45.05992" lon="-72.03805">
        <ele>425.9</ele>
      </trkpt>
      <trkpt lat="45.06059" lon="-72.03767">
        <ele>425.9</ele>
      </trkpt>
      <trkpt lat="45.06076" lon="-72.03758">
        <ele>425.9</ele>
      </trkpt>
      <trkpt lat="45.06109" lon="-72.03739">
        <ele>425.9</ele>
      </trkpt>
      <trkpt lat="45.06158" lon="-72.03708">
        <ele>425.9</ele>
      </trkpt>
      <trkpt lat="45.06191" lon="-72.036869">
        <ele>425.9</ele>
      </trkpt>
      <trkpt lat="45.06198" lon="-72.03682">
        <ele>425.9</ele>
      </trkpt>
      <trkpt lat="45.06207" lon="-72.03676">
        <ele>425.9</ele>
      </trkpt>
      <trkpt lat="45.06224" lon="-72.03666">
        <ele>425.9</ele>
      </trkpt>
      <trkpt lat="45.062399" lon="-72.03655">
        <ele>425.9</ele>
      </trkpt>
      <trkpt lat="45.06264" lon="-72.03639">
        <ele>425.9</ele>
      </trkpt>
      <trkpt lat="45.06272" lon="-72.03633">
        <ele>425.8</ele>
      </trkpt>
      <trkpt lat="45.06314" lon="-72.03605">
        <ele>425.3</ele>
      </trkpt>
      <trkpt lat="45.06321" lon="-72.036">
        <ele>425.2</ele>
      </trkpt>
      <trkpt lat="45.06331" lon="-72.035929">
        <ele>425</ele>
      </trkpt>
      <trkpt lat="45.06338" lon="-72.03591">
        <ele>424.9</ele>
      </trkpt>
      <trkpt lat="45.06346" lon="-72.03587">
        <ele>424.8</ele>
      </trkpt>
      <trkpt lat="45.06355" lon="-72.03585">
        <ele>424.6</ele>
      </trkpt>
      <trkpt lat="45.06357" lon="-72.035839">
        <ele>424.5</ele>
      </trkpt>
      <trkpt lat="45.06373" lon="-72.03582">
        <ele>424.1</ele>
      </trkpt>
      <trkpt lat="45.06391" lon="-72.0358">
        <ele>423.5</ele>
      </trkpt>
      <trkpt lat="45.06404" lon="-72.03578">
        <ele>422.9</ele>
      </trkpt>
      <trkpt lat="45.06499" lon="-72.035659">
        <ele>415.2</ele>
      </trkpt>
      <trkpt lat="45.06509" lon="-72.03564">
        <ele>414.3</ele>
      </trkpt>
      <trkpt lat="45.06546" lon="-72.0356">
        <ele>411.2</ele>
      </trkpt>
      <trkpt lat="45.06552" lon="-72.03558">
        <ele>410.6</ele>
      </trkpt>
      <trkpt lat="45.0657" lon="-72.03553">
        <ele>409</ele>
      </trkpt>
      <trkpt lat="45.06574" lon="-72.03552">
        <ele>408.7</ele>
      </trkpt>
      <trkpt lat="45.065869" lon="-72.03547">
        <ele>407.5</ele>
      </trkpt>
      <trkpt lat="45.06622" lon="-72.03536">
        <ele>404.4</ele>
      </trkpt>
      <trkpt lat="45.0664" lon="-72.03531">
        <ele>402.8</ele>
      </trkpt>
      <trkpt lat="45.06683" lon="-72.03518">
        <ele>399</ele>
      </trkpt>
      <trkpt lat="45.06727" lon="-72.035">
        <ele>396.3</ele>
      </trkpt>
      <trkpt lat="45.06768" lon="-72.03483">
        <ele>395.7</ele>
      </trkpt>
      <trkpt lat="45.06814" lon="-72.03468">
        <ele>395.8</ele>
      </trkpt>
      <trkpt lat="45.0688" lon="-72.03446">
        <ele>395.6</ele>
      </trkpt>
      <trkpt lat="45.07009" lon="-72.03401">
        <ele>392.3</ele>
      </trkpt>
      <trkpt lat="45.07034" lon="-72.03389">
        <ele>391.2</ele>
      </trkpt>
      <trkpt lat="45.070369" lon="-72.033869">
        <ele>391.1</ele>
      </trkpt>
      <trkpt lat="45.07067" lon="-72.03366">
        <ele>390</ele>
      </trkpt>
      <trkpt lat="45.07094" lon="-72.0335">
        <ele>389</ele>
      </trkpt>
      <trkpt lat="45.071309" lon="-72.033199">
        <ele>387.7</ele>
      </trkpt>
      <trkpt lat="45.07133" lon="-72.03318">
        <ele>387.6</ele>
      </trkpt>
      <trkpt lat="45.07148" lon="-72.03305">
        <ele>386.9</ele>
      </trkpt>
      <trkpt lat="45.0721" lon="-72.03252">
        <ele>384.5</ele>
      </trkpt>
      <trkpt lat="45.072249" lon="-72.03239">
        <ele>384.1</ele>
      </trkpt>
      <trkpt lat="45.07235" lon="-72.03231">
        <ele>383.9</ele>
      </trkpt>
      <trkpt lat="45.07273" lon="-72.03204">
        <ele>382.9</ele>
      </trkpt>
      <trkpt lat="45.07306" lon="-72.03182">
        <ele>382.3</ele>
      </trkpt>
      <trkpt lat="45.07331" lon="-72.03172">
        <ele>381.8</ele>
      </trkpt>
      <trkpt lat="45.0734" lon="-72.03168">
        <ele>381.7</ele>
      </trkpt>
      <trkpt lat="45.07348" lon="-72.03165">
        <ele>381.6</ele>
      </trkpt>
      <trkpt lat="45.073569" lon="-72.03161">
        <ele>381.6</ele>
      </trkpt>
      <trkpt lat="45.073659" lon="-72.03158">
        <ele>381.5</ele>
      </trkpt>
      <trkpt lat="45.07409" lon="-72.0314">
        <ele>381</ele>
      </trkpt>
      <trkpt lat="45.07409" lon="-72.03139">
        <ele>381.1</ele>
      </trkpt>
      <trkpt lat="45.07417" lon="-72.03137">
        <ele>380.9</ele>
      </trkpt>
      <trkpt lat="45.07427" lon="-72.03134">
        <ele>380.7</ele>
      </trkpt>
      <trkpt lat="45.07444" lon="-72.03128">
        <ele>380.2</ele>
      </trkpt>
      <trkpt lat="45.07462" lon="-72.03122">
        <ele>379.6</ele>
      </trkpt>
      <trkpt lat="45.07477" lon="-72.03118">
        <ele>379.1</ele>
      </trkpt>
      <trkpt lat="45.07477" lon="-72.03117">
        <ele>379.1</ele>
      </trkpt>
      <trkpt lat="45.07497" lon="-72.0311">
        <ele>378.4</ele>
      </trkpt>
      <trkpt lat="45.07514" lon="-72.03104">
        <ele>377.7</ele>
      </trkpt>
      <trkpt lat="45.07558" lon="-72.03088">
        <ele>375.9</ele>
      </trkpt>
      <trkpt lat="45.07584" lon="-72.03079">
        <ele>374.7</ele>
      </trkpt>
      <trkpt lat="45.07599" lon="-72.03074">
        <ele>374</ele>
      </trkpt>
      <trkpt lat="45.076009" lon="-72.03073">
        <ele>373.9</ele>
      </trkpt>
      <trkpt lat="45.076189" lon="-72.03067">
        <ele>373</ele>
      </trkpt>
      <trkpt lat="45.0762" lon="-72.03066">
        <ele>373</ele>
      </trkpt>
      <trkpt lat="45.07634" lon="-72.03061">
        <ele>372.3</ele>
      </trkpt>
      <trkpt lat="45.07636" lon="-72.03061">
        <ele>372.2</ele>
      </trkpt>
      <trkpt lat="45.07671" lon="-72.03049">
        <ele>370.5</ele>
      </trkpt>
      <trkpt lat="45.07673" lon="-72.03048">
        <ele>370.4</ele>
      </trkpt>
      <trkpt lat="45.07689" lon="-72.03043">
        <ele>369.7</ele>
      </trkpt>
      <trkpt lat="45.07706" lon="-72.03037">
        <ele>368.9</ele>
      </trkpt>
      <trkpt lat="45.07707" lon="-72.03037">
        <ele>368.9</ele>
      </trkpt>
      <trkpt lat="45.0772" lon="-72.030289">
        <ele>368.2</ele>
      </trkpt>
      <trkpt lat="45.07723" lon="-72.03028">
        <ele>368.1</ele>
      </trkpt>
      <trkpt lat="45.0774" lon="-72.03019">
        <ele>367.3</ele>
      </trkpt>
      <trkpt lat="45.07754" lon="-72.03012">
        <ele>366.6</ele>
      </trkpt>
      <trkpt lat="45.07757" lon="-72.030109">
        <ele>366.5</ele>
      </trkpt>
      <trkpt lat="45.077599" lon="-72.03009">
        <ele>366.3</ele>
      </trkpt>
      <trkpt lat="45.07771" lon="-72.03003">
        <ele>365.8</ele>
      </trkpt>
      <trkpt lat="45.07774" lon="-72.03001">
        <ele>365.6</ele>
      </trkpt>
      <trkpt lat="45.07788" lon="-72.029929">
        <ele>365</ele>
      </trkpt>
      <trkpt lat="45.0779" lon="-72.02992">
        <ele>364.9</ele>
      </trkpt>
      <trkpt lat="45.07792" lon="-72.02991">
        <ele>364.9</ele>
      </trkpt>
      <trkpt lat="45.078069" lon="-72.02982">
        <ele>364.3</ele>
      </trkpt>
      <trkpt lat="45.07821" lon="-72.02975">
        <ele>363.9</ele>
      </trkpt>
      <trkpt lat="45.07824" lon="-72.02973">
        <ele>363.8</ele>
      </trkpt>
      <trkpt lat="45.078539" lon="-72.02956">
        <ele>363.2</ele>
      </trkpt>
      <trkpt lat="45.07855" lon="-72.02956">
        <ele>363.2</ele>
      </trkpt>
      <trkpt lat="45.07874" lon="-72.029439">
        <ele>362.8</ele>
      </trkpt>
      <trkpt lat="45.07888" lon="-72.02936">
        <ele>362.5</ele>
      </trkpt>
      <trkpt lat="45.0789" lon="-72.029349">
        <ele>362.4</ele>
      </trkpt>
      <trkpt lat="45.07973" lon="-72.02885">
        <ele>360.1</ele>
      </trkpt>
      <trkpt lat="45.07987" lon="-72.02877">
        <ele>359.7</ele>
      </trkpt>
      <trkpt lat="45.0799" lon="-72.02875">
        <ele>359.6</ele>
      </trkpt>
      <trkpt lat="45.08006" lon="-72.02865">
        <ele>359.3</ele>
      </trkpt>
      <trkpt lat="45.0802" lon="-72.02857">
        <ele>359</ele>
      </trkpt>
      <trkpt lat="45.08023" lon="-72.02856">
        <ele>358.9</ele>
      </trkpt>
      <trkpt lat="45.08056" lon="-72.02836">
        <ele>358.4</ele>
      </trkpt>
      <trkpt lat="45.08087" lon="-72.02818">
        <ele>357.8</ele>
      </trkpt>
      <trkpt lat="45.080889" lon="-72.02816">
        <ele>357.8</ele>
      </trkpt>
      <trkpt lat="45.08103" lon="-72.02808">
        <ele>357.5</ele>
      </trkpt>
      <trkpt lat="45.08106" lon="-72.02806">
        <ele>357.4</ele>
      </trkpt>
      <trkpt lat="45.08111" lon="-72.02803">
        <ele>357.3</ele>
      </trkpt>
      <trkpt lat="45.0812" lon="-72.02798">
        <ele>357.1</ele>
      </trkpt>
      <trkpt lat="45.081359" lon="-72.02788">
        <ele>356.8</ele>
      </trkpt>
      <trkpt lat="45.08153" lon="-72.02777">
        <ele>356.6</ele>
      </trkpt>
      <trkpt lat="45.08155" lon="-72.02776">
        <ele>356.5</ele>
      </trkpt>
      <trkpt lat="45.08169" lon="-72.02767">
        <ele>356.3</ele>
      </trkpt>
      <trkpt lat="45.08172" lon="-72.02766">
        <ele>356.2</ele>
      </trkpt>
      <trkpt lat="45.08186" lon="-72.02757">
        <ele>356</ele>
      </trkpt>
      <trkpt lat="45.08202" lon="-72.027469">
        <ele>355.7</ele>
      </trkpt>
      <trkpt lat="45.08205" lon="-72.02746">
        <ele>355.6</ele>
      </trkpt>
      <trkpt lat="45.08219" lon="-72.02737">
        <ele>355.3</ele>
      </trkpt>
      <trkpt lat="45.08221" lon="-72.02735">
        <ele>355.3</ele>
      </trkpt>
      <trkpt lat="45.08235" lon="-72.02727">
        <ele>354.9</ele>
      </trkpt>
      <trkpt lat="45.08238" lon="-72.02725">
        <ele>354.9</ele>
      </trkpt>
      <trkpt lat="45.08255" lon="-72.02715">
        <ele>354.5</ele>
      </trkpt>
      <trkpt lat="45.08271" lon="-72.02705">
        <ele>354.1</ele>
      </trkpt>
      <trkpt lat="45.08285" lon="-72.02697">
        <ele>353.8</ele>
      </trkpt>
      <trkpt lat="45.08288" lon="-72.02695">
        <ele>353.8</ele>
      </trkpt>
      <trkpt lat="45.08302" lon="-72.02686">
        <ele>353.5</ele>
      </trkpt>
      <trkpt lat="45.08308" lon="-72.02682">
        <ele>353.3</ele>
      </trkpt>
      <trkpt lat="45.0834" lon="-72.0266">
        <ele>352.7</ele>
      </trkpt>
      <trkpt lat="45.08356" lon="-72.02649">
        <ele>352.4</ele>
      </trkpt>
      <trkpt lat="45.08357" lon="-72.02649">
        <ele>352.3</ele>
      </trkpt>
      <trkpt lat="45.083889" lon="-72.02628">
        <ele>351.7</ele>
      </trkpt>
      <trkpt lat="45.08405" lon="-72.02618">
        <ele>351.4</ele>
      </trkpt>
      <trkpt lat="45.08442" lon="-72.02594">
        <ele>350.7</ele>
      </trkpt>
      <trkpt lat="45.084539" lon="-72.02585">
        <ele>350.5</ele>
      </trkpt>
      <trkpt lat="45.08486" lon="-72.02561">
        <ele>349.8</ele>
      </trkpt>
      <trkpt lat="45.08502" lon="-72.02549">
        <ele>349.4</ele>
      </trkpt>
      <trkpt lat="45.08518" lon="-72.02537">
        <ele>349</ele>
      </trkpt>
      <trkpt lat="45.08549" lon="-72.02513">
        <ele>348.6</ele>
      </trkpt>
      <trkpt lat="45.08565" lon="-72.02502">
        <ele>348.3</ele>
      </trkpt>
      <trkpt lat="45.08573" lon="-72.02495">
        <ele>348.3</ele>
      </trkpt>
      <trkpt lat="45.08581" lon="-72.02489">
        <ele>348.2</ele>
      </trkpt>
      <trkpt lat="45.08597" lon="-72.02476">
        <ele>348</ele>
      </trkpt>
      <trkpt lat="45.08605" lon="-72.02469">
        <ele>348</ele>
      </trkpt>
      <trkpt lat="45.0862" lon="-72.024559">
        <ele>347.9</ele>
      </trkpt>
      <trkpt lat="45.08626" lon="-72.02448">
        <ele>348</ele>
      </trkpt>
      <trkpt lat="45.0864" lon="-72.02432">
        <ele>348</ele>
      </trkpt>
      <trkpt lat="45.0866" lon="-72.02409">
        <ele>348.1</ele>
      </trkpt>
      <trkpt lat="45.08668" lon="-72.024">
        <ele>348.1</ele>
      </trkpt>
      <trkpt lat="45.086979" lon="-72.02365">
        <ele>347.9</ele>
      </trkpt>
      <trkpt lat="45.08711" lon="-72.02352">
        <ele>347.8</ele>
      </trkpt>
      <trkpt lat="45.08725" lon="-72.02337">
        <ele>347.6</ele>
      </trkpt>
      <trkpt lat="45.0874" lon="-72.02323">
        <ele>347.4</ele>
      </trkpt>
      <trkpt lat="45.08754" lon="-72.023079">
        <ele>347.2</ele>
      </trkpt>
      <trkpt lat="45.08769" lon="-72.02293">
        <ele>346.9</ele>
      </trkpt>
      <trkpt lat="45.08798" lon="-72.02263">
        <ele>346.7</ele>
      </trkpt>
      <trkpt lat="45.08827" lon="-72.02233">
        <ele>346.8</ele>
      </trkpt>
      <trkpt lat="45.08846" lon="-72.02231">
        <ele>346.1</ele>
      </trkpt>
      <trkpt lat="45.08864" lon="-72.0223">
        <ele>345.5</ele>
      </trkpt>
      <trkpt lat="45.08878" lon="-72.0223">
        <ele>345</ele>
      </trkpt>
      <trkpt lat="45.089" lon="-72.0223">
        <ele>344.2</ele>
      </trkpt>
      <trkpt lat="45.08918" lon="-72.02231">
        <ele>343.6</ele>
      </trkpt>
      <trkpt lat="45.08936" lon="-72.02231">
        <ele>342.9</ele>
      </trkpt>
      <trkpt lat="45.08972" lon="-72.02231">
        <ele>341.6</ele>
      </trkpt>
      <trkpt lat="45.08974" lon="-72.02231">
        <ele>341.5</ele>
      </trkpt>
      <trkpt lat="45.0899" lon="-72.022319">
        <ele>340.8</ele>
      </trkpt>
      <trkpt lat="45.09127" lon="-72.02237">
        <ele>335.8</ele>
      </trkpt>
      <trkpt lat="45.09163" lon="-72.02234">
        <ele>335.2</ele>
      </trkpt>
      <trkpt lat="45.09182" lon="-72.022319">
        <ele>334.8</ele>
      </trkpt>
      <trkpt lat="45.09205" lon="-72.02229">
        <ele>334.1</ele>
      </trkpt>
      <trkpt lat="45.09237" lon="-72.0222">
        <ele>333.4</ele>
      </trkpt>
      <trkpt lat="45.09287" lon="-72.022049">
        <ele>332.2</ele>
      </trkpt>
      <trkpt lat="45.09357" lon="-72.02183">
        <ele>330.4</ele>
      </trkpt>
      <trkpt lat="45.09369" lon="-72.0218">
        <ele>330.1</ele>
      </trkpt>
      <trkpt lat="45.09375" lon="-72.02178">
        <ele>329.9</ele>
      </trkpt>
      <trkpt lat="45.09415" lon="-72.02168">
        <ele>328.8</ele>
      </trkpt>
      <trkpt lat="45.09474" lon="-72.02154">
        <ele>326.9</ele>
      </trkpt>
      <trkpt lat="45.09481" lon="-72.02153">
        <ele>326.6</ele>
      </trkpt>
      <trkpt lat="45.09552" lon="-72.02135">
        <ele>325</ele>
      </trkpt>
      <trkpt lat="45.0957" lon="-72.02131">
        <ele>324.5</ele>
      </trkpt>
      <trkpt lat="45.09623" lon="-72.02118">
        <ele>322</ele>
      </trkpt>
      <trkpt lat="45.09682" lon="-72.02104">
        <ele>319.5</ele>
      </trkpt>
      <trkpt lat="45.096939" lon="-72.02101">
        <ele>319.3</ele>
      </trkpt>
      <trkpt lat="45.097119" lon="-72.02096">
        <ele>319</ele>
      </trkpt>
      <trkpt lat="45.09743" lon="-72.02088">
        <ele>318.7</ele>
      </trkpt>
      <trkpt lat="45.09765" lon="-72.02082">
        <ele>318.3</ele>
      </trkpt>
      <trkpt lat="45.09782" lon="-72.02077">
        <ele>318</ele>
      </trkpt>
      <trkpt lat="45.09835" lon="-72.02063">
        <ele>316.7</ele>
      </trkpt>
      <trkpt lat="45.09852" lon="-72.02058">
        <ele>316.4</ele>
      </trkpt>
      <trkpt lat="45.098529" lon="-72.02058">
        <ele>316.4</ele>
      </trkpt>
      <trkpt lat="45.09892" lon="-72.02047">
        <ele>315.8</ele>
      </trkpt>
      <trkpt lat="45.09933" lon="-72.02038">
        <ele>314.9</ele>
      </trkpt>
      <trkpt lat="45.10021" lon="-72.02011">
        <ele>313</ele>
      </trkpt>
      <trkpt lat="45.10038" lon="-72.02006">
        <ele>312.7</ele>
      </trkpt>
      <trkpt lat="45.10056" lon="-72.02001">
        <ele>312.3</ele>
      </trkpt>
      <trkpt lat="45.100589" lon="-72.02">
        <ele>312.3</ele>
      </trkpt>
      <trkpt lat="45.10108" lon="-72.01983">
        <ele>311</ele>
      </trkpt>
      <trkpt lat="45.10142" lon="-72.01972">
        <ele>309.9</ele>
      </trkpt>
      <trkpt lat="45.10143" lon="-72.01971">
        <ele>309.8</ele>
      </trkpt>
      <trkpt lat="45.10161" lon="-72.01965">
        <ele>309.3</ele>
      </trkpt>
      <trkpt lat="45.10213" lon="-72.01947">
        <ele>307.8</ele>
      </trkpt>
      <trkpt lat="45.10242" lon="-72.01937">
        <ele>307</ele>
      </trkpt>
      <trkpt lat="45.10248" lon="-72.01935">
        <ele>306.8</ele>
      </trkpt>
      <trkpt lat="45.10296" lon="-72.019139">
        <ele>305.4</ele>
      </trkpt>
      <trkpt lat="45.10352" lon="-72.01894">
        <ele>304</ele>
      </trkpt>
      <trkpt lat="45.10384" lon="-72.01883">
        <ele>303.7</ele>
      </trkpt>
      <trkpt lat="45.10422" lon="-72.0187">
        <ele>303.8</ele>
      </trkpt>
      <trkpt lat="45.10439" lon="-72.01863">
        <ele>303.9</ele>
      </trkpt>
      <trkpt lat="45.10454" lon="-72.01858">
        <ele>303.9</ele>
      </trkpt>
      <trkpt lat="45.10457" lon="-72.01857">
        <ele>303.9</ele>
      </trkpt>
      <trkpt lat="45.1051" lon="-72.01842">
        <ele>303.6</ele>
      </trkpt>
      <trkpt lat="45.105559" lon="-72.018289">
        <ele>303.2</ele>
      </trkpt>
      <trkpt lat="45.1058" lon="-72.01821">
        <ele>303.1</ele>
      </trkpt>
      <trkpt lat="45.10598" lon="-72.01816">
        <ele>303.1</ele>
      </trkpt>
      <trkpt lat="45.10668" lon="-72.01795">
        <ele>303.2</ele>
      </trkpt>
      <trkpt lat="45.10668" lon="-72.01794">
        <ele>303.2</ele>
      </trkpt>
      <trkpt lat="45.10686" lon="-72.01788">
        <ele>303.1</ele>
      </trkpt>
      <trkpt lat="45.10703" lon="-72.01782">
        <ele>302.8</ele>
      </trkpt>
      <trkpt lat="45.10716" lon="-72.01778">
        <ele>302.6</ele>
      </trkpt>
      <trkpt lat="45.1072" lon="-72.01776">
        <ele>302.5</ele>
      </trkpt>
      <trkpt lat="45.10755" lon="-72.01765">
        <ele>301.9</ele>
      </trkpt>
      <trkpt lat="45.10766" lon="-72.017619">
        <ele>301.7</ele>
      </trkpt>
      <trkpt lat="45.107729" lon="-72.01761">
        <ele>301.6</ele>
      </trkpt>
      <trkpt lat="45.10778" lon="-72.01761">
        <ele>301.5</ele>
      </trkpt>
      <trkpt lat="45.10787" lon="-72.017619">
        <ele>301.4</ele>
      </trkpt>
      <trkpt lat="45.10799" lon="-72.01763">
        <ele>301.2</ele>
      </trkpt>
      <trkpt lat="45.1081" lon="-72.01766">
        <ele>301</ele>
      </trkpt>
      <trkpt lat="45.10815" lon="-72.01767">
        <ele>300.9</ele>
      </trkpt>
      <trkpt lat="45.10827" lon="-72.017709">
        <ele>300.6</ele>
      </trkpt>
      <trkpt lat="45.10862" lon="-72.01783">
        <ele>299.5</ele>
      </trkpt>
      <trkpt lat="45.10896" lon="-72.01795">
        <ele>298.1</ele>
      </trkpt>
      <trkpt lat="45.1091" lon="-72.018">
        <ele>297.5</ele>
      </trkpt>
      <trkpt lat="45.10967" lon="-72.01818">
        <ele>295.2</ele>
      </trkpt>
      <trkpt lat="45.109789" lon="-72.01822">
        <ele>294.6</ele>
      </trkpt>
      <trkpt lat="45.10984" lon="-72.01823">
        <ele>294.4</ele>
      </trkpt>
      <trkpt lat="45.11037" lon="-72.01839">
        <ele>291.8</ele>
      </trkpt>
      <trkpt lat="45.11065" lon="-72.018469">
        <ele>290.4</ele>
      </trkpt>
      <trkpt lat="45.11072" lon="-72.0185">
        <ele>290.1</ele>
      </trkpt>
      <trkpt lat="45.1109" lon="-72.018559">
        <ele>289.2</ele>
      </trkpt>
      <trkpt lat="45.11107" lon="-72.01862">
        <ele>288.5</ele>
      </trkpt>
      <trkpt lat="45.1116" lon="-72.0188">
        <ele>285.9</ele>
      </trkpt>
      <trkpt lat="45.11177" lon="-72.01886">
        <ele>285</ele>
      </trkpt>
      <trkpt lat="45.11195" lon="-72.01892">
        <ele>284</ele>
      </trkpt>
      <trkpt lat="45.11212" lon="-72.01898">
        <ele>283</ele>
      </trkpt>
      <trkpt lat="45.11247" lon="-72.0191">
        <ele>281</ele>
      </trkpt>
      <trkpt lat="45.11282" lon="-72.01922">
        <ele>279.2</ele>
      </trkpt>
      <trkpt lat="45.11291" lon="-72.01925">
        <ele>278.7</ele>
      </trkpt>
      <trkpt lat="45.113169" lon="-72.019319">
        <ele>277.4</ele>
      </trkpt>
      <trkpt lat="45.113259" lon="-72.01934">
        <ele>276.9</ele>
      </trkpt>
      <trkpt lat="45.113349" lon="-72.01934">
        <ele>276.5</ele>
      </trkpt>
      <trkpt lat="45.1135" lon="-72.019319">
        <ele>275.9</ele>
      </trkpt>
      <trkpt lat="45.11386" lon="-72.019319">
        <ele>274.6</ele>
      </trkpt>
      <trkpt lat="45.11404" lon="-72.019319">
        <ele>274.2</ele>
      </trkpt>
      <trkpt lat="45.11431" lon="-72.019319">
        <ele>273.8</ele>
      </trkpt>
      <trkpt lat="45.11475" lon="-72.01933">
        <ele>273.8</ele>
      </trkpt>
      <trkpt lat="45.11493" lon="-72.01933">
        <ele>273.8</ele>
      </trkpt>
      <trkpt lat="45.11511" lon="-72.01933">
        <ele>273.8</ele>
      </trkpt>
      <trkpt lat="45.11527" lon="-72.01933">
        <ele>273.9</ele>
      </trkpt>
      <trkpt lat="45.11529" lon="-72.01933">
        <ele>273.9</ele>
      </trkpt>
      <trkpt lat="45.11547" lon="-72.01934">
        <ele>273.9</ele>
      </trkpt>
      <trkpt lat="45.11548" lon="-72.01934">
        <ele>273.9</ele>
      </trkpt>
      <trkpt lat="45.11572" lon="-72.01937">
        <ele>273.9</ele>
      </trkpt>
      <trkpt lat="45.11627" lon="-72.01946">
        <ele>274</ele>
      </trkpt>
      <trkpt lat="45.11654" lon="-72.019499">
        <ele>273.9</ele>
      </trkpt>
      <trkpt lat="45.11707" lon="-72.01958">
        <ele>273.2</ele>
      </trkpt>
      <trkpt lat="45.11708" lon="-72.019589">
        <ele>273.2</ele>
      </trkpt>
      <trkpt lat="45.11778" lon="-72.01971">
        <ele>270.3</ele>
      </trkpt>
      <trkpt lat="45.11886" lon="-72.01989">
        <ele>263.9</ele>
      </trkpt>
      <trkpt lat="45.11904" lon="-72.01992">
        <ele>262.9</ele>
      </trkpt>
      <trkpt lat="45.11915" lon="-72.01994">
        <ele>262.3</ele>
      </trkpt>
      <trkpt lat="45.11945" lon="-72.01998">
        <ele>260.4</ele>
      </trkpt>
      <trkpt lat="45.11965" lon="-72.01999">
        <ele>259</ele>
      </trkpt>
      <trkpt lat="45.11994" lon="-72.01998">
        <ele>256.9</ele>
      </trkpt>
      <trkpt lat="45.12006" lon="-72.01998">
        <ele>256</ele>
      </trkpt>
      <trkpt lat="45.12012" lon="-72.01998">
        <ele>255.5</ele>
      </trkpt>
      <trkpt lat="45.1203" lon="-72.01997">
        <ele>254.1</ele>
      </trkpt>
      <trkpt lat="45.12069" lon="-72.01996">
        <ele>251.4</ele>
      </trkpt>
      <trkpt lat="45.12102" lon="-72.01994">
        <ele>249.4</ele>
      </trkpt>
      <trkpt lat="45.12163" lon="-72.01991">
        <ele>246.5</ele>
      </trkpt>
      <trkpt lat="45.12173" lon="-72.01991">
        <ele>246.2</ele>
      </trkpt>
      <trkpt lat="45.12203" lon="-72.01989">
        <ele>245.1</ele>
      </trkpt>
      <trkpt lat="45.12209" lon="-72.01988">
        <ele>244.9</ele>
      </trkpt>
      <trkpt lat="45.12227" lon="-72.01987">
        <ele>244.4</ele>
      </trkpt>
      <trkpt lat="45.12229" lon="-72.01987">
        <ele>244.3</ele>
      </trkpt>
      <trkpt lat="45.12263" lon="-72.01984">
        <ele>243.6</ele>
      </trkpt>
      <trkpt lat="45.12299" lon="-72.01982">
        <ele>243.1</ele>
      </trkpt>
      <trkpt lat="45.12317" lon="-72.01981">
        <ele>243</ele>
      </trkpt>
      <trkpt lat="45.12319" lon="-72.01981">
        <ele>243</ele>
      </trkpt>
      <trkpt lat="45.12424" lon="-72.01974">
        <ele>242.9</ele>
      </trkpt>
      <trkpt lat="45.124429" lon="-72.01973">
        <ele>242.9</ele>
      </trkpt>
      <trkpt lat="45.12497" lon="-72.019679">
        <ele>242.9</ele>
      </trkpt>
      <trkpt lat="45.12533" lon="-72.01966">
        <ele>242.9</ele>
      </trkpt>
      <trkpt lat="45.12641" lon="-72.01957">
        <ele>242.9</ele>
      </trkpt>
      <trkpt lat="45.12658" lon="-72.01956">
        <ele>242.9</ele>
      </trkpt>
      <trkpt lat="45.12676" lon="-72.01954">
        <ele>242.9</ele>
      </trkpt>
      <trkpt lat="45.12802" lon="-72.01945">
        <ele>242.4</ele>
      </trkpt>
      <trkpt lat="45.1282" lon="-72.01943">
        <ele>242.3</ele>
      </trkpt>
      <trkpt lat="45.12848" lon="-72.019409">
        <ele>242.1</ele>
      </trkpt>
      <trkpt lat="45.12856" lon="-72.019409">
        <ele>242.1</ele>
      </trkpt>
      <trkpt lat="45.1291" lon="-72.01939">
        <ele>241.8</ele>
      </trkpt>
      <trkpt lat="45.129219" lon="-72.01939">
        <ele>241.6</ele>
      </trkpt>
      <trkpt lat="45.12964" lon="-72.01939">
        <ele>240.9</ele>
      </trkpt>
      <trkpt lat="45.12975" lon="-72.01939">
        <ele>240.6</ele>
      </trkpt>
      <trkpt lat="45.13002" lon="-72.019409">
        <ele>240</ele>
      </trkpt>
      <trkpt lat="45.13026" lon="-72.01943">
        <ele>239.4</ele>
      </trkpt>
      <trkpt lat="45.13036" lon="-72.01944">
        <ele>239.1</ele>
      </trkpt>
      <trkpt lat="45.13065" lon="-72.01949">
        <ele>238.5</ele>
      </trkpt>
      <trkpt lat="45.13089" lon="-72.01951">
        <ele>238.1</ele>
      </trkpt>
      <trkpt lat="45.131" lon="-72.01952">
        <ele>237.9</ele>
      </trkpt>
      <trkpt lat="45.13107" lon="-72.01953">
        <ele>237.8</ele>
      </trkpt>
      <trkpt lat="45.13161" lon="-72.019589">
        <ele>236.8</ele>
      </trkpt>
      <trkpt lat="45.13299" lon="-72.01977">
        <ele>233.5</ele>
      </trkpt>
      <trkpt lat="45.13322" lon="-72.01983">
        <ele>233</ele>
      </trkpt>
      <trkpt lat="45.13341" lon="-72.01987">
        <ele>232.7</ele>
      </trkpt>
      <trkpt lat="45.13379" lon="-72.01997">
        <ele>232.2</ele>
      </trkpt>
      <trkpt lat="45.134099" lon="-72.02007">
        <ele>231.7</ele>
      </trkpt>
      <trkpt lat="45.13432" lon="-72.02014">
        <ele>231.4</ele>
      </trkpt>
      <trkpt lat="45.13473" lon="-72.02032">
        <ele>230.7</ele>
      </trkpt>
      <trkpt lat="45.13496" lon="-72.020439">
        <ele>230.3</ele>
      </trkpt>
      <trkpt lat="45.13506" lon="-72.02048">
        <ele>230.2</ele>
      </trkpt>
      <trkpt lat="45.135129" lon="-72.02052">
        <ele>230.1</ele>
      </trkpt>
      <trkpt lat="45.13526" lon="-72.02058">
        <ele>229.9</ele>
      </trkpt>
      <trkpt lat="45.135309" lon="-72.0206">
        <ele>229.8</ele>
      </trkpt>
      <trkpt lat="45.13542" lon="-72.02064">
        <ele>229.6</ele>
      </trkpt>
      <trkpt lat="45.13557" lon="-72.02068">
        <ele>229.3</ele>
      </trkpt>
      <trkpt lat="45.13584" lon="-72.02073">
        <ele>228.8</ele>
      </trkpt>
      <trkpt lat="45.13601" lon="-72.02076">
        <ele>228.5</ele>
      </trkpt>
      <trkpt lat="45.13619" lon="-72.02079">
        <ele>228.3</ele>
      </trkpt>
      <trkpt lat="45.13629" lon="-72.02081">
        <ele>228.2</ele>
      </trkpt>
      <trkpt lat="45.1369" lon="-72.02095">
        <ele>227.7</ele>
      </trkpt>
      <trkpt lat="45.13726" lon="-72.02103">
        <ele>227.5</ele>
      </trkpt>
      <trkpt lat="45.13743" lon="-72.02107">
        <ele>227.3</ele>
      </trkpt>
      <trkpt lat="45.13744" lon="-72.02107">
        <ele>227.3</ele>
      </trkpt>
      <trkpt lat="45.13762" lon="-72.0211">
        <ele>227.1</ele>
      </trkpt>
      <trkpt lat="45.13778" lon="-72.02114">
        <ele>226.9</ele>
      </trkpt>
      <trkpt lat="45.13806" lon="-72.02117">
        <ele>226.5</ele>
      </trkpt>
      <trkpt lat="45.13815" lon="-72.02118">
        <ele>226.4</ele>
      </trkpt>
      <trkpt lat="45.13824" lon="-72.02119">
        <ele>226.3</ele>
      </trkpt>
      <trkpt lat="45.13833" lon="-72.02119">
        <ele>226.1</ele>
      </trkpt>
      <trkpt lat="45.1389" lon="-72.02123">
        <ele>225.5</ele>
      </trkpt>
      <trkpt lat="45.13923" lon="-72.02123">
        <ele>225.1</ele>
      </trkpt>
      <trkpt lat="45.14031" lon="-72.02125">
        <ele>223.9</ele>
      </trkpt>
      <trkpt lat="45.14049" lon="-72.02125">
        <ele>223.7</ele>
      </trkpt>
      <trkpt lat="45.14067" lon="-72.02125">
        <ele>223.5</ele>
      </trkpt>
      <trkpt lat="45.14121" lon="-72.02126">
        <ele>222.9</ele>
      </trkpt>
      <trkpt lat="45.141219" lon="-72.02126">
        <ele>222.9</ele>
      </trkpt>
      <trkpt lat="45.14139" lon="-72.02126">
        <ele>222.6</ele>
      </trkpt>
      <trkpt lat="45.14202" lon="-72.02124">
        <ele>221.4</ele>
      </trkpt>
      <trkpt lat="45.14211" lon="-72.02123">
        <ele>221.1</ele>
      </trkpt>
      <trkpt lat="45.14229" lon="-72.02121">
        <ele>220.6</ele>
      </trkpt>
      <trkpt lat="45.14294" lon="-72.02116">
        <ele>219</ele>
      </trkpt>
      <trkpt lat="45.14354" lon="-72.02115">
        <ele>217.6</ele>
      </trkpt>
      <trkpt lat="45.1439" lon="-72.02115">
        <ele>216.7</ele>
      </trkpt>
      <trkpt lat="45.14444" lon="-72.02115">
        <ele>215.4</ele>
      </trkpt>
      <trkpt lat="45.14477" lon="-72.02115">
        <ele>214.6</ele>
      </trkpt>
      <trkpt lat="45.144799" lon="-72.02115">
        <ele>214.5</ele>
      </trkpt>
      <trkpt lat="45.14516" lon="-72.02115">
        <ele>213.8</ele>
      </trkpt>
      <trkpt lat="45.14521" lon="-72.02116">
        <ele>213.8</ele>
      </trkpt>
      <trkpt lat="45.14547" lon="-72.02117">
        <ele>213.5</ele>
      </trkpt>
      <trkpt lat="45.14552" lon="-72.02118">
        <ele>213.4</ele>
      </trkpt>
      <trkpt lat="45.14553" lon="-72.02118">
        <ele>213.4</ele>
      </trkpt>
      <trkpt lat="45.14558" lon="-72.021199">
        <ele>213.4</ele>
      </trkpt>
      <trkpt lat="45.14562" lon="-72.02122">
        <ele>213.4</ele>
      </trkpt>
      <trkpt lat="45.14565" lon="-72.02124">
        <ele>213.4</ele>
      </trkpt>
      <trkpt lat="45.14576" lon="-72.02133">
        <ele>213.4</ele>
      </trkpt>
      <trkpt lat="45.14584" lon="-72.0214">
        <ele>213.4</ele>
      </trkpt>
      <trkpt lat="45.14589" lon="-72.02144">
        <ele>213.4</ele>
      </trkpt>
      <trkpt lat="45.14599" lon="-72.02154">
        <ele>213.4</ele>
      </trkpt>
      <trkpt lat="45.14604" lon="-72.02159">
        <ele>213.4</ele>
      </trkpt>
      <trkpt lat="45.14613" lon="-72.0217">
        <ele>213.4</ele>
      </trkpt>
      <trkpt lat="45.14655" lon="-72.02219">
        <ele>213.4</ele>
      </trkpt>
      <trkpt lat="45.14668" lon="-72.02236">
        <ele>213.4</ele>
      </trkpt>
      <trkpt lat="45.14696" lon="-72.02269">
        <ele>213.3</ele>
      </trkpt>
      <trkpt lat="45.1471" lon="-72.02285">
        <ele>213.1</ele>
      </trkpt>
      <trkpt lat="45.14713" lon="-72.02281">
        <ele>213</ele>
      </trkpt>
      <trkpt lat="45.14759" lon="-72.02337">
        <ele>212.6</ele>
      </trkpt>
      <trkpt lat="45.14805" lon="-72.023929">
        <ele>212.7</ele>
      </trkpt>
      <trkpt lat="45.14852" lon="-72.02449">
        <ele>212.1</ele>
      </trkpt>
      <trkpt lat="45.14886" lon="-72.024109">
        <ele>208.4</ele>
      </trkpt>
      <trkpt lat="45.14934" lon="-72.0235">
        <ele>205.3</ele>
      </trkpt>
      <trkpt lat="45.14981" lon="-72.02289">
        <ele>204.1</ele>
      </trkpt>
      <trkpt lat="45.14984" lon="-72.02284">
        <ele>203.9</ele>
      </trkpt>
      <trkpt lat="45.14993" lon="-72.02271">
        <ele>203.5</ele>
      </trkpt>
      <trkpt lat="45.15006" lon="-72.02253">
        <ele>203</ele>
      </trkpt>
      <trkpt lat="45.1503" lon="-72.02206">
        <ele>202.7</ele>
      </trkpt>
      <trkpt lat="45.15038" lon="-72.02189">
        <ele>203.2</ele>
      </trkpt>
      <trkpt lat="45.15048" lon="-72.02161">
        <ele>205</ele>
      </trkpt>
      <trkpt lat="45.15052" lon="-72.02151">
        <ele>205.9</ele>
      </trkpt>
      <trkpt lat="45.15062" lon="-72.02126">
        <ele>208.6</ele>
      </trkpt>
      <trkpt lat="45.15068" lon="-72.02106">
        <ele>210.8</ele>
      </trkpt>
      <trkpt lat="45.15072" lon="-72.02092">
        <ele>211</ele>
      </trkpt>
      <trkpt lat="45.15075" lon="-72.02082">
        <ele>211.1</ele>
      </trkpt>
      <trkpt lat="45.15083" lon="-72.02059">
        <ele>211.5</ele>
      </trkpt>
      <trkpt lat="45.15087" lon="-72.02045">
        <ele>211.8</ele>
      </trkpt>
      <trkpt lat="45.150979" lon="-72.02009">
        <ele>212.4</ele>
      </trkpt>
      <trkpt lat="45.15111" lon="-72.01967">
        <ele>211.8</ele>
      </trkpt>
      <trkpt lat="45.15124" lon="-72.01919">
        <ele>212.4</ele>
      </trkpt>
      <trkpt lat="45.15129" lon="-72.01903">
        <ele>212.3</ele>
      </trkpt>
      <trkpt lat="45.151359" lon="-72.01872">
        <ele>211.3</ele>
      </trkpt>
      <trkpt lat="45.15142" lon="-72.01848">
        <ele>210.1</ele>
      </trkpt>
      <trkpt lat="45.15154" lon="-72.01801">
        <ele>207.7</ele>
      </trkpt>
      <trkpt lat="45.151739" lon="-72.01727">
        <ele>203.5</ele>
      </trkpt>
      <trkpt lat="45.15195" lon="-72.01652">
        <ele>200.3</ele>
      </trkpt>
      <trkpt lat="45.15208" lon="-72.0161">
        <ele>199.9</ele>
      </trkpt>
      <trkpt lat="45.1521" lon="-72.01604">
        <ele>199.9</ele>
      </trkpt>
      <trkpt lat="45.15216" lon="-72.0159">
        <ele>199.8</ele>
      </trkpt>
      <trkpt lat="45.15225" lon="-72.01572">
        <ele>199.8</ele>
      </trkpt>
      <trkpt lat="45.15234" lon="-72.01558">
        <ele>199.6</ele>
      </trkpt>
      <trkpt lat="45.15246" lon="-72.015379">
        <ele>199.4</ele>
      </trkpt>
      <trkpt lat="45.15258" lon="-72.01523">
        <ele>199</ele>
      </trkpt>
      <trkpt lat="45.15266" lon="-72.01514">
        <ele>198.6</ele>
      </trkpt>
      <trkpt lat="45.15273" lon="-72.01506">
        <ele>198.4</ele>
      </trkpt>
      <trkpt lat="45.15281" lon="-72.01499">
        <ele>198</ele>
      </trkpt>
      <trkpt lat="45.15294" lon="-72.01486">
        <ele>197.8</ele>
      </trkpt>
      <trkpt lat="45.15308" lon="-72.01474">
        <ele>197.8</ele>
      </trkpt>
      <trkpt lat="45.15311" lon="-72.01472">
        <ele>197.8</ele>
      </trkpt>
      <trkpt lat="45.15319" lon="-72.01466">
        <ele>198.1</ele>
      </trkpt>
      <trkpt lat="45.15327" lon="-72.0146">
        <ele>198.4</ele>
      </trkpt>
      <trkpt lat="45.153419" lon="-72.0145">
        <ele>199.2</ele>
      </trkpt>
      <trkpt lat="45.15343" lon="-72.01449">
        <ele>199.3</ele>
      </trkpt>
      <trkpt lat="45.15359" lon="-72.01437">
        <ele>200.5</ele>
      </trkpt>
      <trkpt lat="45.15375" lon="-72.01425">
        <ele>201.7</ele>
      </trkpt>
      <trkpt lat="45.15391" lon="-72.01413">
        <ele>202.8</ele>
      </trkpt>
      <trkpt lat="45.15392" lon="-72.01411">
        <ele>202.9</ele>
      </trkpt>
      <trkpt lat="45.15458" lon="-72.01365">
        <ele>207.1</ele>
      </trkpt>
      <trkpt lat="45.15513" lon="-72.01326">
        <ele>210.8</ele>
      </trkpt>
      <trkpt lat="45.155679" lon="-72.01286">
        <ele>213.1</ele>
      </trkpt>
      <trkpt lat="45.15618" lon="-72.013589">
        <ele>213.8</ele>
      </trkpt>
      <trkpt lat="45.15668" lon="-72.01433">
        <ele>213.2</ele>
      </trkpt>
      <trkpt lat="45.15717" lon="-72.01507">
        <ele>212.4</ele>
      </trkpt>
      <trkpt lat="45.15731" lon="-72.015289">
        <ele>211.7</ele>
      </trkpt>
      <trkpt lat="45.1576" lon="-72.01586">
        <ele>209.1</ele>
      </trkpt>
      <trkpt lat="45.15784" lon="-72.01633">
        <ele>206.8</ele>
      </trkpt>
      <trkpt lat="45.15808" lon="-72.01679">
        <ele>204.4</ele>
      </trkpt>
      <trkpt lat="45.15815" lon="-72.01695">
        <ele>203.7</ele>
      </trkpt>
      <trkpt lat="45.15834" lon="-72.01738">
        <ele>202.1</ele>
      </trkpt>
      <trkpt lat="45.15854" lon="-72.01781">
        <ele>200.5</ele>
      </trkpt>
      <trkpt lat="45.15867" lon="-72.018109">
        <ele>199.4</ele>
      </trkpt>
      <trkpt lat="45.15882" lon="-72.01846">
        <ele>197.8</ele>
      </trkpt>
      <trkpt lat="45.1591" lon="-72.01912">
        <ele>191.6</ele>
      </trkpt>
      <trkpt lat="45.15911" lon="-72.019139">
        <ele>191.4</ele>
      </trkpt>
      <trkpt lat="45.15941" lon="-72.01988">
        <ele>183.3</ele>
      </trkpt>
      <trkpt lat="45.15946" lon="-72.02">
        <ele>182.6</ele>
      </trkpt>
      <trkpt lat="45.15949" lon="-72.02006">
        <ele>182.1</ele>
      </trkpt>
      <trkpt lat="45.15958" lon="-72.02023">
        <ele>181.9</ele>
      </trkpt>
      <trkpt lat="45.159709" lon="-72.020439">
        <ele>181.9</ele>
      </trkpt>
      <trkpt lat="45.15977" lon="-72.02052">
        <ele>181.9</ele>
      </trkpt>
      <trkpt lat="45.1598" lon="-72.02056">
        <ele>181.9</ele>
      </trkpt>
      <trkpt lat="45.15982" lon="-72.02057">
        <ele>181.9</ele>
      </trkpt>
      <trkpt lat="45.15985" lon="-72.02059">
        <ele>181.9</ele>
      </trkpt>
      <trkpt lat="45.15989" lon="-72.02061">
        <ele>181.9</ele>
      </trkpt>
      <trkpt lat="45.15996" lon="-72.02063">
        <ele>181.9</ele>
      </trkpt>
      <trkpt lat="45.15999" lon="-72.02064">
        <ele>181.9</ele>
      </trkpt>
      <trkpt lat="45.16008" lon="-72.02066">
        <ele>181.9</ele>
      </trkpt>
      <trkpt lat="45.16017" lon="-72.02067">
        <ele>181.9</ele>
      </trkpt>
      <trkpt lat="45.16022" lon="-72.02068">
        <ele>181.9</ele>
      </trkpt>
      <trkpt lat="45.16041" lon="-72.020709">
        <ele>181.9</ele>
      </trkpt>
      <trkpt lat="45.16052" lon="-72.02075">
        <ele>181.9</ele>
      </trkpt>
      <trkpt lat="45.160649" lon="-72.0208">
        <ele>181.9</ele>
      </trkpt>
      <trkpt lat="45.16077" lon="-72.02084">
        <ele>181.9</ele>
      </trkpt>
      <trkpt lat="45.1609" lon="-72.02089">
        <ele>181.9</ele>
      </trkpt>
      <trkpt lat="45.16102" lon="-72.02096">
        <ele>181.9</ele>
      </trkpt>
      <trkpt lat="45.16104" lon="-72.02097">
        <ele>181.9</ele>
      </trkpt>
      <trkpt lat="45.1612" lon="-72.02106">
        <ele>181.9</ele>
      </trkpt>
      <trkpt lat="45.16137" lon="-72.02116">
        <ele>181.9</ele>
      </trkpt>
      <trkpt lat="45.16187" lon="-72.02144">
        <ele>181.9</ele>
      </trkpt>
      <trkpt lat="45.16221" lon="-72.02163">
        <ele>181.9</ele>
      </trkpt>
      <trkpt lat="45.16254" lon="-72.02182">
        <ele>181.9</ele>
      </trkpt>
      <trkpt lat="45.16304" lon="-72.0221">
        <ele>181.9</ele>
      </trkpt>
      <trkpt lat="45.16315" lon="-72.02216">
        <ele>181.9</ele>
      </trkpt>
      <trkpt lat="45.16321" lon="-72.0222">
        <ele>181.9</ele>
      </trkpt>
      <trkpt lat="45.16355" lon="-72.02237">
        <ele>181.6</ele>
      </trkpt>
      <trkpt lat="45.16372" lon="-72.02245">
        <ele>181.4</ele>
      </trkpt>
      <trkpt lat="45.16423" lon="-72.02273">
        <ele>180.9</ele>
      </trkpt>
      <trkpt lat="45.16474" lon="-72.02301">
        <ele>180.5</ele>
      </trkpt>
      <trkpt lat="45.16467" lon="-72.02387">
        <ele>179.6</ele>
      </trkpt>
      <trkpt lat="45.16461" lon="-72.02472">
        <ele>178.7</ele>
      </trkpt>
      <trkpt lat="45.16455" lon="-72.02557">
        <ele>176.7</ele>
      </trkpt>
      <trkpt lat="45.164499" lon="-72.02577">
        <ele>176.3</ele>
      </trkpt>
      <trkpt lat="45.16415" lon="-72.02669">
        <ele>175.8</ele>
      </trkpt>
      <trkpt lat="45.16379" lon="-72.02761">
        <ele>174.5</ele>
      </trkpt>
      <trkpt lat="45.16366" lon="-72.027869">
        <ele>174.2</ele>
      </trkpt>
      <trkpt lat="45.16332" lon="-72.02866">
        <ele>173.4</ele>
      </trkpt>
      <trkpt lat="45.16323" lon="-72.0288">
        <ele>173.2</ele>
      </trkpt>
      <trkpt lat="45.16311" lon="-72.02892">
        <ele>173.1</ele>
      </trkpt>
      <trkpt lat="45.16289" lon="-72.02913">
        <ele>172.8</ele>
      </trkpt>
      <trkpt lat="45.16285" lon="-72.029169">
        <ele>172.8</ele>
      </trkpt>
      <trkpt lat="45.16279" lon="-72.029349">
        <ele>172.7</ele>
      </trkpt>
      <trkpt lat="45.16278" lon="-72.0295">
        <ele>172.5</ele>
      </trkpt>
      <trkpt lat="45.162909" lon="-72.03058">
        <ele>170.1</ele>
      </trkpt>
      <trkpt lat="45.16303" lon="-72.03165">
        <ele>167.6</ele>
      </trkpt>
      <trkpt lat="45.16311" lon="-72.03232">
        <ele>166.4</ele>
      </trkpt>
      <trkpt lat="45.16317" lon="-72.03292">
        <ele>165.1</ele>
      </trkpt>
      <trkpt lat="45.16316" lon="-72.0335">
        <ele>164.2</ele>
      </trkpt>
      <trkpt lat="45.16303" lon="-72.03409">
        <ele>164.1</ele>
      </trkpt>
      <trkpt lat="45.16279" lon="-72.03473">
        <ele>164.2</ele>
      </trkpt>
      <trkpt lat="45.16261" lon="-72.03495">
        <ele>164.5</ele>
      </trkpt>
      <trkpt lat="45.16241" lon="-72.03509">
        <ele>164.8</ele>
      </trkpt>
      <trkpt lat="45.16163" lon="-72.03541">
        <ele>164.3</ele>
      </trkpt>
      <trkpt lat="45.16167" lon="-72.03556">
        <ele>164.3</ele>
      </trkpt>
      <trkpt lat="45.16182" lon="-72.03613">
        <ele>164.1</ele>
      </trkpt>
      <trkpt lat="45.161879" lon="-72.03632">
        <ele>164</ele>
      </trkpt>
      <trkpt lat="45.16195" lon="-72.03633">
        <ele>164</ele>
      </trkpt>
      <trkpt lat="45.16198" lon="-72.03637">
        <ele>163.9</ele>
      </trkpt>
      <trkpt lat="45.16224" lon="-72.03679">
        <ele>162.6</ele>
      </trkpt>
      <trkpt lat="45.16232" lon="-72.03685">
        <ele>162.4</ele>
      </trkpt>
      <trkpt lat="45.16295" lon="-72.03676">
        <ele>162</ele>
      </trkpt>
      <trkpt lat="45.16316" lon="-72.03676">
        <ele>161.8</ele>
      </trkpt>
      <trkpt lat="45.16346" lon="-72.0368">
        <ele>161.7</ele>
      </trkpt>
      <trkpt lat="45.16383" lon="-72.03691">
        <ele>161.6</ele>
      </trkpt>
      <trkpt lat="45.16457" lon="-72.03717">
        <ele>160.5</ele>
      </trkpt>
      <trkpt lat="45.16532" lon="-72.03743">
        <ele>164.7</ele>
      </trkpt>
      <trkpt lat="45.16614" lon="-72.03775">
        <ele>176.1</ele>
      </trkpt>
      <trkpt lat="45.16696" lon="-72.03807">
        <ele>181.7</ele>
      </trkpt>
      <trkpt lat="45.167789" lon="-72.03839">
        <ele>181.9</ele>
      </trkpt>
      <trkpt lat="45.16784" lon="-72.03844">
        <ele>181.9</ele>
      </trkpt>
      <trkpt lat="45.16786" lon="-72.03852">
        <ele>181.9</ele>
      </trkpt>
      <trkpt lat="45.16786" lon="-72.03852">
        <ele>181.9</ele>
      </trkpt>
    </trkseg>
  </trk>
</gpx>