<?xml version='1.0' encoding='utf-8'?>
<gpx xmlns="http://www.topografix.com/GPX/1/1" xmlns:xsi="http://www.w3.org/2001/XMLSchema-instance" version="1.1" creator="Gravelle Estrie" xsi:schemaLocation="http://www.topografix.com/GPX/1/1 http://www.topografix.com/GPX/1/1/gpx.xsd">
  <metadata>
    <name>Great Balls of Fire</name>
  </metadata>
  <trk>
    <name>Great Balls of Fire</name>
    <trkseg>
      <trkpt lat="45.22234" lon="-72.53295">
        <ele>202.19</ele>
      </trkpt>
      <trkpt lat="45.2223" lon="-72.53175">
        <ele>202.71</ele>
      </trkpt>
      <trkpt lat="45.2214433" lon="-72.5318067">
        <ele>202.49</ele>
      </trkpt>
      <trkpt lat="45.2205867" lon="-72.5318633">
        <ele>202.6</ele>
      </trkpt>
      <trkpt lat="45.21973" lon="-72.53192">
        <ele>202.73</ele>
      </trkpt>
      <trkpt lat="45.21952" lon="-72.53187">
        <ele>202.53</ele>
      </trkpt>
      <trkpt lat="45.21913" lon="-72.5317">
        <ele>202.53</ele>
      </trkpt>
      <trkpt lat="45.21885" lon="-72.53154">
        <ele>202.68</ele>
      </trkpt>
      <trkpt lat="45.21885" lon="-72.53154">
        <ele>202.69</ele>
      </trkpt>
      <trkpt lat="45.21811" lon="-72.531105">
        <ele>202.63</ele>
      </trkpt>
      <trkpt lat="45.21737" lon="-72.53067">
        <ele>201.95</ele>
      </trkpt>
      <trkpt lat="45.21725" lon="-72.53058">
        <ele>201.93</ele>
      </trkpt>
      <trkpt lat="45.21689" lon="-72.52997">
        <ele>203.07</ele>
      </trkpt>
      <trkpt lat="45.21628" lon="-72.5307175">
        <ele>200.76</ele>
      </trkpt>
      <trkpt lat="45.21567" lon="-72.531465">
        <ele>201.21</ele>
      </trkpt>
      <trkpt lat="45.21506" lon="-72.5322125">
        <ele>201.61</ele>
      </trkpt>
      <trkpt lat="45.21445" lon="-72.53296">
        <ele>202.57</ele>
      </trkpt>
      <trkpt lat="45.21445" lon="-72.53297">
        <ele>202.56</ele>
      </trkpt>
      <trkpt lat="45.21401" lon="-72.533505">
        <ele>202.7</ele>
      </trkpt>
      <trkpt lat="45.21357" lon="-72.53404">
        <ele>205.16</ele>
      </trkpt>
      <trkpt lat="45.21349" lon="-72.53408">
        <ele>205.42</ele>
      </trkpt>
      <trkpt lat="45.21345" lon="-72.53408">
        <ele>205.52</ele>
      </trkpt>
      <trkpt lat="45.21333" lon="-72.53403">
        <ele>205.7</ele>
      </trkpt>
      <trkpt lat="45.212645" lon="-72.533785">
        <ele>202.86</ele>
      </trkpt>
      <trkpt lat="45.21196" lon="-72.53354">
        <ele>205.26</ele>
      </trkpt>
      <trkpt lat="45.21183" lon="-72.5343">
        <ele>205.5</ele>
      </trkpt>
      <trkpt lat="45.21183" lon="-72.53433">
        <ele>205.53</ele>
      </trkpt>
      <trkpt lat="45.21169" lon="-72.53514">
        <ele>206.12</ele>
      </trkpt>
      <trkpt lat="45.21155" lon="-72.53595">
        <ele>206.82</ele>
      </trkpt>
      <trkpt lat="45.210835" lon="-72.535925">
        <ele>207.57</ele>
      </trkpt>
      <trkpt lat="45.21012" lon="-72.5359">
        <ele>211.34</ele>
      </trkpt>
      <trkpt lat="45.209275" lon="-72.535895">
        <ele>216.53</ele>
      </trkpt>
      <trkpt lat="45.20843" lon="-72.53589">
        <ele>216.03</ele>
      </trkpt>
      <trkpt lat="45.2080657" lon="-72.5369658">
        <ele>215.4</ele>
      </trkpt>
      <trkpt lat="45.2077015" lon="-72.5380415">
        <ele>215.57</ele>
      </trkpt>
      <trkpt lat="45.2073372" lon="-72.5391172">
        <ele>216.03</ele>
      </trkpt>
      <trkpt lat="45.2069729" lon="-72.5401929">
        <ele>216.33</ele>
      </trkpt>
      <trkpt lat="45.2066086" lon="-72.5412686">
        <ele>214.87</ele>
      </trkpt>
      <trkpt lat="45.2062443" lon="-72.5423443">
        <ele>213.64</ele>
      </trkpt>
      <trkpt lat="45.20588" lon="-72.54342">
        <ele>213.08</ele>
      </trkpt>
      <trkpt lat="45.20562" lon="-72.54406">
        <ele>213.2</ele>
      </trkpt>
      <trkpt lat="45.20542" lon="-72.54442">
        <ele>213.36</ele>
      </trkpt>
      <trkpt lat="45.20496" lon="-72.54513">
        <ele>213.09</ele>
      </trkpt>
      <trkpt lat="45.20464" lon="-72.54548">
        <ele>213.27</ele>
      </trkpt>
      <trkpt lat="45.20523" lon="-72.54472">
        <ele>213.21</ele>
      </trkpt>
      <trkpt lat="45.20496" lon="-72.54513">
        <ele>213.09</ele>
      </trkpt>
      <trkpt lat="45.20457" lon="-72.54557">
        <ele>213.26</ele>
      </trkpt>
      <trkpt lat="45.20383" lon="-72.54615">
        <ele>212.29</ele>
      </trkpt>
      <trkpt lat="45.20302" lon="-72.54665">
        <ele>212.15</ele>
      </trkpt>
      <trkpt lat="45.20242" lon="-72.54714">
        <ele>212.48</ele>
      </trkpt>
      <trkpt lat="45.201835" lon="-72.547905">
        <ele>211.58</ele>
      </trkpt>
      <trkpt lat="45.20125" lon="-72.54867">
        <ele>211.25</ele>
      </trkpt>
      <trkpt lat="45.2006014" lon="-72.5494815">
        <ele>211.08</ele>
      </trkpt>
      <trkpt lat="45.1999529" lon="-72.5502929">
        <ele>211.23</ele>
      </trkpt>
      <trkpt lat="45.1993043" lon="-72.5511044">
        <ele>209.45</ele>
      </trkpt>
      <trkpt lat="45.1986557" lon="-72.5519158">
        <ele>208.39</ele>
      </trkpt>
      <trkpt lat="45.1980072" lon="-72.5527272">
        <ele>207.01</ele>
      </trkpt>
      <trkpt lat="45.1973586" lon="-72.5535386">
        <ele>205.35</ele>
      </trkpt>
      <trkpt lat="45.19671" lon="-72.55435">
        <ele>204.81</ele>
      </trkpt>
      <trkpt lat="45.1962467" lon="-72.5549233">
        <ele>204.11</ele>
      </trkpt>
      <trkpt lat="45.1957833" lon="-72.5554967">
        <ele>203.43</ele>
      </trkpt>
      <trkpt lat="45.19532" lon="-72.55607">
        <ele>203.1</ele>
      </trkpt>
      <trkpt lat="45.19531" lon="-72.55608">
        <ele>203.09</ele>
      </trkpt>
      <trkpt lat="45.194652" lon="-72.556892">
        <ele>203.02</ele>
      </trkpt>
      <trkpt lat="45.193994" lon="-72.5577041">
        <ele>202.99</ele>
      </trkpt>
      <trkpt lat="45.193336" lon="-72.5585161">
        <ele>203.13</ele>
      </trkpt>
      <trkpt lat="45.192678" lon="-72.559328">
        <ele>203.59</ele>
      </trkpt>
      <trkpt lat="45.19202" lon="-72.56014">
        <ele>204.88</ele>
      </trkpt>
      <trkpt lat="45.19183" lon="-72.56076">
        <ele>205.34</ele>
      </trkpt>
      <trkpt lat="45.1912675" lon="-72.561355">
        <ele>205.76</ele>
      </trkpt>
      <trkpt lat="45.190705" lon="-72.56195">
        <ele>206.59</ele>
      </trkpt>
      <trkpt lat="45.1901425" lon="-72.562545">
        <ele>207.27</ele>
      </trkpt>
      <trkpt lat="45.18958" lon="-72.56314">
        <ele>207.72</ele>
      </trkpt>
      <trkpt lat="45.18918" lon="-72.56226">
        <ele>208.46</ele>
      </trkpt>
      <trkpt lat="45.18878" lon="-72.56138">
        <ele>209.43</ele>
      </trkpt>
      <trkpt lat="45.18844" lon="-72.5616">
        <ele>208.27</ele>
      </trkpt>
      <trkpt lat="45.18804" lon="-72.56173">
        <ele>207.83</ele>
      </trkpt>
      <trkpt lat="45.1872725" lon="-72.5619775">
        <ele>206.75</ele>
      </trkpt>
      <trkpt lat="45.186505" lon="-72.562225">
        <ele>206.7</ele>
      </trkpt>
      <trkpt lat="45.1857375" lon="-72.5624725">
        <ele>206.18</ele>
      </trkpt>
      <trkpt lat="45.18497" lon="-72.56272">
        <ele>206</ele>
      </trkpt>
      <trkpt lat="45.1843767" lon="-72.5628867">
        <ele>207.2</ele>
      </trkpt>
      <trkpt lat="45.1837833" lon="-72.5630533">
        <ele>210.54</ele>
      </trkpt>
      <trkpt lat="45.18319" lon="-72.56322">
        <ele>215.44</ele>
      </trkpt>
      <trkpt lat="45.18232" lon="-72.563435">
        <ele>215.41</ele>
      </trkpt>
      <trkpt lat="45.18145" lon="-72.56365">
        <ele>210.85</ele>
      </trkpt>
      <trkpt lat="45.18145" lon="-72.56365">
        <ele>210.87</ele>
      </trkpt>
      <trkpt lat="45.18063" lon="-72.56388">
        <ele>210.1</ele>
      </trkpt>
      <trkpt lat="45.18005" lon="-72.56397">
        <ele>210.46</ele>
      </trkpt>
      <trkpt lat="45.1796" lon="-72.564005">
        <ele>209.23</ele>
      </trkpt>
      <trkpt lat="45.17915" lon="-72.56404">
        <ele>208.5</ele>
      </trkpt>
      <trkpt lat="45.17837" lon="-72.564075">
        <ele>207.66</ele>
      </trkpt>
      <trkpt lat="45.17759" lon="-72.56411">
        <ele>208.15</ele>
      </trkpt>
      <trkpt lat="45.17728" lon="-72.56407">
        <ele>206.78</ele>
      </trkpt>
      <trkpt lat="45.17659" lon="-72.56394">
        <ele>201.91</ele>
      </trkpt>
      <trkpt lat="45.17618" lon="-72.56384">
        <ele>201.69</ele>
      </trkpt>
      <trkpt lat="45.17547" lon="-72.56354">
        <ele>205.14</ele>
      </trkpt>
      <trkpt lat="45.17534" lon="-72.56351">
        <ele>206.34</ele>
      </trkpt>
      <trkpt lat="45.17496" lon="-72.56349">
        <ele>210.57</ele>
      </trkpt>
      <trkpt lat="45.17475" lon="-72.56353">
        <ele>211.9</ele>
      </trkpt>
      <trkpt lat="45.174085" lon="-72.56383">
        <ele>212.86</ele>
      </trkpt>
      <trkpt lat="45.17342" lon="-72.56413">
        <ele>214.01</ele>
      </trkpt>
      <trkpt lat="45.172755" lon="-72.56443">
        <ele>214.58</ele>
      </trkpt>
      <trkpt lat="45.17209" lon="-72.56473">
        <ele>214.72</ele>
      </trkpt>
      <trkpt lat="45.17152" lon="-72.56505">
        <ele>215.47</ele>
      </trkpt>
      <trkpt lat="45.17132" lon="-72.56519">
        <ele>215.5</ele>
      </trkpt>
      <trkpt lat="45.17098" lon="-72.56554">
        <ele>212.41</ele>
      </trkpt>
      <trkpt lat="45.1706" lon="-72.56578">
        <ele>207</ele>
      </trkpt>
      <trkpt lat="45.16987" lon="-72.56607">
        <ele>204.18</ele>
      </trkpt>
      <trkpt lat="45.16924" lon="-72.5662667">
        <ele>205.54</ele>
      </trkpt>
      <trkpt lat="45.16861" lon="-72.5664633">
        <ele>209.01</ele>
      </trkpt>
      <trkpt lat="45.16798" lon="-72.56666">
        <ele>212.77</ele>
      </trkpt>
      <trkpt lat="45.16759" lon="-72.56679">
        <ele>216.14</ele>
      </trkpt>
      <trkpt lat="45.16759" lon="-72.56679">
        <ele>216.15</ele>
      </trkpt>
      <trkpt lat="45.16706" lon="-72.56698">
        <ele>221.32</ele>
      </trkpt>
      <trkpt lat="45.16671" lon="-72.5672">
        <ele>223.22</ele>
      </trkpt>
      <trkpt lat="45.16619" lon="-72.5676">
        <ele>226.09</ele>
      </trkpt>
      <trkpt lat="45.165585" lon="-72.567915">
        <ele>228.36</ele>
      </trkpt>
      <trkpt lat="45.16498" lon="-72.56823">
        <ele>229.78</ele>
      </trkpt>
      <trkpt lat="45.1643275" lon="-72.56861">
        <ele>231.12</ele>
      </trkpt>
      <trkpt lat="45.163675" lon="-72.56899">
        <ele>231.83</ele>
      </trkpt>
      <trkpt lat="45.1630225" lon="-72.56937">
        <ele>232.88</ele>
      </trkpt>
      <trkpt lat="45.16237" lon="-72.56975">
        <ele>232.91</ele>
      </trkpt>
      <trkpt lat="45.1619" lon="-72.57">
        <ele>233</ele>
      </trkpt>
      <trkpt lat="45.16143" lon="-72.57025">
        <ele>233.79</ele>
      </trkpt>
      <trkpt lat="45.16114" lon="-72.57043">
        <ele>234.84</ele>
      </trkpt>
      <trkpt lat="45.1606" lon="-72.57064">
        <ele>236.85</ele>
      </trkpt>
      <trkpt lat="45.16001" lon="-72.57083">
        <ele>236.23</ele>
      </trkpt>
      <trkpt lat="45.1596" lon="-72.57085">
        <ele>235.88</ele>
      </trkpt>
      <trkpt lat="45.1588025" lon="-72.5708225">
        <ele>234.35</ele>
      </trkpt>
      <trkpt lat="45.158005" lon="-72.570795">
        <ele>232.81</ele>
      </trkpt>
      <trkpt lat="45.1572075" lon="-72.5707675">
        <ele>236.1</ele>
      </trkpt>
      <trkpt lat="45.15641" lon="-72.57074">
        <ele>243.83</ele>
      </trkpt>
      <trkpt lat="45.15641" lon="-72.57074">
        <ele>243.83</ele>
      </trkpt>
      <trkpt lat="45.1557125" lon="-72.5707275">
        <ele>244.79</ele>
      </trkpt>
      <trkpt lat="45.155015" lon="-72.570715">
        <ele>247.01</ele>
      </trkpt>
      <trkpt lat="45.1543175" lon="-72.5707025">
        <ele>249.8</ele>
      </trkpt>
      <trkpt lat="45.15362" lon="-72.57069">
        <ele>251.03</ele>
      </trkpt>
      <trkpt lat="45.153165" lon="-72.57065">
        <ele>250.66</ele>
      </trkpt>
      <trkpt lat="45.15271" lon="-72.57061">
        <ele>251.23</ele>
      </trkpt>
      <trkpt lat="45.15202" lon="-72.570585">
        <ele>255.41</ele>
      </trkpt>
      <trkpt lat="45.15133" lon="-72.57056">
        <ele>258.28</ele>
      </trkpt>
      <trkpt lat="45.15103" lon="-72.5706">
        <ele>258.46</ele>
      </trkpt>
      <trkpt lat="45.15077" lon="-72.57065">
        <ele>257.82</ele>
      </trkpt>
      <trkpt lat="45.15064" lon="-72.57073">
        <ele>257.48</ele>
      </trkpt>
      <trkpt lat="45.15053" lon="-72.57083">
        <ele>256.38</ele>
      </trkpt>
      <trkpt lat="45.15035" lon="-72.57115">
        <ele>255.73</ele>
      </trkpt>
      <trkpt lat="45.1499275" lon="-72.571985">
        <ele>254.16</ele>
      </trkpt>
      <trkpt lat="45.149505" lon="-72.57282">
        <ele>252.26</ele>
      </trkpt>
      <trkpt lat="45.1490825" lon="-72.573655">
        <ele>248.77</ele>
      </trkpt>
      <trkpt lat="45.14866" lon="-72.57449">
        <ele>245.67</ele>
      </trkpt>
      <trkpt lat="45.1482675" lon="-72.57529">
        <ele>243.13</ele>
      </trkpt>
      <trkpt lat="45.147875" lon="-72.57609">
        <ele>241</ele>
      </trkpt>
      <trkpt lat="45.1474825" lon="-72.57689">
        <ele>237.03</ele>
      </trkpt>
      <trkpt lat="45.14709" lon="-72.57769">
        <ele>235.93</ele>
      </trkpt>
      <trkpt lat="45.1469" lon="-72.57804">
        <ele>236.1</ele>
      </trkpt>
      <trkpt lat="45.14681" lon="-72.57808">
        <ele>236.14</ele>
      </trkpt>
      <trkpt lat="45.14606" lon="-72.57807">
        <ele>236.57</ele>
      </trkpt>
      <trkpt lat="45.1452" lon="-72.57809">
        <ele>234</ele>
      </trkpt>
      <trkpt lat="45.14434" lon="-72.57811">
        <ele>232.45</ele>
      </trkpt>
      <trkpt lat="45.14348" lon="-72.57813">
        <ele>231.75</ele>
      </trkpt>
      <trkpt lat="45.14262" lon="-72.57815">
        <ele>232.33</ele>
      </trkpt>
      <trkpt lat="45.14176" lon="-72.57817">
        <ele>238.88</ele>
      </trkpt>
      <trkpt lat="45.14093" lon="-72.57817">
        <ele>242</ele>
      </trkpt>
      <trkpt lat="45.1407" lon="-72.57814">
        <ele>242</ele>
      </trkpt>
      <trkpt lat="45.1400833" lon="-72.5781767">
        <ele>241.6</ele>
      </trkpt>
      <trkpt lat="45.1394667" lon="-72.5782133">
        <ele>239.42</ele>
      </trkpt>
      <trkpt lat="45.13885" lon="-72.57825">
        <ele>237.97</ele>
      </trkpt>
      <trkpt lat="45.1384" lon="-72.57831">
        <ele>232.37</ele>
      </trkpt>
      <trkpt lat="45.13795" lon="-72.57827">
        <ele>228.93</ele>
      </trkpt>
      <trkpt lat="45.13795" lon="-72.57827">
        <ele>228.88</ele>
      </trkpt>
      <trkpt lat="45.13752" lon="-72.57826">
        <ele>226.1</ele>
      </trkpt>
      <trkpt lat="45.1373" lon="-72.57816">
        <ele>225.78</ele>
      </trkpt>
      <trkpt lat="45.13696" lon="-72.5779">
        <ele>226.22</ele>
      </trkpt>
      <trkpt lat="45.1368" lon="-72.57777">
        <ele>227.14</ele>
      </trkpt>
      <trkpt lat="45.13673" lon="-72.57768">
        <ele>227.83</ele>
      </trkpt>
      <trkpt lat="45.13658" lon="-72.57732">
        <ele>231.53</ele>
      </trkpt>
      <trkpt lat="45.13631" lon="-72.57701">
        <ele>237.49</ele>
      </trkpt>
      <trkpt lat="45.13608" lon="-72.57683">
        <ele>241.28</ele>
      </trkpt>
      <trkpt lat="45.1358" lon="-72.57666">
        <ele>244.55</ele>
      </trkpt>
      <trkpt lat="45.1355" lon="-72.57657">
        <ele>248.29</ele>
      </trkpt>
      <trkpt lat="45.13464" lon="-72.5766">
        <ele>255.06</ele>
      </trkpt>
      <trkpt lat="45.13447" lon="-72.57661">
        <ele>255.81</ele>
      </trkpt>
      <trkpt lat="45.13435" lon="-72.57669">
        <ele>256.66</ele>
      </trkpt>
      <trkpt lat="45.1342" lon="-72.57683">
        <ele>257.38</ele>
      </trkpt>
      <trkpt lat="45.13361" lon="-72.57758">
        <ele>259.84</ele>
      </trkpt>
      <trkpt lat="45.13339" lon="-72.5779">
        <ele>260.15</ele>
      </trkpt>
      <trkpt lat="45.13332" lon="-72.57796">
        <ele>260.3</ele>
      </trkpt>
      <trkpt lat="45.13294" lon="-72.57809">
        <ele>261.84</ele>
      </trkpt>
      <trkpt lat="45.1327" lon="-72.57816">
        <ele>263.9</ele>
      </trkpt>
      <trkpt lat="45.13213" lon="-72.57819">
        <ele>268.29</ele>
      </trkpt>
      <trkpt lat="45.13156" lon="-72.57822">
        <ele>272.56</ele>
      </trkpt>
      <trkpt lat="45.13128" lon="-72.57836">
        <ele>273.46</ele>
      </trkpt>
      <trkpt lat="45.13118" lon="-72.57844">
        <ele>273.54</ele>
      </trkpt>
      <trkpt lat="45.13081" lon="-72.57889">
        <ele>273.04</ele>
      </trkpt>
      <trkpt lat="45.13036" lon="-72.57945">
        <ele>273.3</ele>
      </trkpt>
      <trkpt lat="45.12991" lon="-72.58001">
        <ele>276.28</ele>
      </trkpt>
      <trkpt lat="45.129525" lon="-72.580655">
        <ele>276.74</ele>
      </trkpt>
      <trkpt lat="45.12914" lon="-72.5813">
        <ele>275.2</ele>
      </trkpt>
      <trkpt lat="45.128805" lon="-72.5818">
        <ele>276.15</ele>
      </trkpt>
      <trkpt lat="45.12847" lon="-72.5823">
        <ele>275.66</ele>
      </trkpt>
      <trkpt lat="45.12847" lon="-72.58231">
        <ele>275.66</ele>
      </trkpt>
      <trkpt lat="45.12816" lon="-72.58278">
        <ele>275.41</ele>
      </trkpt>
      <trkpt lat="45.1278" lon="-72.583255">
        <ele>276.73</ele>
      </trkpt>
      <trkpt lat="45.12744" lon="-72.58373">
        <ele>276.81</ele>
      </trkpt>
      <trkpt lat="45.127035" lon="-72.584335">
        <ele>276.04</ele>
      </trkpt>
      <trkpt lat="45.12663" lon="-72.58494">
        <ele>275.25</ele>
      </trkpt>
      <trkpt lat="45.12653" lon="-72.58512">
        <ele>274.85</ele>
      </trkpt>
      <trkpt lat="45.1263" lon="-72.5856">
        <ele>273.21</ele>
      </trkpt>
      <trkpt lat="45.12613" lon="-72.58627">
        <ele>270.83</ele>
      </trkpt>
      <trkpt lat="45.12589" lon="-72.586925">
        <ele>270.5</ele>
      </trkpt>
      <trkpt lat="45.12565" lon="-72.58758">
        <ele>271.27</ele>
      </trkpt>
      <trkpt lat="45.12549" lon="-72.58794">
        <ele>271.92</ele>
      </trkpt>
      <trkpt lat="45.12495" lon="-72.58868">
        <ele>268.71</ele>
      </trkpt>
      <trkpt lat="45.12441" lon="-72.58942">
        <ele>268.66</ele>
      </trkpt>
      <trkpt lat="45.12415" lon="-72.58989">
        <ele>269.56</ele>
      </trkpt>
      <trkpt lat="45.123825" lon="-72.59043">
        <ele>266.5</ele>
      </trkpt>
      <trkpt lat="45.1235" lon="-72.59097">
        <ele>265.09</ele>
      </trkpt>
      <trkpt lat="45.12302" lon="-72.59169">
        <ele>265.1</ele>
      </trkpt>
      <trkpt lat="45.12272" lon="-72.59218">
        <ele>264.08</ele>
      </trkpt>
      <trkpt lat="45.12238" lon="-72.59263">
        <ele>263.82</ele>
      </trkpt>
      <trkpt lat="45.121805" lon="-72.59355">
        <ele>263.49</ele>
      </trkpt>
      <trkpt lat="45.12123" lon="-72.59447">
        <ele>259.75</ele>
      </trkpt>
      <trkpt lat="45.12091" lon="-72.59513">
        <ele>257.68</ele>
      </trkpt>
      <trkpt lat="45.12075" lon="-72.59547">
        <ele>256.03</ele>
      </trkpt>
      <trkpt lat="45.12043" lon="-72.5964">
        <ele>249.72</ele>
      </trkpt>
      <trkpt lat="45.1200767" lon="-72.5973267">
        <ele>246.51</ele>
      </trkpt>
      <trkpt lat="45.1197233" lon="-72.5982533">
        <ele>241.92</ele>
      </trkpt>
      <trkpt lat="45.11937" lon="-72.59918">
        <ele>238.7</ele>
      </trkpt>
      <trkpt lat="45.11913" lon="-72.59971">
        <ele>237.01</ele>
      </trkpt>
      <trkpt lat="45.11875" lon="-72.60034">
        <ele>235.74</ele>
      </trkpt>
      <trkpt lat="45.11837" lon="-72.60097">
        <ele>234.38</ele>
      </trkpt>
      <trkpt lat="45.11802" lon="-72.60145">
        <ele>233.4</ele>
      </trkpt>
      <trkpt lat="45.11764" lon="-72.601885">
        <ele>233.08</ele>
      </trkpt>
      <trkpt lat="45.11726" lon="-72.60232">
        <ele>233.2</ele>
      </trkpt>
      <trkpt lat="45.11691" lon="-72.60267">
        <ele>232.88</ele>
      </trkpt>
      <trkpt lat="45.11662" lon="-72.60294">
        <ele>232.18</ele>
      </trkpt>
      <trkpt lat="45.11605" lon="-72.60337">
        <ele>228.44</ele>
      </trkpt>
      <trkpt lat="45.115435" lon="-72.603775">
        <ele>226.7</ele>
      </trkpt>
      <trkpt lat="45.11482" lon="-72.60418">
        <ele>225.05</ele>
      </trkpt>
      <trkpt lat="45.11462" lon="-72.60436">
        <ele>222.35</ele>
      </trkpt>
      <trkpt lat="45.11443" lon="-72.60455">
        <ele>220.34</ele>
      </trkpt>
      <trkpt lat="45.11418" lon="-72.60494">
        <ele>216.35</ele>
      </trkpt>
      <trkpt lat="45.11418" lon="-72.60494">
        <ele>216.35</ele>
      </trkpt>
      <trkpt lat="45.11381" lon="-72.60567">
        <ele>214.14</ele>
      </trkpt>
      <trkpt lat="45.11344" lon="-72.6064">
        <ele>215.56</ele>
      </trkpt>
      <trkpt lat="45.11322" lon="-72.60681">
        <ele>216.06</ele>
      </trkpt>
      <trkpt lat="45.112875" lon="-72.60736">
        <ele>216.58</ele>
      </trkpt>
      <trkpt lat="45.11253" lon="-72.60791">
        <ele>213.9</ele>
      </trkpt>
      <trkpt lat="45.1121533" lon="-72.60864">
        <ele>205.59</ele>
      </trkpt>
      <trkpt lat="45.1117767" lon="-72.60937">
        <ele>196.67</ele>
      </trkpt>
      <trkpt lat="45.1114" lon="-72.6101">
        <ele>192.3</ele>
      </trkpt>
      <trkpt lat="45.11099" lon="-72.61094">
        <ele>187.61</ele>
      </trkpt>
      <trkpt lat="45.11058" lon="-72.61178">
        <ele>181.56</ele>
      </trkpt>
      <trkpt lat="45.11017" lon="-72.61262">
        <ele>180.84</ele>
      </trkpt>
      <trkpt lat="45.10976" lon="-72.61346">
        <ele>180.48</ele>
      </trkpt>
      <trkpt lat="45.10935" lon="-72.6143">
        <ele>180.91</ele>
      </trkpt>
      <trkpt lat="45.10976" lon="-72.61435">
        <ele>179.59</ele>
      </trkpt>
      <trkpt lat="45.11026" lon="-72.61438">
        <ele>178.59</ele>
      </trkpt>
      <trkpt lat="45.11048" lon="-72.61433">
        <ele>178.44</ele>
      </trkpt>
      <trkpt lat="45.1104" lon="-72.61434">
        <ele>178.53</ele>
      </trkpt>
      <trkpt lat="45.11063" lon="-72.61432">
        <ele>178.33</ele>
      </trkpt>
      <trkpt lat="45.111376" lon="-72.61421">
        <ele>177.6</ele>
      </trkpt>
      <trkpt lat="45.112122" lon="-72.6141">
        <ele>177.31</ele>
      </trkpt>
      <trkpt lat="45.112868" lon="-72.61399">
        <ele>177.56</ele>
      </trkpt>
      <trkpt lat="45.113614" lon="-72.61388">
        <ele>177.88</ele>
      </trkpt>
      <trkpt lat="45.11436" lon="-72.61377">
        <ele>178.15</ele>
      </trkpt>
      <trkpt lat="45.11455" lon="-72.61375">
        <ele>178.14</ele>
      </trkpt>
      <trkpt lat="45.11452" lon="-72.61391">
        <ele>177.86</ele>
      </trkpt>
      <trkpt lat="45.11445" lon="-72.614">
        <ele>177.7</ele>
      </trkpt>
      <trkpt lat="45.11397" lon="-72.61426">
        <ele>177.33</ele>
      </trkpt>
      <trkpt lat="45.11397" lon="-72.61427">
        <ele>177.33</ele>
      </trkpt>
      <trkpt lat="45.11377" lon="-72.61438">
        <ele>177.31</ele>
      </trkpt>
      <trkpt lat="45.1129933" lon="-72.61495">
        <ele>177.34</ele>
      </trkpt>
      <trkpt lat="45.1122167" lon="-72.61552">
        <ele>177.76</ele>
      </trkpt>
      <trkpt lat="45.11144" lon="-72.61609">
        <ele>177.42</ele>
      </trkpt>
      <trkpt lat="45.110805" lon="-72.616585">
        <ele>177.25</ele>
      </trkpt>
      <trkpt lat="45.11017" lon="-72.61708">
        <ele>177.34</ele>
      </trkpt>
      <trkpt lat="45.10993" lon="-72.61722">
        <ele>177.68</ele>
      </trkpt>
      <trkpt lat="45.10982" lon="-72.61726">
        <ele>177.97</ele>
      </trkpt>
      <trkpt lat="45.10974" lon="-72.61733">
        <ele>177.97</ele>
      </trkpt>
      <trkpt lat="45.11005" lon="-72.61771">
        <ele>177.77</ele>
      </trkpt>
      <trkpt lat="45.11053" lon="-72.61833">
        <ele>177.8</ele>
      </trkpt>
      <trkpt lat="45.1111633" lon="-72.6191666">
        <ele>180.71</ele>
      </trkpt>
      <trkpt lat="45.1117967" lon="-72.6200033">
        <ele>185.69</ele>
      </trkpt>
      <trkpt lat="45.11243" lon="-72.62084">
        <ele>190.49</ele>
      </trkpt>
      <trkpt lat="45.1127" lon="-72.62116">
        <ele>193.59</ele>
      </trkpt>
      <trkpt lat="45.11284" lon="-72.62128">
        <ele>194.43</ele>
      </trkpt>
      <trkpt lat="45.11358" lon="-72.62146">
        <ele>198</ele>
      </trkpt>
      <trkpt lat="45.113595" lon="-72.62265">
        <ele>199.73</ele>
      </trkpt>
      <trkpt lat="45.11361" lon="-72.62384">
        <ele>198.18</ele>
      </trkpt>
      <trkpt lat="45.113635" lon="-72.62458">
        <ele>196.98</ele>
      </trkpt>
      <trkpt lat="45.11366" lon="-72.62532">
        <ele>197.33</ele>
      </trkpt>
      <trkpt lat="45.11368" lon="-72.62625">
        <ele>199.7</ele>
      </trkpt>
      <trkpt lat="45.1137" lon="-72.62718">
        <ele>202.14</ele>
      </trkpt>
      <trkpt lat="45.11371" lon="-72.62719">
        <ele>202.16</ele>
      </trkpt>
      <trkpt lat="45.1137367" lon="-72.6283667">
        <ele>204.42</ele>
      </trkpt>
      <trkpt lat="45.1137633" lon="-72.6295433">
        <ele>205.73</ele>
      </trkpt>
      <trkpt lat="45.11379" lon="-72.63072">
        <ele>209.4</ele>
      </trkpt>
      <trkpt lat="45.1138325" lon="-72.6318075">
        <ele>216.26</ele>
      </trkpt>
      <trkpt lat="45.113875" lon="-72.632895">
        <ele>226.85</ele>
      </trkpt>
      <trkpt lat="45.1139175" lon="-72.6339825">
        <ele>229.3</ele>
      </trkpt>
      <trkpt lat="45.11396" lon="-72.63507">
        <ele>228.67</ele>
      </trkpt>
      <trkpt lat="45.11399" lon="-72.6361125">
        <ele>224.62</ele>
      </trkpt>
      <trkpt lat="45.11402" lon="-72.637155">
        <ele>220.72</ele>
      </trkpt>
      <trkpt lat="45.11405" lon="-72.6381975">
        <ele>220.22</ele>
      </trkpt>
      <trkpt lat="45.11408" lon="-72.63924">
        <ele>222.2</ele>
      </trkpt>
      <trkpt lat="45.11404" lon="-72.63977">
        <ele>222.64</ele>
      </trkpt>
      <trkpt lat="45.11386" lon="-72.64071">
        <ele>221.36</ele>
      </trkpt>
      <trkpt lat="45.11368" lon="-72.64165">
        <ele>217.8</ele>
      </trkpt>
      <trkpt lat="45.1136" lon="-72.64216">
        <ele>217.25</ele>
      </trkpt>
      <trkpt lat="45.11359" lon="-72.64272">
        <ele>217.25</ele>
      </trkpt>
      <trkpt lat="45.11363" lon="-72.643965">
        <ele>220.9</ele>
      </trkpt>
      <trkpt lat="45.11367" lon="-72.64521">
        <ele>226.82</ele>
      </trkpt>
      <trkpt lat="45.11371" lon="-72.646455">
        <ele>226.32</ele>
      </trkpt>
      <trkpt lat="45.11375" lon="-72.6477">
        <ele>225.55</ele>
      </trkpt>
      <trkpt lat="45.11375" lon="-72.64846">
        <ele>225.84</ele>
      </trkpt>
      <trkpt lat="45.11369" lon="-72.64904">
        <ele>226.47</ele>
      </trkpt>
      <trkpt lat="45.11354" lon="-72.650005">
        <ele>227.49</ele>
      </trkpt>
      <trkpt lat="45.11339" lon="-72.65097">
        <ele>232.19</ele>
      </trkpt>
      <trkpt lat="45.113295" lon="-72.651685">
        <ele>235.49</ele>
      </trkpt>
      <trkpt lat="45.1132" lon="-72.6524">
        <ele>237.82</ele>
      </trkpt>
      <trkpt lat="45.1132" lon="-72.65281">
        <ele>239</ele>
      </trkpt>
      <trkpt lat="45.11326" lon="-72.65321">
        <ele>240.74</ele>
      </trkpt>
      <trkpt lat="45.11331" lon="-72.65339">
        <ele>241.13</ele>
      </trkpt>
      <trkpt lat="45.11354" lon="-72.65397">
        <ele>243</ele>
      </trkpt>
      <trkpt lat="45.11378" lon="-72.65437">
        <ele>243.45</ele>
      </trkpt>
      <trkpt lat="45.11398" lon="-72.65459">
        <ele>244.97</ele>
      </trkpt>
      <trkpt lat="45.114545" lon="-72.655105">
        <ele>248.56</ele>
      </trkpt>
      <trkpt lat="45.11511" lon="-72.65562">
        <ele>253.06</ele>
      </trkpt>
      <trkpt lat="45.11565" lon="-72.65616">
        <ele>254.01</ele>
      </trkpt>
      <trkpt lat="45.11596" lon="-72.65664">
        <ele>252.6</ele>
      </trkpt>
      <trkpt lat="45.11599" lon="-72.65688">
        <ele>252.02</ele>
      </trkpt>
      <trkpt lat="45.116" lon="-72.6579">
        <ele>250.11</ele>
      </trkpt>
      <trkpt lat="45.11598" lon="-72.65845">
        <ele>250.2</ele>
      </trkpt>
      <trkpt lat="45.11599" lon="-72.65884">
        <ele>250.52</ele>
      </trkpt>
      <trkpt lat="45.11608" lon="-72.65944">
        <ele>250.91</ele>
      </trkpt>
      <trkpt lat="45.11634" lon="-72.66014">
        <ele>251.49</ele>
      </trkpt>
      <trkpt lat="45.11686" lon="-72.66117">
        <ele>244.87</ele>
      </trkpt>
      <trkpt lat="45.117305" lon="-72.66198">
        <ele>242.54</ele>
      </trkpt>
      <trkpt lat="45.11775" lon="-72.66279">
        <ele>239.64</ele>
      </trkpt>
      <trkpt lat="45.11809" lon="-72.66333">
        <ele>237.95</ele>
      </trkpt>
      <trkpt lat="45.1184" lon="-72.66364">
        <ele>237.06</ele>
      </trkpt>
      <trkpt lat="45.11857" lon="-72.66391">
        <ele>235.69</ele>
      </trkpt>
      <trkpt lat="45.11897" lon="-72.66471">
        <ele>229.06</ele>
      </trkpt>
      <trkpt lat="45.11911" lon="-72.66516">
        <ele>227.05</ele>
      </trkpt>
      <trkpt lat="45.11921" lon="-72.66575">
        <ele>226.3</ele>
      </trkpt>
      <trkpt lat="45.11936" lon="-72.66694">
        <ele>228.78</ele>
      </trkpt>
      <trkpt lat="45.11941" lon="-72.66753">
        <ele>234.75</ele>
      </trkpt>
      <trkpt lat="45.1194" lon="-72.66806">
        <ele>237.19</ele>
      </trkpt>
      <trkpt lat="45.11926" lon="-72.66928">
        <ele>240.62</ele>
      </trkpt>
      <trkpt lat="45.11926" lon="-72.66941">
        <ele>240.08</ele>
      </trkpt>
      <trkpt lat="45.1193" lon="-72.66968">
        <ele>238.63</ele>
      </trkpt>
      <trkpt lat="45.11939" lon="-72.67">
        <ele>236.88</ele>
      </trkpt>
      <trkpt lat="45.11948" lon="-72.67022">
        <ele>234.01</ele>
      </trkpt>
      <trkpt lat="45.11992" lon="-72.67103">
        <ele>229.5</ele>
      </trkpt>
      <trkpt lat="45.120235" lon="-72.67166">
        <ele>227.04</ele>
      </trkpt>
      <trkpt lat="45.12055" lon="-72.67229">
        <ele>225.84</ele>
      </trkpt>
      <trkpt lat="45.12072" lon="-72.67259">
        <ele>224.44</ele>
      </trkpt>
      <trkpt lat="45.1212" lon="-72.67327">
        <ele>220</ele>
      </trkpt>
      <trkpt lat="45.12148" lon="-72.67371">
        <ele>216.43</ele>
      </trkpt>
      <trkpt lat="45.1217" lon="-72.67411">
        <ele>212.84</ele>
      </trkpt>
      <trkpt lat="45.1221" lon="-72.67455">
        <ele>210.13</ele>
      </trkpt>
      <trkpt lat="45.1221" lon="-72.67455">
        <ele>210.13</ele>
      </trkpt>
      <trkpt lat="45.122475" lon="-72.67496">
        <ele>209.39</ele>
      </trkpt>
      <trkpt lat="45.12285" lon="-72.67537">
        <ele>208.75</ele>
      </trkpt>
      <trkpt lat="45.123405" lon="-72.67592">
        <ele>209.65</ele>
      </trkpt>
      <trkpt lat="45.12396" lon="-72.67647">
        <ele>208.32</ele>
      </trkpt>
      <trkpt lat="45.12451" lon="-72.67706">
        <ele>204.56</ele>
      </trkpt>
      <trkpt lat="45.12518" lon="-72.67783">
        <ele>197.18</ele>
      </trkpt>
      <trkpt lat="45.12581" lon="-72.678505">
        <ele>195.2</ele>
      </trkpt>
      <trkpt lat="45.12644" lon="-72.67918">
        <ele>196.52</ele>
      </trkpt>
      <trkpt lat="45.12689" lon="-72.67994">
        <ele>199.94</ele>
      </trkpt>
      <trkpt lat="45.1274233" lon="-72.6809533">
        <ele>205.28</ele>
      </trkpt>
      <trkpt lat="45.1279567" lon="-72.6819666">
        <ele>210.93</ele>
      </trkpt>
      <trkpt lat="45.12849" lon="-72.68298">
        <ele>219.41</ele>
      </trkpt>
      <trkpt lat="45.12862" lon="-72.68334">
        <ele>221.07</ele>
      </trkpt>
      <trkpt lat="45.12866" lon="-72.68353">
        <ele>220.64</ele>
      </trkpt>
      <trkpt lat="45.12866" lon="-72.68405">
        <ele>216.67</ele>
      </trkpt>
      <trkpt lat="45.12873" lon="-72.68509">
        <ele>213.18</ele>
      </trkpt>
      <trkpt lat="45.128855" lon="-72.686275">
        <ele>212.2</ele>
      </trkpt>
      <trkpt lat="45.12898" lon="-72.68746">
        <ele>209.99</ele>
      </trkpt>
      <trkpt lat="45.12913" lon="-72.68822">
        <ele>209.46</ele>
      </trkpt>
      <trkpt lat="45.1292" lon="-72.6884">
        <ele>209.7</ele>
      </trkpt>
      <trkpt lat="45.12935" lon="-72.68867">
        <ele>210.14</ele>
      </trkpt>
      <trkpt lat="45.12981" lon="-72.68929">
        <ele>213.56</ele>
      </trkpt>
      <trkpt lat="45.12994" lon="-72.68939">
        <ele>215.19</ele>
      </trkpt>
      <trkpt lat="45.13016" lon="-72.68952">
        <ele>217.12</ele>
      </trkpt>
      <trkpt lat="45.13048" lon="-72.68961">
        <ele>222.01</ele>
      </trkpt>
      <trkpt lat="45.131255" lon="-72.68963">
        <ele>227.66</ele>
      </trkpt>
      <trkpt lat="45.13203" lon="-72.68965">
        <ele>231.3</ele>
      </trkpt>
      <trkpt lat="45.132605" lon="-72.68954">
        <ele>228.87</ele>
      </trkpt>
      <trkpt lat="45.13318" lon="-72.68943">
        <ele>226.32</ele>
      </trkpt>
      <trkpt lat="45.13377" lon="-72.68938">
        <ele>224.52</ele>
      </trkpt>
      <trkpt lat="45.13392" lon="-72.68938">
        <ele>223.25</ele>
      </trkpt>
      <trkpt lat="45.13406" lon="-72.68943">
        <ele>221.82</ele>
      </trkpt>
      <trkpt lat="45.13444" lon="-72.6897">
        <ele>219.06</ele>
      </trkpt>
      <trkpt lat="45.134975" lon="-72.69017">
        <ele>216.5</ele>
      </trkpt>
      <trkpt lat="45.13551" lon="-72.69064">
        <ele>215.85</ele>
      </trkpt>
      <trkpt lat="45.13624" lon="-72.691115">
        <ele>208.33</ele>
      </trkpt>
      <trkpt lat="45.13697" lon="-72.69159">
        <ele>200.88</ele>
      </trkpt>
      <trkpt lat="45.13697" lon="-72.69159">
        <ele>200.88</ele>
      </trkpt>
      <trkpt lat="45.13744" lon="-72.69189">
        <ele>195.86</ele>
      </trkpt>
      <trkpt lat="45.13765" lon="-72.69199">
        <ele>193.07</ele>
      </trkpt>
      <trkpt lat="45.13794" lon="-72.69208">
        <ele>192.04</ele>
      </trkpt>
      <trkpt lat="45.13815" lon="-72.69211">
        <ele>192.9</ele>
      </trkpt>
      <trkpt lat="45.13886" lon="-72.69204">
        <ele>200.68</ele>
      </trkpt>
      <trkpt lat="45.13852" lon="-72.69284">
        <ele>195.11</ele>
      </trkpt>
      <trkpt lat="45.138175" lon="-72.69375">
        <ele>191.03</ele>
      </trkpt>
      <trkpt lat="45.13783" lon="-72.69466">
        <ele>188.79</ele>
      </trkpt>
      <trkpt lat="45.13751" lon="-72.695445">
        <ele>187.26</ele>
      </trkpt>
      <trkpt lat="45.13719" lon="-72.69623">
        <ele>186.05</ele>
      </trkpt>
      <trkpt lat="45.13695" lon="-72.69686">
        <ele>186.39</ele>
      </trkpt>
      <trkpt lat="45.13655" lon="-72.69758">
        <ele>188.34</ele>
      </trkpt>
      <trkpt lat="45.1362" lon="-72.69816">
        <ele>189.09</ele>
      </trkpt>
      <trkpt lat="45.13585" lon="-72.69874">
        <ele>189.65</ele>
      </trkpt>
      <trkpt lat="45.13575" lon="-72.69896">
        <ele>190.7</ele>
      </trkpt>
      <trkpt lat="45.135445" lon="-72.699765">
        <ele>191.86</ele>
      </trkpt>
      <trkpt lat="45.13514" lon="-72.70057">
        <ele>193.47</ele>
      </trkpt>
      <trkpt lat="45.1349" lon="-72.70129">
        <ele>193.43</ele>
      </trkpt>
      <trkpt lat="45.13483" lon="-72.70157">
        <ele>193.39</ele>
      </trkpt>
      <trkpt lat="45.134665" lon="-72.70257">
        <ele>192.91</ele>
      </trkpt>
      <trkpt lat="45.1345" lon="-72.70357">
        <ele>193.62</ele>
      </trkpt>
      <trkpt lat="45.13435" lon="-72.70478">
        <ele>199.49</ele>
      </trkpt>
      <trkpt lat="45.1342" lon="-72.70599">
        <ele>204.04</ele>
      </trkpt>
      <trkpt lat="45.13414" lon="-72.7069">
        <ele>209.42</ele>
      </trkpt>
      <trkpt lat="45.13408" lon="-72.70781">
        <ele>212.75</ele>
      </trkpt>
      <trkpt lat="45.13402" lon="-72.70872">
        <ele>214.84</ele>
      </trkpt>
      <trkpt lat="45.13388" lon="-72.70971">
        <ele>217.36</ele>
      </trkpt>
      <trkpt lat="45.13374" lon="-72.71043">
        <ele>219.19</ele>
      </trkpt>
      <trkpt lat="45.133435" lon="-72.7113325">
        <ele>221</ele>
      </trkpt>
      <trkpt lat="45.13313" lon="-72.712235">
        <ele>222.19</ele>
      </trkpt>
      <trkpt lat="45.132825" lon="-72.7131375">
        <ele>222.64</ele>
      </trkpt>
      <trkpt lat="45.13252" lon="-72.71404">
        <ele>225.52</ele>
      </trkpt>
      <trkpt lat="45.13222" lon="-72.71499">
        <ele>230.01</ele>
      </trkpt>
      <trkpt lat="45.131965" lon="-72.71575">
        <ele>232.56</ele>
      </trkpt>
      <trkpt lat="45.13171" lon="-72.71651">
        <ele>235.92</ele>
      </trkpt>
      <trkpt lat="45.13153" lon="-72.71692">
        <ele>237.24</ele>
      </trkpt>
      <trkpt lat="45.13111" lon="-72.7178">
        <ele>238.34</ele>
      </trkpt>
      <trkpt lat="45.13069" lon="-72.7186433">
        <ele>237.86</ele>
      </trkpt>
      <trkpt lat="45.13027" lon="-72.7194867">
        <ele>239.1</ele>
      </trkpt>
      <trkpt lat="45.12985" lon="-72.72033">
        <ele>239.57</ele>
      </trkpt>
      <trkpt lat="45.1294125" lon="-72.72112">
        <ele>238.41</ele>
      </trkpt>
      <trkpt lat="45.128975" lon="-72.72191">
        <ele>237.45</ele>
      </trkpt>
      <trkpt lat="45.1285375" lon="-72.7227">
        <ele>237.51</ele>
      </trkpt>
      <trkpt lat="45.1281" lon="-72.72349">
        <ele>237.16</ele>
      </trkpt>
      <trkpt lat="45.12781" lon="-72.72394">
        <ele>235.98</ele>
      </trkpt>
      <trkpt lat="45.12735" lon="-72.72482">
        <ele>233.74</ele>
      </trkpt>
      <trkpt lat="45.12689" lon="-72.7257">
        <ele>230.96</ele>
      </trkpt>
      <trkpt lat="45.12644" lon="-72.72666">
        <ele>226.5</ele>
      </trkpt>
      <trkpt lat="45.12599" lon="-72.72762">
        <ele>222.78</ele>
      </trkpt>
      <trkpt lat="45.12563" lon="-72.72801">
        <ele>220.08</ele>
      </trkpt>
      <trkpt lat="45.12514" lon="-72.72864">
        <ele>214.9</ele>
      </trkpt>
      <trkpt lat="45.12465" lon="-72.72927">
        <ele>213.31</ele>
      </trkpt>
      <trkpt lat="45.124055" lon="-72.730125">
        <ele>213.93</ele>
      </trkpt>
      <trkpt lat="45.12346" lon="-72.73098">
        <ele>213.62</ele>
      </trkpt>
      <trkpt lat="45.12291" lon="-72.73187">
        <ele>213.6</ele>
      </trkpt>
      <trkpt lat="45.1223367" lon="-72.73275">
        <ele>214.42</ele>
      </trkpt>
      <trkpt lat="45.1217633" lon="-72.73363">
        <ele>215.8</ele>
      </trkpt>
      <trkpt lat="45.12119" lon="-72.73451">
        <ele>216.47</ele>
      </trkpt>
      <trkpt lat="45.1212" lon="-72.73451">
        <ele>216.47</ele>
      </trkpt>
      <trkpt lat="45.1206067" lon="-72.7354267">
        <ele>217.21</ele>
      </trkpt>
      <trkpt lat="45.1200134" lon="-72.7363434">
        <ele>217.27</ele>
      </trkpt>
      <trkpt lat="45.11942" lon="-72.7372601">
        <ele>218.3</ele>
      </trkpt>
      <trkpt lat="45.1188267" lon="-72.7381767">
        <ele>220.33</ele>
      </trkpt>
      <trkpt lat="45.1182334" lon="-72.7390934">
        <ele>219.34</ele>
      </trkpt>
      <trkpt lat="45.11764" lon="-72.74001">
        <ele>217.7</ele>
      </trkpt>
      <trkpt lat="45.117185" lon="-72.74074">
        <ele>216.71</ele>
      </trkpt>
      <trkpt lat="45.11673" lon="-72.74147">
        <ele>216.66</ele>
      </trkpt>
      <trkpt lat="45.116275" lon="-72.7422">
        <ele>218.29</ele>
      </trkpt>
      <trkpt lat="45.11582" lon="-72.74293">
        <ele>220.76</ele>
      </trkpt>
      <trkpt lat="45.115312" lon="-72.74372">
        <ele>223.43</ele>
      </trkpt>
      <trkpt lat="45.114804" lon="-72.74451">
        <ele>223.74</ele>
      </trkpt>
      <trkpt lat="45.114296" lon="-72.7453">
        <ele>223.91</ele>
      </trkpt>
      <trkpt lat="45.113788" lon="-72.74609">
        <ele>223.43</ele>
      </trkpt>
      <trkpt lat="45.11328" lon="-72.74688">
        <ele>221.93</ele>
      </trkpt>
      <trkpt lat="45.11284" lon="-72.74754">
        <ele>219.64</ele>
      </trkpt>
      <trkpt lat="45.11278" lon="-72.74749">
        <ele>219.64</ele>
      </trkpt>
      <trkpt lat="45.11237" lon="-72.74745">
        <ele>220.36</ele>
      </trkpt>
      <trkpt lat="45.11188" lon="-72.74749">
        <ele>220.58</ele>
      </trkpt>
      <trkpt lat="45.11124" lon="-72.74749">
        <ele>219.41</ele>
      </trkpt>
      <trkpt lat="45.11037" lon="-72.747555">
        <ele>216.9</ele>
      </trkpt>
      <trkpt lat="45.1095" lon="-72.74762">
        <ele>220.15</ele>
      </trkpt>
      <trkpt lat="45.10908" lon="-72.74762">
        <ele>221.68</ele>
      </trkpt>
      <trkpt lat="45.10897" lon="-72.74758">
        <ele>222.78</ele>
      </trkpt>
      <trkpt lat="45.10887" lon="-72.74753">
        <ele>223.4</ele>
      </trkpt>
      <trkpt lat="45.1088" lon="-72.74745">
        <ele>223.4</ele>
      </trkpt>
      <trkpt lat="45.10866" lon="-72.74722">
        <ele>225.4</ele>
      </trkpt>
      <trkpt lat="45.10829" lon="-72.74647">
        <ele>229.56</ele>
      </trkpt>
      <trkpt lat="45.10774" lon="-72.74557">
        <ele>234.22</ele>
      </trkpt>
      <trkpt lat="45.10759" lon="-72.74535">
        <ele>236.32</ele>
      </trkpt>
      <trkpt lat="45.10729" lon="-72.74499">
        <ele>238</ele>
      </trkpt>
      <trkpt lat="45.10698" lon="-72.74467">
        <ele>238.2</ele>
      </trkpt>
      <trkpt lat="45.10662" lon="-72.74446">
        <ele>238.46</ele>
      </trkpt>
      <trkpt lat="45.10608" lon="-72.74429">
        <ele>240.13</ele>
      </trkpt>
      <trkpt lat="45.10608" lon="-72.74429">
        <ele>240.2</ele>
      </trkpt>
      <trkpt lat="45.10545" lon="-72.74409">
        <ele>244.53</ele>
      </trkpt>
      <trkpt lat="45.10482" lon="-72.74389">
        <ele>247.15</ele>
      </trkpt>
      <trkpt lat="45.10419" lon="-72.74369">
        <ele>248.14</ele>
      </trkpt>
      <trkpt lat="45.10347" lon="-72.743405">
        <ele>248.16</ele>
      </trkpt>
      <trkpt lat="45.10275" lon="-72.74312">
        <ele>252.02</ele>
      </trkpt>
      <trkpt lat="45.10203" lon="-72.742835">
        <ele>259.99</ele>
      </trkpt>
      <trkpt lat="45.10131" lon="-72.74255">
        <ele>265.14</ele>
      </trkpt>
      <trkpt lat="45.1007" lon="-72.74229">
        <ele>269.66</ele>
      </trkpt>
      <trkpt lat="45.10009" lon="-72.74203">
        <ele>273.9</ele>
      </trkpt>
      <trkpt lat="45.09966" lon="-72.74176">
        <ele>276.96</ele>
      </trkpt>
      <trkpt lat="45.09923" lon="-72.74149">
        <ele>280.85</ele>
      </trkpt>
      <trkpt lat="45.09889" lon="-72.74123">
        <ele>284.5</ele>
      </trkpt>
      <trkpt lat="45.09824" lon="-72.74059">
        <ele>290.87</ele>
      </trkpt>
      <trkpt lat="45.09799" lon="-72.74038">
        <ele>292.55</ele>
      </trkpt>
      <trkpt lat="45.09773" lon="-72.74024">
        <ele>294.6</ele>
      </trkpt>
      <trkpt lat="45.09697" lon="-72.73997">
        <ele>296.21</ele>
      </trkpt>
      <trkpt lat="45.09677" lon="-72.73993">
        <ele>296.82</ele>
      </trkpt>
      <trkpt lat="45.09635" lon="-72.73993">
        <ele>298.73</ele>
      </trkpt>
      <trkpt lat="45.09615" lon="-72.74001">
        <ele>301.02</ele>
      </trkpt>
      <trkpt lat="45.09599" lon="-72.74011">
        <ele>302.93</ele>
      </trkpt>
      <trkpt lat="45.09566" lon="-72.74043">
        <ele>307.2</ele>
      </trkpt>
      <trkpt lat="45.0954" lon="-72.74082">
        <ele>311.67</ele>
      </trkpt>
      <trkpt lat="45.09516" lon="-72.74127">
        <ele>314.79</ele>
      </trkpt>
      <trkpt lat="45.09484" lon="-72.74203">
        <ele>316.61</ele>
      </trkpt>
      <trkpt lat="45.09442" lon="-72.74291">
        <ele>315.64</ele>
      </trkpt>
      <trkpt lat="45.0940367" lon="-72.7436433">
        <ele>313.58</ele>
      </trkpt>
      <trkpt lat="45.0936533" lon="-72.7443767">
        <ele>312.31</ele>
      </trkpt>
      <trkpt lat="45.09327" lon="-72.74511">
        <ele>311.36</ele>
      </trkpt>
      <trkpt lat="45.09307" lon="-72.74535">
        <ele>311.25</ele>
      </trkpt>
      <trkpt lat="45.09277" lon="-72.74561">
        <ele>311.36</ele>
      </trkpt>
      <trkpt lat="45.09246" lon="-72.7458">
        <ele>311.58</ele>
      </trkpt>
      <trkpt lat="45.09228" lon="-72.74588">
        <ele>311.48</ele>
      </trkpt>
      <trkpt lat="45.09168" lon="-72.74608">
        <ele>310.44</ele>
      </trkpt>
      <trkpt lat="45.09168" lon="-72.74609">
        <ele>310.42</ele>
      </trkpt>
      <trkpt lat="45.09136" lon="-72.7462">
        <ele>310.15</ele>
      </trkpt>
      <trkpt lat="45.09097" lon="-72.74642">
        <ele>308.78</ele>
      </trkpt>
      <trkpt lat="45.09051" lon="-72.7467">
        <ele>307.45</ele>
      </trkpt>
      <trkpt lat="45.08998" lon="-72.74714">
        <ele>304.64</ele>
      </trkpt>
      <trkpt lat="45.08958" lon="-72.74736">
        <ele>301.81</ele>
      </trkpt>
      <trkpt lat="45.0891" lon="-72.74749">
        <ele>297.65</ele>
      </trkpt>
      <trkpt lat="45.08835" lon="-72.7478">
        <ele>287.56</ele>
      </trkpt>
      <trkpt lat="45.08771" lon="-72.74808">
        <ele>282.2</ele>
      </trkpt>
      <trkpt lat="45.08755" lon="-72.74817">
        <ele>280.7</ele>
      </trkpt>
      <trkpt lat="45.08728" lon="-72.74849">
        <ele>279.19</ele>
      </trkpt>
      <trkpt lat="45.08715" lon="-72.74876">
        <ele>278.14</ele>
      </trkpt>
      <trkpt lat="45.08703" lon="-72.74888">
        <ele>276.92</ele>
      </trkpt>
      <trkpt lat="45.08694" lon="-72.74891">
        <ele>276.03</ele>
      </trkpt>
      <trkpt lat="45.086215" lon="-72.74896">
        <ele>270.32</ele>
      </trkpt>
      <trkpt lat="45.08549" lon="-72.74901">
        <ele>264.95</ele>
      </trkpt>
      <trkpt lat="45.084758" lon="-72.749064">
        <ele>260.79</ele>
      </trkpt>
      <trkpt lat="45.084026" lon="-72.749118">
        <ele>261.32</ele>
      </trkpt>
      <trkpt lat="45.083294" lon="-72.749172">
        <ele>263.16</ele>
      </trkpt>
      <trkpt lat="45.082562" lon="-72.749226">
        <ele>261.07</ele>
      </trkpt>
      <trkpt lat="45.08183" lon="-72.74928">
        <ele>260.28</ele>
      </trkpt>
      <trkpt lat="45.0809733" lon="-72.749325">
        <ele>265.92</ele>
      </trkpt>
      <trkpt lat="45.0801167" lon="-72.74937">
        <ele>270.56</ele>
      </trkpt>
      <trkpt lat="45.07926" lon="-72.749415">
        <ele>272.92</ele>
      </trkpt>
      <trkpt lat="45.0784033" lon="-72.74946">
        <ele>270.93</ele>
      </trkpt>
      <trkpt lat="45.0775467" lon="-72.749505">
        <ele>269.93</ele>
      </trkpt>
      <trkpt lat="45.07669" lon="-72.74955">
        <ele>272.38</ele>
      </trkpt>
      <trkpt lat="45.0767" lon="-72.75053">
        <ele>271.5</ele>
      </trkpt>
      <trkpt lat="45.07671" lon="-72.75151">
        <ele>271.04</ele>
      </trkpt>
      <trkpt lat="45.07672" lon="-72.75249">
        <ele>270.94</ele>
      </trkpt>
      <trkpt lat="45.07673" lon="-72.75347">
        <ele>270.34</ele>
      </trkpt>
      <trkpt lat="45.0763" lon="-72.75412">
        <ele>270.29</ele>
      </trkpt>
      <trkpt lat="45.075834" lon="-72.755006">
        <ele>270.72</ele>
      </trkpt>
      <trkpt lat="45.075368" lon="-72.755892">
        <ele>272.56</ele>
      </trkpt>
      <trkpt lat="45.074902" lon="-72.756778">
        <ele>274.53</ele>
      </trkpt>
      <trkpt lat="45.074436" lon="-72.757664">
        <ele>274.6</ele>
      </trkpt>
      <trkpt lat="45.07397" lon="-72.75855">
        <ele>274.97</ele>
      </trkpt>
      <trkpt lat="45.07364" lon="-72.759065">
        <ele>274.91</ele>
      </trkpt>
      <trkpt lat="45.07331" lon="-72.75958">
        <ele>274.71</ele>
      </trkpt>
      <trkpt lat="45.07317" lon="-72.75976">
        <ele>274.39</ele>
      </trkpt>
      <trkpt lat="45.07308" lon="-72.75994">
        <ele>273.74</ele>
      </trkpt>
      <trkpt lat="45.072735" lon="-72.760435">
        <ele>271.37</ele>
      </trkpt>
      <trkpt lat="45.07239" lon="-72.76093">
        <ele>268.21</ele>
      </trkpt>
      <trkpt lat="45.0723" lon="-72.7611">
        <ele>268</ele>
      </trkpt>
      <trkpt lat="45.07201" lon="-72.76151">
        <ele>268.47</ele>
      </trkpt>
      <trkpt lat="45.07201" lon="-72.76151">
        <ele>268.47</ele>
      </trkpt>
      <trkpt lat="45.071655" lon="-72.76193">
        <ele>269.87</ele>
      </trkpt>
      <trkpt lat="45.0713" lon="-72.76235">
        <ele>270.67</ele>
      </trkpt>
      <trkpt lat="45.070745" lon="-72.762865">
        <ele>271.15</ele>
      </trkpt>
      <trkpt lat="45.07019" lon="-72.76338">
        <ele>271.44</ele>
      </trkpt>
      <trkpt lat="45.06972" lon="-72.76387">
        <ele>270.92</ele>
      </trkpt>
      <trkpt lat="45.06941" lon="-72.76414">
        <ele>270.33</ele>
      </trkpt>
      <trkpt lat="45.06898" lon="-72.76443">
        <ele>269.97</ele>
      </trkpt>
      <trkpt lat="45.0683033" lon="-72.76487">
        <ele>270.33</ele>
      </trkpt>
      <trkpt lat="45.0676267" lon="-72.76531">
        <ele>270.99</ele>
      </trkpt>
      <trkpt lat="45.06695" lon="-72.76575">
        <ele>271.4</ele>
      </trkpt>
      <trkpt lat="45.06663" lon="-72.76598">
        <ele>271.23</ele>
      </trkpt>
      <trkpt lat="45.06635" lon="-72.7663">
        <ele>270.99</ele>
      </trkpt>
      <trkpt lat="45.065805" lon="-72.767105">
        <ele>268.05</ele>
      </trkpt>
      <trkpt lat="45.06526" lon="-72.76791">
        <ele>265.08</ele>
      </trkpt>
      <trkpt lat="45.06467" lon="-72.76884">
        <ele>262.67</ele>
      </trkpt>
      <trkpt lat="45.06413" lon="-72.769585">
        <ele>260.67</ele>
      </trkpt>
      <trkpt lat="45.06359" lon="-72.77033">
        <ele>260.06</ele>
      </trkpt>
      <trkpt lat="45.0631233" lon="-72.7709567">
        <ele>259.96</ele>
      </trkpt>
      <trkpt lat="45.0626567" lon="-72.7715833">
        <ele>259.09</ele>
      </trkpt>
      <trkpt lat="45.06219" lon="-72.77221">
        <ele>257.32</ele>
      </trkpt>
      <trkpt lat="45.061795" lon="-72.77268">
        <ele>259.52</ele>
      </trkpt>
      <trkpt lat="45.0614" lon="-72.77315">
        <ele>261.04</ele>
      </trkpt>
      <trkpt lat="45.06115" lon="-72.7734">
        <ele>261.37</ele>
      </trkpt>
      <trkpt lat="45.061155" lon="-72.77417">
        <ele>257.51</ele>
      </trkpt>
      <trkpt lat="45.06116" lon="-72.77494">
        <ele>255.28</ele>
      </trkpt>
      <trkpt lat="45.0611325" lon="-72.7759025">
        <ele>252.52</ele>
      </trkpt>
      <trkpt lat="45.061105" lon="-72.776865">
        <ele>248.99</ele>
      </trkpt>
      <trkpt lat="45.0610775" lon="-72.7778275">
        <ele>244.23</ele>
      </trkpt>
      <trkpt lat="45.06105" lon="-72.77879">
        <ele>242.3</ele>
      </trkpt>
      <trkpt lat="45.060995" lon="-72.7798975">
        <ele>238.74</ele>
      </trkpt>
      <trkpt lat="45.06094" lon="-72.781005">
        <ele>235.33</ele>
      </trkpt>
      <trkpt lat="45.060885" lon="-72.7821125">
        <ele>233.24</ele>
      </trkpt>
      <trkpt lat="45.06083" lon="-72.78322">
        <ele>230.33</ele>
      </trkpt>
      <trkpt lat="45.06079" lon="-72.78421">
        <ele>227.99</ele>
      </trkpt>
      <trkpt lat="45.06075" lon="-72.7852">
        <ele>225.32</ele>
      </trkpt>
      <trkpt lat="45.06075" lon="-72.78525">
        <ele>225.21</ele>
      </trkpt>
      <trkpt lat="45.06071" lon="-72.7863367">
        <ele>223.27</ele>
      </trkpt>
      <trkpt lat="45.06067" lon="-72.7874233">
        <ele>219.15</ele>
      </trkpt>
      <trkpt lat="45.06063" lon="-72.78851">
        <ele>216.69</ele>
      </trkpt>
      <trkpt lat="45.060598" lon="-72.789534">
        <ele>211.93</ele>
      </trkpt>
      <trkpt lat="45.060566" lon="-72.790558">
        <ele>209.16</ele>
      </trkpt>
      <trkpt lat="45.060534" lon="-72.791582">
        <ele>207.23</ele>
      </trkpt>
      <trkpt lat="45.060502" lon="-72.792606">
        <ele>205.48</ele>
      </trkpt>
      <trkpt lat="45.06047" lon="-72.79363">
        <ele>204.93</ele>
      </trkpt>
      <trkpt lat="45.0604617" lon="-72.7947683">
        <ele>202.01</ele>
      </trkpt>
      <trkpt lat="45.0604534" lon="-72.7959067">
        <ele>199.81</ele>
      </trkpt>
      <trkpt lat="45.0604451" lon="-72.797045">
        <ele>197.92</ele>
      </trkpt>
      <trkpt lat="45.0604367" lon="-72.7981833">
        <ele>195.24</ele>
      </trkpt>
      <trkpt lat="45.0604284" lon="-72.7993217">
        <ele>193.21</ele>
      </trkpt>
      <trkpt lat="45.06042" lon="-72.80046">
        <ele>191.18</ele>
      </trkpt>
      <trkpt lat="45.0604223" lon="-72.8016044">
        <ele>189.5</ele>
      </trkpt>
      <trkpt lat="45.0604245" lon="-72.8027489">
        <ele>188.72</ele>
      </trkpt>
      <trkpt lat="45.0604268" lon="-72.8038933">
        <ele>187.06</ele>
      </trkpt>
      <trkpt lat="45.060429" lon="-72.8050378">
        <ele>185.04</ele>
      </trkpt>
      <trkpt lat="45.0604312" lon="-72.8061822">
        <ele>180.24</ele>
      </trkpt>
      <trkpt lat="45.0604334" lon="-72.8073267">
        <ele>176.44</ele>
      </trkpt>
      <trkpt lat="45.0604356" lon="-72.8084711">
        <ele>172.65</ele>
      </trkpt>
      <trkpt lat="45.0604378" lon="-72.8096156">
        <ele>170.74</ele>
      </trkpt>
      <trkpt lat="45.06044" lon="-72.81076">
        <ele>170.23</ele>
      </trkpt>
      <trkpt lat="45.06049" lon="-72.81165">
        <ele>169.43</ele>
      </trkpt>
      <trkpt lat="45.06059" lon="-72.812325">
        <ele>168.9</ele>
      </trkpt>
      <trkpt lat="45.06069" lon="-72.813">
        <ele>167.7</ele>
      </trkpt>
      <trkpt lat="45.06077" lon="-72.81376">
        <ele>162.62</ele>
      </trkpt>
      <trkpt lat="45.060835" lon="-72.8149">
        <ele>154.64</ele>
      </trkpt>
      <trkpt lat="45.0609" lon="-72.81604">
        <ele>149.32</ele>
      </trkpt>
      <trkpt lat="45.06094" lon="-72.817025">
        <ele>145.6</ele>
      </trkpt>
      <trkpt lat="45.06098" lon="-72.81801">
        <ele>144.07</ele>
      </trkpt>
      <trkpt lat="45.061025" lon="-72.81924">
        <ele>140.74</ele>
      </trkpt>
      <trkpt lat="45.06107" lon="-72.82047">
        <ele>142.26</ele>
      </trkpt>
      <trkpt lat="45.06098" lon="-72.82114">
        <ele>147.81</ele>
      </trkpt>
      <trkpt lat="45.06084" lon="-72.82177">
        <ele>151.95</ele>
      </trkpt>
      <trkpt lat="45.06078" lon="-72.82217">
        <ele>153.93</ele>
      </trkpt>
      <trkpt lat="45.0607333" lon="-72.8232467">
        <ele>157.99</ele>
      </trkpt>
      <trkpt lat="45.0606867" lon="-72.8243233">
        <ele>159.99</ele>
      </trkpt>
      <trkpt lat="45.06064" lon="-72.8254">
        <ele>164.5</ele>
      </trkpt>
      <trkpt lat="45.06014" lon="-72.8258">
        <ele>164.49</ele>
      </trkpt>
      <trkpt lat="45.05977" lon="-72.82619">
        <ele>164.96</ele>
      </trkpt>
      <trkpt lat="45.0596" lon="-72.82639">
        <ele>165.08</ele>
      </trkpt>
      <trkpt lat="45.05926" lon="-72.82692">
        <ele>165.71</ele>
      </trkpt>
      <trkpt lat="45.05883" lon="-72.82779">
        <ele>166.11</ele>
      </trkpt>
      <trkpt lat="45.0584567" lon="-72.8285933">
        <ele>164.49</ele>
      </trkpt>
      <trkpt lat="45.0580833" lon="-72.8293967">
        <ele>160.35</ele>
      </trkpt>
      <trkpt lat="45.05771" lon="-72.8302">
        <ele>158.93</ele>
      </trkpt>
      <trkpt lat="45.05751" lon="-72.83074">
        <ele>157.23</ele>
      </trkpt>
      <trkpt lat="45.05736" lon="-72.83121">
        <ele>155.49</ele>
      </trkpt>
      <trkpt lat="45.05736" lon="-72.83121">
        <ele>155.49</ele>
      </trkpt>
      <trkpt lat="45.05751" lon="-72.83074">
        <ele>157.23</ele>
      </trkpt>
      <trkpt lat="45.05736" lon="-72.83121">
        <ele>155.49</ele>
      </trkpt>
      <trkpt lat="45.05719" lon="-72.83193">
        <ele>151.75</ele>
      </trkpt>
      <trkpt lat="45.05711" lon="-72.83233">
        <ele>148.42</ele>
      </trkpt>
      <trkpt lat="45.05699" lon="-72.83335">
        <ele>144.4</ele>
      </trkpt>
      <trkpt lat="45.05687" lon="-72.83437">
        <ele>136.68</ele>
      </trkpt>
      <trkpt lat="45.05675" lon="-72.83516">
        <ele>127.96</ele>
      </trkpt>
      <trkpt lat="45.05667" lon="-72.83551">
        <ele>126.84</ele>
      </trkpt>
      <trkpt lat="45.05656" lon="-72.83584">
        <ele>122.25</ele>
      </trkpt>
      <trkpt lat="45.05636" lon="-72.83629">
        <ele>118.48</ele>
      </trkpt>
      <trkpt lat="45.05618" lon="-72.83663">
        <ele>114.19</ele>
      </trkpt>
      <trkpt lat="45.056" lon="-72.8369">
        <ele>110.94</ele>
      </trkpt>
      <trkpt lat="45.05568" lon="-72.83732">
        <ele>107.79</ele>
      </trkpt>
      <trkpt lat="45.05556" lon="-72.83745">
        <ele>107.34</ele>
      </trkpt>
      <trkpt lat="45.05482" lon="-72.83816">
        <ele>105.04</ele>
      </trkpt>
      <trkpt lat="45.05482" lon="-72.83816">
        <ele>105.04</ele>
      </trkpt>
      <trkpt lat="45.05516" lon="-72.83781">
        <ele>105.37</ele>
      </trkpt>
      <trkpt lat="45.0554" lon="-72.83761">
        <ele>106.27</ele>
      </trkpt>
      <trkpt lat="45.05549" lon="-72.83784">
        <ele>105.76</ele>
      </trkpt>
      <trkpt lat="45.0555" lon="-72.83865">
        <ele>103.78</ele>
      </trkpt>
      <trkpt lat="45.05556" lon="-72.83903">
        <ele>104.05</ele>
      </trkpt>
      <trkpt lat="45.05587" lon="-72.83906">
        <ele>105.36</ele>
      </trkpt>
      <trkpt lat="45.05611" lon="-72.83905">
        <ele>107.16</ele>
      </trkpt>
      <trkpt lat="45.05622" lon="-72.83901">
        <ele>107.71</ele>
      </trkpt>
      <trkpt lat="45.05679" lon="-72.83865">
        <ele>111.86</ele>
      </trkpt>
      <trkpt lat="45.05678" lon="-72.83865">
        <ele>111.77</ele>
      </trkpt>
      <trkpt lat="45.057215" lon="-72.83838">
        <ele>116.5</ele>
      </trkpt>
      <trkpt lat="45.05765" lon="-72.83811">
        <ele>120.59</ele>
      </trkpt>
      <trkpt lat="45.05776" lon="-72.83806">
        <ele>121.31</ele>
      </trkpt>
      <trkpt lat="45.058635" lon="-72.837955">
        <ele>129.88</ele>
      </trkpt>
      <trkpt lat="45.05951" lon="-72.83785">
        <ele>139.13</ele>
      </trkpt>
      <trkpt lat="45.060015" lon="-72.83787">
        <ele>143.27</ele>
      </trkpt>
      <trkpt lat="45.06052" lon="-72.83789">
        <ele>147.97</ele>
      </trkpt>
      <trkpt lat="45.0609" lon="-72.83798">
        <ele>153.62</ele>
      </trkpt>
      <trkpt lat="45.0616" lon="-72.83819">
        <ele>158.98</ele>
      </trkpt>
      <trkpt lat="45.06199" lon="-72.83833">
        <ele>160.73</ele>
      </trkpt>
      <trkpt lat="45.0627017" lon="-72.83872">
        <ele>162.79</ele>
      </trkpt>
      <trkpt lat="45.0634133" lon="-72.83911">
        <ele>165.15</ele>
      </trkpt>
      <trkpt lat="45.064125" lon="-72.8395">
        <ele>167.58</ele>
      </trkpt>
      <trkpt lat="45.0648367" lon="-72.83989">
        <ele>171.76</ele>
      </trkpt>
      <trkpt lat="45.0655483" lon="-72.84028">
        <ele>178.78</ele>
      </trkpt>
      <trkpt lat="45.06626" lon="-72.84067">
        <ele>187.65</ele>
      </trkpt>
      <trkpt lat="45.06707" lon="-72.84099">
        <ele>193.52</ele>
      </trkpt>
      <trkpt lat="45.06774" lon="-72.841185">
        <ele>198.57</ele>
      </trkpt>
      <trkpt lat="45.06841" lon="-72.84138">
        <ele>200.46</ele>
      </trkpt>
      <trkpt lat="45.068905" lon="-72.84147">
        <ele>197.81</ele>
      </trkpt>
      <trkpt lat="45.0694" lon="-72.84156">
        <ele>191.77</ele>
      </trkpt>
      <trkpt lat="45.06984" lon="-72.84157">
        <ele>189.6</ele>
      </trkpt>
      <trkpt lat="45.070646" lon="-72.841568">
        <ele>188.82</ele>
      </trkpt>
      <trkpt lat="45.071452" lon="-72.841566">
        <ele>188.82</ele>
      </trkpt>
      <trkpt lat="45.072258" lon="-72.841564">
        <ele>183.02</ele>
      </trkpt>
      <trkpt lat="45.073064" lon="-72.841562">
        <ele>171.62</ele>
      </trkpt>
      <trkpt lat="45.07387" lon="-72.84156">
        <ele>168.34</ele>
      </trkpt>
      <trkpt lat="45.074635" lon="-72.841515">
        <ele>176.94</ele>
      </trkpt>
      <trkpt lat="45.0754" lon="-72.84147">
        <ele>185</ele>
      </trkpt>
      <trkpt lat="45.0757" lon="-72.84137">
        <ele>185.99</ele>
      </trkpt>
      <trkpt lat="45.0763633" lon="-72.84103">
        <ele>184.7</ele>
      </trkpt>
      <trkpt lat="45.0770267" lon="-72.84069">
        <ele>185.39</ele>
      </trkpt>
      <trkpt lat="45.07769" lon="-72.84035">
        <ele>186.33</ele>
      </trkpt>
      <trkpt lat="45.07816" lon="-72.84019">
        <ele>187.01</ele>
      </trkpt>
      <trkpt lat="45.07869" lon="-72.84008">
        <ele>192.37</ele>
      </trkpt>
      <trkpt lat="45.07905" lon="-72.84004">
        <ele>195.72</ele>
      </trkpt>
      <trkpt lat="45.07954" lon="-72.8399">
        <ele>194.59</ele>
      </trkpt>
      <trkpt lat="45.0802" lon="-72.83994">
        <ele>189.77</ele>
      </trkpt>
      <trkpt lat="45.08054" lon="-72.83991">
        <ele>188.09</ele>
      </trkpt>
      <trkpt lat="45.08082" lon="-72.83986">
        <ele>185.53</ele>
      </trkpt>
      <trkpt lat="45.08115" lon="-72.83976">
        <ele>183.98</ele>
      </trkpt>
      <trkpt lat="45.08157" lon="-72.83954">
        <ele>183.86</ele>
      </trkpt>
      <trkpt lat="45.08177" lon="-72.83932">
        <ele>184.43</ele>
      </trkpt>
      <trkpt lat="45.08223" lon="-72.83878">
        <ele>186.22</ele>
      </trkpt>
      <trkpt lat="45.08284" lon="-72.83833">
        <ele>189.36</ele>
      </trkpt>
      <trkpt lat="45.08296" lon="-72.83825">
        <ele>190.35</ele>
      </trkpt>
      <trkpt lat="45.08307" lon="-72.8382">
        <ele>192.55</ele>
      </trkpt>
      <trkpt lat="45.0834" lon="-72.83816">
        <ele>193.95</ele>
      </trkpt>
      <trkpt lat="45.0837" lon="-72.83816">
        <ele>194.83</ele>
      </trkpt>
      <trkpt lat="45.08383" lon="-72.8382">
        <ele>194.81</ele>
      </trkpt>
      <trkpt lat="45.08416" lon="-72.83821">
        <ele>194.42</ele>
      </trkpt>
      <trkpt lat="45.08471" lon="-72.83812">
        <ele>194.87</ele>
      </trkpt>
      <trkpt lat="45.08499" lon="-72.83802">
        <ele>195.75</ele>
      </trkpt>
      <trkpt lat="45.085415" lon="-72.837705">
        <ele>197.54</ele>
      </trkpt>
      <trkpt lat="45.08584" lon="-72.83739">
        <ele>198.81</ele>
      </trkpt>
      <trkpt lat="45.08611" lon="-72.83713">
        <ele>200.25</ele>
      </trkpt>
      <trkpt lat="45.0864" lon="-72.83675">
        <ele>201.88</ele>
      </trkpt>
      <trkpt lat="45.08682" lon="-72.83606">
        <ele>204.09</ele>
      </trkpt>
      <trkpt lat="45.08691" lon="-72.83587">
        <ele>205.1</ele>
      </trkpt>
      <trkpt lat="45.08708" lon="-72.8356">
        <ele>207.2</ele>
      </trkpt>
      <trkpt lat="45.08725" lon="-72.83537">
        <ele>207.98</ele>
      </trkpt>
      <trkpt lat="45.08725" lon="-72.83538">
        <ele>207.94</ele>
      </trkpt>
      <trkpt lat="45.08783" lon="-72.83462">
        <ele>209.78</ele>
      </trkpt>
      <trkpt lat="45.08841" lon="-72.83386">
        <ele>210.58</ele>
      </trkpt>
      <trkpt lat="45.08862" lon="-72.83369">
        <ele>211.11</ele>
      </trkpt>
      <trkpt lat="45.08907" lon="-72.83341">
        <ele>212.98</ele>
      </trkpt>
      <trkpt lat="45.08924" lon="-72.83332">
        <ele>214.06</ele>
      </trkpt>
      <trkpt lat="45.08966" lon="-72.83307">
        <ele>216.57</ele>
      </trkpt>
      <trkpt lat="45.09008" lon="-72.83282">
        <ele>217.54</ele>
      </trkpt>
      <trkpt lat="45.09051" lon="-72.83257">
        <ele>218.24</ele>
      </trkpt>
      <trkpt lat="45.09096" lon="-72.83242">
        <ele>218.67</ele>
      </trkpt>
      <trkpt lat="45.09148" lon="-72.83229">
        <ele>217.56</ele>
      </trkpt>
      <trkpt lat="45.0917" lon="-72.83225">
        <ele>217.56</ele>
      </trkpt>
      <trkpt lat="45.09208" lon="-72.83225">
        <ele>216.23</ele>
      </trkpt>
      <trkpt lat="45.09257" lon="-72.83233">
        <ele>214.22</ele>
      </trkpt>
      <trkpt lat="45.09333" lon="-72.8325133">
        <ele>212.57</ele>
      </trkpt>
      <trkpt lat="45.09409" lon="-72.8326967">
        <ele>213.94</ele>
      </trkpt>
      <trkpt lat="45.09485" lon="-72.83288">
        <ele>217.03</ele>
      </trkpt>
      <trkpt lat="45.09553" lon="-72.83301">
        <ele>220.51</ele>
      </trkpt>
      <trkpt lat="45.09579" lon="-72.83305">
        <ele>221.13</ele>
      </trkpt>
      <trkpt lat="45.09599" lon="-72.83301">
        <ele>221.45</ele>
      </trkpt>
      <trkpt lat="45.09665" lon="-72.83283">
        <ele>221.56</ele>
      </trkpt>
      <trkpt lat="45.097215" lon="-72.83258">
        <ele>220.83</ele>
      </trkpt>
      <trkpt lat="45.09778" lon="-72.83233">
        <ele>219.49</ele>
      </trkpt>
      <trkpt lat="45.09811" lon="-72.83212">
        <ele>218.1</ele>
      </trkpt>
      <trkpt lat="45.09866" lon="-72.83175">
        <ele>214.25</ele>
      </trkpt>
      <trkpt lat="45.099165" lon="-72.831505">
        <ele>209.7</ele>
      </trkpt>
      <trkpt lat="45.09967" lon="-72.83126">
        <ele>205.97</ele>
      </trkpt>
      <trkpt lat="45.10021" lon="-72.83108">
        <ele>202.91</ele>
      </trkpt>
      <trkpt lat="45.10087" lon="-72.83077">
        <ele>200.77</ele>
      </trkpt>
      <trkpt lat="45.10174" lon="-72.830455">
        <ele>198.05</ele>
      </trkpt>
      <trkpt lat="45.10261" lon="-72.83014">
        <ele>196.31</ele>
      </trkpt>
      <trkpt lat="45.10277" lon="-72.83005">
        <ele>195.83</ele>
      </trkpt>
      <trkpt lat="45.1031" lon="-72.82992">
        <ele>194.25</ele>
      </trkpt>
      <trkpt lat="45.10338" lon="-72.82983">
        <ele>191.83</ele>
      </trkpt>
      <trkpt lat="45.10381" lon="-72.82978">
        <ele>186</ele>
      </trkpt>
      <trkpt lat="45.10434" lon="-72.82975">
        <ele>179.53</ele>
      </trkpt>
      <trkpt lat="45.10518" lon="-72.82979">
        <ele>171.23</ele>
      </trkpt>
      <trkpt lat="45.10602" lon="-72.82983">
        <ele>162.08</ele>
      </trkpt>
      <trkpt lat="45.1067733" lon="-72.82988">
        <ele>157.02</ele>
      </trkpt>
      <trkpt lat="45.1075267" lon="-72.82993">
        <ele>152.23</ele>
      </trkpt>
      <trkpt lat="45.10828" lon="-72.82998">
        <ele>147.93</ele>
      </trkpt>
      <trkpt lat="45.10875" lon="-72.83002">
        <ele>146.59</ele>
      </trkpt>
      <trkpt lat="45.10922" lon="-72.83006">
        <ele>145.54</ele>
      </trkpt>
      <trkpt lat="45.1098733" lon="-72.8301633">
        <ele>142.9</ele>
      </trkpt>
      <trkpt lat="45.1105267" lon="-72.8302667">
        <ele>142.38</ele>
      </trkpt>
      <trkpt lat="45.11118" lon="-72.83037">
        <ele>141.92</ele>
      </trkpt>
      <trkpt lat="45.11157" lon="-72.83036">
        <ele>142</ele>
      </trkpt>
      <trkpt lat="45.11216" lon="-72.83023">
        <ele>143.46</ele>
      </trkpt>
      <trkpt lat="45.11257" lon="-72.83019">
        <ele>143.89</ele>
      </trkpt>
      <trkpt lat="45.1134167" lon="-72.83013">
        <ele>142.08</ele>
      </trkpt>
      <trkpt lat="45.1142633" lon="-72.83007">
        <ele>139.92</ele>
      </trkpt>
      <trkpt lat="45.11511" lon="-72.83001">
        <ele>138.48</ele>
      </trkpt>
      <trkpt lat="45.116005" lon="-72.82998">
        <ele>136.56</ele>
      </trkpt>
      <trkpt lat="45.1169" lon="-72.82995">
        <ele>138.07</ele>
      </trkpt>
      <trkpt lat="45.11717" lon="-72.82943">
        <ele>137.23</ele>
      </trkpt>
      <trkpt lat="45.11751" lon="-72.82898">
        <ele>135.3</ele>
      </trkpt>
      <trkpt lat="45.1181667" lon="-72.82826">
        <ele>134.99</ele>
      </trkpt>
      <trkpt lat="45.1188233" lon="-72.82754">
        <ele>137.68</ele>
      </trkpt>
      <trkpt lat="45.11948" lon="-72.82682">
        <ele>142.71</ele>
      </trkpt>
      <trkpt lat="45.11992" lon="-72.82625">
        <ele>146.15</ele>
      </trkpt>
      <trkpt lat="45.120375" lon="-72.82551">
        <ele>147.83</ele>
      </trkpt>
      <trkpt lat="45.12083" lon="-72.82477">
        <ele>149.78</ele>
      </trkpt>
      <trkpt lat="45.12112" lon="-72.8244">
        <ele>150.14</ele>
      </trkpt>
      <trkpt lat="45.121678" lon="-72.82375">
        <ele>150.71</ele>
      </trkpt>
      <trkpt lat="45.122236" lon="-72.8231">
        <ele>151.02</ele>
      </trkpt>
      <trkpt lat="45.122794" lon="-72.82245">
        <ele>150.73</ele>
      </trkpt>
      <trkpt lat="45.123352" lon="-72.8218">
        <ele>150.96</ele>
      </trkpt>
      <trkpt lat="45.12391" lon="-72.82115">
        <ele>150.86</ele>
      </trkpt>
      <trkpt lat="45.12422" lon="-72.82068">
        <ele>150.63</ele>
      </trkpt>
      <trkpt lat="45.12453" lon="-72.82021">
        <ele>150.39</ele>
      </trkpt>
      <trkpt lat="45.12489" lon="-72.81952">
        <ele>150.12</ele>
      </trkpt>
      <trkpt lat="45.12512" lon="-72.81895">
        <ele>150.16</ele>
      </trkpt>
      <trkpt lat="45.12549" lon="-72.817964">
        <ele>150.98</ele>
      </trkpt>
      <trkpt lat="45.12586" lon="-72.816978">
        <ele>153.51</ele>
      </trkpt>
      <trkpt lat="45.12623" lon="-72.815992">
        <ele>153.43</ele>
      </trkpt>
      <trkpt lat="45.1266" lon="-72.815006">
        <ele>148.27</ele>
      </trkpt>
      <trkpt lat="45.12697" lon="-72.81402">
        <ele>140.32</ele>
      </trkpt>
      <trkpt lat="45.127205" lon="-72.81335">
        <ele>137.28</ele>
      </trkpt>
      <trkpt lat="45.12744" lon="-72.81268">
        <ele>134.95</ele>
      </trkpt>
      <trkpt lat="45.1277975" lon="-72.811525">
        <ele>134.37</ele>
      </trkpt>
      <trkpt lat="45.128155" lon="-72.81037">
        <ele>135.07</ele>
      </trkpt>
      <trkpt lat="45.1285125" lon="-72.809215">
        <ele>133.7</ele>
      </trkpt>
      <trkpt lat="45.12887" lon="-72.80806">
        <ele>132.44</ele>
      </trkpt>
      <trkpt lat="45.12887" lon="-72.80807">
        <ele>132.44</ele>
      </trkpt>
      <trkpt lat="45.129165" lon="-72.807115">
        <ele>133.15</ele>
      </trkpt>
      <trkpt lat="45.12946" lon="-72.80616">
        <ele>137.85</ele>
      </trkpt>
      <trkpt lat="45.129755" lon="-72.805205">
        <ele>143.9</ele>
      </trkpt>
      <trkpt lat="45.13005" lon="-72.80425">
        <ele>146.86</ele>
      </trkpt>
      <trkpt lat="45.13019" lon="-72.80364">
        <ele>147.56</ele>
      </trkpt>
      <trkpt lat="45.13025" lon="-72.80292">
        <ele>148.11</ele>
      </trkpt>
      <trkpt lat="45.130255" lon="-72.80181">
        <ele>151.06</ele>
      </trkpt>
      <trkpt lat="45.13026" lon="-72.8007">
        <ele>156.54</ele>
      </trkpt>
      <trkpt lat="45.12938" lon="-72.80072">
        <ele>156.65</ele>
      </trkpt>
      <trkpt lat="45.12938" lon="-72.79961">
        <ele>158.93</ele>
      </trkpt>
      <trkpt lat="45.12938" lon="-72.7985">
        <ele>160.29</ele>
      </trkpt>
      <trkpt lat="45.1293917" lon="-72.797345">
        <ele>161.33</ele>
      </trkpt>
      <trkpt lat="45.1294034" lon="-72.79619">
        <ele>164.04</ele>
      </trkpt>
      <trkpt lat="45.1294151" lon="-72.795035">
        <ele>166.15</ele>
      </trkpt>
      <trkpt lat="45.1294267" lon="-72.79388">
        <ele>168.6</ele>
      </trkpt>
      <trkpt lat="45.1294384" lon="-72.792725">
        <ele>169.99</ele>
      </trkpt>
      <trkpt lat="45.12945" lon="-72.79157">
        <ele>171.32</ele>
      </trkpt>
      <trkpt lat="45.1294533" lon="-72.7906667">
        <ele>171.99</ele>
      </trkpt>
      <trkpt lat="45.1294567" lon="-72.7897633">
        <ele>173.31</ele>
      </trkpt>
      <trkpt lat="45.12946" lon="-72.78886">
        <ele>176.14</ele>
      </trkpt>
      <trkpt lat="45.12944" lon="-72.78799">
        <ele>181.1</ele>
      </trkpt>
      <trkpt lat="45.12944" lon="-72.78799">
        <ele>181.07</ele>
      </trkpt>
      <trkpt lat="45.12944" lon="-72.78779">
        <ele>182.27</ele>
      </trkpt>
      <trkpt lat="45.12928" lon="-72.78679">
        <ele>185.33</ele>
      </trkpt>
      <trkpt lat="45.1291067" lon="-72.78578">
        <ele>187.98</ele>
      </trkpt>
      <trkpt lat="45.1289333" lon="-72.78477">
        <ele>191.05</ele>
      </trkpt>
      <trkpt lat="45.12876" lon="-72.78376">
        <ele>192.94</ele>
      </trkpt>
      <trkpt lat="45.12869" lon="-72.78351">
        <ele>193.8</ele>
      </trkpt>
      <trkpt lat="45.12869" lon="-72.78352">
        <ele>194.14</ele>
      </trkpt>
      <trkpt lat="45.129575" lon="-72.7834463">
        <ele>193.92</ele>
      </trkpt>
      <trkpt lat="45.13046" lon="-72.7833725">
        <ele>192.91</ele>
      </trkpt>
      <trkpt lat="45.131345" lon="-72.7832988">
        <ele>192.14</ele>
      </trkpt>
      <trkpt lat="45.13223" lon="-72.783225">
        <ele>191.54</ele>
      </trkpt>
      <trkpt lat="45.133115" lon="-72.7831513">
        <ele>191.91</ele>
      </trkpt>
      <trkpt lat="45.134" lon="-72.7830775">
        <ele>192.18</ele>
      </trkpt>
      <trkpt lat="45.134885" lon="-72.7830038">
        <ele>191.55</ele>
      </trkpt>
      <trkpt lat="45.13577" lon="-72.78293">
        <ele>190.08</ele>
      </trkpt>
      <trkpt lat="45.13571" lon="-72.78293">
        <ele>189.94</ele>
      </trkpt>
      <trkpt lat="45.135725" lon="-72.78225">
        <ele>192.02</ele>
      </trkpt>
      <trkpt lat="45.13574" lon="-72.78157">
        <ele>193.33</ele>
      </trkpt>
      <trkpt lat="45.13575" lon="-72.7808">
        <ele>196.08</ele>
      </trkpt>
      <trkpt lat="45.13576" lon="-72.78003">
        <ele>198.72</ele>
      </trkpt>
      <trkpt lat="45.1357551" lon="-72.7787607">
        <ele>195.83</ele>
      </trkpt>
      <trkpt lat="45.1357502" lon="-72.7774914">
        <ele>190.76</ele>
      </trkpt>
      <trkpt lat="45.1357452" lon="-72.7762221">
        <ele>186</ele>
      </trkpt>
      <trkpt lat="45.1357403" lon="-72.7749529">
        <ele>183.1</ele>
      </trkpt>
      <trkpt lat="45.1357353" lon="-72.7736836">
        <ele>180.77</ele>
      </trkpt>
      <trkpt lat="45.1357303" lon="-72.7724143">
        <ele>175.77</ele>
      </trkpt>
      <trkpt lat="45.1357253" lon="-72.771145">
        <ele>175.37</ele>
      </trkpt>
      <trkpt lat="45.1357203" lon="-72.7698757">
        <ele>181</ele>
      </trkpt>
      <trkpt lat="45.1357153" lon="-72.7686064">
        <ele>182.49</ele>
      </trkpt>
      <trkpt lat="45.1357103" lon="-72.7673371">
        <ele>183.96</ele>
      </trkpt>
      <trkpt lat="45.1357052" lon="-72.7660679">
        <ele>188.63</ele>
      </trkpt>
      <trkpt lat="45.1357002" lon="-72.7647986">
        <ele>194.08</ele>
      </trkpt>
      <trkpt lat="45.1356951" lon="-72.7635293">
        <ele>196.18</ele>
      </trkpt>
      <trkpt lat="45.13569" lon="-72.76226">
        <ele>194.41</ele>
      </trkpt>
      <trkpt lat="45.13575" lon="-72.7615">
        <ele>193.64</ele>
      </trkpt>
      <trkpt lat="45.13579" lon="-72.76119">
        <ele>193.81</ele>
      </trkpt>
      <trkpt lat="45.13592" lon="-72.76092">
        <ele>193.86</ele>
      </trkpt>
      <trkpt lat="45.13608" lon="-72.76061">
        <ele>193.75</ele>
      </trkpt>
      <trkpt lat="45.13637" lon="-72.76016">
        <ele>192.8</ele>
      </trkpt>
      <trkpt lat="45.13698" lon="-72.75945">
        <ele>189.44</ele>
      </trkpt>
      <trkpt lat="45.13696" lon="-72.75946">
        <ele>189.5</ele>
      </trkpt>
      <trkpt lat="45.13747" lon="-72.75887">
        <ele>186.5</ele>
      </trkpt>
      <trkpt lat="45.13767" lon="-72.75859">
        <ele>185.74</ele>
      </trkpt>
      <trkpt lat="45.13788" lon="-72.75819">
        <ele>184.44</ele>
      </trkpt>
      <trkpt lat="45.13814" lon="-72.75763">
        <ele>183.46</ele>
      </trkpt>
      <trkpt lat="45.1384" lon="-72.75707">
        <ele>180.67</ele>
      </trkpt>
      <trkpt lat="45.138695" lon="-72.756335">
        <ele>178.07</ele>
      </trkpt>
      <trkpt lat="45.13899" lon="-72.7556">
        <ele>177.35</ele>
      </trkpt>
      <trkpt lat="45.13941" lon="-72.75471">
        <ele>180</ele>
      </trkpt>
      <trkpt lat="45.139855" lon="-72.75385">
        <ele>183.86</ele>
      </trkpt>
      <trkpt lat="45.1403" lon="-72.75299">
        <ele>190.36</ele>
      </trkpt>
      <trkpt lat="45.14051" lon="-72.7527">
        <ele>191.71</ele>
      </trkpt>
      <trkpt lat="45.141095" lon="-72.75211">
        <ele>193.34</ele>
      </trkpt>
      <trkpt lat="45.14168" lon="-72.75152">
        <ele>194.47</ele>
      </trkpt>
      <trkpt lat="45.14213" lon="-72.751005">
        <ele>194.94</ele>
      </trkpt>
      <trkpt lat="45.14258" lon="-72.75049">
        <ele>195.18</ele>
      </trkpt>
      <trkpt lat="45.14289" lon="-72.75009">
        <ele>194.24</ele>
      </trkpt>
      <trkpt lat="45.14341" lon="-72.7492">
        <ele>194.34</ele>
      </trkpt>
      <trkpt lat="45.14371" lon="-72.74866">
        <ele>196.62</ele>
      </trkpt>
      <trkpt lat="45.14401" lon="-72.74812">
        <ele>197.69</ele>
      </trkpt>
      <trkpt lat="45.14452" lon="-72.747115">
        <ele>199.28</ele>
      </trkpt>
      <trkpt lat="45.14503" lon="-72.74611">
        <ele>197.13</ele>
      </trkpt>
      <trkpt lat="45.14551" lon="-72.74504">
        <ele>195.71</ele>
      </trkpt>
      <trkpt lat="45.1458767" lon="-72.7440967">
        <ele>193.44</ele>
      </trkpt>
      <trkpt lat="45.1462434" lon="-72.7431534">
        <ele>194.76</ele>
      </trkpt>
      <trkpt lat="45.14661" lon="-72.7422101">
        <ele>197.02</ele>
      </trkpt>
      <trkpt lat="45.1469767" lon="-72.7412667">
        <ele>201.93</ele>
      </trkpt>
      <trkpt lat="45.1473434" lon="-72.7403234">
        <ele>203.07</ele>
      </trkpt>
      <trkpt lat="45.14771" lon="-72.73938">
        <ele>202.89</ele>
      </trkpt>
      <trkpt lat="45.14786" lon="-72.7388">
        <ele>203.61</ele>
      </trkpt>
      <trkpt lat="45.14792" lon="-72.73815">
        <ele>205.39</ele>
      </trkpt>
      <trkpt lat="45.1479675" lon="-72.7371525">
        <ele>208</ele>
      </trkpt>
      <trkpt lat="45.148015" lon="-72.736155">
        <ele>209.17</ele>
      </trkpt>
      <trkpt lat="45.1480625" lon="-72.7351575">
        <ele>210.24</ele>
      </trkpt>
      <trkpt lat="45.14811" lon="-72.73416">
        <ele>211.99</ele>
      </trkpt>
      <trkpt lat="45.1481534" lon="-72.7330767">
        <ele>214.39</ele>
      </trkpt>
      <trkpt lat="45.1481967" lon="-72.7319933">
        <ele>215.37</ele>
      </trkpt>
      <trkpt lat="45.14824" lon="-72.73091">
        <ele>217.61</ele>
      </trkpt>
      <trkpt lat="45.1482834" lon="-72.7298267">
        <ele>220.99</ele>
      </trkpt>
      <trkpt lat="45.1483267" lon="-72.7287433">
        <ele>222.96</ele>
      </trkpt>
      <trkpt lat="45.14837" lon="-72.72766">
        <ele>225.24</ele>
      </trkpt>
      <trkpt lat="45.14836" lon="-72.72713">
        <ele>227.47</ele>
      </trkpt>
      <trkpt lat="45.14832" lon="-72.72663">
        <ele>230.09</ele>
      </trkpt>
      <trkpt lat="45.14819" lon="-72.72561">
        <ele>234.04</ele>
      </trkpt>
      <trkpt lat="45.1480872" lon="-72.7245157">
        <ele>233.29</ele>
      </trkpt>
      <trkpt lat="45.1479843" lon="-72.7234214">
        <ele>228.76</ele>
      </trkpt>
      <trkpt lat="45.1478815" lon="-72.7223271">
        <ele>225.79</ele>
      </trkpt>
      <trkpt lat="45.1477786" lon="-72.7212328">
        <ele>224.39</ele>
      </trkpt>
      <trkpt lat="45.1476758" lon="-72.7201386">
        <ele>224.15</ele>
      </trkpt>
      <trkpt lat="45.1475729" lon="-72.7190443">
        <ele>225.46</ele>
      </trkpt>
      <trkpt lat="45.14747" lon="-72.71795">
        <ele>227.79</ele>
      </trkpt>
      <trkpt lat="45.14758" lon="-72.71781">
        <ele>225.67</ele>
      </trkpt>
      <trkpt lat="45.1481767" lon="-72.7171367">
        <ele>222.37</ele>
      </trkpt>
      <trkpt lat="45.1487733" lon="-72.7164633">
        <ele>218.71</ele>
      </trkpt>
      <trkpt lat="45.14937" lon="-72.71579">
        <ele>214.36</ele>
      </trkpt>
      <trkpt lat="45.1498867" lon="-72.7152533">
        <ele>211.37</ele>
      </trkpt>
      <trkpt lat="45.1504033" lon="-72.7147167">
        <ele>209.96</ele>
      </trkpt>
      <trkpt lat="45.15092" lon="-72.71418">
        <ele>205.6</ele>
      </trkpt>
      <trkpt lat="45.15151" lon="-72.71354">
        <ele>202.4</ele>
      </trkpt>
      <trkpt lat="45.1521" lon="-72.7129">
        <ele>199.6</ele>
      </trkpt>
      <trkpt lat="45.15269" lon="-72.71226">
        <ele>196.12</ele>
      </trkpt>
      <trkpt lat="45.1531233" lon="-72.7116733">
        <ele>193.14</ele>
      </trkpt>
      <trkpt lat="45.1535567" lon="-72.7110867">
        <ele>190.36</ele>
      </trkpt>
      <trkpt lat="45.15399" lon="-72.7105">
        <ele>186.93</ele>
      </trkpt>
      <trkpt lat="45.154605" lon="-72.709715">
        <ele>182.04</ele>
      </trkpt>
      <trkpt lat="45.15522" lon="-72.70893">
        <ele>179.19</ele>
      </trkpt>
      <trkpt lat="45.15522" lon="-72.70893">
        <ele>179.21</ele>
      </trkpt>
      <trkpt lat="45.15567" lon="-72.70836">
        <ele>178.62</ele>
      </trkpt>
      <trkpt lat="45.15602" lon="-72.70797">
        <ele>179.48</ele>
      </trkpt>
      <trkpt lat="45.15639" lon="-72.70769">
        <ele>181.3</ele>
      </trkpt>
      <trkpt lat="45.15663" lon="-72.70756">
        <ele>182.76</ele>
      </trkpt>
      <trkpt lat="45.15703" lon="-72.70739">
        <ele>187.88</ele>
      </trkpt>
      <trkpt lat="45.1577" lon="-72.70734">
        <ele>187.87</ele>
      </trkpt>
      <trkpt lat="45.15837" lon="-72.70729">
        <ele>188.47</ele>
      </trkpt>
      <trkpt lat="45.159045" lon="-72.707265">
        <ele>187.8</ele>
      </trkpt>
      <trkpt lat="45.15972" lon="-72.70724">
        <ele>185.61</ele>
      </trkpt>
      <trkpt lat="45.16003" lon="-72.7072">
        <ele>185.07</ele>
      </trkpt>
      <trkpt lat="45.16026" lon="-72.70716">
        <ele>184.92</ele>
      </trkpt>
      <trkpt lat="45.16051" lon="-72.70707">
        <ele>185.15</ele>
      </trkpt>
      <trkpt lat="45.16073" lon="-72.70689">
        <ele>185.46</ele>
      </trkpt>
      <trkpt lat="45.16111" lon="-72.70622">
        <ele>187.64</ele>
      </trkpt>
      <trkpt lat="45.16151" lon="-72.7052586">
        <ele>190.47</ele>
      </trkpt>
      <trkpt lat="45.16191" lon="-72.7042972">
        <ele>194.32</ele>
      </trkpt>
      <trkpt lat="45.16231" lon="-72.7033358">
        <ele>196.37</ele>
      </trkpt>
      <trkpt lat="45.16271" lon="-72.7023744">
        <ele>198.07</ele>
      </trkpt>
      <trkpt lat="45.16311" lon="-72.7014129">
        <ele>199.2</ele>
      </trkpt>
      <trkpt lat="45.16351" lon="-72.7004515">
        <ele>198.35</ele>
      </trkpt>
      <trkpt lat="45.16391" lon="-72.69949">
        <ele>197.42</ele>
      </trkpt>
      <trkpt lat="45.16409" lon="-72.6991">
        <ele>197.26</ele>
      </trkpt>
      <trkpt lat="45.16434" lon="-72.69883">
        <ele>197.03</ele>
      </trkpt>
      <trkpt lat="45.1645" lon="-72.69874">
        <ele>196.83</ele>
      </trkpt>
      <trkpt lat="45.16481" lon="-72.69865">
        <ele>196.79</ele>
      </trkpt>
      <trkpt lat="45.16526" lon="-72.698605">
        <ele>197.14</ele>
      </trkpt>
      <trkpt lat="45.16571" lon="-72.69856">
        <ele>196.93</ele>
      </trkpt>
      <trkpt lat="45.16626" lon="-72.69854">
        <ele>195.92</ele>
      </trkpt>
      <trkpt lat="45.16681" lon="-72.69852">
        <ele>192.7</ele>
      </trkpt>
      <trkpt lat="45.16728" lon="-72.698485">
        <ele>189.77</ele>
      </trkpt>
      <trkpt lat="45.16775" lon="-72.69845">
        <ele>185.1</ele>
      </trkpt>
      <trkpt lat="45.168205" lon="-72.698395">
        <ele>181.75</ele>
      </trkpt>
      <trkpt lat="45.16866" lon="-72.69834">
        <ele>177.06</ele>
      </trkpt>
      <trkpt lat="45.16945" lon="-72.69816">
        <ele>173.14</ele>
      </trkpt>
      <trkpt lat="45.16975" lon="-72.69807">
        <ele>170.93</ele>
      </trkpt>
      <trkpt lat="45.1703" lon="-72.69784">
        <ele>167.6</ele>
      </trkpt>
      <trkpt lat="45.17061" lon="-72.69766">
        <ele>165.55</ele>
      </trkpt>
      <trkpt lat="45.17117" lon="-72.69731">
        <ele>162.87</ele>
      </trkpt>
      <trkpt lat="45.1714" lon="-72.69712">
        <ele>161.85</ele>
      </trkpt>
      <trkpt lat="45.17194" lon="-72.69657">
        <ele>159.53</ele>
      </trkpt>
      <trkpt lat="45.17248" lon="-72.69602">
        <ele>157.17</ele>
      </trkpt>
      <trkpt lat="45.172985" lon="-72.695475">
        <ele>153.68</ele>
      </trkpt>
      <trkpt lat="45.17349" lon="-72.69493">
        <ele>150.98</ele>
      </trkpt>
      <trkpt lat="45.174105" lon="-72.694215">
        <ele>150.15</ele>
      </trkpt>
      <trkpt lat="45.17472" lon="-72.6935">
        <ele>149.1</ele>
      </trkpt>
      <trkpt lat="45.17515" lon="-72.69307">
        <ele>147.4</ele>
      </trkpt>
      <trkpt lat="45.175865" lon="-72.69241">
        <ele>143.52</ele>
      </trkpt>
      <trkpt lat="45.17658" lon="-72.69175">
        <ele>141.48</ele>
      </trkpt>
      <trkpt lat="45.1760167" lon="-72.69101">
        <ele>143.06</ele>
      </trkpt>
      <trkpt lat="45.1754533" lon="-72.69027">
        <ele>144.62</ele>
      </trkpt>
      <trkpt lat="45.17489" lon="-72.68953">
        <ele>144.52</ele>
      </trkpt>
      <trkpt lat="45.17484" lon="-72.68929">
        <ele>144.01</ele>
      </trkpt>
      <trkpt lat="45.17476" lon="-72.68819">
        <ele>142.26</ele>
      </trkpt>
      <trkpt lat="45.17468" lon="-72.68709">
        <ele>139.82</ele>
      </trkpt>
      <trkpt lat="45.174575" lon="-72.685975">
        <ele>137.92</ele>
      </trkpt>
      <trkpt lat="45.17447" lon="-72.68486">
        <ele>137.15</ele>
      </trkpt>
      <trkpt lat="45.17441" lon="-72.68378">
        <ele>136.92</ele>
      </trkpt>
      <trkpt lat="45.17435" lon="-72.6827">
        <ele>135.9</ele>
      </trkpt>
      <trkpt lat="45.17427" lon="-72.68197">
        <ele>134.42</ele>
      </trkpt>
      <trkpt lat="45.17419" lon="-72.68124">
        <ele>133.64</ele>
      </trkpt>
      <trkpt lat="45.17403" lon="-72.6802">
        <ele>133.6</ele>
      </trkpt>
      <trkpt lat="45.17394" lon="-72.67923">
        <ele>135.97</ele>
      </trkpt>
      <trkpt lat="45.17389" lon="-72.6781833">
        <ele>141.8</ele>
      </trkpt>
      <trkpt lat="45.17384" lon="-72.6771367">
        <ele>137.97</ele>
      </trkpt>
      <trkpt lat="45.17379" lon="-72.67609">
        <ele>135.29</ele>
      </trkpt>
      <trkpt lat="45.17371" lon="-72.67541">
        <ele>136.64</ele>
      </trkpt>
      <trkpt lat="45.1736417" lon="-72.6743517">
        <ele>138.84</ele>
      </trkpt>
      <trkpt lat="45.1735734" lon="-72.6732933">
        <ele>140.77</ele>
      </trkpt>
      <trkpt lat="45.173505" lon="-72.672235">
        <ele>141.06</ele>
      </trkpt>
      <trkpt lat="45.1734367" lon="-72.6711767">
        <ele>143.49</ele>
      </trkpt>
      <trkpt lat="45.1733684" lon="-72.6701183">
        <ele>146.88</ele>
      </trkpt>
      <trkpt lat="45.1733" lon="-72.66906">
        <ele>149.03</ele>
      </trkpt>
      <trkpt lat="45.17328" lon="-72.668075">
        <ele>149.36</ele>
      </trkpt>
      <trkpt lat="45.17326" lon="-72.66709">
        <ele>149.5</ele>
      </trkpt>
      <trkpt lat="45.17329" lon="-72.66683">
        <ele>148.86</ele>
      </trkpt>
      <trkpt lat="45.17335" lon="-72.66665">
        <ele>148.46</ele>
      </trkpt>
      <trkpt lat="45.1738025" lon="-72.6658975">
        <ele>144.59</ele>
      </trkpt>
      <trkpt lat="45.174255" lon="-72.665145">
        <ele>141.02</ele>
      </trkpt>
      <trkpt lat="45.1747075" lon="-72.6643925">
        <ele>136.52</ele>
      </trkpt>
      <trkpt lat="45.17516" lon="-72.66364">
        <ele>129.61</ele>
      </trkpt>
      <trkpt lat="45.17571" lon="-72.66278">
        <ele>127.3</ele>
      </trkpt>
      <trkpt lat="45.17605" lon="-72.66212">
        <ele>128.28</ele>
      </trkpt>
      <trkpt lat="45.17661" lon="-72.66224">
        <ele>127.27</ele>
      </trkpt>
      <trkpt lat="45.17717" lon="-72.66236">
        <ele>127.74</ele>
      </trkpt>
      <trkpt lat="45.17804" lon="-72.66252">
        <ele>127.38</ele>
      </trkpt>
      <trkpt lat="45.17849" lon="-72.66198">
        <ele>126.14</ele>
      </trkpt>
      <trkpt lat="45.17894" lon="-72.66132">
        <ele>129.42</ele>
      </trkpt>
      <trkpt lat="45.17905" lon="-72.66113">
        <ele>131.14</ele>
      </trkpt>
      <trkpt lat="45.17921" lon="-72.66055">
        <ele>133.58</ele>
      </trkpt>
      <trkpt lat="45.17927" lon="-72.65988">
        <ele>134</ele>
      </trkpt>
      <trkpt lat="45.1792675" lon="-72.6588175">
        <ele>134.37</ele>
      </trkpt>
      <trkpt lat="45.179265" lon="-72.657755">
        <ele>135.83</ele>
      </trkpt>
      <trkpt lat="45.1792625" lon="-72.6566925">
        <ele>140.24</ele>
      </trkpt>
      <trkpt lat="45.17926" lon="-72.65563">
        <ele>145.88</ele>
      </trkpt>
      <trkpt lat="45.17929" lon="-72.655">
        <ele>147.53</ele>
      </trkpt>
      <trkpt lat="45.17934" lon="-72.65464">
        <ele>147.43</ele>
      </trkpt>
      <trkpt lat="45.17956" lon="-72.6536867">
        <ele>144.81</ele>
      </trkpt>
      <trkpt lat="45.17978" lon="-72.6527333">
        <ele>143.27</ele>
      </trkpt>
      <trkpt lat="45.18" lon="-72.65178">
        <ele>142.36</ele>
      </trkpt>
      <trkpt lat="45.180615" lon="-72.651755">
        <ele>137.71</ele>
      </trkpt>
      <trkpt lat="45.18123" lon="-72.65173">
        <ele>135.49</ele>
      </trkpt>
      <trkpt lat="45.181755" lon="-72.65169">
        <ele>137.96</ele>
      </trkpt>
      <trkpt lat="45.18228" lon="-72.65165">
        <ele>142.76</ele>
      </trkpt>
      <trkpt lat="45.182745" lon="-72.651645">
        <ele>147.99</ele>
      </trkpt>
      <trkpt lat="45.18321" lon="-72.65164">
        <ele>153.22</ele>
      </trkpt>
      <trkpt lat="45.1835" lon="-72.6516">
        <ele>156.27</ele>
      </trkpt>
      <trkpt lat="45.18387" lon="-72.65164">
        <ele>160.23</ele>
      </trkpt>
      <trkpt lat="45.18399" lon="-72.65168">
        <ele>161.34</ele>
      </trkpt>
      <trkpt lat="45.18406" lon="-72.65168">
        <ele>161.93</ele>
      </trkpt>
      <trkpt lat="45.1844" lon="-72.65178">
        <ele>163.06</ele>
      </trkpt>
      <trkpt lat="45.18463" lon="-72.65174">
        <ele>163.53</ele>
      </trkpt>
      <trkpt lat="45.18473" lon="-72.65169">
        <ele>163.89</ele>
      </trkpt>
      <trkpt lat="45.18505" lon="-72.6516">
        <ele>166</ele>
      </trkpt>
      <trkpt lat="45.18546" lon="-72.65155">
        <ele>167.07</ele>
      </trkpt>
      <trkpt lat="45.18572" lon="-72.65154">
        <ele>167.16</ele>
      </trkpt>
      <trkpt lat="45.18574" lon="-72.65154">
        <ele>167.16</ele>
      </trkpt>
      <trkpt lat="45.186525" lon="-72.6514975">
        <ele>165.17</ele>
      </trkpt>
      <trkpt lat="45.18731" lon="-72.651455">
        <ele>157.49</ele>
      </trkpt>
      <trkpt lat="45.188095" lon="-72.6514125">
        <ele>152.44</ele>
      </trkpt>
      <trkpt lat="45.18888" lon="-72.65137">
        <ele>152</ele>
      </trkpt>
      <trkpt lat="45.189735" lon="-72.6513183">
        <ele>154.12</ele>
      </trkpt>
      <trkpt lat="45.19059" lon="-72.6512667">
        <ele>156.09</ele>
      </trkpt>
      <trkpt lat="45.191445" lon="-72.651215">
        <ele>162.21</ele>
      </trkpt>
      <trkpt lat="45.1923" lon="-72.6511633">
        <ele>165.06</ele>
      </trkpt>
      <trkpt lat="45.193155" lon="-72.6511117">
        <ele>166.21</ele>
      </trkpt>
      <trkpt lat="45.19401" lon="-72.65106">
        <ele>167.29</ele>
      </trkpt>
      <trkpt lat="45.1947733" lon="-72.6510217">
        <ele>167.22</ele>
      </trkpt>
      <trkpt lat="45.1955367" lon="-72.6509833">
        <ele>168.78</ele>
      </trkpt>
      <trkpt lat="45.1963" lon="-72.650945">
        <ele>170.32</ele>
      </trkpt>
      <trkpt lat="45.1970633" lon="-72.6509067">
        <ele>172.38</ele>
      </trkpt>
      <trkpt lat="45.1978267" lon="-72.6508683">
        <ele>173.3</ele>
      </trkpt>
      <trkpt lat="45.19859" lon="-72.65083">
        <ele>173.99</ele>
      </trkpt>
      <trkpt lat="45.19924" lon="-72.6507733">
        <ele>175.25</ele>
      </trkpt>
      <trkpt lat="45.19989" lon="-72.6507167">
        <ele>179.86</ele>
      </trkpt>
      <trkpt lat="45.20054" lon="-72.65066">
        <ele>182.97</ele>
      </trkpt>
      <trkpt lat="45.2013733" lon="-72.6506433">
        <ele>183.95</ele>
      </trkpt>
      <trkpt lat="45.2022067" lon="-72.6506267">
        <ele>185.83</ele>
      </trkpt>
      <trkpt lat="45.20304" lon="-72.65061">
        <ele>188.71</ele>
      </trkpt>
      <trkpt lat="45.203885" lon="-72.650555">
        <ele>187</ele>
      </trkpt>
      <trkpt lat="45.20473" lon="-72.6505">
        <ele>185.29</ele>
      </trkpt>
      <trkpt lat="45.205575" lon="-72.650445">
        <ele>183.47</ele>
      </trkpt>
      <trkpt lat="45.20642" lon="-72.65039">
        <ele>184.28</ele>
      </trkpt>
      <trkpt lat="45.20682" lon="-72.65042">
        <ele>184.98</ele>
      </trkpt>
      <trkpt lat="45.20743" lon="-72.650405">
        <ele>187.33</ele>
      </trkpt>
      <trkpt lat="45.20804" lon="-72.65039">
        <ele>189.62</ele>
      </trkpt>
      <trkpt lat="45.20826" lon="-72.65042">
        <ele>190.44</ele>
      </trkpt>
      <trkpt lat="45.20858" lon="-72.65039">
        <ele>190.66</ele>
      </trkpt>
      <trkpt lat="45.20873" lon="-72.65035">
        <ele>190.5</ele>
      </trkpt>
      <trkpt lat="45.20958" lon="-72.650255">
        <ele>187.89</ele>
      </trkpt>
      <trkpt lat="45.21043" lon="-72.65016">
        <ele>182.35</ele>
      </trkpt>
      <trkpt lat="45.21061" lon="-72.65011">
        <ele>181.29</ele>
      </trkpt>
      <trkpt lat="45.21068" lon="-72.65007">
        <ele>180.95</ele>
      </trkpt>
      <trkpt lat="45.21098" lon="-72.64981">
        <ele>179.62</ele>
      </trkpt>
      <trkpt lat="45.21116" lon="-72.64971">
        <ele>179.62</ele>
      </trkpt>
      <trkpt lat="45.211925" lon="-72.649265">
        <ele>177.43</ele>
      </trkpt>
      <trkpt lat="45.21269" lon="-72.64882">
        <ele>172.6</ele>
      </trkpt>
      <trkpt lat="45.213455" lon="-72.648375">
        <ele>165.17</ele>
      </trkpt>
      <trkpt lat="45.21422" lon="-72.64793">
        <ele>165.38</ele>
      </trkpt>
      <trkpt lat="45.2148733" lon="-72.6475433">
        <ele>170.56</ele>
      </trkpt>
      <trkpt lat="45.2155267" lon="-72.6471567">
        <ele>176.12</ele>
      </trkpt>
      <trkpt lat="45.21618" lon="-72.64677">
        <ele>183.4</ele>
      </trkpt>
      <trkpt lat="45.216875" lon="-72.64638">
        <ele>186.65</ele>
      </trkpt>
      <trkpt lat="45.21757" lon="-72.64599">
        <ele>189.1</ele>
      </trkpt>
      <trkpt lat="45.21826" lon="-72.6456">
        <ele>191.33</ele>
      </trkpt>
      <trkpt lat="45.21896" lon="-72.64524">
        <ele>193.45</ele>
      </trkpt>
      <trkpt lat="45.21966" lon="-72.64488">
        <ele>194.95</ele>
      </trkpt>
      <trkpt lat="45.22036" lon="-72.64452">
        <ele>200.46</ele>
      </trkpt>
      <trkpt lat="45.2210667" lon="-72.64417">
        <ele>205.03</ele>
      </trkpt>
      <trkpt lat="45.2217733" lon="-72.64382">
        <ele>210.89</ele>
      </trkpt>
      <trkpt lat="45.22248" lon="-72.64347">
        <ele>215.43</ele>
      </trkpt>
      <trkpt lat="45.22267" lon="-72.64242">
        <ele>214.15</ele>
      </trkpt>
      <trkpt lat="45.2228" lon="-72.6418">
        <ele>216.75</ele>
      </trkpt>
      <trkpt lat="45.22293" lon="-72.6413">
        <ele>220.29</ele>
      </trkpt>
      <trkpt lat="45.22315" lon="-72.64071">
        <ele>225.06</ele>
      </trkpt>
      <trkpt lat="45.22329" lon="-72.64041">
        <ele>228.13</ele>
      </trkpt>
      <trkpt lat="45.22386" lon="-72.63952">
        <ele>230.23</ele>
      </trkpt>
      <trkpt lat="45.22433" lon="-72.638885">
        <ele>228.52</ele>
      </trkpt>
      <trkpt lat="45.2248" lon="-72.63825">
        <ele>229.54</ele>
      </trkpt>
      <trkpt lat="45.22488" lon="-72.63812">
        <ele>229.45</ele>
      </trkpt>
      <trkpt lat="45.22497" lon="-72.63781">
        <ele>228.65</ele>
      </trkpt>
      <trkpt lat="45.22499" lon="-72.63767">
        <ele>227.82</ele>
      </trkpt>
      <trkpt lat="45.22498" lon="-72.63699">
        <ele>226.58</ele>
      </trkpt>
      <trkpt lat="45.22495" lon="-72.636235">
        <ele>225.77</ele>
      </trkpt>
      <trkpt lat="45.22492" lon="-72.63548">
        <ele>225.5</ele>
      </trkpt>
      <trkpt lat="45.22488" lon="-72.634775">
        <ele>224.59</ele>
      </trkpt>
      <trkpt lat="45.22484" lon="-72.63407">
        <ele>223.87</ele>
      </trkpt>
      <trkpt lat="45.22484" lon="-72.63407">
        <ele>223.87</ele>
      </trkpt>
      <trkpt lat="45.22479" lon="-72.63306">
        <ele>223.18</ele>
      </trkpt>
      <trkpt lat="45.22477" lon="-72.632415">
        <ele>223.08</ele>
      </trkpt>
      <trkpt lat="45.22475" lon="-72.63177">
        <ele>221.85</ele>
      </trkpt>
      <trkpt lat="45.2247117" lon="-72.6306717">
        <ele>219.02</ele>
      </trkpt>
      <trkpt lat="45.2246734" lon="-72.6295733">
        <ele>220.34</ele>
      </trkpt>
      <trkpt lat="45.224635" lon="-72.628475">
        <ele>220.07</ele>
      </trkpt>
      <trkpt lat="45.2245967" lon="-72.6273767">
        <ele>218</ele>
      </trkpt>
      <trkpt lat="45.2245584" lon="-72.6262783">
        <ele>216.77</ele>
      </trkpt>
      <trkpt lat="45.22452" lon="-72.62518">
        <ele>214.71</ele>
      </trkpt>
      <trkpt lat="45.22447" lon="-72.624035">
        <ele>215.01</ele>
      </trkpt>
      <trkpt lat="45.22442" lon="-72.62289">
        <ele>216.17</ele>
      </trkpt>
      <trkpt lat="45.2243662" lon="-72.6216661">
        <ele>217.54</ele>
      </trkpt>
      <trkpt lat="45.2243125" lon="-72.6204423">
        <ele>217.31</ele>
      </trkpt>
      <trkpt lat="45.2242587" lon="-72.6192184">
        <ele>214.62</ele>
      </trkpt>
      <trkpt lat="45.2242049" lon="-72.6179946">
        <ele>214</ele>
      </trkpt>
      <trkpt lat="45.224151" lon="-72.6167707">
        <ele>216.08</ele>
      </trkpt>
      <trkpt lat="45.2240972" lon="-72.6155469">
        <ele>215.97</ele>
      </trkpt>
      <trkpt lat="45.2240434" lon="-72.614323">
        <ele>214.59</ele>
      </trkpt>
      <trkpt lat="45.2239895" lon="-72.6130992">
        <ele>214.15</ele>
      </trkpt>
      <trkpt lat="45.2239356" lon="-72.6118753">
        <ele>211.25</ele>
      </trkpt>
      <trkpt lat="45.2238817" lon="-72.6106515">
        <ele>209.75</ele>
      </trkpt>
      <trkpt lat="45.2238278" lon="-72.6094277">
        <ele>209.12</ele>
      </trkpt>
      <trkpt lat="45.2237739" lon="-72.6082038">
        <ele>210.77</ele>
      </trkpt>
      <trkpt lat="45.22372" lon="-72.60698">
        <ele>214.06</ele>
      </trkpt>
      <trkpt lat="45.2236629" lon="-72.6058586">
        <ele>215.86</ele>
      </trkpt>
      <trkpt lat="45.2236058" lon="-72.6047371">
        <ele>213.57</ele>
      </trkpt>
      <trkpt lat="45.2235486" lon="-72.6036157">
        <ele>210.25</ele>
      </trkpt>
      <trkpt lat="45.2234915" lon="-72.6024943">
        <ele>210.19</ele>
      </trkpt>
      <trkpt lat="45.2234343" lon="-72.6013728">
        <ele>213.18</ele>
      </trkpt>
      <trkpt lat="45.2233772" lon="-72.6002514">
        <ele>218.25</ele>
      </trkpt>
      <trkpt lat="45.22332" lon="-72.59913">
        <ele>221.22</ele>
      </trkpt>
      <trkpt lat="45.2232801" lon="-72.5979255">
        <ele>221.39</ele>
      </trkpt>
      <trkpt lat="45.2232402" lon="-72.5967211">
        <ele>219.62</ele>
      </trkpt>
      <trkpt lat="45.2232003" lon="-72.5955166">
        <ele>218.7</ele>
      </trkpt>
      <trkpt lat="45.2231604" lon="-72.5943122">
        <ele>216.51</ele>
      </trkpt>
      <trkpt lat="45.2231204" lon="-72.5931077">
        <ele>213.94</ele>
      </trkpt>
      <trkpt lat="45.2230805" lon="-72.5919033">
        <ele>211.92</ele>
      </trkpt>
      <trkpt lat="45.2230405" lon="-72.5906988">
        <ele>208.93</ele>
      </trkpt>
      <trkpt lat="45.2230005" lon="-72.5894944">
        <ele>205.01</ele>
      </trkpt>
      <trkpt lat="45.2229605" lon="-72.5882899">
        <ele>201.02</ele>
      </trkpt>
      <trkpt lat="45.2229205" lon="-72.5870855">
        <ele>200.33</ele>
      </trkpt>
      <trkpt lat="45.2228805" lon="-72.585881">
        <ele>202.35</ele>
      </trkpt>
      <trkpt lat="45.2228405" lon="-72.5846766">
        <ele>205.56</ele>
      </trkpt>
      <trkpt lat="45.2228004" lon="-72.5834722">
        <ele>208.3</ele>
      </trkpt>
      <trkpt lat="45.2227604" lon="-72.5822677">
        <ele>214.27</ele>
      </trkpt>
      <trkpt lat="45.2227203" lon="-72.5810633">
        <ele>218.22</ele>
      </trkpt>
      <trkpt lat="45.2226802" lon="-72.5798589">
        <ele>222.07</ele>
      </trkpt>
      <trkpt lat="45.2226401" lon="-72.5786544">
        <ele>227.35</ele>
      </trkpt>
      <trkpt lat="45.2226" lon="-72.57745">
        <ele>233.13</ele>
      </trkpt>
      <trkpt lat="45.222595" lon="-72.57667">
        <ele>238.53</ele>
      </trkpt>
      <trkpt lat="45.22259" lon="-72.57589">
        <ele>244.3</ele>
      </trkpt>
      <trkpt lat="45.2226038" lon="-72.5747713">
        <ele>253.25</ele>
      </trkpt>
      <trkpt lat="45.2226176" lon="-72.5736525">
        <ele>259.45</ele>
      </trkpt>
      <trkpt lat="45.2226313" lon="-72.5725338">
        <ele>266.7</ele>
      </trkpt>
      <trkpt lat="45.2226451" lon="-72.571415">
        <ele>273.57</ele>
      </trkpt>
      <trkpt lat="45.2226588" lon="-72.5702963">
        <ele>279.09</ele>
      </trkpt>
      <trkpt lat="45.2226726" lon="-72.5691775">
        <ele>282.8</ele>
      </trkpt>
      <trkpt lat="45.2226863" lon="-72.5680588">
        <ele>286.02</ele>
      </trkpt>
      <trkpt lat="45.2227" lon="-72.56694">
        <ele>286.19</ele>
      </trkpt>
      <trkpt lat="45.2227234" lon="-72.565775">
        <ele>282.01</ele>
      </trkpt>
      <trkpt lat="45.2227467" lon="-72.56461">
        <ele>273.28</ele>
      </trkpt>
      <trkpt lat="45.2227701" lon="-72.563445">
        <ele>267.01</ele>
      </trkpt>
      <trkpt lat="45.2227934" lon="-72.56228">
        <ele>263.21</ele>
      </trkpt>
      <trkpt lat="45.2228167" lon="-72.561115">
        <ele>257.92</ele>
      </trkpt>
      <trkpt lat="45.22284" lon="-72.55995">
        <ele>255.2</ele>
      </trkpt>
      <trkpt lat="45.22283" lon="-72.559055">
        <ele>257.27</ele>
      </trkpt>
      <trkpt lat="45.22282" lon="-72.55816">
        <ele>263.99</ele>
      </trkpt>
      <trkpt lat="45.22287" lon="-72.55762">
        <ele>266.83</ele>
      </trkpt>
      <trkpt lat="45.22288" lon="-72.55695">
        <ele>268.79</ele>
      </trkpt>
      <trkpt lat="45.222864" lon="-72.555912">
        <ele>271.59</ele>
      </trkpt>
      <trkpt lat="45.222848" lon="-72.554874">
        <ele>275.49</ele>
      </trkpt>
      <trkpt lat="45.222832" lon="-72.553836">
        <ele>277</ele>
      </trkpt>
      <trkpt lat="45.222816" lon="-72.552798">
        <ele>275.74</ele>
      </trkpt>
      <trkpt lat="45.2228" lon="-72.55176">
        <ele>272.65</ele>
      </trkpt>
      <trkpt lat="45.222755" lon="-72.551115">
        <ele>268.19</ele>
      </trkpt>
      <trkpt lat="45.22271" lon="-72.55047">
        <ele>262.61</ele>
      </trkpt>
      <trkpt lat="45.2226967" lon="-72.54936">
        <ele>257.96</ele>
      </trkpt>
      <trkpt lat="45.2226833" lon="-72.54825">
        <ele>254.92</ele>
      </trkpt>
      <trkpt lat="45.22267" lon="-72.54714">
        <ele>252.94</ele>
      </trkpt>
      <trkpt lat="45.222635" lon="-72.545895">
        <ele>256.28</ele>
      </trkpt>
      <trkpt lat="45.2226" lon="-72.54465">
        <ele>255.28</ele>
      </trkpt>
      <trkpt lat="45.22258" lon="-72.54459">
        <ele>254.03</ele>
      </trkpt>
      <trkpt lat="45.22242" lon="-72.54426">
        <ele>252.62</ele>
      </trkpt>
      <trkpt lat="45.22198" lon="-72.54353">
        <ele>247.85</ele>
      </trkpt>
      <trkpt lat="45.22154" lon="-72.5428">
        <ele>244.04</ele>
      </trkpt>
      <trkpt lat="45.22139" lon="-72.5424">
        <ele>241.43</ele>
      </trkpt>
      <trkpt lat="45.22136" lon="-72.54209">
        <ele>239.86</ele>
      </trkpt>
      <trkpt lat="45.22141" lon="-72.54174">
        <ele>237.51</ele>
      </trkpt>
      <trkpt lat="45.22148" lon="-72.54159">
        <ele>235.02</ele>
      </trkpt>
      <trkpt lat="45.22159" lon="-72.54145">
        <ele>235.02</ele>
      </trkpt>
      <trkpt lat="45.22193" lon="-72.5411">
        <ele>229.09</ele>
      </trkpt>
      <trkpt lat="45.22203" lon="-72.54096">
        <ele>229.09</ele>
      </trkpt>
      <trkpt lat="45.22232" lon="-72.54042">
        <ele>224.63</ele>
      </trkpt>
      <trkpt lat="45.22248" lon="-72.54007">
        <ele>220.84</ele>
      </trkpt>
      <trkpt lat="45.22259" lon="-72.53977">
        <ele>219.04</ele>
      </trkpt>
      <trkpt lat="45.22263" lon="-72.53954">
        <ele>216.57</ele>
      </trkpt>
      <trkpt lat="45.22246" lon="-72.53855">
        <ele>212.51</ele>
      </trkpt>
      <trkpt lat="45.22242" lon="-72.5376867">
        <ele>211.18</ele>
      </trkpt>
      <trkpt lat="45.22238" lon="-72.5368233">
        <ele>205.74</ele>
      </trkpt>
      <trkpt lat="45.22234" lon="-72.53596">
        <ele>199.89</ele>
      </trkpt>
      <trkpt lat="45.222325" lon="-72.53497">
        <ele>199.69</ele>
      </trkpt>
      <trkpt lat="45.22231" lon="-72.53398">
        <ele>201.23</ele>
      </trkpt>
      <trkpt lat="45.22234" lon="-72.53296">
        <ele>202.18</ele>
      </trkpt>
    </trkseg>
  </trk>
</gpx>