<?xml version='1.0' encoding='utf-8'?>
<gpx xmlns="http://www.topografix.com/GPX/1/1" xmlns:xsi="http://www.w3.org/2001/XMLSchema-instance" version="1.1" creator="Gravelle Estrie" xsi:schemaLocation="http://www.topografix.com/GPX/1/1 http://www.topografix.com/GPX/1/1/gpx.xsd">
  <metadata>
    <name>It Won't Be Long</name>
  </metadata>
  <trk>
    <name>It Won't Be Long</name>
    <trkseg>
      <trkpt lat="45.22233" lon="-72.53249">
        <ele>202.33</ele>
      </trkpt>
      <trkpt lat="45.22235" lon="-72.533">
        <ele>202.21</ele>
      </trkpt>
      <trkpt lat="45.22231" lon="-72.53398">
        <ele>200.92</ele>
      </trkpt>
      <trkpt lat="45.222325" lon="-72.53497">
        <ele>199.82</ele>
      </trkpt>
      <trkpt lat="45.22234" lon="-72.53596">
        <ele>200.18</ele>
      </trkpt>
      <trkpt lat="45.2223833" lon="-72.5369133">
        <ele>204.64</ele>
      </trkpt>
      <trkpt lat="45.2224267" lon="-72.5378667">
        <ele>211.77</ele>
      </trkpt>
      <trkpt lat="45.22247" lon="-72.53882">
        <ele>213.64</ele>
      </trkpt>
      <trkpt lat="45.22263" lon="-72.53954">
        <ele>219.56</ele>
      </trkpt>
      <trkpt lat="45.22259" lon="-72.53977">
        <ele>220.5</ele>
      </trkpt>
      <trkpt lat="45.22248" lon="-72.54007">
        <ele>223.52</ele>
      </trkpt>
      <trkpt lat="45.22232" lon="-72.54042">
        <ele>226.31</ele>
      </trkpt>
      <trkpt lat="45.22203" lon="-72.54096">
        <ele>230.13</ele>
      </trkpt>
      <trkpt lat="45.22193" lon="-72.5411">
        <ele>231.22</ele>
      </trkpt>
      <trkpt lat="45.22159" lon="-72.54145">
        <ele>235.59</ele>
      </trkpt>
      <trkpt lat="45.22148" lon="-72.54159">
        <ele>235.59</ele>
      </trkpt>
      <trkpt lat="45.22141" lon="-72.54174">
        <ele>238.47</ele>
      </trkpt>
      <trkpt lat="45.22136" lon="-72.54209">
        <ele>241.13</ele>
      </trkpt>
      <trkpt lat="45.22139" lon="-72.5424">
        <ele>242.66</ele>
      </trkpt>
      <trkpt lat="45.22154" lon="-72.5428">
        <ele>244.96</ele>
      </trkpt>
      <trkpt lat="45.22198" lon="-72.54353">
        <ele>248.12</ele>
      </trkpt>
      <trkpt lat="45.22242" lon="-72.54426">
        <ele>252.23</ele>
      </trkpt>
      <trkpt lat="45.22258" lon="-72.54459">
        <ele>254.86</ele>
      </trkpt>
      <trkpt lat="45.2226" lon="-72.54465">
        <ele>254.86</ele>
      </trkpt>
      <trkpt lat="45.2226233" lon="-72.54552">
        <ele>256.61</ele>
      </trkpt>
      <trkpt lat="45.2226467" lon="-72.54639">
        <ele>253.64</ele>
      </trkpt>
      <trkpt lat="45.22267" lon="-72.54726">
        <ele>252.82</ele>
      </trkpt>
      <trkpt lat="45.22267" lon="-72.54726">
        <ele>252.82</ele>
      </trkpt>
      <trkpt lat="45.2226833" lon="-72.54833">
        <ele>254.85</ele>
      </trkpt>
      <trkpt lat="45.2226967" lon="-72.5494">
        <ele>257.93</ele>
      </trkpt>
      <trkpt lat="45.22271" lon="-72.55047">
        <ele>264.06</ele>
      </trkpt>
      <trkpt lat="45.222755" lon="-72.551115">
        <ele>267.14</ele>
      </trkpt>
      <trkpt lat="45.2228" lon="-72.55176">
        <ele>273.41</ele>
      </trkpt>
      <trkpt lat="45.2233" lon="-72.55188">
        <ele>276.21</ele>
      </trkpt>
      <trkpt lat="45.22355" lon="-72.55189">
        <ele>276.78</ele>
      </trkpt>
      <trkpt lat="45.224035" lon="-72.55187">
        <ele>278.33</ele>
      </trkpt>
      <trkpt lat="45.22452" lon="-72.55185">
        <ele>278.12</ele>
      </trkpt>
      <trkpt lat="45.22471" lon="-72.55184">
        <ele>277.65</ele>
      </trkpt>
      <trkpt lat="45.2255033" lon="-72.5515867">
        <ele>275.23</ele>
      </trkpt>
      <trkpt lat="45.2262967" lon="-72.5513333">
        <ele>275.54</ele>
      </trkpt>
      <trkpt lat="45.22709" lon="-72.55108">
        <ele>274.82</ele>
      </trkpt>
      <trkpt lat="45.22784" lon="-72.55083">
        <ele>273.45</ele>
      </trkpt>
      <trkpt lat="45.22783" lon="-72.55083">
        <ele>273.45</ele>
      </trkpt>
      <trkpt lat="45.2285225" lon="-72.550595">
        <ele>274.97</ele>
      </trkpt>
      <trkpt lat="45.229215" lon="-72.55036">
        <ele>278.16</ele>
      </trkpt>
      <trkpt lat="45.2299075" lon="-72.550125">
        <ele>281.45</ele>
      </trkpt>
      <trkpt lat="45.2306" lon="-72.54989">
        <ele>285.06</ele>
      </trkpt>
      <trkpt lat="45.23135" lon="-72.54971">
        <ele>287.31</ele>
      </trkpt>
      <trkpt lat="45.23181" lon="-72.54965">
        <ele>287.35</ele>
      </trkpt>
      <trkpt lat="45.232655" lon="-72.549765">
        <ele>284.72</ele>
      </trkpt>
      <trkpt lat="45.2335" lon="-72.54988">
        <ele>280.52</ele>
      </trkpt>
      <trkpt lat="45.234375" lon="-72.54999">
        <ele>273.65</ele>
      </trkpt>
      <trkpt lat="45.23525" lon="-72.5501">
        <ele>268.32</ele>
      </trkpt>
      <trkpt lat="45.23525" lon="-72.55081">
        <ele>267.97</ele>
      </trkpt>
      <trkpt lat="45.23522" lon="-72.55091">
        <ele>268.35</ele>
      </trkpt>
      <trkpt lat="45.23513" lon="-72.55108">
        <ele>268.86</ele>
      </trkpt>
      <trkpt lat="45.23495" lon="-72.55131">
        <ele>270.24</ele>
      </trkpt>
      <trkpt lat="45.23492" lon="-72.5514">
        <ele>271.42</ele>
      </trkpt>
      <trkpt lat="45.23492" lon="-72.55221">
        <ele>274.23</ele>
      </trkpt>
      <trkpt lat="45.23492" lon="-72.55302">
        <ele>277.02</ele>
      </trkpt>
      <trkpt lat="45.23492" lon="-72.55302">
        <ele>277.08</ele>
      </trkpt>
      <trkpt lat="45.23493" lon="-72.55359">
        <ele>279.84</ele>
      </trkpt>
      <trkpt lat="45.235" lon="-72.55399">
        <ele>281.44</ele>
      </trkpt>
      <trkpt lat="45.23514" lon="-72.55427">
        <ele>281.16</ele>
      </trkpt>
      <trkpt lat="45.23529" lon="-72.5545">
        <ele>279.83</ele>
      </trkpt>
      <trkpt lat="45.23544" lon="-72.55458">
        <ele>278.58</ele>
      </trkpt>
      <trkpt lat="45.23555" lon="-72.55462">
        <ele>277.53</ele>
      </trkpt>
      <trkpt lat="45.23579" lon="-72.55462">
        <ele>274.52</ele>
      </trkpt>
      <trkpt lat="45.236" lon="-72.55459">
        <ele>270.67</ele>
      </trkpt>
      <trkpt lat="45.23617" lon="-72.55453">
        <ele>268.4</ele>
      </trkpt>
      <trkpt lat="45.23639" lon="-72.55441">
        <ele>265.87</ele>
      </trkpt>
      <trkpt lat="45.2369" lon="-72.554005">
        <ele>262.02</ele>
      </trkpt>
      <trkpt lat="45.23741" lon="-72.5536">
        <ele>256.79</ele>
      </trkpt>
      <trkpt lat="45.23757" lon="-72.55355">
        <ele>255.59</ele>
      </trkpt>
      <trkpt lat="45.23756" lon="-72.55355">
        <ele>255.54</ele>
      </trkpt>
      <trkpt lat="45.23827" lon="-72.55351">
        <ele>250.55</ele>
      </trkpt>
      <trkpt lat="45.2387" lon="-72.55353">
        <ele>249.12</ele>
      </trkpt>
      <trkpt lat="45.2394525" lon="-72.5535725">
        <ele>243.8</ele>
      </trkpt>
      <trkpt lat="45.240205" lon="-72.553615">
        <ele>240.03</ele>
      </trkpt>
      <trkpt lat="45.2409575" lon="-72.5536575">
        <ele>230.69</ele>
      </trkpt>
      <trkpt lat="45.24171" lon="-72.5537">
        <ele>225.36</ele>
      </trkpt>
      <trkpt lat="45.24226" lon="-72.55375">
        <ele>219.71</ele>
      </trkpt>
      <trkpt lat="45.24298" lon="-72.55378">
        <ele>214.65</ele>
      </trkpt>
      <trkpt lat="45.24298" lon="-72.55378">
        <ele>214.71</ele>
      </trkpt>
      <trkpt lat="45.24335" lon="-72.55381">
        <ele>211.91</ele>
      </trkpt>
      <trkpt lat="45.2441" lon="-72.55391">
        <ele>206.51</ele>
      </trkpt>
      <trkpt lat="45.2440688" lon="-72.5551707">
        <ele>207.3</ele>
      </trkpt>
      <trkpt lat="45.2440375" lon="-72.5564314">
        <ele>208.98</ele>
      </trkpt>
      <trkpt lat="45.2440062" lon="-72.557692">
        <ele>210.59</ele>
      </trkpt>
      <trkpt lat="45.243975" lon="-72.5589527">
        <ele>209.55</ele>
      </trkpt>
      <trkpt lat="45.2439437" lon="-72.5602134">
        <ele>209.54</ele>
      </trkpt>
      <trkpt lat="45.2439124" lon="-72.561474">
        <ele>210.29</ele>
      </trkpt>
      <trkpt lat="45.2438811" lon="-72.5627347">
        <ele>211.1</ele>
      </trkpt>
      <trkpt lat="45.2438497" lon="-72.5639954">
        <ele>211.82</ele>
      </trkpt>
      <trkpt lat="45.2438184" lon="-72.565256">
        <ele>212.36</ele>
      </trkpt>
      <trkpt lat="45.243787" lon="-72.5665167">
        <ele>212.89</ele>
      </trkpt>
      <trkpt lat="45.2437556" lon="-72.5677774">
        <ele>214.36</ele>
      </trkpt>
      <trkpt lat="45.2437242" lon="-72.569038">
        <ele>217.38</ele>
      </trkpt>
      <trkpt lat="45.2436928" lon="-72.5702987">
        <ele>220.95</ele>
      </trkpt>
      <trkpt lat="45.2436614" lon="-72.5715593">
        <ele>224.43</ele>
      </trkpt>
      <trkpt lat="45.24363" lon="-72.57282">
        <ele>229.07</ele>
      </trkpt>
      <trkpt lat="45.24363" lon="-72.57283">
        <ele>229.07</ele>
      </trkpt>
      <trkpt lat="45.2436067" lon="-72.5738067">
        <ele>231.29</ele>
      </trkpt>
      <trkpt lat="45.2435833" lon="-72.5747833">
        <ele>233.12</ele>
      </trkpt>
      <trkpt lat="45.24356" lon="-72.57576">
        <ele>233.95</ele>
      </trkpt>
      <trkpt lat="45.243565" lon="-72.576425">
        <ele>233.7</ele>
      </trkpt>
      <trkpt lat="45.24357" lon="-72.57709">
        <ele>233.45</ele>
      </trkpt>
      <trkpt lat="45.243634" lon="-72.578246">
        <ele>233.16</ele>
      </trkpt>
      <trkpt lat="45.243698" lon="-72.579402">
        <ele>232.7</ele>
      </trkpt>
      <trkpt lat="45.243762" lon="-72.580558">
        <ele>231.77</ele>
      </trkpt>
      <trkpt lat="45.243826" lon="-72.581714">
        <ele>231.78</ele>
      </trkpt>
      <trkpt lat="45.24389" lon="-72.58287">
        <ele>231.19</ele>
      </trkpt>
      <trkpt lat="45.2439486" lon="-72.5840871">
        <ele>231.21</ele>
      </trkpt>
      <trkpt lat="45.2440072" lon="-72.5853043">
        <ele>231.68</ele>
      </trkpt>
      <trkpt lat="45.2440658" lon="-72.5865214">
        <ele>231.98</ele>
      </trkpt>
      <trkpt lat="45.2441244" lon="-72.5877386">
        <ele>232.88</ele>
      </trkpt>
      <trkpt lat="45.2441829" lon="-72.5889557">
        <ele>234.6</ele>
      </trkpt>
      <trkpt lat="45.2442415" lon="-72.5901728">
        <ele>238.75</ele>
      </trkpt>
      <trkpt lat="45.2443" lon="-72.59139">
        <ele>242.73</ele>
      </trkpt>
      <trkpt lat="45.24368" lon="-72.59169">
        <ele>241.98</ele>
      </trkpt>
      <trkpt lat="45.24342" lon="-72.59188">
        <ele>241.82</ele>
      </trkpt>
      <trkpt lat="45.24296" lon="-72.59228">
        <ele>241.28</ele>
      </trkpt>
      <trkpt lat="45.24233" lon="-72.59272">
        <ele>240.32</ele>
      </trkpt>
      <trkpt lat="45.24203" lon="-72.59303">
        <ele>239.8</ele>
      </trkpt>
      <trkpt lat="45.24186" lon="-72.59326">
        <ele>239.54</ele>
      </trkpt>
      <trkpt lat="45.24163" lon="-72.59362">
        <ele>239.5</ele>
      </trkpt>
      <trkpt lat="45.24155" lon="-72.59384">
        <ele>239.73</ele>
      </trkpt>
      <trkpt lat="45.24145" lon="-72.59422">
        <ele>240.03</ele>
      </trkpt>
      <trkpt lat="45.24145" lon="-72.59423">
        <ele>240.03</ele>
      </trkpt>
      <trkpt lat="45.241165" lon="-72.595395">
        <ele>242.58</ele>
      </trkpt>
      <trkpt lat="45.24088" lon="-72.59656">
        <ele>243.15</ele>
      </trkpt>
      <trkpt lat="45.24084" lon="-72.59756">
        <ele>242.46</ele>
      </trkpt>
      <trkpt lat="45.24087" lon="-72.59787">
        <ele>243.03</ele>
      </trkpt>
      <trkpt lat="45.24092" lon="-72.59801">
        <ele>243.38</ele>
      </trkpt>
      <trkpt lat="45.241245" lon="-72.59875">
        <ele>245.93</ele>
      </trkpt>
      <trkpt lat="45.24157" lon="-72.59949">
        <ele>248.49</ele>
      </trkpt>
      <trkpt lat="45.24193" lon="-72.60028">
        <ele>251.07</ele>
      </trkpt>
      <trkpt lat="45.24201" lon="-72.60051">
        <ele>251.96</ele>
      </trkpt>
      <trkpt lat="45.24207" lon="-72.60091">
        <ele>252.13</ele>
      </trkpt>
      <trkpt lat="45.2421067" lon="-72.60199">
        <ele>253.95</ele>
      </trkpt>
      <trkpt lat="45.2421433" lon="-72.60307">
        <ele>256.32</ele>
      </trkpt>
      <trkpt lat="45.24218" lon="-72.60415">
        <ele>260.35</ele>
      </trkpt>
      <trkpt lat="45.24221" lon="-72.6054">
        <ele>260.43</ele>
      </trkpt>
      <trkpt lat="45.24224" lon="-72.60665">
        <ele>262.29</ele>
      </trkpt>
      <trkpt lat="45.24227" lon="-72.6079">
        <ele>268.19</ele>
      </trkpt>
      <trkpt lat="45.24226" lon="-72.60825">
        <ele>269.12</ele>
      </trkpt>
      <trkpt lat="45.2422" lon="-72.60855">
        <ele>269.86</ele>
      </trkpt>
      <trkpt lat="45.24192" lon="-72.60915">
        <ele>270.17</ele>
      </trkpt>
      <trkpt lat="45.2418" lon="-72.60947">
        <ele>270.04</ele>
      </trkpt>
      <trkpt lat="45.24166" lon="-72.61021">
        <ele>270.35</ele>
      </trkpt>
      <trkpt lat="45.24166" lon="-72.61022">
        <ele>270.37</ele>
      </trkpt>
      <trkpt lat="45.24165" lon="-72.61032">
        <ele>270.44</ele>
      </trkpt>
      <trkpt lat="45.24176" lon="-72.61112">
        <ele>271.59</ele>
      </trkpt>
      <trkpt lat="45.24178" lon="-72.6117">
        <ele>270.76</ele>
      </trkpt>
      <trkpt lat="45.24195" lon="-72.61229">
        <ele>269.51</ele>
      </trkpt>
      <trkpt lat="45.24217" lon="-72.61278">
        <ele>267.27</ele>
      </trkpt>
      <trkpt lat="45.24231" lon="-72.61318">
        <ele>266.02</ele>
      </trkpt>
      <trkpt lat="45.24246" lon="-72.61376">
        <ele>263.14</ele>
      </trkpt>
      <trkpt lat="45.2426367" lon="-72.6149433">
        <ele>258.44</ele>
      </trkpt>
      <trkpt lat="45.2428133" lon="-72.6161267">
        <ele>254.8</ele>
      </trkpt>
      <trkpt lat="45.24299" lon="-72.61731">
        <ele>253.46</ele>
      </trkpt>
      <trkpt lat="45.24311" lon="-72.61834">
        <ele>250.04</ele>
      </trkpt>
      <trkpt lat="45.24321" lon="-72.619">
        <ele>246.84</ele>
      </trkpt>
      <trkpt lat="45.24321" lon="-72.61919">
        <ele>245.99</ele>
      </trkpt>
      <trkpt lat="45.24316" lon="-72.61973">
        <ele>245.43</ele>
      </trkpt>
      <trkpt lat="45.24308" lon="-72.62049">
        <ele>245.71</ele>
      </trkpt>
      <trkpt lat="45.24297" lon="-72.62134">
        <ele>247.45</ele>
      </trkpt>
      <trkpt lat="45.24285" lon="-72.62183">
        <ele>249.18</ele>
      </trkpt>
      <trkpt lat="45.2431" lon="-72.62214">
        <ele>248.91</ele>
      </trkpt>
      <trkpt lat="45.24339" lon="-72.62272">
        <ele>247.72</ele>
      </trkpt>
      <trkpt lat="45.24357" lon="-72.623345">
        <ele>246.44</ele>
      </trkpt>
      <trkpt lat="45.24375" lon="-72.62397">
        <ele>243.81</ele>
      </trkpt>
      <trkpt lat="45.24386" lon="-72.62415">
        <ele>243.1</ele>
      </trkpt>
      <trkpt lat="45.2443633" lon="-72.6247933">
        <ele>237.88</ele>
      </trkpt>
      <trkpt lat="45.2448667" lon="-72.6254367">
        <ele>233.86</ele>
      </trkpt>
      <trkpt lat="45.24537" lon="-72.62608">
        <ele>230.59</ele>
      </trkpt>
      <trkpt lat="45.24588" lon="-72.62679">
        <ele>231.41</ele>
      </trkpt>
      <trkpt lat="45.24641" lon="-72.62743">
        <ele>233.62</ele>
      </trkpt>
      <trkpt lat="45.24669" lon="-72.62768">
        <ele>232.96</ele>
      </trkpt>
      <trkpt lat="45.24714" lon="-72.62792">
        <ele>230.1</ele>
      </trkpt>
      <trkpt lat="45.24734" lon="-72.628">
        <ele>228.03</ele>
      </trkpt>
      <trkpt lat="45.24758" lon="-72.62801">
        <ele>226.56</ele>
      </trkpt>
      <trkpt lat="45.24795" lon="-72.628">
        <ele>224.65</ele>
      </trkpt>
      <trkpt lat="45.24791" lon="-72.62872">
        <ele>226.96</ele>
      </trkpt>
      <trkpt lat="45.24787" lon="-72.62944">
        <ele>229.8</ele>
      </trkpt>
      <trkpt lat="45.24776" lon="-72.63051">
        <ele>231.87</ele>
      </trkpt>
      <trkpt lat="45.247645" lon="-72.631135">
        <ele>233.07</ele>
      </trkpt>
      <trkpt lat="45.24753" lon="-72.63176">
        <ele>235.21</ele>
      </trkpt>
      <trkpt lat="45.24717" lon="-72.63274">
        <ele>236.58</ele>
      </trkpt>
      <trkpt lat="45.24694" lon="-72.63361">
        <ele>236.85</ele>
      </trkpt>
      <trkpt lat="45.24678" lon="-72.6345">
        <ele>233.78</ele>
      </trkpt>
      <trkpt lat="45.246615" lon="-72.63515">
        <ele>233.12</ele>
      </trkpt>
      <trkpt lat="45.24645" lon="-72.6358">
        <ele>233.9</ele>
      </trkpt>
      <trkpt lat="45.24624" lon="-72.63643">
        <ele>234.05</ele>
      </trkpt>
      <trkpt lat="45.24604" lon="-72.63741">
        <ele>231.75</ele>
      </trkpt>
      <trkpt lat="45.24591" lon="-72.63775">
        <ele>231.53</ele>
      </trkpt>
      <trkpt lat="45.24545" lon="-72.638535">
        <ele>229.92</ele>
      </trkpt>
      <trkpt lat="45.24499" lon="-72.63932">
        <ele>228.29</ele>
      </trkpt>
      <trkpt lat="45.24459" lon="-72.63995">
        <ele>228.43</ele>
      </trkpt>
      <trkpt lat="45.24442" lon="-72.64034">
        <ele>228.02</ele>
      </trkpt>
      <trkpt lat="45.24442" lon="-72.64034">
        <ele>228</ele>
      </trkpt>
      <trkpt lat="45.24418" lon="-72.64107">
        <ele>226.1</ele>
      </trkpt>
      <trkpt lat="45.24396" lon="-72.641905">
        <ele>224.18</ele>
      </trkpt>
      <trkpt lat="45.24374" lon="-72.64274">
        <ele>220.87</ele>
      </trkpt>
      <trkpt lat="45.24358" lon="-72.64363">
        <ele>219.59</ele>
      </trkpt>
      <trkpt lat="45.24327" lon="-72.6447">
        <ele>216.35</ele>
      </trkpt>
      <trkpt lat="45.24306" lon="-72.6456">
        <ele>211.85</ele>
      </trkpt>
      <trkpt lat="45.24305" lon="-72.64571">
        <ele>211.85</ele>
      </trkpt>
      <trkpt lat="45.2429" lon="-72.64636">
        <ele>209.5</ele>
      </trkpt>
      <trkpt lat="45.24264" lon="-72.6473">
        <ele>205.87</ele>
      </trkpt>
      <trkpt lat="45.24233" lon="-72.64833">
        <ele>202.83</ele>
      </trkpt>
      <trkpt lat="45.24201" lon="-72.6495">
        <ele>198.71</ele>
      </trkpt>
      <trkpt lat="45.24167" lon="-72.65039">
        <ele>194.8</ele>
      </trkpt>
      <trkpt lat="45.24123" lon="-72.65111">
        <ele>193.55</ele>
      </trkpt>
      <trkpt lat="45.2409" lon="-72.65177">
        <ele>195.97</ele>
      </trkpt>
      <trkpt lat="45.24047" lon="-72.65232">
        <ele>195.42</ele>
      </trkpt>
      <trkpt lat="45.24012" lon="-72.65285">
        <ele>194.18</ele>
      </trkpt>
      <trkpt lat="45.23998" lon="-72.65312">
        <ele>194.21</ele>
      </trkpt>
      <trkpt lat="45.23973" lon="-72.6537">
        <ele>193.88</ele>
      </trkpt>
      <trkpt lat="45.23941" lon="-72.6546">
        <ele>190.84</ele>
      </trkpt>
      <trkpt lat="45.23898" lon="-72.655565">
        <ele>186.94</ele>
      </trkpt>
      <trkpt lat="45.23855" lon="-72.65653">
        <ele>184.02</ele>
      </trkpt>
      <trkpt lat="45.2381" lon="-72.65745">
        <ele>184.12</ele>
      </trkpt>
      <trkpt lat="45.237695" lon="-72.658395">
        <ele>185.32</ele>
      </trkpt>
      <trkpt lat="45.23729" lon="-72.65934">
        <ele>187.61</ele>
      </trkpt>
      <trkpt lat="45.23682" lon="-72.6603">
        <ele>190.23</ele>
      </trkpt>
      <trkpt lat="45.23682" lon="-72.66031">
        <ele>190.21</ele>
      </trkpt>
      <trkpt lat="45.23656" lon="-72.66086">
        <ele>188.48</ele>
      </trkpt>
      <trkpt lat="45.23617" lon="-72.66159">
        <ele>184.69</ele>
      </trkpt>
      <trkpt lat="45.235715" lon="-72.66253">
        <ele>182.3</ele>
      </trkpt>
      <trkpt lat="45.23526" lon="-72.66347">
        <ele>181.75</ele>
      </trkpt>
      <trkpt lat="45.23513" lon="-72.66379">
        <ele>182.38</ele>
      </trkpt>
      <trkpt lat="45.23503" lon="-72.66383">
        <ele>182.7</ele>
      </trkpt>
      <trkpt lat="45.23472" lon="-72.66431">
        <ele>182.12</ele>
      </trkpt>
      <trkpt lat="45.23431" lon="-72.66511">
        <ele>183.16</ele>
      </trkpt>
      <trkpt lat="45.23426" lon="-72.66529">
        <ele>183.76</ele>
      </trkpt>
      <trkpt lat="45.23407" lon="-72.66571">
        <ele>185.76</ele>
      </trkpt>
      <trkpt lat="45.2339" lon="-72.66624">
        <ele>187.71</ele>
      </trkpt>
      <trkpt lat="45.2335" lon="-72.66686">
        <ele>192.85</ele>
      </trkpt>
      <trkpt lat="45.23318" lon="-72.66718">
        <ele>194.75</ele>
      </trkpt>
      <trkpt lat="45.23313" lon="-72.66727">
        <ele>195.37</ele>
      </trkpt>
      <trkpt lat="45.23307" lon="-72.66753">
        <ele>197.52</ele>
      </trkpt>
      <trkpt lat="45.23296" lon="-72.66776">
        <ele>199.16</ele>
      </trkpt>
      <trkpt lat="45.23269" lon="-72.66807">
        <ele>205.48</ele>
      </trkpt>
      <trkpt lat="45.23249" lon="-72.6682">
        <ele>207.12</ele>
      </trkpt>
      <trkpt lat="45.23226" lon="-72.66825">
        <ele>209.91</ele>
      </trkpt>
      <trkpt lat="45.23184" lon="-72.66826">
        <ele>210.97</ele>
      </trkpt>
      <trkpt lat="45.23156" lon="-72.6683">
        <ele>206.9</ele>
      </trkpt>
      <trkpt lat="45.23102" lon="-72.66852">
        <ele>200.7</ele>
      </trkpt>
      <trkpt lat="45.23087" lon="-72.66854">
        <ele>199.86</ele>
      </trkpt>
      <trkpt lat="45.23063" lon="-72.66759">
        <ele>199.89</ele>
      </trkpt>
      <trkpt lat="45.23058" lon="-72.6673">
        <ele>201.41</ele>
      </trkpt>
      <trkpt lat="45.23052" lon="-72.66641">
        <ele>203.08</ele>
      </trkpt>
      <trkpt lat="45.23053" lon="-72.66579">
        <ele>204.58</ele>
      </trkpt>
      <trkpt lat="45.23042" lon="-72.66476">
        <ele>210.46</ele>
      </trkpt>
      <trkpt lat="45.230315" lon="-72.66397">
        <ele>215.2</ele>
      </trkpt>
      <trkpt lat="45.23021" lon="-72.66318">
        <ele>218.8</ele>
      </trkpt>
      <trkpt lat="45.23013" lon="-72.66296">
        <ele>220.47</ele>
      </trkpt>
      <trkpt lat="45.23006" lon="-72.66288">
        <ele>220.93</ele>
      </trkpt>
      <trkpt lat="45.22986" lon="-72.66279">
        <ele>225</ele>
      </trkpt>
      <trkpt lat="45.22966" lon="-72.66266">
        <ele>225.96</ele>
      </trkpt>
      <trkpt lat="45.22943" lon="-72.66247">
        <ele>227.92</ele>
      </trkpt>
      <trkpt lat="45.22936" lon="-72.66238">
        <ele>227.95</ele>
      </trkpt>
      <trkpt lat="45.2293" lon="-72.66226">
        <ele>227.79</ele>
      </trkpt>
      <trkpt lat="45.22917" lon="-72.66113">
        <ele>225.45</ele>
      </trkpt>
      <trkpt lat="45.22907" lon="-72.6598633">
        <ele>229.89</ele>
      </trkpt>
      <trkpt lat="45.22897" lon="-72.6585967">
        <ele>230.01</ele>
      </trkpt>
      <trkpt lat="45.22887" lon="-72.65733">
        <ele>229.6</ele>
      </trkpt>
      <trkpt lat="45.22888" lon="-72.6567">
        <ele>224.68</ele>
      </trkpt>
      <trkpt lat="45.22885" lon="-72.656005">
        <ele>220.69</ele>
      </trkpt>
      <trkpt lat="45.22882" lon="-72.65531">
        <ele>218.19</ele>
      </trkpt>
      <trkpt lat="45.22876" lon="-72.65426">
        <ele>217.09</ele>
      </trkpt>
      <trkpt lat="45.2287" lon="-72.65321">
        <ele>217.83</ele>
      </trkpt>
      <trkpt lat="45.22868" lon="-72.6521125">
        <ele>218.85</ele>
      </trkpt>
      <trkpt lat="45.22866" lon="-72.651015">
        <ele>220.82</ele>
      </trkpt>
      <trkpt lat="45.22864" lon="-72.6499175">
        <ele>223.86</ele>
      </trkpt>
      <trkpt lat="45.22862" lon="-72.64882">
        <ele>226.65</ele>
      </trkpt>
      <trkpt lat="45.22862" lon="-72.64758">
        <ele>237.35</ele>
      </trkpt>
      <trkpt lat="45.22862" lon="-72.64759">
        <ele>237.27</ele>
      </trkpt>
      <trkpt lat="45.22866" lon="-72.64713">
        <ele>239.7</ele>
      </trkpt>
      <trkpt lat="45.22882" lon="-72.646315">
        <ele>245.21</ele>
      </trkpt>
      <trkpt lat="45.22898" lon="-72.6455">
        <ele>250.58</ele>
      </trkpt>
      <trkpt lat="45.22906" lon="-72.64515">
        <ele>252.74</ele>
      </trkpt>
      <trkpt lat="45.22939" lon="-72.64403">
        <ele>264.1</ele>
      </trkpt>
      <trkpt lat="45.22954" lon="-72.643385">
        <ele>269.4</ele>
      </trkpt>
      <trkpt lat="45.22969" lon="-72.64274">
        <ele>275.64</ele>
      </trkpt>
      <trkpt lat="45.229915" lon="-72.64197">
        <ele>283.23</ele>
      </trkpt>
      <trkpt lat="45.23014" lon="-72.6412">
        <ele>290.91</ele>
      </trkpt>
      <trkpt lat="45.23032" lon="-72.64068">
        <ele>296.8</ele>
      </trkpt>
      <trkpt lat="45.23041" lon="-72.64054">
        <ele>297.74</ele>
      </trkpt>
      <trkpt lat="45.23052" lon="-72.64018">
        <ele>298.29</ele>
      </trkpt>
      <trkpt lat="45.23053" lon="-72.63973">
        <ele>297.97</ele>
      </trkpt>
      <trkpt lat="45.2305" lon="-72.638925">
        <ele>296.48</ele>
      </trkpt>
      <trkpt lat="45.23047" lon="-72.63812">
        <ele>292.14</ele>
      </trkpt>
      <trkpt lat="45.23043" lon="-72.63745">
        <ele>285.35</ele>
      </trkpt>
      <trkpt lat="45.23042" lon="-72.63619">
        <ele>283.6</ele>
      </trkpt>
      <trkpt lat="45.230395" lon="-72.635345">
        <ele>278.96</ele>
      </trkpt>
      <trkpt lat="45.23037" lon="-72.6345">
        <ele>270.36</ele>
      </trkpt>
      <trkpt lat="45.230375" lon="-72.63354">
        <ele>262.25</ele>
      </trkpt>
      <trkpt lat="45.23038" lon="-72.63258">
        <ele>255.9</ele>
      </trkpt>
      <trkpt lat="45.23036" lon="-72.63198">
        <ele>255.27</ele>
      </trkpt>
      <trkpt lat="45.23031" lon="-72.6318">
        <ele>254.63</ele>
      </trkpt>
      <trkpt lat="45.23027" lon="-72.63172">
        <ele>253.77</ele>
      </trkpt>
      <trkpt lat="45.23015" lon="-72.63167">
        <ele>251.45</ele>
      </trkpt>
      <trkpt lat="45.2293367" lon="-72.6316867">
        <ele>244.24</ele>
      </trkpt>
      <trkpt lat="45.2285233" lon="-72.6317033">
        <ele>237.23</ele>
      </trkpt>
      <trkpt lat="45.22771" lon="-72.63172">
        <ele>231.43</ele>
      </trkpt>
      <trkpt lat="45.22742" lon="-72.63176">
        <ele>230.07</ele>
      </trkpt>
      <trkpt lat="45.22683" lon="-72.631765">
        <ele>225.77</ele>
      </trkpt>
      <trkpt lat="45.22624" lon="-72.63177">
        <ele>223.91</ele>
      </trkpt>
      <trkpt lat="45.22623" lon="-72.63177">
        <ele>223.93</ele>
      </trkpt>
      <trkpt lat="45.22549" lon="-72.63177">
        <ele>222.3</ele>
      </trkpt>
      <trkpt lat="45.22475" lon="-72.63177">
        <ele>221.41</ele>
      </trkpt>
      <trkpt lat="45.22477" lon="-72.632415">
        <ele>222.84</ele>
      </trkpt>
      <trkpt lat="45.22479" lon="-72.63306">
        <ele>223.35</ele>
      </trkpt>
      <trkpt lat="45.224855" lon="-72.63427">
        <ele>224.15</ele>
      </trkpt>
      <trkpt lat="45.22492" lon="-72.63548">
        <ele>225.52</ele>
      </trkpt>
      <trkpt lat="45.22495" lon="-72.636235">
        <ele>225.93</ele>
      </trkpt>
      <trkpt lat="45.22498" lon="-72.63699">
        <ele>226.72</ele>
      </trkpt>
      <trkpt lat="45.22499" lon="-72.63767">
        <ele>228.41</ele>
      </trkpt>
      <trkpt lat="45.22497" lon="-72.63781">
        <ele>228.41</ele>
      </trkpt>
      <trkpt lat="45.22488" lon="-72.63812">
        <ele>229.1</ele>
      </trkpt>
      <trkpt lat="45.2248" lon="-72.63825">
        <ele>229.16</ele>
      </trkpt>
      <trkpt lat="45.22433" lon="-72.638885">
        <ele>228.24</ele>
      </trkpt>
      <trkpt lat="45.22386" lon="-72.63952">
        <ele>229.49</ele>
      </trkpt>
      <trkpt lat="45.22344" lon="-72.64017">
        <ele>228.12</ele>
      </trkpt>
      <trkpt lat="45.22344" lon="-72.64018">
        <ele>228.09</ele>
      </trkpt>
      <trkpt lat="45.22329" lon="-72.64041">
        <ele>226.91</ele>
      </trkpt>
      <trkpt lat="45.22315" lon="-72.64071">
        <ele>225.19</ele>
      </trkpt>
      <trkpt lat="45.22293" lon="-72.6413">
        <ele>221.07</ele>
      </trkpt>
      <trkpt lat="45.2228" lon="-72.6418">
        <ele>217.1</ele>
      </trkpt>
      <trkpt lat="45.22267" lon="-72.64242">
        <ele>215.04</ele>
      </trkpt>
      <trkpt lat="45.22248" lon="-72.64347">
        <ele>214.62</ele>
      </trkpt>
      <trkpt lat="45.22245" lon="-72.64385">
        <ele>216.51</ele>
      </trkpt>
      <trkpt lat="45.22244" lon="-72.64475">
        <ele>220.07</ele>
      </trkpt>
      <trkpt lat="45.22223" lon="-72.64577">
        <ele>218.84</ele>
      </trkpt>
      <trkpt lat="45.22221" lon="-72.64663">
        <ele>216.33</ele>
      </trkpt>
      <trkpt lat="45.22225" lon="-72.64731">
        <ele>212.08</ele>
      </trkpt>
      <trkpt lat="45.22224" lon="-72.64823">
        <ele>210.87</ele>
      </trkpt>
      <trkpt lat="45.22227" lon="-72.64895">
        <ele>210.98</ele>
      </trkpt>
      <trkpt lat="45.22241" lon="-72.64958">
        <ele>210.99</ele>
      </trkpt>
      <trkpt lat="45.22253" lon="-72.6503">
        <ele>212.76</ele>
      </trkpt>
      <trkpt lat="45.22258" lon="-72.65105">
        <ele>213.09</ele>
      </trkpt>
      <trkpt lat="45.22257" lon="-72.65128">
        <ele>211.7</ele>
      </trkpt>
      <trkpt lat="45.22227" lon="-72.65201">
        <ele>204.94</ele>
      </trkpt>
      <trkpt lat="45.22218" lon="-72.65231">
        <ele>203.74</ele>
      </trkpt>
      <trkpt lat="45.22197" lon="-72.65334">
        <ele>200.82</ele>
      </trkpt>
      <trkpt lat="45.22187" lon="-72.65396">
        <ele>198.69</ele>
      </trkpt>
      <trkpt lat="45.22176" lon="-72.65497">
        <ele>196.05</ele>
      </trkpt>
      <trkpt lat="45.22165" lon="-72.65598">
        <ele>196.01</ele>
      </trkpt>
      <trkpt lat="45.22163" lon="-72.65634">
        <ele>195.62</ele>
      </trkpt>
      <trkpt lat="45.221625" lon="-72.65745">
        <ele>196.2</ele>
      </trkpt>
      <trkpt lat="45.22162" lon="-72.65856">
        <ele>199.92</ele>
      </trkpt>
      <trkpt lat="45.22153" lon="-72.65956">
        <ele>197.52</ele>
      </trkpt>
      <trkpt lat="45.22142" lon="-72.66033">
        <ele>193.67</ele>
      </trkpt>
      <trkpt lat="45.22136" lon="-72.66101">
        <ele>189.19</ele>
      </trkpt>
      <trkpt lat="45.2213333" lon="-72.66187">
        <ele>182.58</ele>
      </trkpt>
      <trkpt lat="45.2213067" lon="-72.66273">
        <ele>178.44</ele>
      </trkpt>
      <trkpt lat="45.22128" lon="-72.66359">
        <ele>177.88</ele>
      </trkpt>
      <trkpt lat="45.221205" lon="-72.66435">
        <ele>177.89</ele>
      </trkpt>
      <trkpt lat="45.22113" lon="-72.66511">
        <ele>175.91</ele>
      </trkpt>
      <trkpt lat="45.22112" lon="-72.66563">
        <ele>171.11</ele>
      </trkpt>
      <trkpt lat="45.22112" lon="-72.66564">
        <ele>171.11</ele>
      </trkpt>
      <trkpt lat="45.22115" lon="-72.66615">
        <ele>166.16</ele>
      </trkpt>
      <trkpt lat="45.22114" lon="-72.66659">
        <ele>163.5</ele>
      </trkpt>
      <trkpt lat="45.22107" lon="-72.667375">
        <ele>162.77</ele>
      </trkpt>
      <trkpt lat="45.221" lon="-72.66816">
        <ele>159.79</ele>
      </trkpt>
      <trkpt lat="45.22108" lon="-72.66879">
        <ele>153.71</ele>
      </trkpt>
      <trkpt lat="45.2213533" lon="-72.6696333">
        <ele>146.14</ele>
      </trkpt>
      <trkpt lat="45.2216267" lon="-72.6704767">
        <ele>141.96</ele>
      </trkpt>
      <trkpt lat="45.2219" lon="-72.67132">
        <ele>137.06</ele>
      </trkpt>
      <trkpt lat="45.2221" lon="-72.67205">
        <ele>131.53</ele>
      </trkpt>
      <trkpt lat="45.2223425" lon="-72.6731475">
        <ele>130.44</ele>
      </trkpt>
      <trkpt lat="45.222585" lon="-72.674245">
        <ele>131.43</ele>
      </trkpt>
      <trkpt lat="45.2228275" lon="-72.6753425">
        <ele>130.97</ele>
      </trkpt>
      <trkpt lat="45.22307" lon="-72.67644">
        <ele>130.15</ele>
      </trkpt>
      <trkpt lat="45.2233" lon="-72.67698">
        <ele>130.07</ele>
      </trkpt>
      <trkpt lat="45.22362" lon="-72.677655">
        <ele>129.81</ele>
      </trkpt>
      <trkpt lat="45.22394" lon="-72.67833">
        <ele>128.34</ele>
      </trkpt>
      <trkpt lat="45.22418" lon="-72.678885">
        <ele>127.14</ele>
      </trkpt>
      <trkpt lat="45.22442" lon="-72.67944">
        <ele>126.28</ele>
      </trkpt>
      <trkpt lat="45.22445" lon="-72.67958">
        <ele>125.6</ele>
      </trkpt>
      <trkpt lat="45.22478" lon="-72.6803">
        <ele>125.05</ele>
      </trkpt>
      <trkpt lat="45.22511" lon="-72.68102">
        <ele>124.76</ele>
      </trkpt>
      <trkpt lat="45.22544" lon="-72.68184">
        <ele>124.97</ele>
      </trkpt>
      <trkpt lat="45.22577" lon="-72.68266">
        <ele>126.12</ele>
      </trkpt>
      <trkpt lat="45.22601" lon="-72.68329">
        <ele>126.32</ele>
      </trkpt>
      <trkpt lat="45.22622" lon="-72.683895">
        <ele>126.87</ele>
      </trkpt>
      <trkpt lat="45.22643" lon="-72.6845">
        <ele>127.35</ele>
      </trkpt>
      <trkpt lat="45.2265" lon="-72.68482">
        <ele>127.17</ele>
      </trkpt>
      <trkpt lat="45.22653" lon="-72.6851">
        <ele>126.6</ele>
      </trkpt>
      <trkpt lat="45.2265" lon="-72.68607">
        <ele>121.75</ele>
      </trkpt>
      <trkpt lat="45.22661" lon="-72.68687">
        <ele>118.42</ele>
      </trkpt>
      <trkpt lat="45.22681" lon="-72.68774">
        <ele>117.15</ele>
      </trkpt>
      <trkpt lat="45.227" lon="-72.6886767">
        <ele>115.76</ele>
      </trkpt>
      <trkpt lat="45.22719" lon="-72.6896133">
        <ele>113.59</ele>
      </trkpt>
      <trkpt lat="45.22738" lon="-72.69055">
        <ele>111.23</ele>
      </trkpt>
      <trkpt lat="45.22769" lon="-72.69162">
        <ele>116.14</ele>
      </trkpt>
      <trkpt lat="45.22773" lon="-72.69184">
        <ele>117.13</ele>
      </trkpt>
      <trkpt lat="45.2278" lon="-72.69292">
        <ele>124.51</ele>
      </trkpt>
      <trkpt lat="45.22787" lon="-72.694">
        <ele>126.37</ele>
      </trkpt>
      <trkpt lat="45.2279467" lon="-72.6949533">
        <ele>124.86</ele>
      </trkpt>
      <trkpt lat="45.2280233" lon="-72.6959067">
        <ele>124.04</ele>
      </trkpt>
      <trkpt lat="45.2281" lon="-72.69686">
        <ele>123.05</ele>
      </trkpt>
      <trkpt lat="45.22815" lon="-72.698065">
        <ele>124.26</ele>
      </trkpt>
      <trkpt lat="45.2282" lon="-72.69927">
        <ele>125.38</ele>
      </trkpt>
      <trkpt lat="45.22822" lon="-72.69964">
        <ele>126.4</ele>
      </trkpt>
      <trkpt lat="45.22822" lon="-72.69964">
        <ele>126.41</ele>
      </trkpt>
      <trkpt lat="45.22831" lon="-72.70081">
        <ele>129.44</ele>
      </trkpt>
      <trkpt lat="45.2284" lon="-72.70175">
        <ele>132.11</ele>
      </trkpt>
      <trkpt lat="45.22849" lon="-72.70218">
        <ele>135.21</ele>
      </trkpt>
      <trkpt lat="45.22856" lon="-72.70232">
        <ele>136.38</ele>
      </trkpt>
      <trkpt lat="45.22874" lon="-72.70263">
        <ele>136.54</ele>
      </trkpt>
      <trkpt lat="45.22881" lon="-72.7029">
        <ele>135.27</ele>
      </trkpt>
      <trkpt lat="45.22886" lon="-72.7038067">
        <ele>129.69</ele>
      </trkpt>
      <trkpt lat="45.22891" lon="-72.7047133">
        <ele>125.62</ele>
      </trkpt>
      <trkpt lat="45.22896" lon="-72.70562">
        <ele>124.86</ele>
      </trkpt>
      <trkpt lat="45.22905" lon="-72.70587">
        <ele>125.23</ele>
      </trkpt>
      <trkpt lat="45.22925" lon="-72.70622">
        <ele>126.21</ele>
      </trkpt>
      <trkpt lat="45.22968" lon="-72.70711">
        <ele>128.86</ele>
      </trkpt>
      <trkpt lat="45.23002" lon="-72.70787">
        <ele>129.27</ele>
      </trkpt>
      <trkpt lat="45.23035" lon="-72.70877">
        <ele>127.31</ele>
      </trkpt>
      <trkpt lat="45.23039" lon="-72.70897">
        <ele>127.22</ele>
      </trkpt>
      <trkpt lat="45.2310375" lon="-72.7086975">
        <ele>130.84</ele>
      </trkpt>
      <trkpt lat="45.231685" lon="-72.708425">
        <ele>136.26</ele>
      </trkpt>
      <trkpt lat="45.2323325" lon="-72.7081525">
        <ele>140.07</ele>
      </trkpt>
      <trkpt lat="45.23298" lon="-72.70788">
        <ele>143.05</ele>
      </trkpt>
      <trkpt lat="45.23377" lon="-72.7076">
        <ele>145.77</ele>
      </trkpt>
      <trkpt lat="45.23428" lon="-72.70746">
        <ele>146.5</ele>
      </trkpt>
      <trkpt lat="45.23495" lon="-72.70733">
        <ele>146.56</ele>
      </trkpt>
      <trkpt lat="45.23562" lon="-72.7072">
        <ele>146.3</ele>
      </trkpt>
      <trkpt lat="45.23561" lon="-72.7072">
        <ele>146.3</ele>
      </trkpt>
      <trkpt lat="45.23636" lon="-72.7070633">
        <ele>146.31</ele>
      </trkpt>
      <trkpt lat="45.23711" lon="-72.7069267">
        <ele>147.07</ele>
      </trkpt>
      <trkpt lat="45.23786" lon="-72.70679">
        <ele>148.83</ele>
      </trkpt>
      <trkpt lat="45.23861" lon="-72.7066533">
        <ele>151.37</ele>
      </trkpt>
      <trkpt lat="45.23936" lon="-72.7065167">
        <ele>154.58</ele>
      </trkpt>
      <trkpt lat="45.24011" lon="-72.70638">
        <ele>159.08</ele>
      </trkpt>
      <trkpt lat="45.24055" lon="-72.70633">
        <ele>161.8</ele>
      </trkpt>
      <trkpt lat="45.24051" lon="-72.705335">
        <ele>164.02</ele>
      </trkpt>
      <trkpt lat="45.24047" lon="-72.70434">
        <ele>173.8</ele>
      </trkpt>
      <trkpt lat="45.2404" lon="-72.70393">
        <ele>177.85</ele>
      </trkpt>
      <trkpt lat="45.24025" lon="-72.70334">
        <ele>181.16</ele>
      </trkpt>
      <trkpt lat="45.2401" lon="-72.7024">
        <ele>186.06</ele>
      </trkpt>
      <trkpt lat="45.24" lon="-72.70151">
        <ele>186.57</ele>
      </trkpt>
      <trkpt lat="45.23996" lon="-72.70129">
        <ele>187.01</ele>
      </trkpt>
      <trkpt lat="45.23995" lon="-72.70107">
        <ele>188</ele>
      </trkpt>
      <trkpt lat="45.24003" lon="-72.70019">
        <ele>192.84</ele>
      </trkpt>
      <trkpt lat="45.24011" lon="-72.69931">
        <ele>197.85</ele>
      </trkpt>
      <trkpt lat="45.24019" lon="-72.69843">
        <ele>200.78</ele>
      </trkpt>
      <trkpt lat="45.24017" lon="-72.697495">
        <ele>197.69</ele>
      </trkpt>
      <trkpt lat="45.24015" lon="-72.69656">
        <ele>194.92</ele>
      </trkpt>
      <trkpt lat="45.24026" lon="-72.69592">
        <ele>198.24</ele>
      </trkpt>
      <trkpt lat="45.24041" lon="-72.69517">
        <ele>202.96</ele>
      </trkpt>
      <trkpt lat="45.24039" lon="-72.69471">
        <ele>204.04</ele>
      </trkpt>
      <trkpt lat="45.24041" lon="-72.69395">
        <ele>205.99</ele>
      </trkpt>
      <trkpt lat="45.24048" lon="-72.69323">
        <ele>209.22</ele>
      </trkpt>
      <trkpt lat="45.24053" lon="-72.69242">
        <ele>213.58</ele>
      </trkpt>
      <trkpt lat="45.240515" lon="-72.691705">
        <ele>218.19</ele>
      </trkpt>
      <trkpt lat="45.2405" lon="-72.69099">
        <ele>219.99</ele>
      </trkpt>
      <trkpt lat="45.24048" lon="-72.69059">
        <ele>221.19</ele>
      </trkpt>
      <trkpt lat="45.24039" lon="-72.69023">
        <ele>221.39</ele>
      </trkpt>
      <trkpt lat="45.24029" lon="-72.68996">
        <ele>221.52</ele>
      </trkpt>
      <trkpt lat="45.24009" lon="-72.68957">
        <ele>220.51</ele>
      </trkpt>
      <trkpt lat="45.24004" lon="-72.68938">
        <ele>220.16</ele>
      </trkpt>
      <trkpt lat="45.23995" lon="-72.68889">
        <ele>219.64</ele>
      </trkpt>
      <trkpt lat="45.23996" lon="-72.68831">
        <ele>218.47</ele>
      </trkpt>
      <trkpt lat="45.24015" lon="-72.68795">
        <ele>217.99</ele>
      </trkpt>
      <trkpt lat="45.24032" lon="-72.68773">
        <ele>217.73</ele>
      </trkpt>
      <trkpt lat="45.24056" lon="-72.68751">
        <ele>217.94</ele>
      </trkpt>
      <trkpt lat="45.24087" lon="-72.68719">
        <ele>218.43</ele>
      </trkpt>
      <trkpt lat="45.24129" lon="-72.686475">
        <ele>219.85</ele>
      </trkpt>
      <trkpt lat="45.24171" lon="-72.68576">
        <ele>220.85</ele>
      </trkpt>
      <trkpt lat="45.2417" lon="-72.68576">
        <ele>220.86</ele>
      </trkpt>
      <trkpt lat="45.24195" lon="-72.68535">
        <ele>222.57</ele>
      </trkpt>
      <trkpt lat="45.24227" lon="-72.6849">
        <ele>228.44</ele>
      </trkpt>
      <trkpt lat="45.24259" lon="-72.68445">
        <ele>235.88</ele>
      </trkpt>
      <trkpt lat="45.24277" lon="-72.68424">
        <ele>237.76</ele>
      </trkpt>
      <trkpt lat="45.24298" lon="-72.68396">
        <ele>239.16</ele>
      </trkpt>
      <trkpt lat="45.24333" lon="-72.68338">
        <ele>240.17</ele>
      </trkpt>
      <trkpt lat="45.24346" lon="-72.68307">
        <ele>240.29</ele>
      </trkpt>
      <trkpt lat="45.24349" lon="-72.68292">
        <ele>240.4</ele>
      </trkpt>
      <trkpt lat="45.2435" lon="-72.68271">
        <ele>240.69</ele>
      </trkpt>
      <trkpt lat="45.24346" lon="-72.68227">
        <ele>240.73</ele>
      </trkpt>
      <trkpt lat="45.24351" lon="-72.68173">
        <ele>239.62</ele>
      </trkpt>
      <trkpt lat="45.24357" lon="-72.6815">
        <ele>238.3</ele>
      </trkpt>
      <trkpt lat="45.24367" lon="-72.68123">
        <ele>237.17</ele>
      </trkpt>
      <trkpt lat="45.2438" lon="-72.68096">
        <ele>236.78</ele>
      </trkpt>
      <trkpt lat="45.24396" lon="-72.68073">
        <ele>235.53</ele>
      </trkpt>
      <trkpt lat="45.24428" lon="-72.68002">
        <ele>227.18</ele>
      </trkpt>
      <trkpt lat="45.24451" lon="-72.67936">
        <ele>226.14</ele>
      </trkpt>
      <trkpt lat="45.24475" lon="-72.67837">
        <ele>233.33</ele>
      </trkpt>
      <trkpt lat="45.24522" lon="-72.67762">
        <ele>240.36</ele>
      </trkpt>
      <trkpt lat="45.24561" lon="-72.67707">
        <ele>245.83</ele>
      </trkpt>
      <trkpt lat="45.24577" lon="-72.67676">
        <ele>248.47</ele>
      </trkpt>
      <trkpt lat="45.24596" lon="-72.67631">
        <ele>248.4</ele>
      </trkpt>
      <trkpt lat="45.246125" lon="-72.675685">
        <ele>246.97</ele>
      </trkpt>
      <trkpt lat="45.24629" lon="-72.67506">
        <ele>248.59</ele>
      </trkpt>
      <trkpt lat="45.2466" lon="-72.67407">
        <ele>246.32</ele>
      </trkpt>
      <trkpt lat="45.24691" lon="-72.67308">
        <ele>246.42</ele>
      </trkpt>
      <trkpt lat="45.24696" lon="-72.67277">
        <ele>246.5</ele>
      </trkpt>
      <trkpt lat="45.24696" lon="-72.6725">
        <ele>246.1</ele>
      </trkpt>
      <trkpt lat="45.24687" lon="-72.6716">
        <ele>243.77</ele>
      </trkpt>
      <trkpt lat="45.24676" lon="-72.67076">
        <ele>241.14</ele>
      </trkpt>
      <trkpt lat="45.24677" lon="-72.6695">
        <ele>233.3</ele>
      </trkpt>
      <trkpt lat="45.24682" lon="-72.66919">
        <ele>228.61</ele>
      </trkpt>
      <trkpt lat="45.24691" lon="-72.66798">
        <ele>219.61</ele>
      </trkpt>
      <trkpt lat="45.24694" lon="-72.66704">
        <ele>214.09</ele>
      </trkpt>
      <trkpt lat="45.2469433" lon="-72.6661467">
        <ele>211.85</ele>
      </trkpt>
      <trkpt lat="45.2469467" lon="-72.6652533">
        <ele>209.99</ele>
      </trkpt>
      <trkpt lat="45.24695" lon="-72.66436">
        <ele>209.77</ele>
      </trkpt>
      <trkpt lat="45.247" lon="-72.663635">
        <ele>209.71</ele>
      </trkpt>
      <trkpt lat="45.24705" lon="-72.66291">
        <ele>209.34</ele>
      </trkpt>
      <trkpt lat="45.24713" lon="-72.6620167">
        <ele>209.25</ele>
      </trkpt>
      <trkpt lat="45.24721" lon="-72.6611233">
        <ele>207.18</ele>
      </trkpt>
      <trkpt lat="45.24729" lon="-72.66023">
        <ele>202.83</ele>
      </trkpt>
      <trkpt lat="45.24737" lon="-72.65947">
        <ele>196.69</ele>
      </trkpt>
      <trkpt lat="45.24737" lon="-72.65948">
        <ele>196.72</ele>
      </trkpt>
      <trkpt lat="45.24746" lon="-72.65872">
        <ele>192.58</ele>
      </trkpt>
      <trkpt lat="45.24754" lon="-72.65772">
        <ele>190.11</ele>
      </trkpt>
      <trkpt lat="45.24762" lon="-72.65672">
        <ele>191.06</ele>
      </trkpt>
      <trkpt lat="45.24801" lon="-72.6567">
        <ele>192.86</ele>
      </trkpt>
      <trkpt lat="45.2487733" lon="-72.6567167">
        <ele>191.51</ele>
      </trkpt>
      <trkpt lat="45.2495367" lon="-72.6567333">
        <ele>189.5</ele>
      </trkpt>
      <trkpt lat="45.2503" lon="-72.65675">
        <ele>188.27</ele>
      </trkpt>
      <trkpt lat="45.25116" lon="-72.65679">
        <ele>187.28</ele>
      </trkpt>
      <trkpt lat="45.25201" lon="-72.65679">
        <ele>185.88</ele>
      </trkpt>
      <trkpt lat="45.25277" lon="-72.656755">
        <ele>177.97</ele>
      </trkpt>
      <trkpt lat="45.25353" lon="-72.65672">
        <ele>173.65</ele>
      </trkpt>
      <trkpt lat="45.25429" lon="-72.656685">
        <ele>171.59</ele>
      </trkpt>
      <trkpt lat="45.25505" lon="-72.65665">
        <ele>162.44</ele>
      </trkpt>
      <trkpt lat="45.25591" lon="-72.65663">
        <ele>153.87</ele>
      </trkpt>
      <trkpt lat="45.25677" lon="-72.65661">
        <ele>152.67</ele>
      </trkpt>
      <trkpt lat="45.25763" lon="-72.6566">
        <ele>155.43</ele>
      </trkpt>
      <trkpt lat="45.25787" lon="-72.65662">
        <ele>155.32</ele>
      </trkpt>
      <trkpt lat="45.258365" lon="-72.65664">
        <ele>153.53</ele>
      </trkpt>
      <trkpt lat="45.25886" lon="-72.65666">
        <ele>149.98</ele>
      </trkpt>
      <trkpt lat="45.25886" lon="-72.65666">
        <ele>149.98</ele>
      </trkpt>
      <trkpt lat="45.25941" lon="-72.65668">
        <ele>149.65</ele>
      </trkpt>
      <trkpt lat="45.260095" lon="-72.656685">
        <ele>152.01</ele>
      </trkpt>
      <trkpt lat="45.26078" lon="-72.65669">
        <ele>155.27</ele>
      </trkpt>
      <trkpt lat="45.26124" lon="-72.65664">
        <ele>156.86</ele>
      </trkpt>
      <trkpt lat="45.26119" lon="-72.657425">
        <ele>154.19</ele>
      </trkpt>
      <trkpt lat="45.26114" lon="-72.65821">
        <ele>152.28</ele>
      </trkpt>
      <trkpt lat="45.260944" lon="-72.659204">
        <ele>153.11</ele>
      </trkpt>
      <trkpt lat="45.260748" lon="-72.660198">
        <ele>152.78</ele>
      </trkpt>
      <trkpt lat="45.260552" lon="-72.661192">
        <ele>150.69</ele>
      </trkpt>
      <trkpt lat="45.260356" lon="-72.662186">
        <ele>149.94</ele>
      </trkpt>
      <trkpt lat="45.26016" lon="-72.66318">
        <ele>149.91</ele>
      </trkpt>
      <trkpt lat="45.2599" lon="-72.6644">
        <ele>152.39</ele>
      </trkpt>
      <trkpt lat="45.25966" lon="-72.665095">
        <ele>152.61</ele>
      </trkpt>
      <trkpt lat="45.25942" lon="-72.66579">
        <ele>144.64</ele>
      </trkpt>
      <trkpt lat="45.25902" lon="-72.66681">
        <ele>140.95</ele>
      </trkpt>
      <trkpt lat="45.25894" lon="-72.66708">
        <ele>140.83</ele>
      </trkpt>
      <trkpt lat="45.25889" lon="-72.66741">
        <ele>140.83</ele>
      </trkpt>
      <trkpt lat="45.25888" lon="-72.6678">
        <ele>140.95</ele>
      </trkpt>
      <trkpt lat="45.2589125" lon="-72.669075">
        <ele>143.96</ele>
      </trkpt>
      <trkpt lat="45.258945" lon="-72.67035">
        <ele>144</ele>
      </trkpt>
      <trkpt lat="45.2589775" lon="-72.671625">
        <ele>142.38</ele>
      </trkpt>
      <trkpt lat="45.25901" lon="-72.6729">
        <ele>145.02</ele>
      </trkpt>
      <trkpt lat="45.25909" lon="-72.67322">
        <ele>146.68</ele>
      </trkpt>
      <trkpt lat="45.25915" lon="-72.67333">
        <ele>146.93</ele>
      </trkpt>
      <trkpt lat="45.25915" lon="-72.67333">
        <ele>146.95</ele>
      </trkpt>
      <trkpt lat="45.25929" lon="-72.67355">
        <ele>147.88</ele>
      </trkpt>
      <trkpt lat="45.25984" lon="-72.6742">
        <ele>149.26</ele>
      </trkpt>
      <trkpt lat="45.2602" lon="-72.67479">
        <ele>151.61</ele>
      </trkpt>
      <trkpt lat="45.26065" lon="-72.67582">
        <ele>152.63</ele>
      </trkpt>
      <trkpt lat="45.26074" lon="-72.67622">
        <ele>153.81</ele>
      </trkpt>
      <trkpt lat="45.26075" lon="-72.6765">
        <ele>155.34</ele>
      </trkpt>
      <trkpt lat="45.26068" lon="-72.67689">
        <ele>159.87</ele>
      </trkpt>
      <trkpt lat="45.26051" lon="-72.6773">
        <ele>162.35</ele>
      </trkpt>
      <trkpt lat="45.26041" lon="-72.67762">
        <ele>161.97</ele>
      </trkpt>
      <trkpt lat="45.2604" lon="-72.67787">
        <ele>160.08</ele>
      </trkpt>
      <trkpt lat="45.26043" lon="-72.6781">
        <ele>158.73</ele>
      </trkpt>
      <trkpt lat="45.2607867" lon="-72.67888">
        <ele>150.45</ele>
      </trkpt>
      <trkpt lat="45.2611433" lon="-72.67966">
        <ele>150.99</ele>
      </trkpt>
      <trkpt lat="45.2615" lon="-72.68044">
        <ele>152.74</ele>
      </trkpt>
      <trkpt lat="45.26187" lon="-72.6811">
        <ele>149.55</ele>
      </trkpt>
      <trkpt lat="45.26231" lon="-72.68164">
        <ele>143.13</ele>
      </trkpt>
      <trkpt lat="45.262815" lon="-72.68213">
        <ele>139.9</ele>
      </trkpt>
      <trkpt lat="45.26332" lon="-72.68262">
        <ele>139.18</ele>
      </trkpt>
      <trkpt lat="45.26358" lon="-72.68293">
        <ele>138.74</ele>
      </trkpt>
      <trkpt lat="45.26391" lon="-72.68348">
        <ele>136.96</ele>
      </trkpt>
      <trkpt lat="45.26424" lon="-72.68403">
        <ele>136.36</ele>
      </trkpt>
      <trkpt lat="45.264205" lon="-72.684725">
        <ele>136.88</ele>
      </trkpt>
      <trkpt lat="45.26417" lon="-72.68542">
        <ele>138.09</ele>
      </trkpt>
      <trkpt lat="45.26406" lon="-72.68667">
        <ele>138.95</ele>
      </trkpt>
      <trkpt lat="45.26406" lon="-72.68668">
        <ele>138.94</ele>
      </trkpt>
      <trkpt lat="45.26389" lon="-72.68781">
        <ele>137.22</ele>
      </trkpt>
      <trkpt lat="45.26374" lon="-72.68858">
        <ele>134.86</ele>
      </trkpt>
      <trkpt lat="45.26349" lon="-72.6895">
        <ele>135.12</ele>
      </trkpt>
      <trkpt lat="45.26421" lon="-72.68983">
        <ele>147.47</ele>
      </trkpt>
      <trkpt lat="45.26433" lon="-72.68987">
        <ele>153.39</ele>
      </trkpt>
      <trkpt lat="45.26448" lon="-72.68987">
        <ele>153.39</ele>
      </trkpt>
      <trkpt lat="45.26465" lon="-72.68979">
        <ele>160</ele>
      </trkpt>
      <trkpt lat="45.26505" lon="-72.68952">
        <ele>163.9</ele>
      </trkpt>
      <trkpt lat="45.26516" lon="-72.68938">
        <ele>165.72</ele>
      </trkpt>
      <trkpt lat="45.26536" lon="-72.68898">
        <ele>171.16</ele>
      </trkpt>
      <trkpt lat="45.26545" lon="-72.68884">
        <ele>172.9</ele>
      </trkpt>
      <trkpt lat="45.26556" lon="-72.68875">
        <ele>174.55</ele>
      </trkpt>
      <trkpt lat="45.26593" lon="-72.68857">
        <ele>178.59</ele>
      </trkpt>
      <trkpt lat="45.26668" lon="-72.6882767">
        <ele>183.34</ele>
      </trkpt>
      <trkpt lat="45.26743" lon="-72.6879833">
        <ele>184.15</ele>
      </trkpt>
      <trkpt lat="45.26818" lon="-72.68769">
        <ele>185.37</ele>
      </trkpt>
      <trkpt lat="45.268735" lon="-72.687395">
        <ele>187.59</ele>
      </trkpt>
      <trkpt lat="45.26929" lon="-72.6871">
        <ele>190.42</ele>
      </trkpt>
      <trkpt lat="45.26964" lon="-72.68697">
        <ele>192.37</ele>
      </trkpt>
      <trkpt lat="45.27009" lon="-72.68696">
        <ele>196.01</ele>
      </trkpt>
      <trkpt lat="45.27061" lon="-72.68708">
        <ele>198.92</ele>
      </trkpt>
      <trkpt lat="45.27113" lon="-72.6872">
        <ele>199.98</ele>
      </trkpt>
      <trkpt lat="45.27175" lon="-72.68728">
        <ele>201.63</ele>
      </trkpt>
      <trkpt lat="45.27236" lon="-72.68731">
        <ele>205.68</ele>
      </trkpt>
      <trkpt lat="45.27264" lon="-72.68731">
        <ele>207.1</ele>
      </trkpt>
      <trkpt lat="45.27263" lon="-72.68731">
        <ele>207.11</ele>
      </trkpt>
      <trkpt lat="45.27306" lon="-72.68729">
        <ele>208.11</ele>
      </trkpt>
      <trkpt lat="45.27336" lon="-72.68723">
        <ele>207.92</ele>
      </trkpt>
      <trkpt lat="45.27408" lon="-72.68711">
        <ele>211.46</ele>
      </trkpt>
      <trkpt lat="45.274645" lon="-72.68695">
        <ele>216.46</ele>
      </trkpt>
      <trkpt lat="45.27521" lon="-72.68679">
        <ele>219.4</ele>
      </trkpt>
      <trkpt lat="45.275962" lon="-72.68652">
        <ele>224.6</ele>
      </trkpt>
      <trkpt lat="45.276714" lon="-72.68625">
        <ele>227.24</ele>
      </trkpt>
      <trkpt lat="45.277466" lon="-72.68598">
        <ele>230.13</ele>
      </trkpt>
      <trkpt lat="45.278218" lon="-72.68571">
        <ele>231.96</ele>
      </trkpt>
      <trkpt lat="45.27897" lon="-72.68544">
        <ele>233.04</ele>
      </trkpt>
      <trkpt lat="45.279545" lon="-72.6852">
        <ele>233.94</ele>
      </trkpt>
      <trkpt lat="45.28012" lon="-72.68496">
        <ele>234.27</ele>
      </trkpt>
      <trkpt lat="45.28058" lon="-72.684715">
        <ele>230.87</ele>
      </trkpt>
      <trkpt lat="45.28104" lon="-72.68447">
        <ele>228.17</ele>
      </trkpt>
      <trkpt lat="45.28181" lon="-72.6841">
        <ele>225.35</ele>
      </trkpt>
      <trkpt lat="45.28209" lon="-72.68396">
        <ele>225.3</ele>
      </trkpt>
      <trkpt lat="45.28236" lon="-72.68374">
        <ele>225.36</ele>
      </trkpt>
      <trkpt lat="45.28305" lon="-72.68298">
        <ele>222.84</ele>
      </trkpt>
      <trkpt lat="45.2832" lon="-72.68288">
        <ele>222.4</ele>
      </trkpt>
      <trkpt lat="45.28342" lon="-72.6828">
        <ele>221.18</ele>
      </trkpt>
      <trkpt lat="45.28399" lon="-72.6828">
        <ele>218.3</ele>
      </trkpt>
      <trkpt lat="45.2846" lon="-72.6828167">
        <ele>218.74</ele>
      </trkpt>
      <trkpt lat="45.28521" lon="-72.6828333">
        <ele>223.07</ele>
      </trkpt>
      <trkpt lat="45.28582" lon="-72.68285">
        <ele>223.13</ele>
      </trkpt>
      <trkpt lat="45.28627" lon="-72.68287">
        <ele>223.09</ele>
      </trkpt>
      <trkpt lat="45.28672" lon="-72.68289">
        <ele>222.94</ele>
      </trkpt>
      <trkpt lat="45.28756" lon="-72.68288">
        <ele>223.69</ele>
      </trkpt>
      <trkpt lat="45.28773" lon="-72.68281">
        <ele>224.15</ele>
      </trkpt>
      <trkpt lat="45.28783" lon="-72.68276">
        <ele>224.37</ele>
      </trkpt>
      <trkpt lat="45.28788" lon="-72.68267">
        <ele>224.37</ele>
      </trkpt>
      <trkpt lat="45.28791" lon="-72.68254">
        <ele>224.5</ele>
      </trkpt>
      <trkpt lat="45.28797" lon="-72.68163">
        <ele>223.6</ele>
      </trkpt>
      <trkpt lat="45.287995" lon="-72.68078">
        <ele>221.19</ele>
      </trkpt>
      <trkpt lat="45.28802" lon="-72.67993">
        <ele>217.24</ele>
      </trkpt>
      <trkpt lat="45.28802" lon="-72.67994">
        <ele>217.3</ele>
      </trkpt>
      <trkpt lat="45.28805" lon="-72.67886">
        <ele>213.43</ele>
      </trkpt>
      <trkpt lat="45.288" lon="-72.6786">
        <ele>212.37</ele>
      </trkpt>
      <trkpt lat="45.28792" lon="-72.67832">
        <ele>211.54</ele>
      </trkpt>
      <trkpt lat="45.28761" lon="-72.67743">
        <ele>210.42</ele>
      </trkpt>
      <trkpt lat="45.2873" lon="-72.676605">
        <ele>205.46</ele>
      </trkpt>
      <trkpt lat="45.28699" lon="-72.67578">
        <ele>200.76</ele>
      </trkpt>
      <trkpt lat="45.28681" lon="-72.67541">
        <ele>197.77</ele>
      </trkpt>
      <trkpt lat="45.28641" lon="-72.67474">
        <ele>193.74</ele>
      </trkpt>
      <trkpt lat="45.28618" lon="-72.67447">
        <ele>192.62</ele>
      </trkpt>
      <trkpt lat="45.28578" lon="-72.67407">
        <ele>193.48</ele>
      </trkpt>
      <trkpt lat="45.28567" lon="-72.6738">
        <ele>194.29</ele>
      </trkpt>
      <trkpt lat="45.28562" lon="-72.672795">
        <ele>194.41</ele>
      </trkpt>
      <trkpt lat="45.28557" lon="-72.67179">
        <ele>200.8</ele>
      </trkpt>
      <trkpt lat="45.28553" lon="-72.67163">
        <ele>202.02</ele>
      </trkpt>
      <trkpt lat="45.285075" lon="-72.67202">
        <ele>197.15</ele>
      </trkpt>
      <trkpt lat="45.28462" lon="-72.67241">
        <ele>191.72</ele>
      </trkpt>
      <trkpt lat="45.283935" lon="-72.67288">
        <ele>184.8</ele>
      </trkpt>
      <trkpt lat="45.28325" lon="-72.67335">
        <ele>179.78</ele>
      </trkpt>
      <trkpt lat="45.2826" lon="-72.67373">
        <ele>176.7</ele>
      </trkpt>
      <trkpt lat="45.28259" lon="-72.67373">
        <ele>176.69</ele>
      </trkpt>
      <trkpt lat="45.28224" lon="-72.67394">
        <ele>174.94</ele>
      </trkpt>
      <trkpt lat="45.28161" lon="-72.67425">
        <ele>173.2</ele>
      </trkpt>
      <trkpt lat="45.28098" lon="-72.67456">
        <ele>172.37</ele>
      </trkpt>
      <trkpt lat="45.28039" lon="-72.67482">
        <ele>172.22</ele>
      </trkpt>
      <trkpt lat="45.27996" lon="-72.67496">
        <ele>172.29</ele>
      </trkpt>
      <trkpt lat="45.27934" lon="-72.67501">
        <ele>172.35</ele>
      </trkpt>
      <trkpt lat="45.27882" lon="-72.67499">
        <ele>172.3</ele>
      </trkpt>
      <trkpt lat="45.27849" lon="-72.67496">
        <ele>172.2</ele>
      </trkpt>
      <trkpt lat="45.27806" lon="-72.67487">
        <ele>171.76</ele>
      </trkpt>
      <trkpt lat="45.27765" lon="-72.6747">
        <ele>171.6</ele>
      </trkpt>
      <trkpt lat="45.27716" lon="-72.67445">
        <ele>170.85</ele>
      </trkpt>
      <trkpt lat="45.2768" lon="-72.67429">
        <ele>170.6</ele>
      </trkpt>
      <trkpt lat="45.27639" lon="-72.67407">
        <ele>169.93</ele>
      </trkpt>
      <trkpt lat="45.27557" lon="-72.67376">
        <ele>166.37</ele>
      </trkpt>
      <trkpt lat="45.27497" lon="-72.67358">
        <ele>162.65</ele>
      </trkpt>
      <trkpt lat="45.27466" lon="-72.67354">
        <ele>159.36</ele>
      </trkpt>
      <trkpt lat="45.27432" lon="-72.67354">
        <ele>156.73</ele>
      </trkpt>
      <trkpt lat="45.27432" lon="-72.67354">
        <ele>156.69</ele>
      </trkpt>
      <trkpt lat="45.273795" lon="-72.67358">
        <ele>152.22</ele>
      </trkpt>
      <trkpt lat="45.27327" lon="-72.67362">
        <ele>149.37</ele>
      </trkpt>
      <trkpt lat="45.27244" lon="-72.67384">
        <ele>143.41</ele>
      </trkpt>
      <trkpt lat="45.27226" lon="-72.67336">
        <ele>142.91</ele>
      </trkpt>
      <trkpt lat="45.27176" lon="-72.67264">
        <ele>138.73</ele>
      </trkpt>
      <trkpt lat="45.27145" lon="-72.67228">
        <ele>137.38</ele>
      </trkpt>
      <trkpt lat="45.27073" lon="-72.67157">
        <ele>136.86</ele>
      </trkpt>
      <trkpt lat="45.27014" lon="-72.67095">
        <ele>136.93</ele>
      </trkpt>
      <trkpt lat="45.26961" lon="-72.67041">
        <ele>136.16</ele>
      </trkpt>
      <trkpt lat="45.26944" lon="-72.67018">
        <ele>136.03</ele>
      </trkpt>
      <trkpt lat="45.26937" lon="-72.66991">
        <ele>136</ele>
      </trkpt>
      <trkpt lat="45.26938" lon="-72.66937">
        <ele>136.34</ele>
      </trkpt>
      <trkpt lat="45.26942" lon="-72.66864">
        <ele>137.46</ele>
      </trkpt>
      <trkpt lat="45.26951" lon="-72.66798">
        <ele>138.84</ele>
      </trkpt>
      <trkpt lat="45.26973" lon="-72.66694">
        <ele>141.38</ele>
      </trkpt>
      <trkpt lat="45.26995" lon="-72.6659">
        <ele>144.86</ele>
      </trkpt>
      <trkpt lat="45.27017" lon="-72.66486">
        <ele>149.18</ele>
      </trkpt>
      <trkpt lat="45.27024" lon="-72.66422">
        <ele>151.37</ele>
      </trkpt>
      <trkpt lat="45.27021" lon="-72.66297">
        <ele>154.5</ele>
      </trkpt>
      <trkpt lat="45.27023" lon="-72.66243">
        <ele>154.87</ele>
      </trkpt>
      <trkpt lat="45.27031" lon="-72.6618">
        <ele>155.05</ele>
      </trkpt>
      <trkpt lat="45.27039" lon="-72.66117">
        <ele>155.78</ele>
      </trkpt>
      <trkpt lat="45.27039" lon="-72.66118">
        <ele>155.75</ele>
      </trkpt>
      <trkpt lat="45.2705333" lon="-72.6599833">
        <ele>159.8</ele>
      </trkpt>
      <trkpt lat="45.2706767" lon="-72.6587867">
        <ele>164.27</ele>
      </trkpt>
      <trkpt lat="45.27082" lon="-72.65759">
        <ele>166.78</ele>
      </trkpt>
      <trkpt lat="45.27098" lon="-72.65652">
        <ele>167.14</ele>
      </trkpt>
      <trkpt lat="45.27114" lon="-72.65545">
        <ele>169.83</ele>
      </trkpt>
      <trkpt lat="45.27128" lon="-72.654195">
        <ele>173.52</ele>
      </trkpt>
      <trkpt lat="45.27142" lon="-72.65294">
        <ele>179.6</ele>
      </trkpt>
      <trkpt lat="45.27139" lon="-72.65267">
        <ele>181.13</ele>
      </trkpt>
      <trkpt lat="45.27072" lon="-72.651905">
        <ele>180.76</ele>
      </trkpt>
      <trkpt lat="45.27005" lon="-72.65114">
        <ele>177.46</ele>
      </trkpt>
      <trkpt lat="45.26953" lon="-72.65061">
        <ele>173.08</ele>
      </trkpt>
      <trkpt lat="45.26929" lon="-72.65017">
        <ele>169.5</ele>
      </trkpt>
      <trkpt lat="45.26886" lon="-72.64918">
        <ele>163.44</ele>
      </trkpt>
      <trkpt lat="45.26867" lon="-72.64869">
        <ele>163.31</ele>
      </trkpt>
      <trkpt lat="45.26836" lon="-72.64779">
        <ele>167.73</ele>
      </trkpt>
      <trkpt lat="45.26836" lon="-72.64779">
        <ele>167.71</ele>
      </trkpt>
      <trkpt lat="45.268155" lon="-72.64721">
        <ele>171.71</ele>
      </trkpt>
      <trkpt lat="45.26795" lon="-72.64663">
        <ele>173.41</ele>
      </trkpt>
      <trkpt lat="45.26776" lon="-72.64644">
        <ele>173.48</ele>
      </trkpt>
      <trkpt lat="45.26761" lon="-72.64635">
        <ele>173.54</ele>
      </trkpt>
      <trkpt lat="45.26725" lon="-72.64626">
        <ele>174.09</ele>
      </trkpt>
      <trkpt lat="45.266635" lon="-72.64642">
        <ele>175.76</ele>
      </trkpt>
      <trkpt lat="45.26602" lon="-72.64658">
        <ele>176.85</ele>
      </trkpt>
      <trkpt lat="45.26572" lon="-72.64663">
        <ele>177.72</ele>
      </trkpt>
      <trkpt lat="45.26525" lon="-72.64662">
        <ele>180.17</ele>
      </trkpt>
      <trkpt lat="45.264585" lon="-72.646375">
        <ele>180.5</ele>
      </trkpt>
      <trkpt lat="45.26392" lon="-72.64613">
        <ele>178.78</ele>
      </trkpt>
      <trkpt lat="45.26339" lon="-72.64597">
        <ele>176.8</ele>
      </trkpt>
      <trkpt lat="45.26286" lon="-72.64581">
        <ele>173.83</ele>
      </trkpt>
      <trkpt lat="45.262395" lon="-72.645635">
        <ele>171.09</ele>
      </trkpt>
      <trkpt lat="45.26193" lon="-72.64546">
        <ele>168.14</ele>
      </trkpt>
      <trkpt lat="45.26127" lon="-72.64525">
        <ele>166.23</ele>
      </trkpt>
      <trkpt lat="45.2608" lon="-72.64508">
        <ele>166.29</ele>
      </trkpt>
      <trkpt lat="45.260855" lon="-72.64433">
        <ele>163.17</ele>
      </trkpt>
      <trkpt lat="45.26091" lon="-72.64358">
        <ele>161.07</ele>
      </trkpt>
      <trkpt lat="45.26091" lon="-72.64327">
        <ele>159.67</ele>
      </trkpt>
      <trkpt lat="45.2608" lon="-72.6423125">
        <ele>154.34</ele>
      </trkpt>
      <trkpt lat="45.26069" lon="-72.641355">
        <ele>154.33</ele>
      </trkpt>
      <trkpt lat="45.26058" lon="-72.6403975">
        <ele>155.17</ele>
      </trkpt>
      <trkpt lat="45.26047" lon="-72.63944">
        <ele>155.52</ele>
      </trkpt>
      <trkpt lat="45.26047" lon="-72.63944">
        <ele>155.51</ele>
      </trkpt>
      <trkpt lat="45.2603275" lon="-72.63827">
        <ele>156.34</ele>
      </trkpt>
      <trkpt lat="45.260185" lon="-72.6371">
        <ele>157.2</ele>
      </trkpt>
      <trkpt lat="45.2600425" lon="-72.63593">
        <ele>158.04</ele>
      </trkpt>
      <trkpt lat="45.2599" lon="-72.63476">
        <ele>161.95</ele>
      </trkpt>
      <trkpt lat="45.25995" lon="-72.63435">
        <ele>164.87</ele>
      </trkpt>
      <trkpt lat="45.26004" lon="-72.63396">
        <ele>165.99</ele>
      </trkpt>
      <trkpt lat="45.26006" lon="-72.6337">
        <ele>166.48</ele>
      </trkpt>
      <trkpt lat="45.25993" lon="-72.63257">
        <ele>169.22</ele>
      </trkpt>
      <trkpt lat="45.25983" lon="-72.63202">
        <ele>172.04</ele>
      </trkpt>
      <trkpt lat="45.25977" lon="-72.63183">
        <ele>173.1</ele>
      </trkpt>
      <trkpt lat="45.26027" lon="-72.63212">
        <ele>175.83</ele>
      </trkpt>
      <trkpt lat="45.260835" lon="-72.6325">
        <ele>181.37</ele>
      </trkpt>
      <trkpt lat="45.2614" lon="-72.63288">
        <ele>180.49</ele>
      </trkpt>
      <trkpt lat="45.26155" lon="-72.63297">
        <ele>180.22</ele>
      </trkpt>
      <trkpt lat="45.26183" lon="-72.63324">
        <ele>178.03</ele>
      </trkpt>
      <trkpt lat="45.26209" lon="-72.6336">
        <ele>174.69</ele>
      </trkpt>
      <trkpt lat="45.2623" lon="-72.63382">
        <ele>172.45</ele>
      </trkpt>
      <trkpt lat="45.26247" lon="-72.63395">
        <ele>171.75</ele>
      </trkpt>
      <trkpt lat="45.2629" lon="-72.63413">
        <ele>168.77</ele>
      </trkpt>
      <trkpt lat="45.26306" lon="-72.63415">
        <ele>166.71</ele>
      </trkpt>
      <trkpt lat="45.26306" lon="-72.63415">
        <ele>166.74</ele>
      </trkpt>
      <trkpt lat="45.26318" lon="-72.63417">
        <ele>165.9</ele>
      </trkpt>
      <trkpt lat="45.26362" lon="-72.6341">
        <ele>165.19</ele>
      </trkpt>
      <trkpt lat="45.26413" lon="-72.633965">
        <ele>170.15</ele>
      </trkpt>
      <trkpt lat="45.26464" lon="-72.63383">
        <ele>172.13</ele>
      </trkpt>
      <trkpt lat="45.26487" lon="-72.63373">
        <ele>171.52</ele>
      </trkpt>
      <trkpt lat="45.26543" lon="-72.63333">
        <ele>169.87</ele>
      </trkpt>
      <trkpt lat="45.26573" lon="-72.63315">
        <ele>172.59</ele>
      </trkpt>
      <trkpt lat="45.26624" lon="-72.63293">
        <ele>178.93</ele>
      </trkpt>
      <trkpt lat="45.266835" lon="-72.632725">
        <ele>184.95</ele>
      </trkpt>
      <trkpt lat="45.26743" lon="-72.63252">
        <ele>192.64</ele>
      </trkpt>
      <trkpt lat="45.2677" lon="-72.63235">
        <ele>195.2</ele>
      </trkpt>
      <trkpt lat="45.26788" lon="-72.6321">
        <ele>196.81</ele>
      </trkpt>
      <trkpt lat="45.26805" lon="-72.63163">
        <ele>198.28</ele>
      </trkpt>
      <trkpt lat="45.2683533" lon="-72.6306733">
        <ele>200.59</ele>
      </trkpt>
      <trkpt lat="45.2686567" lon="-72.6297167">
        <ele>204.38</ele>
      </trkpt>
      <trkpt lat="45.26896" lon="-72.62876">
        <ele>205.27</ele>
      </trkpt>
      <trkpt lat="45.269275" lon="-72.62813">
        <ele>206.42</ele>
      </trkpt>
      <trkpt lat="45.26959" lon="-72.6275">
        <ele>206.61</ele>
      </trkpt>
      <trkpt lat="45.26958" lon="-72.6275">
        <ele>206.61</ele>
      </trkpt>
      <trkpt lat="45.27003" lon="-72.62661">
        <ele>207.63</ele>
      </trkpt>
      <trkpt lat="45.270545" lon="-72.62563">
        <ele>208.12</ele>
      </trkpt>
      <trkpt lat="45.27106" lon="-72.62465">
        <ele>209.04</ele>
      </trkpt>
      <trkpt lat="45.27148" lon="-72.62379">
        <ele>208.74</ele>
      </trkpt>
      <trkpt lat="45.27192" lon="-72.62383">
        <ele>212.47</ele>
      </trkpt>
      <trkpt lat="45.2726033" lon="-72.6237267">
        <ele>219.68</ele>
      </trkpt>
      <trkpt lat="45.2732867" lon="-72.6236233">
        <ele>224.65</ele>
      </trkpt>
      <trkpt lat="45.27397" lon="-72.62352">
        <ele>230.36</ele>
      </trkpt>
      <trkpt lat="45.27484" lon="-72.623455">
        <ele>238.43</ele>
      </trkpt>
      <trkpt lat="45.27571" lon="-72.62339">
        <ele>244.09</ele>
      </trkpt>
      <trkpt lat="45.27631" lon="-72.62304">
        <ele>238.93</ele>
      </trkpt>
      <trkpt lat="45.27683" lon="-72.62278">
        <ele>234.67</ele>
      </trkpt>
      <trkpt lat="45.27735" lon="-72.62252">
        <ele>229.26</ele>
      </trkpt>
      <trkpt lat="45.27714" lon="-72.62147">
        <ele>227.56</ele>
      </trkpt>
      <trkpt lat="45.27707" lon="-72.62129">
        <ele>227.04</ele>
      </trkpt>
      <trkpt lat="45.27697" lon="-72.62115">
        <ele>226.46</ele>
      </trkpt>
      <trkpt lat="45.2768" lon="-72.62106">
        <ele>225.07</ele>
      </trkpt>
      <trkpt lat="45.27667" lon="-72.62088">
        <ele>223.1</ele>
      </trkpt>
      <trkpt lat="45.27662" lon="-72.62065">
        <ele>219.29</ele>
      </trkpt>
      <trkpt lat="45.276575" lon="-72.61992">
        <ele>212.68</ele>
      </trkpt>
      <trkpt lat="45.27653" lon="-72.61919">
        <ele>209.22</ele>
      </trkpt>
      <trkpt lat="45.27653" lon="-72.61919">
        <ele>209.23</ele>
      </trkpt>
      <trkpt lat="45.276465" lon="-72.617935">
        <ele>207.08</ele>
      </trkpt>
      <trkpt lat="45.2764" lon="-72.61668">
        <ele>206.34</ele>
      </trkpt>
      <trkpt lat="45.2763467" lon="-72.615595">
        <ele>207.14</ele>
      </trkpt>
      <trkpt lat="45.2762934" lon="-72.61451">
        <ele>211.71</ele>
      </trkpt>
      <trkpt lat="45.27624" lon="-72.613425">
        <ele>221.91</ele>
      </trkpt>
      <trkpt lat="45.2761867" lon="-72.61234">
        <ele>226.45</ele>
      </trkpt>
      <trkpt lat="45.2761334" lon="-72.611255">
        <ele>231.98</ele>
      </trkpt>
      <trkpt lat="45.27608" lon="-72.61017">
        <ele>236.79</ele>
      </trkpt>
      <trkpt lat="45.27605" lon="-72.60924">
        <ele>238.26</ele>
      </trkpt>
      <trkpt lat="45.2760533" lon="-72.60815">
        <ele>234.35</ele>
      </trkpt>
      <trkpt lat="45.2760567" lon="-72.60706">
        <ele>235.07</ele>
      </trkpt>
      <trkpt lat="45.27606" lon="-72.60597">
        <ele>237.4</ele>
      </trkpt>
      <trkpt lat="45.2760229" lon="-72.6047943">
        <ele>227.17</ele>
      </trkpt>
      <trkpt lat="45.2759858" lon="-72.6036186">
        <ele>219.06</ele>
      </trkpt>
      <trkpt lat="45.2759486" lon="-72.6024428">
        <ele>211.57</ele>
      </trkpt>
      <trkpt lat="45.2759115" lon="-72.6012671">
        <ele>208.75</ele>
      </trkpt>
      <trkpt lat="45.2758743" lon="-72.6000914">
        <ele>204.89</ele>
      </trkpt>
      <trkpt lat="45.2758372" lon="-72.5989157">
        <ele>202.21</ele>
      </trkpt>
      <trkpt lat="45.2758" lon="-72.59774">
        <ele>198.87</ele>
      </trkpt>
      <trkpt lat="45.27578" lon="-72.59655">
        <ele>195.97</ele>
      </trkpt>
      <trkpt lat="45.27576" lon="-72.59536">
        <ele>193.37</ele>
      </trkpt>
      <trkpt lat="45.276515" lon="-72.595295">
        <ele>189.89</ele>
      </trkpt>
      <trkpt lat="45.27727" lon="-72.59523">
        <ele>187.83</ele>
      </trkpt>
      <trkpt lat="45.2780775" lon="-72.595185">
        <ele>187.34</ele>
      </trkpt>
      <trkpt lat="45.278885" lon="-72.59514">
        <ele>187.4</ele>
      </trkpt>
      <trkpt lat="45.2796925" lon="-72.595095">
        <ele>187.02</ele>
      </trkpt>
      <trkpt lat="45.2805" lon="-72.59505">
        <ele>186.43</ele>
      </trkpt>
      <trkpt lat="45.28049" lon="-72.59505">
        <ele>186.43</ele>
      </trkpt>
      <trkpt lat="45.28133" lon="-72.595006">
        <ele>185.99</ele>
      </trkpt>
      <trkpt lat="45.28217" lon="-72.594962">
        <ele>186.25</ele>
      </trkpt>
      <trkpt lat="45.28301" lon="-72.594918">
        <ele>186.71</ele>
      </trkpt>
      <trkpt lat="45.28385" lon="-72.594874">
        <ele>187.46</ele>
      </trkpt>
      <trkpt lat="45.28469" lon="-72.59483">
        <ele>188.19</ele>
      </trkpt>
      <trkpt lat="45.2855793" lon="-72.5947879">
        <ele>187.96</ele>
      </trkpt>
      <trkpt lat="45.2864686" lon="-72.5947457">
        <ele>186.04</ele>
      </trkpt>
      <trkpt lat="45.2873579" lon="-72.5947036">
        <ele>183.21</ele>
      </trkpt>
      <trkpt lat="45.2882471" lon="-72.5946615">
        <ele>180.37</ele>
      </trkpt>
      <trkpt lat="45.2891364" lon="-72.5946193">
        <ele>177.68</ele>
      </trkpt>
      <trkpt lat="45.2900257" lon="-72.5945772">
        <ele>174.29</ele>
      </trkpt>
      <trkpt lat="45.290915" lon="-72.594535">
        <ele>172</ele>
      </trkpt>
      <trkpt lat="45.2918043" lon="-72.5944929">
        <ele>170.72</ele>
      </trkpt>
      <trkpt lat="45.2926936" lon="-72.5944507">
        <ele>169.8</ele>
      </trkpt>
      <trkpt lat="45.2935829" lon="-72.5944086">
        <ele>169.35</ele>
      </trkpt>
      <trkpt lat="45.2944721" lon="-72.5943665">
        <ele>169.48</ele>
      </trkpt>
      <trkpt lat="45.2953614" lon="-72.5943243">
        <ele>170.38</ele>
      </trkpt>
      <trkpt lat="45.2962507" lon="-72.5942822">
        <ele>171</ele>
      </trkpt>
      <trkpt lat="45.29714" lon="-72.59424">
        <ele>170.59</ele>
      </trkpt>
      <trkpt lat="45.29747" lon="-72.59415">
        <ele>170.02</ele>
      </trkpt>
      <trkpt lat="45.29825" lon="-72.59375">
        <ele>166.8</ele>
      </trkpt>
      <trkpt lat="45.29854" lon="-72.59362">
        <ele>164.35</ele>
      </trkpt>
      <trkpt lat="45.2988" lon="-72.59352">
        <ele>162.83</ele>
      </trkpt>
      <trkpt lat="45.29924" lon="-72.59343">
        <ele>159.46</ele>
      </trkpt>
      <trkpt lat="45.29972" lon="-72.59339">
        <ele>154.31</ele>
      </trkpt>
      <trkpt lat="45.30029" lon="-72.59348">
        <ele>149.71</ele>
      </trkpt>
      <trkpt lat="45.300815" lon="-72.59366">
        <ele>148.5</ele>
      </trkpt>
      <trkpt lat="45.30134" lon="-72.59384">
        <ele>145.51</ele>
      </trkpt>
      <trkpt lat="45.30156" lon="-72.5939">
        <ele>144.98</ele>
      </trkpt>
      <trkpt lat="45.30191" lon="-72.59394">
        <ele>143.95</ele>
      </trkpt>
      <trkpt lat="45.30241" lon="-72.59402">
        <ele>143.04</ele>
      </trkpt>
      <trkpt lat="45.30275" lon="-72.59402">
        <ele>143.46</ele>
      </trkpt>
      <trkpt lat="45.30333" lon="-72.59398">
        <ele>146.11</ele>
      </trkpt>
      <trkpt lat="45.30391" lon="-72.59394">
        <ele>147.98</ele>
      </trkpt>
      <trkpt lat="45.3045867" lon="-72.5938767">
        <ele>150.72</ele>
      </trkpt>
      <trkpt lat="45.3052633" lon="-72.5938133">
        <ele>154.8</ele>
      </trkpt>
      <trkpt lat="45.30594" lon="-72.59375">
        <ele>156.73</ele>
      </trkpt>
      <trkpt lat="45.30661" lon="-72.593705">
        <ele>157.44</ele>
      </trkpt>
      <trkpt lat="45.30728" lon="-72.59366">
        <ele>159.11</ele>
      </trkpt>
      <trkpt lat="45.307285" lon="-72.592385">
        <ele>158.92</ele>
      </trkpt>
      <trkpt lat="45.30729" lon="-72.59111">
        <ele>160.6</ele>
      </trkpt>
      <trkpt lat="45.30729" lon="-72.59103">
        <ele>160.81</ele>
      </trkpt>
      <trkpt lat="45.30729" lon="-72.5900167">
        <ele>164.62</ele>
      </trkpt>
      <trkpt lat="45.30729" lon="-72.5890033">
        <ele>166.94</ele>
      </trkpt>
      <trkpt lat="45.30729" lon="-72.58799">
        <ele>170.46</ele>
      </trkpt>
      <trkpt lat="45.307275" lon="-72.58718">
        <ele>172.41</ele>
      </trkpt>
      <trkpt lat="45.30726" lon="-72.58637">
        <ele>173.34</ele>
      </trkpt>
      <trkpt lat="45.30725" lon="-72.58536">
        <ele>172.67</ele>
      </trkpt>
      <trkpt lat="45.3072486" lon="-72.5842114">
        <ele>168.49</ele>
      </trkpt>
      <trkpt lat="45.3072472" lon="-72.5830629">
        <ele>164.56</ele>
      </trkpt>
      <trkpt lat="45.3072458" lon="-72.5819143">
        <ele>165.31</ele>
      </trkpt>
      <trkpt lat="45.3072444" lon="-72.5807657">
        <ele>168.11</ele>
      </trkpt>
      <trkpt lat="45.3072429" lon="-72.5796171">
        <ele>168.6</ele>
      </trkpt>
      <trkpt lat="45.3072415" lon="-72.5784686">
        <ele>168.23</ele>
      </trkpt>
      <trkpt lat="45.30724" lon="-72.57732">
        <ele>169.26</ele>
      </trkpt>
      <trkpt lat="45.307252" lon="-72.576076">
        <ele>171.39</ele>
      </trkpt>
      <trkpt lat="45.307264" lon="-72.574832">
        <ele>175.62</ele>
      </trkpt>
      <trkpt lat="45.307276" lon="-72.573588">
        <ele>183.6</ele>
      </trkpt>
      <trkpt lat="45.307288" lon="-72.572344">
        <ele>187.69</ele>
      </trkpt>
      <trkpt lat="45.3073" lon="-72.5711">
        <ele>193.3</ele>
      </trkpt>
      <trkpt lat="45.30731" lon="-72.5706">
        <ele>193.11</ele>
      </trkpt>
      <trkpt lat="45.30734" lon="-72.57015">
        <ele>193.49</ele>
      </trkpt>
      <trkpt lat="45.30742" lon="-72.56963">
        <ele>194.47</ele>
      </trkpt>
      <trkpt lat="45.30756" lon="-72.56896">
        <ele>197.96</ele>
      </trkpt>
      <trkpt lat="45.3076" lon="-72.56855">
        <ele>200.65</ele>
      </trkpt>
      <trkpt lat="45.30758" lon="-72.56814">
        <ele>205.46</ele>
      </trkpt>
      <trkpt lat="45.30744" lon="-72.566975">
        <ele>207.31</ele>
      </trkpt>
      <trkpt lat="45.3073" lon="-72.56581">
        <ele>207.7</ele>
      </trkpt>
      <trkpt lat="45.30727" lon="-72.56505">
        <ele>208.65</ele>
      </trkpt>
      <trkpt lat="45.3072675" lon="-72.56409">
        <ele>210.24</ele>
      </trkpt>
      <trkpt lat="45.307265" lon="-72.56313">
        <ele>212.91</ele>
      </trkpt>
      <trkpt lat="45.3072625" lon="-72.56217">
        <ele>216.5</ele>
      </trkpt>
      <trkpt lat="45.30726" lon="-72.56121">
        <ele>221.42</ele>
      </trkpt>
      <trkpt lat="45.3072667" lon="-72.5601367">
        <ele>223.92</ele>
      </trkpt>
      <trkpt lat="45.3072734" lon="-72.5590633">
        <ele>226.49</ele>
      </trkpt>
      <trkpt lat="45.30728" lon="-72.55799">
        <ele>226.6</ele>
      </trkpt>
      <trkpt lat="45.3072867" lon="-72.5569167">
        <ele>225.9</ele>
      </trkpt>
      <trkpt lat="45.3072934" lon="-72.5558433">
        <ele>225.68</ele>
      </trkpt>
      <trkpt lat="45.3073" lon="-72.55477">
        <ele>225.53</ele>
      </trkpt>
      <trkpt lat="45.3073167" lon="-72.5535467">
        <ele>225.53</ele>
      </trkpt>
      <trkpt lat="45.3073333" lon="-72.5523233">
        <ele>226.29</ele>
      </trkpt>
      <trkpt lat="45.30735" lon="-72.5511">
        <ele>227.13</ele>
      </trkpt>
      <trkpt lat="45.3073556" lon="-72.5499567">
        <ele>227</ele>
      </trkpt>
      <trkpt lat="45.3073612" lon="-72.5488133">
        <ele>228.2</ele>
      </trkpt>
      <trkpt lat="45.3073668" lon="-72.54767">
        <ele>228.46</ele>
      </trkpt>
      <trkpt lat="45.3073723" lon="-72.5465267">
        <ele>228.61</ele>
      </trkpt>
      <trkpt lat="45.3073779" lon="-72.5453833">
        <ele>228.89</ele>
      </trkpt>
      <trkpt lat="45.3073834" lon="-72.54424">
        <ele>229.58</ele>
      </trkpt>
      <trkpt lat="45.307389" lon="-72.5430967">
        <ele>230.42</ele>
      </trkpt>
      <trkpt lat="45.3073945" lon="-72.5419533">
        <ele>230.61</ele>
      </trkpt>
      <trkpt lat="45.3074" lon="-72.54081">
        <ele>231.29</ele>
      </trkpt>
      <trkpt lat="45.3074" lon="-72.54082">
        <ele>231.29</ele>
      </trkpt>
      <trkpt lat="45.307408" lon="-72.539686">
        <ele>230.8</ele>
      </trkpt>
      <trkpt lat="45.307416" lon="-72.538552">
        <ele>227.48</ele>
      </trkpt>
      <trkpt lat="45.307424" lon="-72.537418">
        <ele>226.31</ele>
      </trkpt>
      <trkpt lat="45.307432" lon="-72.536284">
        <ele>227.69</ele>
      </trkpt>
      <trkpt lat="45.30744" lon="-72.53515">
        <ele>230.1</ele>
      </trkpt>
      <trkpt lat="45.3074429" lon="-72.53405">
        <ele>227.94</ele>
      </trkpt>
      <trkpt lat="45.3074458" lon="-72.53295">
        <ele>227.06</ele>
      </trkpt>
      <trkpt lat="45.3074486" lon="-72.53185">
        <ele>227.07</ele>
      </trkpt>
      <trkpt lat="45.3074515" lon="-72.53075">
        <ele>226.19</ele>
      </trkpt>
      <trkpt lat="45.3074543" lon="-72.52965">
        <ele>224.37</ele>
      </trkpt>
      <trkpt lat="45.3074572" lon="-72.52855">
        <ele>224.95</ele>
      </trkpt>
      <trkpt lat="45.30746" lon="-72.52745">
        <ele>222.53</ele>
      </trkpt>
      <trkpt lat="45.30749" lon="-72.527">
        <ele>220.53</ele>
      </trkpt>
      <trkpt lat="45.30758" lon="-72.52656">
        <ele>216.62</ele>
      </trkpt>
      <trkpt lat="45.307785" lon="-72.525755">
        <ele>209.92</ele>
      </trkpt>
      <trkpt lat="45.30799" lon="-72.52495">
        <ele>207.55</ele>
      </trkpt>
      <trkpt lat="45.308095" lon="-72.524165">
        <ele>209.55</ele>
      </trkpt>
      <trkpt lat="45.3082" lon="-72.52338">
        <ele>212.49</ele>
      </trkpt>
      <trkpt lat="45.3083" lon="-72.52284">
        <ele>214.45</ele>
      </trkpt>
      <trkpt lat="45.30853" lon="-72.5217975">
        <ele>217.44</ele>
      </trkpt>
      <trkpt lat="45.30876" lon="-72.520755">
        <ele>220.92</ele>
      </trkpt>
      <trkpt lat="45.30899" lon="-72.5197125">
        <ele>223.08</ele>
      </trkpt>
      <trkpt lat="45.30922" lon="-72.51867">
        <ele>225.73</ele>
      </trkpt>
      <trkpt lat="45.3094" lon="-72.51742">
        <ele>226.56</ele>
      </trkpt>
      <trkpt lat="45.309465" lon="-72.516715">
        <ele>227.75</ele>
      </trkpt>
      <trkpt lat="45.30953" lon="-72.51601">
        <ele>228.88</ele>
      </trkpt>
      <trkpt lat="45.30959" lon="-72.51501">
        <ele>229.85</ele>
      </trkpt>
      <trkpt lat="45.30965" lon="-72.51401">
        <ele>230.51</ele>
      </trkpt>
      <trkpt lat="45.30962" lon="-72.513165">
        <ele>227.55</ele>
      </trkpt>
      <trkpt lat="45.30959" lon="-72.51232">
        <ele>225.98</ele>
      </trkpt>
      <trkpt lat="45.30954" lon="-72.51191">
        <ele>226.44</ele>
      </trkpt>
      <trkpt lat="45.30951" lon="-72.51172">
        <ele>226.73</ele>
      </trkpt>
      <trkpt lat="45.30924" lon="-72.51075">
        <ele>230.36</ele>
      </trkpt>
      <trkpt lat="45.30903" lon="-72.51025">
        <ele>227.67</ele>
      </trkpt>
      <trkpt lat="45.30863" lon="-72.50937">
        <ele>223.87</ele>
      </trkpt>
      <trkpt lat="45.30823" lon="-72.50849">
        <ele>223.31</ele>
      </trkpt>
      <trkpt lat="45.30783" lon="-72.50761">
        <ele>226.77</ele>
      </trkpt>
      <trkpt lat="45.3077" lon="-72.50722">
        <ele>227.25</ele>
      </trkpt>
      <trkpt lat="45.30757" lon="-72.50663">
        <ele>226.54</ele>
      </trkpt>
      <trkpt lat="45.30752" lon="-72.50596">
        <ele>224.44</ele>
      </trkpt>
      <trkpt lat="45.3075367" lon="-72.5049967">
        <ele>223.07</ele>
      </trkpt>
      <trkpt lat="45.3075533" lon="-72.5040333">
        <ele>223.07</ele>
      </trkpt>
      <trkpt lat="45.30757" lon="-72.50307">
        <ele>223.93</ele>
      </trkpt>
      <trkpt lat="45.30757" lon="-72.50182">
        <ele>223.82</ele>
      </trkpt>
      <trkpt lat="45.30757" lon="-72.50182">
        <ele>223.82</ele>
      </trkpt>
      <trkpt lat="45.30757" lon="-72.5009267">
        <ele>222.29</ele>
      </trkpt>
      <trkpt lat="45.30757" lon="-72.5000333">
        <ele>220.25</ele>
      </trkpt>
      <trkpt lat="45.30757" lon="-72.49914">
        <ele>220.67</ele>
      </trkpt>
      <trkpt lat="45.3082" lon="-72.49932">
        <ele>222.23</ele>
      </trkpt>
      <trkpt lat="45.30848" lon="-72.49933">
        <ele>222.98</ele>
      </trkpt>
      <trkpt lat="45.30883" lon="-72.4993">
        <ele>223.98</ele>
      </trkpt>
      <trkpt lat="45.30878" lon="-72.49904">
        <ele>224.27</ele>
      </trkpt>
      <trkpt lat="45.30865" lon="-72.49906">
        <ele>224.16</ele>
      </trkpt>
      <trkpt lat="45.30828" lon="-72.49906">
        <ele>223.75</ele>
      </trkpt>
      <trkpt lat="45.30806" lon="-72.49902">
        <ele>223.13</ele>
      </trkpt>
      <trkpt lat="45.3076" lon="-72.49888">
        <ele>222.6</ele>
      </trkpt>
      <trkpt lat="45.306784" lon="-72.49855">
        <ele>221.71</ele>
      </trkpt>
      <trkpt lat="45.305968" lon="-72.49822">
        <ele>220.67</ele>
      </trkpt>
      <trkpt lat="45.305152" lon="-72.49789">
        <ele>220.71</ele>
      </trkpt>
      <trkpt lat="45.304336" lon="-72.49756">
        <ele>219.41</ele>
      </trkpt>
      <trkpt lat="45.30352" lon="-72.49723">
        <ele>218.47</ele>
      </trkpt>
      <trkpt lat="45.3029" lon="-72.49701">
        <ele>218.11</ele>
      </trkpt>
      <trkpt lat="45.30231" lon="-72.49691">
        <ele>217.44</ele>
      </trkpt>
      <trkpt lat="45.30201" lon="-72.49691">
        <ele>217.34</ele>
      </trkpt>
      <trkpt lat="45.301425" lon="-72.49696">
        <ele>216.36</ele>
      </trkpt>
      <trkpt lat="45.30084" lon="-72.49701">
        <ele>215.96</ele>
      </trkpt>
      <trkpt lat="45.30082" lon="-72.49701">
        <ele>215.95</ele>
      </trkpt>
      <trkpt lat="45.30011" lon="-72.49707">
        <ele>215.72</ele>
      </trkpt>
      <trkpt lat="45.299405" lon="-72.497145">
        <ele>215.2</ele>
      </trkpt>
      <trkpt lat="45.2987" lon="-72.49722">
        <ele>214.41</ele>
      </trkpt>
      <trkpt lat="45.297995" lon="-72.497295">
        <ele>214.26</ele>
      </trkpt>
      <trkpt lat="45.29729" lon="-72.49737">
        <ele>213.7</ele>
      </trkpt>
      <trkpt lat="45.2965175" lon="-72.497435">
        <ele>213.85</ele>
      </trkpt>
      <trkpt lat="45.295745" lon="-72.4975">
        <ele>213.1</ele>
      </trkpt>
      <trkpt lat="45.2949725" lon="-72.497565">
        <ele>212.39</ele>
      </trkpt>
      <trkpt lat="45.2942" lon="-72.49763">
        <ele>212.27</ele>
      </trkpt>
      <trkpt lat="45.29393" lon="-72.49764">
        <ele>212.31</ele>
      </trkpt>
      <trkpt lat="45.2936" lon="-72.49763">
        <ele>212.73</ele>
      </trkpt>
      <trkpt lat="45.29332" lon="-72.49758">
        <ele>213.25</ele>
      </trkpt>
      <trkpt lat="45.29322" lon="-72.49753">
        <ele>213.47</ele>
      </trkpt>
      <trkpt lat="45.29298" lon="-72.49856">
        <ele>212.28</ele>
      </trkpt>
      <trkpt lat="45.29271" lon="-72.49966">
        <ele>211.61</ele>
      </trkpt>
      <trkpt lat="45.29244" lon="-72.50076">
        <ele>212.4</ele>
      </trkpt>
      <trkpt lat="45.29242" lon="-72.50089">
        <ele>212.66</ele>
      </trkpt>
      <trkpt lat="45.29248" lon="-72.50089">
        <ele>212.61</ele>
      </trkpt>
      <trkpt lat="45.29248" lon="-72.50089">
        <ele>212.61</ele>
      </trkpt>
      <trkpt lat="45.29242" lon="-72.50089">
        <ele>212.66</ele>
      </trkpt>
      <trkpt lat="45.29244" lon="-72.50076">
        <ele>212.4</ele>
      </trkpt>
      <trkpt lat="45.29271" lon="-72.49966">
        <ele>211.61</ele>
      </trkpt>
      <trkpt lat="45.29298" lon="-72.49856">
        <ele>212.28</ele>
      </trkpt>
      <trkpt lat="45.29322" lon="-72.49753">
        <ele>213.47</ele>
      </trkpt>
      <trkpt lat="45.29306" lon="-72.49749">
        <ele>213.39</ele>
      </trkpt>
      <trkpt lat="45.29258" lon="-72.49727">
        <ele>212.95</ele>
      </trkpt>
      <trkpt lat="45.29219" lon="-72.49701">
        <ele>213.06</ele>
      </trkpt>
      <trkpt lat="45.2914575" lon="-72.496375">
        <ele>212.67</ele>
      </trkpt>
      <trkpt lat="45.290725" lon="-72.49574">
        <ele>213.3</ele>
      </trkpt>
      <trkpt lat="45.2899925" lon="-72.495105">
        <ele>213.21</ele>
      </trkpt>
      <trkpt lat="45.28926" lon="-72.49447">
        <ele>213.45</ele>
      </trkpt>
      <trkpt lat="45.28858" lon="-72.49391">
        <ele>213.5</ele>
      </trkpt>
      <trkpt lat="45.28809" lon="-72.49346">
        <ele>213.72</ele>
      </trkpt>
      <trkpt lat="45.287655" lon="-72.493015">
        <ele>214.39</ele>
      </trkpt>
      <trkpt lat="45.28722" lon="-72.49257">
        <ele>214.32</ele>
      </trkpt>
      <trkpt lat="45.28719" lon="-72.49251">
        <ele>214.32</ele>
      </trkpt>
      <trkpt lat="45.2871" lon="-72.49248">
        <ele>214.32</ele>
      </trkpt>
      <trkpt lat="45.28693" lon="-72.49235">
        <ele>214.57</ele>
      </trkpt>
      <trkpt lat="45.28651" lon="-72.49188">
        <ele>214.77</ele>
      </trkpt>
      <trkpt lat="45.2865" lon="-72.49207">
        <ele>214.7</ele>
      </trkpt>
      <trkpt lat="45.28639" lon="-72.49207">
        <ele>214.38</ele>
      </trkpt>
      <trkpt lat="45.28578" lon="-72.49154">
        <ele>212.48</ele>
      </trkpt>
      <trkpt lat="45.28529" lon="-72.49106">
        <ele>211.2</ele>
      </trkpt>
      <trkpt lat="45.284855" lon="-72.49072">
        <ele>209.54</ele>
      </trkpt>
      <trkpt lat="45.28442" lon="-72.49038">
        <ele>208.76</ele>
      </trkpt>
      <trkpt lat="45.28376" lon="-72.49002">
        <ele>206.95</ele>
      </trkpt>
      <trkpt lat="45.28334" lon="-72.48988">
        <ele>206.07</ele>
      </trkpt>
      <trkpt lat="45.28301" lon="-72.4898">
        <ele>205.32</ele>
      </trkpt>
      <trkpt lat="45.2823033" lon="-72.48971">
        <ele>203.83</ele>
      </trkpt>
      <trkpt lat="45.2815967" lon="-72.48962">
        <ele>201.72</ele>
      </trkpt>
      <trkpt lat="45.28089" lon="-72.48953">
        <ele>200.83</ele>
      </trkpt>
      <trkpt lat="45.28089" lon="-72.48953">
        <ele>200.83</ele>
      </trkpt>
      <trkpt lat="45.2801017" lon="-72.48943">
        <ele>200.15</ele>
      </trkpt>
      <trkpt lat="45.2793133" lon="-72.48933">
        <ele>199.78</ele>
      </trkpt>
      <trkpt lat="45.278525" lon="-72.48923">
        <ele>199.87</ele>
      </trkpt>
      <trkpt lat="45.2777367" lon="-72.48913">
        <ele>199.73</ele>
      </trkpt>
      <trkpt lat="45.2769483" lon="-72.48903">
        <ele>199.79</ele>
      </trkpt>
      <trkpt lat="45.27616" lon="-72.48893">
        <ele>200.35</ele>
      </trkpt>
      <trkpt lat="45.2753154" lon="-72.4888354">
        <ele>200.15</ele>
      </trkpt>
      <trkpt lat="45.2744708" lon="-72.4887407">
        <ele>199.84</ele>
      </trkpt>
      <trkpt lat="45.2736262" lon="-72.4886461">
        <ele>199.72</ele>
      </trkpt>
      <trkpt lat="45.2727815" lon="-72.4885515">
        <ele>199.6</ele>
      </trkpt>
      <trkpt lat="45.2719369" lon="-72.4884569">
        <ele>199.67</ele>
      </trkpt>
      <trkpt lat="45.2710923" lon="-72.4883622">
        <ele>199.82</ele>
      </trkpt>
      <trkpt lat="45.2702477" lon="-72.4882676">
        <ele>199.8</ele>
      </trkpt>
      <trkpt lat="45.2694031" lon="-72.488173">
        <ele>199.87</ele>
      </trkpt>
      <trkpt lat="45.2685585" lon="-72.4880784">
        <ele>199.82</ele>
      </trkpt>
      <trkpt lat="45.2677138" lon="-72.4879838">
        <ele>199.93</ele>
      </trkpt>
      <trkpt lat="45.2668692" lon="-72.4878892">
        <ele>199.88</ele>
      </trkpt>
      <trkpt lat="45.2660246" lon="-72.4877946">
        <ele>199.8</ele>
      </trkpt>
      <trkpt lat="45.26518" lon="-72.4877">
        <ele>199.8</ele>
      </trkpt>
      <trkpt lat="45.2644533" lon="-72.4876033">
        <ele>199.88</ele>
      </trkpt>
      <trkpt lat="45.2637267" lon="-72.4875067">
        <ele>199.98</ele>
      </trkpt>
      <trkpt lat="45.263" lon="-72.48741">
        <ele>199.98</ele>
      </trkpt>
      <trkpt lat="45.2622733" lon="-72.4872933">
        <ele>200.25</ele>
      </trkpt>
      <trkpt lat="45.2615467" lon="-72.4871767">
        <ele>200.56</ele>
      </trkpt>
      <trkpt lat="45.26082" lon="-72.48706">
        <ele>200.66</ele>
      </trkpt>
      <trkpt lat="45.2601033" lon="-72.4869867">
        <ele>200.57</ele>
      </trkpt>
      <trkpt lat="45.2593867" lon="-72.4869133">
        <ele>200.47</ele>
      </trkpt>
      <trkpt lat="45.25867" lon="-72.48684">
        <ele>200.42</ele>
      </trkpt>
      <trkpt lat="45.25848" lon="-72.48675">
        <ele>200.59</ele>
      </trkpt>
      <trkpt lat="45.25842" lon="-72.48675">
        <ele>200.59</ele>
      </trkpt>
      <trkpt lat="45.25824" lon="-72.48679">
        <ele>200.61</ele>
      </trkpt>
      <trkpt lat="45.257375" lon="-72.4866825">
        <ele>200.74</ele>
      </trkpt>
      <trkpt lat="45.25651" lon="-72.486575">
        <ele>200.69</ele>
      </trkpt>
      <trkpt lat="45.255645" lon="-72.4864675">
        <ele>200.77</ele>
      </trkpt>
      <trkpt lat="45.25478" lon="-72.48636">
        <ele>200.72</ele>
      </trkpt>
      <trkpt lat="45.25478" lon="-72.48636">
        <ele>200.72</ele>
      </trkpt>
      <trkpt lat="45.2539633" lon="-72.4862533">
        <ele>200.75</ele>
      </trkpt>
      <trkpt lat="45.2531467" lon="-72.4861467">
        <ele>200.45</ele>
      </trkpt>
      <trkpt lat="45.25233" lon="-72.48604">
        <ele>200.85</ele>
      </trkpt>
      <trkpt lat="45.25157" lon="-72.48598">
        <ele>200.82</ele>
      </trkpt>
      <trkpt lat="45.25138" lon="-72.48591">
        <ele>200.95</ele>
      </trkpt>
      <trkpt lat="45.25068" lon="-72.48581">
        <ele>200.62</ele>
      </trkpt>
      <trkpt lat="45.2499067" lon="-72.4857217">
        <ele>200.87</ele>
      </trkpt>
      <trkpt lat="45.2491333" lon="-72.4856333">
        <ele>202.57</ele>
      </trkpt>
      <trkpt lat="45.24836" lon="-72.485545">
        <ele>203.35</ele>
      </trkpt>
      <trkpt lat="45.2475867" lon="-72.4854567">
        <ele>203.45</ele>
      </trkpt>
      <trkpt lat="45.2468133" lon="-72.4853683">
        <ele>203.98</ele>
      </trkpt>
      <trkpt lat="45.24604" lon="-72.48528">
        <ele>205.12</ele>
      </trkpt>
      <trkpt lat="45.24562" lon="-72.4853">
        <ele>205.53</ele>
      </trkpt>
      <trkpt lat="45.24535" lon="-72.48536">
        <ele>205.47</ele>
      </trkpt>
      <trkpt lat="45.24534" lon="-72.48536">
        <ele>205.47</ele>
      </trkpt>
      <trkpt lat="45.24477" lon="-72.4855">
        <ele>205.6</ele>
      </trkpt>
      <trkpt lat="45.24448" lon="-72.48563">
        <ele>205.51</ele>
      </trkpt>
      <trkpt lat="45.244055" lon="-72.48588">
        <ele>205.15</ele>
      </trkpt>
      <trkpt lat="45.24363" lon="-72.48613">
        <ele>204.63</ele>
      </trkpt>
      <trkpt lat="45.24328" lon="-72.48639">
        <ele>204.36</ele>
      </trkpt>
      <trkpt lat="45.24286" lon="-72.48679">
        <ele>204.04</ele>
      </trkpt>
      <trkpt lat="45.24246" lon="-72.4872">
        <ele>204.29</ele>
      </trkpt>
      <trkpt lat="45.24237" lon="-72.48738">
        <ele>204.15</ele>
      </trkpt>
      <trkpt lat="45.24184" lon="-72.488115">
        <ele>203.87</ele>
      </trkpt>
      <trkpt lat="45.24131" lon="-72.48885">
        <ele>203.34</ele>
      </trkpt>
      <trkpt lat="45.240935" lon="-72.489395">
        <ele>203.19</ele>
      </trkpt>
      <trkpt lat="45.24056" lon="-72.48994">
        <ele>203.4</ele>
      </trkpt>
      <trkpt lat="45.24055" lon="-72.48994">
        <ele>203.4</ele>
      </trkpt>
      <trkpt lat="45.24017" lon="-72.49051">
        <ele>203.54</ele>
      </trkpt>
      <trkpt lat="45.23993" lon="-72.49082">
        <ele>203.43</ele>
      </trkpt>
      <trkpt lat="45.23963" lon="-72.49109">
        <ele>203.3</ele>
      </trkpt>
      <trkpt lat="45.2388633" lon="-72.49155">
        <ele>203.26</ele>
      </trkpt>
      <trkpt lat="45.2380967" lon="-72.49201">
        <ele>203.52</ele>
      </trkpt>
      <trkpt lat="45.23733" lon="-72.49247">
        <ele>204.37</ele>
      </trkpt>
      <trkpt lat="45.23667" lon="-72.4929333">
        <ele>204.71</ele>
      </trkpt>
      <trkpt lat="45.23601" lon="-72.4933967">
        <ele>204.52</ele>
      </trkpt>
      <trkpt lat="45.23535" lon="-72.49386">
        <ele>204.46</ele>
      </trkpt>
      <trkpt lat="45.2345925" lon="-72.494435">
        <ele>204.06</ele>
      </trkpt>
      <trkpt lat="45.233835" lon="-72.49501">
        <ele>204.24</ele>
      </trkpt>
      <trkpt lat="45.2330775" lon="-72.495585">
        <ele>203.92</ele>
      </trkpt>
      <trkpt lat="45.23232" lon="-72.49616">
        <ele>203.9</ele>
      </trkpt>
      <trkpt lat="45.23183" lon="-72.49651">
        <ele>202.82</ele>
      </trkpt>
      <trkpt lat="45.23114" lon="-72.49691">
        <ele>201.66</ele>
      </trkpt>
      <trkpt lat="45.23054" lon="-72.49721">
        <ele>202.06</ele>
      </trkpt>
      <trkpt lat="45.23054" lon="-72.49722">
        <ele>202.06</ele>
      </trkpt>
      <trkpt lat="45.230115" lon="-72.497445">
        <ele>201.96</ele>
      </trkpt>
      <trkpt lat="45.22969" lon="-72.49767">
        <ele>202.02</ele>
      </trkpt>
      <trkpt lat="45.22918" lon="-72.49798">
        <ele>201.51</ele>
      </trkpt>
      <trkpt lat="45.2289" lon="-72.49822">
        <ele>200.97</ele>
      </trkpt>
      <trkpt lat="45.22874" lon="-72.49843">
        <ele>201.02</ele>
      </trkpt>
      <trkpt lat="45.22843" lon="-72.49887">
        <ele>201.35</ele>
      </trkpt>
      <trkpt lat="45.2278367" lon="-72.4997534">
        <ele>201.6</ele>
      </trkpt>
      <trkpt lat="45.2272433" lon="-72.5006367">
        <ele>201.5</ele>
      </trkpt>
      <trkpt lat="45.22665" lon="-72.50152">
        <ele>202.07</ele>
      </trkpt>
      <trkpt lat="45.22607" lon="-72.50232">
        <ele>201.91</ele>
      </trkpt>
      <trkpt lat="45.22588" lon="-72.50264">
        <ele>201.91</ele>
      </trkpt>
      <trkpt lat="45.22576" lon="-72.50296">
        <ele>202.28</ele>
      </trkpt>
      <trkpt lat="45.22575" lon="-72.50305">
        <ele>202.28</ele>
      </trkpt>
      <trkpt lat="45.2258" lon="-72.50327">
        <ele>202.48</ele>
      </trkpt>
      <trkpt lat="45.22579" lon="-72.50337">
        <ele>202.48</ele>
      </trkpt>
      <trkpt lat="45.22545" lon="-72.5044">
        <ele>202.38</ele>
      </trkpt>
      <trkpt lat="45.22541" lon="-72.5047">
        <ele>202.21</ele>
      </trkpt>
      <trkpt lat="45.22539" lon="-72.50511">
        <ele>201.94</ele>
      </trkpt>
      <trkpt lat="45.2254" lon="-72.50551">
        <ele>201.86</ele>
      </trkpt>
      <trkpt lat="45.22547" lon="-72.50619">
        <ele>201.94</ele>
      </trkpt>
      <trkpt lat="45.22553" lon="-72.507355">
        <ele>201.91</ele>
      </trkpt>
      <trkpt lat="45.22559" lon="-72.50852">
        <ele>202.04</ele>
      </trkpt>
      <trkpt lat="45.22558" lon="-72.50927">
        <ele>201.97</ele>
      </trkpt>
      <trkpt lat="45.22553" lon="-72.50968">
        <ele>201.96</ele>
      </trkpt>
      <trkpt lat="45.22553" lon="-72.50969">
        <ele>201.96</ele>
      </trkpt>
      <trkpt lat="45.22545" lon="-72.51048">
        <ele>202.19</ele>
      </trkpt>
      <trkpt lat="45.22535" lon="-72.51097">
        <ele>202.1</ele>
      </trkpt>
      <trkpt lat="45.225" lon="-72.51191">
        <ele>202.61</ele>
      </trkpt>
      <trkpt lat="45.22462" lon="-72.51262">
        <ele>203.56</ele>
      </trkpt>
      <trkpt lat="45.224072" lon="-72.513444">
        <ele>205.63</ele>
      </trkpt>
      <trkpt lat="45.223524" lon="-72.514268">
        <ele>206.43</ele>
      </trkpt>
      <trkpt lat="45.222976" lon="-72.515092">
        <ele>207.25</ele>
      </trkpt>
      <trkpt lat="45.222428" lon="-72.515916">
        <ele>208.37</ele>
      </trkpt>
      <trkpt lat="45.22188" lon="-72.51674">
        <ele>209.07</ele>
      </trkpt>
      <trkpt lat="45.2219" lon="-72.51696">
        <ele>209.09</ele>
      </trkpt>
      <trkpt lat="45.221915" lon="-72.51786">
        <ele>209.23</ele>
      </trkpt>
      <trkpt lat="45.22193" lon="-72.51876">
        <ele>209.7</ele>
      </trkpt>
      <trkpt lat="45.22196" lon="-72.51894">
        <ele>209.71</ele>
      </trkpt>
      <trkpt lat="45.22202" lon="-72.51912">
        <ele>209.56</ele>
      </trkpt>
      <trkpt lat="45.22221" lon="-72.51962">
        <ele>208.9</ele>
      </trkpt>
      <trkpt lat="45.22221" lon="-72.51962">
        <ele>208.9</ele>
      </trkpt>
      <trkpt lat="45.22241" lon="-72.5201">
        <ele>208.57</ele>
      </trkpt>
      <trkpt lat="45.22265" lon="-72.52095">
        <ele>208.15</ele>
      </trkpt>
      <trkpt lat="45.22274" lon="-72.5214">
        <ele>207.82</ele>
      </trkpt>
      <trkpt lat="45.22278" lon="-72.52248">
        <ele>206.7</ele>
      </trkpt>
      <trkpt lat="45.22276" lon="-72.52292">
        <ele>206.31</ele>
      </trkpt>
      <trkpt lat="45.22267" lon="-72.5232">
        <ele>205.43</ele>
      </trkpt>
      <trkpt lat="45.22245" lon="-72.52355">
        <ele>203.55</ele>
      </trkpt>
      <trkpt lat="45.22176" lon="-72.52429">
        <ele>202.04</ele>
      </trkpt>
      <trkpt lat="45.221345" lon="-72.524715">
        <ele>202</ele>
      </trkpt>
      <trkpt lat="45.22093" lon="-72.52514">
        <ele>202.75</ele>
      </trkpt>
      <trkpt lat="45.2212467" lon="-72.5262733">
        <ele>201.87</ele>
      </trkpt>
      <trkpt lat="45.2215633" lon="-72.5274067">
        <ele>201.91</ele>
      </trkpt>
      <trkpt lat="45.22188" lon="-72.52854">
        <ele>202.43</ele>
      </trkpt>
      <trkpt lat="45.22205" lon="-72.52914">
        <ele>202.84</ele>
      </trkpt>
      <trkpt lat="45.22218" lon="-72.52972">
        <ele>202.98</ele>
      </trkpt>
      <trkpt lat="45.22227" lon="-72.53042">
        <ele>202.91</ele>
      </trkpt>
      <trkpt lat="45.2223" lon="-72.53146">
        <ele>202.59</ele>
      </trkpt>
      <trkpt lat="45.22233" lon="-72.5325">
        <ele>202.33</ele>
      </trkpt>
    </trkseg>
  </trk>
</gpx>