<?xml version='1.0' encoding='utf-8'?>
<gpx xmlns="http://www.topografix.com/GPX/1/1" xmlns:xsi="http://www.w3.org/2001/XMLSchema-instance" version="1.1" creator="Gravelle Estrie" xsi:schemaLocation="http://www.topografix.com/GPX/1/1 http://www.topografix.com/GPX/1/1/gpx.xsd">
  <metadata>
    <name>La Classique (modifiée)</name>
  </metadata>
  <trk>
    <name>La Classique (modifiée)</name>
    <trkseg>
      <trkpt lat="45.34315" lon="-72.64854">
        <ele>133.8</ele>
      </trkpt>
      <trkpt lat="45.34302" lon="-72.64859">
        <ele>134.4</ele>
      </trkpt>
      <trkpt lat="45.34272" lon="-72.64847">
        <ele>135.7</ele>
      </trkpt>
      <trkpt lat="45.34248" lon="-72.64854">
        <ele>137.9</ele>
      </trkpt>
      <trkpt lat="45.34229" lon="-72.64851">
        <ele>137.9</ele>
      </trkpt>
      <trkpt lat="45.34201" lon="-72.64849">
        <ele>137.2</ele>
      </trkpt>
      <trkpt lat="45.34189" lon="-72.64851">
        <ele>137.2</ele>
      </trkpt>
      <trkpt lat="45.34185" lon="-72.6486">
        <ele>137.2</ele>
      </trkpt>
      <trkpt lat="45.34175" lon="-72.649">
        <ele>137.4</ele>
      </trkpt>
      <trkpt lat="45.34169" lon="-72.64909">
        <ele>137.3</ele>
      </trkpt>
      <trkpt lat="45.34161" lon="-72.64914">
        <ele>137.1</ele>
      </trkpt>
      <trkpt lat="45.34135" lon="-72.64918">
        <ele>136.6</ele>
      </trkpt>
      <trkpt lat="45.34099" lon="-72.64914">
        <ele>137.2</ele>
      </trkpt>
      <trkpt lat="45.34094" lon="-72.64913">
        <ele>137.4</ele>
      </trkpt>
      <trkpt lat="45.34062" lon="-72.64926">
        <ele>137</ele>
      </trkpt>
      <trkpt lat="45.34045" lon="-72.64935">
        <ele>136.6</ele>
      </trkpt>
      <trkpt lat="45.34005" lon="-72.64926">
        <ele>136.4</ele>
      </trkpt>
      <trkpt lat="45.3396" lon="-72.64931">
        <ele>136.6</ele>
      </trkpt>
      <trkpt lat="45.33918" lon="-72.64923">
        <ele>134.5</ele>
      </trkpt>
      <trkpt lat="45.33907" lon="-72.64914">
        <ele>133.8</ele>
      </trkpt>
      <trkpt lat="45.33897" lon="-72.6491">
        <ele>132.4</ele>
      </trkpt>
      <trkpt lat="45.33888" lon="-72.64913">
        <ele>132.4</ele>
      </trkpt>
      <trkpt lat="45.3387" lon="-72.64926">
        <ele>131.2</ele>
      </trkpt>
      <trkpt lat="45.33849" lon="-72.64913">
        <ele>130</ele>
      </trkpt>
      <trkpt lat="45.33841" lon="-72.6491">
        <ele>129.6</ele>
      </trkpt>
      <trkpt lat="45.33828" lon="-72.64931">
        <ele>129.9</ele>
      </trkpt>
      <trkpt lat="45.33824" lon="-72.64932">
        <ele>129.9</ele>
      </trkpt>
      <trkpt lat="45.33819" lon="-72.64931">
        <ele>130.3</ele>
      </trkpt>
      <trkpt lat="45.33818" lon="-72.64922">
        <ele>130.6</ele>
      </trkpt>
      <trkpt lat="45.3382" lon="-72.64901">
        <ele>130.8</ele>
      </trkpt>
      <trkpt lat="45.33809" lon="-72.649">
        <ele>131</ele>
      </trkpt>
      <trkpt lat="45.33803" lon="-72.64901">
        <ele>131</ele>
      </trkpt>
      <trkpt lat="45.3379" lon="-72.64886">
        <ele>130.8</ele>
      </trkpt>
      <trkpt lat="45.33778" lon="-72.64882">
        <ele>130.9</ele>
      </trkpt>
      <trkpt lat="45.33726" lon="-72.64886">
        <ele>131.9</ele>
      </trkpt>
      <trkpt lat="45.33712" lon="-72.64885">
        <ele>132.2</ele>
      </trkpt>
      <trkpt lat="45.33649" lon="-72.64896">
        <ele>132.2</ele>
      </trkpt>
      <trkpt lat="45.33641" lon="-72.64901">
        <ele>131.5</ele>
      </trkpt>
      <trkpt lat="45.3364" lon="-72.64908">
        <ele>131.2</ele>
      </trkpt>
      <trkpt lat="45.33657" lon="-72.64973">
        <ele>128.2</ele>
      </trkpt>
      <trkpt lat="45.33674" lon="-72.65034">
        <ele>125.9</ele>
      </trkpt>
      <trkpt lat="45.33673" lon="-72.65043">
        <ele>125.7</ele>
      </trkpt>
      <trkpt lat="45.33668" lon="-72.65048">
        <ele>125.3</ele>
      </trkpt>
      <trkpt lat="45.33641" lon="-72.65061">
        <ele>125.1</ele>
      </trkpt>
      <trkpt lat="45.33639" lon="-72.65065">
        <ele>125.1</ele>
      </trkpt>
      <trkpt lat="45.33651" lon="-72.65111">
        <ele>123.5</ele>
      </trkpt>
      <trkpt lat="45.33652" lon="-72.6512">
        <ele>123.5</ele>
      </trkpt>
      <trkpt lat="45.33651" lon="-72.65124">
        <ele>123.4</ele>
      </trkpt>
      <trkpt lat="45.33642" lon="-72.65128">
        <ele>123.1</ele>
      </trkpt>
      <trkpt lat="45.33604" lon="-72.65137">
        <ele>123</ele>
      </trkpt>
      <trkpt lat="45.33575" lon="-72.65159">
        <ele>122.3</ele>
      </trkpt>
      <trkpt lat="45.33546" lon="-72.65162">
        <ele>121.2</ele>
      </trkpt>
      <trkpt lat="45.3351" lon="-72.65168">
        <ele>120.7</ele>
      </trkpt>
      <trkpt lat="45.33506" lon="-72.65172">
        <ele>120.7</ele>
      </trkpt>
      <trkpt lat="45.33506" lon="-72.65178">
        <ele>120.4</ele>
      </trkpt>
      <trkpt lat="45.33447" lon="-72.65191">
        <ele>118.6</ele>
      </trkpt>
      <trkpt lat="45.33438" lon="-72.65182">
        <ele>118.3</ele>
      </trkpt>
      <trkpt lat="45.33431" lon="-72.65164">
        <ele>117.9</ele>
      </trkpt>
      <trkpt lat="45.33424" lon="-72.65155">
        <ele>117.6</ele>
      </trkpt>
      <trkpt lat="45.33388" lon="-72.6512">
        <ele>117.2</ele>
      </trkpt>
      <trkpt lat="45.3338" lon="-72.65107">
        <ele>117.3</ele>
      </trkpt>
      <trkpt lat="45.33367" lon="-72.65102">
        <ele>117</ele>
      </trkpt>
      <trkpt lat="45.3336" lon="-72.65103">
        <ele>117</ele>
      </trkpt>
      <trkpt lat="45.33359" lon="-72.65103">
        <ele>117</ele>
      </trkpt>
      <trkpt lat="45.33348" lon="-72.65105">
        <ele>117</ele>
      </trkpt>
      <trkpt lat="45.33317" lon="-72.65087">
        <ele>116.3</ele>
      </trkpt>
      <trkpt lat="45.33303" lon="-72.65088">
        <ele>116.1</ele>
      </trkpt>
      <trkpt lat="45.33287" lon="-72.65101">
        <ele>116</ele>
      </trkpt>
      <trkpt lat="45.33279" lon="-72.65101">
        <ele>116</ele>
      </trkpt>
      <trkpt lat="45.33275" lon="-72.65097">
        <ele>116.1</ele>
      </trkpt>
      <trkpt lat="45.3327" lon="-72.65092">
        <ele>116.1</ele>
      </trkpt>
      <trkpt lat="45.33265" lon="-72.65083">
        <ele>116.3</ele>
      </trkpt>
      <trkpt lat="45.33255" lon="-72.64972">
        <ele>116.2</ele>
      </trkpt>
      <trkpt lat="45.3325" lon="-72.64959">
        <ele>116.2</ele>
      </trkpt>
      <trkpt lat="45.33243" lon="-72.64954">
        <ele>115.8</ele>
      </trkpt>
      <trkpt lat="45.33221" lon="-72.64954">
        <ele>115</ele>
      </trkpt>
      <trkpt lat="45.33209" lon="-72.64945">
        <ele>114.6</ele>
      </trkpt>
      <trkpt lat="45.33197" lon="-72.64944">
        <ele>114.5</ele>
      </trkpt>
      <trkpt lat="45.33136" lon="-72.6494">
        <ele>114.5</ele>
      </trkpt>
      <trkpt lat="45.3311" lon="-72.64936">
        <ele>115.3</ele>
      </trkpt>
      <trkpt lat="45.33067" lon="-72.64932">
        <ele>116.9</ele>
      </trkpt>
      <trkpt lat="45.33054" lon="-72.6494">
        <ele>117.3</ele>
      </trkpt>
      <trkpt lat="45.33039" lon="-72.64957">
        <ele>117.5</ele>
      </trkpt>
      <trkpt lat="45.33034" lon="-72.64958">
        <ele>117.5</ele>
      </trkpt>
      <trkpt lat="45.33006" lon="-72.64949">
        <ele>117.6</ele>
      </trkpt>
      <trkpt lat="45.32987" lon="-72.64954">
        <ele>117.1</ele>
      </trkpt>
      <trkpt lat="45.32977" lon="-72.6495">
        <ele>116.9</ele>
      </trkpt>
      <trkpt lat="45.32958" lon="-72.64931">
        <ele>117</ele>
      </trkpt>
      <trkpt lat="45.3295" lon="-72.64929">
        <ele>117</ele>
      </trkpt>
      <trkpt lat="45.32939" lon="-72.64928">
        <ele>117</ele>
      </trkpt>
      <trkpt lat="45.32935" lon="-72.64931">
        <ele>117</ele>
      </trkpt>
      <trkpt lat="45.32921" lon="-72.64949">
        <ele>116.7</ele>
      </trkpt>
      <trkpt lat="45.32902" lon="-72.64958">
        <ele>116.6</ele>
      </trkpt>
      <trkpt lat="45.3288" lon="-72.64989">
        <ele>116.6</ele>
      </trkpt>
      <trkpt lat="45.32859" lon="-72.65004">
        <ele>116.5</ele>
      </trkpt>
      <trkpt lat="45.32828" lon="-72.65043">
        <ele>116.5</ele>
      </trkpt>
      <trkpt lat="45.32828" lon="-72.65044">
        <ele>116.5</ele>
      </trkpt>
      <trkpt lat="45.32817" lon="-72.65057">
        <ele>116.8</ele>
      </trkpt>
      <trkpt lat="45.32809" lon="-72.65065">
        <ele>116.9</ele>
      </trkpt>
      <trkpt lat="45.32784" lon="-72.65065">
        <ele>117.6</ele>
      </trkpt>
      <trkpt lat="45.32743" lon="-72.65083">
        <ele>117.9</ele>
      </trkpt>
      <trkpt lat="45.32721" lon="-72.65098">
        <ele>118.1</ele>
      </trkpt>
      <trkpt lat="45.3269" lon="-72.65137">
        <ele>118.7</ele>
      </trkpt>
      <trkpt lat="45.32684" lon="-72.65137">
        <ele>118.7</ele>
      </trkpt>
      <trkpt lat="45.3268" lon="-72.65136">
        <ele>118.7</ele>
      </trkpt>
      <trkpt lat="45.32654" lon="-72.65106">
        <ele>117.7</ele>
      </trkpt>
      <trkpt lat="45.32623" lon="-72.65039">
        <ele>119</ele>
      </trkpt>
      <trkpt lat="45.32613" lon="-72.65025">
        <ele>119.6</ele>
      </trkpt>
      <trkpt lat="45.32579" lon="-72.64994">
        <ele>120.7</ele>
      </trkpt>
      <trkpt lat="45.32564" lon="-72.64963">
        <ele>121.1</ele>
      </trkpt>
      <trkpt lat="45.32551" lon="-72.64949">
        <ele>121</ele>
      </trkpt>
      <trkpt lat="45.32522" lon="-72.64923">
        <ele>120.1</ele>
      </trkpt>
      <trkpt lat="45.32502" lon="-72.6491">
        <ele>119.9</ele>
      </trkpt>
      <trkpt lat="45.32487" lon="-72.64895">
        <ele>119.7</ele>
      </trkpt>
      <trkpt lat="45.32476" lon="-72.64891">
        <ele>119.7</ele>
      </trkpt>
      <trkpt lat="45.32465" lon="-72.64892">
        <ele>119.8</ele>
      </trkpt>
      <trkpt lat="45.32457" lon="-72.649">
        <ele>120</ele>
      </trkpt>
      <trkpt lat="45.32453" lon="-72.64913">
        <ele>120.3</ele>
      </trkpt>
      <trkpt lat="45.32454" lon="-72.64944">
        <ele>120.8</ele>
      </trkpt>
      <trkpt lat="45.3245" lon="-72.64959">
        <ele>121.3</ele>
      </trkpt>
      <trkpt lat="45.32445" lon="-72.64971">
        <ele>121.8</ele>
      </trkpt>
      <trkpt lat="45.32432" lon="-72.64985">
        <ele>123</ele>
      </trkpt>
      <trkpt lat="45.32422" lon="-72.6498">
        <ele>123.5</ele>
      </trkpt>
      <trkpt lat="45.32414" lon="-72.64957">
        <ele>123.7</ele>
      </trkpt>
      <trkpt lat="45.32408" lon="-72.64949">
        <ele>123.8</ele>
      </trkpt>
      <trkpt lat="45.32402" lon="-72.64945">
        <ele>123.8</ele>
      </trkpt>
      <trkpt lat="45.32362" lon="-72.6494">
        <ele>124.4</ele>
      </trkpt>
      <trkpt lat="45.32318" lon="-72.64918">
        <ele>124.8</ele>
      </trkpt>
      <trkpt lat="45.32302" lon="-72.64901">
        <ele>125.2</ele>
      </trkpt>
      <trkpt lat="45.32285" lon="-72.64867">
        <ele>125.5</ele>
      </trkpt>
      <trkpt lat="45.32226" lon="-72.64851">
        <ele>122.7</ele>
      </trkpt>
      <trkpt lat="45.322" lon="-72.64837">
        <ele>121.1</ele>
      </trkpt>
      <trkpt lat="45.32155" lon="-72.64824">
        <ele>120.1</ele>
      </trkpt>
      <trkpt lat="45.32138" lon="-72.64807">
        <ele>120</ele>
      </trkpt>
      <trkpt lat="45.32091" lon="-72.64788">
        <ele>121</ele>
      </trkpt>
      <trkpt lat="45.32086" lon="-72.6478">
        <ele>121</ele>
      </trkpt>
      <trkpt lat="45.32085" lon="-72.64775">
        <ele>121</ele>
      </trkpt>
      <trkpt lat="45.3207" lon="-72.64771">
        <ele>121</ele>
      </trkpt>
      <trkpt lat="45.321215" lon="-72.64672">
        <ele>122.4</ele>
      </trkpt>
      <trkpt lat="45.32173" lon="-72.64573">
        <ele>126.6</ele>
      </trkpt>
      <trkpt lat="45.32199" lon="-72.6452">
        <ele>128.1</ele>
      </trkpt>
      <trkpt lat="45.32226" lon="-72.64451">
        <ele>129.8</ele>
      </trkpt>
      <trkpt lat="45.322445" lon="-72.643865">
        <ele>130.5</ele>
      </trkpt>
      <trkpt lat="45.32263" lon="-72.64322">
        <ele>131.6</ele>
      </trkpt>
      <trkpt lat="45.322886" lon="-72.642103">
        <ele>134.3</ele>
      </trkpt>
      <trkpt lat="45.323143" lon="-72.640986">
        <ele>136.5</ele>
      </trkpt>
      <trkpt lat="45.3234" lon="-72.63987">
        <ele>138.1</ele>
      </trkpt>
      <trkpt lat="45.3234" lon="-72.63988">
        <ele>138.1</ele>
      </trkpt>
      <trkpt lat="45.323683" lon="-72.638713">
        <ele>139.6</ele>
      </trkpt>
      <trkpt lat="45.323966" lon="-72.637546">
        <ele>141.1</ele>
      </trkpt>
      <trkpt lat="45.32425" lon="-72.63638">
        <ele>143</ele>
      </trkpt>
      <trkpt lat="45.3244" lon="-72.635705">
        <ele>144</ele>
      </trkpt>
      <trkpt lat="45.32455" lon="-72.63503">
        <ele>146.4</ele>
      </trkpt>
      <trkpt lat="45.324765" lon="-72.634135">
        <ele>147.8</ele>
      </trkpt>
      <trkpt lat="45.32498" lon="-72.63324">
        <ele>149</ele>
      </trkpt>
      <trkpt lat="45.32514" lon="-72.63275">
        <ele>149.4</ele>
      </trkpt>
      <trkpt lat="45.32523" lon="-72.63253">
        <ele>149.6</ele>
      </trkpt>
      <trkpt lat="45.3254" lon="-72.63224">
        <ele>149.7</ele>
      </trkpt>
      <trkpt lat="45.32507" lon="-72.63211">
        <ele>150.4</ele>
      </trkpt>
      <trkpt lat="45.32498" lon="-72.63208">
        <ele>150.5</ele>
      </trkpt>
      <trkpt lat="45.32425" lon="-72.63221">
        <ele>154.3</ele>
      </trkpt>
      <trkpt lat="45.32407" lon="-72.63221">
        <ele>154.6</ele>
      </trkpt>
      <trkpt lat="45.32395" lon="-72.63217">
        <ele>154.8</ele>
      </trkpt>
      <trkpt lat="45.32384" lon="-72.63212">
        <ele>154.7</ele>
      </trkpt>
      <trkpt lat="45.32319" lon="-72.631679">
        <ele>152</ele>
      </trkpt>
      <trkpt lat="45.32254" lon="-72.63124">
        <ele>149.1</ele>
      </trkpt>
      <trkpt lat="45.321985" lon="-72.630854">
        <ele>147</ele>
      </trkpt>
      <trkpt lat="45.32143" lon="-72.63047">
        <ele>146.4</ele>
      </trkpt>
      <trkpt lat="45.32069" lon="-72.629929">
        <ele>144.9</ele>
      </trkpt>
      <trkpt lat="45.31995" lon="-72.62939">
        <ele>144.3</ele>
      </trkpt>
      <trkpt lat="45.31919" lon="-72.628778">
        <ele>142.4</ele>
      </trkpt>
      <trkpt lat="45.31843" lon="-72.628166">
        <ele>142.8</ele>
      </trkpt>
      <trkpt lat="45.31767" lon="-72.627554">
        <ele>143.3</ele>
      </trkpt>
      <trkpt lat="45.31691" lon="-72.626943">
        <ele>140.7</ele>
      </trkpt>
      <trkpt lat="45.31615" lon="-72.626331">
        <ele>137.3</ele>
      </trkpt>
      <trkpt lat="45.31539" lon="-72.62572">
        <ele>138.4</ele>
      </trkpt>
      <trkpt lat="45.3148" lon="-72.62527">
        <ele>137.8</ele>
      </trkpt>
      <trkpt lat="45.31449" lon="-72.62508">
        <ele>138.9</ele>
      </trkpt>
      <trkpt lat="45.31421" lon="-72.62496">
        <ele>139.5</ele>
      </trkpt>
      <trkpt lat="45.31408" lon="-72.62489">
        <ele>139.9</ele>
      </trkpt>
      <trkpt lat="45.31394" lon="-72.62473">
        <ele>139.9</ele>
      </trkpt>
      <trkpt lat="45.31382" lon="-72.62438">
        <ele>140.3</ele>
      </trkpt>
      <trkpt lat="45.313575" lon="-72.623404">
        <ele>139.3</ele>
      </trkpt>
      <trkpt lat="45.31333" lon="-72.62243">
        <ele>138.4</ele>
      </trkpt>
      <trkpt lat="45.31315" lon="-72.62187">
        <ele>137.4</ele>
      </trkpt>
      <trkpt lat="45.31276" lon="-72.62084">
        <ele>136.9</ele>
      </trkpt>
      <trkpt lat="45.31261" lon="-72.62029">
        <ele>138.5</ele>
      </trkpt>
      <trkpt lat="45.312465" lon="-72.619534">
        <ele>140.8</ele>
      </trkpt>
      <trkpt lat="45.31232" lon="-72.61878">
        <ele>142</ele>
      </trkpt>
      <trkpt lat="45.31222" lon="-72.61765">
        <ele>143.7</ele>
      </trkpt>
      <trkpt lat="45.312246" lon="-72.616486">
        <ele>144.8</ele>
      </trkpt>
      <trkpt lat="45.312273" lon="-72.615323">
        <ele>147.3</ele>
      </trkpt>
      <trkpt lat="45.3123" lon="-72.61416">
        <ele>151.7</ele>
      </trkpt>
      <trkpt lat="45.31229" lon="-72.61394">
        <ele>152</ele>
      </trkpt>
      <trkpt lat="45.31224" lon="-72.6135">
        <ele>152.6</ele>
      </trkpt>
      <trkpt lat="45.31219" lon="-72.61323">
        <ele>152.6</ele>
      </trkpt>
      <trkpt lat="45.31209" lon="-72.61287">
        <ele>152.2</ele>
      </trkpt>
      <trkpt lat="45.31172" lon="-72.61193">
        <ele>148.9</ele>
      </trkpt>
      <trkpt lat="45.31144" lon="-72.61129">
        <ele>145.8</ele>
      </trkpt>
      <trkpt lat="45.31136" lon="-72.61113">
        <ele>145.1</ele>
      </trkpt>
      <trkpt lat="45.31126" lon="-72.61099">
        <ele>144.6</ele>
      </trkpt>
      <trkpt lat="45.31106" lon="-72.6108">
        <ele>144.1</ele>
      </trkpt>
      <trkpt lat="45.3104" lon="-72.61028">
        <ele>144.9</ele>
      </trkpt>
      <trkpt lat="45.31012" lon="-72.61004">
        <ele>147.1</ele>
      </trkpt>
      <trkpt lat="45.30986" lon="-72.60965">
        <ele>148.9</ele>
      </trkpt>
      <trkpt lat="45.30973" lon="-72.60937">
        <ele>149.2</ele>
      </trkpt>
      <trkpt lat="45.3096" lon="-72.60886">
        <ele>149.4</ele>
      </trkpt>
      <trkpt lat="45.30951" lon="-72.60836">
        <ele>149.5</ele>
      </trkpt>
      <trkpt lat="45.30933" lon="-72.607293">
        <ele>149.6</ele>
      </trkpt>
      <trkpt lat="45.30915" lon="-72.606226">
        <ele>150.6</ele>
      </trkpt>
      <trkpt lat="45.30897" lon="-72.60516">
        <ele>151.2</ele>
      </trkpt>
      <trkpt lat="45.308796" lon="-72.604193">
        <ele>151.2</ele>
      </trkpt>
      <trkpt lat="45.308623" lon="-72.603226">
        <ele>152.1</ele>
      </trkpt>
      <trkpt lat="45.30845" lon="-72.60226">
        <ele>151.6</ele>
      </trkpt>
      <trkpt lat="45.308266" lon="-72.601153">
        <ele>149</ele>
      </trkpt>
      <trkpt lat="45.308083" lon="-72.600046">
        <ele>149.2</ele>
      </trkpt>
      <trkpt lat="45.3079" lon="-72.59894">
        <ele>149.8</ele>
      </trkpt>
      <trkpt lat="45.30778" lon="-72.598124">
        <ele>152.4</ele>
      </trkpt>
      <trkpt lat="45.30766" lon="-72.59731">
        <ele>154.1</ele>
      </trkpt>
      <trkpt lat="45.30732" lon="-72.59616">
        <ele>154.8</ele>
      </trkpt>
      <trkpt lat="45.30728" lon="-72.59572">
        <ele>156</ele>
      </trkpt>
      <trkpt lat="45.307281" lon="-72.594615">
        <ele>157.6</ele>
      </trkpt>
      <trkpt lat="45.307282" lon="-72.593511">
        <ele>159.4</ele>
      </trkpt>
      <trkpt lat="45.307284" lon="-72.592407">
        <ele>159.2</ele>
      </trkpt>
      <trkpt lat="45.307285" lon="-72.591302">
        <ele>160.3</ele>
      </trkpt>
      <trkpt lat="45.307287" lon="-72.590198">
        <ele>163.9</ele>
      </trkpt>
      <trkpt lat="45.307288" lon="-72.589094">
        <ele>167.5</ele>
      </trkpt>
      <trkpt lat="45.30729" lon="-72.58799">
        <ele>170.9</ele>
      </trkpt>
      <trkpt lat="45.307275" lon="-72.587179">
        <ele>172.9</ele>
      </trkpt>
      <trkpt lat="45.30726" lon="-72.58637">
        <ele>173.7</ele>
      </trkpt>
      <trkpt lat="45.307256" lon="-72.585101">
        <ele>172.5</ele>
      </trkpt>
      <trkpt lat="45.307253" lon="-72.583833">
        <ele>166.6</ele>
      </trkpt>
      <trkpt lat="45.30725" lon="-72.582564">
        <ele>164.3</ele>
      </trkpt>
      <trkpt lat="45.307246" lon="-72.581296">
        <ele>167</ele>
      </trkpt>
      <trkpt lat="45.307243" lon="-72.580028">
        <ele>169.3</ele>
      </trkpt>
      <trkpt lat="45.30724" lon="-72.57876">
        <ele>168.7</ele>
      </trkpt>
      <trkpt lat="45.307247" lon="-72.577565">
        <ele>169.2</ele>
      </trkpt>
      <trkpt lat="45.307255" lon="-72.57637">
        <ele>170.8</ele>
      </trkpt>
      <trkpt lat="45.307262" lon="-72.575175">
        <ele>174.6</ele>
      </trkpt>
      <trkpt lat="45.30727" lon="-72.57398">
        <ele>181.8</ele>
      </trkpt>
      <trkpt lat="45.30728" lon="-72.57299">
        <ele>185.6</ele>
      </trkpt>
      <trkpt lat="45.30729" lon="-72.572">
        <ele>192.2</ele>
      </trkpt>
      <trkpt lat="45.3073" lon="-72.57101">
        <ele>193.5</ele>
      </trkpt>
      <trkpt lat="45.3073" lon="-72.5711">
        <ele>193.5</ele>
      </trkpt>
      <trkpt lat="45.30731" lon="-72.5706">
        <ele>193.3</ele>
      </trkpt>
      <trkpt lat="45.30734" lon="-72.57015">
        <ele>193.5</ele>
      </trkpt>
      <trkpt lat="45.30742" lon="-72.56963">
        <ele>194.6</ele>
      </trkpt>
      <trkpt lat="45.30756" lon="-72.56896">
        <ele>198.4</ele>
      </trkpt>
      <trkpt lat="45.3076" lon="-72.56855">
        <ele>201.2</ele>
      </trkpt>
      <trkpt lat="45.30758" lon="-72.56814">
        <ele>205.5</ele>
      </trkpt>
      <trkpt lat="45.30744" lon="-72.566974">
        <ele>207.8</ele>
      </trkpt>
      <trkpt lat="45.3073" lon="-72.56581">
        <ele>208</ele>
      </trkpt>
      <trkpt lat="45.30727" lon="-72.56505">
        <ele>208.9</ele>
      </trkpt>
      <trkpt lat="45.307267" lon="-72.564089">
        <ele>210.4</ele>
      </trkpt>
      <trkpt lat="45.307265" lon="-72.563129">
        <ele>213.1</ele>
      </trkpt>
      <trkpt lat="45.307262" lon="-72.562169">
        <ele>218.4</ele>
      </trkpt>
      <trkpt lat="45.30726" lon="-72.56121">
        <ele>221.6</ele>
      </trkpt>
      <trkpt lat="45.307266" lon="-72.560136">
        <ele>224.2</ele>
      </trkpt>
      <trkpt lat="45.307273" lon="-72.559063">
        <ele>226.7</ele>
      </trkpt>
      <trkpt lat="45.30728" lon="-72.55799">
        <ele>226.8</ele>
      </trkpt>
      <trkpt lat="45.307286" lon="-72.556916">
        <ele>226.2</ele>
      </trkpt>
      <trkpt lat="45.307293" lon="-72.555843">
        <ele>226</ele>
      </trkpt>
      <trkpt lat="45.3073" lon="-72.55477">
        <ele>225.9</ele>
      </trkpt>
      <trkpt lat="45.307316" lon="-72.553546">
        <ele>226</ele>
      </trkpt>
      <trkpt lat="45.307333" lon="-72.552323">
        <ele>226.7</ele>
      </trkpt>
      <trkpt lat="45.30735" lon="-72.5511">
        <ele>227.5</ele>
      </trkpt>
      <trkpt lat="45.307355" lon="-72.549823">
        <ele>227.4</ele>
      </trkpt>
      <trkpt lat="45.30736" lon="-72.548546">
        <ele>228.9</ele>
      </trkpt>
      <trkpt lat="45.307365" lon="-72.54727">
        <ele>228.8</ele>
      </trkpt>
      <trkpt lat="45.30737" lon="-72.545993">
        <ele>229.2</ele>
      </trkpt>
      <trkpt lat="45.307375" lon="-72.544716">
        <ele>229</ele>
      </trkpt>
      <trkpt lat="45.30738" lon="-72.54344">
        <ele>230.4</ele>
      </trkpt>
      <trkpt lat="45.307388" lon="-72.542255">
        <ele>230.7</ele>
      </trkpt>
      <trkpt lat="45.307397" lon="-72.541071">
        <ele>231.6</ele>
      </trkpt>
      <trkpt lat="45.307405" lon="-72.539887">
        <ele>231.1</ele>
      </trkpt>
      <trkpt lat="45.307414" lon="-72.538702">
        <ele>228.7</ele>
      </trkpt>
      <trkpt lat="45.307422" lon="-72.537518">
        <ele>226.8</ele>
      </trkpt>
      <trkpt lat="45.307431" lon="-72.536334">
        <ele>228.1</ele>
      </trkpt>
      <trkpt lat="45.30744" lon="-72.53515">
        <ele>230.4</ele>
      </trkpt>
      <trkpt lat="45.307442" lon="-72.53405">
        <ele>228.3</ele>
      </trkpt>
      <trkpt lat="45.307445" lon="-72.53295">
        <ele>227</ele>
      </trkpt>
      <trkpt lat="45.307448" lon="-72.53185">
        <ele>227.3</ele>
      </trkpt>
      <trkpt lat="45.307451" lon="-72.53075">
        <ele>226.4</ele>
      </trkpt>
      <trkpt lat="45.307454" lon="-72.52965">
        <ele>224.3</ele>
      </trkpt>
      <trkpt lat="45.307457" lon="-72.52855">
        <ele>225</ele>
      </trkpt>
      <trkpt lat="45.30746" lon="-72.52745">
        <ele>223.4</ele>
      </trkpt>
      <trkpt lat="45.30749" lon="-72.527">
        <ele>220.9</ele>
      </trkpt>
      <trkpt lat="45.30758" lon="-72.52656">
        <ele>217</ele>
      </trkpt>
      <trkpt lat="45.307785" lon="-72.525755">
        <ele>210.8</ele>
      </trkpt>
      <trkpt lat="45.30799" lon="-72.52495">
        <ele>207.8</ele>
      </trkpt>
      <trkpt lat="45.308095" lon="-72.524165">
        <ele>209.5</ele>
      </trkpt>
      <trkpt lat="45.3082" lon="-72.52338">
        <ele>213.3</ele>
      </trkpt>
      <trkpt lat="45.3083" lon="-72.52284">
        <ele>214.6</ele>
      </trkpt>
      <trkpt lat="45.308525" lon="-72.521815">
        <ele>217.5</ele>
      </trkpt>
      <trkpt lat="45.30875" lon="-72.52079">
        <ele>220.5</ele>
      </trkpt>
      <trkpt lat="45.308975" lon="-72.519765">
        <ele>223.6</ele>
      </trkpt>
      <trkpt lat="45.3092" lon="-72.51874">
        <ele>225.4</ele>
      </trkpt>
      <trkpt lat="45.3092" lon="-72.51875">
        <ele>225.4</ele>
      </trkpt>
      <trkpt lat="45.30935" lon="-72.51783">
        <ele>226.8</ele>
      </trkpt>
      <trkpt lat="45.3094" lon="-72.51742">
        <ele>226.8</ele>
      </trkpt>
      <trkpt lat="45.309465" lon="-72.516715">
        <ele>227.6</ele>
      </trkpt>
      <trkpt lat="45.30953" lon="-72.51601">
        <ele>229.1</ele>
      </trkpt>
      <trkpt lat="45.30958" lon="-72.51526">
        <ele>229.9</ele>
      </trkpt>
      <trkpt lat="45.30963" lon="-72.51451">
        <ele>230.8</ele>
      </trkpt>
      <trkpt lat="45.30965" lon="-72.51401">
        <ele>230.7</ele>
      </trkpt>
      <trkpt lat="45.30962" lon="-72.513164">
        <ele>227.7</ele>
      </trkpt>
      <trkpt lat="45.30959" lon="-72.51232">
        <ele>226.2</ele>
      </trkpt>
      <trkpt lat="45.30951" lon="-72.51172">
        <ele>227</ele>
      </trkpt>
      <trkpt lat="45.30924" lon="-72.51075">
        <ele>230.8</ele>
      </trkpt>
      <trkpt lat="45.30903" lon="-72.51025">
        <ele>228</ele>
      </trkpt>
      <trkpt lat="45.30863" lon="-72.509369">
        <ele>223.6</ele>
      </trkpt>
      <trkpt lat="45.30823" lon="-72.508489">
        <ele>223.3</ele>
      </trkpt>
      <trkpt lat="45.30783" lon="-72.50761">
        <ele>226.5</ele>
      </trkpt>
      <trkpt lat="45.3077" lon="-72.50722">
        <ele>227.3</ele>
      </trkpt>
      <trkpt lat="45.30757" lon="-72.50663">
        <ele>226.8</ele>
      </trkpt>
      <trkpt lat="45.30752" lon="-72.50596">
        <ele>224.5</ele>
      </trkpt>
      <trkpt lat="45.307545" lon="-72.504755">
        <ele>223</ele>
      </trkpt>
      <trkpt lat="45.30757" lon="-72.50355">
        <ele>223.9</ele>
      </trkpt>
      <trkpt lat="45.30757" lon="-72.50245">
        <ele>223.9</ele>
      </trkpt>
      <trkpt lat="45.30757" lon="-72.50135">
        <ele>223.7</ele>
      </trkpt>
      <trkpt lat="45.30757" lon="-72.50025">
        <ele>220.7</ele>
      </trkpt>
      <trkpt lat="45.30757" lon="-72.50026">
        <ele>220.7</ele>
      </trkpt>
      <trkpt lat="45.30757" lon="-72.49914">
        <ele>221</ele>
      </trkpt>
      <trkpt lat="45.3082" lon="-72.49932">
        <ele>222.1</ele>
      </trkpt>
      <trkpt lat="45.30848" lon="-72.49933">
        <ele>222.9</ele>
      </trkpt>
      <trkpt lat="45.30883" lon="-72.4993">
        <ele>223.9</ele>
      </trkpt>
      <trkpt lat="45.30868" lon="-72.49864">
        <ele>224.7</ele>
      </trkpt>
      <trkpt lat="45.308346" lon="-72.497509">
        <ele>226.2</ele>
      </trkpt>
      <trkpt lat="45.308013" lon="-72.496379">
        <ele>229.8</ele>
      </trkpt>
      <trkpt lat="45.30768" lon="-72.49525">
        <ele>235.6</ele>
      </trkpt>
      <trkpt lat="45.30758" lon="-72.49463">
        <ele>241.6</ele>
      </trkpt>
      <trkpt lat="45.30756" lon="-72.49392">
        <ele>244.3</ele>
      </trkpt>
      <trkpt lat="45.30755" lon="-72.493004">
        <ele>248.4</ele>
      </trkpt>
      <trkpt lat="45.30754" lon="-72.49209">
        <ele>251.6</ele>
      </trkpt>
      <trkpt lat="45.30754" lon="-72.49123">
        <ele>254</ele>
      </trkpt>
      <trkpt lat="45.30754" lon="-72.49037">
        <ele>257</ele>
      </trkpt>
      <trkpt lat="45.30752" lon="-72.48957">
        <ele>260.2</ele>
      </trkpt>
      <trkpt lat="45.30745" lon="-72.48905">
        <ele>263.3</ele>
      </trkpt>
      <trkpt lat="45.30741" lon="-72.48882">
        <ele>263.7</ele>
      </trkpt>
      <trkpt lat="45.307195" lon="-72.487989">
        <ele>266.4</ele>
      </trkpt>
      <trkpt lat="45.30698" lon="-72.48716">
        <ele>267.6</ele>
      </trkpt>
      <trkpt lat="45.30689" lon="-72.48707">
        <ele>267.8</ele>
      </trkpt>
      <trkpt lat="45.30678" lon="-72.48706">
        <ele>268</ele>
      </trkpt>
      <trkpt lat="45.305945" lon="-72.487415">
        <ele>265</ele>
      </trkpt>
      <trkpt lat="45.30511" lon="-72.48777">
        <ele>261.9</ele>
      </trkpt>
      <trkpt lat="45.30465" lon="-72.487935">
        <ele>261.1</ele>
      </trkpt>
      <trkpt lat="45.30419" lon="-72.4881">
        <ele>259.2</ele>
      </trkpt>
      <trkpt lat="45.30375" lon="-72.4883">
        <ele>257</ele>
      </trkpt>
      <trkpt lat="45.30321" lon="-72.4885">
        <ele>254.3</ele>
      </trkpt>
      <trkpt lat="45.30307" lon="-72.48858">
        <ele>253.2</ele>
      </trkpt>
      <trkpt lat="45.3028" lon="-72.4888">
        <ele>251.4</ele>
      </trkpt>
      <trkpt lat="45.30209" lon="-72.489506">
        <ele>248.1</ele>
      </trkpt>
      <trkpt lat="45.30138" lon="-72.490213">
        <ele>246</ele>
      </trkpt>
      <trkpt lat="45.30067" lon="-72.49092">
        <ele>243.2</ele>
      </trkpt>
      <trkpt lat="45.299975" lon="-72.491585">
        <ele>239.3</ele>
      </trkpt>
      <trkpt lat="45.29928" lon="-72.49225">
        <ele>235.5</ele>
      </trkpt>
      <trkpt lat="45.298915" lon="-72.492655">
        <ele>232.9</ele>
      </trkpt>
      <trkpt lat="45.29855" lon="-72.49306">
        <ele>230.5</ele>
      </trkpt>
      <trkpt lat="45.2981" lon="-72.49351">
        <ele>229.3</ele>
      </trkpt>
      <trkpt lat="45.29774" lon="-72.4939">
        <ele>226.7</ele>
      </trkpt>
      <trkpt lat="45.29773" lon="-72.4939">
        <ele>226.6</ele>
      </trkpt>
      <trkpt lat="45.29733" lon="-72.49435">
        <ele>224.1</ele>
      </trkpt>
      <trkpt lat="45.29668" lon="-72.49485">
        <ele>221.9</ele>
      </trkpt>
      <trkpt lat="45.29596" lon="-72.49531">
        <ele>216.8</ele>
      </trkpt>
      <trkpt lat="45.29541" lon="-72.495625">
        <ele>215.2</ele>
      </trkpt>
      <trkpt lat="45.29486" lon="-72.49594">
        <ele>215</ele>
      </trkpt>
      <trkpt lat="45.294385" lon="-72.496185">
        <ele>215.6</ele>
      </trkpt>
      <trkpt lat="45.29391" lon="-72.49643">
        <ele>215.4</ele>
      </trkpt>
      <trkpt lat="45.29361" lon="-72.49664">
        <ele>214.8</ele>
      </trkpt>
      <trkpt lat="45.29348" lon="-72.49674">
        <ele>214.6</ele>
      </trkpt>
      <trkpt lat="45.29342" lon="-72.49683">
        <ele>214.6</ele>
      </trkpt>
      <trkpt lat="45.29327" lon="-72.4973">
        <ele>213.9</ele>
      </trkpt>
      <trkpt lat="45.29322" lon="-72.49753">
        <ele>213.8</ele>
      </trkpt>
      <trkpt lat="45.29306" lon="-72.49749">
        <ele>213.8</ele>
      </trkpt>
      <trkpt lat="45.29258" lon="-72.49727">
        <ele>213.2</ele>
      </trkpt>
      <trkpt lat="45.29219" lon="-72.49701">
        <ele>213.3</ele>
      </trkpt>
      <trkpt lat="45.29149" lon="-72.496404">
        <ele>213.2</ele>
      </trkpt>
      <trkpt lat="45.29079" lon="-72.4958">
        <ele>213.8</ele>
      </trkpt>
      <trkpt lat="45.29084" lon="-72.49566">
        <ele>212.9</ele>
      </trkpt>
      <trkpt lat="45.29043" lon="-72.49526">
        <ele>212.6</ele>
      </trkpt>
      <trkpt lat="45.28997" lon="-72.49463">
        <ele>212.1</ele>
      </trkpt>
      <trkpt lat="45.28974" lon="-72.49427">
        <ele>212.8</ele>
      </trkpt>
      <trkpt lat="45.28953" lon="-72.49379">
        <ele>213.2</ele>
      </trkpt>
      <trkpt lat="45.28937" lon="-72.49351">
        <ele>213.2</ele>
      </trkpt>
      <trkpt lat="45.28924" lon="-72.49334">
        <ele>213.2</ele>
      </trkpt>
      <trkpt lat="45.28914" lon="-72.49327">
        <ele>213.2</ele>
      </trkpt>
      <trkpt lat="45.28864" lon="-72.493">
        <ele>213.4</ele>
      </trkpt>
      <trkpt lat="45.2881" lon="-72.49275">
        <ele>213.5</ele>
      </trkpt>
      <trkpt lat="45.28776" lon="-72.49263">
        <ele>213.8</ele>
      </trkpt>
      <trkpt lat="45.2871" lon="-72.49248">
        <ele>214.7</ele>
      </trkpt>
      <trkpt lat="45.28693" lon="-72.49235">
        <ele>214.7</ele>
      </trkpt>
      <trkpt lat="45.28651" lon="-72.49188">
        <ele>215.3</ele>
      </trkpt>
      <trkpt lat="45.286513" lon="-72.49064">
        <ele>216.8</ele>
      </trkpt>
      <trkpt lat="45.286516" lon="-72.489399">
        <ele>217.4</ele>
      </trkpt>
      <trkpt lat="45.28652" lon="-72.48816">
        <ele>221.2</ele>
      </trkpt>
      <trkpt lat="45.286528" lon="-72.486982">
        <ele>224.8</ele>
      </trkpt>
      <trkpt lat="45.286536" lon="-72.485804">
        <ele>226.7</ele>
      </trkpt>
      <trkpt lat="45.286544" lon="-72.484626">
        <ele>227.3</ele>
      </trkpt>
      <trkpt lat="45.286552" lon="-72.483448">
        <ele>227.1</ele>
      </trkpt>
      <trkpt lat="45.28656" lon="-72.48227">
        <ele>226.5</ele>
      </trkpt>
      <trkpt lat="45.286572" lon="-72.481077">
        <ele>226.1</ele>
      </trkpt>
      <trkpt lat="45.286585" lon="-72.479885">
        <ele>229.6</ele>
      </trkpt>
      <trkpt lat="45.286597" lon="-72.478692">
        <ele>228.1</ele>
      </trkpt>
      <trkpt lat="45.28661" lon="-72.4775">
        <ele>227</ele>
      </trkpt>
      <trkpt lat="45.286645" lon="-72.476277">
        <ele>225.3</ele>
      </trkpt>
      <trkpt lat="45.28668" lon="-72.475055">
        <ele>225.3</ele>
      </trkpt>
      <trkpt lat="45.286715" lon="-72.473832">
        <ele>223.9</ele>
      </trkpt>
      <trkpt lat="45.28675" lon="-72.47261">
        <ele>220.5</ele>
      </trkpt>
      <trkpt lat="45.286785" lon="-72.471387">
        <ele>221.9</ele>
      </trkpt>
      <trkpt lat="45.28682" lon="-72.470165">
        <ele>222.1</ele>
      </trkpt>
      <trkpt lat="45.286855" lon="-72.468942">
        <ele>222.5</ele>
      </trkpt>
      <trkpt lat="45.28689" lon="-72.46772">
        <ele>220.9</ele>
      </trkpt>
      <trkpt lat="45.28696" lon="-72.46736">
        <ele>220.9</ele>
      </trkpt>
      <trkpt lat="45.287175" lon="-72.46656">
        <ele>221.9</ele>
      </trkpt>
      <trkpt lat="45.28739" lon="-72.46576">
        <ele>222.4</ele>
      </trkpt>
      <trkpt lat="45.28775" lon="-72.46472">
        <ele>224</ele>
      </trkpt>
      <trkpt lat="45.28796" lon="-72.46424">
        <ele>225.6</ele>
      </trkpt>
      <trkpt lat="45.28828" lon="-72.46373">
        <ele>226</ele>
      </trkpt>
      <trkpt lat="45.28882" lon="-72.46291">
        <ele>225.7</ele>
      </trkpt>
      <trkpt lat="45.288184" lon="-72.462375">
        <ele>223.2</ele>
      </trkpt>
      <trkpt lat="45.287548" lon="-72.461841">
        <ele>218.8</ele>
      </trkpt>
      <trkpt lat="45.286912" lon="-72.461307">
        <ele>217.6</ele>
      </trkpt>
      <trkpt lat="45.286276" lon="-72.460773">
        <ele>218.2</ele>
      </trkpt>
      <trkpt lat="45.28564" lon="-72.46024">
        <ele>215.9</ele>
      </trkpt>
      <trkpt lat="45.28487" lon="-72.45965">
        <ele>215.5</ele>
      </trkpt>
      <trkpt lat="45.284176" lon="-72.459146">
        <ele>215.3</ele>
      </trkpt>
      <trkpt lat="45.283483" lon="-72.458643">
        <ele>215</ele>
      </trkpt>
      <trkpt lat="45.28279" lon="-72.45814">
        <ele>216.2</ele>
      </trkpt>
      <trkpt lat="45.28221" lon="-72.45769">
        <ele>218.1</ele>
      </trkpt>
      <trkpt lat="45.28152" lon="-72.457039">
        <ele>222.1</ele>
      </trkpt>
      <trkpt lat="45.28083" lon="-72.45639">
        <ele>224.9</ele>
      </trkpt>
      <trkpt lat="45.280233" lon="-72.455866">
        <ele>233.3</ele>
      </trkpt>
      <trkpt lat="45.279636" lon="-72.455343">
        <ele>240.6</ele>
      </trkpt>
      <trkpt lat="45.27904" lon="-72.45482">
        <ele>245</ele>
      </trkpt>
      <trkpt lat="45.27879" lon="-72.45456">
        <ele>247.6</ele>
      </trkpt>
      <trkpt lat="45.27851" lon="-72.45422">
        <ele>250.3</ele>
      </trkpt>
      <trkpt lat="45.27816" lon="-72.45384">
        <ele>251.8</ele>
      </trkpt>
      <trkpt lat="45.27782" lon="-72.45339">
        <ele>254.1</ele>
      </trkpt>
      <trkpt lat="45.277325" lon="-72.452674">
        <ele>259.4</ele>
      </trkpt>
      <trkpt lat="45.27683" lon="-72.45196">
        <ele>266.1</ele>
      </trkpt>
      <trkpt lat="45.27648" lon="-72.45147">
        <ele>268</ele>
      </trkpt>
      <trkpt lat="45.27602" lon="-72.4509">
        <ele>272</ele>
      </trkpt>
      <trkpt lat="45.27588" lon="-72.45076">
        <ele>273.5</ele>
      </trkpt>
      <trkpt lat="45.27558" lon="-72.45053">
        <ele>275.6</ele>
      </trkpt>
      <trkpt lat="45.27485" lon="-72.45016">
        <ele>277.2</ele>
      </trkpt>
      <trkpt lat="45.27401" lon="-72.449783">
        <ele>277.9</ele>
      </trkpt>
      <trkpt lat="45.27317" lon="-72.449406">
        <ele>279.6</ele>
      </trkpt>
      <trkpt lat="45.27233" lon="-72.44903">
        <ele>280.5</ele>
      </trkpt>
      <trkpt lat="45.271845" lon="-72.448814">
        <ele>281.2</ele>
      </trkpt>
      <trkpt lat="45.27136" lon="-72.4486">
        <ele>282.7</ele>
      </trkpt>
      <trkpt lat="45.27099" lon="-72.44839">
        <ele>283.6</ele>
      </trkpt>
      <trkpt lat="45.27065" lon="-72.44813">
        <ele>284.1</ele>
      </trkpt>
      <trkpt lat="45.2703" lon="-72.44779">
        <ele>284</ele>
      </trkpt>
      <trkpt lat="45.26979" lon="-72.447179">
        <ele>281.9</ele>
      </trkpt>
      <trkpt lat="45.26928" lon="-72.446569">
        <ele>280.5</ele>
      </trkpt>
      <trkpt lat="45.26877" lon="-72.44596">
        <ele>276.7</ele>
      </trkpt>
      <trkpt lat="45.26816" lon="-72.44526">
        <ele>275.2</ele>
      </trkpt>
      <trkpt lat="45.26762" lon="-72.44475">
        <ele>275.6</ele>
      </trkpt>
      <trkpt lat="45.267006" lon="-72.444199">
        <ele>276.8</ele>
      </trkpt>
      <trkpt lat="45.266393" lon="-72.443649">
        <ele>277.8</ele>
      </trkpt>
      <trkpt lat="45.26578" lon="-72.4431">
        <ele>279.8</ele>
      </trkpt>
      <trkpt lat="45.26524" lon="-72.44255">
        <ele>282.4</ele>
      </trkpt>
      <trkpt lat="45.26489" lon="-72.44215">
        <ele>283.6</ele>
      </trkpt>
      <trkpt lat="45.26449" lon="-72.44158">
        <ele>285.4</ele>
      </trkpt>
      <trkpt lat="45.26427" lon="-72.44122">
        <ele>286.9</ele>
      </trkpt>
      <trkpt lat="45.26398" lon="-72.44057">
        <ele>289.1</ele>
      </trkpt>
      <trkpt lat="45.263745" lon="-72.439954">
        <ele>291.8</ele>
      </trkpt>
      <trkpt lat="45.26351" lon="-72.43934">
        <ele>294.3</ele>
      </trkpt>
      <trkpt lat="45.26343" lon="-72.43917">
        <ele>294.9</ele>
      </trkpt>
      <trkpt lat="45.26328" lon="-72.439">
        <ele>295.5</ele>
      </trkpt>
      <trkpt lat="45.26314" lon="-72.43893">
        <ele>295.5</ele>
      </trkpt>
      <trkpt lat="45.26255" lon="-72.43891">
        <ele>294.8</ele>
      </trkpt>
      <trkpt lat="45.26185" lon="-72.43895">
        <ele>291.8</ele>
      </trkpt>
      <trkpt lat="45.26115" lon="-72.43899">
        <ele>288.9</ele>
      </trkpt>
      <trkpt lat="45.260595" lon="-72.439005">
        <ele>291</ele>
      </trkpt>
      <trkpt lat="45.26004" lon="-72.43902">
        <ele>292.6</ele>
      </trkpt>
      <trkpt lat="45.25977" lon="-72.43898">
        <ele>292.7</ele>
      </trkpt>
      <trkpt lat="45.25951" lon="-72.43886">
        <ele>292.8</ele>
      </trkpt>
      <trkpt lat="45.25874" lon="-72.43827">
        <ele>297.5</ele>
      </trkpt>
      <trkpt lat="45.25805" lon="-72.43764">
        <ele>304.6</ele>
      </trkpt>
      <trkpt lat="45.25772" lon="-72.4373">
        <ele>307.6</ele>
      </trkpt>
      <trkpt lat="45.25754" lon="-72.4371">
        <ele>309.1</ele>
      </trkpt>
      <trkpt lat="45.25718" lon="-72.43678">
        <ele>309.8</ele>
      </trkpt>
      <trkpt lat="45.25653" lon="-72.436349">
        <ele>309.1</ele>
      </trkpt>
      <trkpt lat="45.25588" lon="-72.435919">
        <ele>309</ele>
      </trkpt>
      <trkpt lat="45.25523" lon="-72.43549">
        <ele>308.9</ele>
      </trkpt>
      <trkpt lat="45.254585" lon="-72.435224">
        <ele>314.3</ele>
      </trkpt>
      <trkpt lat="45.25394" lon="-72.43496">
        <ele>319.2</ele>
      </trkpt>
      <trkpt lat="45.25332" lon="-72.43486">
        <ele>323.1</ele>
      </trkpt>
      <trkpt lat="45.252799" lon="-72.43486">
        <ele>326</ele>
      </trkpt>
      <trkpt lat="45.25228" lon="-72.43486">
        <ele>327.9</ele>
      </trkpt>
      <trkpt lat="45.25152" lon="-72.43488">
        <ele>331.4</ele>
      </trkpt>
      <trkpt lat="45.25076" lon="-72.43492">
        <ele>337.9</ele>
      </trkpt>
      <trkpt lat="45.25" lon="-72.43496">
        <ele>344.7</ele>
      </trkpt>
      <trkpt lat="45.249395" lon="-72.435045">
        <ele>347.9</ele>
      </trkpt>
      <trkpt lat="45.24879" lon="-72.43513">
        <ele>347.8</ele>
      </trkpt>
      <trkpt lat="45.24845" lon="-72.43514">
        <ele>348.5</ele>
      </trkpt>
      <trkpt lat="45.24761" lon="-72.43513">
        <ele>351.2</ele>
      </trkpt>
      <trkpt lat="45.24707" lon="-72.43506">
        <ele>352.4</ele>
      </trkpt>
      <trkpt lat="45.24659" lon="-72.43504">
        <ele>352.9</ele>
      </trkpt>
      <trkpt lat="45.24624" lon="-72.43499">
        <ele>354.4</ele>
      </trkpt>
      <trkpt lat="45.24607" lon="-72.43497">
        <ele>354.4</ele>
      </trkpt>
      <trkpt lat="45.24582" lon="-72.43499">
        <ele>355.3</ele>
      </trkpt>
      <trkpt lat="45.245334" lon="-72.43508">
        <ele>356.5</ele>
      </trkpt>
      <trkpt lat="45.24485" lon="-72.43517">
        <ele>357.4</ele>
      </trkpt>
      <trkpt lat="45.24431" lon="-72.43529">
        <ele>358.1</ele>
      </trkpt>
      <trkpt lat="45.243555" lon="-72.435525">
        <ele>359.2</ele>
      </trkpt>
      <trkpt lat="45.2428" lon="-72.43576">
        <ele>359.8</ele>
      </trkpt>
      <trkpt lat="45.24211" lon="-72.43593">
        <ele>359.4</ele>
      </trkpt>
      <trkpt lat="45.24188" lon="-72.43602">
        <ele>359.4</ele>
      </trkpt>
      <trkpt lat="45.24123" lon="-72.43634">
        <ele>359.2</ele>
      </trkpt>
      <trkpt lat="45.24089" lon="-72.43655">
        <ele>357.9</ele>
      </trkpt>
      <trkpt lat="45.240435" lon="-72.43691">
        <ele>355.6</ele>
      </trkpt>
      <trkpt lat="45.23998" lon="-72.43727">
        <ele>354.8</ele>
      </trkpt>
      <trkpt lat="45.23927" lon="-72.437925">
        <ele>353.6</ele>
      </trkpt>
      <trkpt lat="45.23856" lon="-72.43858">
        <ele>350.6</ele>
      </trkpt>
      <trkpt lat="45.23827" lon="-72.4388">
        <ele>348.3</ele>
      </trkpt>
      <trkpt lat="45.23827" lon="-72.43881">
        <ele>348.3</ele>
      </trkpt>
      <trkpt lat="45.23777" lon="-72.43925">
        <ele>346.2</ele>
      </trkpt>
      <trkpt lat="45.23753" lon="-72.43942">
        <ele>346.6</ele>
      </trkpt>
      <trkpt lat="45.23731" lon="-72.43951">
        <ele>347.3</ele>
      </trkpt>
      <trkpt lat="45.23699" lon="-72.43956">
        <ele>347.9</ele>
      </trkpt>
      <trkpt lat="45.23613" lon="-72.439595">
        <ele>350</ele>
      </trkpt>
      <trkpt lat="45.23527" lon="-72.43963">
        <ele>353.6</ele>
      </trkpt>
      <trkpt lat="45.23477" lon="-72.43966">
        <ele>354.7</ele>
      </trkpt>
      <trkpt lat="45.234185" lon="-72.43968">
        <ele>357.1</ele>
      </trkpt>
      <trkpt lat="45.2336" lon="-72.4397">
        <ele>359.2</ele>
      </trkpt>
      <trkpt lat="45.23336" lon="-72.43973">
        <ele>360.1</ele>
      </trkpt>
      <trkpt lat="45.23292" lon="-72.43973">
        <ele>363.8</ele>
      </trkpt>
      <trkpt lat="45.23292" lon="-72.440934">
        <ele>353.1</ele>
      </trkpt>
      <trkpt lat="45.23292" lon="-72.44214">
        <ele>343.5</ele>
      </trkpt>
      <trkpt lat="45.232906" lon="-72.44307">
        <ele>337.6</ele>
      </trkpt>
      <trkpt lat="45.232893" lon="-72.444">
        <ele>333.7</ele>
      </trkpt>
      <trkpt lat="45.23288" lon="-72.44493">
        <ele>329</ele>
      </trkpt>
      <trkpt lat="45.23286" lon="-72.44525">
        <ele>328.6</ele>
      </trkpt>
      <trkpt lat="45.2328" lon="-72.44574">
        <ele>326.9</ele>
      </trkpt>
      <trkpt lat="45.23268" lon="-72.44602">
        <ele>325.3</ele>
      </trkpt>
      <trkpt lat="45.23254" lon="-72.44628">
        <ele>324.8</ele>
      </trkpt>
      <trkpt lat="45.232175" lon="-72.44706">
        <ele>323.3</ele>
      </trkpt>
      <trkpt lat="45.23181" lon="-72.44784">
        <ele>323.7</ele>
      </trkpt>
      <trkpt lat="45.23158" lon="-72.448465">
        <ele>321.2</ele>
      </trkpt>
      <trkpt lat="45.23135" lon="-72.44909">
        <ele>318.9</ele>
      </trkpt>
      <trkpt lat="45.23116" lon="-72.44968">
        <ele>314</ele>
      </trkpt>
      <trkpt lat="45.23094" lon="-72.45013">
        <ele>309.2</ele>
      </trkpt>
      <trkpt lat="45.230695" lon="-72.450955">
        <ele>304.4</ele>
      </trkpt>
      <trkpt lat="45.23045" lon="-72.45178">
        <ele>301</ele>
      </trkpt>
      <trkpt lat="45.23018" lon="-72.4525">
        <ele>298</ele>
      </trkpt>
      <trkpt lat="45.23009" lon="-72.45295">
        <ele>294.4</ele>
      </trkpt>
      <trkpt lat="45.22991" lon="-72.45351">
        <ele>293.1</ele>
      </trkpt>
      <trkpt lat="45.22967" lon="-72.45424">
        <ele>296.1</ele>
      </trkpt>
      <trkpt lat="45.22965" lon="-72.45465">
        <ele>299.2</ele>
      </trkpt>
      <trkpt lat="45.2296" lon="-72.45487">
        <ele>299.5</ele>
      </trkpt>
      <trkpt lat="45.22933" lon="-72.45536">
        <ele>298.5</ele>
      </trkpt>
      <trkpt lat="45.22921" lon="-72.45564">
        <ele>297.3</ele>
      </trkpt>
      <trkpt lat="45.22908" lon="-72.45679">
        <ele>299</ele>
      </trkpt>
      <trkpt lat="45.2291" lon="-72.45743">
        <ele>297.8</ele>
      </trkpt>
      <trkpt lat="45.22908" lon="-72.45797">
        <ele>296.5</ele>
      </trkpt>
      <trkpt lat="45.229" lon="-72.45823">
        <ele>296</ele>
      </trkpt>
      <trkpt lat="45.22892" lon="-72.45836">
        <ele>296</ele>
      </trkpt>
      <trkpt lat="45.22871" lon="-72.45854">
        <ele>296.1</ele>
      </trkpt>
      <trkpt lat="45.22841" lon="-72.45868">
        <ele>296.7</ele>
      </trkpt>
      <trkpt lat="45.22824" lon="-72.45881">
        <ele>297.7</ele>
      </trkpt>
      <trkpt lat="45.22803" lon="-72.459">
        <ele>298</ele>
      </trkpt>
      <trkpt lat="45.22785" lon="-72.45934">
        <ele>297.7</ele>
      </trkpt>
      <trkpt lat="45.22766" lon="-72.45989">
        <ele>296.8</ele>
      </trkpt>
      <trkpt lat="45.22761" lon="-72.4602">
        <ele>296.5</ele>
      </trkpt>
      <trkpt lat="45.22762" lon="-72.46051">
        <ele>296</ele>
      </trkpt>
      <trkpt lat="45.22768" lon="-72.46074">
        <ele>295.5</ele>
      </trkpt>
      <trkpt lat="45.22788" lon="-72.46105">
        <ele>295</ele>
      </trkpt>
      <trkpt lat="45.22806" lon="-72.46127">
        <ele>294.4</ele>
      </trkpt>
      <trkpt lat="45.22825" lon="-72.46158">
        <ele>293.9</ele>
      </trkpt>
      <trkpt lat="45.22829" lon="-72.46177">
        <ele>293.2</ele>
      </trkpt>
      <trkpt lat="45.22829" lon="-72.46204">
        <ele>292.1</ele>
      </trkpt>
      <trkpt lat="45.22815" lon="-72.46257">
        <ele>287.8</ele>
      </trkpt>
      <trkpt lat="45.22787" lon="-72.46342">
        <ele>278</ele>
      </trkpt>
      <trkpt lat="45.22774" lon="-72.46369">
        <ele>276.3</ele>
      </trkpt>
      <trkpt lat="45.22747" lon="-72.46417">
        <ele>272.5</ele>
      </trkpt>
      <trkpt lat="45.22748" lon="-72.465214">
        <ele>268.3</ele>
      </trkpt>
      <trkpt lat="45.22749" lon="-72.46626">
        <ele>264.7</ele>
      </trkpt>
      <trkpt lat="45.227528" lon="-72.467483">
        <ele>257.8</ele>
      </trkpt>
      <trkpt lat="45.227566" lon="-72.468707">
        <ele>256</ele>
      </trkpt>
      <trkpt lat="45.227604" lon="-72.469931">
        <ele>255.8</ele>
      </trkpt>
      <trkpt lat="45.227642" lon="-72.471155">
        <ele>253.6</ele>
      </trkpt>
      <trkpt lat="45.22768" lon="-72.47238">
        <ele>250.8</ele>
      </trkpt>
      <trkpt lat="45.22777" lon="-72.47351">
        <ele>253.4</ele>
      </trkpt>
      <trkpt lat="45.22785" lon="-72.47426">
        <ele>257.7</ele>
      </trkpt>
      <trkpt lat="45.22786" lon="-72.47506">
        <ele>259.6</ele>
      </trkpt>
      <trkpt lat="45.22781" lon="-72.476">
        <ele>261.1</ele>
      </trkpt>
      <trkpt lat="45.22776" lon="-72.4765">
        <ele>261.5</ele>
      </trkpt>
      <trkpt lat="45.22751" lon="-72.47735">
        <ele>260.3</ele>
      </trkpt>
      <trkpt lat="45.22743" lon="-72.47749">
        <ele>259.8</ele>
      </trkpt>
      <trkpt lat="45.22717" lon="-72.47788">
        <ele>257.8</ele>
      </trkpt>
      <trkpt lat="45.22674" lon="-72.47838">
        <ele>254</ele>
      </trkpt>
      <trkpt lat="45.22651" lon="-72.4787">
        <ele>251.3</ele>
      </trkpt>
      <trkpt lat="45.225934" lon="-72.479426">
        <ele>244.5</ele>
      </trkpt>
      <trkpt lat="45.225358" lon="-72.480152">
        <ele>241.2</ele>
      </trkpt>
      <trkpt lat="45.224782" lon="-72.480878">
        <ele>240.9</ele>
      </trkpt>
      <trkpt lat="45.224206" lon="-72.481604">
        <ele>243.2</ele>
      </trkpt>
      <trkpt lat="45.22363" lon="-72.48233">
        <ele>242.5</ele>
      </trkpt>
      <trkpt lat="45.22339" lon="-72.48271">
        <ele>240</ele>
      </trkpt>
      <trkpt lat="45.22321" lon="-72.48304">
        <ele>238.8</ele>
      </trkpt>
      <trkpt lat="45.22315" lon="-72.48321">
        <ele>238.1</ele>
      </trkpt>
      <trkpt lat="45.22304" lon="-72.48375">
        <ele>237.3</ele>
      </trkpt>
      <trkpt lat="45.22295" lon="-72.48464">
        <ele>237.5</ele>
      </trkpt>
      <trkpt lat="45.222943" lon="-72.4857">
        <ele>240.3</ele>
      </trkpt>
      <trkpt lat="45.222936" lon="-72.48676">
        <ele>242.9</ele>
      </trkpt>
      <trkpt lat="45.22293" lon="-72.48782">
        <ele>245.8</ele>
      </trkpt>
      <trkpt lat="45.22291" lon="-72.48873">
        <ele>244.8</ele>
      </trkpt>
      <trkpt lat="45.22282" lon="-72.4893">
        <ele>244.2</ele>
      </trkpt>
      <trkpt lat="45.2227" lon="-72.48961">
        <ele>243.1</ele>
      </trkpt>
      <trkpt lat="45.22254" lon="-72.48986">
        <ele>242.9</ele>
      </trkpt>
      <trkpt lat="45.22223" lon="-72.4902">
        <ele>242.9</ele>
      </trkpt>
      <trkpt lat="45.22222" lon="-72.4902">
        <ele>242.9</ele>
      </trkpt>
      <trkpt lat="45.22185" lon="-72.4906">
        <ele>244.4</ele>
      </trkpt>
      <trkpt lat="45.22164" lon="-72.49086">
        <ele>244.6</ele>
      </trkpt>
      <trkpt lat="45.22125" lon="-72.49176">
        <ele>245.6</ele>
      </trkpt>
      <trkpt lat="45.22098" lon="-72.492535">
        <ele>245.1</ele>
      </trkpt>
      <trkpt lat="45.22071" lon="-72.49331">
        <ele>244.3</ele>
      </trkpt>
      <trkpt lat="45.22061" lon="-72.49383">
        <ele>242.4</ele>
      </trkpt>
      <trkpt lat="45.22059" lon="-72.49401">
        <ele>241.4</ele>
      </trkpt>
      <trkpt lat="45.22063" lon="-72.49445">
        <ele>237.8</ele>
      </trkpt>
      <trkpt lat="45.22072" lon="-72.49483">
        <ele>235.8</ele>
      </trkpt>
      <trkpt lat="45.22087" lon="-72.49526">
        <ele>233.4</ele>
      </trkpt>
      <trkpt lat="45.2213" lon="-72.49633">
        <ele>227.4</ele>
      </trkpt>
      <trkpt lat="45.22135" lon="-72.49651">
        <ele>226.8</ele>
      </trkpt>
      <trkpt lat="45.22137" lon="-72.49672">
        <ele>225.7</ele>
      </trkpt>
      <trkpt lat="45.22139" lon="-72.49733">
        <ele>224.3</ele>
      </trkpt>
      <trkpt lat="45.2214" lon="-72.49844">
        <ele>220.2</ele>
      </trkpt>
      <trkpt lat="45.22139" lon="-72.499225">
        <ele>218.6</ele>
      </trkpt>
      <trkpt lat="45.22138" lon="-72.50001">
        <ele>219.8</ele>
      </trkpt>
      <trkpt lat="45.221385" lon="-72.500705">
        <ele>223.1</ele>
      </trkpt>
      <trkpt lat="45.22139" lon="-72.5014">
        <ele>224.3</ele>
      </trkpt>
      <trkpt lat="45.22151" lon="-72.50211">
        <ele>222.2</ele>
      </trkpt>
      <trkpt lat="45.22153" lon="-72.5025">
        <ele>221.4</ele>
      </trkpt>
      <trkpt lat="45.22149" lon="-72.50269">
        <ele>221.1</ele>
      </trkpt>
      <trkpt lat="45.22117" lon="-72.50364">
        <ele>222.6</ele>
      </trkpt>
      <trkpt lat="45.2208" lon="-72.50464">
        <ele>223.8</ele>
      </trkpt>
      <trkpt lat="45.22043" lon="-72.50564">
        <ele>223.9</ele>
      </trkpt>
      <trkpt lat="45.22026" lon="-72.50596">
        <ele>223.2</ele>
      </trkpt>
      <trkpt lat="45.219935" lon="-72.506525">
        <ele>223</ele>
      </trkpt>
      <trkpt lat="45.21961" lon="-72.50709">
        <ele>222.8</ele>
      </trkpt>
      <trkpt lat="45.21961" lon="-72.5071">
        <ele>222.8</ele>
      </trkpt>
      <trkpt lat="45.219245" lon="-72.507705">
        <ele>221.3</ele>
      </trkpt>
      <trkpt lat="45.21888" lon="-72.50831">
        <ele>220.1</ele>
      </trkpt>
      <trkpt lat="45.21898" lon="-72.5091">
        <ele>217.4</ele>
      </trkpt>
      <trkpt lat="45.21913" lon="-72.50986">
        <ele>215.6</ele>
      </trkpt>
      <trkpt lat="45.21933" lon="-72.51052">
        <ele>214.8</ele>
      </trkpt>
      <trkpt lat="45.219625" lon="-72.511229">
        <ele>212.5</ele>
      </trkpt>
      <trkpt lat="45.21992" lon="-72.51194">
        <ele>212</ele>
      </trkpt>
      <trkpt lat="45.2202" lon="-72.512539">
        <ele>212.4</ele>
      </trkpt>
      <trkpt lat="45.22048" lon="-72.51314">
        <ele>212</ele>
      </trkpt>
      <trkpt lat="45.220856" lon="-72.513996">
        <ele>209.8</ele>
      </trkpt>
      <trkpt lat="45.221233" lon="-72.514853">
        <ele>210</ele>
      </trkpt>
      <trkpt lat="45.22161" lon="-72.51571">
        <ele>209.2</ele>
      </trkpt>
      <trkpt lat="45.2218" lon="-72.51627">
        <ele>208.9</ele>
      </trkpt>
      <trkpt lat="45.22187" lon="-72.51661">
        <ele>208.9</ele>
      </trkpt>
      <trkpt lat="45.2219" lon="-72.51696">
        <ele>209</ele>
      </trkpt>
      <trkpt lat="45.221915" lon="-72.517859">
        <ele>209.3</ele>
      </trkpt>
      <trkpt lat="45.22193" lon="-72.51876">
        <ele>209.9</ele>
      </trkpt>
      <trkpt lat="45.22196" lon="-72.51894">
        <ele>209.8</ele>
      </trkpt>
      <trkpt lat="45.22202" lon="-72.51912">
        <ele>209.7</ele>
      </trkpt>
      <trkpt lat="45.22241" lon="-72.5201">
        <ele>208.5</ele>
      </trkpt>
      <trkpt lat="45.22265" lon="-72.52095">
        <ele>208.1</ele>
      </trkpt>
      <trkpt lat="45.22274" lon="-72.5214">
        <ele>207.9</ele>
      </trkpt>
      <trkpt lat="45.22278" lon="-72.52248">
        <ele>206.8</ele>
      </trkpt>
      <trkpt lat="45.22276" lon="-72.52292">
        <ele>206.1</ele>
      </trkpt>
      <trkpt lat="45.22267" lon="-72.5232">
        <ele>205.5</ele>
      </trkpt>
      <trkpt lat="45.22245" lon="-72.52355">
        <ele>204.2</ele>
      </trkpt>
      <trkpt lat="45.22176" lon="-72.52429">
        <ele>201.9</ele>
      </trkpt>
      <trkpt lat="45.22145" lon="-72.52459">
        <ele>201.8</ele>
      </trkpt>
      <trkpt lat="45.22144" lon="-72.52461">
        <ele>201.8</ele>
      </trkpt>
      <trkpt lat="45.22093" lon="-72.52511">
        <ele>202.7</ele>
      </trkpt>
      <trkpt lat="45.22121" lon="-72.526117">
        <ele>202.2</ele>
      </trkpt>
      <trkpt lat="45.22149" lon="-72.527124">
        <ele>201.8</ele>
      </trkpt>
      <trkpt lat="45.22177" lon="-72.528132">
        <ele>202.2</ele>
      </trkpt>
      <trkpt lat="45.22205" lon="-72.52914">
        <ele>202.7</ele>
      </trkpt>
      <trkpt lat="45.22218" lon="-72.52972">
        <ele>202.8</ele>
      </trkpt>
      <trkpt lat="45.22227" lon="-72.53042">
        <ele>202.8</ele>
      </trkpt>
      <trkpt lat="45.222296" lon="-72.531279">
        <ele>202.6</ele>
      </trkpt>
      <trkpt lat="45.222323" lon="-72.532139">
        <ele>202.4</ele>
      </trkpt>
      <trkpt lat="45.22235" lon="-72.533">
        <ele>202.1</ele>
      </trkpt>
      <trkpt lat="45.22231" lon="-72.53398">
        <ele>201.2</ele>
      </trkpt>
      <trkpt lat="45.222325" lon="-72.534969">
        <ele>199.6</ele>
      </trkpt>
      <trkpt lat="45.22234" lon="-72.53596">
        <ele>200.1</ele>
      </trkpt>
      <trkpt lat="45.22258" lon="-72.536">
        <ele>200.2</ele>
      </trkpt>
      <trkpt lat="45.2234" lon="-72.53595">
        <ele>201.7</ele>
      </trkpt>
      <trkpt lat="45.22385" lon="-72.536039">
        <ele>201.8</ele>
      </trkpt>
      <trkpt lat="45.2243" lon="-72.53613">
        <ele>202.1</ele>
      </trkpt>
      <trkpt lat="45.22462" lon="-72.53618">
        <ele>203</ele>
      </trkpt>
      <trkpt lat="45.22511" lon="-72.53617">
        <ele>203.6</ele>
      </trkpt>
      <trkpt lat="45.225863" lon="-72.536063">
        <ele>202.3</ele>
      </trkpt>
      <trkpt lat="45.226616" lon="-72.535956">
        <ele>202</ele>
      </trkpt>
      <trkpt lat="45.22737" lon="-72.53585">
        <ele>201.9</ele>
      </trkpt>
      <trkpt lat="45.22817" lon="-72.53579">
        <ele>202.2</ele>
      </trkpt>
      <trkpt lat="45.228946" lon="-72.535766">
        <ele>201.6</ele>
      </trkpt>
      <trkpt lat="45.229723" lon="-72.535743">
        <ele>200.3</ele>
      </trkpt>
      <trkpt lat="45.2305" lon="-72.53572">
        <ele>200.6</ele>
      </trkpt>
      <trkpt lat="45.23114" lon="-72.53574">
        <ele>201.1</ele>
      </trkpt>
      <trkpt lat="45.231924" lon="-72.535824">
        <ele>203.2</ele>
      </trkpt>
      <trkpt lat="45.23271" lon="-72.53591">
        <ele>207.3</ele>
      </trkpt>
      <trkpt lat="45.23286" lon="-72.53591">
        <ele>207.8</ele>
      </trkpt>
      <trkpt lat="45.233364" lon="-72.535775">
        <ele>208.1</ele>
      </trkpt>
      <trkpt lat="45.23387" lon="-72.53564">
        <ele>207.7</ele>
      </trkpt>
      <trkpt lat="45.23444" lon="-72.535575">
        <ele>207.1</ele>
      </trkpt>
      <trkpt lat="45.23501" lon="-72.53551">
        <ele>207.5</ele>
      </trkpt>
      <trkpt lat="45.23528" lon="-72.53554">
        <ele>207.6</ele>
      </trkpt>
      <trkpt lat="45.2356" lon="-72.53563">
        <ele>207.3</ele>
      </trkpt>
      <trkpt lat="45.23574" lon="-72.53569">
        <ele>207</ele>
      </trkpt>
      <trkpt lat="45.23592" lon="-72.53582">
        <ele>206.6</ele>
      </trkpt>
      <trkpt lat="45.23643" lon="-72.53641">
        <ele>204.3</ele>
      </trkpt>
      <trkpt lat="45.23701" lon="-72.53716">
        <ele>203.6</ele>
      </trkpt>
      <trkpt lat="45.2374" lon="-72.53772">
        <ele>203.9</ele>
      </trkpt>
      <trkpt lat="45.237845" lon="-72.538334">
        <ele>204.6</ele>
      </trkpt>
      <trkpt lat="45.23829" lon="-72.53895">
        <ele>206.6</ele>
      </trkpt>
      <trkpt lat="45.23878" lon="-72.53955">
        <ele>207.7</ele>
      </trkpt>
      <trkpt lat="45.23912" lon="-72.53989">
        <ele>207.3</ele>
      </trkpt>
      <trkpt lat="45.23941" lon="-72.54014">
        <ele>206.3</ele>
      </trkpt>
      <trkpt lat="45.2397" lon="-72.54034">
        <ele>205.1</ele>
      </trkpt>
      <trkpt lat="45.24008" lon="-72.54074">
        <ele>204.5</ele>
      </trkpt>
      <trkpt lat="45.24025" lon="-72.54102">
        <ele>204.7</ele>
      </trkpt>
      <trkpt lat="45.24069" lon="-72.54213">
        <ele>203.2</ele>
      </trkpt>
      <trkpt lat="45.24092" lon="-72.54278">
        <ele>204.8</ele>
      </trkpt>
      <trkpt lat="45.24126" lon="-72.54396">
        <ele>204.4</ele>
      </trkpt>
      <trkpt lat="45.2413" lon="-72.54419">
        <ele>204.7</ele>
      </trkpt>
      <trkpt lat="45.24131" lon="-72.54437">
        <ele>205.3</ele>
      </trkpt>
      <trkpt lat="45.24128" lon="-72.54482">
        <ele>206.7</ele>
      </trkpt>
      <trkpt lat="45.24129" lon="-72.54513">
        <ele>207</ele>
      </trkpt>
      <trkpt lat="45.24137" lon="-72.54536">
        <ele>207</ele>
      </trkpt>
      <trkpt lat="45.24187" lon="-72.546164">
        <ele>204.8</ele>
      </trkpt>
      <trkpt lat="45.24237" lon="-72.54697">
        <ele>203.6</ele>
      </trkpt>
      <trkpt lat="45.24265" lon="-72.54749">
        <ele>201.8</ele>
      </trkpt>
      <trkpt lat="45.24297" lon="-72.54812">
        <ele>200.1</ele>
      </trkpt>
      <trkpt lat="45.24338" lon="-72.54903">
        <ele>199.6</ele>
      </trkpt>
      <trkpt lat="45.24353" lon="-72.54956">
        <ele>199.8</ele>
      </trkpt>
      <trkpt lat="45.24382" lon="-72.55041">
        <ele>199.9</ele>
      </trkpt>
      <trkpt lat="45.24408" lon="-72.55086">
        <ele>200.1</ele>
      </trkpt>
      <trkpt lat="45.24415" lon="-72.55103">
        <ele>200.2</ele>
      </trkpt>
      <trkpt lat="45.24418" lon="-72.55153">
        <ele>200.4</ele>
      </trkpt>
      <trkpt lat="45.24414" lon="-72.55272">
        <ele>203.1</ele>
      </trkpt>
      <trkpt lat="45.2441" lon="-72.55391">
        <ele>206.4</ele>
      </trkpt>
      <trkpt lat="45.24407" lon="-72.555003">
        <ele>207.1</ele>
      </trkpt>
      <trkpt lat="45.24404" lon="-72.556096">
        <ele>208.6</ele>
      </trkpt>
      <trkpt lat="45.24401" lon="-72.55719">
        <ele>210.4</ele>
      </trkpt>
      <trkpt lat="45.243979" lon="-72.558464">
        <ele>209.5</ele>
      </trkpt>
      <trkpt lat="45.243948" lon="-72.559739">
        <ele>209.3</ele>
      </trkpt>
      <trkpt lat="45.243917" lon="-72.561013">
        <ele>209.8</ele>
      </trkpt>
      <trkpt lat="45.243887" lon="-72.562288">
        <ele>210.8</ele>
      </trkpt>
      <trkpt lat="45.243856" lon="-72.563563">
        <ele>211.7</ele>
      </trkpt>
      <trkpt lat="45.243825" lon="-72.564837">
        <ele>212.4</ele>
      </trkpt>
      <trkpt lat="45.243794" lon="-72.566112">
        <ele>212.5</ele>
      </trkpt>
      <trkpt lat="45.243764" lon="-72.567386">
        <ele>213.6</ele>
      </trkpt>
      <trkpt lat="45.243733" lon="-72.568661">
        <ele>217.1</ele>
      </trkpt>
      <trkpt lat="45.243702" lon="-72.569936">
        <ele>220.2</ele>
      </trkpt>
      <trkpt lat="45.243671" lon="-72.57121">
        <ele>224</ele>
      </trkpt>
      <trkpt lat="45.24364" lon="-72.572485">
        <ele>228.3</ele>
      </trkpt>
      <trkpt lat="45.24361" lon="-72.57376">
        <ele>231.3</ele>
      </trkpt>
      <trkpt lat="45.24361" lon="-72.57377">
        <ele>231.3</ele>
      </trkpt>
      <trkpt lat="45.243585" lon="-72.574765">
        <ele>233.1</ele>
      </trkpt>
      <trkpt lat="45.24356" lon="-72.57576">
        <ele>234.1</ele>
      </trkpt>
      <trkpt lat="45.243565" lon="-72.576424">
        <ele>233.8</ele>
      </trkpt>
      <trkpt lat="45.24357" lon="-72.57709">
        <ele>233.7</ele>
      </trkpt>
      <trkpt lat="45.243634" lon="-72.578245">
        <ele>233</ele>
      </trkpt>
      <trkpt lat="45.243698" lon="-72.579401">
        <ele>232.7</ele>
      </trkpt>
      <trkpt lat="45.243762" lon="-72.580557">
        <ele>231.7</ele>
      </trkpt>
      <trkpt lat="45.243826" lon="-72.581713">
        <ele>231.8</ele>
      </trkpt>
      <trkpt lat="45.24389" lon="-72.58287">
        <ele>231.3</ele>
      </trkpt>
      <trkpt lat="45.243948" lon="-72.584087">
        <ele>231.4</ele>
      </trkpt>
      <trkpt lat="45.244007" lon="-72.585304">
        <ele>231.7</ele>
      </trkpt>
      <trkpt lat="45.244065" lon="-72.586521">
        <ele>231.9</ele>
      </trkpt>
      <trkpt lat="45.244124" lon="-72.587738">
        <ele>232.8</ele>
      </trkpt>
      <trkpt lat="45.244182" lon="-72.588955">
        <ele>234.9</ele>
      </trkpt>
      <trkpt lat="45.244241" lon="-72.590172">
        <ele>238.2</ele>
      </trkpt>
      <trkpt lat="45.2443" lon="-72.59139">
        <ele>242.9</ele>
      </trkpt>
      <trkpt lat="45.24368" lon="-72.59169">
        <ele>242.7</ele>
      </trkpt>
      <trkpt lat="45.24342" lon="-72.59188">
        <ele>242.5</ele>
      </trkpt>
      <trkpt lat="45.24296" lon="-72.59228">
        <ele>241.9</ele>
      </trkpt>
      <trkpt lat="45.24233" lon="-72.59272">
        <ele>240.9</ele>
      </trkpt>
      <trkpt lat="45.24207" lon="-72.59299">
        <ele>240.8</ele>
      </trkpt>
      <trkpt lat="45.24206" lon="-72.593">
        <ele>240.8</ele>
      </trkpt>
      <trkpt lat="45.24186" lon="-72.59326">
        <ele>240.6</ele>
      </trkpt>
      <trkpt lat="45.24163" lon="-72.59362">
        <ele>240.6</ele>
      </trkpt>
      <trkpt lat="45.24155" lon="-72.59384">
        <ele>240.8</ele>
      </trkpt>
      <trkpt lat="45.241326" lon="-72.594746">
        <ele>241.6</ele>
      </trkpt>
      <trkpt lat="45.241103" lon="-72.595653">
        <ele>243.1</ele>
      </trkpt>
      <trkpt lat="45.24088" lon="-72.59656">
        <ele>243.2</ele>
      </trkpt>
      <trkpt lat="45.24084" lon="-72.59756">
        <ele>242.7</ele>
      </trkpt>
      <trkpt lat="45.24087" lon="-72.59787">
        <ele>243.4</ele>
      </trkpt>
      <trkpt lat="45.2409" lon="-72.59798">
        <ele>243.7</ele>
      </trkpt>
      <trkpt lat="45.241215" lon="-72.598689">
        <ele>246.9</ele>
      </trkpt>
      <trkpt lat="45.24153" lon="-72.5994">
        <ele>248.7</ele>
      </trkpt>
      <trkpt lat="45.24153" lon="-72.59941">
        <ele>248.7</ele>
      </trkpt>
      <trkpt lat="45.24193" lon="-72.60028">
        <ele>251.8</ele>
      </trkpt>
      <trkpt lat="45.24201" lon="-72.60051">
        <ele>252.4</ele>
      </trkpt>
      <trkpt lat="45.24207" lon="-72.60091">
        <ele>253</ele>
      </trkpt>
      <trkpt lat="45.242106" lon="-72.601989">
        <ele>254</ele>
      </trkpt>
      <trkpt lat="45.242143" lon="-72.603069">
        <ele>256.7</ele>
      </trkpt>
      <trkpt lat="45.24218" lon="-72.60415">
        <ele>261</ele>
      </trkpt>
      <trkpt lat="45.24221" lon="-72.605399">
        <ele>260.5</ele>
      </trkpt>
      <trkpt lat="45.24224" lon="-72.606649">
        <ele>262.3</ele>
      </trkpt>
      <trkpt lat="45.24227" lon="-72.6079">
        <ele>267.4</ele>
      </trkpt>
      <trkpt lat="45.24226" lon="-72.60825">
        <ele>269.3</ele>
      </trkpt>
      <trkpt lat="45.2422" lon="-72.60855">
        <ele>270</ele>
      </trkpt>
      <trkpt lat="45.24192" lon="-72.60915">
        <ele>270.1</ele>
      </trkpt>
      <trkpt lat="45.2418" lon="-72.60947">
        <ele>269.9</ele>
      </trkpt>
      <trkpt lat="45.24168" lon="-72.61009">
        <ele>270.2</ele>
      </trkpt>
      <trkpt lat="45.24165" lon="-72.61032">
        <ele>270.5</ele>
      </trkpt>
      <trkpt lat="45.24176" lon="-72.61112">
        <ele>271.4</ele>
      </trkpt>
      <trkpt lat="45.24178" lon="-72.6117">
        <ele>270.5</ele>
      </trkpt>
      <trkpt lat="45.24195" lon="-72.61229">
        <ele>269.1</ele>
      </trkpt>
      <trkpt lat="45.24217" lon="-72.61278">
        <ele>267</ele>
      </trkpt>
      <trkpt lat="45.24231" lon="-72.61318">
        <ele>265.8</ele>
      </trkpt>
      <trkpt lat="45.24246" lon="-72.61376">
        <ele>262.9</ele>
      </trkpt>
      <trkpt lat="45.242636" lon="-72.614943">
        <ele>258.6</ele>
      </trkpt>
      <trkpt lat="45.242813" lon="-72.616126">
        <ele>255.8</ele>
      </trkpt>
      <trkpt lat="45.24299" lon="-72.61731">
        <ele>253.7</ele>
      </trkpt>
      <trkpt lat="45.24311" lon="-72.61834">
        <ele>250.4</ele>
      </trkpt>
      <trkpt lat="45.24321" lon="-72.619">
        <ele>247</ele>
      </trkpt>
      <trkpt lat="45.24321" lon="-72.61919">
        <ele>246.5</ele>
      </trkpt>
      <trkpt lat="45.24316" lon="-72.61973">
        <ele>245.4</ele>
      </trkpt>
      <trkpt lat="45.24308" lon="-72.62049">
        <ele>245.9</ele>
      </trkpt>
      <trkpt lat="45.24297" lon="-72.62134">
        <ele>248.3</ele>
      </trkpt>
      <trkpt lat="45.24285" lon="-72.62183">
        <ele>249.2</ele>
      </trkpt>
      <trkpt lat="45.2431" lon="-72.62214">
        <ele>249</ele>
      </trkpt>
      <trkpt lat="45.24339" lon="-72.62272">
        <ele>248</ele>
      </trkpt>
      <trkpt lat="45.24356" lon="-72.623319">
        <ele>245.8</ele>
      </trkpt>
      <trkpt lat="45.24373" lon="-72.62392">
        <ele>244.2</ele>
      </trkpt>
      <trkpt lat="45.24373" lon="-72.62391">
        <ele>244.2</ele>
      </trkpt>
      <trkpt lat="45.24386" lon="-72.62415">
        <ele>243.2</ele>
      </trkpt>
      <trkpt lat="45.244363" lon="-72.624793">
        <ele>238.1</ele>
      </trkpt>
      <trkpt lat="45.244866" lon="-72.625436">
        <ele>233.2</ele>
      </trkpt>
      <trkpt lat="45.24537" lon="-72.62608">
        <ele>230.8</ele>
      </trkpt>
      <trkpt lat="45.24588" lon="-72.62679">
        <ele>231.3</ele>
      </trkpt>
      <trkpt lat="45.24641" lon="-72.62743">
        <ele>234</ele>
      </trkpt>
      <trkpt lat="45.24669" lon="-72.62768">
        <ele>233.7</ele>
      </trkpt>
      <trkpt lat="45.24714" lon="-72.62792">
        <ele>231.5</ele>
      </trkpt>
      <trkpt lat="45.24734" lon="-72.628">
        <ele>228.8</ele>
      </trkpt>
      <trkpt lat="45.24758" lon="-72.62801">
        <ele>227.2</ele>
      </trkpt>
      <trkpt lat="45.24795" lon="-72.628">
        <ele>224.9</ele>
      </trkpt>
      <trkpt lat="45.24791" lon="-72.62872">
        <ele>227.4</ele>
      </trkpt>
      <trkpt lat="45.24787" lon="-72.62944">
        <ele>230.1</ele>
      </trkpt>
      <trkpt lat="45.24776" lon="-72.63051">
        <ele>231.9</ele>
      </trkpt>
      <trkpt lat="45.247645" lon="-72.631135">
        <ele>233.5</ele>
      </trkpt>
      <trkpt lat="45.24753" lon="-72.63176">
        <ele>235.7</ele>
      </trkpt>
      <trkpt lat="45.2474" lon="-72.63212">
        <ele>236.2</ele>
      </trkpt>
      <trkpt lat="45.24717" lon="-72.63274">
        <ele>236.6</ele>
      </trkpt>
      <trkpt lat="45.24694" lon="-72.63361">
        <ele>237.2</ele>
      </trkpt>
      <trkpt lat="45.24678" lon="-72.6345">
        <ele>233.8</ele>
      </trkpt>
      <trkpt lat="45.246615" lon="-72.63515">
        <ele>233.3</ele>
      </trkpt>
      <trkpt lat="45.24645" lon="-72.6358">
        <ele>234.3</ele>
      </trkpt>
      <trkpt lat="45.24624" lon="-72.63643">
        <ele>234.4</ele>
      </trkpt>
      <trkpt lat="45.24604" lon="-72.63741">
        <ele>231.9</ele>
      </trkpt>
      <trkpt lat="45.24591" lon="-72.63775">
        <ele>231.7</ele>
      </trkpt>
      <trkpt lat="45.24545" lon="-72.638535">
        <ele>230.1</ele>
      </trkpt>
      <trkpt lat="45.24499" lon="-72.63932">
        <ele>228.4</ele>
      </trkpt>
      <trkpt lat="45.24459" lon="-72.63995">
        <ele>228.5</ele>
      </trkpt>
      <trkpt lat="45.24445" lon="-72.64026">
        <ele>228.3</ele>
      </trkpt>
      <trkpt lat="45.24418" lon="-72.64107">
        <ele>225.8</ele>
      </trkpt>
      <trkpt lat="45.24396" lon="-72.641905">
        <ele>223.8</ele>
      </trkpt>
      <trkpt lat="45.24374" lon="-72.64274">
        <ele>221.5</ele>
      </trkpt>
      <trkpt lat="45.24358" lon="-72.64363">
        <ele>219.6</ele>
      </trkpt>
      <trkpt lat="45.24327" lon="-72.6447">
        <ele>216.8</ele>
      </trkpt>
      <trkpt lat="45.24306" lon="-72.6456">
        <ele>212.1</ele>
      </trkpt>
      <trkpt lat="45.24305" lon="-72.64571">
        <ele>212.1</ele>
      </trkpt>
      <trkpt lat="45.2429" lon="-72.64636">
        <ele>209.2</ele>
      </trkpt>
      <trkpt lat="45.24264" lon="-72.6473">
        <ele>206</ele>
      </trkpt>
      <trkpt lat="45.24233" lon="-72.64833">
        <ele>203</ele>
      </trkpt>
      <trkpt lat="45.24201" lon="-72.6495">
        <ele>199.1</ele>
      </trkpt>
      <trkpt lat="45.24167" lon="-72.65039">
        <ele>195.6</ele>
      </trkpt>
      <trkpt lat="45.24123" lon="-72.65111">
        <ele>193.6</ele>
      </trkpt>
      <trkpt lat="45.2409" lon="-72.65177">
        <ele>196.5</ele>
      </trkpt>
      <trkpt lat="45.24047" lon="-72.65232">
        <ele>195.8</ele>
      </trkpt>
      <trkpt lat="45.24012" lon="-72.65285">
        <ele>194.7</ele>
      </trkpt>
      <trkpt lat="45.23998" lon="-72.65312">
        <ele>194.7</ele>
      </trkpt>
      <trkpt lat="45.23973" lon="-72.6537">
        <ele>194.5</ele>
      </trkpt>
      <trkpt lat="45.23941" lon="-72.6546">
        <ele>191.7</ele>
      </trkpt>
      <trkpt lat="45.23898" lon="-72.655565">
        <ele>187.8</ele>
      </trkpt>
      <trkpt lat="45.23855" lon="-72.65653">
        <ele>184.6</ele>
      </trkpt>
      <trkpt lat="45.2381" lon="-72.65745">
        <ele>184.4</ele>
      </trkpt>
      <trkpt lat="45.238848" lon="-72.657414">
        <ele>182.2</ele>
      </trkpt>
      <trkpt lat="45.239596" lon="-72.657378">
        <ele>178.8</ele>
      </trkpt>
      <trkpt lat="45.240344" lon="-72.657342">
        <ele>176.5</ele>
      </trkpt>
      <trkpt lat="45.241092" lon="-72.657306">
        <ele>169.9</ele>
      </trkpt>
      <trkpt lat="45.24184" lon="-72.65727">
        <ele>165.5</ele>
      </trkpt>
      <trkpt lat="45.242476" lon="-72.657213">
        <ele>163.6</ele>
      </trkpt>
      <trkpt lat="45.243113" lon="-72.657156">
        <ele>166.5</ele>
      </trkpt>
      <trkpt lat="45.24375" lon="-72.6571">
        <ele>173</ele>
      </trkpt>
      <trkpt lat="45.244229" lon="-72.65708">
        <ele>177.6</ele>
      </trkpt>
      <trkpt lat="45.24471" lon="-72.65706">
        <ele>180.8</ele>
      </trkpt>
      <trkpt lat="45.245386" lon="-72.65699">
        <ele>184.3</ele>
      </trkpt>
      <trkpt lat="45.246063" lon="-72.65692">
        <ele>185.2</ele>
      </trkpt>
      <trkpt lat="45.24674" lon="-72.65685">
        <ele>187.4</ele>
      </trkpt>
      <trkpt lat="45.24762" lon="-72.65672">
        <ele>191.9</ele>
      </trkpt>
      <trkpt lat="45.24801" lon="-72.6567">
        <ele>193.1</ele>
      </trkpt>
      <trkpt lat="45.248773" lon="-72.656716">
        <ele>191.4</ele>
      </trkpt>
      <trkpt lat="45.249536" lon="-72.656733">
        <ele>189.2</ele>
      </trkpt>
      <trkpt lat="45.2503" lon="-72.65675">
        <ele>188.4</ele>
      </trkpt>
      <trkpt lat="45.25116" lon="-72.65679">
        <ele>187.6</ele>
      </trkpt>
      <trkpt lat="45.25201" lon="-72.65679">
        <ele>186</ele>
      </trkpt>
      <trkpt lat="45.25277" lon="-72.656755">
        <ele>178.4</ele>
      </trkpt>
      <trkpt lat="45.25353" lon="-72.65672">
        <ele>173.6</ele>
      </trkpt>
      <trkpt lat="45.25429" lon="-72.656685">
        <ele>171.5</ele>
      </trkpt>
      <trkpt lat="45.25505" lon="-72.65665">
        <ele>162</ele>
      </trkpt>
      <trkpt lat="45.25591" lon="-72.656633">
        <ele>153.8</ele>
      </trkpt>
      <trkpt lat="45.25677" lon="-72.656616">
        <ele>152.8</ele>
      </trkpt>
      <trkpt lat="45.25763" lon="-72.6566">
        <ele>155.7</ele>
      </trkpt>
      <trkpt lat="45.25787" lon="-72.65662">
        <ele>155.5</ele>
      </trkpt>
      <trkpt lat="45.258605" lon="-72.656644">
        <ele>151.9</ele>
      </trkpt>
      <trkpt lat="45.25934" lon="-72.65667">
        <ele>149.9</ele>
      </trkpt>
      <trkpt lat="45.26006" lon="-72.656679">
        <ele>151.1</ele>
      </trkpt>
      <trkpt lat="45.26078" lon="-72.65669">
        <ele>155.1</ele>
      </trkpt>
      <trkpt lat="45.26124" lon="-72.65664">
        <ele>157</ele>
      </trkpt>
      <trkpt lat="45.26131" lon="-72.65581">
        <ele>158.3</ele>
      </trkpt>
      <trkpt lat="45.26128" lon="-72.65532">
        <ele>158.7</ele>
      </trkpt>
      <trkpt lat="45.26118" lon="-72.654464">
        <ele>159.6</ele>
      </trkpt>
      <trkpt lat="45.26108" lon="-72.65361">
        <ele>162.5</ele>
      </trkpt>
      <trkpt lat="45.261056" lon="-72.652429">
        <ele>163.1</ele>
      </trkpt>
      <trkpt lat="45.261033" lon="-72.651249">
        <ele>158.5</ele>
      </trkpt>
      <trkpt lat="45.26101" lon="-72.65007">
        <ele>156.8</ele>
      </trkpt>
      <trkpt lat="45.26096" lon="-72.64943">
        <ele>158.4</ele>
      </trkpt>
      <trkpt lat="45.26087" lon="-72.64851">
        <ele>160.4</ele>
      </trkpt>
      <trkpt lat="45.26081" lon="-72.64819">
        <ele>161.2</ele>
      </trkpt>
      <trkpt lat="45.26078" lon="-72.64739">
        <ele>163.4</ele>
      </trkpt>
      <trkpt lat="45.26078" lon="-72.64661">
        <ele>168.1</ele>
      </trkpt>
      <trkpt lat="45.26078" lon="-72.64583">
        <ele>168.4</ele>
      </trkpt>
      <trkpt lat="45.2608" lon="-72.64508">
        <ele>166.5</ele>
      </trkpt>
      <trkpt lat="45.26127" lon="-72.64525">
        <ele>166.5</ele>
      </trkpt>
      <trkpt lat="45.26193" lon="-72.64546">
        <ele>169.2</ele>
      </trkpt>
      <trkpt lat="45.26228" lon="-72.64559">
        <ele>171.1</ele>
      </trkpt>
      <trkpt lat="45.26286" lon="-72.64581">
        <ele>174.3</ele>
      </trkpt>
      <trkpt lat="45.263389" lon="-72.645969">
        <ele>177.7</ele>
      </trkpt>
      <trkpt lat="45.26392" lon="-72.64613">
        <ele>179.5</ele>
      </trkpt>
      <trkpt lat="45.264585" lon="-72.646374">
        <ele>181</ele>
      </trkpt>
      <trkpt lat="45.26525" lon="-72.64662">
        <ele>180.7</ele>
      </trkpt>
      <trkpt lat="45.26572" lon="-72.64663">
        <ele>178</ele>
      </trkpt>
      <trkpt lat="45.26602" lon="-72.64658">
        <ele>177.1</ele>
      </trkpt>
      <trkpt lat="45.266635" lon="-72.64642">
        <ele>176.3</ele>
      </trkpt>
      <trkpt lat="45.26725" lon="-72.64626">
        <ele>174.6</ele>
      </trkpt>
      <trkpt lat="45.26761" lon="-72.64635">
        <ele>173.9</ele>
      </trkpt>
      <trkpt lat="45.26776" lon="-72.64644">
        <ele>173.8</ele>
      </trkpt>
      <trkpt lat="45.26795" lon="-72.64663">
        <ele>173.5</ele>
      </trkpt>
      <trkpt lat="45.26818" lon="-72.64725">
        <ele>171.1</ele>
      </trkpt>
      <trkpt lat="45.268425" lon="-72.647969">
        <ele>165.9</ele>
      </trkpt>
      <trkpt lat="45.26867" lon="-72.64869">
        <ele>163.2</ele>
      </trkpt>
      <trkpt lat="45.26886" lon="-72.64918">
        <ele>163.5</ele>
      </trkpt>
      <trkpt lat="45.26929" lon="-72.65017">
        <ele>170.1</ele>
      </trkpt>
      <trkpt lat="45.26953" lon="-72.65061">
        <ele>172</ele>
      </trkpt>
      <trkpt lat="45.27005" lon="-72.65114">
        <ele>177.6</ele>
      </trkpt>
      <trkpt lat="45.27072" lon="-72.651904">
        <ele>180.8</ele>
      </trkpt>
      <trkpt lat="45.27139" lon="-72.65267">
        <ele>181.3</ele>
      </trkpt>
      <trkpt lat="45.27157" lon="-72.65277">
        <ele>181.3</ele>
      </trkpt>
      <trkpt lat="45.27204" lon="-72.65339">
        <ele>184.1</ele>
      </trkpt>
      <trkpt lat="45.27215" lon="-72.65348">
        <ele>184.6</ele>
      </trkpt>
      <trkpt lat="45.27228" lon="-72.65348">
        <ele>185.5</ele>
      </trkpt>
      <trkpt lat="45.27227" lon="-72.65348">
        <ele>185.6</ele>
      </trkpt>
      <trkpt lat="45.27237" lon="-72.65348">
        <ele>186.3</ele>
      </trkpt>
      <trkpt lat="45.27295" lon="-72.65334">
        <ele>191.5</ele>
      </trkpt>
      <trkpt lat="45.27314" lon="-72.65321">
        <ele>193.5</ele>
      </trkpt>
      <trkpt lat="45.2733" lon="-72.65302">
        <ele>197.3</ele>
      </trkpt>
      <trkpt lat="45.27353" lon="-72.65254">
        <ele>198.7</ele>
      </trkpt>
      <trkpt lat="45.27363" lon="-72.65245">
        <ele>199.1</ele>
      </trkpt>
      <trkpt lat="45.27372" lon="-72.6524">
        <ele>199.2</ele>
      </trkpt>
      <trkpt lat="45.2738" lon="-72.6524">
        <ele>199.1</ele>
      </trkpt>
      <trkpt lat="45.27387" lon="-72.65249">
        <ele>199.1</ele>
      </trkpt>
      <trkpt lat="45.27392" lon="-72.65266">
        <ele>198.7</ele>
      </trkpt>
      <trkpt lat="45.273935" lon="-72.653474">
        <ele>199.7</ele>
      </trkpt>
      <trkpt lat="45.27395" lon="-72.65429">
        <ele>204.8</ele>
      </trkpt>
      <trkpt lat="45.27401" lon="-72.6551">
        <ele>208.1</ele>
      </trkpt>
      <trkpt lat="45.27401" lon="-72.65531">
        <ele>208.1</ele>
      </trkpt>
      <trkpt lat="45.27395" lon="-72.65559">
        <ele>207.6</ele>
      </trkpt>
      <trkpt lat="45.27357" lon="-72.65629">
        <ele>206</ele>
      </trkpt>
      <trkpt lat="45.27357" lon="-72.6563">
        <ele>206</ele>
      </trkpt>
      <trkpt lat="45.27352" lon="-72.65644">
        <ele>206.2</ele>
      </trkpt>
      <trkpt lat="45.27352" lon="-72.6567">
        <ele>207.4</ele>
      </trkpt>
      <trkpt lat="45.27365" lon="-72.65769">
        <ele>214.4</ele>
      </trkpt>
      <trkpt lat="45.27368" lon="-72.65817">
        <ele>218.8</ele>
      </trkpt>
      <trkpt lat="45.27358" lon="-72.65875">
        <ele>221</ele>
      </trkpt>
      <trkpt lat="45.27343" lon="-72.659405">
        <ele>221.9</ele>
      </trkpt>
      <trkpt lat="45.27328" lon="-72.66006">
        <ele>222</ele>
      </trkpt>
      <trkpt lat="45.273095" lon="-72.660655">
        <ele>219.1</ele>
      </trkpt>
      <trkpt lat="45.27291" lon="-72.66125">
        <ele>215.2</ele>
      </trkpt>
      <trkpt lat="45.27291" lon="-72.66126">
        <ele>215</ele>
      </trkpt>
      <trkpt lat="45.27288" lon="-72.66171">
        <ele>212.9</ele>
      </trkpt>
      <trkpt lat="45.27293" lon="-72.66212">
        <ele>212.4</ele>
      </trkpt>
      <trkpt lat="45.27307" lon="-72.66256">
        <ele>212.3</ele>
      </trkpt>
      <trkpt lat="45.27305" lon="-72.66287">
        <ele>210.6</ele>
      </trkpt>
      <trkpt lat="45.27283" lon="-72.66346">
        <ele>204.7</ele>
      </trkpt>
      <trkpt lat="45.27241" lon="-72.66431">
        <ele>197.3</ele>
      </trkpt>
      <trkpt lat="45.27222" lon="-72.66476">
        <ele>195.7</ele>
      </trkpt>
      <trkpt lat="45.27216" lon="-72.66503">
        <ele>193.8</ele>
      </trkpt>
      <trkpt lat="45.27214" lon="-72.66534">
        <ele>192.7</ele>
      </trkpt>
      <trkpt lat="45.27231" lon="-72.666524">
        <ele>190.2</ele>
      </trkpt>
      <trkpt lat="45.27248" lon="-72.66771">
        <ele>190.4</ele>
      </trkpt>
      <trkpt lat="45.27264" lon="-72.66834">
        <ele>190.7</ele>
      </trkpt>
      <trkpt lat="45.27269" lon="-72.66846">
        <ele>190.6</ele>
      </trkpt>
      <trkpt lat="45.27281" lon="-72.66869">
        <ele>190.1</ele>
      </trkpt>
      <trkpt lat="45.27299" lon="-72.66897">
        <ele>188.7</ele>
      </trkpt>
      <trkpt lat="45.27325" lon="-72.66923">
        <ele>187.4</ele>
      </trkpt>
      <trkpt lat="45.27366" lon="-72.66946">
        <ele>188.1</ele>
      </trkpt>
      <trkpt lat="45.27388" lon="-72.66955">
        <ele>190</ele>
      </trkpt>
      <trkpt lat="45.27426" lon="-72.66964">
        <ele>195.9</ele>
      </trkpt>
      <trkpt lat="45.2748" lon="-72.66968">
        <ele>201.4</ele>
      </trkpt>
      <trkpt lat="45.27496" lon="-72.66968">
        <ele>202.4</ele>
      </trkpt>
      <trkpt lat="45.27537" lon="-72.6695">
        <ele>207.2</ele>
      </trkpt>
      <trkpt lat="45.2758" lon="-72.66923">
        <ele>213.8</ele>
      </trkpt>
      <trkpt lat="45.27603" lon="-72.66901">
        <ele>216.8</ele>
      </trkpt>
      <trkpt lat="45.27624" lon="-72.66861">
        <ele>222</ele>
      </trkpt>
      <trkpt lat="45.27636" lon="-72.66846">
        <ele>223.3</ele>
      </trkpt>
      <trkpt lat="45.27635" lon="-72.66846">
        <ele>223.3</ele>
      </trkpt>
      <trkpt lat="45.27646" lon="-72.66835">
        <ele>225.5</ele>
      </trkpt>
      <trkpt lat="45.27657" lon="-72.66829">
        <ele>227</ele>
      </trkpt>
      <trkpt lat="45.27689" lon="-72.66817">
        <ele>230.3</ele>
      </trkpt>
      <trkpt lat="45.27708" lon="-72.66821">
        <ele>231.2</ele>
      </trkpt>
      <trkpt lat="45.27715" lon="-72.66825">
        <ele>231.2</ele>
      </trkpt>
      <trkpt lat="45.27745" lon="-72.66851">
        <ele>234.5</ele>
      </trkpt>
      <trkpt lat="45.27772" lon="-72.66856">
        <ele>239.6</ele>
      </trkpt>
      <trkpt lat="45.2779" lon="-72.66847">
        <ele>239.6</ele>
      </trkpt>
      <trkpt lat="45.27803" lon="-72.66829">
        <ele>240.8</ele>
      </trkpt>
      <trkpt lat="45.27827" lon="-72.667675">
        <ele>245.9</ele>
      </trkpt>
      <trkpt lat="45.27851" lon="-72.66706">
        <ele>249.1</ele>
      </trkpt>
      <trkpt lat="45.279249" lon="-72.66696">
        <ele>256.4</ele>
      </trkpt>
      <trkpt lat="45.27999" lon="-72.66686">
        <ele>260.6</ele>
      </trkpt>
      <trkpt lat="45.28054" lon="-72.66682">
        <ele>259.8</ele>
      </trkpt>
      <trkpt lat="45.28071" lon="-72.66677">
        <ele>259.9</ele>
      </trkpt>
      <trkpt lat="45.28082" lon="-72.66668">
        <ele>260.3</ele>
      </trkpt>
      <trkpt lat="45.28119" lon="-72.6663">
        <ele>261.3</ele>
      </trkpt>
      <trkpt lat="45.28129" lon="-72.6662">
        <ele>260.9</ele>
      </trkpt>
      <trkpt lat="45.28139" lon="-72.66619">
        <ele>260.7</ele>
      </trkpt>
      <trkpt lat="45.28151" lon="-72.6662">
        <ele>259.8</ele>
      </trkpt>
      <trkpt lat="45.28206" lon="-72.66659">
        <ele>261.1</ele>
      </trkpt>
      <trkpt lat="45.2822" lon="-72.66664">
        <ele>262.4</ele>
      </trkpt>
      <trkpt lat="45.28232" lon="-72.66664">
        <ele>263.2</ele>
      </trkpt>
      <trkpt lat="45.28254" lon="-72.66656">
        <ele>265.4</ele>
      </trkpt>
      <trkpt lat="45.28272" lon="-72.66638">
        <ele>267.9</ele>
      </trkpt>
      <trkpt lat="45.28309" lon="-72.665835">
        <ele>267.6</ele>
      </trkpt>
      <trkpt lat="45.28346" lon="-72.66529">
        <ele>266.7</ele>
      </trkpt>
      <trkpt lat="45.28379" lon="-72.66449">
        <ele>267.8</ele>
      </trkpt>
      <trkpt lat="45.28403" lon="-72.66401">
        <ele>270.3</ele>
      </trkpt>
      <trkpt lat="45.28444" lon="-72.66297">
        <ele>278.1</ele>
      </trkpt>
      <trkpt lat="45.28451" lon="-72.66287">
        <ele>278.1</ele>
      </trkpt>
      <trkpt lat="45.28468" lon="-72.6627">
        <ele>280.4</ele>
      </trkpt>
      <trkpt lat="45.28476" lon="-72.66283">
        <ele>279.4</ele>
      </trkpt>
      <trkpt lat="45.28486" lon="-72.66289">
        <ele>277.9</ele>
      </trkpt>
      <trkpt lat="45.28497" lon="-72.66296">
        <ele>276.8</ele>
      </trkpt>
      <trkpt lat="45.2853" lon="-72.66305">
        <ele>272.3</ele>
      </trkpt>
      <trkpt lat="45.286145" lon="-72.663299">
        <ele>260.8</ele>
      </trkpt>
      <trkpt lat="45.28699" lon="-72.66355">
        <ele>251.7</ele>
      </trkpt>
      <trkpt lat="45.28717" lon="-72.66355">
        <ele>250.5</ele>
      </trkpt>
      <trkpt lat="45.28734" lon="-72.66346">
        <ele>249.7</ele>
      </trkpt>
      <trkpt lat="45.28754" lon="-72.66333">
        <ele>249.5</ele>
      </trkpt>
      <trkpt lat="45.28797" lon="-72.66286">
        <ele>247.8</ele>
      </trkpt>
      <trkpt lat="45.2884" lon="-72.66239">
        <ele>243.1</ele>
      </trkpt>
      <trkpt lat="45.28856" lon="-72.66219">
        <ele>241.5</ele>
      </trkpt>
      <trkpt lat="45.28871" lon="-72.66247">
        <ele>239.2</ele>
      </trkpt>
      <trkpt lat="45.28879" lon="-72.66266">
        <ele>237.9</ele>
      </trkpt>
      <trkpt lat="45.28902" lon="-72.66311">
        <ele>231.1</ele>
      </trkpt>
      <trkpt lat="45.28918" lon="-72.66318">
        <ele>229.7</ele>
      </trkpt>
      <trkpt lat="45.28939" lon="-72.66318">
        <ele>226.8</ele>
      </trkpt>
      <trkpt lat="45.28951" lon="-72.66314">
        <ele>225.9</ele>
      </trkpt>
      <trkpt lat="45.28955" lon="-72.66314">
        <ele>225.5</ele>
      </trkpt>
      <trkpt lat="45.29014" lon="-72.66279">
        <ele>222.2</ele>
      </trkpt>
      <trkpt lat="45.290535" lon="-72.66247">
        <ele>217.6</ele>
      </trkpt>
      <trkpt lat="45.29093" lon="-72.66215">
        <ele>215.8</ele>
      </trkpt>
      <trkpt lat="45.291465" lon="-72.661845">
        <ele>212.8</ele>
      </trkpt>
      <trkpt lat="45.292" lon="-72.66154">
        <ele>209.7</ele>
      </trkpt>
      <trkpt lat="45.29274" lon="-72.66102">
        <ele>208.6</ele>
      </trkpt>
      <trkpt lat="45.29348" lon="-72.6605">
        <ele>205</ele>
      </trkpt>
      <trkpt lat="45.29422" lon="-72.65998">
        <ele>201.7</ele>
      </trkpt>
      <trkpt lat="45.294305" lon="-72.660789">
        <ele>196.3</ele>
      </trkpt>
      <trkpt lat="45.29439" lon="-72.6616">
        <ele>190.5</ele>
      </trkpt>
      <trkpt lat="45.29447" lon="-72.66237">
        <ele>187.7</ele>
      </trkpt>
      <trkpt lat="45.29451" lon="-72.66261">
        <ele>185.2</ele>
      </trkpt>
      <trkpt lat="45.29466" lon="-72.66243">
        <ele>184.9</ele>
      </trkpt>
      <trkpt lat="45.29502" lon="-72.66207">
        <ele>183.9</ele>
      </trkpt>
      <trkpt lat="45.2955" lon="-72.66172">
        <ele>183.3</ele>
      </trkpt>
      <trkpt lat="45.29573" lon="-72.66163">
        <ele>182.8</ele>
      </trkpt>
      <trkpt lat="45.29659" lon="-72.66139">
        <ele>181</ele>
      </trkpt>
      <trkpt lat="45.29658" lon="-72.66139">
        <ele>181.1</ele>
      </trkpt>
      <trkpt lat="45.2973" lon="-72.661188">
        <ele>177.4</ele>
      </trkpt>
      <trkpt lat="45.29802" lon="-72.660986">
        <ele>170.5</ele>
      </trkpt>
      <trkpt lat="45.29874" lon="-72.660784">
        <ele>164.7</ele>
      </trkpt>
      <trkpt lat="45.29946" lon="-72.660582">
        <ele>161.1</ele>
      </trkpt>
      <trkpt lat="45.30018" lon="-72.66038">
        <ele>159.9</ele>
      </trkpt>
      <trkpt lat="45.30095" lon="-72.660146">
        <ele>157.6</ele>
      </trkpt>
      <trkpt lat="45.30172" lon="-72.659913">
        <ele>153.4</ele>
      </trkpt>
      <trkpt lat="45.30249" lon="-72.65968">
        <ele>148.7</ele>
      </trkpt>
      <trkpt lat="45.30336" lon="-72.65943">
        <ele>143.5</ele>
      </trkpt>
      <trkpt lat="45.30423" lon="-72.65918">
        <ele>139</ele>
      </trkpt>
      <trkpt lat="45.3051" lon="-72.65893">
        <ele>137.2</ele>
      </trkpt>
      <trkpt lat="45.30597" lon="-72.65868">
        <ele>139.6</ele>
      </trkpt>
      <trkpt lat="45.30596" lon="-72.65868">
        <ele>139.6</ele>
      </trkpt>
      <trkpt lat="45.30649" lon="-72.658525">
        <ele>142.1</ele>
      </trkpt>
      <trkpt lat="45.30702" lon="-72.65837">
        <ele>143.7</ele>
      </trkpt>
      <trkpt lat="45.30759" lon="-72.65812">
        <ele>146</ele>
      </trkpt>
      <trkpt lat="45.30816" lon="-72.65787">
        <ele>147.1</ele>
      </trkpt>
      <trkpt lat="45.30899" lon="-72.65759">
        <ele>147.6</ele>
      </trkpt>
      <trkpt lat="45.30928" lon="-72.65752">
        <ele>147.8</ele>
      </trkpt>
      <trkpt lat="45.30957" lon="-72.65747">
        <ele>147.6</ele>
      </trkpt>
      <trkpt lat="45.31046" lon="-72.657385">
        <ele>146.7</ele>
      </trkpt>
      <trkpt lat="45.31135" lon="-72.6573">
        <ele>144.5</ele>
      </trkpt>
      <trkpt lat="45.311854" lon="-72.65727">
        <ele>142.8</ele>
      </trkpt>
      <trkpt lat="45.31236" lon="-72.65724">
        <ele>140.9</ele>
      </trkpt>
      <trkpt lat="45.31235" lon="-72.65724">
        <ele>140.9</ele>
      </trkpt>
      <trkpt lat="45.313035" lon="-72.657197">
        <ele>138.7</ele>
      </trkpt>
      <trkpt lat="45.313719" lon="-72.657155">
        <ele>135.4</ele>
      </trkpt>
      <trkpt lat="45.314404" lon="-72.657112">
        <ele>133.8</ele>
      </trkpt>
      <trkpt lat="45.31509" lon="-72.65707">
        <ele>131</ele>
      </trkpt>
      <trkpt lat="45.31505" lon="-72.65718">
        <ele>131</ele>
      </trkpt>
      <trkpt lat="45.315772" lon="-72.657145">
        <ele>127.7</ele>
      </trkpt>
      <trkpt lat="45.316495" lon="-72.65711">
        <ele>126.2</ele>
      </trkpt>
      <trkpt lat="45.317217" lon="-72.657075">
        <ele>127</ele>
      </trkpt>
      <trkpt lat="45.31794" lon="-72.65704">
        <ele>128.3</ele>
      </trkpt>
      <trkpt lat="45.318155" lon="-72.65619">
        <ele>128.7</ele>
      </trkpt>
      <trkpt lat="45.31837" lon="-72.65534">
        <ele>129</ele>
      </trkpt>
      <trkpt lat="45.31837" lon="-72.65535">
        <ele>129</ele>
      </trkpt>
      <trkpt lat="45.318642" lon="-72.65427">
        <ele>129.5</ele>
      </trkpt>
      <trkpt lat="45.318914" lon="-72.65319">
        <ele>129.9</ele>
      </trkpt>
      <trkpt lat="45.319186" lon="-72.65211">
        <ele>130.4</ele>
      </trkpt>
      <trkpt lat="45.319458" lon="-72.65103">
        <ele>130.6</ele>
      </trkpt>
      <trkpt lat="45.31973" lon="-72.64995">
        <ele>129.2</ele>
      </trkpt>
      <trkpt lat="45.31992" lon="-72.64933">
        <ele>125.7</ele>
      </trkpt>
      <trkpt lat="45.32005" lon="-72.649">
        <ele>123.3</ele>
      </trkpt>
      <trkpt lat="45.32049" lon="-72.6481">
        <ele>121.1</ele>
      </trkpt>
      <trkpt lat="45.3207" lon="-72.64771">
        <ele>121</ele>
      </trkpt>
      <trkpt lat="45.32085" lon="-72.64775">
        <ele>121</ele>
      </trkpt>
      <trkpt lat="45.32086" lon="-72.6478">
        <ele>121</ele>
      </trkpt>
      <trkpt lat="45.32091" lon="-72.64788">
        <ele>120.6</ele>
      </trkpt>
      <trkpt lat="45.32138" lon="-72.64807">
        <ele>120</ele>
      </trkpt>
      <trkpt lat="45.32156" lon="-72.64825">
        <ele>120.1</ele>
      </trkpt>
      <trkpt lat="45.322" lon="-72.64837">
        <ele>121.1</ele>
      </trkpt>
      <trkpt lat="45.32226" lon="-72.64851">
        <ele>122.7</ele>
      </trkpt>
      <trkpt lat="45.32285" lon="-72.64867">
        <ele>125.5</ele>
      </trkpt>
      <trkpt lat="45.32302" lon="-72.64901">
        <ele>125.2</ele>
      </trkpt>
      <trkpt lat="45.32318" lon="-72.64918">
        <ele>124.8</ele>
      </trkpt>
      <trkpt lat="45.32362" lon="-72.6494">
        <ele>124.4</ele>
      </trkpt>
      <trkpt lat="45.32402" lon="-72.64945">
        <ele>123.8</ele>
      </trkpt>
      <trkpt lat="45.32408" lon="-72.64949">
        <ele>123.7</ele>
      </trkpt>
      <trkpt lat="45.32414" lon="-72.64957">
        <ele>123.7</ele>
      </trkpt>
      <trkpt lat="45.32422" lon="-72.6498">
        <ele>123.4</ele>
      </trkpt>
      <trkpt lat="45.32432" lon="-72.64985">
        <ele>123</ele>
      </trkpt>
      <trkpt lat="45.32445" lon="-72.64971">
        <ele>121.8</ele>
      </trkpt>
      <trkpt lat="45.3245" lon="-72.64959">
        <ele>121.3</ele>
      </trkpt>
      <trkpt lat="45.32454" lon="-72.64944">
        <ele>120.8</ele>
      </trkpt>
      <trkpt lat="45.32453" lon="-72.64913">
        <ele>120</ele>
      </trkpt>
      <trkpt lat="45.32457" lon="-72.649">
        <ele>120</ele>
      </trkpt>
      <trkpt lat="45.32465" lon="-72.64892">
        <ele>119.7</ele>
      </trkpt>
      <trkpt lat="45.32476" lon="-72.64891">
        <ele>119.7</ele>
      </trkpt>
      <trkpt lat="45.32487" lon="-72.64895">
        <ele>119.7</ele>
      </trkpt>
      <trkpt lat="45.32502" lon="-72.6491">
        <ele>119.9</ele>
      </trkpt>
      <trkpt lat="45.32522" lon="-72.64923">
        <ele>120.1</ele>
      </trkpt>
      <trkpt lat="45.32551" lon="-72.64949">
        <ele>121.1</ele>
      </trkpt>
      <trkpt lat="45.32564" lon="-72.64963">
        <ele>121.1</ele>
      </trkpt>
      <trkpt lat="45.32579" lon="-72.64994">
        <ele>120.7</ele>
      </trkpt>
      <trkpt lat="45.32613" lon="-72.65025">
        <ele>119.6</ele>
      </trkpt>
      <trkpt lat="45.32623" lon="-72.65039">
        <ele>119</ele>
      </trkpt>
      <trkpt lat="45.32654" lon="-72.65106">
        <ele>117.7</ele>
      </trkpt>
      <trkpt lat="45.3268" lon="-72.65136">
        <ele>118.7</ele>
      </trkpt>
      <trkpt lat="45.32684" lon="-72.65137">
        <ele>118.7</ele>
      </trkpt>
      <trkpt lat="45.3269" lon="-72.65137">
        <ele>118.7</ele>
      </trkpt>
      <trkpt lat="45.32721" lon="-72.65098">
        <ele>118</ele>
      </trkpt>
      <trkpt lat="45.32743" lon="-72.65083">
        <ele>117.9</ele>
      </trkpt>
      <trkpt lat="45.32784" lon="-72.65065">
        <ele>117.6</ele>
      </trkpt>
      <trkpt lat="45.32809" lon="-72.65065">
        <ele>116.8</ele>
      </trkpt>
      <trkpt lat="45.32817" lon="-72.65057">
        <ele>116.6</ele>
      </trkpt>
      <trkpt lat="45.32828" lon="-72.65043">
        <ele>116.5</ele>
      </trkpt>
      <trkpt lat="45.32828" lon="-72.65044">
        <ele>116.5</ele>
      </trkpt>
      <trkpt lat="45.32859" lon="-72.65004">
        <ele>116.5</ele>
      </trkpt>
      <trkpt lat="45.3288" lon="-72.64989">
        <ele>116.6</ele>
      </trkpt>
      <trkpt lat="45.32902" lon="-72.64958">
        <ele>116.6</ele>
      </trkpt>
      <trkpt lat="45.32921" lon="-72.64949">
        <ele>116.7</ele>
      </trkpt>
      <trkpt lat="45.32935" lon="-72.64931">
        <ele>117</ele>
      </trkpt>
      <trkpt lat="45.32939" lon="-72.64928">
        <ele>117</ele>
      </trkpt>
      <trkpt lat="45.3295" lon="-72.64929">
        <ele>117</ele>
      </trkpt>
      <trkpt lat="45.32958" lon="-72.64931">
        <ele>116.9</ele>
      </trkpt>
      <trkpt lat="45.32977" lon="-72.6495">
        <ele>117</ele>
      </trkpt>
      <trkpt lat="45.32987" lon="-72.64954">
        <ele>117.1</ele>
      </trkpt>
      <trkpt lat="45.33006" lon="-72.64949">
        <ele>117.7</ele>
      </trkpt>
      <trkpt lat="45.33034" lon="-72.64958">
        <ele>117.5</ele>
      </trkpt>
      <trkpt lat="45.33039" lon="-72.64957">
        <ele>117.5</ele>
      </trkpt>
      <trkpt lat="45.33054" lon="-72.6494">
        <ele>117.3</ele>
      </trkpt>
      <trkpt lat="45.33067" lon="-72.64932">
        <ele>116.9</ele>
      </trkpt>
      <trkpt lat="45.3311" lon="-72.64936">
        <ele>115.3</ele>
      </trkpt>
      <trkpt lat="45.33136" lon="-72.6494">
        <ele>114.5</ele>
      </trkpt>
      <trkpt lat="45.33197" lon="-72.64944">
        <ele>114.5</ele>
      </trkpt>
      <trkpt lat="45.33209" lon="-72.64945">
        <ele>114.6</ele>
      </trkpt>
      <trkpt lat="45.33221" lon="-72.64954">
        <ele>115</ele>
      </trkpt>
      <trkpt lat="45.33243" lon="-72.64954">
        <ele>115.8</ele>
      </trkpt>
      <trkpt lat="45.3325" lon="-72.64959">
        <ele>116.2</ele>
      </trkpt>
      <trkpt lat="45.33255" lon="-72.64972">
        <ele>116.4</ele>
      </trkpt>
      <trkpt lat="45.33265" lon="-72.65083">
        <ele>116.3</ele>
      </trkpt>
      <trkpt lat="45.3327" lon="-72.65092">
        <ele>116.1</ele>
      </trkpt>
      <trkpt lat="45.33275" lon="-72.65097">
        <ele>116.1</ele>
      </trkpt>
      <trkpt lat="45.33279" lon="-72.65101">
        <ele>116</ele>
      </trkpt>
      <trkpt lat="45.33287" lon="-72.65101">
        <ele>116</ele>
      </trkpt>
      <trkpt lat="45.33303" lon="-72.65088">
        <ele>116.1</ele>
      </trkpt>
      <trkpt lat="45.33317" lon="-72.65087">
        <ele>116.3</ele>
      </trkpt>
      <trkpt lat="45.33348" lon="-72.65105">
        <ele>117</ele>
      </trkpt>
      <trkpt lat="45.33359" lon="-72.65103">
        <ele>117</ele>
      </trkpt>
      <trkpt lat="45.33358" lon="-72.65103">
        <ele>117</ele>
      </trkpt>
      <trkpt lat="45.33367" lon="-72.65102">
        <ele>117.1</ele>
      </trkpt>
      <trkpt lat="45.3338" lon="-72.65107">
        <ele>117.3</ele>
      </trkpt>
      <trkpt lat="45.33388" lon="-72.6512">
        <ele>117.2</ele>
      </trkpt>
      <trkpt lat="45.33424" lon="-72.65155">
        <ele>117.6</ele>
      </trkpt>
      <trkpt lat="45.33431" lon="-72.65164">
        <ele>117.9</ele>
      </trkpt>
      <trkpt lat="45.33438" lon="-72.65182">
        <ele>118.3</ele>
      </trkpt>
      <trkpt lat="45.33447" lon="-72.65191">
        <ele>118.6</ele>
      </trkpt>
      <trkpt lat="45.33506" lon="-72.65178">
        <ele>120.4</ele>
      </trkpt>
      <trkpt lat="45.33506" lon="-72.65172">
        <ele>120.7</ele>
      </trkpt>
      <trkpt lat="45.3351" lon="-72.65168">
        <ele>120.7</ele>
      </trkpt>
      <trkpt lat="45.33546" lon="-72.65162">
        <ele>122.3</ele>
      </trkpt>
      <trkpt lat="45.33575" lon="-72.65159">
        <ele>122.3</ele>
      </trkpt>
      <trkpt lat="45.33604" lon="-72.65137">
        <ele>123</ele>
      </trkpt>
      <trkpt lat="45.33642" lon="-72.65128">
        <ele>123.1</ele>
      </trkpt>
      <trkpt lat="45.33651" lon="-72.65124">
        <ele>123.5</ele>
      </trkpt>
      <trkpt lat="45.33652" lon="-72.6512">
        <ele>123.5</ele>
      </trkpt>
      <trkpt lat="45.33651" lon="-72.65111">
        <ele>123.5</ele>
      </trkpt>
      <trkpt lat="45.33639" lon="-72.65065">
        <ele>125.1</ele>
      </trkpt>
      <trkpt lat="45.33641" lon="-72.65061">
        <ele>125.1</ele>
      </trkpt>
      <trkpt lat="45.33668" lon="-72.65048">
        <ele>125.3</ele>
      </trkpt>
      <trkpt lat="45.33673" lon="-72.65043">
        <ele>125.7</ele>
      </trkpt>
      <trkpt lat="45.33674" lon="-72.65034">
        <ele>125.9</ele>
      </trkpt>
      <trkpt lat="45.33657" lon="-72.649709">
        <ele>128.7</ele>
      </trkpt>
      <trkpt lat="45.3364" lon="-72.64908">
        <ele>131.5</ele>
      </trkpt>
      <trkpt lat="45.33641" lon="-72.64901">
        <ele>131.8</ele>
      </trkpt>
      <trkpt lat="45.33649" lon="-72.64896">
        <ele>132.2</ele>
      </trkpt>
      <trkpt lat="45.33712" lon="-72.64885">
        <ele>132.2</ele>
      </trkpt>
      <trkpt lat="45.33726" lon="-72.64886">
        <ele>131.9</ele>
      </trkpt>
      <trkpt lat="45.33778" lon="-72.64882">
        <ele>130.9</ele>
      </trkpt>
      <trkpt lat="45.3379" lon="-72.64886">
        <ele>130.9</ele>
      </trkpt>
      <trkpt lat="45.33803" lon="-72.64901">
        <ele>131</ele>
      </trkpt>
      <trkpt lat="45.33809" lon="-72.649">
        <ele>131</ele>
      </trkpt>
      <trkpt lat="45.3382" lon="-72.64901">
        <ele>130.8</ele>
      </trkpt>
      <trkpt lat="45.33818" lon="-72.64922">
        <ele>130.5</ele>
      </trkpt>
      <trkpt lat="45.33819" lon="-72.64931">
        <ele>130.3</ele>
      </trkpt>
      <trkpt lat="45.33824" lon="-72.64932">
        <ele>129.9</ele>
      </trkpt>
      <trkpt lat="45.33828" lon="-72.64931">
        <ele>129.7</ele>
      </trkpt>
      <trkpt lat="45.33841" lon="-72.6491">
        <ele>129.7</ele>
      </trkpt>
      <trkpt lat="45.33852" lon="-72.64915">
        <ele>130</ele>
      </trkpt>
      <trkpt lat="45.3387" lon="-72.64926">
        <ele>131.2</ele>
      </trkpt>
      <trkpt lat="45.33888" lon="-72.64913">
        <ele>132.4</ele>
      </trkpt>
      <trkpt lat="45.33897" lon="-72.6491">
        <ele>133.8</ele>
      </trkpt>
      <trkpt lat="45.33907" lon="-72.64914">
        <ele>134.5</ele>
      </trkpt>
      <trkpt lat="45.33918" lon="-72.64923">
        <ele>135.2</ele>
      </trkpt>
      <trkpt lat="45.3396" lon="-72.64931">
        <ele>136.6</ele>
      </trkpt>
      <trkpt lat="45.34005" lon="-72.64926">
        <ele>136.4</ele>
      </trkpt>
      <trkpt lat="45.34045" lon="-72.64935">
        <ele>137</ele>
      </trkpt>
      <trkpt lat="45.34062" lon="-72.64926">
        <ele>137.2</ele>
      </trkpt>
      <trkpt lat="45.34094" lon="-72.64913">
        <ele>137.3</ele>
      </trkpt>
      <trkpt lat="45.34135" lon="-72.64918">
        <ele>136.6</ele>
      </trkpt>
      <trkpt lat="45.34161" lon="-72.64914">
        <ele>137.2</ele>
      </trkpt>
      <trkpt lat="45.34169" lon="-72.64909">
        <ele>137.3</ele>
      </trkpt>
      <trkpt lat="45.34175" lon="-72.649">
        <ele>137.4</ele>
      </trkpt>
      <trkpt lat="45.34185" lon="-72.6486">
        <ele>137.2</ele>
      </trkpt>
      <trkpt lat="45.34189" lon="-72.64851">
        <ele>137.2</ele>
      </trkpt>
      <trkpt lat="45.34201" lon="-72.64849">
        <ele>137.2</ele>
      </trkpt>
      <trkpt lat="45.34229" lon="-72.64851">
        <ele>138</ele>
      </trkpt>
      <trkpt lat="45.34248" lon="-72.64854">
        <ele>137.5</ele>
      </trkpt>
      <trkpt lat="45.34272" lon="-72.64847">
        <ele>135.7</ele>
      </trkpt>
      <trkpt lat="45.34302" lon="-72.64859">
        <ele>134.1</ele>
      </trkpt>
      <trkpt lat="45.34315" lon="-72.64854">
        <ele>133.8</ele>
      </trkpt>
    </trkseg>
  </trk>
</gpx>