<?xml version='1.0' encoding='utf-8'?>
<gpx xmlns="http://www.topografix.com/GPX/1/1" xmlns:xsi="http://www.w3.org/2001/XMLSchema-instance" version="1.1" creator="Gravelle Estrie" xsi:schemaLocation="http://www.topografix.com/GPX/1/1 http://www.topografix.com/GPX/1/1/gpx.xsd">
  <metadata>
    <name>Lumberjack 122KM/2000MD+</name>
  </metadata>
  <trk>
    <name>Lumberjack 122KM/2000MD+</name>
    <trkseg>
      <trkpt lat="45.22234" lon="-72.53309">
        <ele>202</ele>
      </trkpt>
      <trkpt lat="45.22232" lon="-72.532419">
        <ele>202.3</ele>
      </trkpt>
      <trkpt lat="45.2223" lon="-72.53175">
        <ele>202.5</ele>
      </trkpt>
      <trkpt lat="45.221556" lon="-72.5318">
        <ele>202.4</ele>
      </trkpt>
      <trkpt lat="45.220813" lon="-72.53185">
        <ele>202.5</ele>
      </trkpt>
      <trkpt lat="45.22007" lon="-72.5319">
        <ele>202.7</ele>
      </trkpt>
      <trkpt lat="45.22009" lon="-72.53197">
        <ele>202.8</ele>
      </trkpt>
      <trkpt lat="45.22017" lon="-72.53202">
        <ele>202.9</ele>
      </trkpt>
      <trkpt lat="45.22009" lon="-72.53197">
        <ele>202.8</ele>
      </trkpt>
      <trkpt lat="45.22007" lon="-72.5319">
        <ele>202.7</ele>
      </trkpt>
      <trkpt lat="45.21973" lon="-72.53192">
        <ele>202.6</ele>
      </trkpt>
      <trkpt lat="45.21946" lon="-72.53184">
        <ele>202.5</ele>
      </trkpt>
      <trkpt lat="45.21913" lon="-72.53169">
        <ele>202.3</ele>
      </trkpt>
      <trkpt lat="45.218543" lon="-72.531349">
        <ele>202.6</ele>
      </trkpt>
      <trkpt lat="45.217956" lon="-72.531009">
        <ele>202.8</ele>
      </trkpt>
      <trkpt lat="45.21737" lon="-72.53067">
        <ele>201.8</ele>
      </trkpt>
      <trkpt lat="45.21725" lon="-72.53058">
        <ele>201.8</ele>
      </trkpt>
      <trkpt lat="45.21689" lon="-72.52997">
        <ele>202.9</ele>
      </trkpt>
      <trkpt lat="45.21645" lon="-72.530505">
        <ele>201</ele>
      </trkpt>
      <trkpt lat="45.21601" lon="-72.53104">
        <ele>200.6</ele>
      </trkpt>
      <trkpt lat="45.21601" lon="-72.53105">
        <ele>200.6</ele>
      </trkpt>
      <trkpt lat="45.2154" lon="-72.531797">
        <ele>201.4</ele>
      </trkpt>
      <trkpt lat="45.21479" lon="-72.532545">
        <ele>202.2</ele>
      </trkpt>
      <trkpt lat="45.21418" lon="-72.533292">
        <ele>202.2</ele>
      </trkpt>
      <trkpt lat="45.21357" lon="-72.53404">
        <ele>205.2</ele>
      </trkpt>
      <trkpt lat="45.21349" lon="-72.53408">
        <ele>205.4</ele>
      </trkpt>
      <trkpt lat="45.21345" lon="-72.53408">
        <ele>205.4</ele>
      </trkpt>
      <trkpt lat="45.21333" lon="-72.53403">
        <ele>205.6</ele>
      </trkpt>
      <trkpt lat="45.212885" lon="-72.533869">
        <ele>203.2</ele>
      </trkpt>
      <trkpt lat="45.21244" lon="-72.53371">
        <ele>202.9</ele>
      </trkpt>
      <trkpt lat="45.21196" lon="-72.53354">
        <ele>205</ele>
      </trkpt>
      <trkpt lat="45.211755" lon="-72.534745">
        <ele>206.1</ele>
      </trkpt>
      <trkpt lat="45.21155" lon="-72.53595">
        <ele>207</ele>
      </trkpt>
      <trkpt lat="45.210926" lon="-72.535933">
        <ele>207.6</ele>
      </trkpt>
      <trkpt lat="45.210303" lon="-72.535916">
        <ele>210.6</ele>
      </trkpt>
      <trkpt lat="45.20968" lon="-72.5359">
        <ele>215.1</ele>
      </trkpt>
      <trkpt lat="45.208857" lon="-72.535887">
        <ele>216.4</ele>
      </trkpt>
      <trkpt lat="45.208034" lon="-72.535874">
        <ele>216</ele>
      </trkpt>
      <trkpt lat="45.207212" lon="-72.535862">
        <ele>215.8</ele>
      </trkpt>
      <trkpt lat="45.20639" lon="-72.53585">
        <ele>216.5</ele>
      </trkpt>
      <trkpt lat="45.205735" lon="-72.535829">
        <ele>220</ele>
      </trkpt>
      <trkpt lat="45.20508" lon="-72.53581">
        <ele>226.5</ele>
      </trkpt>
      <trkpt lat="45.204239" lon="-72.53584">
        <ele>239.2</ele>
      </trkpt>
      <trkpt lat="45.2034" lon="-72.53587">
        <ele>250.1</ele>
      </trkpt>
      <trkpt lat="45.20279" lon="-72.53577">
        <ele>259.3</ele>
      </trkpt>
      <trkpt lat="45.20271" lon="-72.53577">
        <ele>259.8</ele>
      </trkpt>
      <trkpt lat="45.20211" lon="-72.53592">
        <ele>263.4</ele>
      </trkpt>
      <trkpt lat="45.20183" lon="-72.53595">
        <ele>264.7</ele>
      </trkpt>
      <trkpt lat="45.20141" lon="-72.53582">
        <ele>265</ele>
      </trkpt>
      <trkpt lat="45.20109" lon="-72.53578">
        <ele>264.6</ele>
      </trkpt>
      <trkpt lat="45.200353" lon="-72.535793">
        <ele>256.8</ele>
      </trkpt>
      <trkpt lat="45.199616" lon="-72.535806">
        <ele>248.2</ele>
      </trkpt>
      <trkpt lat="45.19888" lon="-72.53582">
        <ele>251.2</ele>
      </trkpt>
      <trkpt lat="45.1987" lon="-72.53586">
        <ele>253.1</ele>
      </trkpt>
      <trkpt lat="45.19846" lon="-72.53601">
        <ele>255.9</ele>
      </trkpt>
      <trkpt lat="45.19834" lon="-72.53618">
        <ele>257.3</ele>
      </trkpt>
      <trkpt lat="45.198" lon="-72.53676">
        <ele>258.9</ele>
      </trkpt>
      <trkpt lat="45.19782" lon="-72.53695">
        <ele>259.8</ele>
      </trkpt>
      <trkpt lat="45.19762" lon="-72.53708">
        <ele>260.4</ele>
      </trkpt>
      <trkpt lat="45.19743" lon="-72.53712">
        <ele>261.9</ele>
      </trkpt>
      <trkpt lat="45.19711" lon="-72.53712">
        <ele>265</ele>
      </trkpt>
      <trkpt lat="45.19682" lon="-72.53698">
        <ele>269.4</ele>
      </trkpt>
      <trkpt lat="45.19661" lon="-72.53684">
        <ele>272</ele>
      </trkpt>
      <trkpt lat="45.19613" lon="-72.53636">
        <ele>277.9</ele>
      </trkpt>
      <trkpt lat="45.19586" lon="-72.53613">
        <ele>281.3</ele>
      </trkpt>
      <trkpt lat="45.19574" lon="-72.53612">
        <ele>282.3</ele>
      </trkpt>
      <trkpt lat="45.194985" lon="-72.536104">
        <ele>287.8</ele>
      </trkpt>
      <trkpt lat="45.19423" lon="-72.53609">
        <ele>289.2</ele>
      </trkpt>
      <trkpt lat="45.19374" lon="-72.53606">
        <ele>291.2</ele>
      </trkpt>
      <trkpt lat="45.194144" lon="-72.535144">
        <ele>294.5</ele>
      </trkpt>
      <trkpt lat="45.194548" lon="-72.534228">
        <ele>295.4</ele>
      </trkpt>
      <trkpt lat="45.194952" lon="-72.533312">
        <ele>297.3</ele>
      </trkpt>
      <trkpt lat="45.195356" lon="-72.532396">
        <ele>300.6</ele>
      </trkpt>
      <trkpt lat="45.19576" lon="-72.53148">
        <ele>300.4</ele>
      </trkpt>
      <trkpt lat="45.19576" lon="-72.53149">
        <ele>300.4</ele>
      </trkpt>
      <trkpt lat="45.19619" lon="-72.53052">
        <ele>300.3</ele>
      </trkpt>
      <trkpt lat="45.19662" lon="-72.52955">
        <ele>301.6</ele>
      </trkpt>
      <trkpt lat="45.196985" lon="-72.52868">
        <ele>303.6</ele>
      </trkpt>
      <trkpt lat="45.19735" lon="-72.52781">
        <ele>301.4</ele>
      </trkpt>
      <trkpt lat="45.197804" lon="-72.526822">
        <ele>302.6</ele>
      </trkpt>
      <trkpt lat="45.198258" lon="-72.525834">
        <ele>303.8</ele>
      </trkpt>
      <trkpt lat="45.198713" lon="-72.524846">
        <ele>306.3</ele>
      </trkpt>
      <trkpt lat="45.199167" lon="-72.523859">
        <ele>310</ele>
      </trkpt>
      <trkpt lat="45.199622" lon="-72.522871">
        <ele>311.7</ele>
      </trkpt>
      <trkpt lat="45.200076" lon="-72.521883">
        <ele>315.4</ele>
      </trkpt>
      <trkpt lat="45.200531" lon="-72.520895">
        <ele>318.3</ele>
      </trkpt>
      <trkpt lat="45.200985" lon="-72.519907">
        <ele>317.6</ele>
      </trkpt>
      <trkpt lat="45.20144" lon="-72.51892">
        <ele>317.8</ele>
      </trkpt>
      <trkpt lat="45.20113" lon="-72.51858">
        <ele>320</ele>
      </trkpt>
      <trkpt lat="45.2009" lon="-72.51819">
        <ele>322.8</ele>
      </trkpt>
      <trkpt lat="45.20079" lon="-72.51791">
        <ele>325.4</ele>
      </trkpt>
      <trkpt lat="45.2006" lon="-72.517304">
        <ele>334</ele>
      </trkpt>
      <trkpt lat="45.20041" lon="-72.5167">
        <ele>339.5</ele>
      </trkpt>
      <trkpt lat="45.20027" lon="-72.51639">
        <ele>343.8</ele>
      </trkpt>
      <trkpt lat="45.20006" lon="-72.51631">
        <ele>345.7</ele>
      </trkpt>
      <trkpt lat="45.199306" lon="-72.516336">
        <ele>345</ele>
      </trkpt>
      <trkpt lat="45.198553" lon="-72.516363">
        <ele>343.9</ele>
      </trkpt>
      <trkpt lat="45.1978" lon="-72.51639">
        <ele>344.5</ele>
      </trkpt>
      <trkpt lat="45.19779" lon="-72.51639">
        <ele>344.5</ele>
      </trkpt>
      <trkpt lat="45.197107" lon="-72.5164">
        <ele>340.4</ele>
      </trkpt>
      <trkpt lat="45.196424" lon="-72.51641">
        <ele>330.1</ele>
      </trkpt>
      <trkpt lat="45.195742" lon="-72.51642">
        <ele>323.2</ele>
      </trkpt>
      <trkpt lat="45.19506" lon="-72.51643">
        <ele>317</ele>
      </trkpt>
      <trkpt lat="45.194176" lon="-72.51647">
        <ele>307.9</ele>
      </trkpt>
      <trkpt lat="45.193292" lon="-72.516511">
        <ele>293.2</ele>
      </trkpt>
      <trkpt lat="45.192409" lon="-72.516552">
        <ele>284</ele>
      </trkpt>
      <trkpt lat="45.191525" lon="-72.516593">
        <ele>287.4</ele>
      </trkpt>
      <trkpt lat="45.190641" lon="-72.516634">
        <ele>298</ele>
      </trkpt>
      <trkpt lat="45.189758" lon="-72.516675">
        <ele>295.2</ele>
      </trkpt>
      <trkpt lat="45.188874" lon="-72.516716">
        <ele>287.7</ele>
      </trkpt>
      <trkpt lat="45.18799" lon="-72.516757">
        <ele>288</ele>
      </trkpt>
      <trkpt lat="45.187107" lon="-72.516798">
        <ele>287.5</ele>
      </trkpt>
      <trkpt lat="45.186223" lon="-72.516839">
        <ele>281</ele>
      </trkpt>
      <trkpt lat="45.18534" lon="-72.51688">
        <ele>271.9</ele>
      </trkpt>
      <trkpt lat="45.184594" lon="-72.516892">
        <ele>274.1</ele>
      </trkpt>
      <trkpt lat="45.183849" lon="-72.516905">
        <ele>285.8</ele>
      </trkpt>
      <trkpt lat="45.183104" lon="-72.516917">
        <ele>292.5</ele>
      </trkpt>
      <trkpt lat="45.18236" lon="-72.51693">
        <ele>296.4</ele>
      </trkpt>
      <trkpt lat="45.181649" lon="-72.51697">
        <ele>291.1</ele>
      </trkpt>
      <trkpt lat="45.18094" lon="-72.51701">
        <ele>290</ele>
      </trkpt>
      <trkpt lat="45.180257" lon="-72.51701">
        <ele>288.4</ele>
      </trkpt>
      <trkpt lat="45.179574" lon="-72.51701">
        <ele>287.2</ele>
      </trkpt>
      <trkpt lat="45.178892" lon="-72.51701">
        <ele>286.2</ele>
      </trkpt>
      <trkpt lat="45.17821" lon="-72.51701">
        <ele>278.1</ele>
      </trkpt>
      <trkpt lat="45.177629" lon="-72.517035">
        <ele>274.5</ele>
      </trkpt>
      <trkpt lat="45.17705" lon="-72.51706">
        <ele>275.8</ele>
      </trkpt>
      <trkpt lat="45.17635" lon="-72.51704">
        <ele>279</ele>
      </trkpt>
      <trkpt lat="45.17624" lon="-72.51649">
        <ele>278.9</ele>
      </trkpt>
      <trkpt lat="45.17608" lon="-72.51613">
        <ele>279.3</ele>
      </trkpt>
      <trkpt lat="45.17592" lon="-72.51594">
        <ele>279.4</ele>
      </trkpt>
      <trkpt lat="45.17538" lon="-72.515383">
        <ele>276.9</ele>
      </trkpt>
      <trkpt lat="45.17484" lon="-72.514826">
        <ele>274.6</ele>
      </trkpt>
      <trkpt lat="45.1743" lon="-72.51427">
        <ele>272.6</ele>
      </trkpt>
      <trkpt lat="45.17361" lon="-72.51356">
        <ele>269.3</ele>
      </trkpt>
      <trkpt lat="45.17326" lon="-72.51316">
        <ele>267</ele>
      </trkpt>
      <trkpt lat="45.17286" lon="-72.51263">
        <ele>264.4</ele>
      </trkpt>
      <trkpt lat="45.17246" lon="-72.511954">
        <ele>262.6</ele>
      </trkpt>
      <trkpt lat="45.17206" lon="-72.51128">
        <ele>263.9</ele>
      </trkpt>
      <trkpt lat="45.171815" lon="-72.510699">
        <ele>266.9</ele>
      </trkpt>
      <trkpt lat="45.17157" lon="-72.51012">
        <ele>270.4</ele>
      </trkpt>
      <trkpt lat="45.17122" lon="-72.50918">
        <ele>272.4</ele>
      </trkpt>
      <trkpt lat="45.17089" lon="-72.50802">
        <ele>270.9</ele>
      </trkpt>
      <trkpt lat="45.170606" lon="-72.506883">
        <ele>275.3</ele>
      </trkpt>
      <trkpt lat="45.170322" lon="-72.505747">
        <ele>283.3</ele>
      </trkpt>
      <trkpt lat="45.170038" lon="-72.504611">
        <ele>286.7</ele>
      </trkpt>
      <trkpt lat="45.169754" lon="-72.503475">
        <ele>292.4</ele>
      </trkpt>
      <trkpt lat="45.16947" lon="-72.50234">
        <ele>296</ele>
      </trkpt>
      <trkpt lat="45.16934" lon="-72.50149">
        <ele>297.5</ele>
      </trkpt>
      <trkpt lat="45.1693" lon="-72.500554">
        <ele>297.3</ele>
      </trkpt>
      <trkpt lat="45.16926" lon="-72.49962">
        <ele>295.6</ele>
      </trkpt>
      <trkpt lat="45.169205" lon="-72.498909">
        <ele>291.8</ele>
      </trkpt>
      <trkpt lat="45.16915" lon="-72.4982">
        <ele>289.4</ele>
      </trkpt>
      <trkpt lat="45.168533" lon="-72.49822">
        <ele>284.9</ele>
      </trkpt>
      <trkpt lat="45.167916" lon="-72.49824">
        <ele>285.4</ele>
      </trkpt>
      <trkpt lat="45.1673" lon="-72.49826">
        <ele>288.7</ele>
      </trkpt>
      <trkpt lat="45.166455" lon="-72.49831">
        <ele>289.8</ele>
      </trkpt>
      <trkpt lat="45.16561" lon="-72.49836">
        <ele>286.8</ele>
      </trkpt>
      <trkpt lat="45.165009" lon="-72.49838">
        <ele>286.9</ele>
      </trkpt>
      <trkpt lat="45.16441" lon="-72.4984">
        <ele>289.8</ele>
      </trkpt>
      <trkpt lat="45.1644" lon="-72.4984">
        <ele>289.8</ele>
      </trkpt>
      <trkpt lat="45.163584" lon="-72.498436">
        <ele>296</ele>
      </trkpt>
      <trkpt lat="45.162768" lon="-72.498472">
        <ele>300.2</ele>
      </trkpt>
      <trkpt lat="45.161952" lon="-72.498508">
        <ele>302.7</ele>
      </trkpt>
      <trkpt lat="45.161136" lon="-72.498544">
        <ele>307.1</ele>
      </trkpt>
      <trkpt lat="45.16032" lon="-72.49858">
        <ele>311.6</ele>
      </trkpt>
      <trkpt lat="45.15966" lon="-72.498606">
        <ele>317.8</ele>
      </trkpt>
      <trkpt lat="45.158999" lon="-72.498633">
        <ele>328.2</ele>
      </trkpt>
      <trkpt lat="45.15834" lon="-72.49866">
        <ele>334.7</ele>
      </trkpt>
      <trkpt lat="45.15824" lon="-72.4987">
        <ele>335.1</ele>
      </trkpt>
      <trkpt lat="45.15818" lon="-72.49875">
        <ele>335.3</ele>
      </trkpt>
      <trkpt lat="45.15813" lon="-72.49888">
        <ele>335.5</ele>
      </trkpt>
      <trkpt lat="45.15813" lon="-72.5">
        <ele>337.1</ele>
      </trkpt>
      <trkpt lat="45.158158" lon="-72.501221">
        <ele>336.8</ele>
      </trkpt>
      <trkpt lat="45.158186" lon="-72.502443">
        <ele>336</ele>
      </trkpt>
      <trkpt lat="45.158214" lon="-72.503665">
        <ele>335.6</ele>
      </trkpt>
      <trkpt lat="45.158242" lon="-72.504887">
        <ele>335.6</ele>
      </trkpt>
      <trkpt lat="45.15827" lon="-72.50611">
        <ele>335.1</ele>
      </trkpt>
      <trkpt lat="45.1583" lon="-72.507357">
        <ele>334.5</ele>
      </trkpt>
      <trkpt lat="45.15833" lon="-72.508604">
        <ele>333.9</ele>
      </trkpt>
      <trkpt lat="45.15836" lon="-72.509852">
        <ele>335.3</ele>
      </trkpt>
      <trkpt lat="45.15839" lon="-72.5111">
        <ele>340.9</ele>
      </trkpt>
      <trkpt lat="45.15839" lon="-72.51209">
        <ele>342.7</ele>
      </trkpt>
      <trkpt lat="45.15842" lon="-72.513254">
        <ele>345.2</ele>
      </trkpt>
      <trkpt lat="45.15845" lon="-72.51442">
        <ele>343.2</ele>
      </trkpt>
      <trkpt lat="45.1585" lon="-72.51537">
        <ele>341.7</ele>
      </trkpt>
      <trkpt lat="45.1585" lon="-72.51616">
        <ele>340.6</ele>
      </trkpt>
      <trkpt lat="45.15853" lon="-72.516934">
        <ele>337</ele>
      </trkpt>
      <trkpt lat="45.15856" lon="-72.51771">
        <ele>333.9</ele>
      </trkpt>
      <trkpt lat="45.159129" lon="-72.517719">
        <ele>333</ele>
      </trkpt>
      <trkpt lat="45.1597" lon="-72.51773">
        <ele>328.2</ele>
      </trkpt>
      <trkpt lat="45.15981" lon="-72.51778">
        <ele>327.7</ele>
      </trkpt>
      <trkpt lat="45.15996" lon="-72.518">
        <ele>327</ele>
      </trkpt>
      <trkpt lat="45.16014" lon="-72.51841">
        <ele>326.8</ele>
      </trkpt>
      <trkpt lat="45.16019" lon="-72.51854">
        <ele>326.6</ele>
      </trkpt>
      <trkpt lat="45.16042" lon="-72.5189">
        <ele>324.9</ele>
      </trkpt>
      <trkpt lat="45.16075" lon="-72.5197">
        <ele>319.8</ele>
      </trkpt>
      <trkpt lat="45.16097" lon="-72.52061">
        <ele>312.2</ele>
      </trkpt>
      <trkpt lat="45.161135" lon="-72.521424">
        <ele>305</ele>
      </trkpt>
      <trkpt lat="45.1613" lon="-72.52224">
        <ele>297.5</ele>
      </trkpt>
      <trkpt lat="45.16137" lon="-72.5228">
        <ele>294.4</ele>
      </trkpt>
      <trkpt lat="45.16137" lon="-72.52341">
        <ele>290.3</ele>
      </trkpt>
      <trkpt lat="45.16132" lon="-72.52391">
        <ele>286.9</ele>
      </trkpt>
      <trkpt lat="45.16126" lon="-72.52431">
        <ele>284.8</ele>
      </trkpt>
      <trkpt lat="45.16097" lon="-72.52505">
        <ele>283.6</ele>
      </trkpt>
      <trkpt lat="45.16068" lon="-72.52579">
        <ele>285.3</ele>
      </trkpt>
      <trkpt lat="45.16055" lon="-72.52635">
        <ele>285.3</ele>
      </trkpt>
      <trkpt lat="45.16029" lon="-72.52731">
        <ele>280.5</ele>
      </trkpt>
      <trkpt lat="45.16016" lon="-72.52803">
        <ele>281.2</ele>
      </trkpt>
      <trkpt lat="45.16013" lon="-72.52861">
        <ele>282.6</ele>
      </trkpt>
      <trkpt lat="45.16008" lon="-72.52897">
        <ele>281.8</ele>
      </trkpt>
      <trkpt lat="45.16007" lon="-72.52919">
        <ele>280.1</ele>
      </trkpt>
      <trkpt lat="45.1601" lon="-72.529904">
        <ele>277.9</ele>
      </trkpt>
      <trkpt lat="45.16013" lon="-72.53062">
        <ele>276.9</ele>
      </trkpt>
      <trkpt lat="45.16013" lon="-72.53138">
        <ele>278.2</ele>
      </trkpt>
      <trkpt lat="45.16013" lon="-72.53214">
        <ele>278.4</ele>
      </trkpt>
      <trkpt lat="45.16016" lon="-72.53274">
        <ele>278</ele>
      </trkpt>
      <trkpt lat="45.16017" lon="-72.533494">
        <ele>278.9</ele>
      </trkpt>
      <trkpt lat="45.16018" lon="-72.53425">
        <ele>277.9</ele>
      </trkpt>
      <trkpt lat="45.16011" lon="-72.53465">
        <ele>275.9</ele>
      </trkpt>
      <trkpt lat="45.15984" lon="-72.53574">
        <ele>268.9</ele>
      </trkpt>
      <trkpt lat="45.15967" lon="-72.53632">
        <ele>267.7</ele>
      </trkpt>
      <trkpt lat="45.15951" lon="-72.53716">
        <ele>263.1</ele>
      </trkpt>
      <trkpt lat="45.15947" lon="-72.53744">
        <ele>261.4</ele>
      </trkpt>
      <trkpt lat="45.15945" lon="-72.53856">
        <ele>256.3</ele>
      </trkpt>
      <trkpt lat="45.159255" lon="-72.53974">
        <ele>251.1</ele>
      </trkpt>
      <trkpt lat="45.15906" lon="-72.54092">
        <ele>243.2</ele>
      </trkpt>
      <trkpt lat="45.15891" lon="-72.54172">
        <ele>236.8</ele>
      </trkpt>
      <trkpt lat="45.15883" lon="-72.5424">
        <ele>230.4</ele>
      </trkpt>
      <trkpt lat="45.15898" lon="-72.54343">
        <ele>225.3</ele>
      </trkpt>
      <trkpt lat="45.15899" lon="-72.54362">
        <ele>224.7</ele>
      </trkpt>
      <trkpt lat="45.15897" lon="-72.54401">
        <ele>222</ele>
      </trkpt>
      <trkpt lat="45.15901" lon="-72.54428">
        <ele>219.5</ele>
      </trkpt>
      <trkpt lat="45.15912" lon="-72.54477">
        <ele>216</ele>
      </trkpt>
      <trkpt lat="45.15922" lon="-72.54579">
        <ele>214.8</ele>
      </trkpt>
      <trkpt lat="45.15914" lon="-72.54618">
        <ele>215.2</ele>
      </trkpt>
      <trkpt lat="45.15908" lon="-72.5464">
        <ele>215.2</ele>
      </trkpt>
      <trkpt lat="45.15908" lon="-72.54656">
        <ele>214.9</ele>
      </trkpt>
      <trkpt lat="45.15922" lon="-72.54747">
        <ele>215</ele>
      </trkpt>
      <trkpt lat="45.15926" lon="-72.54809">
        <ele>216.4</ele>
      </trkpt>
      <trkpt lat="45.159225" lon="-72.54887">
        <ele>221.6</ele>
      </trkpt>
      <trkpt lat="45.15919" lon="-72.54965">
        <ele>229.2</ele>
      </trkpt>
      <trkpt lat="45.15923" lon="-72.55055">
        <ele>232.7</ele>
      </trkpt>
      <trkpt lat="45.159243" lon="-72.551413">
        <ele>235.5</ele>
      </trkpt>
      <trkpt lat="45.159256" lon="-72.552276">
        <ele>242.6</ele>
      </trkpt>
      <trkpt lat="45.15927" lon="-72.55314">
        <ele>244.9</ele>
      </trkpt>
      <trkpt lat="45.159265" lon="-72.55408">
        <ele>249.7</ele>
      </trkpt>
      <trkpt lat="45.15926" lon="-72.55502">
        <ele>255.8</ele>
      </trkpt>
      <trkpt lat="45.15942" lon="-72.55623">
        <ele>260.4</ele>
      </trkpt>
      <trkpt lat="45.15935" lon="-72.55731">
        <ele>257.4</ele>
      </trkpt>
      <trkpt lat="45.15935" lon="-72.55758">
        <ele>255.5</ele>
      </trkpt>
      <trkpt lat="45.15937" lon="-72.55789">
        <ele>252.6</ele>
      </trkpt>
      <trkpt lat="45.15943" lon="-72.55815">
        <ele>250.4</ele>
      </trkpt>
      <trkpt lat="45.15943" lon="-72.55829">
        <ele>250.4</ele>
      </trkpt>
      <trkpt lat="45.15946" lon="-72.559559">
        <ele>242.4</ele>
      </trkpt>
      <trkpt lat="45.15949" lon="-72.560829">
        <ele>235.5</ele>
      </trkpt>
      <trkpt lat="45.15952" lon="-72.5621">
        <ele>238.7</ele>
      </trkpt>
      <trkpt lat="45.1594" lon="-72.56281">
        <ele>238.6</ele>
      </trkpt>
      <trkpt lat="45.15937" lon="-72.56312">
        <ele>238.8</ele>
      </trkpt>
      <trkpt lat="45.15934" lon="-72.5639">
        <ele>241.1</ele>
      </trkpt>
      <trkpt lat="45.15926" lon="-72.56474">
        <ele>246.2</ele>
      </trkpt>
      <trkpt lat="45.15923" lon="-72.56551">
        <ele>248.5</ele>
      </trkpt>
      <trkpt lat="45.15924" lon="-72.56577">
        <ele>248.7</ele>
      </trkpt>
      <trkpt lat="45.15928" lon="-72.56613">
        <ele>247.6</ele>
      </trkpt>
      <trkpt lat="45.15946" lon="-72.56703">
        <ele>240.6</ele>
      </trkpt>
      <trkpt lat="45.15949" lon="-72.567956">
        <ele>237</ele>
      </trkpt>
      <trkpt lat="45.15952" lon="-72.568883">
        <ele>235.9</ele>
      </trkpt>
      <trkpt lat="45.15955" lon="-72.56981">
        <ele>234.5</ele>
      </trkpt>
      <trkpt lat="45.1596" lon="-72.57085">
        <ele>235.7</ele>
      </trkpt>
      <trkpt lat="45.158839" lon="-72.570822">
        <ele>234.2</ele>
      </trkpt>
      <trkpt lat="45.158079" lon="-72.570794">
        <ele>232.9</ele>
      </trkpt>
      <trkpt lat="45.157319" lon="-72.570767">
        <ele>236.1</ele>
      </trkpt>
      <trkpt lat="45.15656" lon="-72.57074">
        <ele>243</ele>
      </trkpt>
      <trkpt lat="45.155824" lon="-72.570727">
        <ele>244.2</ele>
      </trkpt>
      <trkpt lat="45.155089" lon="-72.570714">
        <ele>246.8</ele>
      </trkpt>
      <trkpt lat="45.154354" lon="-72.570702">
        <ele>249.6</ele>
      </trkpt>
      <trkpt lat="45.15362" lon="-72.57069">
        <ele>250.7</ele>
      </trkpt>
      <trkpt lat="45.15317" lon="-72.57065">
        <ele>250.4</ele>
      </trkpt>
      <trkpt lat="45.152674" lon="-72.570624">
        <ele>251</ele>
      </trkpt>
      <trkpt lat="45.15218" lon="-72.5706">
        <ele>253.6</ele>
      </trkpt>
      <trkpt lat="45.15133" lon="-72.57056">
        <ele>258</ele>
      </trkpt>
      <trkpt lat="45.15103" lon="-72.5706">
        <ele>258.5</ele>
      </trkpt>
      <trkpt lat="45.15077" lon="-72.57065">
        <ele>258.1</ele>
      </trkpt>
      <trkpt lat="45.15064" lon="-72.57073">
        <ele>257.5</ele>
      </trkpt>
      <trkpt lat="45.15053" lon="-72.57083">
        <ele>256.5</ele>
      </trkpt>
      <trkpt lat="45.15035" lon="-72.57115">
        <ele>255.9</ele>
      </trkpt>
      <trkpt lat="45.149927" lon="-72.571985">
        <ele>254.7</ele>
      </trkpt>
      <trkpt lat="45.149505" lon="-72.57282">
        <ele>253.1</ele>
      </trkpt>
      <trkpt lat="45.149082" lon="-72.573655">
        <ele>249.6</ele>
      </trkpt>
      <trkpt lat="45.14866" lon="-72.57449">
        <ele>246.1</ele>
      </trkpt>
      <trkpt lat="45.148242" lon="-72.575335">
        <ele>243.5</ele>
      </trkpt>
      <trkpt lat="45.147825" lon="-72.57618">
        <ele>240.1</ele>
      </trkpt>
      <trkpt lat="45.147407" lon="-72.577025">
        <ele>236.9</ele>
      </trkpt>
      <trkpt lat="45.14699" lon="-72.57787">
        <ele>236</ele>
      </trkpt>
      <trkpt lat="45.14698" lon="-72.57789">
        <ele>236</ele>
      </trkpt>
      <trkpt lat="45.1469" lon="-72.57804">
        <ele>236</ele>
      </trkpt>
      <trkpt lat="45.14689" lon="-72.57841">
        <ele>235.8</ele>
      </trkpt>
      <trkpt lat="45.14689" lon="-72.57842">
        <ele>235.8</ele>
      </trkpt>
      <trkpt lat="45.14686" lon="-72.57944">
        <ele>234.2</ele>
      </trkpt>
      <trkpt lat="45.14689" lon="-72.58039">
        <ele>232.4</ele>
      </trkpt>
      <trkpt lat="45.146916" lon="-72.581303">
        <ele>229.4</ele>
      </trkpt>
      <trkpt lat="45.146943" lon="-72.582216">
        <ele>224.6</ele>
      </trkpt>
      <trkpt lat="45.14697" lon="-72.58313">
        <ele>224.1</ele>
      </trkpt>
      <trkpt lat="45.146986" lon="-72.584143">
        <ele>223.3</ele>
      </trkpt>
      <trkpt lat="45.147003" lon="-72.585156">
        <ele>219.5</ele>
      </trkpt>
      <trkpt lat="45.14702" lon="-72.58617">
        <ele>216.6</ele>
      </trkpt>
      <trkpt lat="45.147025" lon="-72.58734">
        <ele>211.7</ele>
      </trkpt>
      <trkpt lat="45.14703" lon="-72.588511">
        <ele>204.3</ele>
      </trkpt>
      <trkpt lat="45.147035" lon="-72.589682">
        <ele>197.8</ele>
      </trkpt>
      <trkpt lat="45.14704" lon="-72.590853">
        <ele>195.1</ele>
      </trkpt>
      <trkpt lat="45.147045" lon="-72.592024">
        <ele>192.8</ele>
      </trkpt>
      <trkpt lat="45.14705" lon="-72.593195">
        <ele>190.6</ele>
      </trkpt>
      <trkpt lat="45.147055" lon="-72.594366">
        <ele>188.9</ele>
      </trkpt>
      <trkpt lat="45.14706" lon="-72.595537">
        <ele>186.5</ele>
      </trkpt>
      <trkpt lat="45.147065" lon="-72.596708">
        <ele>176.7</ele>
      </trkpt>
      <trkpt lat="45.14707" lon="-72.59788">
        <ele>172.4</ele>
      </trkpt>
      <trkpt lat="45.14711" lon="-72.59807">
        <ele>172.5</ele>
      </trkpt>
      <trkpt lat="45.14708" lon="-72.59815">
        <ele>172.4</ele>
      </trkpt>
      <trkpt lat="45.14707" lon="-72.59823">
        <ele>172.4</ele>
      </trkpt>
      <trkpt lat="45.147065" lon="-72.59889">
        <ele>169.8</ele>
      </trkpt>
      <trkpt lat="45.14706" lon="-72.59955">
        <ele>169.6</ele>
      </trkpt>
      <trkpt lat="45.147087" lon="-72.600574">
        <ele>170.1</ele>
      </trkpt>
      <trkpt lat="45.147115" lon="-72.601599">
        <ele>171.8</ele>
      </trkpt>
      <trkpt lat="45.147142" lon="-72.602624">
        <ele>172.3</ele>
      </trkpt>
      <trkpt lat="45.14717" lon="-72.60365">
        <ele>174.4</ele>
      </trkpt>
      <trkpt lat="45.14716" lon="-72.60393">
        <ele>174.5</ele>
      </trkpt>
      <trkpt lat="45.1471" lon="-72.60436">
        <ele>174.5</ele>
      </trkpt>
      <trkpt lat="45.14696" lon="-72.60472">
        <ele>174.8</ele>
      </trkpt>
      <trkpt lat="45.14711" lon="-72.6049">
        <ele>174.4</ele>
      </trkpt>
      <trkpt lat="45.14716" lon="-72.60503">
        <ele>174.2</ele>
      </trkpt>
      <trkpt lat="45.14723" lon="-72.60535">
        <ele>172.1</ele>
      </trkpt>
      <trkpt lat="45.147264" lon="-72.606449">
        <ele>170.2</ele>
      </trkpt>
      <trkpt lat="45.147298" lon="-72.607549">
        <ele>166.2</ele>
      </trkpt>
      <trkpt lat="45.147332" lon="-72.608649">
        <ele>167.3</ele>
      </trkpt>
      <trkpt lat="45.147366" lon="-72.609749">
        <ele>175.9</ele>
      </trkpt>
      <trkpt lat="45.1474" lon="-72.61085">
        <ele>189.9</ele>
      </trkpt>
      <trkpt lat="45.1475" lon="-72.61192">
        <ele>196.8</ele>
      </trkpt>
      <trkpt lat="45.147525" lon="-72.612669">
        <ele>202.1</ele>
      </trkpt>
      <trkpt lat="45.14755" lon="-72.61342">
        <ele>203.2</ele>
      </trkpt>
      <trkpt lat="45.146837" lon="-72.613645">
        <ele>202.6</ele>
      </trkpt>
      <trkpt lat="45.146125" lon="-72.61387">
        <ele>198.2</ele>
      </trkpt>
      <trkpt lat="45.145412" lon="-72.614095">
        <ele>199.3</ele>
      </trkpt>
      <trkpt lat="45.1447" lon="-72.61432">
        <ele>199</ele>
      </trkpt>
      <trkpt lat="45.14469" lon="-72.61432">
        <ele>199</ele>
      </trkpt>
      <trkpt lat="45.143915" lon="-72.61458">
        <ele>201.3</ele>
      </trkpt>
      <trkpt lat="45.14314" lon="-72.61484">
        <ele>202</ele>
      </trkpt>
      <trkpt lat="45.14295" lon="-72.61488">
        <ele>201.3</ele>
      </trkpt>
      <trkpt lat="45.1422" lon="-72.61493">
        <ele>196.4</ele>
      </trkpt>
      <trkpt lat="45.14134" lon="-72.61485">
        <ele>197.6</ele>
      </trkpt>
      <trkpt lat="45.14092" lon="-72.61484">
        <ele>200.5</ele>
      </trkpt>
      <trkpt lat="45.14034" lon="-72.61493">
        <ele>202.3</ele>
      </trkpt>
      <trkpt lat="45.13994" lon="-72.61506">
        <ele>202.1</ele>
      </trkpt>
      <trkpt lat="45.1396" lon="-72.6152">
        <ele>202.5</ele>
      </trkpt>
      <trkpt lat="45.13933" lon="-72.61542">
        <ele>203.6</ele>
      </trkpt>
      <trkpt lat="45.13907" lon="-72.61578">
        <ele>206.7</ele>
      </trkpt>
      <trkpt lat="45.13885" lon="-72.61618">
        <ele>208</ele>
      </trkpt>
      <trkpt lat="45.13871" lon="-72.61636">
        <ele>208.4</ele>
      </trkpt>
      <trkpt lat="45.13863" lon="-72.61644">
        <ele>208.4</ele>
      </trkpt>
      <trkpt lat="45.13844" lon="-72.6165">
        <ele>207.4</ele>
      </trkpt>
      <trkpt lat="45.13803" lon="-72.61654">
        <ele>204.1</ele>
      </trkpt>
      <trkpt lat="45.13757" lon="-72.6165">
        <ele>203.2</ele>
      </trkpt>
      <trkpt lat="45.13672" lon="-72.61654">
        <ele>202</ele>
      </trkpt>
      <trkpt lat="45.13592" lon="-72.61664">
        <ele>203.3</ele>
      </trkpt>
      <trkpt lat="45.13516" lon="-72.61667">
        <ele>209.5</ele>
      </trkpt>
      <trkpt lat="45.134308" lon="-72.616686">
        <ele>212.7</ele>
      </trkpt>
      <trkpt lat="45.133456" lon="-72.616702">
        <ele>218.5</ele>
      </trkpt>
      <trkpt lat="45.132604" lon="-72.616718">
        <ele>225.1</ele>
      </trkpt>
      <trkpt lat="45.131752" lon="-72.616734">
        <ele>232.9</ele>
      </trkpt>
      <trkpt lat="45.1309" lon="-72.61675">
        <ele>235.2</ele>
      </trkpt>
      <trkpt lat="45.130329" lon="-72.6168">
        <ele>238.5</ele>
      </trkpt>
      <trkpt lat="45.12976" lon="-72.61685">
        <ele>244.3</ele>
      </trkpt>
      <trkpt lat="45.12914" lon="-72.61688">
        <ele>248.5</ele>
      </trkpt>
      <trkpt lat="45.12852" lon="-72.61691">
        <ele>248.8</ele>
      </trkpt>
      <trkpt lat="45.12789" lon="-72.61695">
        <ele>250.7</ele>
      </trkpt>
      <trkpt lat="45.12767" lon="-72.61699">
        <ele>251</ele>
      </trkpt>
      <trkpt lat="45.12751" lon="-72.61704">
        <ele>251.1</ele>
      </trkpt>
      <trkpt lat="45.12686" lon="-72.61733">
        <ele>251.1</ele>
      </trkpt>
      <trkpt lat="45.12621" lon="-72.61762">
        <ele>251.7</ele>
      </trkpt>
      <trkpt lat="45.12556" lon="-72.61791">
        <ele>253</ele>
      </trkpt>
      <trkpt lat="45.12491" lon="-72.6182">
        <ele>252.9</ele>
      </trkpt>
      <trkpt lat="45.124212" lon="-72.618494">
        <ele>250.1</ele>
      </trkpt>
      <trkpt lat="45.123514" lon="-72.618788">
        <ele>248.5</ele>
      </trkpt>
      <trkpt lat="45.122816" lon="-72.619082">
        <ele>248</ele>
      </trkpt>
      <trkpt lat="45.122118" lon="-72.619376">
        <ele>248.2</ele>
      </trkpt>
      <trkpt lat="45.12142" lon="-72.61967">
        <ele>251.8</ele>
      </trkpt>
      <trkpt lat="45.120855" lon="-72.61989">
        <ele>253</ele>
      </trkpt>
      <trkpt lat="45.12029" lon="-72.62011">
        <ele>252.6</ele>
      </trkpt>
      <trkpt lat="45.119755" lon="-72.620395">
        <ele>248.2</ele>
      </trkpt>
      <trkpt lat="45.11922" lon="-72.62068">
        <ele>244</ele>
      </trkpt>
      <trkpt lat="45.11921" lon="-72.62068">
        <ele>243.9</ele>
      </trkpt>
      <trkpt lat="45.1188" lon="-72.62088">
        <ele>239.8</ele>
      </trkpt>
      <trkpt lat="45.11861" lon="-72.62093">
        <ele>238</ele>
      </trkpt>
      <trkpt lat="45.117765" lon="-72.62104">
        <ele>225.5</ele>
      </trkpt>
      <trkpt lat="45.11692" lon="-72.62115">
        <ele>217.9</ele>
      </trkpt>
      <trkpt lat="45.116199" lon="-72.621295">
        <ele>214.7</ele>
      </trkpt>
      <trkpt lat="45.11548" lon="-72.62144">
        <ele>210.5</ele>
      </trkpt>
      <trkpt lat="45.11499" lon="-72.621495">
        <ele>208.3</ele>
      </trkpt>
      <trkpt lat="45.1145" lon="-72.62155">
        <ele>205.2</ele>
      </trkpt>
      <trkpt lat="45.11426" lon="-72.62155">
        <ele>203.4</ele>
      </trkpt>
      <trkpt lat="45.11358" lon="-72.62146">
        <ele>198</ele>
      </trkpt>
      <trkpt lat="45.113595" lon="-72.622649">
        <ele>199.8</ele>
      </trkpt>
      <trkpt lat="45.11361" lon="-72.62384">
        <ele>198.2</ele>
      </trkpt>
      <trkpt lat="45.113635" lon="-72.624579">
        <ele>197.2</ele>
      </trkpt>
      <trkpt lat="45.11366" lon="-72.62532">
        <ele>197.5</ele>
      </trkpt>
      <trkpt lat="45.113686" lon="-72.626399">
        <ele>200.3</ele>
      </trkpt>
      <trkpt lat="45.113712" lon="-72.627479">
        <ele>203.5</ele>
      </trkpt>
      <trkpt lat="45.113738" lon="-72.628559">
        <ele>205</ele>
      </trkpt>
      <trkpt lat="45.113764" lon="-72.629639">
        <ele>206.3</ele>
      </trkpt>
      <trkpt lat="45.11379" lon="-72.63072">
        <ele>209.1</ele>
      </trkpt>
      <trkpt lat="45.113835" lon="-72.631929">
        <ele>218.2</ele>
      </trkpt>
      <trkpt lat="45.11388" lon="-72.63314">
        <ele>229.1</ele>
      </trkpt>
      <trkpt lat="45.11392" lon="-72.634104">
        <ele>230.1</ele>
      </trkpt>
      <trkpt lat="45.11396" lon="-72.63507">
        <ele>229.2</ele>
      </trkpt>
      <trkpt lat="45.11399" lon="-72.636112">
        <ele>224.8</ele>
      </trkpt>
      <trkpt lat="45.11402" lon="-72.637154">
        <ele>221</ele>
      </trkpt>
      <trkpt lat="45.11405" lon="-72.638197">
        <ele>220.3</ele>
      </trkpt>
      <trkpt lat="45.11408" lon="-72.63924">
        <ele>222.1</ele>
      </trkpt>
      <trkpt lat="45.11404" lon="-72.63977">
        <ele>222.6</ele>
      </trkpt>
      <trkpt lat="45.11386" lon="-72.64071">
        <ele>221.5</ele>
      </trkpt>
      <trkpt lat="45.11368" lon="-72.64165">
        <ele>217.9</ele>
      </trkpt>
      <trkpt lat="45.1136" lon="-72.64216">
        <ele>217.1</ele>
      </trkpt>
      <trkpt lat="45.11359" lon="-72.64272">
        <ele>217</ele>
      </trkpt>
      <trkpt lat="45.11363" lon="-72.643964">
        <ele>220.9</ele>
      </trkpt>
      <trkpt lat="45.11367" lon="-72.645209">
        <ele>226.4</ele>
      </trkpt>
      <trkpt lat="45.11371" lon="-72.646454">
        <ele>226.3</ele>
      </trkpt>
      <trkpt lat="45.11375" lon="-72.6477">
        <ele>225.3</ele>
      </trkpt>
      <trkpt lat="45.11375" lon="-72.64846">
        <ele>225.7</ele>
      </trkpt>
      <trkpt lat="45.11369" lon="-72.64904">
        <ele>226.2</ele>
      </trkpt>
      <trkpt lat="45.11354" lon="-72.650005">
        <ele>227.1</ele>
      </trkpt>
      <trkpt lat="45.11339" lon="-72.65097">
        <ele>231.7</ele>
      </trkpt>
      <trkpt lat="45.113295" lon="-72.651685">
        <ele>235.6</ele>
      </trkpt>
      <trkpt lat="45.1132" lon="-72.6524">
        <ele>237.5</ele>
      </trkpt>
      <trkpt lat="45.1132" lon="-72.65281">
        <ele>238.7</ele>
      </trkpt>
      <trkpt lat="45.11326" lon="-72.65321">
        <ele>240.6</ele>
      </trkpt>
      <trkpt lat="45.11331" lon="-72.65339">
        <ele>241</ele>
      </trkpt>
      <trkpt lat="45.11354" lon="-72.65397">
        <ele>242.4</ele>
      </trkpt>
      <trkpt lat="45.11378" lon="-72.65437">
        <ele>243.3</ele>
      </trkpt>
      <trkpt lat="45.11398" lon="-72.65459">
        <ele>244.9</ele>
      </trkpt>
      <trkpt lat="45.114545" lon="-72.655104">
        <ele>248.2</ele>
      </trkpt>
      <trkpt lat="45.11511" lon="-72.65562">
        <ele>252.9</ele>
      </trkpt>
      <trkpt lat="45.11565" lon="-72.65616">
        <ele>254</ele>
      </trkpt>
      <trkpt lat="45.11596" lon="-72.65664">
        <ele>252.5</ele>
      </trkpt>
      <trkpt lat="45.11599" lon="-72.65688">
        <ele>251.8</ele>
      </trkpt>
      <trkpt lat="45.116" lon="-72.6579">
        <ele>250</ele>
      </trkpt>
      <trkpt lat="45.11598" lon="-72.65845">
        <ele>250</ele>
      </trkpt>
      <trkpt lat="45.11599" lon="-72.65884">
        <ele>250.3</ele>
      </trkpt>
      <trkpt lat="45.11608" lon="-72.65944">
        <ele>250.9</ele>
      </trkpt>
      <trkpt lat="45.11634" lon="-72.66014">
        <ele>251.5</ele>
      </trkpt>
      <trkpt lat="45.11686" lon="-72.66117">
        <ele>245</ele>
      </trkpt>
      <trkpt lat="45.117265" lon="-72.661914">
        <ele>242.5</ele>
      </trkpt>
      <trkpt lat="45.11767" lon="-72.66266">
        <ele>240</ele>
      </trkpt>
      <trkpt lat="45.11809" lon="-72.66333">
        <ele>237.8</ele>
      </trkpt>
      <trkpt lat="45.1184" lon="-72.66364">
        <ele>236.8</ele>
      </trkpt>
      <trkpt lat="45.11857" lon="-72.66391">
        <ele>235.9</ele>
      </trkpt>
      <trkpt lat="45.11897" lon="-72.66471">
        <ele>229.5</ele>
      </trkpt>
      <trkpt lat="45.11911" lon="-72.66516">
        <ele>227.3</ele>
      </trkpt>
      <trkpt lat="45.11921" lon="-72.66575">
        <ele>226.3</ele>
      </trkpt>
      <trkpt lat="45.11936" lon="-72.66694">
        <ele>228.7</ele>
      </trkpt>
      <trkpt lat="45.11941" lon="-72.66753">
        <ele>232</ele>
      </trkpt>
      <trkpt lat="45.1194" lon="-72.66806">
        <ele>236.3</ele>
      </trkpt>
      <trkpt lat="45.11926" lon="-72.66928">
        <ele>241.1</ele>
      </trkpt>
      <trkpt lat="45.11926" lon="-72.66941">
        <ele>241.1</ele>
      </trkpt>
      <trkpt lat="45.1193" lon="-72.66968">
        <ele>239.4</ele>
      </trkpt>
      <trkpt lat="45.11939" lon="-72.67">
        <ele>237.7</ele>
      </trkpt>
      <trkpt lat="45.11948" lon="-72.67022">
        <ele>237.7</ele>
      </trkpt>
      <trkpt lat="45.11992" lon="-72.67103">
        <ele>230.4</ele>
      </trkpt>
      <trkpt lat="45.120235" lon="-72.671659">
        <ele>227.5</ele>
      </trkpt>
      <trkpt lat="45.12055" lon="-72.67229">
        <ele>225.9</ele>
      </trkpt>
      <trkpt lat="45.12072" lon="-72.67259">
        <ele>225.2</ele>
      </trkpt>
      <trkpt lat="45.1212" lon="-72.67327">
        <ele>220.8</ele>
      </trkpt>
      <trkpt lat="45.12148" lon="-72.67371">
        <ele>217.1</ele>
      </trkpt>
      <trkpt lat="45.1217" lon="-72.67411">
        <ele>213.1</ele>
      </trkpt>
      <trkpt lat="45.122275" lon="-72.674739">
        <ele>209.8</ele>
      </trkpt>
      <trkpt lat="45.12285" lon="-72.67537">
        <ele>208.6</ele>
      </trkpt>
      <trkpt lat="45.123405" lon="-72.675919">
        <ele>209.4</ele>
      </trkpt>
      <trkpt lat="45.12396" lon="-72.67647">
        <ele>208.2</ele>
      </trkpt>
      <trkpt lat="45.12432" lon="-72.676864">
        <ele>205.5</ele>
      </trkpt>
      <trkpt lat="45.12468" lon="-72.67726">
        <ele>202.2</ele>
      </trkpt>
      <trkpt lat="45.12518" lon="-72.67783">
        <ele>196.7</ele>
      </trkpt>
      <trkpt lat="45.12581" lon="-72.678504">
        <ele>194.8</ele>
      </trkpt>
      <trkpt lat="45.12644" lon="-72.67918">
        <ele>196</ele>
      </trkpt>
      <trkpt lat="45.12689" lon="-72.67994">
        <ele>200.1</ele>
      </trkpt>
      <trkpt lat="45.127423" lon="-72.680953">
        <ele>205.2</ele>
      </trkpt>
      <trkpt lat="45.127956" lon="-72.681966">
        <ele>210.3</ele>
      </trkpt>
      <trkpt lat="45.12849" lon="-72.68298">
        <ele>219.2</ele>
      </trkpt>
      <trkpt lat="45.12862" lon="-72.68334">
        <ele>220.9</ele>
      </trkpt>
      <trkpt lat="45.12866" lon="-72.68353">
        <ele>220.5</ele>
      </trkpt>
      <trkpt lat="45.12866" lon="-72.68405">
        <ele>218.2</ele>
      </trkpt>
      <trkpt lat="45.12873" lon="-72.68509">
        <ele>213</ele>
      </trkpt>
      <trkpt lat="45.128855" lon="-72.686274">
        <ele>212.1</ele>
      </trkpt>
      <trkpt lat="45.12898" lon="-72.68746">
        <ele>209.9</ele>
      </trkpt>
      <trkpt lat="45.12913" lon="-72.68822">
        <ele>209.5</ele>
      </trkpt>
      <trkpt lat="45.1292" lon="-72.6884">
        <ele>209.7</ele>
      </trkpt>
      <trkpt lat="45.12935" lon="-72.68867">
        <ele>210.3</ele>
      </trkpt>
      <trkpt lat="45.12981" lon="-72.68929">
        <ele>214.5</ele>
      </trkpt>
      <trkpt lat="45.12994" lon="-72.68939">
        <ele>215.2</ele>
      </trkpt>
      <trkpt lat="45.13016" lon="-72.68952">
        <ele>217.2</ele>
      </trkpt>
      <trkpt lat="45.13048" lon="-72.68961">
        <ele>222.6</ele>
      </trkpt>
      <trkpt lat="45.131255" lon="-72.689629">
        <ele>228.6</ele>
      </trkpt>
      <trkpt lat="45.13203" lon="-72.68965">
        <ele>231.7</ele>
      </trkpt>
      <trkpt lat="45.132605" lon="-72.68954">
        <ele>228.9</ele>
      </trkpt>
      <trkpt lat="45.13318" lon="-72.68943">
        <ele>227.2</ele>
      </trkpt>
      <trkpt lat="45.13377" lon="-72.68938">
        <ele>224.3</ele>
      </trkpt>
      <trkpt lat="45.13392" lon="-72.68938">
        <ele>223.7</ele>
      </trkpt>
      <trkpt lat="45.13406" lon="-72.68943">
        <ele>221.9</ele>
      </trkpt>
      <trkpt lat="45.13444" lon="-72.6897">
        <ele>219.4</ele>
      </trkpt>
      <trkpt lat="45.134975" lon="-72.690169">
        <ele>216.6</ele>
      </trkpt>
      <trkpt lat="45.13551" lon="-72.69064">
        <ele>215.8</ele>
      </trkpt>
      <trkpt lat="45.136153" lon="-72.691056">
        <ele>210.9</ele>
      </trkpt>
      <trkpt lat="45.136796" lon="-72.691473">
        <ele>202.8</ele>
      </trkpt>
      <trkpt lat="45.13744" lon="-72.69189">
        <ele>195.1</ele>
      </trkpt>
      <trkpt lat="45.13765" lon="-72.69199">
        <ele>192.6</ele>
      </trkpt>
      <trkpt lat="45.13794" lon="-72.69208">
        <ele>191.7</ele>
      </trkpt>
      <trkpt lat="45.13815" lon="-72.69211">
        <ele>192.5</ele>
      </trkpt>
      <trkpt lat="45.13886" lon="-72.69204">
        <ele>200.6</ele>
      </trkpt>
      <trkpt lat="45.13852" lon="-72.69284">
        <ele>195</ele>
      </trkpt>
      <trkpt lat="45.138175" lon="-72.69375">
        <ele>190.9</ele>
      </trkpt>
      <trkpt lat="45.13783" lon="-72.69466">
        <ele>188.5</ele>
      </trkpt>
      <trkpt lat="45.13751" lon="-72.695445">
        <ele>186.4</ele>
      </trkpt>
      <trkpt lat="45.13719" lon="-72.69623">
        <ele>185.5</ele>
      </trkpt>
      <trkpt lat="45.13695" lon="-72.69686">
        <ele>186.1</ele>
      </trkpt>
      <trkpt lat="45.13655" lon="-72.69758">
        <ele>188.2</ele>
      </trkpt>
      <trkpt lat="45.1362" lon="-72.69816">
        <ele>189.2</ele>
      </trkpt>
      <trkpt lat="45.13585" lon="-72.69874">
        <ele>189.9</ele>
      </trkpt>
      <trkpt lat="45.13561" lon="-72.69933">
        <ele>191.3</ele>
      </trkpt>
      <trkpt lat="45.1356" lon="-72.69933">
        <ele>191.3</ele>
      </trkpt>
      <trkpt lat="45.13537" lon="-72.69995">
        <ele>192.7</ele>
      </trkpt>
      <trkpt lat="45.13514" lon="-72.70057">
        <ele>193.4</ele>
      </trkpt>
      <trkpt lat="45.1349" lon="-72.70129">
        <ele>193.4</ele>
      </trkpt>
      <trkpt lat="45.13483" lon="-72.70157">
        <ele>193.3</ele>
      </trkpt>
      <trkpt lat="45.134665" lon="-72.70257">
        <ele>192.9</ele>
      </trkpt>
      <trkpt lat="45.1345" lon="-72.70357">
        <ele>193.7</ele>
      </trkpt>
      <trkpt lat="45.13435" lon="-72.70478">
        <ele>199.3</ele>
      </trkpt>
      <trkpt lat="45.1342" lon="-72.70599">
        <ele>204.1</ele>
      </trkpt>
      <trkpt lat="45.13414" lon="-72.7069">
        <ele>207.7</ele>
      </trkpt>
      <trkpt lat="45.13408" lon="-72.70781">
        <ele>212.2</ele>
      </trkpt>
      <trkpt lat="45.13402" lon="-72.70872">
        <ele>214.6</ele>
      </trkpt>
      <trkpt lat="45.13388" lon="-72.70971">
        <ele>217.3</ele>
      </trkpt>
      <trkpt lat="45.13374" lon="-72.71043">
        <ele>219</ele>
      </trkpt>
      <trkpt lat="45.133435" lon="-72.711332">
        <ele>220.9</ele>
      </trkpt>
      <trkpt lat="45.13313" lon="-72.712235">
        <ele>221.9</ele>
      </trkpt>
      <trkpt lat="45.132825" lon="-72.713137">
        <ele>222.3</ele>
      </trkpt>
      <trkpt lat="45.13252" lon="-72.71404">
        <ele>225.2</ele>
      </trkpt>
      <trkpt lat="45.13222" lon="-72.71499">
        <ele>230.1</ele>
      </trkpt>
      <trkpt lat="45.131965" lon="-72.71575">
        <ele>232.7</ele>
      </trkpt>
      <trkpt lat="45.13171" lon="-72.71651">
        <ele>236.2</ele>
      </trkpt>
      <trkpt lat="45.13153" lon="-72.71692">
        <ele>237.3</ele>
      </trkpt>
      <trkpt lat="45.13111" lon="-72.7178">
        <ele>238.5</ele>
      </trkpt>
      <trkpt lat="45.13069" lon="-72.718643">
        <ele>238.1</ele>
      </trkpt>
      <trkpt lat="45.13027" lon="-72.719486">
        <ele>239.4</ele>
      </trkpt>
      <trkpt lat="45.12985" lon="-72.72033">
        <ele>239.8</ele>
      </trkpt>
      <trkpt lat="45.129412" lon="-72.72112">
        <ele>238.4</ele>
      </trkpt>
      <trkpt lat="45.128975" lon="-72.72191">
        <ele>237.5</ele>
      </trkpt>
      <trkpt lat="45.128537" lon="-72.7227">
        <ele>237.6</ele>
      </trkpt>
      <trkpt lat="45.1281" lon="-72.72349">
        <ele>237.4</ele>
      </trkpt>
      <trkpt lat="45.12781" lon="-72.72394">
        <ele>235.9</ele>
      </trkpt>
      <trkpt lat="45.12735" lon="-72.72482">
        <ele>234.1</ele>
      </trkpt>
      <trkpt lat="45.12689" lon="-72.7257">
        <ele>230.8</ele>
      </trkpt>
      <trkpt lat="45.12644" lon="-72.72666">
        <ele>226.2</ele>
      </trkpt>
      <trkpt lat="45.12599" lon="-72.72762">
        <ele>222.8</ele>
      </trkpt>
      <trkpt lat="45.12563" lon="-72.72801">
        <ele>218.8</ele>
      </trkpt>
      <trkpt lat="45.12514" lon="-72.72864">
        <ele>214.9</ele>
      </trkpt>
      <trkpt lat="45.12465" lon="-72.72927">
        <ele>213.2</ele>
      </trkpt>
      <trkpt lat="45.124055" lon="-72.730125">
        <ele>213.9</ele>
      </trkpt>
      <trkpt lat="45.12346" lon="-72.73098">
        <ele>213.5</ele>
      </trkpt>
      <trkpt lat="45.12291" lon="-72.73187">
        <ele>213.6</ele>
      </trkpt>
      <trkpt lat="45.122377" lon="-72.73269">
        <ele>214.3</ele>
      </trkpt>
      <trkpt lat="45.121844" lon="-72.73351">
        <ele>215.4</ele>
      </trkpt>
      <trkpt lat="45.121311" lon="-72.73433">
        <ele>216.3</ele>
      </trkpt>
      <trkpt lat="45.120778" lon="-72.73515">
        <ele>216.9</ele>
      </trkpt>
      <trkpt lat="45.120245" lon="-72.73597">
        <ele>217.2</ele>
      </trkpt>
      <trkpt lat="45.119712" lon="-72.73679">
        <ele>217.6</ele>
      </trkpt>
      <trkpt lat="45.11918" lon="-72.73761">
        <ele>219.2</ele>
      </trkpt>
      <trkpt lat="45.11918" lon="-72.73762">
        <ele>219.2</ele>
      </trkpt>
      <trkpt lat="45.118666" lon="-72.738416">
        <ele>220.1</ele>
      </trkpt>
      <trkpt lat="45.118153" lon="-72.739213">
        <ele>219</ele>
      </trkpt>
      <trkpt lat="45.11764" lon="-72.74001">
        <ele>218.1</ele>
      </trkpt>
      <trkpt lat="45.117185" lon="-72.74074">
        <ele>216.7</ele>
      </trkpt>
      <trkpt lat="45.11673" lon="-72.74147">
        <ele>216.8</ele>
      </trkpt>
      <trkpt lat="45.116275" lon="-72.7422">
        <ele>218.7</ele>
      </trkpt>
      <trkpt lat="45.11582" lon="-72.74293">
        <ele>221.2</ele>
      </trkpt>
      <trkpt lat="45.115312" lon="-72.74372">
        <ele>223.4</ele>
      </trkpt>
      <trkpt lat="45.114804" lon="-72.74451">
        <ele>223.8</ele>
      </trkpt>
      <trkpt lat="45.114296" lon="-72.7453">
        <ele>223.8</ele>
      </trkpt>
      <trkpt lat="45.113788" lon="-72.74609">
        <ele>223.4</ele>
      </trkpt>
      <trkpt lat="45.11328" lon="-72.74688">
        <ele>221.8</ele>
      </trkpt>
      <trkpt lat="45.11284" lon="-72.74754">
        <ele>219.6</ele>
      </trkpt>
      <trkpt lat="45.113518" lon="-72.748307">
        <ele>213.3</ele>
      </trkpt>
      <trkpt lat="45.114196" lon="-72.749075">
        <ele>206.7</ele>
      </trkpt>
      <trkpt lat="45.114874" lon="-72.749843">
        <ele>200</ele>
      </trkpt>
      <trkpt lat="45.115552" lon="-72.750611">
        <ele>197.6</ele>
      </trkpt>
      <trkpt lat="45.11623" lon="-72.75138">
        <ele>197.2</ele>
      </trkpt>
      <trkpt lat="45.1168" lon="-72.752039">
        <ele>196.3</ele>
      </trkpt>
      <trkpt lat="45.11737" lon="-72.7527">
        <ele>193.9</ele>
      </trkpt>
      <trkpt lat="45.117715" lon="-72.753169">
        <ele>194.4</ele>
      </trkpt>
      <trkpt lat="45.11806" lon="-72.75364">
        <ele>196</ele>
      </trkpt>
      <trkpt lat="45.118475" lon="-72.754259">
        <ele>196.6</ele>
      </trkpt>
      <trkpt lat="45.11889" lon="-72.75488">
        <ele>196.8</ele>
      </trkpt>
      <trkpt lat="45.11908" lon="-72.75524">
        <ele>197</ele>
      </trkpt>
      <trkpt lat="45.11922" lon="-72.7556">
        <ele>197.1</ele>
      </trkpt>
      <trkpt lat="45.11929" lon="-72.75589">
        <ele>197.3</ele>
      </trkpt>
      <trkpt lat="45.11933" lon="-72.75627">
        <ele>197.3</ele>
      </trkpt>
      <trkpt lat="45.11936" lon="-72.757523">
        <ele>195.8</ele>
      </trkpt>
      <trkpt lat="45.11939" lon="-72.758776">
        <ele>195.4</ele>
      </trkpt>
      <trkpt lat="45.11942" lon="-72.76003">
        <ele>194.7</ele>
      </trkpt>
      <trkpt lat="45.119452" lon="-72.760992">
        <ele>193.8</ele>
      </trkpt>
      <trkpt lat="45.119485" lon="-72.761954">
        <ele>193.6</ele>
      </trkpt>
      <trkpt lat="45.119517" lon="-72.762917">
        <ele>193.4</ele>
      </trkpt>
      <trkpt lat="45.11955" lon="-72.76388">
        <ele>192.4</ele>
      </trkpt>
      <trkpt lat="45.11956" lon="-72.765089">
        <ele>189.5</ele>
      </trkpt>
      <trkpt lat="45.11957" lon="-72.766299">
        <ele>186</ele>
      </trkpt>
      <trkpt lat="45.11958" lon="-72.76751">
        <ele>184.7</ele>
      </trkpt>
      <trkpt lat="45.119585" lon="-72.768733">
        <ele>183.7</ele>
      </trkpt>
      <trkpt lat="45.11959" lon="-72.769956">
        <ele>181.8</ele>
      </trkpt>
      <trkpt lat="45.119595" lon="-72.771179">
        <ele>181.8</ele>
      </trkpt>
      <trkpt lat="45.1196" lon="-72.772403">
        <ele>182.7</ele>
      </trkpt>
      <trkpt lat="45.119605" lon="-72.773626">
        <ele>183.1</ele>
      </trkpt>
      <trkpt lat="45.11961" lon="-72.77485">
        <ele>185.6</ele>
      </trkpt>
      <trkpt lat="45.11963" lon="-72.77591">
        <ele>187.8</ele>
      </trkpt>
      <trkpt lat="45.120253" lon="-72.776423">
        <ele>189.4</ele>
      </trkpt>
      <trkpt lat="45.120876" lon="-72.776936">
        <ele>191</ele>
      </trkpt>
      <trkpt lat="45.1215" lon="-72.77745">
        <ele>192.3</ele>
      </trkpt>
      <trkpt lat="45.122195" lon="-72.778019">
        <ele>193.2</ele>
      </trkpt>
      <trkpt lat="45.12289" lon="-72.778589">
        <ele>194</ele>
      </trkpt>
      <trkpt lat="45.123585" lon="-72.779159">
        <ele>195.6</ele>
      </trkpt>
      <trkpt lat="45.12428" lon="-72.779729">
        <ele>197</ele>
      </trkpt>
      <trkpt lat="45.124975" lon="-72.780299">
        <ele>198.1</ele>
      </trkpt>
      <trkpt lat="45.12567" lon="-72.780869">
        <ele>198.6</ele>
      </trkpt>
      <trkpt lat="45.126365" lon="-72.781439">
        <ele>198.3</ele>
      </trkpt>
      <trkpt lat="45.12706" lon="-72.78201">
        <ele>196.3</ele>
      </trkpt>
      <trkpt lat="45.12777" lon="-72.782609">
        <ele>195</ele>
      </trkpt>
      <trkpt lat="45.12848" lon="-72.78321">
        <ele>194.4</ele>
      </trkpt>
      <trkpt lat="45.12863" lon="-72.78335">
        <ele>194.1</ele>
      </trkpt>
      <trkpt lat="45.1287" lon="-72.78353">
        <ele>193.7</ele>
      </trkpt>
      <trkpt lat="45.12876" lon="-72.78376">
        <ele>193.7</ele>
      </trkpt>
      <trkpt lat="45.128933" lon="-72.784769">
        <ele>190.6</ele>
      </trkpt>
      <trkpt lat="45.129106" lon="-72.785779">
        <ele>187.7</ele>
      </trkpt>
      <trkpt lat="45.12928" lon="-72.78679">
        <ele>186.1</ele>
      </trkpt>
      <trkpt lat="45.12944" lon="-72.78779">
        <ele>182.3</ele>
      </trkpt>
      <trkpt lat="45.12946" lon="-72.78886">
        <ele>176.2</ele>
      </trkpt>
      <trkpt lat="45.12946" lon="-72.78979">
        <ele>173.2</ele>
      </trkpt>
      <trkpt lat="45.12946" lon="-72.7898">
        <ele>173.1</ele>
      </trkpt>
      <trkpt lat="45.129455" lon="-72.790684">
        <ele>171.7</ele>
      </trkpt>
      <trkpt lat="45.12945" lon="-72.79157">
        <ele>171.1</ele>
      </trkpt>
      <trkpt lat="45.129438" lon="-72.792725">
        <ele>170</ele>
      </trkpt>
      <trkpt lat="45.129426" lon="-72.79388">
        <ele>168.8</ele>
      </trkpt>
      <trkpt lat="45.129415" lon="-72.795035">
        <ele>166.4</ele>
      </trkpt>
      <trkpt lat="45.129403" lon="-72.79619">
        <ele>163.8</ele>
      </trkpt>
      <trkpt lat="45.129391" lon="-72.797345">
        <ele>161.3</ele>
      </trkpt>
      <trkpt lat="45.12938" lon="-72.7985">
        <ele>160.1</ele>
      </trkpt>
      <trkpt lat="45.12938" lon="-72.799609">
        <ele>158.6</ele>
      </trkpt>
      <trkpt lat="45.12938" lon="-72.80072">
        <ele>156.5</ele>
      </trkpt>
      <trkpt lat="45.13026" lon="-72.8007">
        <ele>156.4</ele>
      </trkpt>
      <trkpt lat="45.13026" lon="-72.80094">
        <ele>155.4</ele>
      </trkpt>
      <trkpt lat="45.13026" lon="-72.80095">
        <ele>155.4</ele>
      </trkpt>
      <trkpt lat="45.13026" lon="-72.8007">
        <ele>156.4</ele>
      </trkpt>
      <trkpt lat="45.13032" lon="-72.80069">
        <ele>156.4</ele>
      </trkpt>
      <trkpt lat="45.130946" lon="-72.80066">
        <ele>155.4</ele>
      </trkpt>
      <trkpt lat="45.131573" lon="-72.80063">
        <ele>154.6</ele>
      </trkpt>
      <trkpt lat="45.1322" lon="-72.8006">
        <ele>153.5</ele>
      </trkpt>
      <trkpt lat="45.13282" lon="-72.80059">
        <ele>152.1</ele>
      </trkpt>
      <trkpt lat="45.133527" lon="-72.800582">
        <ele>149.9</ele>
      </trkpt>
      <trkpt lat="45.134235" lon="-72.800575">
        <ele>148.1</ele>
      </trkpt>
      <trkpt lat="45.134942" lon="-72.800567">
        <ele>146.5</ele>
      </trkpt>
      <trkpt lat="45.13565" lon="-72.80056">
        <ele>144.9</ele>
      </trkpt>
      <trkpt lat="45.135648" lon="-72.799344">
        <ele>146.2</ele>
      </trkpt>
      <trkpt lat="45.135647" lon="-72.798128">
        <ele>149.3</ele>
      </trkpt>
      <trkpt lat="45.135646" lon="-72.796913">
        <ele>153.2</ele>
      </trkpt>
      <trkpt lat="45.135645" lon="-72.795697">
        <ele>158.1</ele>
      </trkpt>
      <trkpt lat="45.135644" lon="-72.794482">
        <ele>161.5</ele>
      </trkpt>
      <trkpt lat="45.135643" lon="-72.793266">
        <ele>162.6</ele>
      </trkpt>
      <trkpt lat="45.135642" lon="-72.792051">
        <ele>166.5</ele>
      </trkpt>
      <trkpt lat="45.135641" lon="-72.790835">
        <ele>171.8</ele>
      </trkpt>
      <trkpt lat="45.13564" lon="-72.78962">
        <ele>174.2</ele>
      </trkpt>
      <trkpt lat="45.135645" lon="-72.78848">
        <ele>175.7</ele>
      </trkpt>
      <trkpt lat="45.13565" lon="-72.78734">
        <ele>179.3</ele>
      </trkpt>
      <trkpt lat="45.135668" lon="-72.786186">
        <ele>182.4</ele>
      </trkpt>
      <trkpt lat="45.135686" lon="-72.785032">
        <ele>185</ele>
      </trkpt>
      <trkpt lat="45.135704" lon="-72.783878">
        <ele>187.7</ele>
      </trkpt>
      <trkpt lat="45.135722" lon="-72.782724">
        <ele>190.4</ele>
      </trkpt>
      <trkpt lat="45.13574" lon="-72.78157">
        <ele>193.2</ele>
      </trkpt>
      <trkpt lat="45.13575" lon="-72.7808">
        <ele>195.7</ele>
      </trkpt>
      <trkpt lat="45.13576" lon="-72.78003">
        <ele>198.7</ele>
      </trkpt>
      <trkpt lat="45.135755" lon="-72.77876">
        <ele>195.5</ele>
      </trkpt>
      <trkpt lat="45.13575" lon="-72.777491">
        <ele>191.2</ele>
      </trkpt>
      <trkpt lat="45.135745" lon="-72.776222">
        <ele>186.2</ele>
      </trkpt>
      <trkpt lat="45.13574" lon="-72.774952">
        <ele>182.5</ele>
      </trkpt>
      <trkpt lat="45.135735" lon="-72.773683">
        <ele>180.5</ele>
      </trkpt>
      <trkpt lat="45.13573" lon="-72.772414">
        <ele>175.6</ele>
      </trkpt>
      <trkpt lat="45.135725" lon="-72.771144">
        <ele>175</ele>
      </trkpt>
      <trkpt lat="45.13572" lon="-72.769875">
        <ele>180.6</ele>
      </trkpt>
      <trkpt lat="45.135715" lon="-72.768606">
        <ele>181.9</ele>
      </trkpt>
      <trkpt lat="45.13571" lon="-72.767337">
        <ele>183.3</ele>
      </trkpt>
      <trkpt lat="45.135705" lon="-72.766067">
        <ele>187</ele>
      </trkpt>
      <trkpt lat="45.1357" lon="-72.764798">
        <ele>193.5</ele>
      </trkpt>
      <trkpt lat="45.135695" lon="-72.763529">
        <ele>196</ele>
      </trkpt>
      <trkpt lat="45.13569" lon="-72.76226">
        <ele>194.8</ele>
      </trkpt>
      <trkpt lat="45.13575" lon="-72.7615">
        <ele>193.5</ele>
      </trkpt>
      <trkpt lat="45.13579" lon="-72.76119">
        <ele>193.6</ele>
      </trkpt>
      <trkpt lat="45.13592" lon="-72.76092">
        <ele>193.6</ele>
      </trkpt>
      <trkpt lat="45.13608" lon="-72.76061">
        <ele>193.6</ele>
      </trkpt>
      <trkpt lat="45.13637" lon="-72.76016">
        <ele>192.5</ele>
      </trkpt>
      <trkpt lat="45.13692" lon="-72.759515">
        <ele>190</ele>
      </trkpt>
      <trkpt lat="45.13747" lon="-72.75887">
        <ele>186.2</ele>
      </trkpt>
      <trkpt lat="45.13767" lon="-72.75859">
        <ele>185.5</ele>
      </trkpt>
      <trkpt lat="45.13788" lon="-72.75819">
        <ele>185</ele>
      </trkpt>
      <trkpt lat="45.13814" lon="-72.75763">
        <ele>183.2</ele>
      </trkpt>
      <trkpt lat="45.1384" lon="-72.75707">
        <ele>179.4</ele>
      </trkpt>
      <trkpt lat="45.138695" lon="-72.756335">
        <ele>178</ele>
      </trkpt>
      <trkpt lat="45.13899" lon="-72.7556">
        <ele>177.6</ele>
      </trkpt>
      <trkpt lat="45.139345" lon="-72.75486">
        <ele>179.4</ele>
      </trkpt>
      <trkpt lat="45.1397" lon="-72.75412">
        <ele>182.5</ele>
      </trkpt>
      <trkpt lat="45.14027" lon="-72.75457">
        <ele>181.9</ele>
      </trkpt>
      <trkpt lat="45.14048" lon="-72.75467">
        <ele>181.3</ele>
      </trkpt>
      <trkpt lat="45.14071" lon="-72.75475">
        <ele>181.3</ele>
      </trkpt>
      <trkpt lat="45.14092" lon="-72.75479">
        <ele>181.7</ele>
      </trkpt>
      <trkpt lat="45.1412" lon="-72.75479">
        <ele>182.7</ele>
      </trkpt>
      <trkpt lat="45.142079" lon="-72.754763">
        <ele>180.5</ele>
      </trkpt>
      <trkpt lat="45.142959" lon="-72.754736">
        <ele>175.2</ele>
      </trkpt>
      <trkpt lat="45.14384" lon="-72.75471">
        <ele>172.5</ele>
      </trkpt>
      <trkpt lat="45.14403" lon="-72.7547">
        <ele>172.3</ele>
      </trkpt>
      <trkpt lat="45.14428" lon="-72.75461">
        <ele>172.3</ele>
      </trkpt>
      <trkpt lat="45.14428" lon="-72.75462">
        <ele>172.3</ele>
      </trkpt>
      <trkpt lat="45.14466" lon="-72.75449">
        <ele>172.5</ele>
      </trkpt>
      <trkpt lat="45.1449" lon="-72.75446">
        <ele>172.3</ele>
      </trkpt>
      <trkpt lat="45.145777" lon="-72.754424">
        <ele>168</ele>
      </trkpt>
      <trkpt lat="45.146654" lon="-72.754389">
        <ele>171</ele>
      </trkpt>
      <trkpt lat="45.147531" lon="-72.754353">
        <ele>175.8</ele>
      </trkpt>
      <trkpt lat="45.148409" lon="-72.754318">
        <ele>180.7</ele>
      </trkpt>
      <trkpt lat="45.149286" lon="-72.754282">
        <ele>182.5</ele>
      </trkpt>
      <trkpt lat="45.150163" lon="-72.754247">
        <ele>189.9</ele>
      </trkpt>
      <trkpt lat="45.15104" lon="-72.754211">
        <ele>195.7</ele>
      </trkpt>
      <trkpt lat="45.151918" lon="-72.754176">
        <ele>204.9</ele>
      </trkpt>
      <trkpt lat="45.152795" lon="-72.75414">
        <ele>212</ele>
      </trkpt>
      <trkpt lat="45.153672" lon="-72.754105">
        <ele>218.3</ele>
      </trkpt>
      <trkpt lat="45.15455" lon="-72.75407">
        <ele>229.7</ele>
      </trkpt>
      <trkpt lat="45.15491" lon="-72.75403">
        <ele>232.4</ele>
      </trkpt>
      <trkpt lat="45.15511" lon="-72.75398">
        <ele>233.3</ele>
      </trkpt>
      <trkpt lat="45.15527" lon="-72.75385">
        <ele>234.2</ele>
      </trkpt>
      <trkpt lat="45.155615" lon="-72.753405">
        <ele>235.7</ele>
      </trkpt>
      <trkpt lat="45.15596" lon="-72.75296">
        <ele>236.4</ele>
      </trkpt>
      <trkpt lat="45.15659" lon="-72.75228">
        <ele>238.3</ele>
      </trkpt>
      <trkpt lat="45.157125" lon="-72.75179">
        <ele>235.1</ele>
      </trkpt>
      <trkpt lat="45.15766" lon="-72.7513">
        <ele>228.9</ele>
      </trkpt>
      <trkpt lat="45.15843" lon="-72.75067">
        <ele>218.3</ele>
      </trkpt>
      <trkpt lat="45.1586" lon="-72.75058">
        <ele>216.9</ele>
      </trkpt>
      <trkpt lat="45.1588" lon="-72.75049">
        <ele>215.1</ele>
      </trkpt>
      <trkpt lat="45.15959" lon="-72.7504">
        <ele>212.5</ele>
      </trkpt>
      <trkpt lat="45.1604" lon="-72.750444">
        <ele>211.4</ele>
      </trkpt>
      <trkpt lat="45.16121" lon="-72.75049">
        <ele>205.8</ele>
      </trkpt>
      <trkpt lat="45.16144" lon="-72.75047">
        <ele>204.3</ele>
      </trkpt>
      <trkpt lat="45.162064" lon="-72.750465">
        <ele>202.8</ele>
      </trkpt>
      <trkpt lat="45.16269" lon="-72.75046">
        <ele>201.9</ele>
      </trkpt>
      <trkpt lat="45.16301" lon="-72.75054">
        <ele>201.5</ele>
      </trkpt>
      <trkpt lat="45.16315" lon="-72.75063">
        <ele>201</ele>
      </trkpt>
      <trkpt lat="45.1633" lon="-72.75076">
        <ele>200.7</ele>
      </trkpt>
      <trkpt lat="45.16363" lon="-72.75129">
        <ele>198.1</ele>
      </trkpt>
      <trkpt lat="45.16377" lon="-72.75158">
        <ele>194.9</ele>
      </trkpt>
      <trkpt lat="45.16387" lon="-72.75189">
        <ele>191.9</ele>
      </trkpt>
      <trkpt lat="45.16395" lon="-72.75224">
        <ele>188.4</ele>
      </trkpt>
      <trkpt lat="45.164132" lon="-72.753189">
        <ele>178.1</ele>
      </trkpt>
      <trkpt lat="45.164315" lon="-72.754139">
        <ele>172.9</ele>
      </trkpt>
      <trkpt lat="45.164497" lon="-72.755089">
        <ele>170</ele>
      </trkpt>
      <trkpt lat="45.16468" lon="-72.75604">
        <ele>167.7</ele>
      </trkpt>
      <trkpt lat="45.16487" lon="-72.757075">
        <ele>166.6</ele>
      </trkpt>
      <trkpt lat="45.16506" lon="-72.758111">
        <ele>163.1</ele>
      </trkpt>
      <trkpt lat="45.16525" lon="-72.759147">
        <ele>157.9</ele>
      </trkpt>
      <trkpt lat="45.16544" lon="-72.760183">
        <ele>156.6</ele>
      </trkpt>
      <trkpt lat="45.16563" lon="-72.76122">
        <ele>155.9</ele>
      </trkpt>
      <trkpt lat="45.166176" lon="-72.76048">
        <ele>154.8</ele>
      </trkpt>
      <trkpt lat="45.166722" lon="-72.75974">
        <ele>154.3</ele>
      </trkpt>
      <trkpt lat="45.167268" lon="-72.759">
        <ele>154.3</ele>
      </trkpt>
      <trkpt lat="45.167814" lon="-72.75826">
        <ele>154.4</ele>
      </trkpt>
      <trkpt lat="45.16836" lon="-72.75752">
        <ele>154.5</ele>
      </trkpt>
      <trkpt lat="45.16885" lon="-72.75689">
        <ele>154.6</ele>
      </trkpt>
      <trkpt lat="45.16949" lon="-72.75613">
        <ele>154.3</ele>
      </trkpt>
      <trkpt lat="45.17001" lon="-72.75559">
        <ele>153.1</ele>
      </trkpt>
      <trkpt lat="45.17041" lon="-72.755195">
        <ele>152.1</ele>
      </trkpt>
      <trkpt lat="45.17081" lon="-72.7548">
        <ele>151.4</ele>
      </trkpt>
      <trkpt lat="45.17136" lon="-72.75431">
        <ele>148.4</ele>
      </trkpt>
      <trkpt lat="45.17198" lon="-72.7538">
        <ele>146.1</ele>
      </trkpt>
      <trkpt lat="45.17267" lon="-72.75331">
        <ele>143.8</ele>
      </trkpt>
      <trkpt lat="45.1731" lon="-72.75304">
        <ele>142.8</ele>
      </trkpt>
      <trkpt lat="45.17353" lon="-72.75277">
        <ele>141.5</ele>
      </trkpt>
      <trkpt lat="45.17408" lon="-72.75243">
        <ele>140.9</ele>
      </trkpt>
      <trkpt lat="45.17475" lon="-72.75193">
        <ele>139.5</ele>
      </trkpt>
      <trkpt lat="45.17515" lon="-72.751435">
        <ele>139.3</ele>
      </trkpt>
      <trkpt lat="45.17555" lon="-72.75094">
        <ele>140</ele>
      </trkpt>
      <trkpt lat="45.17606" lon="-72.750196">
        <ele>142.3</ele>
      </trkpt>
      <trkpt lat="45.17657" lon="-72.749453">
        <ele>146.2</ele>
      </trkpt>
      <trkpt lat="45.17708" lon="-72.74871">
        <ele>150.5</ele>
      </trkpt>
      <trkpt lat="45.17728" lon="-72.74839">
        <ele>152.3</ele>
      </trkpt>
      <trkpt lat="45.17776" lon="-72.74741">
        <ele>155</ele>
      </trkpt>
      <trkpt lat="45.178208" lon="-72.74646">
        <ele>150.3</ele>
      </trkpt>
      <trkpt lat="45.178656" lon="-72.74551">
        <ele>149.5</ele>
      </trkpt>
      <trkpt lat="45.179105" lon="-72.74456">
        <ele>149.3</ele>
      </trkpt>
      <trkpt lat="45.179553" lon="-72.74361">
        <ele>143.9</ele>
      </trkpt>
      <trkpt lat="45.180001" lon="-72.74266">
        <ele>137.5</ele>
      </trkpt>
      <trkpt lat="45.18045" lon="-72.74171">
        <ele>136</ele>
      </trkpt>
      <trkpt lat="45.18045" lon="-72.74172">
        <ele>136</ele>
      </trkpt>
      <trkpt lat="45.18094" lon="-72.74074">
        <ele>134.5</ele>
      </trkpt>
      <trkpt lat="45.18107" lon="-72.74042">
        <ele>135.1</ele>
      </trkpt>
      <trkpt lat="45.18118" lon="-72.74023">
        <ele>135.5</ele>
      </trkpt>
      <trkpt lat="45.18142" lon="-72.73988">
        <ele>137.5</ele>
      </trkpt>
      <trkpt lat="45.181925" lon="-72.739345">
        <ele>138.2</ele>
      </trkpt>
      <trkpt lat="45.18243" lon="-72.73881">
        <ele>138</ele>
      </trkpt>
      <trkpt lat="45.18267" lon="-72.73854">
        <ele>137.3</ele>
      </trkpt>
      <trkpt lat="45.18303" lon="-72.738">
        <ele>134.7</ele>
      </trkpt>
      <trkpt lat="45.18315" lon="-72.73778">
        <ele>133.9</ele>
      </trkpt>
      <trkpt lat="45.18344" lon="-72.73722">
        <ele>132.2</ele>
      </trkpt>
      <trkpt lat="45.18373" lon="-72.73666">
        <ele>132.3</ele>
      </trkpt>
      <trkpt lat="45.184076" lon="-72.735853">
        <ele>136</ele>
      </trkpt>
      <trkpt lat="45.184423" lon="-72.735046">
        <ele>140.6</ele>
      </trkpt>
      <trkpt lat="45.18477" lon="-72.73424">
        <ele>146.1</ele>
      </trkpt>
      <trkpt lat="45.18526" lon="-72.733275">
        <ele>149.6</ele>
      </trkpt>
      <trkpt lat="45.18575" lon="-72.73231">
        <ele>151.4</ele>
      </trkpt>
      <trkpt lat="45.18619" lon="-72.731265">
        <ele>149.8</ele>
      </trkpt>
      <trkpt lat="45.18663" lon="-72.73022">
        <ele>149.1</ele>
      </trkpt>
      <trkpt lat="45.18707" lon="-72.72924">
        <ele>149.2</ele>
      </trkpt>
      <trkpt lat="45.18721" lon="-72.72896">
        <ele>149.3</ele>
      </trkpt>
      <trkpt lat="45.18741" lon="-72.72865">
        <ele>149.7</ele>
      </trkpt>
      <trkpt lat="45.18789" lon="-72.727955">
        <ele>151.4</ele>
      </trkpt>
      <trkpt lat="45.18837" lon="-72.72726">
        <ele>152.3</ele>
      </trkpt>
      <trkpt lat="45.18895" lon="-72.72654">
        <ele>152.7</ele>
      </trkpt>
      <trkpt lat="45.18924" lon="-72.72623">
        <ele>152.7</ele>
      </trkpt>
      <trkpt lat="45.189775" lon="-72.725715">
        <ele>152.9</ele>
      </trkpt>
      <trkpt lat="45.19031" lon="-72.7252">
        <ele>152.8</ele>
      </trkpt>
      <trkpt lat="45.19095" lon="-72.72461">
        <ele>152.9</ele>
      </trkpt>
      <trkpt lat="45.19147" lon="-72.72417">
        <ele>154.9</ele>
      </trkpt>
      <trkpt lat="45.19176" lon="-72.72395">
        <ele>155.3</ele>
      </trkpt>
      <trkpt lat="45.19234" lon="-72.72364">
        <ele>153.4</ele>
      </trkpt>
      <trkpt lat="45.19277" lon="-72.72328">
        <ele>150.5</ele>
      </trkpt>
      <trkpt lat="45.19338" lon="-72.72268">
        <ele>149.7</ele>
      </trkpt>
      <trkpt lat="45.19405" lon="-72.722127">
        <ele>150</ele>
      </trkpt>
      <trkpt lat="45.19472" lon="-72.721575">
        <ele>148.2</ele>
      </trkpt>
      <trkpt lat="45.19539" lon="-72.721022">
        <ele>146.5</ele>
      </trkpt>
      <trkpt lat="45.19606" lon="-72.72047">
        <ele>145.1</ele>
      </trkpt>
      <trkpt lat="45.19605" lon="-72.72047">
        <ele>145.1</ele>
      </trkpt>
      <trkpt lat="45.19656" lon="-72.72006">
        <ele>144.4</ele>
      </trkpt>
      <trkpt lat="45.19707" lon="-72.71965">
        <ele>142.8</ele>
      </trkpt>
      <trkpt lat="45.19728" lon="-72.71943">
        <ele>142.5</ele>
      </trkpt>
      <trkpt lat="45.19748" lon="-72.71916">
        <ele>142.1</ele>
      </trkpt>
      <trkpt lat="45.19758" lon="-72.71898">
        <ele>142</ele>
      </trkpt>
      <trkpt lat="45.1977" lon="-72.71869">
        <ele>142</ele>
      </trkpt>
      <trkpt lat="45.198125" lon="-72.71758">
        <ele>139.7</ele>
      </trkpt>
      <trkpt lat="45.19855" lon="-72.71647">
        <ele>136.7</ele>
      </trkpt>
      <trkpt lat="45.19872" lon="-72.71592">
        <ele>136.3</ele>
      </trkpt>
      <trkpt lat="45.19892" lon="-72.71518">
        <ele>135.1</ele>
      </trkpt>
      <trkpt lat="45.19903" lon="-72.71468">
        <ele>134.4</ele>
      </trkpt>
      <trkpt lat="45.19922" lon="-72.713625">
        <ele>133.7</ele>
      </trkpt>
      <trkpt lat="45.19941" lon="-72.71257">
        <ele>133.4</ele>
      </trkpt>
      <trkpt lat="45.19947" lon="-72.712">
        <ele>133.5</ele>
      </trkpt>
      <trkpt lat="45.19945" lon="-72.71141">
        <ele>133.6</ele>
      </trkpt>
      <trkpt lat="45.19941" lon="-72.71105">
        <ele>133.5</ele>
      </trkpt>
      <trkpt lat="45.1992" lon="-72.710219">
        <ele>133.8</ele>
      </trkpt>
      <trkpt lat="45.19899" lon="-72.70939">
        <ele>134.6</ele>
      </trkpt>
      <trkpt lat="45.19882" lon="-72.70877">
        <ele>136.3</ele>
      </trkpt>
      <trkpt lat="45.19871" lon="-72.70845">
        <ele>137</ele>
      </trkpt>
      <trkpt lat="45.19864" lon="-72.70832">
        <ele>137.4</ele>
      </trkpt>
      <trkpt lat="45.19836" lon="-72.70787">
        <ele>139.5</ele>
      </trkpt>
      <trkpt lat="45.19799" lon="-72.707424">
        <ele>143.3</ele>
      </trkpt>
      <trkpt lat="45.19762" lon="-72.70698">
        <ele>147.5</ele>
      </trkpt>
      <trkpt lat="45.19723" lon="-72.7064">
        <ele>151.7</ele>
      </trkpt>
      <trkpt lat="45.19696" lon="-72.7059">
        <ele>154.8</ele>
      </trkpt>
      <trkpt lat="45.1967" lon="-72.70532">
        <ele>156.5</ele>
      </trkpt>
      <trkpt lat="45.19655" lon="-72.70507">
        <ele>156.6</ele>
      </trkpt>
      <trkpt lat="45.19636" lon="-72.70478">
        <ele>156.6</ele>
      </trkpt>
      <trkpt lat="45.19586" lon="-72.70435">
        <ele>157.1</ele>
      </trkpt>
      <trkpt lat="45.19511" lon="-72.70384">
        <ele>156.6</ele>
      </trkpt>
      <trkpt lat="45.1946" lon="-72.70345">
        <ele>155.1</ele>
      </trkpt>
      <trkpt lat="45.19431" lon="-72.70327">
        <ele>154.1</ele>
      </trkpt>
      <trkpt lat="45.193625" lon="-72.702994">
        <ele>151.9</ele>
      </trkpt>
      <trkpt lat="45.19294" lon="-72.70272">
        <ele>151.9</ele>
      </trkpt>
      <trkpt lat="45.19264" lon="-72.70251">
        <ele>152.6</ele>
      </trkpt>
      <trkpt lat="45.19206" lon="-72.70196">
        <ele>152.1</ele>
      </trkpt>
      <trkpt lat="45.19174" lon="-72.7016">
        <ele>150.4</ele>
      </trkpt>
      <trkpt lat="45.19137" lon="-72.70113">
        <ele>149.4</ele>
      </trkpt>
      <trkpt lat="45.19114" lon="-72.70081">
        <ele>149.3</ele>
      </trkpt>
      <trkpt lat="45.19089" lon="-72.70044">
        <ele>149.2</ele>
      </trkpt>
      <trkpt lat="45.19046" lon="-72.69985">
        <ele>148</ele>
      </trkpt>
      <trkpt lat="45.19011" lon="-72.699429">
        <ele>146.3</ele>
      </trkpt>
      <trkpt lat="45.18976" lon="-72.69901">
        <ele>145.2</ele>
      </trkpt>
      <trkpt lat="45.18982" lon="-72.69829">
        <ele>141.1</ele>
      </trkpt>
      <trkpt lat="45.18992" lon="-72.69745">
        <ele>134</ele>
      </trkpt>
      <trkpt lat="45.19" lon="-72.69713">
        <ele>132.7</ele>
      </trkpt>
      <trkpt lat="45.19036" lon="-72.69642">
        <ele>127.4</ele>
      </trkpt>
      <trkpt lat="45.190825" lon="-72.69534">
        <ele>122.8</ele>
      </trkpt>
      <trkpt lat="45.19129" lon="-72.69426">
        <ele>125.3</ele>
      </trkpt>
      <trkpt lat="45.19137" lon="-72.69395">
        <ele>126</ele>
      </trkpt>
      <trkpt lat="45.19142" lon="-72.69297">
        <ele>130.8</ele>
      </trkpt>
      <trkpt lat="45.19141" lon="-72.69189">
        <ele>133.7</ele>
      </trkpt>
      <trkpt lat="45.191313" lon="-72.690983">
        <ele>135.9</ele>
      </trkpt>
      <trkpt lat="45.191216" lon="-72.690076">
        <ele>139</ele>
      </trkpt>
      <trkpt lat="45.19112" lon="-72.68917">
        <ele>145.3</ele>
      </trkpt>
      <trkpt lat="45.19105" lon="-72.68879">
        <ele>146.7</ele>
      </trkpt>
      <trkpt lat="45.19097" lon="-72.68849">
        <ele>147.3</ele>
      </trkpt>
      <trkpt lat="45.1908" lon="-72.68804">
        <ele>150.3</ele>
      </trkpt>
      <trkpt lat="45.19075" lon="-72.68778">
        <ele>151.9</ele>
      </trkpt>
      <trkpt lat="45.19072" lon="-72.6872">
        <ele>155</ele>
      </trkpt>
      <trkpt lat="45.190665" lon="-72.686554">
        <ele>157.6</ele>
      </trkpt>
      <trkpt lat="45.19061" lon="-72.68591">
        <ele>158.1</ele>
      </trkpt>
      <trkpt lat="45.190513" lon="-72.684824">
        <ele>157.1</ele>
      </trkpt>
      <trkpt lat="45.190416" lon="-72.683739">
        <ele>154</ele>
      </trkpt>
      <trkpt lat="45.19032" lon="-72.682654">
        <ele>150</ele>
      </trkpt>
      <trkpt lat="45.190223" lon="-72.681569">
        <ele>146.8</ele>
      </trkpt>
      <trkpt lat="45.190126" lon="-72.680484">
        <ele>142</ele>
      </trkpt>
      <trkpt lat="45.19003" lon="-72.6794">
        <ele>142.1</ele>
      </trkpt>
      <trkpt lat="45.189925" lon="-72.678254">
        <ele>143.8</ele>
      </trkpt>
      <trkpt lat="45.18982" lon="-72.67711">
        <ele>148.5</ele>
      </trkpt>
      <trkpt lat="45.18973" lon="-72.67644">
        <ele>153.3</ele>
      </trkpt>
      <trkpt lat="45.18972" lon="-72.67559">
        <ele>160.4</ele>
      </trkpt>
      <trkpt lat="45.1897" lon="-72.67529">
        <ele>162</ele>
      </trkpt>
      <trkpt lat="45.18961" lon="-72.67474">
        <ele>163.5</ele>
      </trkpt>
      <trkpt lat="45.1895" lon="-72.67424">
        <ele>164.3</ele>
      </trkpt>
      <trkpt lat="45.189433" lon="-72.673273">
        <ele>165.3</ele>
      </trkpt>
      <trkpt lat="45.189366" lon="-72.672306">
        <ele>163.2</ele>
      </trkpt>
      <trkpt lat="45.1893" lon="-72.67134">
        <ele>160.3</ele>
      </trkpt>
      <trkpt lat="45.1893" lon="-72.67112">
        <ele>160.1</ele>
      </trkpt>
      <trkpt lat="45.18933" lon="-72.67093">
        <ele>160.1</ele>
      </trkpt>
      <trkpt lat="45.18945" lon="-72.67031">
        <ele>161.6</ele>
      </trkpt>
      <trkpt lat="45.18955" lon="-72.67">
        <ele>163.3</ele>
      </trkpt>
      <trkpt lat="45.18957" lon="-72.66973">
        <ele>165.6</ele>
      </trkpt>
      <trkpt lat="45.18956" lon="-72.66959">
        <ele>165.6</ele>
      </trkpt>
      <trkpt lat="45.18948" lon="-72.66936">
        <ele>167.5</ele>
      </trkpt>
      <trkpt lat="45.18937" lon="-72.66914">
        <ele>169.1</ele>
      </trkpt>
      <trkpt lat="45.18923" lon="-72.66878">
        <ele>170.9</ele>
      </trkpt>
      <trkpt lat="45.18921" lon="-72.66852">
        <ele>171.6</ele>
      </trkpt>
      <trkpt lat="45.18919" lon="-72.667674">
        <ele>169</ele>
      </trkpt>
      <trkpt lat="45.18917" lon="-72.66683">
        <ele>164.3</ele>
      </trkpt>
      <trkpt lat="45.18945" lon="-72.6669">
        <ele>162.1</ele>
      </trkpt>
      <trkpt lat="45.18967" lon="-72.66691">
        <ele>161.4</ele>
      </trkpt>
      <trkpt lat="45.18993" lon="-72.66691">
        <ele>160.6</ele>
      </trkpt>
      <trkpt lat="45.19048" lon="-72.66682">
        <ele>160</ele>
      </trkpt>
      <trkpt lat="45.1908" lon="-72.66673">
        <ele>160.4</ele>
      </trkpt>
      <trkpt lat="45.19114" lon="-72.66659">
        <ele>161.1</ele>
      </trkpt>
      <trkpt lat="45.19153" lon="-72.66637">
        <ele>162</ele>
      </trkpt>
      <trkpt lat="45.19189" lon="-72.66614">
        <ele>162.4</ele>
      </trkpt>
      <trkpt lat="45.19262" lon="-72.66558">
        <ele>162.1</ele>
      </trkpt>
      <trkpt lat="45.19335" lon="-72.66502">
        <ele>161.5</ele>
      </trkpt>
      <trkpt lat="45.19383" lon="-72.66467">
        <ele>161.4</ele>
      </trkpt>
      <trkpt lat="45.19417" lon="-72.66444">
        <ele>161.7</ele>
      </trkpt>
      <trkpt lat="45.19492" lon="-72.66404">
        <ele>163.2</ele>
      </trkpt>
      <trkpt lat="45.195435" lon="-72.66379">
        <ele>164</ele>
      </trkpt>
      <trkpt lat="45.19595" lon="-72.66354">
        <ele>163.3</ele>
      </trkpt>
      <trkpt lat="45.19594" lon="-72.66354">
        <ele>163.3</ele>
      </trkpt>
      <trkpt lat="45.196627" lon="-72.6632">
        <ele>159.9</ele>
      </trkpt>
      <trkpt lat="45.197315" lon="-72.66286">
        <ele>158.1</ele>
      </trkpt>
      <trkpt lat="45.198002" lon="-72.66252">
        <ele>157.5</ele>
      </trkpt>
      <trkpt lat="45.19869" lon="-72.66218">
        <ele>158.4</ele>
      </trkpt>
      <trkpt lat="45.19868" lon="-72.66149">
        <ele>159.3</ele>
      </trkpt>
      <trkpt lat="45.19872" lon="-72.661">
        <ele>160.1</ele>
      </trkpt>
      <trkpt lat="45.198805" lon="-72.66024">
        <ele>161.6</ele>
      </trkpt>
      <trkpt lat="45.19889" lon="-72.65948">
        <ele>163.9</ele>
      </trkpt>
      <trkpt lat="45.19814" lon="-72.659339">
        <ele>168.2</ele>
      </trkpt>
      <trkpt lat="45.19739" lon="-72.6592">
        <ele>173.9</ele>
      </trkpt>
      <trkpt lat="45.19719" lon="-72.65912">
        <ele>174.6</ele>
      </trkpt>
      <trkpt lat="45.19696" lon="-72.65894">
        <ele>177.5</ele>
      </trkpt>
      <trkpt lat="45.19683" lon="-72.6588">
        <ele>178.6</ele>
      </trkpt>
      <trkpt lat="45.19666" lon="-72.65847">
        <ele>181.1</ele>
      </trkpt>
      <trkpt lat="45.19646" lon="-72.65804">
        <ele>183.9</ele>
      </trkpt>
      <trkpt lat="45.19624" lon="-72.657414">
        <ele>185.2</ele>
      </trkpt>
      <trkpt lat="45.19602" lon="-72.65679">
        <ele>185.1</ele>
      </trkpt>
      <trkpt lat="45.19571" lon="-72.65598">
        <ele>183.8</ele>
      </trkpt>
      <trkpt lat="45.19562" lon="-72.65566">
        <ele>182.7</ele>
      </trkpt>
      <trkpt lat="45.19539" lon="-72.655059">
        <ele>179.2</ele>
      </trkpt>
      <trkpt lat="45.19516" lon="-72.65446">
        <ele>176</ele>
      </trkpt>
      <trkpt lat="45.19495" lon="-72.65388">
        <ele>174.3</ele>
      </trkpt>
      <trkpt lat="45.19462" lon="-72.652939">
        <ele>173.3</ele>
      </trkpt>
      <trkpt lat="45.19429" lon="-72.652">
        <ele>169.8</ele>
      </trkpt>
      <trkpt lat="45.19401" lon="-72.65106">
        <ele>167.1</ele>
      </trkpt>
      <trkpt lat="45.194773" lon="-72.651021">
        <ele>166.9</ele>
      </trkpt>
      <trkpt lat="45.195536" lon="-72.650983">
        <ele>169.2</ele>
      </trkpt>
      <trkpt lat="45.1963" lon="-72.650945">
        <ele>170.1</ele>
      </trkpt>
      <trkpt lat="45.197063" lon="-72.650906">
        <ele>172</ele>
      </trkpt>
      <trkpt lat="45.197826" lon="-72.650868">
        <ele>172.7</ele>
      </trkpt>
      <trkpt lat="45.19859" lon="-72.65083">
        <ele>173.6</ele>
      </trkpt>
      <trkpt lat="45.19924" lon="-72.650773">
        <ele>174.9</ele>
      </trkpt>
      <trkpt lat="45.19989" lon="-72.650716">
        <ele>179.6</ele>
      </trkpt>
      <trkpt lat="45.20054" lon="-72.65066">
        <ele>182.8</ele>
      </trkpt>
      <trkpt lat="45.201236" lon="-72.650646">
        <ele>183.6</ele>
      </trkpt>
      <trkpt lat="45.201933" lon="-72.650633">
        <ele>184.7</ele>
      </trkpt>
      <trkpt lat="45.20263" lon="-72.65062">
        <ele>186.9</ele>
      </trkpt>
      <trkpt lat="45.20262" lon="-72.65062">
        <ele>186.9</ele>
      </trkpt>
      <trkpt lat="45.20304" lon="-72.65061">
        <ele>188.6</ele>
      </trkpt>
      <trkpt lat="45.203885" lon="-72.650555">
        <ele>187</ele>
      </trkpt>
      <trkpt lat="45.20473" lon="-72.6505">
        <ele>185.2</ele>
      </trkpt>
      <trkpt lat="45.205574" lon="-72.650445">
        <ele>183.3</ele>
      </trkpt>
      <trkpt lat="45.20642" lon="-72.65039">
        <ele>184.3</ele>
      </trkpt>
      <trkpt lat="45.20682" lon="-72.65042">
        <ele>184.8</ele>
      </trkpt>
      <trkpt lat="45.20743" lon="-72.650405">
        <ele>186.9</ele>
      </trkpt>
      <trkpt lat="45.20804" lon="-72.65039">
        <ele>189.8</ele>
      </trkpt>
      <trkpt lat="45.20826" lon="-72.65042">
        <ele>190.3</ele>
      </trkpt>
      <trkpt lat="45.20858" lon="-72.65039">
        <ele>190.7</ele>
      </trkpt>
      <trkpt lat="45.20873" lon="-72.65035">
        <ele>190.5</ele>
      </trkpt>
      <trkpt lat="45.20958" lon="-72.650255">
        <ele>187.8</ele>
      </trkpt>
      <trkpt lat="45.21043" lon="-72.65016">
        <ele>182.1</ele>
      </trkpt>
      <trkpt lat="45.21061" lon="-72.65011">
        <ele>181.3</ele>
      </trkpt>
      <trkpt lat="45.21068" lon="-72.65007">
        <ele>181</ele>
      </trkpt>
      <trkpt lat="45.21098" lon="-72.64981">
        <ele>179.9</ele>
      </trkpt>
      <trkpt lat="45.21116" lon="-72.64971">
        <ele>179.3</ele>
      </trkpt>
      <trkpt lat="45.211925" lon="-72.649265">
        <ele>177.3</ele>
      </trkpt>
      <trkpt lat="45.21269" lon="-72.64882">
        <ele>172.1</ele>
      </trkpt>
      <trkpt lat="45.213455" lon="-72.648375">
        <ele>165.1</ele>
      </trkpt>
      <trkpt lat="45.21422" lon="-72.64793">
        <ele>166</ele>
      </trkpt>
      <trkpt lat="45.214873" lon="-72.647543">
        <ele>171.1</ele>
      </trkpt>
      <trkpt lat="45.215526" lon="-72.647156">
        <ele>176.6</ele>
      </trkpt>
      <trkpt lat="45.21618" lon="-72.64677">
        <ele>183.3</ele>
      </trkpt>
      <trkpt lat="45.216873" lon="-72.64638">
        <ele>186.3</ele>
      </trkpt>
      <trkpt lat="45.217566" lon="-72.64599">
        <ele>188.4</ele>
      </trkpt>
      <trkpt lat="45.21826" lon="-72.6456">
        <ele>191.1</ele>
      </trkpt>
      <trkpt lat="45.21903" lon="-72.6452">
        <ele>193.1</ele>
      </trkpt>
      <trkpt lat="45.2198" lon="-72.6448">
        <ele>194.9</ele>
      </trkpt>
      <trkpt lat="45.2198" lon="-72.64481">
        <ele>194.8</ele>
      </trkpt>
      <trkpt lat="45.22036" lon="-72.64452">
        <ele>198.6</ele>
      </trkpt>
      <trkpt lat="45.221066" lon="-72.64417">
        <ele>203.6</ele>
      </trkpt>
      <trkpt lat="45.221773" lon="-72.64382">
        <ele>209.1</ele>
      </trkpt>
      <trkpt lat="45.22248" lon="-72.64347">
        <ele>215.2</ele>
      </trkpt>
      <trkpt lat="45.22267" lon="-72.64242">
        <ele>214.1</ele>
      </trkpt>
      <trkpt lat="45.2228" lon="-72.6418">
        <ele>215.9</ele>
      </trkpt>
      <trkpt lat="45.22293" lon="-72.6413">
        <ele>218.9</ele>
      </trkpt>
      <trkpt lat="45.22315" lon="-72.64071">
        <ele>224.5</ele>
      </trkpt>
      <trkpt lat="45.22329" lon="-72.64041">
        <ele>225.5</ele>
      </trkpt>
      <trkpt lat="45.22386" lon="-72.63952">
        <ele>229.7</ele>
      </trkpt>
      <trkpt lat="45.22433" lon="-72.638885">
        <ele>227.9</ele>
      </trkpt>
      <trkpt lat="45.2248" lon="-72.63825">
        <ele>229.1</ele>
      </trkpt>
      <trkpt lat="45.22488" lon="-72.63812">
        <ele>229.1</ele>
      </trkpt>
      <trkpt lat="45.22497" lon="-72.63781">
        <ele>228.4</ele>
      </trkpt>
      <trkpt lat="45.22499" lon="-72.63767">
        <ele>228.4</ele>
      </trkpt>
      <trkpt lat="45.22498" lon="-72.63699">
        <ele>226.5</ele>
      </trkpt>
      <trkpt lat="45.22495" lon="-72.636234">
        <ele>225.8</ele>
      </trkpt>
      <trkpt lat="45.22492" lon="-72.63548">
        <ele>225.4</ele>
      </trkpt>
      <trkpt lat="45.224855" lon="-72.634269">
        <ele>224.1</ele>
      </trkpt>
      <trkpt lat="45.22479" lon="-72.63306">
        <ele>223</ele>
      </trkpt>
      <trkpt lat="45.22477" lon="-72.632415">
        <ele>222.9</ele>
      </trkpt>
      <trkpt lat="45.22475" lon="-72.63177">
        <ele>221.6</ele>
      </trkpt>
      <trkpt lat="45.225619" lon="-72.63177">
        <ele>222.2</ele>
      </trkpt>
      <trkpt lat="45.22649" lon="-72.63177">
        <ele>224.2</ele>
      </trkpt>
      <trkpt lat="45.226955" lon="-72.631765">
        <ele>226.3</ele>
      </trkpt>
      <trkpt lat="45.22742" lon="-72.63176">
        <ele>230.2</ele>
      </trkpt>
      <trkpt lat="45.22771" lon="-72.63172">
        <ele>231.8</ele>
      </trkpt>
      <trkpt lat="45.22814" lon="-72.63172">
        <ele>233.7</ele>
      </trkpt>
      <trkpt lat="45.22813" lon="-72.63172">
        <ele>233.6</ele>
      </trkpt>
      <trkpt lat="45.228803" lon="-72.631703">
        <ele>242.1</ele>
      </trkpt>
      <trkpt lat="45.229476" lon="-72.631686">
        <ele>247.5</ele>
      </trkpt>
      <trkpt lat="45.23015" lon="-72.63167">
        <ele>254</ele>
      </trkpt>
      <trkpt lat="45.23027" lon="-72.63172">
        <ele>255</ele>
      </trkpt>
      <trkpt lat="45.23031" lon="-72.6318">
        <ele>255.3</ele>
      </trkpt>
      <trkpt lat="45.23036" lon="-72.63198">
        <ele>255.9</ele>
      </trkpt>
      <trkpt lat="45.23038" lon="-72.63258">
        <ele>256.1</ele>
      </trkpt>
      <trkpt lat="45.230375" lon="-72.633539">
        <ele>262.2</ele>
      </trkpt>
      <trkpt lat="45.23037" lon="-72.6345">
        <ele>272.1</ele>
      </trkpt>
      <trkpt lat="45.230395" lon="-72.635345">
        <ele>279.8</ele>
      </trkpt>
      <trkpt lat="45.23042" lon="-72.63619">
        <ele>284.8</ele>
      </trkpt>
      <trkpt lat="45.23043" lon="-72.63745">
        <ele>286.3</ele>
      </trkpt>
      <trkpt lat="45.23047" lon="-72.63812">
        <ele>292.4</ele>
      </trkpt>
      <trkpt lat="45.2305" lon="-72.638924">
        <ele>296.5</ele>
      </trkpt>
      <trkpt lat="45.23053" lon="-72.63973">
        <ele>298.5</ele>
      </trkpt>
      <trkpt lat="45.23052" lon="-72.64018">
        <ele>299</ele>
      </trkpt>
      <trkpt lat="45.23041" lon="-72.64054">
        <ele>298.4</ele>
      </trkpt>
      <trkpt lat="45.23032" lon="-72.64068">
        <ele>297.4</ele>
      </trkpt>
      <trkpt lat="45.23014" lon="-72.6412">
        <ele>292.8</ele>
      </trkpt>
      <trkpt lat="45.229915" lon="-72.64197">
        <ele>285.1</ele>
      </trkpt>
      <trkpt lat="45.22969" lon="-72.64274">
        <ele>276.2</ele>
      </trkpt>
      <trkpt lat="45.22954" lon="-72.643385">
        <ele>270.9</ele>
      </trkpt>
      <trkpt lat="45.22939" lon="-72.64403">
        <ele>265.8</ele>
      </trkpt>
      <trkpt lat="45.22906" lon="-72.64515">
        <ele>254.4</ele>
      </trkpt>
      <trkpt lat="45.22898" lon="-72.6455">
        <ele>252.6</ele>
      </trkpt>
      <trkpt lat="45.22882" lon="-72.646315">
        <ele>246.1</ele>
      </trkpt>
      <trkpt lat="45.22866" lon="-72.64713">
        <ele>241.1</ele>
      </trkpt>
      <trkpt lat="45.22863" lon="-72.64748">
        <ele>239.2</ele>
      </trkpt>
      <trkpt lat="45.228625" lon="-72.64815">
        <ele>233.3</ele>
      </trkpt>
      <trkpt lat="45.22862" lon="-72.64882">
        <ele>227.5</ele>
      </trkpt>
      <trkpt lat="45.22864" lon="-72.649917">
        <ele>224.7</ele>
      </trkpt>
      <trkpt lat="45.22866" lon="-72.651014">
        <ele>221.6</ele>
      </trkpt>
      <trkpt lat="45.22868" lon="-72.652112">
        <ele>219.8</ele>
      </trkpt>
      <trkpt lat="45.2287" lon="-72.65321">
        <ele>219.3</ele>
      </trkpt>
      <trkpt lat="45.22876" lon="-72.654259">
        <ele>218</ele>
      </trkpt>
      <trkpt lat="45.22882" lon="-72.65531">
        <ele>219.7</ele>
      </trkpt>
      <trkpt lat="45.22885" lon="-72.656004">
        <ele>222.8</ele>
      </trkpt>
      <trkpt lat="45.22888" lon="-72.6567">
        <ele>227.5</ele>
      </trkpt>
      <trkpt lat="45.22887" lon="-72.65733">
        <ele>231.1</ele>
      </trkpt>
      <trkpt lat="45.22897" lon="-72.658596">
        <ele>230.6</ele>
      </trkpt>
      <trkpt lat="45.22907" lon="-72.659863">
        <ele>229.9</ele>
      </trkpt>
      <trkpt lat="45.22917" lon="-72.66113">
        <ele>227.5</ele>
      </trkpt>
      <trkpt lat="45.2293" lon="-72.66226">
        <ele>228.5</ele>
      </trkpt>
      <trkpt lat="45.22936" lon="-72.66238">
        <ele>228.5</ele>
      </trkpt>
      <trkpt lat="45.22943" lon="-72.66247">
        <ele>228.5</ele>
      </trkpt>
      <trkpt lat="45.22986" lon="-72.66279">
        <ele>225.1</ele>
      </trkpt>
      <trkpt lat="45.23006" lon="-72.66288">
        <ele>221.4</ele>
      </trkpt>
      <trkpt lat="45.23013" lon="-72.66296">
        <ele>220.5</ele>
      </trkpt>
      <trkpt lat="45.23021" lon="-72.66318">
        <ele>219.3</ele>
      </trkpt>
      <trkpt lat="45.230315" lon="-72.663969">
        <ele>215.3</ele>
      </trkpt>
      <trkpt lat="45.23042" lon="-72.66476">
        <ele>210.7</ele>
      </trkpt>
      <trkpt lat="45.23053" lon="-72.66579">
        <ele>204.9</ele>
      </trkpt>
      <trkpt lat="45.23052" lon="-72.66641">
        <ele>203.8</ele>
      </trkpt>
      <trkpt lat="45.23058" lon="-72.6673">
        <ele>201.9</ele>
      </trkpt>
      <trkpt lat="45.23063" lon="-72.66759">
        <ele>200.5</ele>
      </trkpt>
      <trkpt lat="45.23087" lon="-72.66854">
        <ele>200.7</ele>
      </trkpt>
      <trkpt lat="45.23102" lon="-72.66852">
        <ele>202.6</ele>
      </trkpt>
      <trkpt lat="45.23156" lon="-72.6683">
        <ele>208.8</ele>
      </trkpt>
      <trkpt lat="45.23184" lon="-72.66826">
        <ele>212</ele>
      </trkpt>
      <trkpt lat="45.23226" lon="-72.66825">
        <ele>209.4</ele>
      </trkpt>
      <trkpt lat="45.23249" lon="-72.6682">
        <ele>206.4</ele>
      </trkpt>
      <trkpt lat="45.23269" lon="-72.66807">
        <ele>202.6</ele>
      </trkpt>
      <trkpt lat="45.23296" lon="-72.66776">
        <ele>198.4</ele>
      </trkpt>
      <trkpt lat="45.23307" lon="-72.66753">
        <ele>196.7</ele>
      </trkpt>
      <trkpt lat="45.23313" lon="-72.66727">
        <ele>194.8</ele>
      </trkpt>
      <trkpt lat="45.23318" lon="-72.66718">
        <ele>194.3</ele>
      </trkpt>
      <trkpt lat="45.23344" lon="-72.66692">
        <ele>193</ele>
      </trkpt>
      <trkpt lat="45.2335" lon="-72.66686">
        <ele>192.7</ele>
      </trkpt>
      <trkpt lat="45.2339" lon="-72.66624">
        <ele>187.5</ele>
      </trkpt>
      <trkpt lat="45.23407" lon="-72.66571">
        <ele>185.7</ele>
      </trkpt>
      <trkpt lat="45.23426" lon="-72.66529">
        <ele>183.4</ele>
      </trkpt>
      <trkpt lat="45.23431" lon="-72.66511">
        <ele>182.7</ele>
      </trkpt>
      <trkpt lat="45.23472" lon="-72.66431">
        <ele>181.9</ele>
      </trkpt>
      <trkpt lat="45.23503" lon="-72.66383">
        <ele>182.5</ele>
      </trkpt>
      <trkpt lat="45.23513" lon="-72.66379">
        <ele>182.4</ele>
      </trkpt>
      <trkpt lat="45.23526" lon="-72.66347">
        <ele>181.6</ele>
      </trkpt>
      <trkpt lat="45.235715" lon="-72.66253">
        <ele>182.3</ele>
      </trkpt>
      <trkpt lat="45.23617" lon="-72.66159">
        <ele>184.5</ele>
      </trkpt>
      <trkpt lat="45.23656" lon="-72.66086">
        <ele>188.7</ele>
      </trkpt>
      <trkpt lat="45.236925" lon="-72.6601">
        <ele>190.3</ele>
      </trkpt>
      <trkpt lat="45.23729" lon="-72.65934">
        <ele>187.3</ele>
      </trkpt>
      <trkpt lat="45.237695" lon="-72.658395">
        <ele>185.7</ele>
      </trkpt>
      <trkpt lat="45.2381" lon="-72.65745">
        <ele>184.3</ele>
      </trkpt>
      <trkpt lat="45.238848" lon="-72.657414">
        <ele>182.1</ele>
      </trkpt>
      <trkpt lat="45.239596" lon="-72.657378">
        <ele>178.6</ele>
      </trkpt>
      <trkpt lat="45.240344" lon="-72.657342">
        <ele>176</ele>
      </trkpt>
      <trkpt lat="45.241092" lon="-72.657306">
        <ele>169.7</ele>
      </trkpt>
      <trkpt lat="45.24184" lon="-72.65727">
        <ele>164.9</ele>
      </trkpt>
      <trkpt lat="45.24265" lon="-72.6572">
        <ele>163.2</ele>
      </trkpt>
      <trkpt lat="45.24264" lon="-72.6572">
        <ele>163.2</ele>
      </trkpt>
      <trkpt lat="45.243195" lon="-72.65715">
        <ele>166.6</ele>
      </trkpt>
      <trkpt lat="45.24375" lon="-72.6571">
        <ele>173.3</ele>
      </trkpt>
      <trkpt lat="45.244229" lon="-72.65708">
        <ele>177.2</ele>
      </trkpt>
      <trkpt lat="45.24471" lon="-72.65706">
        <ele>181.2</ele>
      </trkpt>
      <trkpt lat="45.245386" lon="-72.65699">
        <ele>184.1</ele>
      </trkpt>
      <trkpt lat="45.246063" lon="-72.65692">
        <ele>185</ele>
      </trkpt>
      <trkpt lat="45.24674" lon="-72.65685">
        <ele>186.6</ele>
      </trkpt>
      <trkpt lat="45.24762" lon="-72.65672">
        <ele>190.9</ele>
      </trkpt>
      <trkpt lat="45.24801" lon="-72.6567">
        <ele>192.9</ele>
      </trkpt>
      <trkpt lat="45.248773" lon="-72.656716">
        <ele>191.3</ele>
      </trkpt>
      <trkpt lat="45.249536" lon="-72.656733">
        <ele>188.7</ele>
      </trkpt>
      <trkpt lat="45.2503" lon="-72.65675">
        <ele>188</ele>
      </trkpt>
      <trkpt lat="45.25116" lon="-72.65679">
        <ele>187.2</ele>
      </trkpt>
      <trkpt lat="45.25201" lon="-72.65679">
        <ele>185.7</ele>
      </trkpt>
      <trkpt lat="45.25277" lon="-72.656755">
        <ele>177.7</ele>
      </trkpt>
      <trkpt lat="45.25353" lon="-72.65672">
        <ele>173.1</ele>
      </trkpt>
      <trkpt lat="45.25429" lon="-72.656685">
        <ele>171.3</ele>
      </trkpt>
      <trkpt lat="45.25505" lon="-72.65665">
        <ele>164.6</ele>
      </trkpt>
      <trkpt lat="45.25591" lon="-72.656633">
        <ele>153.2</ele>
      </trkpt>
      <trkpt lat="45.25677" lon="-72.656616">
        <ele>152.2</ele>
      </trkpt>
      <trkpt lat="45.25763" lon="-72.6566">
        <ele>155.6</ele>
      </trkpt>
      <trkpt lat="45.25787" lon="-72.65662">
        <ele>155.5</ele>
      </trkpt>
      <trkpt lat="45.258639" lon="-72.656649">
        <ele>151.1</ele>
      </trkpt>
      <trkpt lat="45.25941" lon="-72.65668">
        <ele>149.4</ele>
      </trkpt>
      <trkpt lat="45.260095" lon="-72.656684">
        <ele>150.9</ele>
      </trkpt>
      <trkpt lat="45.26078" lon="-72.65669">
        <ele>155.3</ele>
      </trkpt>
      <trkpt lat="45.26124" lon="-72.65664">
        <ele>157</ele>
      </trkpt>
      <trkpt lat="45.26131" lon="-72.65581">
        <ele>158.3</ele>
      </trkpt>
      <trkpt lat="45.26128" lon="-72.65532">
        <ele>158.7</ele>
      </trkpt>
      <trkpt lat="45.26118" lon="-72.654464">
        <ele>159.5</ele>
      </trkpt>
      <trkpt lat="45.26108" lon="-72.65361">
        <ele>162.4</ele>
      </trkpt>
      <trkpt lat="45.261056" lon="-72.652429">
        <ele>162.7</ele>
      </trkpt>
      <trkpt lat="45.261033" lon="-72.651249">
        <ele>157.9</ele>
      </trkpt>
      <trkpt lat="45.26101" lon="-72.65007">
        <ele>156.3</ele>
      </trkpt>
      <trkpt lat="45.26095" lon="-72.64938">
        <ele>158.3</ele>
      </trkpt>
      <trkpt lat="45.26087" lon="-72.64851">
        <ele>160.1</ele>
      </trkpt>
      <trkpt lat="45.26081" lon="-72.64819">
        <ele>160.9</ele>
      </trkpt>
      <trkpt lat="45.26078" lon="-72.64739">
        <ele>163</ele>
      </trkpt>
      <trkpt lat="45.26078" lon="-72.64661">
        <ele>168.2</ele>
      </trkpt>
      <trkpt lat="45.26078" lon="-72.64583">
        <ele>168.1</ele>
      </trkpt>
      <trkpt lat="45.2608" lon="-72.64508">
        <ele>166</ele>
      </trkpt>
      <trkpt lat="45.260855" lon="-72.64433">
        <ele>164.1</ele>
      </trkpt>
      <trkpt lat="45.26091" lon="-72.64358">
        <ele>161</ele>
      </trkpt>
      <trkpt lat="45.26091" lon="-72.64327">
        <ele>157.5</ele>
      </trkpt>
      <trkpt lat="45.2608" lon="-72.642316">
        <ele>153.7</ele>
      </trkpt>
      <trkpt lat="45.26069" lon="-72.641363">
        <ele>154</ele>
      </trkpt>
      <trkpt lat="45.26058" lon="-72.64041">
        <ele>154.9</ele>
      </trkpt>
      <trkpt lat="45.260444" lon="-72.639279">
        <ele>155.7</ele>
      </trkpt>
      <trkpt lat="45.260308" lon="-72.638149">
        <ele>156.5</ele>
      </trkpt>
      <trkpt lat="45.260172" lon="-72.637019">
        <ele>157.3</ele>
      </trkpt>
      <trkpt lat="45.260036" lon="-72.635889">
        <ele>158.1</ele>
      </trkpt>
      <trkpt lat="45.2599" lon="-72.63476">
        <ele>161.5</ele>
      </trkpt>
      <trkpt lat="45.25995" lon="-72.63435">
        <ele>164</ele>
      </trkpt>
      <trkpt lat="45.26004" lon="-72.63396">
        <ele>165.8</ele>
      </trkpt>
      <trkpt lat="45.26006" lon="-72.6337">
        <ele>166.5</ele>
      </trkpt>
      <trkpt lat="45.25993" lon="-72.63257">
        <ele>169.1</ele>
      </trkpt>
      <trkpt lat="45.25983" lon="-72.63202">
        <ele>170.9</ele>
      </trkpt>
      <trkpt lat="45.25977" lon="-72.63183">
        <ele>173</ele>
      </trkpt>
      <trkpt lat="45.26027" lon="-72.63212">
        <ele>176.2</ele>
      </trkpt>
      <trkpt lat="45.260835" lon="-72.632499">
        <ele>181.1</ele>
      </trkpt>
      <trkpt lat="45.2614" lon="-72.63288">
        <ele>180.2</ele>
      </trkpt>
      <trkpt lat="45.26155" lon="-72.63297">
        <ele>179.9</ele>
      </trkpt>
      <trkpt lat="45.26183" lon="-72.63324">
        <ele>178.4</ele>
      </trkpt>
      <trkpt lat="45.26209" lon="-72.6336">
        <ele>176.1</ele>
      </trkpt>
      <trkpt lat="45.2623" lon="-72.63382">
        <ele>170.5</ele>
      </trkpt>
      <trkpt lat="45.26247" lon="-72.63395">
        <ele>170.5</ele>
      </trkpt>
      <trkpt lat="45.2629" lon="-72.63413">
        <ele>167.6</ele>
      </trkpt>
      <trkpt lat="45.26318" lon="-72.63417">
        <ele>166</ele>
      </trkpt>
      <trkpt lat="45.26362" lon="-72.6341">
        <ele>166</ele>
      </trkpt>
      <trkpt lat="45.26413" lon="-72.633965">
        <ele>169.7</ele>
      </trkpt>
      <trkpt lat="45.26464" lon="-72.63383">
        <ele>171.4</ele>
      </trkpt>
      <trkpt lat="45.26469" lon="-72.63381">
        <ele>171.2</ele>
      </trkpt>
      <trkpt lat="45.26468" lon="-72.63382">
        <ele>171.2</ele>
      </trkpt>
      <trkpt lat="45.26487" lon="-72.63373">
        <ele>170.2</ele>
      </trkpt>
      <trkpt lat="45.26543" lon="-72.63333">
        <ele>169.6</ele>
      </trkpt>
      <trkpt lat="45.26573" lon="-72.63315">
        <ele>172.6</ele>
      </trkpt>
      <trkpt lat="45.26624" lon="-72.63293">
        <ele>178.8</ele>
      </trkpt>
      <trkpt lat="45.266835" lon="-72.632725">
        <ele>187.3</ele>
      </trkpt>
      <trkpt lat="45.26743" lon="-72.63252">
        <ele>192.5</ele>
      </trkpt>
      <trkpt lat="45.2677" lon="-72.63235">
        <ele>195.1</ele>
      </trkpt>
      <trkpt lat="45.26788" lon="-72.6321">
        <ele>196.5</ele>
      </trkpt>
      <trkpt lat="45.26805" lon="-72.63163">
        <ele>197.7</ele>
      </trkpt>
      <trkpt lat="45.268353" lon="-72.630673">
        <ele>200.1</ele>
      </trkpt>
      <trkpt lat="45.268656" lon="-72.629716">
        <ele>203.9</ele>
      </trkpt>
      <trkpt lat="45.26896" lon="-72.62876">
        <ele>204.8</ele>
      </trkpt>
      <trkpt lat="45.269316" lon="-72.628043">
        <ele>206.4</ele>
      </trkpt>
      <trkpt lat="45.269673" lon="-72.627326">
        <ele>206.6</ele>
      </trkpt>
      <trkpt lat="45.27003" lon="-72.62661">
        <ele>207.7</ele>
      </trkpt>
      <trkpt lat="45.27045" lon="-72.62581">
        <ele>208.2</ele>
      </trkpt>
      <trkpt lat="45.27045" lon="-72.62582">
        <ele>208.2</ele>
      </trkpt>
      <trkpt lat="45.270755" lon="-72.625235">
        <ele>208.4</ele>
      </trkpt>
      <trkpt lat="45.27106" lon="-72.62465">
        <ele>209.3</ele>
      </trkpt>
      <trkpt lat="45.27148" lon="-72.62379">
        <ele>208.9</ele>
      </trkpt>
      <trkpt lat="45.27192" lon="-72.62383">
        <ele>213.1</ele>
      </trkpt>
      <trkpt lat="45.272603" lon="-72.623726">
        <ele>219.4</ele>
      </trkpt>
      <trkpt lat="45.273286" lon="-72.623623">
        <ele>223.5</ele>
      </trkpt>
      <trkpt lat="45.27397" lon="-72.62352">
        <ele>229.4</ele>
      </trkpt>
      <trkpt lat="45.27478" lon="-72.623455">
        <ele>237.1</ele>
      </trkpt>
      <trkpt lat="45.27559" lon="-72.62339">
        <ele>244</ele>
      </trkpt>
      <trkpt lat="45.27579" lon="-72.62334">
        <ele>243.3</ele>
      </trkpt>
      <trkpt lat="45.2763" lon="-72.62305">
        <ele>240.1</ele>
      </trkpt>
      <trkpt lat="45.27681" lon="-72.62276">
        <ele>235.2</ele>
      </trkpt>
      <trkpt lat="45.27735" lon="-72.62252">
        <ele>229.5</ele>
      </trkpt>
      <trkpt lat="45.27714" lon="-72.62147">
        <ele>228.9</ele>
      </trkpt>
      <trkpt lat="45.27707" lon="-72.62129">
        <ele>227.8</ele>
      </trkpt>
      <trkpt lat="45.27697" lon="-72.62115">
        <ele>227.3</ele>
      </trkpt>
      <trkpt lat="45.2768" lon="-72.62106">
        <ele>226.2</ele>
      </trkpt>
      <trkpt lat="45.27667" lon="-72.62088">
        <ele>224.1</ele>
      </trkpt>
      <trkpt lat="45.27662" lon="-72.62065">
        <ele>220.5</ele>
      </trkpt>
      <trkpt lat="45.276565" lon="-72.619657">
        <ele>212.4</ele>
      </trkpt>
      <trkpt lat="45.27651" lon="-72.618664">
        <ele>208.4</ele>
      </trkpt>
      <trkpt lat="45.276455" lon="-72.617672">
        <ele>207.7</ele>
      </trkpt>
      <trkpt lat="45.2764" lon="-72.61668">
        <ele>207.3</ele>
      </trkpt>
      <trkpt lat="45.276346" lon="-72.615594">
        <ele>207.8</ele>
      </trkpt>
      <trkpt lat="45.276293" lon="-72.614509">
        <ele>212.5</ele>
      </trkpt>
      <trkpt lat="45.27624" lon="-72.613424">
        <ele>222.5</ele>
      </trkpt>
      <trkpt lat="45.276186" lon="-72.612339">
        <ele>227</ele>
      </trkpt>
      <trkpt lat="45.276133" lon="-72.611254">
        <ele>232.8</ele>
      </trkpt>
      <trkpt lat="45.27608" lon="-72.61017">
        <ele>237.3</ele>
      </trkpt>
      <trkpt lat="45.27605" lon="-72.60924">
        <ele>238.4</ele>
      </trkpt>
      <trkpt lat="45.27605" lon="-72.60823">
        <ele>234</ele>
      </trkpt>
      <trkpt lat="45.27605" lon="-72.60722">
        <ele>233.9</ele>
      </trkpt>
      <trkpt lat="45.27605" lon="-72.60723">
        <ele>233.9</ele>
      </trkpt>
      <trkpt lat="45.27606" lon="-72.60597">
        <ele>238</ele>
      </trkpt>
      <trkpt lat="45.276022" lon="-72.604794">
        <ele>227</ele>
      </trkpt>
      <trkpt lat="45.275985" lon="-72.603618">
        <ele>217.6</ele>
      </trkpt>
      <trkpt lat="45.275948" lon="-72.602442">
        <ele>211.4</ele>
      </trkpt>
      <trkpt lat="45.275911" lon="-72.601267">
        <ele>208.5</ele>
      </trkpt>
      <trkpt lat="45.275874" lon="-72.600091">
        <ele>204.9</ele>
      </trkpt>
      <trkpt lat="45.275837" lon="-72.598915">
        <ele>202.1</ele>
      </trkpt>
      <trkpt lat="45.2758" lon="-72.59774">
        <ele>198.9</ele>
      </trkpt>
      <trkpt lat="45.27578" lon="-72.596549">
        <ele>196.7</ele>
      </trkpt>
      <trkpt lat="45.27576" lon="-72.59536">
        <ele>193.2</ele>
      </trkpt>
      <trkpt lat="45.276514" lon="-72.595295">
        <ele>188.9</ele>
      </trkpt>
      <trkpt lat="45.27727" lon="-72.59523">
        <ele>187</ele>
      </trkpt>
      <trkpt lat="45.27808" lon="-72.595185">
        <ele>186.5</ele>
      </trkpt>
      <trkpt lat="45.27889" lon="-72.595141">
        <ele>186.8</ele>
      </trkpt>
      <trkpt lat="45.2797" lon="-72.595097">
        <ele>186.6</ele>
      </trkpt>
      <trkpt lat="45.28051" lon="-72.595052">
        <ele>186</ele>
      </trkpt>
      <trkpt lat="45.28132" lon="-72.595008">
        <ele>185.6</ele>
      </trkpt>
      <trkpt lat="45.282129" lon="-72.594964">
        <ele>185.9</ele>
      </trkpt>
      <trkpt lat="45.28294" lon="-72.59492">
        <ele>186.4</ele>
      </trkpt>
      <trkpt lat="45.283813" lon="-72.594878">
        <ele>187.1</ele>
      </trkpt>
      <trkpt lat="45.284686" lon="-72.594836">
        <ele>187.6</ele>
      </trkpt>
      <trkpt lat="45.28556" lon="-72.594795">
        <ele>187.2</ele>
      </trkpt>
      <trkpt lat="45.286433" lon="-72.594753">
        <ele>185.6</ele>
      </trkpt>
      <trkpt lat="45.287306" lon="-72.594711">
        <ele>182.5</ele>
      </trkpt>
      <trkpt lat="45.28818" lon="-72.59467">
        <ele>179.9</ele>
      </trkpt>
      <trkpt lat="45.289035" lon="-72.594642">
        <ele>176.5</ele>
      </trkpt>
      <trkpt lat="45.28989" lon="-72.594615">
        <ele>173.6</ele>
      </trkpt>
      <trkpt lat="45.290745" lon="-72.594587">
        <ele>171.5</ele>
      </trkpt>
      <trkpt lat="45.2916" lon="-72.59456">
        <ele>170.5</ele>
      </trkpt>
      <trkpt lat="45.292379" lon="-72.594515">
        <ele>169.5</ele>
      </trkpt>
      <trkpt lat="45.29316" lon="-72.59447">
        <ele>168.9</ele>
      </trkpt>
      <trkpt lat="45.29315" lon="-72.59447">
        <ele>168.9</ele>
      </trkpt>
      <trkpt lat="45.294043" lon="-72.594413">
        <ele>168.8</ele>
      </trkpt>
      <trkpt lat="45.294936" lon="-72.594356">
        <ele>169.2</ele>
      </trkpt>
      <trkpt lat="45.29583" lon="-72.5943">
        <ele>171.2</ele>
      </trkpt>
      <trkpt lat="45.296484" lon="-72.59427">
        <ele>170.6</ele>
      </trkpt>
      <trkpt lat="45.29714" lon="-72.59424">
        <ele>170.2</ele>
      </trkpt>
      <trkpt lat="45.29747" lon="-72.59415">
        <ele>169.8</ele>
      </trkpt>
      <trkpt lat="45.29825" lon="-72.59375">
        <ele>166.3</ele>
      </trkpt>
      <trkpt lat="45.29854" lon="-72.59362">
        <ele>164.4</ele>
      </trkpt>
      <trkpt lat="45.2988" lon="-72.59352">
        <ele>160.6</ele>
      </trkpt>
      <trkpt lat="45.29924" lon="-72.59343">
        <ele>156.8</ele>
      </trkpt>
      <trkpt lat="45.29972" lon="-72.59339">
        <ele>152.4</ele>
      </trkpt>
      <trkpt lat="45.30029" lon="-72.59348">
        <ele>148.7</ele>
      </trkpt>
      <trkpt lat="45.300815" lon="-72.593659">
        <ele>147.7</ele>
      </trkpt>
      <trkpt lat="45.30134" lon="-72.59384">
        <ele>146.5</ele>
      </trkpt>
      <trkpt lat="45.30156" lon="-72.5939">
        <ele>144.6</ele>
      </trkpt>
      <trkpt lat="45.30191" lon="-72.59394">
        <ele>143.2</ele>
      </trkpt>
      <trkpt lat="45.30241" lon="-72.59402">
        <ele>142.2</ele>
      </trkpt>
      <trkpt lat="45.30275" lon="-72.59402">
        <ele>142.7</ele>
      </trkpt>
      <trkpt lat="45.303329" lon="-72.59398">
        <ele>145.2</ele>
      </trkpt>
      <trkpt lat="45.30391" lon="-72.59394">
        <ele>147.6</ele>
      </trkpt>
      <trkpt lat="45.304586" lon="-72.593876">
        <ele>151</ele>
      </trkpt>
      <trkpt lat="45.305263" lon="-72.593813">
        <ele>153.9</ele>
      </trkpt>
      <trkpt lat="45.30594" lon="-72.59375">
        <ele>156.3</ele>
      </trkpt>
      <trkpt lat="45.306609" lon="-72.593705">
        <ele>157.2</ele>
      </trkpt>
      <trkpt lat="45.30728" lon="-72.59366">
        <ele>159</ele>
      </trkpt>
      <trkpt lat="45.307282" lon="-72.592526">
        <ele>158.7</ele>
      </trkpt>
      <trkpt lat="45.307284" lon="-72.591392">
        <ele>159.6</ele>
      </trkpt>
      <trkpt lat="45.307286" lon="-72.590258">
        <ele>163.2</ele>
      </trkpt>
      <trkpt lat="45.307288" lon="-72.589124">
        <ele>167.9</ele>
      </trkpt>
      <trkpt lat="45.30729" lon="-72.58799">
        <ele>170.6</ele>
      </trkpt>
      <trkpt lat="45.307275" lon="-72.587179">
        <ele>172.8</ele>
      </trkpt>
      <trkpt lat="45.30726" lon="-72.58637">
        <ele>173.4</ele>
      </trkpt>
      <trkpt lat="45.307257" lon="-72.585104">
        <ele>172</ele>
      </trkpt>
      <trkpt lat="45.307255" lon="-72.583839">
        <ele>166.4</ele>
      </trkpt>
      <trkpt lat="45.307252" lon="-72.582574">
        <ele>164.2</ele>
      </trkpt>
      <trkpt lat="45.30725" lon="-72.58131">
        <ele>167.1</ele>
      </trkpt>
      <trkpt lat="45.307247" lon="-72.580312">
        <ele>168.8</ele>
      </trkpt>
      <trkpt lat="45.307245" lon="-72.579314">
        <ele>168.5</ele>
      </trkpt>
      <trkpt lat="45.307242" lon="-72.578317">
        <ele>168.4</ele>
      </trkpt>
      <trkpt lat="45.30724" lon="-72.57732">
        <ele>169.3</ele>
      </trkpt>
      <trkpt lat="45.307251" lon="-72.5762">
        <ele>171.3</ele>
      </trkpt>
      <trkpt lat="45.307263" lon="-72.57508">
        <ele>174.5</ele>
      </trkpt>
      <trkpt lat="45.307275" lon="-72.57396">
        <ele>181.8</ele>
      </trkpt>
      <trkpt lat="45.307286" lon="-72.57284">
        <ele>185.9</ele>
      </trkpt>
      <trkpt lat="45.307298" lon="-72.57172">
        <ele>192.9</ele>
      </trkpt>
      <trkpt lat="45.30731" lon="-72.5706">
        <ele>192.8</ele>
      </trkpt>
      <trkpt lat="45.30734" lon="-72.57015">
        <ele>192.9</ele>
      </trkpt>
      <trkpt lat="45.30742" lon="-72.56963">
        <ele>194.8</ele>
      </trkpt>
      <trkpt lat="45.30756" lon="-72.56896">
        <ele>198.3</ele>
      </trkpt>
      <trkpt lat="45.3076" lon="-72.56855">
        <ele>201</ele>
      </trkpt>
      <trkpt lat="45.30758" lon="-72.56814">
        <ele>205.8</ele>
      </trkpt>
      <trkpt lat="45.30744" lon="-72.566974">
        <ele>207.4</ele>
      </trkpt>
      <trkpt lat="45.3073" lon="-72.56581">
        <ele>207.7</ele>
      </trkpt>
      <trkpt lat="45.30727" lon="-72.56505">
        <ele>208.5</ele>
      </trkpt>
      <trkpt lat="45.307267" lon="-72.564089">
        <ele>210</ele>
      </trkpt>
      <trkpt lat="45.307265" lon="-72.563129">
        <ele>213.1</ele>
      </trkpt>
      <trkpt lat="45.307262" lon="-72.562169">
        <ele>217.5</ele>
      </trkpt>
      <trkpt lat="45.30726" lon="-72.56121">
        <ele>221.3</ele>
      </trkpt>
      <trkpt lat="45.307266" lon="-72.560136">
        <ele>223.7</ele>
      </trkpt>
      <trkpt lat="45.307273" lon="-72.559063">
        <ele>226.2</ele>
      </trkpt>
      <trkpt lat="45.30728" lon="-72.55799">
        <ele>226.3</ele>
      </trkpt>
      <trkpt lat="45.307286" lon="-72.556916">
        <ele>225.6</ele>
      </trkpt>
      <trkpt lat="45.307293" lon="-72.555843">
        <ele>225.5</ele>
      </trkpt>
      <trkpt lat="45.3073" lon="-72.55477">
        <ele>225.5</ele>
      </trkpt>
      <trkpt lat="45.307316" lon="-72.553546">
        <ele>225.9</ele>
      </trkpt>
      <trkpt lat="45.307333" lon="-72.552323">
        <ele>226.8</ele>
      </trkpt>
      <trkpt lat="45.30735" lon="-72.5511">
        <ele>227.3</ele>
      </trkpt>
      <trkpt lat="45.307355" lon="-72.549823">
        <ele>227.1</ele>
      </trkpt>
      <trkpt lat="45.30736" lon="-72.548546">
        <ele>228.8</ele>
      </trkpt>
      <trkpt lat="45.307365" lon="-72.54727">
        <ele>228.8</ele>
      </trkpt>
      <trkpt lat="45.30737" lon="-72.545993">
        <ele>229.3</ele>
      </trkpt>
      <trkpt lat="45.307375" lon="-72.544716">
        <ele>229.1</ele>
      </trkpt>
      <trkpt lat="45.30738" lon="-72.54344">
        <ele>230.2</ele>
      </trkpt>
      <trkpt lat="45.307388" lon="-72.542255">
        <ele>230.4</ele>
      </trkpt>
      <trkpt lat="45.307397" lon="-72.541071">
        <ele>231.2</ele>
      </trkpt>
      <trkpt lat="45.307405" lon="-72.539887">
        <ele>230.7</ele>
      </trkpt>
      <trkpt lat="45.307414" lon="-72.538702">
        <ele>228</ele>
      </trkpt>
      <trkpt lat="45.307422" lon="-72.537518">
        <ele>226</ele>
      </trkpt>
      <trkpt lat="45.307431" lon="-72.536334">
        <ele>227.5</ele>
      </trkpt>
      <trkpt lat="45.30744" lon="-72.53515">
        <ele>230</ele>
      </trkpt>
      <trkpt lat="45.307442" lon="-72.53405">
        <ele>227.9</ele>
      </trkpt>
      <trkpt lat="45.307445" lon="-72.53295">
        <ele>226.6</ele>
      </trkpt>
      <trkpt lat="45.307448" lon="-72.53185">
        <ele>226.9</ele>
      </trkpt>
      <trkpt lat="45.307451" lon="-72.53075">
        <ele>226.3</ele>
      </trkpt>
      <trkpt lat="45.307454" lon="-72.52965">
        <ele>224.2</ele>
      </trkpt>
      <trkpt lat="45.307457" lon="-72.52855">
        <ele>224.8</ele>
      </trkpt>
      <trkpt lat="45.30746" lon="-72.52745">
        <ele>223.2</ele>
      </trkpt>
      <trkpt lat="45.30749" lon="-72.527">
        <ele>220.8</ele>
      </trkpt>
      <trkpt lat="45.30758" lon="-72.52656">
        <ele>217.3</ele>
      </trkpt>
      <trkpt lat="45.307785" lon="-72.525755">
        <ele>209.6</ele>
      </trkpt>
      <trkpt lat="45.30799" lon="-72.52495">
        <ele>207.1</ele>
      </trkpt>
      <trkpt lat="45.308095" lon="-72.524165">
        <ele>209.3</ele>
      </trkpt>
      <trkpt lat="45.3082" lon="-72.52338">
        <ele>213.1</ele>
      </trkpt>
      <trkpt lat="45.3083" lon="-72.52284">
        <ele>214.2</ele>
      </trkpt>
      <trkpt lat="45.30853" lon="-72.521797">
        <ele>217.4</ele>
      </trkpt>
      <trkpt lat="45.30876" lon="-72.520755">
        <ele>221.5</ele>
      </trkpt>
      <trkpt lat="45.30899" lon="-72.519712">
        <ele>223.8</ele>
      </trkpt>
      <trkpt lat="45.30922" lon="-72.51867">
        <ele>225.3</ele>
      </trkpt>
      <trkpt lat="45.3094" lon="-72.51742">
        <ele>226.5</ele>
      </trkpt>
      <trkpt lat="45.309465" lon="-72.516715">
        <ele>227.5</ele>
      </trkpt>
      <trkpt lat="45.30953" lon="-72.51601">
        <ele>228.9</ele>
      </trkpt>
      <trkpt lat="45.30959" lon="-72.51501">
        <ele>230</ele>
      </trkpt>
      <trkpt lat="45.30965" lon="-72.51401">
        <ele>230.3</ele>
      </trkpt>
      <trkpt lat="45.30962" lon="-72.513164">
        <ele>226.7</ele>
      </trkpt>
      <trkpt lat="45.30959" lon="-72.51232">
        <ele>225.5</ele>
      </trkpt>
      <trkpt lat="45.30951" lon="-72.51172">
        <ele>227.3</ele>
      </trkpt>
      <trkpt lat="45.30924" lon="-72.51075">
        <ele>231</ele>
      </trkpt>
      <trkpt lat="45.30903" lon="-72.51025">
        <ele>227.4</ele>
      </trkpt>
      <trkpt lat="45.30863" lon="-72.509369">
        <ele>222.8</ele>
      </trkpt>
      <trkpt lat="45.30823" lon="-72.508489">
        <ele>222.8</ele>
      </trkpt>
      <trkpt lat="45.30783" lon="-72.50761">
        <ele>226.8</ele>
      </trkpt>
      <trkpt lat="45.3077" lon="-72.50722">
        <ele>227.3</ele>
      </trkpt>
      <trkpt lat="45.30757" lon="-72.50663">
        <ele>226.3</ele>
      </trkpt>
      <trkpt lat="45.30755" lon="-72.50649">
        <ele>226.1</ele>
      </trkpt>
      <trkpt lat="45.30752" lon="-72.50596">
        <ele>224.9</ele>
      </trkpt>
      <trkpt lat="45.307545" lon="-72.504755">
        <ele>222.6</ele>
      </trkpt>
      <trkpt lat="45.30757" lon="-72.50355">
        <ele>223.8</ele>
      </trkpt>
      <trkpt lat="45.30757" lon="-72.502447">
        <ele>223.6</ele>
      </trkpt>
      <trkpt lat="45.30757" lon="-72.501345">
        <ele>223.2</ele>
      </trkpt>
      <trkpt lat="45.30757" lon="-72.500242">
        <ele>220.1</ele>
      </trkpt>
      <trkpt lat="45.30757" lon="-72.49914">
        <ele>220.8</ele>
      </trkpt>
      <trkpt lat="45.3082" lon="-72.49932">
        <ele>222.2</ele>
      </trkpt>
      <trkpt lat="45.30848" lon="-72.49933">
        <ele>222.7</ele>
      </trkpt>
      <trkpt lat="45.30883" lon="-72.4993">
        <ele>223.8</ele>
      </trkpt>
      <trkpt lat="45.30877" lon="-72.49904">
        <ele>224.3</ele>
      </trkpt>
      <trkpt lat="45.30828" lon="-72.49906">
        <ele>223.6</ele>
      </trkpt>
      <trkpt lat="45.30806" lon="-72.49902">
        <ele>223.4</ele>
      </trkpt>
      <trkpt lat="45.3076" lon="-72.49888">
        <ele>222.6</ele>
      </trkpt>
      <trkpt lat="45.306784" lon="-72.498549">
        <ele>221.9</ele>
      </trkpt>
      <trkpt lat="45.305968" lon="-72.498219">
        <ele>221.2</ele>
      </trkpt>
      <trkpt lat="45.305152" lon="-72.497889">
        <ele>220.8</ele>
      </trkpt>
      <trkpt lat="45.304336" lon="-72.497559">
        <ele>219.7</ele>
      </trkpt>
      <trkpt lat="45.30352" lon="-72.49723">
        <ele>218.9</ele>
      </trkpt>
      <trkpt lat="45.3029" lon="-72.49701">
        <ele>218.1</ele>
      </trkpt>
      <trkpt lat="45.30231" lon="-72.49691">
        <ele>217.6</ele>
      </trkpt>
      <trkpt lat="45.30201" lon="-72.49691">
        <ele>217.3</ele>
      </trkpt>
      <trkpt lat="45.30152" lon="-72.49696">
        <ele>216.5</ele>
      </trkpt>
      <trkpt lat="45.3015" lon="-72.49696">
        <ele>216.5</ele>
      </trkpt>
      <trkpt lat="45.300804" lon="-72.497015">
        <ele>215.6</ele>
      </trkpt>
      <trkpt lat="45.30011" lon="-72.49707">
        <ele>215.5</ele>
      </trkpt>
      <trkpt lat="45.299405" lon="-72.497145">
        <ele>215</ele>
      </trkpt>
      <trkpt lat="45.2987" lon="-72.49722">
        <ele>214.2</ele>
      </trkpt>
      <trkpt lat="45.297994" lon="-72.497295">
        <ele>213.9</ele>
      </trkpt>
      <trkpt lat="45.29729" lon="-72.49737">
        <ele>213.3</ele>
      </trkpt>
      <trkpt lat="45.296517" lon="-72.497435">
        <ele>213.5</ele>
      </trkpt>
      <trkpt lat="45.295745" lon="-72.4975">
        <ele>212.9</ele>
      </trkpt>
      <trkpt lat="45.294972" lon="-72.497565">
        <ele>212.1</ele>
      </trkpt>
      <trkpt lat="45.2942" lon="-72.49763">
        <ele>212</ele>
      </trkpt>
      <trkpt lat="45.29393" lon="-72.49764">
        <ele>211.9</ele>
      </trkpt>
      <trkpt lat="45.2936" lon="-72.49763">
        <ele>212.1</ele>
      </trkpt>
      <trkpt lat="45.29332" lon="-72.49758">
        <ele>212.9</ele>
      </trkpt>
      <trkpt lat="45.29322" lon="-72.49753">
        <ele>213.2</ele>
      </trkpt>
      <trkpt lat="45.292953" lon="-72.49865">
        <ele>211.9</ele>
      </trkpt>
      <trkpt lat="45.292686" lon="-72.49977">
        <ele>211.5</ele>
      </trkpt>
      <trkpt lat="45.29242" lon="-72.50089">
        <ele>212.5</ele>
      </trkpt>
      <trkpt lat="45.29259" lon="-72.5009">
        <ele>212.5</ele>
      </trkpt>
      <trkpt lat="45.29242" lon="-72.50089">
        <ele>212.5</ele>
      </trkpt>
      <trkpt lat="45.292703" lon="-72.499693">
        <ele>211.5</ele>
      </trkpt>
      <trkpt lat="45.292986" lon="-72.498496">
        <ele>212.1</ele>
      </trkpt>
      <trkpt lat="45.29327" lon="-72.4973">
        <ele>213.4</ele>
      </trkpt>
      <trkpt lat="45.29342" lon="-72.49683">
        <ele>213.7</ele>
      </trkpt>
      <trkpt lat="45.29348" lon="-72.49674">
        <ele>214.5</ele>
      </trkpt>
      <trkpt lat="45.29361" lon="-72.49664">
        <ele>214.5</ele>
      </trkpt>
      <trkpt lat="45.29391" lon="-72.49643">
        <ele>215.2</ele>
      </trkpt>
      <trkpt lat="45.294385" lon="-72.496185">
        <ele>215.6</ele>
      </trkpt>
      <trkpt lat="45.29486" lon="-72.49594">
        <ele>215.1</ele>
      </trkpt>
      <trkpt lat="45.29541" lon="-72.495625">
        <ele>215.4</ele>
      </trkpt>
      <trkpt lat="45.29596" lon="-72.49531">
        <ele>217</ele>
      </trkpt>
      <trkpt lat="45.29668" lon="-72.49485">
        <ele>221.5</ele>
      </trkpt>
      <trkpt lat="45.29706" lon="-72.49455">
        <ele>224.5</ele>
      </trkpt>
      <trkpt lat="45.29703" lon="-72.49444">
        <ele>224.8</ele>
      </trkpt>
      <trkpt lat="45.29698" lon="-72.493774">
        <ele>226.6</ele>
      </trkpt>
      <trkpt lat="45.29693" lon="-72.49311">
        <ele>229.2</ele>
      </trkpt>
      <trkpt lat="45.29691" lon="-72.49262">
        <ele>231.6</ele>
      </trkpt>
      <trkpt lat="45.296913" lon="-72.491452">
        <ele>235.1</ele>
      </trkpt>
      <trkpt lat="45.296917" lon="-72.490285">
        <ele>239.9</ele>
      </trkpt>
      <trkpt lat="45.296921" lon="-72.489117">
        <ele>243.8</ele>
      </trkpt>
      <trkpt lat="45.296925" lon="-72.48795">
        <ele>243.7</ele>
      </trkpt>
      <trkpt lat="45.296928" lon="-72.486782">
        <ele>244.4</ele>
      </trkpt>
      <trkpt lat="45.296932" lon="-72.485615">
        <ele>244.7</ele>
      </trkpt>
      <trkpt lat="45.296936" lon="-72.484447">
        <ele>244.8</ele>
      </trkpt>
      <trkpt lat="45.29694" lon="-72.48328">
        <ele>244.8</ele>
      </trkpt>
      <trkpt lat="45.296942" lon="-72.48212">
        <ele>246.4</ele>
      </trkpt>
      <trkpt lat="45.296945" lon="-72.48096">
        <ele>248.1</ele>
      </trkpt>
      <trkpt lat="45.296947" lon="-72.4798">
        <ele>248.9</ele>
      </trkpt>
      <trkpt lat="45.29695" lon="-72.47864">
        <ele>247.7</ele>
      </trkpt>
      <trkpt lat="45.29696" lon="-72.47835">
        <ele>247.7</ele>
      </trkpt>
      <trkpt lat="45.297223" lon="-72.477333">
        <ele>248.4</ele>
      </trkpt>
      <trkpt lat="45.297486" lon="-72.476316">
        <ele>248.3</ele>
      </trkpt>
      <trkpt lat="45.29775" lon="-72.4753">
        <ele>248.8</ele>
      </trkpt>
      <trkpt lat="45.298013" lon="-72.47435">
        <ele>251.9</ele>
      </trkpt>
      <trkpt lat="45.298276" lon="-72.4734">
        <ele>253.7</ele>
      </trkpt>
      <trkpt lat="45.29854" lon="-72.47245">
        <ele>255.3</ele>
      </trkpt>
      <trkpt lat="45.297955" lon="-72.471854">
        <ele>254.6</ele>
      </trkpt>
      <trkpt lat="45.29737" lon="-72.47126">
        <ele>254.4</ele>
      </trkpt>
      <trkpt lat="45.296785" lon="-72.470629">
        <ele>253.3</ele>
      </trkpt>
      <trkpt lat="45.2962" lon="-72.47">
        <ele>251.5</ele>
      </trkpt>
      <trkpt lat="45.295551" lon="-72.469351">
        <ele>250.5</ele>
      </trkpt>
      <trkpt lat="45.294902" lon="-72.468702">
        <ele>249.6</ele>
      </trkpt>
      <trkpt lat="45.294254" lon="-72.468054">
        <ele>248.4</ele>
      </trkpt>
      <trkpt lat="45.293605" lon="-72.467405">
        <ele>246.6</ele>
      </trkpt>
      <trkpt lat="45.292957" lon="-72.466757">
        <ele>243.9</ele>
      </trkpt>
      <trkpt lat="45.292308" lon="-72.466108">
        <ele>239.6</ele>
      </trkpt>
      <trkpt lat="45.29166" lon="-72.46546">
        <ele>237</ele>
      </trkpt>
      <trkpt lat="45.2913" lon="-72.46509">
        <ele>236.1</ele>
      </trkpt>
      <trkpt lat="45.29062" lon="-72.464479">
        <ele>233.9</ele>
      </trkpt>
      <trkpt lat="45.28994" lon="-72.46387">
        <ele>231.3</ele>
      </trkpt>
      <trkpt lat="45.28933" lon="-72.463349">
        <ele>227.3</ele>
      </trkpt>
      <trkpt lat="45.28872" lon="-72.462829">
        <ele>224.7</ele>
      </trkpt>
      <trkpt lat="45.28811" lon="-72.46231">
        <ele>222.3</ele>
      </trkpt>
      <trkpt lat="45.28746" lon="-72.461764">
        <ele>217.2</ele>
      </trkpt>
      <trkpt lat="45.28681" lon="-72.461219">
        <ele>216.8</ele>
      </trkpt>
      <trkpt lat="45.28616" lon="-72.460674">
        <ele>217</ele>
      </trkpt>
      <trkpt lat="45.28551" lon="-72.46013">
        <ele>214.8</ele>
      </trkpt>
      <trkpt lat="45.28487" lon="-72.45965">
        <ele>214.8</ele>
      </trkpt>
      <trkpt lat="45.284086" lon="-72.459079">
        <ele>214.6</ele>
      </trkpt>
      <trkpt lat="45.283303" lon="-72.458509">
        <ele>214.5</ele>
      </trkpt>
      <trkpt lat="45.28252" lon="-72.45794">
        <ele>215.8</ele>
      </trkpt>
      <trkpt lat="45.28221" lon="-72.45769">
        <ele>217</ele>
      </trkpt>
      <trkpt lat="45.28152" lon="-72.457039">
        <ele>221.2</ele>
      </trkpt>
      <trkpt lat="45.28083" lon="-72.45639">
        <ele>223.9</ele>
      </trkpt>
      <trkpt lat="45.280233" lon="-72.455866">
        <ele>232.3</ele>
      </trkpt>
      <trkpt lat="45.279636" lon="-72.455343">
        <ele>239.2</ele>
      </trkpt>
      <trkpt lat="45.27904" lon="-72.45482">
        <ele>243.9</ele>
      </trkpt>
      <trkpt lat="45.27879" lon="-72.45456">
        <ele>246.9</ele>
      </trkpt>
      <trkpt lat="45.27851" lon="-72.45422">
        <ele>249.2</ele>
      </trkpt>
      <trkpt lat="45.27816" lon="-72.45384">
        <ele>250.7</ele>
      </trkpt>
      <trkpt lat="45.27782" lon="-72.45339">
        <ele>252.9</ele>
      </trkpt>
      <trkpt lat="45.277325" lon="-72.452674">
        <ele>258</ele>
      </trkpt>
      <trkpt lat="45.27683" lon="-72.45196">
        <ele>264.7</ele>
      </trkpt>
      <trkpt lat="45.27648" lon="-72.45147">
        <ele>268.7</ele>
      </trkpt>
      <trkpt lat="45.27602" lon="-72.4509">
        <ele>271.5</ele>
      </trkpt>
      <trkpt lat="45.27588" lon="-72.45076">
        <ele>273.7</ele>
      </trkpt>
      <trkpt lat="45.27558" lon="-72.45053">
        <ele>274.9</ele>
      </trkpt>
      <trkpt lat="45.27485" lon="-72.45016">
        <ele>276.6</ele>
      </trkpt>
      <trkpt lat="45.274152" lon="-72.449847">
        <ele>277.2</ele>
      </trkpt>
      <trkpt lat="45.273454" lon="-72.449535">
        <ele>278.1</ele>
      </trkpt>
      <trkpt lat="45.272756" lon="-72.449223">
        <ele>279.5</ele>
      </trkpt>
      <trkpt lat="45.272058" lon="-72.448911">
        <ele>280.3</ele>
      </trkpt>
      <trkpt lat="45.27136" lon="-72.4486">
        <ele>281.9</ele>
      </trkpt>
      <trkpt lat="45.27099" lon="-72.44839">
        <ele>282.7</ele>
      </trkpt>
      <trkpt lat="45.27065" lon="-72.44813">
        <ele>283.3</ele>
      </trkpt>
      <trkpt lat="45.2703" lon="-72.44779">
        <ele>283.4</ele>
      </trkpt>
      <trkpt lat="45.26979" lon="-72.447179">
        <ele>282.1</ele>
      </trkpt>
      <trkpt lat="45.26928" lon="-72.446569">
        <ele>278</ele>
      </trkpt>
      <trkpt lat="45.26877" lon="-72.44596">
        <ele>275.9</ele>
      </trkpt>
      <trkpt lat="45.26816" lon="-72.44526">
        <ele>274.2</ele>
      </trkpt>
      <trkpt lat="45.26762" lon="-72.44475">
        <ele>274.7</ele>
      </trkpt>
      <trkpt lat="45.267006" lon="-72.444199">
        <ele>276</ele>
      </trkpt>
      <trkpt lat="45.266393" lon="-72.443649">
        <ele>276.8</ele>
      </trkpt>
      <trkpt lat="45.26578" lon="-72.4431">
        <ele>279.1</ele>
      </trkpt>
      <trkpt lat="45.26529" lon="-72.4426">
        <ele>281.3</ele>
      </trkpt>
      <trkpt lat="45.26489" lon="-72.44215">
        <ele>283</ele>
      </trkpt>
      <trkpt lat="45.26449" lon="-72.44158">
        <ele>283.9</ele>
      </trkpt>
      <trkpt lat="45.26427" lon="-72.44122">
        <ele>286.4</ele>
      </trkpt>
      <trkpt lat="45.26398" lon="-72.44057">
        <ele>288.5</ele>
      </trkpt>
      <trkpt lat="45.263745" lon="-72.439954">
        <ele>291.1</ele>
      </trkpt>
      <trkpt lat="45.26351" lon="-72.43934">
        <ele>293.8</ele>
      </trkpt>
      <trkpt lat="45.26343" lon="-72.43917">
        <ele>294.4</ele>
      </trkpt>
      <trkpt lat="45.26328" lon="-72.439">
        <ele>294.7</ele>
      </trkpt>
      <trkpt lat="45.26314" lon="-72.43893">
        <ele>294.7</ele>
      </trkpt>
      <trkpt lat="45.26255" lon="-72.43891">
        <ele>293.9</ele>
      </trkpt>
      <trkpt lat="45.26185" lon="-72.43895">
        <ele>290.6</ele>
      </trkpt>
      <trkpt lat="45.26115" lon="-72.43899">
        <ele>287.8</ele>
      </trkpt>
      <trkpt lat="45.260595" lon="-72.439005">
        <ele>289.8</ele>
      </trkpt>
      <trkpt lat="45.26004" lon="-72.43902">
        <ele>291.9</ele>
      </trkpt>
      <trkpt lat="45.25977" lon="-72.43898">
        <ele>292.3</ele>
      </trkpt>
      <trkpt lat="45.25951" lon="-72.43886">
        <ele>292.4</ele>
      </trkpt>
      <trkpt lat="45.25874" lon="-72.43827">
        <ele>297</ele>
      </trkpt>
      <trkpt lat="45.25805" lon="-72.43764">
        <ele>303.1</ele>
      </trkpt>
      <trkpt lat="45.25754" lon="-72.4371">
        <ele>309.1</ele>
      </trkpt>
      <trkpt lat="45.25718" lon="-72.43678">
        <ele>309.7</ele>
      </trkpt>
      <trkpt lat="45.25653" lon="-72.436349">
        <ele>308.8</ele>
      </trkpt>
      <trkpt lat="45.25588" lon="-72.435919">
        <ele>308.9</ele>
      </trkpt>
      <trkpt lat="45.25523" lon="-72.43549">
        <ele>308.1</ele>
      </trkpt>
      <trkpt lat="45.254585" lon="-72.435224">
        <ele>314.1</ele>
      </trkpt>
      <trkpt lat="45.25394" lon="-72.43496">
        <ele>318.6</ele>
      </trkpt>
      <trkpt lat="45.25332" lon="-72.43486">
        <ele>322.8</ele>
      </trkpt>
      <trkpt lat="45.252799" lon="-72.43486">
        <ele>326.1</ele>
      </trkpt>
      <trkpt lat="45.25228" lon="-72.43486">
        <ele>328.1</ele>
      </trkpt>
      <trkpt lat="45.25152" lon="-72.43488">
        <ele>332.2</ele>
      </trkpt>
      <trkpt lat="45.25076" lon="-72.43492">
        <ele>337.6</ele>
      </trkpt>
      <trkpt lat="45.25" lon="-72.43496">
        <ele>343.7</ele>
      </trkpt>
      <trkpt lat="45.249395" lon="-72.435045">
        <ele>347.1</ele>
      </trkpt>
      <trkpt lat="45.24879" lon="-72.43513">
        <ele>347.2</ele>
      </trkpt>
      <trkpt lat="45.24845" lon="-72.43514">
        <ele>347.8</ele>
      </trkpt>
      <trkpt lat="45.24761" lon="-72.43513">
        <ele>350.6</ele>
      </trkpt>
      <trkpt lat="45.24707" lon="-72.43506">
        <ele>351.5</ele>
      </trkpt>
      <trkpt lat="45.24659" lon="-72.43504">
        <ele>352.2</ele>
      </trkpt>
      <trkpt lat="45.24624" lon="-72.43499">
        <ele>353.4</ele>
      </trkpt>
      <trkpt lat="45.24607" lon="-72.43497">
        <ele>353.4</ele>
      </trkpt>
      <trkpt lat="45.24582" lon="-72.43499">
        <ele>354.6</ele>
      </trkpt>
      <trkpt lat="45.245334" lon="-72.43508">
        <ele>355.4</ele>
      </trkpt>
      <trkpt lat="45.24485" lon="-72.43517">
        <ele>356.5</ele>
      </trkpt>
      <trkpt lat="45.24431" lon="-72.43529">
        <ele>357.5</ele>
      </trkpt>
      <trkpt lat="45.243555" lon="-72.435525">
        <ele>358.6</ele>
      </trkpt>
      <trkpt lat="45.2428" lon="-72.43576">
        <ele>359.1</ele>
      </trkpt>
      <trkpt lat="45.24211" lon="-72.43593">
        <ele>358.8</ele>
      </trkpt>
      <trkpt lat="45.24188" lon="-72.43602">
        <ele>358.7</ele>
      </trkpt>
      <trkpt lat="45.24123" lon="-72.43634">
        <ele>358.8</ele>
      </trkpt>
      <trkpt lat="45.24089" lon="-72.43655">
        <ele>357.4</ele>
      </trkpt>
      <trkpt lat="45.240375" lon="-72.43696">
        <ele>354.5</ele>
      </trkpt>
      <trkpt lat="45.23986" lon="-72.43737">
        <ele>353.9</ele>
      </trkpt>
      <trkpt lat="45.23921" lon="-72.437975">
        <ele>352.9</ele>
      </trkpt>
      <trkpt lat="45.23856" lon="-72.43858">
        <ele>349.9</ele>
      </trkpt>
      <trkpt lat="45.23822" lon="-72.43884">
        <ele>346.9</ele>
      </trkpt>
      <trkpt lat="45.23777" lon="-72.43925">
        <ele>345.1</ele>
      </trkpt>
      <trkpt lat="45.23753" lon="-72.43942">
        <ele>345.6</ele>
      </trkpt>
      <trkpt lat="45.23731" lon="-72.43951">
        <ele>346.5</ele>
      </trkpt>
      <trkpt lat="45.23699" lon="-72.43956">
        <ele>347.1</ele>
      </trkpt>
      <trkpt lat="45.23613" lon="-72.439595">
        <ele>349.1</ele>
      </trkpt>
      <trkpt lat="45.23527" lon="-72.43963">
        <ele>353</ele>
      </trkpt>
      <trkpt lat="45.23477" lon="-72.43966">
        <ele>354.3</ele>
      </trkpt>
      <trkpt lat="45.234185" lon="-72.43968">
        <ele>355.5</ele>
      </trkpt>
      <trkpt lat="45.2336" lon="-72.4397">
        <ele>358.3</ele>
      </trkpt>
      <trkpt lat="45.23336" lon="-72.43973">
        <ele>359.3</ele>
      </trkpt>
      <trkpt lat="45.23292" lon="-72.43973">
        <ele>363.4</ele>
      </trkpt>
      <trkpt lat="45.23292" lon="-72.44085">
        <ele>354.5</ele>
      </trkpt>
      <trkpt lat="45.23292" lon="-72.44086">
        <ele>354.4</ele>
      </trkpt>
      <trkpt lat="45.23291" lon="-72.441877">
        <ele>346.1</ele>
      </trkpt>
      <trkpt lat="45.2329" lon="-72.442895">
        <ele>339.6</ele>
      </trkpt>
      <trkpt lat="45.23289" lon="-72.443912">
        <ele>333.5</ele>
      </trkpt>
      <trkpt lat="45.23288" lon="-72.44493">
        <ele>328.4</ele>
      </trkpt>
      <trkpt lat="45.23286" lon="-72.44525">
        <ele>327.7</ele>
      </trkpt>
      <trkpt lat="45.2328" lon="-72.44574">
        <ele>326.2</ele>
      </trkpt>
      <trkpt lat="45.23268" lon="-72.44602">
        <ele>324.6</ele>
      </trkpt>
      <trkpt lat="45.23254" lon="-72.44628">
        <ele>324.6</ele>
      </trkpt>
      <trkpt lat="45.232175" lon="-72.44706">
        <ele>322.7</ele>
      </trkpt>
      <trkpt lat="45.23181" lon="-72.44784">
        <ele>323.4</ele>
      </trkpt>
      <trkpt lat="45.23158" lon="-72.448465">
        <ele>321.4</ele>
      </trkpt>
      <trkpt lat="45.23135" lon="-72.44909">
        <ele>318.2</ele>
      </trkpt>
      <trkpt lat="45.23116" lon="-72.44968">
        <ele>313.2</ele>
      </trkpt>
      <trkpt lat="45.23094" lon="-72.45013">
        <ele>307.9</ele>
      </trkpt>
      <trkpt lat="45.230695" lon="-72.450955">
        <ele>303.5</ele>
      </trkpt>
      <trkpt lat="45.23045" lon="-72.45178">
        <ele>299.9</ele>
      </trkpt>
      <trkpt lat="45.23018" lon="-72.4525">
        <ele>297</ele>
      </trkpt>
      <trkpt lat="45.23009" lon="-72.45295">
        <ele>293.6</ele>
      </trkpt>
      <trkpt lat="45.22991" lon="-72.45351">
        <ele>292</ele>
      </trkpt>
      <trkpt lat="45.22967" lon="-72.45424">
        <ele>295.5</ele>
      </trkpt>
      <trkpt lat="45.22965" lon="-72.45465">
        <ele>299.2</ele>
      </trkpt>
      <trkpt lat="45.2296" lon="-72.45487">
        <ele>299.6</ele>
      </trkpt>
      <trkpt lat="45.22933" lon="-72.45536">
        <ele>298.4</ele>
      </trkpt>
      <trkpt lat="45.22921" lon="-72.45564">
        <ele>297</ele>
      </trkpt>
      <trkpt lat="45.22908" lon="-72.45679">
        <ele>298.8</ele>
      </trkpt>
      <trkpt lat="45.2291" lon="-72.45743">
        <ele>298.2</ele>
      </trkpt>
      <trkpt lat="45.22908" lon="-72.45797">
        <ele>296.2</ele>
      </trkpt>
      <trkpt lat="45.229" lon="-72.45823">
        <ele>295.6</ele>
      </trkpt>
      <trkpt lat="45.22892" lon="-72.45836">
        <ele>295.5</ele>
      </trkpt>
      <trkpt lat="45.22871" lon="-72.45854">
        <ele>295.6</ele>
      </trkpt>
      <trkpt lat="45.22841" lon="-72.45868">
        <ele>296.3</ele>
      </trkpt>
      <trkpt lat="45.22824" lon="-72.45881">
        <ele>297.2</ele>
      </trkpt>
      <trkpt lat="45.22803" lon="-72.459">
        <ele>297.7</ele>
      </trkpt>
      <trkpt lat="45.22785" lon="-72.45934">
        <ele>297.3</ele>
      </trkpt>
      <trkpt lat="45.22766" lon="-72.45989">
        <ele>296.4</ele>
      </trkpt>
      <trkpt lat="45.22761" lon="-72.4602">
        <ele>296.1</ele>
      </trkpt>
      <trkpt lat="45.22762" lon="-72.46051">
        <ele>295.9</ele>
      </trkpt>
      <trkpt lat="45.22768" lon="-72.46074">
        <ele>295.2</ele>
      </trkpt>
      <trkpt lat="45.22788" lon="-72.46105">
        <ele>294.4</ele>
      </trkpt>
      <trkpt lat="45.22806" lon="-72.46127">
        <ele>294.1</ele>
      </trkpt>
      <trkpt lat="45.22825" lon="-72.46158">
        <ele>293.4</ele>
      </trkpt>
      <trkpt lat="45.2283" lon="-72.46178">
        <ele>292.7</ele>
      </trkpt>
      <trkpt lat="45.22829" lon="-72.46204">
        <ele>291.6</ele>
      </trkpt>
      <trkpt lat="45.22815" lon="-72.46257">
        <ele>287.3</ele>
      </trkpt>
      <trkpt lat="45.22797" lon="-72.46312">
        <ele>280.6</ele>
      </trkpt>
      <trkpt lat="45.22774" lon="-72.46369">
        <ele>275.5</ele>
      </trkpt>
      <trkpt lat="45.2276" lon="-72.46392">
        <ele>273.7</ele>
      </trkpt>
      <trkpt lat="45.22752" lon="-72.46415">
        <ele>272.5</ele>
      </trkpt>
      <trkpt lat="45.22789" lon="-72.46382">
        <ele>273.9</ele>
      </trkpt>
      <trkpt lat="45.2285" lon="-72.463375">
        <ele>275.2</ele>
      </trkpt>
      <trkpt lat="45.22911" lon="-72.46293">
        <ele>277.4</ele>
      </trkpt>
      <trkpt lat="45.2299" lon="-72.46254">
        <ele>276.6</ele>
      </trkpt>
      <trkpt lat="45.23002" lon="-72.46245">
        <ele>276.6</ele>
      </trkpt>
      <trkpt lat="45.23077" lon="-72.46204">
        <ele>278.4</ele>
      </trkpt>
      <trkpt lat="45.23092" lon="-72.4619">
        <ele>277.7</ele>
      </trkpt>
      <trkpt lat="45.23128" lon="-72.4615">
        <ele>273.6</ele>
      </trkpt>
      <trkpt lat="45.23169" lon="-72.46111">
        <ele>270.7</ele>
      </trkpt>
      <trkpt lat="45.23168" lon="-72.46111">
        <ele>270.8</ele>
      </trkpt>
      <trkpt lat="45.23218" lon="-72.46065">
        <ele>267.6</ele>
      </trkpt>
      <trkpt lat="45.232655" lon="-72.460155">
        <ele>265.5</ele>
      </trkpt>
      <trkpt lat="45.23313" lon="-72.45966">
        <ele>265.3</ele>
      </trkpt>
      <trkpt lat="45.23358" lon="-72.45922">
        <ele>266.3</ele>
      </trkpt>
      <trkpt lat="45.23377" lon="-72.45908">
        <ele>267.3</ele>
      </trkpt>
      <trkpt lat="45.23409" lon="-72.45895">
        <ele>269.3</ele>
      </trkpt>
      <trkpt lat="45.234655" lon="-72.458785">
        <ele>269.2</ele>
      </trkpt>
      <trkpt lat="45.23522" lon="-72.45862">
        <ele>266.8</ele>
      </trkpt>
      <trkpt lat="45.23593" lon="-72.45845">
        <ele>265.4</ele>
      </trkpt>
      <trkpt lat="45.23618" lon="-72.45841">
        <ele>265.4</ele>
      </trkpt>
      <trkpt lat="45.23681" lon="-72.45841">
        <ele>266.7</ele>
      </trkpt>
      <trkpt lat="45.237309" lon="-72.458459">
        <ele>269.2</ele>
      </trkpt>
      <trkpt lat="45.23781" lon="-72.45851">
        <ele>271.5</ele>
      </trkpt>
      <trkpt lat="45.23858" lon="-72.4585">
        <ele>272.3</ele>
      </trkpt>
      <trkpt lat="45.239" lon="-72.45845">
        <ele>270.6</ele>
      </trkpt>
      <trkpt lat="45.23956" lon="-72.458185">
        <ele>270.6</ele>
      </trkpt>
      <trkpt lat="45.24012" lon="-72.45792">
        <ele>267.7</ele>
      </trkpt>
      <trkpt lat="45.24038" lon="-72.4577">
        <ele>264.1</ele>
      </trkpt>
      <trkpt lat="45.24081" lon="-72.4572">
        <ele>261.3</ele>
      </trkpt>
      <trkpt lat="45.24099" lon="-72.45704">
        <ele>261.1</ele>
      </trkpt>
      <trkpt lat="45.2414" lon="-72.45662">
        <ele>261.6</ele>
      </trkpt>
      <trkpt lat="45.24163" lon="-72.45644">
        <ele>262.9</ele>
      </trkpt>
      <trkpt lat="45.24233" lon="-72.45599">
        <ele>262</ele>
      </trkpt>
      <trkpt lat="45.2427" lon="-72.45567">
        <ele>261.3</ele>
      </trkpt>
      <trkpt lat="45.2431" lon="-72.455195">
        <ele>259.9</ele>
      </trkpt>
      <trkpt lat="45.2435" lon="-72.45472">
        <ele>259.1</ele>
      </trkpt>
      <trkpt lat="45.243503" lon="-72.455833">
        <ele>256.1</ele>
      </trkpt>
      <trkpt lat="45.243506" lon="-72.456946">
        <ele>252.9</ele>
      </trkpt>
      <trkpt lat="45.24351" lon="-72.458059">
        <ele>249.6</ele>
      </trkpt>
      <trkpt lat="45.243513" lon="-72.459173">
        <ele>249.5</ele>
      </trkpt>
      <trkpt lat="45.243516" lon="-72.460286">
        <ele>247.3</ele>
      </trkpt>
      <trkpt lat="45.24352" lon="-72.4614">
        <ele>246.2</ele>
      </trkpt>
      <trkpt lat="45.24357" lon="-72.46154">
        <ele>246.2</ele>
      </trkpt>
      <trkpt lat="45.24368" lon="-72.46167">
        <ele>245.6</ele>
      </trkpt>
      <trkpt lat="45.24383" lon="-72.46172">
        <ele>245.6</ele>
      </trkpt>
      <trkpt lat="45.244656" lon="-72.462137">
        <ele>244.8</ele>
      </trkpt>
      <trkpt lat="45.245482" lon="-72.462555">
        <ele>238.6</ele>
      </trkpt>
      <trkpt lat="45.246308" lon="-72.462973">
        <ele>232.6</ele>
      </trkpt>
      <trkpt lat="45.247134" lon="-72.463391">
        <ele>221.6</ele>
      </trkpt>
      <trkpt lat="45.24796" lon="-72.46381">
        <ele>217.9</ele>
      </trkpt>
      <trkpt lat="45.247134" lon="-72.463391">
        <ele>222</ele>
      </trkpt>
      <trkpt lat="45.246308" lon="-72.462973">
        <ele>232.6</ele>
      </trkpt>
      <trkpt lat="45.245482" lon="-72.462555">
        <ele>240.4</ele>
      </trkpt>
      <trkpt lat="45.244656" lon="-72.462137">
        <ele>244.8</ele>
      </trkpt>
      <trkpt lat="45.24383" lon="-72.46172">
        <ele>245.6</ele>
      </trkpt>
      <trkpt lat="45.24368" lon="-72.46167">
        <ele>246.2</ele>
      </trkpt>
      <trkpt lat="45.24357" lon="-72.46154">
        <ele>246.2</ele>
      </trkpt>
      <trkpt lat="45.24352" lon="-72.4614">
        <ele>246.4</ele>
      </trkpt>
      <trkpt lat="45.243518" lon="-72.460367">
        <ele>247.3</ele>
      </trkpt>
      <trkpt lat="45.243516" lon="-72.459335">
        <ele>249.5</ele>
      </trkpt>
      <trkpt lat="45.243514" lon="-72.458303">
        <ele>249.7</ele>
      </trkpt>
      <trkpt lat="45.243512" lon="-72.457271">
        <ele>251.3</ele>
      </trkpt>
      <trkpt lat="45.24351" lon="-72.45624">
        <ele>255.2</ele>
      </trkpt>
      <trkpt lat="45.243512" lon="-72.457271">
        <ele>251.3</ele>
      </trkpt>
      <trkpt lat="45.243514" lon="-72.458303">
        <ele>249.7</ele>
      </trkpt>
      <trkpt lat="45.243516" lon="-72.459335">
        <ele>248.8</ele>
      </trkpt>
      <trkpt lat="45.243518" lon="-72.460367">
        <ele>247.1</ele>
      </trkpt>
      <trkpt lat="45.24352" lon="-72.4614">
        <ele>246.2</ele>
      </trkpt>
      <trkpt lat="45.24357" lon="-72.46154">
        <ele>246.2</ele>
      </trkpt>
      <trkpt lat="45.24368" lon="-72.46167">
        <ele>245.6</ele>
      </trkpt>
      <trkpt lat="45.24383" lon="-72.46172">
        <ele>245.6</ele>
      </trkpt>
      <trkpt lat="45.244655" lon="-72.462138">
        <ele>244.8</ele>
      </trkpt>
      <trkpt lat="45.24548" lon="-72.462556">
        <ele>238.6</ele>
      </trkpt>
      <trkpt lat="45.246305" lon="-72.462974">
        <ele>232.1</ele>
      </trkpt>
      <trkpt lat="45.24713" lon="-72.463393">
        <ele>221.6</ele>
      </trkpt>
      <trkpt lat="45.247955" lon="-72.463811">
        <ele>217.3</ele>
      </trkpt>
      <trkpt lat="45.24878" lon="-72.46423">
        <ele>216</ele>
      </trkpt>
      <trkpt lat="45.24939" lon="-72.464519">
        <ele>216.8</ele>
      </trkpt>
      <trkpt lat="45.25" lon="-72.46481">
        <ele>218.5</ele>
      </trkpt>
      <trkpt lat="45.250732" lon="-72.465177">
        <ele>219.2</ele>
      </trkpt>
      <trkpt lat="45.251465" lon="-72.465544">
        <ele>226.9</ele>
      </trkpt>
      <trkpt lat="45.252197" lon="-72.465912">
        <ele>232.7</ele>
      </trkpt>
      <trkpt lat="45.25293" lon="-72.46628">
        <ele>234.7</ele>
      </trkpt>
      <trkpt lat="45.25368" lon="-72.466444">
        <ele>232.6</ele>
      </trkpt>
      <trkpt lat="45.25443" lon="-72.46661">
        <ele>227</ele>
      </trkpt>
      <trkpt lat="45.2546" lon="-72.46669">
        <ele>225.3</ele>
      </trkpt>
      <trkpt lat="45.25476" lon="-72.46682">
        <ele>225.3</ele>
      </trkpt>
      <trkpt lat="45.255255" lon="-72.467264">
        <ele>220.6</ele>
      </trkpt>
      <trkpt lat="45.25575" lon="-72.46771">
        <ele>219.8</ele>
      </trkpt>
      <trkpt lat="45.25553" lon="-72.46825">
        <ele>218.6</ele>
      </trkpt>
      <trkpt lat="45.255145" lon="-72.469115">
        <ele>217.3</ele>
      </trkpt>
      <trkpt lat="45.25476" lon="-72.46998">
        <ele>216.8</ele>
      </trkpt>
      <trkpt lat="45.254375" lon="-72.470845">
        <ele>216</ele>
      </trkpt>
      <trkpt lat="45.25399" lon="-72.47171">
        <ele>214.5</ele>
      </trkpt>
      <trkpt lat="45.25356" lon="-72.4726">
        <ele>212.8</ele>
      </trkpt>
      <trkpt lat="45.25339" lon="-72.47314">
        <ele>211.7</ele>
      </trkpt>
      <trkpt lat="45.25326" lon="-72.47372">
        <ele>210.9</ele>
      </trkpt>
      <trkpt lat="45.25319" lon="-72.47412">
        <ele>210.6</ele>
      </trkpt>
      <trkpt lat="45.253145" lon="-72.47477">
        <ele>210.3</ele>
      </trkpt>
      <trkpt lat="45.2531" lon="-72.47542">
        <ele>210</ele>
      </trkpt>
      <trkpt lat="45.25311" lon="-72.47659">
        <ele>208.1</ele>
      </trkpt>
      <trkpt lat="45.25306" lon="-72.47757">
        <ele>207.5</ele>
      </trkpt>
      <trkpt lat="45.25306" lon="-72.47758">
        <ele>207.5</ele>
      </trkpt>
      <trkpt lat="45.25305" lon="-72.47789">
        <ele>207.2</ele>
      </trkpt>
      <trkpt lat="45.25292" lon="-72.47869">
        <ele>206.8</ele>
      </trkpt>
      <trkpt lat="45.25271" lon="-72.479515">
        <ele>206.1</ele>
      </trkpt>
      <trkpt lat="45.2525" lon="-72.48034">
        <ele>204.8</ele>
      </trkpt>
      <trkpt lat="45.25232" lon="-72.48142">
        <ele>202.7</ele>
      </trkpt>
      <trkpt lat="45.25235" lon="-72.482629">
        <ele>201.6</ele>
      </trkpt>
      <trkpt lat="45.25238" lon="-72.48384">
        <ele>201.2</ele>
      </trkpt>
      <trkpt lat="45.25232" lon="-72.48411">
        <ele>201.1</ele>
      </trkpt>
      <trkpt lat="45.25225" lon="-72.48428">
        <ele>201.1</ele>
      </trkpt>
      <trkpt lat="45.25171" lon="-72.48524">
        <ele>200.3</ele>
      </trkpt>
      <trkpt lat="45.25138" lon="-72.48591">
        <ele>200.4</ele>
      </trkpt>
      <trkpt lat="45.25068" lon="-72.48581">
        <ele>200</ele>
      </trkpt>
      <trkpt lat="45.249906" lon="-72.485721">
        <ele>200.1</ele>
      </trkpt>
      <trkpt lat="45.249133" lon="-72.485633">
        <ele>201.9</ele>
      </trkpt>
      <trkpt lat="45.24836" lon="-72.485544">
        <ele>202.8</ele>
      </trkpt>
      <trkpt lat="45.247586" lon="-72.485456">
        <ele>203.1</ele>
      </trkpt>
      <trkpt lat="45.246813" lon="-72.485368">
        <ele>204.1</ele>
      </trkpt>
      <trkpt lat="45.24604" lon="-72.48528">
        <ele>204.8</ele>
      </trkpt>
      <trkpt lat="45.24562" lon="-72.4853">
        <ele>205.2</ele>
      </trkpt>
      <trkpt lat="45.24521" lon="-72.48537">
        <ele>205.2</ele>
      </trkpt>
      <trkpt lat="45.24477" lon="-72.4855">
        <ele>205</ele>
      </trkpt>
      <trkpt lat="45.24448" lon="-72.48563">
        <ele>205</ele>
      </trkpt>
      <trkpt lat="45.244055" lon="-72.48588">
        <ele>204.8</ele>
      </trkpt>
      <trkpt lat="45.24363" lon="-72.48613">
        <ele>204.4</ele>
      </trkpt>
      <trkpt lat="45.24328" lon="-72.48639">
        <ele>204.1</ele>
      </trkpt>
      <trkpt lat="45.24286" lon="-72.48679">
        <ele>203.7</ele>
      </trkpt>
      <trkpt lat="45.24246" lon="-72.4872">
        <ele>204</ele>
      </trkpt>
      <trkpt lat="45.24237" lon="-72.48738">
        <ele>203.5</ele>
      </trkpt>
      <trkpt lat="45.241735" lon="-72.48827">
        <ele>203.6</ele>
      </trkpt>
      <trkpt lat="45.2411" lon="-72.48916">
        <ele>202.8</ele>
      </trkpt>
      <trkpt lat="45.24064" lon="-72.489835">
        <ele>203</ele>
      </trkpt>
      <trkpt lat="45.24018" lon="-72.49051">
        <ele>203.2</ele>
      </trkpt>
      <trkpt lat="45.24005" lon="-72.49066">
        <ele>203.1</ele>
      </trkpt>
      <trkpt lat="45.24005" lon="-72.49067">
        <ele>203.1</ele>
      </trkpt>
      <trkpt lat="45.23993" lon="-72.49082">
        <ele>203.1</ele>
      </trkpt>
      <trkpt lat="45.23963" lon="-72.49109">
        <ele>203</ele>
      </trkpt>
      <trkpt lat="45.238863" lon="-72.49155">
        <ele>203.1</ele>
      </trkpt>
      <trkpt lat="45.238096" lon="-72.49201">
        <ele>203.3</ele>
      </trkpt>
      <trkpt lat="45.23733" lon="-72.49247">
        <ele>204.2</ele>
      </trkpt>
      <trkpt lat="45.23667" lon="-72.492933">
        <ele>204.5</ele>
      </trkpt>
      <trkpt lat="45.23601" lon="-72.493396">
        <ele>204.4</ele>
      </trkpt>
      <trkpt lat="45.23535" lon="-72.49386">
        <ele>204.1</ele>
      </trkpt>
      <trkpt lat="45.234592" lon="-72.494435">
        <ele>203.5</ele>
      </trkpt>
      <trkpt lat="45.233835" lon="-72.49501">
        <ele>203.9</ele>
      </trkpt>
      <trkpt lat="45.233077" lon="-72.495585">
        <ele>203.6</ele>
      </trkpt>
      <trkpt lat="45.23232" lon="-72.49616">
        <ele>203.6</ele>
      </trkpt>
      <trkpt lat="45.23183" lon="-72.49651">
        <ele>202.3</ele>
      </trkpt>
      <trkpt lat="45.23114" lon="-72.49691">
        <ele>201.6</ele>
      </trkpt>
      <trkpt lat="45.230445" lon="-72.497265">
        <ele>201.6</ele>
      </trkpt>
      <trkpt lat="45.22975" lon="-72.49762">
        <ele>201.7</ele>
      </trkpt>
      <trkpt lat="45.22918" lon="-72.49798">
        <ele>201.1</ele>
      </trkpt>
      <trkpt lat="45.2289" lon="-72.49822">
        <ele>200.4</ele>
      </trkpt>
      <trkpt lat="45.22874" lon="-72.49843">
        <ele>200.8</ele>
      </trkpt>
      <trkpt lat="45.228217" lon="-72.499202">
        <ele>201.2</ele>
      </trkpt>
      <trkpt lat="45.227695" lon="-72.499975">
        <ele>201.7</ele>
      </trkpt>
      <trkpt lat="45.227172" lon="-72.500747">
        <ele>201.4</ele>
      </trkpt>
      <trkpt lat="45.22665" lon="-72.50152">
        <ele>201.7</ele>
      </trkpt>
      <trkpt lat="45.22607" lon="-72.50232">
        <ele>202</ele>
      </trkpt>
      <trkpt lat="45.22588" lon="-72.50264">
        <ele>201.8</ele>
      </trkpt>
      <trkpt lat="45.22575" lon="-72.50297">
        <ele>202</ele>
      </trkpt>
      <trkpt lat="45.22579" lon="-72.50318">
        <ele>202.1</ele>
      </trkpt>
      <trkpt lat="45.22579" lon="-72.50337">
        <ele>202.3</ele>
      </trkpt>
      <trkpt lat="45.22545" lon="-72.5044">
        <ele>202.1</ele>
      </trkpt>
      <trkpt lat="45.22541" lon="-72.5047">
        <ele>202</ele>
      </trkpt>
      <trkpt lat="45.22539" lon="-72.50511">
        <ele>201.7</ele>
      </trkpt>
      <trkpt lat="45.2254" lon="-72.50551">
        <ele>201.7</ele>
      </trkpt>
      <trkpt lat="45.22547" lon="-72.50619">
        <ele>202</ele>
      </trkpt>
      <trkpt lat="45.22553" lon="-72.507354">
        <ele>202.3</ele>
      </trkpt>
      <trkpt lat="45.22559" lon="-72.50852">
        <ele>202.1</ele>
      </trkpt>
      <trkpt lat="45.22558" lon="-72.50927">
        <ele>202</ele>
      </trkpt>
      <trkpt lat="45.22545" lon="-72.51048">
        <ele>202.4</ele>
      </trkpt>
      <trkpt lat="45.22535" lon="-72.51097">
        <ele>202.3</ele>
      </trkpt>
      <trkpt lat="45.225" lon="-72.51191">
        <ele>202.8</ele>
      </trkpt>
      <trkpt lat="45.22481" lon="-72.51225">
        <ele>203</ele>
      </trkpt>
      <trkpt lat="45.22481" lon="-72.51226">
        <ele>203</ele>
      </trkpt>
      <trkpt lat="45.22462" lon="-72.51262">
        <ele>203.4</ele>
      </trkpt>
      <trkpt lat="45.224076" lon="-72.513448">
        <ele>205.8</ele>
      </trkpt>
      <trkpt lat="45.223532" lon="-72.514276">
        <ele>206.3</ele>
      </trkpt>
      <trkpt lat="45.222988" lon="-72.515104">
        <ele>207.4</ele>
      </trkpt>
      <trkpt lat="45.222444" lon="-72.515932">
        <ele>208</ele>
      </trkpt>
      <trkpt lat="45.2219" lon="-72.51676">
        <ele>208.8</ele>
      </trkpt>
      <trkpt lat="45.22192" lon="-72.51694">
        <ele>208.9</ele>
      </trkpt>
      <trkpt lat="45.22188" lon="-72.51695">
        <ele>208.9</ele>
      </trkpt>
      <trkpt lat="45.22181" lon="-72.51627">
        <ele>208.8</ele>
      </trkpt>
      <trkpt lat="45.22161" lon="-72.51571">
        <ele>209.2</ele>
      </trkpt>
      <trkpt lat="45.22127" lon="-72.514934">
        <ele>209.9</ele>
      </trkpt>
      <trkpt lat="45.22093" lon="-72.51416">
        <ele>209.9</ele>
      </trkpt>
      <trkpt lat="45.22048" lon="-72.51314">
        <ele>212.1</ele>
      </trkpt>
      <trkpt lat="45.2202" lon="-72.512539">
        <ele>212.7</ele>
      </trkpt>
      <trkpt lat="45.21992" lon="-72.51194">
        <ele>211.9</ele>
      </trkpt>
      <trkpt lat="45.219406" lon="-72.51244">
        <ele>207.2</ele>
      </trkpt>
      <trkpt lat="45.218893" lon="-72.51294">
        <ele>203.7</ele>
      </trkpt>
      <trkpt lat="45.21838" lon="-72.51344">
        <ele>202.1</ele>
      </trkpt>
      <trkpt lat="45.21838" lon="-72.51345">
        <ele>202.1</ele>
      </trkpt>
      <trkpt lat="45.21765" lon="-72.51414">
        <ele>202.6</ele>
      </trkpt>
      <trkpt lat="45.21719" lon="-72.514545">
        <ele>204.4</ele>
      </trkpt>
      <trkpt lat="45.21673" lon="-72.51495">
        <ele>208.8</ele>
      </trkpt>
      <trkpt lat="45.21678" lon="-72.51581">
        <ele>212.9</ele>
      </trkpt>
      <trkpt lat="45.21682" lon="-72.51616">
        <ele>213.7</ele>
      </trkpt>
      <trkpt lat="45.21709" lon="-72.51715">
        <ele>214.9</ele>
      </trkpt>
      <trkpt lat="45.21712" lon="-72.51731">
        <ele>214.8</ele>
      </trkpt>
      <trkpt lat="45.2172" lon="-72.51806">
        <ele>214.2</ele>
      </trkpt>
      <trkpt lat="45.21719" lon="-72.51836">
        <ele>213.8</ele>
      </trkpt>
      <trkpt lat="45.21709" lon="-72.51929">
        <ele>212.5</ele>
      </trkpt>
      <trkpt lat="45.21697" lon="-72.52018">
        <ele>212</ele>
      </trkpt>
      <trkpt lat="45.21741" lon="-72.52033">
        <ele>209.5</ele>
      </trkpt>
      <trkpt lat="45.2177" lon="-72.52033">
        <ele>209.2</ele>
      </trkpt>
      <trkpt lat="45.21814" lon="-72.52022">
        <ele>209.6</ele>
      </trkpt>
      <trkpt lat="45.21846" lon="-72.52019">
        <ele>209.5</ele>
      </trkpt>
      <trkpt lat="45.21854" lon="-72.5202">
        <ele>209.2</ele>
      </trkpt>
      <trkpt lat="45.21866" lon="-72.52027">
        <ele>209.2</ele>
      </trkpt>
      <trkpt lat="45.21881" lon="-72.52041">
        <ele>209</ele>
      </trkpt>
      <trkpt lat="45.21915" lon="-72.52086">
        <ele>209</ele>
      </trkpt>
      <trkpt lat="45.219495" lon="-72.521344">
        <ele>208.2</ele>
      </trkpt>
      <trkpt lat="45.21984" lon="-72.52183">
        <ele>205.9</ele>
      </trkpt>
      <trkpt lat="45.220273" lon="-72.522499">
        <ele>202.6</ele>
      </trkpt>
      <trkpt lat="45.220706" lon="-72.523169">
        <ele>200.8</ele>
      </trkpt>
      <trkpt lat="45.22114" lon="-72.52384">
        <ele>200.8</ele>
      </trkpt>
      <trkpt lat="45.22156" lon="-72.52449">
        <ele>201.8</ele>
      </trkpt>
      <trkpt lat="45.22093" lon="-72.52511">
        <ele>202.7</ele>
      </trkpt>
      <trkpt lat="45.221246" lon="-72.526253">
        <ele>202</ele>
      </trkpt>
      <trkpt lat="45.221563" lon="-72.527396">
        <ele>202.1</ele>
      </trkpt>
      <trkpt lat="45.22188" lon="-72.52854">
        <ele>202.3</ele>
      </trkpt>
      <trkpt lat="45.22205" lon="-72.52914">
        <ele>202.6</ele>
      </trkpt>
      <trkpt lat="45.22218" lon="-72.52972">
        <ele>202.9</ele>
      </trkpt>
      <trkpt lat="45.22227" lon="-72.53042">
        <ele>202.8</ele>
      </trkpt>
      <trkpt lat="45.222293" lon="-72.531309">
        <ele>202.5</ele>
      </trkpt>
      <trkpt lat="45.222316" lon="-72.532199">
        <ele>202.3</ele>
      </trkpt>
      <trkpt lat="45.22234" lon="-72.53309">
        <ele>202</ele>
      </trkpt>
    </trkseg>
  </trk>
</gpx>