<?xml version='1.0' encoding='utf-8'?>
<gpx xmlns="http://www.topografix.com/GPX/1/1" xmlns:xsi="http://www.w3.org/2001/XMLSchema-instance" version="1.1" creator="Gravelle Estrie" xsi:schemaLocation="http://www.topografix.com/GPX/1/1 http://www.topografix.com/GPX/1/1/gpx.xsd">
  <metadata>
    <name>Old Guitar</name>
  </metadata>
  <trk>
    <name>Old Guitar</name>
    <trkseg>
      <trkpt lat="45.34327" lon="-72.64921">
        <ele>133.1</ele>
      </trkpt>
      <trkpt lat="45.343165" lon="-72.648569">
        <ele>133.8</ele>
      </trkpt>
      <trkpt lat="45.34306" lon="-72.64793">
        <ele>134.2</ele>
      </trkpt>
      <trkpt lat="45.342917" lon="-72.646964">
        <ele>133.6</ele>
      </trkpt>
      <trkpt lat="45.342775" lon="-72.645999">
        <ele>133.5</ele>
      </trkpt>
      <trkpt lat="45.342632" lon="-72.645034">
        <ele>133.9</ele>
      </trkpt>
      <trkpt lat="45.34249" lon="-72.64407">
        <ele>134.3</ele>
      </trkpt>
      <trkpt lat="45.34214" lon="-72.64295">
        <ele>135</ele>
      </trkpt>
      <trkpt lat="45.34169" lon="-72.64192">
        <ele>136.1</ele>
      </trkpt>
      <trkpt lat="45.34118" lon="-72.640941">
        <ele>137.1</ele>
      </trkpt>
      <trkpt lat="45.34067" lon="-72.639963">
        <ele>137.8</ele>
      </trkpt>
      <trkpt lat="45.34016" lon="-72.638985">
        <ele>139.1</ele>
      </trkpt>
      <trkpt lat="45.33965" lon="-72.638007">
        <ele>140.4</ele>
      </trkpt>
      <trkpt lat="45.33914" lon="-72.63703">
        <ele>141.4</ele>
      </trkpt>
      <trkpt lat="45.33878" lon="-72.63624">
        <ele>142.1</ele>
      </trkpt>
      <trkpt lat="45.33861" lon="-72.6357">
        <ele>142.6</ele>
      </trkpt>
      <trkpt lat="45.338455" lon="-72.634874">
        <ele>143.2</ele>
      </trkpt>
      <trkpt lat="45.3383" lon="-72.63405">
        <ele>143.2</ele>
      </trkpt>
      <trkpt lat="45.33816" lon="-72.632839">
        <ele>143.6</ele>
      </trkpt>
      <trkpt lat="45.33802" lon="-72.63163">
        <ele>143.7</ele>
      </trkpt>
      <trkpt lat="45.33784" lon="-72.630939">
        <ele>143.9</ele>
      </trkpt>
      <trkpt lat="45.33766" lon="-72.63025">
        <ele>144</ele>
      </trkpt>
      <trkpt lat="45.33742" lon="-72.629679">
        <ele>144.1</ele>
      </trkpt>
      <trkpt lat="45.33718" lon="-72.62911">
        <ele>144.9</ele>
      </trkpt>
      <trkpt lat="45.33667" lon="-72.628104">
        <ele>146.1</ele>
      </trkpt>
      <trkpt lat="45.33616" lon="-72.627099">
        <ele>147.1</ele>
      </trkpt>
      <trkpt lat="45.33565" lon="-72.626094">
        <ele>147.7</ele>
      </trkpt>
      <trkpt lat="45.33514" lon="-72.625089">
        <ele>147.9</ele>
      </trkpt>
      <trkpt lat="45.33463" lon="-72.624084">
        <ele>148.1</ele>
      </trkpt>
      <trkpt lat="45.33412" lon="-72.62308">
        <ele>148.5</ele>
      </trkpt>
      <trkpt lat="45.333765" lon="-72.622379">
        <ele>149</ele>
      </trkpt>
      <trkpt lat="45.33341" lon="-72.62168">
        <ele>150.9</ele>
      </trkpt>
      <trkpt lat="45.333105" lon="-72.621009">
        <ele>150.4</ele>
      </trkpt>
      <trkpt lat="45.3328" lon="-72.62034">
        <ele>150.3</ele>
      </trkpt>
      <trkpt lat="45.33246" lon="-72.61922">
        <ele>150.8</ele>
      </trkpt>
      <trkpt lat="45.33222" lon="-72.61806">
        <ele>150.8</ele>
      </trkpt>
      <trkpt lat="45.332037" lon="-72.616842">
        <ele>151.2</ele>
      </trkpt>
      <trkpt lat="45.331855" lon="-72.615624">
        <ele>152.4</ele>
      </trkpt>
      <trkpt lat="45.331672" lon="-72.614407">
        <ele>153</ele>
      </trkpt>
      <trkpt lat="45.33149" lon="-72.61319">
        <ele>153.3</ele>
      </trkpt>
      <trkpt lat="45.33128" lon="-72.61229">
        <ele>154.1</ele>
      </trkpt>
      <trkpt lat="45.33098" lon="-72.61143">
        <ele>155.2</ele>
      </trkpt>
      <trkpt lat="45.33063" lon="-72.61067">
        <ele>156.9</ele>
      </trkpt>
      <trkpt lat="45.3303" lon="-72.61009">
        <ele>157.8</ele>
      </trkpt>
      <trkpt lat="45.32995" lon="-72.60956">
        <ele>158.8</ele>
      </trkpt>
      <trkpt lat="45.329446" lon="-72.608843">
        <ele>158.8</ele>
      </trkpt>
      <trkpt lat="45.328943" lon="-72.608126">
        <ele>159.6</ele>
      </trkpt>
      <trkpt lat="45.32844" lon="-72.60741">
        <ele>160.6</ele>
      </trkpt>
      <trkpt lat="45.32801" lon="-72.6066">
        <ele>161.5</ele>
      </trkpt>
      <trkpt lat="45.32758" lon="-72.60548">
        <ele>163</ele>
      </trkpt>
      <trkpt lat="45.327221" lon="-72.604428">
        <ele>163.9</ele>
      </trkpt>
      <trkpt lat="45.326863" lon="-72.603376">
        <ele>165.1</ele>
      </trkpt>
      <trkpt lat="45.326505" lon="-72.602324">
        <ele>166.7</ele>
      </trkpt>
      <trkpt lat="45.326146" lon="-72.601273">
        <ele>167.6</ele>
      </trkpt>
      <trkpt lat="45.325788" lon="-72.600221">
        <ele>168.5</ele>
      </trkpt>
      <trkpt lat="45.32543" lon="-72.59917">
        <ele>169.5</ele>
      </trkpt>
      <trkpt lat="45.32507" lon="-72.598123">
        <ele>170.6</ele>
      </trkpt>
      <trkpt lat="45.32471" lon="-72.597076">
        <ele>171.4</ele>
      </trkpt>
      <trkpt lat="45.32435" lon="-72.59603">
        <ele>172.1</ele>
      </trkpt>
      <trkpt lat="45.3241" lon="-72.59519">
        <ele>173</ele>
      </trkpt>
      <trkpt lat="45.32396" lon="-72.59456">
        <ele>173.7</ele>
      </trkpt>
      <trkpt lat="45.3238" lon="-72.59334">
        <ele>176.1</ele>
      </trkpt>
      <trkpt lat="45.323019" lon="-72.593294">
        <ele>175.4</ele>
      </trkpt>
      <trkpt lat="45.32224" lon="-72.59325">
        <ele>173.1</ele>
      </trkpt>
      <trkpt lat="45.321487" lon="-72.593207">
        <ele>170.9</ele>
      </trkpt>
      <trkpt lat="45.320735" lon="-72.593164">
        <ele>169.1</ele>
      </trkpt>
      <trkpt lat="45.319982" lon="-72.593122">
        <ele>164.8</ele>
      </trkpt>
      <trkpt lat="45.31923" lon="-72.59308">
        <ele>161.9</ele>
      </trkpt>
      <trkpt lat="45.31902" lon="-72.59308">
        <ele>161.7</ele>
      </trkpt>
      <trkpt lat="45.31882" lon="-72.59317">
        <ele>161.7</ele>
      </trkpt>
      <trkpt lat="45.31864" lon="-72.5933">
        <ele>161.9</ele>
      </trkpt>
      <trkpt lat="45.31847" lon="-72.59348">
        <ele>161.9</ele>
      </trkpt>
      <trkpt lat="45.31812" lon="-72.59404">
        <ele>161.3</ele>
      </trkpt>
      <trkpt lat="45.31777" lon="-72.5946">
        <ele>160.6</ele>
      </trkpt>
      <trkpt lat="45.31754" lon="-72.59489">
        <ele>160.1</ele>
      </trkpt>
      <trkpt lat="45.31736" lon="-72.59505">
        <ele>160</ele>
      </trkpt>
      <trkpt lat="45.31716" lon="-72.59509">
        <ele>159.8</ele>
      </trkpt>
      <trkpt lat="45.31705" lon="-72.59511">
        <ele>159.7</ele>
      </trkpt>
      <trkpt lat="45.31624" lon="-72.59512">
        <ele>160.8</ele>
      </trkpt>
      <trkpt lat="45.315363" lon="-72.59516">
        <ele>160.3</ele>
      </trkpt>
      <trkpt lat="45.314486" lon="-72.5952">
        <ele>160</ele>
      </trkpt>
      <trkpt lat="45.31361" lon="-72.59524">
        <ele>162</ele>
      </trkpt>
      <trkpt lat="45.312894" lon="-72.595255">
        <ele>161.7</ele>
      </trkpt>
      <trkpt lat="45.31218" lon="-72.59527">
        <ele>159.6</ele>
      </trkpt>
      <trkpt lat="45.311377" lon="-72.59531">
        <ele>157.7</ele>
      </trkpt>
      <trkpt lat="45.310575" lon="-72.59535">
        <ele>156.8</ele>
      </trkpt>
      <trkpt lat="45.309772" lon="-72.59539">
        <ele>156.1</ele>
      </trkpt>
      <trkpt lat="45.30897" lon="-72.59543">
        <ele>156.3</ele>
      </trkpt>
      <trkpt lat="45.30896" lon="-72.59543">
        <ele>156.3</ele>
      </trkpt>
      <trkpt lat="45.30812" lon="-72.595465">
        <ele>154.8</ele>
      </trkpt>
      <trkpt lat="45.30728" lon="-72.5955">
        <ele>155.9</ele>
      </trkpt>
      <trkpt lat="45.307281" lon="-72.594248">
        <ele>157.4</ele>
      </trkpt>
      <trkpt lat="45.307283" lon="-72.592996">
        <ele>159.1</ele>
      </trkpt>
      <trkpt lat="45.307285" lon="-72.591745">
        <ele>159.2</ele>
      </trkpt>
      <trkpt lat="45.307286" lon="-72.590493">
        <ele>162.8</ele>
      </trkpt>
      <trkpt lat="45.307288" lon="-72.589241">
        <ele>166.9</ele>
      </trkpt>
      <trkpt lat="45.30729" lon="-72.58799">
        <ele>170.4</ele>
      </trkpt>
      <trkpt lat="45.307275" lon="-72.587179">
        <ele>172.4</ele>
      </trkpt>
      <trkpt lat="45.30726" lon="-72.58637">
        <ele>173.3</ele>
      </trkpt>
      <trkpt lat="45.307256" lon="-72.585101">
        <ele>172</ele>
      </trkpt>
      <trkpt lat="45.307253" lon="-72.583833">
        <ele>167.1</ele>
      </trkpt>
      <trkpt lat="45.30725" lon="-72.582564">
        <ele>164.4</ele>
      </trkpt>
      <trkpt lat="45.307246" lon="-72.581296">
        <ele>166.9</ele>
      </trkpt>
      <trkpt lat="45.307243" lon="-72.580028">
        <ele>168.9</ele>
      </trkpt>
      <trkpt lat="45.30724" lon="-72.57876">
        <ele>168.2</ele>
      </trkpt>
      <trkpt lat="45.307245" lon="-72.57778">
        <ele>168.6</ele>
      </trkpt>
      <trkpt lat="45.30725" lon="-72.5768">
        <ele>170.5</ele>
      </trkpt>
      <trkpt lat="45.307255" lon="-72.57582">
        <ele>171.6</ele>
      </trkpt>
      <trkpt lat="45.30726" lon="-72.57484">
        <ele>175.7</ele>
      </trkpt>
      <trkpt lat="45.30726" lon="-72.57485">
        <ele>175.7</ele>
      </trkpt>
      <trkpt lat="45.307272" lon="-72.573787">
        <ele>182.5</ele>
      </trkpt>
      <trkpt lat="45.307285" lon="-72.572725">
        <ele>186.1</ele>
      </trkpt>
      <trkpt lat="45.307297" lon="-72.571662">
        <ele>192.8</ele>
      </trkpt>
      <trkpt lat="45.30731" lon="-72.5706">
        <ele>193.1</ele>
      </trkpt>
      <trkpt lat="45.30734" lon="-72.57015">
        <ele>193.4</ele>
      </trkpt>
      <trkpt lat="45.30742" lon="-72.56963">
        <ele>194.4</ele>
      </trkpt>
      <trkpt lat="45.30756" lon="-72.56896">
        <ele>197.9</ele>
      </trkpt>
      <trkpt lat="45.3076" lon="-72.56855">
        <ele>200.6</ele>
      </trkpt>
      <trkpt lat="45.30758" lon="-72.56814">
        <ele>205.4</ele>
      </trkpt>
      <trkpt lat="45.30744" lon="-72.566974">
        <ele>207.3</ele>
      </trkpt>
      <trkpt lat="45.3073" lon="-72.56581">
        <ele>207.7</ele>
      </trkpt>
      <trkpt lat="45.30727" lon="-72.56505">
        <ele>208.6</ele>
      </trkpt>
      <trkpt lat="45.307267" lon="-72.564089">
        <ele>210.2</ele>
      </trkpt>
      <trkpt lat="45.307265" lon="-72.563129">
        <ele>212.9</ele>
      </trkpt>
      <trkpt lat="45.307262" lon="-72.562169">
        <ele>216.5</ele>
      </trkpt>
      <trkpt lat="45.30726" lon="-72.56121">
        <ele>221.4</ele>
      </trkpt>
      <trkpt lat="45.307266" lon="-72.560136">
        <ele>223.9</ele>
      </trkpt>
      <trkpt lat="45.307273" lon="-72.559063">
        <ele>226.4</ele>
      </trkpt>
      <trkpt lat="45.30728" lon="-72.55799">
        <ele>226.6</ele>
      </trkpt>
      <trkpt lat="45.307286" lon="-72.556916">
        <ele>225.9</ele>
      </trkpt>
      <trkpt lat="45.307293" lon="-72.555843">
        <ele>225.6</ele>
      </trkpt>
      <trkpt lat="45.3073" lon="-72.55477">
        <ele>225.5</ele>
      </trkpt>
      <trkpt lat="45.307316" lon="-72.553546">
        <ele>225.5</ele>
      </trkpt>
      <trkpt lat="45.307333" lon="-72.552323">
        <ele>226.2</ele>
      </trkpt>
      <trkpt lat="45.30735" lon="-72.5511">
        <ele>227.1</ele>
      </trkpt>
      <trkpt lat="45.307355" lon="-72.549823">
        <ele>227.2</ele>
      </trkpt>
      <trkpt lat="45.30736" lon="-72.548546">
        <ele>228.3</ele>
      </trkpt>
      <trkpt lat="45.307365" lon="-72.54727">
        <ele>228.4</ele>
      </trkpt>
      <trkpt lat="45.30737" lon="-72.545993">
        <ele>228.7</ele>
      </trkpt>
      <trkpt lat="45.307375" lon="-72.544716">
        <ele>228.8</ele>
      </trkpt>
      <trkpt lat="45.30738" lon="-72.54344">
        <ele>230.2</ele>
      </trkpt>
      <trkpt lat="45.307388" lon="-72.542255">
        <ele>230.4</ele>
      </trkpt>
      <trkpt lat="45.307397" lon="-72.541071">
        <ele>231.2</ele>
      </trkpt>
      <trkpt lat="45.307405" lon="-72.539887">
        <ele>230.8</ele>
      </trkpt>
      <trkpt lat="45.307414" lon="-72.538702">
        <ele>228.2</ele>
      </trkpt>
      <trkpt lat="45.307422" lon="-72.537518">
        <ele>226.3</ele>
      </trkpt>
      <trkpt lat="45.307431" lon="-72.536334">
        <ele>227.6</ele>
      </trkpt>
      <trkpt lat="45.30744" lon="-72.53515">
        <ele>230.1</ele>
      </trkpt>
      <trkpt lat="45.307442" lon="-72.53405">
        <ele>227.9</ele>
      </trkpt>
      <trkpt lat="45.307445" lon="-72.53295">
        <ele>227</ele>
      </trkpt>
      <trkpt lat="45.307448" lon="-72.53185">
        <ele>227</ele>
      </trkpt>
      <trkpt lat="45.307451" lon="-72.53075">
        <ele>226.1</ele>
      </trkpt>
      <trkpt lat="45.307454" lon="-72.52965">
        <ele>224.3</ele>
      </trkpt>
      <trkpt lat="45.307457" lon="-72.52855">
        <ele>224.7</ele>
      </trkpt>
      <trkpt lat="45.30746" lon="-72.52745">
        <ele>222.5</ele>
      </trkpt>
      <trkpt lat="45.30749" lon="-72.527">
        <ele>220.1</ele>
      </trkpt>
      <trkpt lat="45.30758" lon="-72.52656">
        <ele>216.6</ele>
      </trkpt>
      <trkpt lat="45.307785" lon="-72.525755">
        <ele>209.9</ele>
      </trkpt>
      <trkpt lat="45.30799" lon="-72.52495">
        <ele>207.5</ele>
      </trkpt>
      <trkpt lat="45.308095" lon="-72.524165">
        <ele>209.5</ele>
      </trkpt>
      <trkpt lat="45.3082" lon="-72.52338">
        <ele>213.2</ele>
      </trkpt>
      <trkpt lat="45.3083" lon="-72.52284">
        <ele>214.4</ele>
      </trkpt>
      <trkpt lat="45.30853" lon="-72.521797">
        <ele>217.4</ele>
      </trkpt>
      <trkpt lat="45.30876" lon="-72.520755">
        <ele>220.9</ele>
      </trkpt>
      <trkpt lat="45.30899" lon="-72.519712">
        <ele>223.6</ele>
      </trkpt>
      <trkpt lat="45.30922" lon="-72.51867">
        <ele>225.7</ele>
      </trkpt>
      <trkpt lat="45.3094" lon="-72.51742">
        <ele>226.5</ele>
      </trkpt>
      <trkpt lat="45.309465" lon="-72.516715">
        <ele>227.7</ele>
      </trkpt>
      <trkpt lat="45.30953" lon="-72.51601">
        <ele>228.8</ele>
      </trkpt>
      <trkpt lat="45.30958" lon="-72.51526">
        <ele>229.6</ele>
      </trkpt>
      <trkpt lat="45.30963" lon="-72.51451">
        <ele>230.6</ele>
      </trkpt>
      <trkpt lat="45.30965" lon="-72.51401">
        <ele>230.2</ele>
      </trkpt>
      <trkpt lat="45.30964" lon="-72.51358">
        <ele>229.3</ele>
      </trkpt>
      <trkpt lat="45.30959" lon="-72.51232">
        <ele>226</ele>
      </trkpt>
      <trkpt lat="45.30954" lon="-72.51191">
        <ele>226.2</ele>
      </trkpt>
      <trkpt lat="45.30951" lon="-72.51172">
        <ele>226.7</ele>
      </trkpt>
      <trkpt lat="45.30924" lon="-72.51075">
        <ele>230.3</ele>
      </trkpt>
      <trkpt lat="45.30903" lon="-72.51025">
        <ele>229</ele>
      </trkpt>
      <trkpt lat="45.30863" lon="-72.509369">
        <ele>223.8</ele>
      </trkpt>
      <trkpt lat="45.30823" lon="-72.508489">
        <ele>223.3</ele>
      </trkpt>
      <trkpt lat="45.30783" lon="-72.50761">
        <ele>226.5</ele>
      </trkpt>
      <trkpt lat="45.3077" lon="-72.50722">
        <ele>227.2</ele>
      </trkpt>
      <trkpt lat="45.30757" lon="-72.50663">
        <ele>226.5</ele>
      </trkpt>
      <trkpt lat="45.30752" lon="-72.50596">
        <ele>224.4</ele>
      </trkpt>
      <trkpt lat="45.307536" lon="-72.504996">
        <ele>223</ele>
      </trkpt>
      <trkpt lat="45.307553" lon="-72.504033">
        <ele>223</ele>
      </trkpt>
      <trkpt lat="45.30757" lon="-72.50307">
        <ele>223.9</ele>
      </trkpt>
      <trkpt lat="45.307566" lon="-72.502193">
        <ele>223.8</ele>
      </trkpt>
      <trkpt lat="45.307563" lon="-72.501316">
        <ele>222.9</ele>
      </trkpt>
      <trkpt lat="45.30756" lon="-72.50044">
        <ele>221.3</ele>
      </trkpt>
      <trkpt lat="45.30756" lon="-72.50045">
        <ele>221.4</ele>
      </trkpt>
      <trkpt lat="45.307565" lon="-72.499795">
        <ele>220.1</ele>
      </trkpt>
      <trkpt lat="45.30757" lon="-72.49914">
        <ele>220.6</ele>
      </trkpt>
      <trkpt lat="45.3082" lon="-72.49932">
        <ele>222.2</ele>
      </trkpt>
      <trkpt lat="45.30848" lon="-72.49933">
        <ele>222.9</ele>
      </trkpt>
      <trkpt lat="45.30883" lon="-72.4993">
        <ele>223.9</ele>
      </trkpt>
      <trkpt lat="45.30868" lon="-72.49864">
        <ele>224.7</ele>
      </trkpt>
      <trkpt lat="45.30841" lon="-72.497719">
        <ele>225.8</ele>
      </trkpt>
      <trkpt lat="45.30814" lon="-72.4968">
        <ele>227.7</ele>
      </trkpt>
      <trkpt lat="45.30791" lon="-72.496024">
        <ele>231.3</ele>
      </trkpt>
      <trkpt lat="45.30768" lon="-72.49525">
        <ele>235.5</ele>
      </trkpt>
      <trkpt lat="45.30758" lon="-72.49463">
        <ele>238.7</ele>
      </trkpt>
      <trkpt lat="45.30756" lon="-72.49392">
        <ele>243.8</ele>
      </trkpt>
      <trkpt lat="45.307553" lon="-72.492736">
        <ele>249.2</ele>
      </trkpt>
      <trkpt lat="45.307546" lon="-72.491553">
        <ele>252.9</ele>
      </trkpt>
      <trkpt lat="45.30754" lon="-72.49037">
        <ele>256.7</ele>
      </trkpt>
      <trkpt lat="45.30752" lon="-72.48957">
        <ele>260.8</ele>
      </trkpt>
      <trkpt lat="45.30745" lon="-72.48905">
        <ele>263.2</ele>
      </trkpt>
      <trkpt lat="45.30741" lon="-72.48882">
        <ele>263.6</ele>
      </trkpt>
      <trkpt lat="45.307195" lon="-72.487989">
        <ele>266.3</ele>
      </trkpt>
      <trkpt lat="45.30698" lon="-72.48716">
        <ele>267.4</ele>
      </trkpt>
      <trkpt lat="45.30689" lon="-72.48707">
        <ele>267.7</ele>
      </trkpt>
      <trkpt lat="45.30678" lon="-72.48706">
        <ele>267.8</ele>
      </trkpt>
      <trkpt lat="45.306163" lon="-72.487316">
        <ele>265.9</ele>
      </trkpt>
      <trkpt lat="45.305546" lon="-72.487573">
        <ele>263.9</ele>
      </trkpt>
      <trkpt lat="45.30493" lon="-72.48783">
        <ele>261.5</ele>
      </trkpt>
      <trkpt lat="45.30492" lon="-72.48783">
        <ele>261.5</ele>
      </trkpt>
      <trkpt lat="45.30419" lon="-72.4881">
        <ele>259.1</ele>
      </trkpt>
      <trkpt lat="45.30375" lon="-72.4883">
        <ele>256.8</ele>
      </trkpt>
      <trkpt lat="45.30321" lon="-72.4885">
        <ele>254.1</ele>
      </trkpt>
      <trkpt lat="45.30307" lon="-72.48858">
        <ele>252.6</ele>
      </trkpt>
      <trkpt lat="45.3028" lon="-72.4888">
        <ele>251.4</ele>
      </trkpt>
      <trkpt lat="45.30209" lon="-72.489506">
        <ele>248.6</ele>
      </trkpt>
      <trkpt lat="45.30138" lon="-72.490213">
        <ele>245.4</ele>
      </trkpt>
      <trkpt lat="45.30067" lon="-72.49092">
        <ele>242.6</ele>
      </trkpt>
      <trkpt lat="45.299975" lon="-72.491585">
        <ele>238.7</ele>
      </trkpt>
      <trkpt lat="45.29928" lon="-72.49225">
        <ele>234.2</ele>
      </trkpt>
      <trkpt lat="45.298915" lon="-72.492655">
        <ele>233</ele>
      </trkpt>
      <trkpt lat="45.29855" lon="-72.49306">
        <ele>230.5</ele>
      </trkpt>
      <trkpt lat="45.2981" lon="-72.49351">
        <ele>228.9</ele>
      </trkpt>
      <trkpt lat="45.297715" lon="-72.49393">
        <ele>227</ele>
      </trkpt>
      <trkpt lat="45.29733" lon="-72.49435">
        <ele>224.5</ele>
      </trkpt>
      <trkpt lat="45.29706" lon="-72.49455">
        <ele>224.1</ele>
      </trkpt>
      <trkpt lat="45.29703" lon="-72.49449">
        <ele>224.4</ele>
      </trkpt>
      <trkpt lat="45.29698" lon="-72.493799">
        <ele>226.4</ele>
      </trkpt>
      <trkpt lat="45.29693" lon="-72.49311">
        <ele>228.3</ele>
      </trkpt>
      <trkpt lat="45.29691" lon="-72.49262">
        <ele>231.3</ele>
      </trkpt>
      <trkpt lat="45.296912" lon="-72.491472">
        <ele>235</ele>
      </trkpt>
      <trkpt lat="45.296915" lon="-72.490325">
        <ele>239.2</ele>
      </trkpt>
      <trkpt lat="45.296918" lon="-72.489178">
        <ele>242.4</ele>
      </trkpt>
      <trkpt lat="45.296921" lon="-72.488031">
        <ele>242.5</ele>
      </trkpt>
      <trkpt lat="45.296924" lon="-72.486884">
        <ele>243.2</ele>
      </trkpt>
      <trkpt lat="45.296927" lon="-72.485737">
        <ele>243.6</ele>
      </trkpt>
      <trkpt lat="45.29693" lon="-72.48459">
        <ele>244.1</ele>
      </trkpt>
      <trkpt lat="45.29693" lon="-72.4846">
        <ele>244.1</ele>
      </trkpt>
      <trkpt lat="45.296934" lon="-72.483408">
        <ele>244</ele>
      </trkpt>
      <trkpt lat="45.296938" lon="-72.482216">
        <ele>245.8</ele>
      </trkpt>
      <trkpt lat="45.296942" lon="-72.481024">
        <ele>248</ele>
      </trkpt>
      <trkpt lat="45.296946" lon="-72.479832">
        <ele>248.6</ele>
      </trkpt>
      <trkpt lat="45.29695" lon="-72.47864">
        <ele>247.6</ele>
      </trkpt>
      <trkpt lat="45.29696" lon="-72.47835">
        <ele>247.7</ele>
      </trkpt>
      <trkpt lat="45.297223" lon="-72.477333">
        <ele>248.5</ele>
      </trkpt>
      <trkpt lat="45.297486" lon="-72.476316">
        <ele>248.8</ele>
      </trkpt>
      <trkpt lat="45.29775" lon="-72.4753">
        <ele>249</ele>
      </trkpt>
      <trkpt lat="45.298013" lon="-72.47435">
        <ele>252.5</ele>
      </trkpt>
      <trkpt lat="45.298276" lon="-72.4734">
        <ele>254.8</ele>
      </trkpt>
      <trkpt lat="45.29854" lon="-72.47245">
        <ele>256.2</ele>
      </trkpt>
      <trkpt lat="45.297955" lon="-72.471854">
        <ele>255.5</ele>
      </trkpt>
      <trkpt lat="45.29737" lon="-72.47126">
        <ele>255.2</ele>
      </trkpt>
      <trkpt lat="45.296955" lon="-72.470814">
        <ele>254.4</ele>
      </trkpt>
      <trkpt lat="45.29654" lon="-72.47037">
        <ele>253.5</ele>
      </trkpt>
      <trkpt lat="45.2962" lon="-72.47">
        <ele>252.9</ele>
      </trkpt>
      <trkpt lat="45.2955" lon="-72.469298">
        <ele>251.7</ele>
      </trkpt>
      <trkpt lat="45.2948" lon="-72.468597">
        <ele>250.4</ele>
      </trkpt>
      <trkpt lat="45.2941" lon="-72.467895">
        <ele>249.6</ele>
      </trkpt>
      <trkpt lat="45.2934" lon="-72.467194">
        <ele>247.3</ele>
      </trkpt>
      <trkpt lat="45.2927" lon="-72.466492">
        <ele>244</ele>
      </trkpt>
      <trkpt lat="45.292" lon="-72.465791">
        <ele>239.7</ele>
      </trkpt>
      <trkpt lat="45.2913" lon="-72.46509">
        <ele>237.4</ele>
      </trkpt>
      <trkpt lat="45.29062" lon="-72.464479">
        <ele>235.3</ele>
      </trkpt>
      <trkpt lat="45.28994" lon="-72.46387">
        <ele>232.7</ele>
      </trkpt>
      <trkpt lat="45.28933" lon="-72.463349">
        <ele>228.8</ele>
      </trkpt>
      <trkpt lat="45.28872" lon="-72.462829">
        <ele>225.5</ele>
      </trkpt>
      <trkpt lat="45.28811" lon="-72.46231">
        <ele>223.3</ele>
      </trkpt>
      <trkpt lat="45.287462" lon="-72.461767">
        <ele>218.6</ele>
      </trkpt>
      <trkpt lat="45.286815" lon="-72.461224">
        <ele>218.2</ele>
      </trkpt>
      <trkpt lat="45.286167" lon="-72.460682">
        <ele>218.3</ele>
      </trkpt>
      <trkpt lat="45.28552" lon="-72.46014">
        <ele>216.3</ele>
      </trkpt>
      <trkpt lat="45.28487" lon="-72.45965">
        <ele>215.9</ele>
      </trkpt>
      <trkpt lat="45.284176" lon="-72.459146">
        <ele>215.6</ele>
      </trkpt>
      <trkpt lat="45.283483" lon="-72.458643">
        <ele>215.2</ele>
      </trkpt>
      <trkpt lat="45.28279" lon="-72.45814">
        <ele>216.4</ele>
      </trkpt>
      <trkpt lat="45.28221" lon="-72.45769">
        <ele>218.5</ele>
      </trkpt>
      <trkpt lat="45.28152" lon="-72.457039">
        <ele>222.4</ele>
      </trkpt>
      <trkpt lat="45.28083" lon="-72.45639">
        <ele>225.7</ele>
      </trkpt>
      <trkpt lat="45.280233" lon="-72.455866">
        <ele>234.3</ele>
      </trkpt>
      <trkpt lat="45.279636" lon="-72.455343">
        <ele>240.4</ele>
      </trkpt>
      <trkpt lat="45.27904" lon="-72.45482">
        <ele>246</ele>
      </trkpt>
      <trkpt lat="45.27879" lon="-72.45456">
        <ele>248.7</ele>
      </trkpt>
      <trkpt lat="45.27851" lon="-72.45422">
        <ele>250.9</ele>
      </trkpt>
      <trkpt lat="45.27816" lon="-72.45384">
        <ele>252.4</ele>
      </trkpt>
      <trkpt lat="45.27782" lon="-72.45339">
        <ele>254.8</ele>
      </trkpt>
      <trkpt lat="45.277325" lon="-72.452674">
        <ele>262.2</ele>
      </trkpt>
      <trkpt lat="45.27683" lon="-72.45196">
        <ele>265.6</ele>
      </trkpt>
      <trkpt lat="45.27648" lon="-72.45147">
        <ele>269.4</ele>
      </trkpt>
      <trkpt lat="45.27602" lon="-72.4509">
        <ele>273.3</ele>
      </trkpt>
      <trkpt lat="45.27588" lon="-72.45076">
        <ele>275.4</ele>
      </trkpt>
      <trkpt lat="45.27558" lon="-72.45053">
        <ele>276.2</ele>
      </trkpt>
      <trkpt lat="45.27485" lon="-72.45016">
        <ele>277.8</ele>
      </trkpt>
      <trkpt lat="45.274152" lon="-72.449847">
        <ele>278.4</ele>
      </trkpt>
      <trkpt lat="45.273454" lon="-72.449535">
        <ele>279.4</ele>
      </trkpt>
      <trkpt lat="45.272756" lon="-72.449223">
        <ele>280.8</ele>
      </trkpt>
      <trkpt lat="45.272058" lon="-72.448911">
        <ele>281.6</ele>
      </trkpt>
      <trkpt lat="45.27136" lon="-72.4486">
        <ele>283.3</ele>
      </trkpt>
      <trkpt lat="45.27099" lon="-72.44839">
        <ele>284.2</ele>
      </trkpt>
      <trkpt lat="45.27065" lon="-72.44813">
        <ele>284.9</ele>
      </trkpt>
      <trkpt lat="45.2703" lon="-72.44779">
        <ele>284.8</ele>
      </trkpt>
      <trkpt lat="45.269833" lon="-72.447233">
        <ele>283.3</ele>
      </trkpt>
      <trkpt lat="45.269366" lon="-72.446676">
        <ele>281.2</ele>
      </trkpt>
      <trkpt lat="45.2689" lon="-72.44612">
        <ele>278.5</ele>
      </trkpt>
      <trkpt lat="45.26853" lon="-72.445689">
        <ele>276.8</ele>
      </trkpt>
      <trkpt lat="45.26816" lon="-72.44526">
        <ele>275.9</ele>
      </trkpt>
      <trkpt lat="45.26762" lon="-72.44475">
        <ele>276.6</ele>
      </trkpt>
      <trkpt lat="45.267006" lon="-72.444199">
        <ele>277.3</ele>
      </trkpt>
      <trkpt lat="45.266393" lon="-72.443649">
        <ele>278.1</ele>
      </trkpt>
      <trkpt lat="45.26578" lon="-72.4431">
        <ele>280.5</ele>
      </trkpt>
      <trkpt lat="45.26524" lon="-72.44255">
        <ele>282.7</ele>
      </trkpt>
      <trkpt lat="45.26489" lon="-72.44215">
        <ele>283.9</ele>
      </trkpt>
      <trkpt lat="45.26449" lon="-72.44158">
        <ele>286.2</ele>
      </trkpt>
      <trkpt lat="45.26427" lon="-72.44122">
        <ele>287.1</ele>
      </trkpt>
      <trkpt lat="45.26398" lon="-72.44057">
        <ele>289.8</ele>
      </trkpt>
      <trkpt lat="45.263745" lon="-72.439954">
        <ele>292.4</ele>
      </trkpt>
      <trkpt lat="45.26351" lon="-72.43934">
        <ele>295.5</ele>
      </trkpt>
      <trkpt lat="45.26343" lon="-72.43917">
        <ele>295.5</ele>
      </trkpt>
      <trkpt lat="45.26328" lon="-72.439">
        <ele>295.7</ele>
      </trkpt>
      <trkpt lat="45.26314" lon="-72.43893">
        <ele>295.8</ele>
      </trkpt>
      <trkpt lat="45.26255" lon="-72.43891">
        <ele>295</ele>
      </trkpt>
      <trkpt lat="45.26181" lon="-72.43895">
        <ele>291.8</ele>
      </trkpt>
      <trkpt lat="45.2618" lon="-72.43895">
        <ele>291.8</ele>
      </trkpt>
      <trkpt lat="45.26115" lon="-72.43899">
        <ele>289.2</ele>
      </trkpt>
      <trkpt lat="45.260595" lon="-72.439005">
        <ele>289.8</ele>
      </trkpt>
      <trkpt lat="45.26004" lon="-72.43902">
        <ele>292.6</ele>
      </trkpt>
      <trkpt lat="45.25977" lon="-72.43898">
        <ele>292.8</ele>
      </trkpt>
      <trkpt lat="45.25951" lon="-72.43886">
        <ele>293.1</ele>
      </trkpt>
      <trkpt lat="45.25874" lon="-72.43827">
        <ele>298.1</ele>
      </trkpt>
      <trkpt lat="45.25847" lon="-72.43804">
        <ele>301.3</ele>
      </trkpt>
      <trkpt lat="45.25805" lon="-72.43764">
        <ele>305.7</ele>
      </trkpt>
      <trkpt lat="45.25766" lon="-72.437229">
        <ele>308.7</ele>
      </trkpt>
      <trkpt lat="45.25727" lon="-72.43682">
        <ele>310.1</ele>
      </trkpt>
      <trkpt lat="45.256805" lon="-72.436529">
        <ele>309.4</ele>
      </trkpt>
      <trkpt lat="45.25634" lon="-72.43624">
        <ele>308.7</ele>
      </trkpt>
      <trkpt lat="45.255785" lon="-72.435864">
        <ele>308.8</ele>
      </trkpt>
      <trkpt lat="45.25523" lon="-72.43549">
        <ele>308.4</ele>
      </trkpt>
      <trkpt lat="45.254585" lon="-72.435224">
        <ele>314.4</ele>
      </trkpt>
      <trkpt lat="45.25394" lon="-72.43496">
        <ele>319.1</ele>
      </trkpt>
      <trkpt lat="45.25332" lon="-72.43486">
        <ele>323</ele>
      </trkpt>
      <trkpt lat="45.252799" lon="-72.43486">
        <ele>326.1</ele>
      </trkpt>
      <trkpt lat="45.25228" lon="-72.43486">
        <ele>328.2</ele>
      </trkpt>
      <trkpt lat="45.25152" lon="-72.43488">
        <ele>332.9</ele>
      </trkpt>
      <trkpt lat="45.25076" lon="-72.43492">
        <ele>338.3</ele>
      </trkpt>
      <trkpt lat="45.25" lon="-72.43496">
        <ele>345.6</ele>
      </trkpt>
      <trkpt lat="45.249395" lon="-72.435045">
        <ele>348.8</ele>
      </trkpt>
      <trkpt lat="45.24879" lon="-72.43513">
        <ele>349</ele>
      </trkpt>
      <trkpt lat="45.24845" lon="-72.43514">
        <ele>349.9</ele>
      </trkpt>
      <trkpt lat="45.24761" lon="-72.43513">
        <ele>352.4</ele>
      </trkpt>
      <trkpt lat="45.24707" lon="-72.43506">
        <ele>353.4</ele>
      </trkpt>
      <trkpt lat="45.24659" lon="-72.43504">
        <ele>354.6</ele>
      </trkpt>
      <trkpt lat="45.24624" lon="-72.43499">
        <ele>355.3</ele>
      </trkpt>
      <trkpt lat="45.24607" lon="-72.43497">
        <ele>355.6</ele>
      </trkpt>
      <trkpt lat="45.24582" lon="-72.43499">
        <ele>356.1</ele>
      </trkpt>
      <trkpt lat="45.245334" lon="-72.43508">
        <ele>357.6</ele>
      </trkpt>
      <trkpt lat="45.24485" lon="-72.43517">
        <ele>358.3</ele>
      </trkpt>
      <trkpt lat="45.24431" lon="-72.43529">
        <ele>359</ele>
      </trkpt>
      <trkpt lat="45.243555" lon="-72.435525">
        <ele>360.1</ele>
      </trkpt>
      <trkpt lat="45.2428" lon="-72.43576">
        <ele>360.4</ele>
      </trkpt>
      <trkpt lat="45.24211" lon="-72.43593">
        <ele>360.2</ele>
      </trkpt>
      <trkpt lat="45.24188" lon="-72.43602">
        <ele>360.1</ele>
      </trkpt>
      <trkpt lat="45.24123" lon="-72.43634">
        <ele>360.3</ele>
      </trkpt>
      <trkpt lat="45.24089" lon="-72.43655">
        <ele>358.7</ele>
      </trkpt>
      <trkpt lat="45.240375" lon="-72.43696">
        <ele>356.4</ele>
      </trkpt>
      <trkpt lat="45.23986" lon="-72.43737">
        <ele>355.5</ele>
      </trkpt>
      <trkpt lat="45.23921" lon="-72.437975">
        <ele>354.7</ele>
      </trkpt>
      <trkpt lat="45.23856" lon="-72.43858">
        <ele>351.1</ele>
      </trkpt>
      <trkpt lat="45.23822" lon="-72.43884">
        <ele>348.3</ele>
      </trkpt>
      <trkpt lat="45.23777" lon="-72.43925">
        <ele>346.8</ele>
      </trkpt>
      <trkpt lat="45.23749" lon="-72.43943">
        <ele>347.4</ele>
      </trkpt>
      <trkpt lat="45.23715" lon="-72.43955">
        <ele>348.8</ele>
      </trkpt>
      <trkpt lat="45.236425" lon="-72.43958">
        <ele>349</ele>
      </trkpt>
      <trkpt lat="45.2357" lon="-72.43961">
        <ele>352.9</ele>
      </trkpt>
      <trkpt lat="45.23569" lon="-72.43961">
        <ele>352.9</ele>
      </trkpt>
      <trkpt lat="45.23523" lon="-72.439635">
        <ele>354.3</ele>
      </trkpt>
      <trkpt lat="45.23477" lon="-72.43966">
        <ele>355.3</ele>
      </trkpt>
      <trkpt lat="45.234185" lon="-72.43968">
        <ele>356.8</ele>
      </trkpt>
      <trkpt lat="45.2336" lon="-72.4397">
        <ele>359.8</ele>
      </trkpt>
      <trkpt lat="45.23336" lon="-72.43973">
        <ele>362.3</ele>
      </trkpt>
      <trkpt lat="45.23292" lon="-72.43973">
        <ele>364.5</ele>
      </trkpt>
      <trkpt lat="45.23292" lon="-72.440934">
        <ele>355.1</ele>
      </trkpt>
      <trkpt lat="45.23292" lon="-72.44214">
        <ele>346.2</ele>
      </trkpt>
      <trkpt lat="45.232906" lon="-72.44307">
        <ele>339.8</ele>
      </trkpt>
      <trkpt lat="45.232893" lon="-72.444">
        <ele>334</ele>
      </trkpt>
      <trkpt lat="45.23288" lon="-72.44493">
        <ele>330.4</ele>
      </trkpt>
      <trkpt lat="45.23286" lon="-72.44525">
        <ele>330</ele>
      </trkpt>
      <trkpt lat="45.2328" lon="-72.44574">
        <ele>327.8</ele>
      </trkpt>
      <trkpt lat="45.23268" lon="-72.44602">
        <ele>326.7</ele>
      </trkpt>
      <trkpt lat="45.23254" lon="-72.44628">
        <ele>326.3</ele>
      </trkpt>
      <trkpt lat="45.232175" lon="-72.44706">
        <ele>324</ele>
      </trkpt>
      <trkpt lat="45.23181" lon="-72.44784">
        <ele>324</ele>
      </trkpt>
      <trkpt lat="45.23158" lon="-72.448465">
        <ele>322</ele>
      </trkpt>
      <trkpt lat="45.23135" lon="-72.44909">
        <ele>319</ele>
      </trkpt>
      <trkpt lat="45.23116" lon="-72.44968">
        <ele>315.3</ele>
      </trkpt>
      <trkpt lat="45.23094" lon="-72.45013">
        <ele>310.8</ele>
      </trkpt>
      <trkpt lat="45.230695" lon="-72.450955">
        <ele>305.5</ele>
      </trkpt>
      <trkpt lat="45.23045" lon="-72.45178">
        <ele>301.8</ele>
      </trkpt>
      <trkpt lat="45.23018" lon="-72.4525">
        <ele>298.8</ele>
      </trkpt>
      <trkpt lat="45.23009" lon="-72.45295">
        <ele>295.7</ele>
      </trkpt>
      <trkpt lat="45.22991" lon="-72.45351">
        <ele>293.8</ele>
      </trkpt>
      <trkpt lat="45.22967" lon="-72.45424">
        <ele>297.2</ele>
      </trkpt>
      <trkpt lat="45.22965" lon="-72.45465">
        <ele>300</ele>
      </trkpt>
      <trkpt lat="45.2296" lon="-72.45487">
        <ele>300.4</ele>
      </trkpt>
      <trkpt lat="45.22933" lon="-72.45536">
        <ele>299.1</ele>
      </trkpt>
      <trkpt lat="45.22921" lon="-72.45564">
        <ele>298</ele>
      </trkpt>
      <trkpt lat="45.22908" lon="-72.45679">
        <ele>299.7</ele>
      </trkpt>
      <trkpt lat="45.2291" lon="-72.45743">
        <ele>299</ele>
      </trkpt>
      <trkpt lat="45.22908" lon="-72.45797">
        <ele>296.8</ele>
      </trkpt>
      <trkpt lat="45.229" lon="-72.45823">
        <ele>296.5</ele>
      </trkpt>
      <trkpt lat="45.22892" lon="-72.45836">
        <ele>296.5</ele>
      </trkpt>
      <trkpt lat="45.22871" lon="-72.45854">
        <ele>296.6</ele>
      </trkpt>
      <trkpt lat="45.22841" lon="-72.45868">
        <ele>297.3</ele>
      </trkpt>
      <trkpt lat="45.22824" lon="-72.45881">
        <ele>298.3</ele>
      </trkpt>
      <trkpt lat="45.22803" lon="-72.459">
        <ele>298.7</ele>
      </trkpt>
      <trkpt lat="45.22793" lon="-72.45918">
        <ele>298.7</ele>
      </trkpt>
      <trkpt lat="45.22793" lon="-72.45919">
        <ele>298.7</ele>
      </trkpt>
      <trkpt lat="45.22785" lon="-72.45934">
        <ele>298.6</ele>
      </trkpt>
      <trkpt lat="45.22766" lon="-72.45989">
        <ele>297.6</ele>
      </trkpt>
      <trkpt lat="45.22761" lon="-72.4602">
        <ele>297.4</ele>
      </trkpt>
      <trkpt lat="45.22762" lon="-72.46051">
        <ele>297.1</ele>
      </trkpt>
      <trkpt lat="45.22768" lon="-72.46074">
        <ele>296.8</ele>
      </trkpt>
      <trkpt lat="45.22788" lon="-72.46105">
        <ele>296.1</ele>
      </trkpt>
      <trkpt lat="45.22806" lon="-72.46127">
        <ele>295.8</ele>
      </trkpt>
      <trkpt lat="45.22825" lon="-72.46158">
        <ele>295.2</ele>
      </trkpt>
      <trkpt lat="45.2283" lon="-72.46178">
        <ele>293.9</ele>
      </trkpt>
      <trkpt lat="45.22829" lon="-72.46204">
        <ele>293.1</ele>
      </trkpt>
      <trkpt lat="45.22815" lon="-72.46257">
        <ele>287.3</ele>
      </trkpt>
      <trkpt lat="45.22787" lon="-72.46342">
        <ele>277.6</ele>
      </trkpt>
      <trkpt lat="45.22774" lon="-72.46369">
        <ele>275.6</ele>
      </trkpt>
      <trkpt lat="45.22747" lon="-72.46417">
        <ele>272.8</ele>
      </trkpt>
      <trkpt lat="45.22748" lon="-72.465214">
        <ele>268.5</ele>
      </trkpt>
      <trkpt lat="45.22749" lon="-72.46626">
        <ele>264.4</ele>
      </trkpt>
      <trkpt lat="45.227528" lon="-72.467483">
        <ele>258</ele>
      </trkpt>
      <trkpt lat="45.227566" lon="-72.468707">
        <ele>255.8</ele>
      </trkpt>
      <trkpt lat="45.227604" lon="-72.469931">
        <ele>255.1</ele>
      </trkpt>
      <trkpt lat="45.227642" lon="-72.471155">
        <ele>254</ele>
      </trkpt>
      <trkpt lat="45.22768" lon="-72.47238">
        <ele>250.9</ele>
      </trkpt>
      <trkpt lat="45.22777" lon="-72.47351">
        <ele>252.8</ele>
      </trkpt>
      <trkpt lat="45.22785" lon="-72.47426">
        <ele>256.9</ele>
      </trkpt>
      <trkpt lat="45.22786" lon="-72.47506">
        <ele>259</ele>
      </trkpt>
      <trkpt lat="45.22781" lon="-72.476">
        <ele>260.6</ele>
      </trkpt>
      <trkpt lat="45.22776" lon="-72.4765">
        <ele>261.1</ele>
      </trkpt>
      <trkpt lat="45.22751" lon="-72.47735">
        <ele>260.1</ele>
      </trkpt>
      <trkpt lat="45.22743" lon="-72.47749">
        <ele>259.6</ele>
      </trkpt>
      <trkpt lat="45.22717" lon="-72.47788">
        <ele>257.7</ele>
      </trkpt>
      <trkpt lat="45.22674" lon="-72.47838">
        <ele>253.6</ele>
      </trkpt>
      <trkpt lat="45.22651" lon="-72.4787">
        <ele>250.6</ele>
      </trkpt>
      <trkpt lat="45.225934" lon="-72.479426">
        <ele>244.4</ele>
      </trkpt>
      <trkpt lat="45.225358" lon="-72.480152">
        <ele>241.2</ele>
      </trkpt>
      <trkpt lat="45.224782" lon="-72.480878">
        <ele>240.8</ele>
      </trkpt>
      <trkpt lat="45.224206" lon="-72.481604">
        <ele>241.5</ele>
      </trkpt>
      <trkpt lat="45.22363" lon="-72.48233">
        <ele>242.1</ele>
      </trkpt>
      <trkpt lat="45.22339" lon="-72.48271">
        <ele>239.4</ele>
      </trkpt>
      <trkpt lat="45.22321" lon="-72.48304">
        <ele>238.1</ele>
      </trkpt>
      <trkpt lat="45.22315" lon="-72.48321">
        <ele>237.8</ele>
      </trkpt>
      <trkpt lat="45.22304" lon="-72.48375">
        <ele>237</ele>
      </trkpt>
      <trkpt lat="45.22295" lon="-72.48464">
        <ele>237.3</ele>
      </trkpt>
      <trkpt lat="45.222936" lon="-72.48591">
        <ele>240.9</ele>
      </trkpt>
      <trkpt lat="45.222923" lon="-72.48718">
        <ele>243.6</ele>
      </trkpt>
      <trkpt lat="45.22291" lon="-72.48845">
        <ele>244.9</ele>
      </trkpt>
      <trkpt lat="45.22291" lon="-72.48873">
        <ele>244.5</ele>
      </trkpt>
      <trkpt lat="45.22282" lon="-72.4893">
        <ele>243.8</ele>
      </trkpt>
      <trkpt lat="45.2227" lon="-72.48961">
        <ele>242.8</ele>
      </trkpt>
      <trkpt lat="45.22254" lon="-72.48986">
        <ele>242.7</ele>
      </trkpt>
      <trkpt lat="45.22185" lon="-72.4906">
        <ele>244</ele>
      </trkpt>
      <trkpt lat="45.22164" lon="-72.49086">
        <ele>244.5</ele>
      </trkpt>
      <trkpt lat="45.22154" lon="-72.49108">
        <ele>245</ele>
      </trkpt>
      <trkpt lat="45.22154" lon="-72.49109">
        <ele>245</ele>
      </trkpt>
      <trkpt lat="45.22125" lon="-72.49176">
        <ele>245.4</ele>
      </trkpt>
      <trkpt lat="45.22098" lon="-72.492535">
        <ele>244.8</ele>
      </trkpt>
      <trkpt lat="45.22071" lon="-72.49331">
        <ele>244.1</ele>
      </trkpt>
      <trkpt lat="45.22061" lon="-72.49383">
        <ele>242.1</ele>
      </trkpt>
      <trkpt lat="45.22059" lon="-72.49401">
        <ele>241.1</ele>
      </trkpt>
      <trkpt lat="45.22063" lon="-72.49445">
        <ele>237.5</ele>
      </trkpt>
      <trkpt lat="45.22072" lon="-72.49483">
        <ele>235.7</ele>
      </trkpt>
      <trkpt lat="45.22087" lon="-72.49526">
        <ele>233.2</ele>
      </trkpt>
      <trkpt lat="45.2213" lon="-72.49633">
        <ele>227.3</ele>
      </trkpt>
      <trkpt lat="45.22135" lon="-72.49651">
        <ele>226.1</ele>
      </trkpt>
      <trkpt lat="45.22137" lon="-72.49672">
        <ele>225.4</ele>
      </trkpt>
      <trkpt lat="45.22139" lon="-72.49733">
        <ele>224.1</ele>
      </trkpt>
      <trkpt lat="45.2214" lon="-72.49844">
        <ele>221.1</ele>
      </trkpt>
      <trkpt lat="45.22139" lon="-72.499225">
        <ele>218.8</ele>
      </trkpt>
      <trkpt lat="45.22138" lon="-72.50001">
        <ele>219.6</ele>
      </trkpt>
      <trkpt lat="45.221385" lon="-72.500705">
        <ele>223.1</ele>
      </trkpt>
      <trkpt lat="45.22139" lon="-72.5014">
        <ele>224</ele>
      </trkpt>
      <trkpt lat="45.22151" lon="-72.50211">
        <ele>221.7</ele>
      </trkpt>
      <trkpt lat="45.22153" lon="-72.5025">
        <ele>221.1</ele>
      </trkpt>
      <trkpt lat="45.22149" lon="-72.50269">
        <ele>221</ele>
      </trkpt>
      <trkpt lat="45.22117" lon="-72.50364">
        <ele>222.3</ele>
      </trkpt>
      <trkpt lat="45.2208" lon="-72.50464">
        <ele>223.4</ele>
      </trkpt>
      <trkpt lat="45.22043" lon="-72.50564">
        <ele>223.5</ele>
      </trkpt>
      <trkpt lat="45.22016" lon="-72.50613">
        <ele>222.9</ele>
      </trkpt>
      <trkpt lat="45.22016" lon="-72.50614">
        <ele>222.9</ele>
      </trkpt>
      <trkpt lat="45.21979" lon="-72.506785">
        <ele>222.9</ele>
      </trkpt>
      <trkpt lat="45.21942" lon="-72.50743">
        <ele>221.8</ele>
      </trkpt>
      <trkpt lat="45.21888" lon="-72.50831">
        <ele>219.8</ele>
      </trkpt>
      <trkpt lat="45.21898" lon="-72.5091">
        <ele>217.3</ele>
      </trkpt>
      <trkpt lat="45.21876" lon="-72.50927">
        <ele>216.4</ele>
      </trkpt>
      <trkpt lat="45.21856" lon="-72.50936">
        <ele>214.6</ele>
      </trkpt>
      <trkpt lat="45.21809" lon="-72.509555">
        <ele>208.6</ele>
      </trkpt>
      <trkpt lat="45.21762" lon="-72.50975">
        <ele>206.2</ele>
      </trkpt>
      <trkpt lat="45.21761" lon="-72.50975">
        <ele>206.2</ele>
      </trkpt>
      <trkpt lat="45.21746" lon="-72.50982">
        <ele>206.2</ele>
      </trkpt>
      <trkpt lat="45.21679" lon="-72.51031">
        <ele>206.4</ele>
      </trkpt>
      <trkpt lat="45.216335" lon="-72.51062">
        <ele>208.8</ele>
      </trkpt>
      <trkpt lat="45.21588" lon="-72.51093">
        <ele>209.4</ele>
      </trkpt>
      <trkpt lat="45.21543" lon="-72.51115">
        <ele>207.8</ele>
      </trkpt>
      <trkpt lat="45.21517" lon="-72.51122">
        <ele>207.4</ele>
      </trkpt>
      <trkpt lat="45.214539" lon="-72.5113">
        <ele>207.1</ele>
      </trkpt>
      <trkpt lat="45.21391" lon="-72.51138">
        <ele>207.6</ele>
      </trkpt>
      <trkpt lat="45.213234" lon="-72.51149">
        <ele>208.8</ele>
      </trkpt>
      <trkpt lat="45.21256" lon="-72.5116">
        <ele>211.1</ele>
      </trkpt>
      <trkpt lat="45.21241" lon="-72.5116">
        <ele>211.1</ele>
      </trkpt>
      <trkpt lat="45.21215" lon="-72.51156">
        <ele>212.6</ele>
      </trkpt>
      <trkpt lat="45.21147" lon="-72.51137">
        <ele>218.5</ele>
      </trkpt>
      <trkpt lat="45.21125" lon="-72.51128">
        <ele>221.9</ele>
      </trkpt>
      <trkpt lat="45.21085" lon="-72.51097">
        <ele>224.9</ele>
      </trkpt>
      <trkpt lat="45.21015" lon="-72.510289">
        <ele>226.9</ele>
      </trkpt>
      <trkpt lat="45.20945" lon="-72.50961">
        <ele>233.3</ele>
      </trkpt>
      <trkpt lat="45.208895" lon="-72.509034">
        <ele>238</ele>
      </trkpt>
      <trkpt lat="45.20834" lon="-72.50846">
        <ele>241.6</ele>
      </trkpt>
      <trkpt lat="45.20806" lon="-72.50815">
        <ele>246.1</ele>
      </trkpt>
      <trkpt lat="45.20765" lon="-72.50842">
        <ele>251.3</ele>
      </trkpt>
      <trkpt lat="45.20705" lon="-72.50896">
        <ele>261.5</ele>
      </trkpt>
      <trkpt lat="45.206495" lon="-72.509475">
        <ele>269.7</ele>
      </trkpt>
      <trkpt lat="45.20594" lon="-72.50999">
        <ele>280.3</ele>
      </trkpt>
      <trkpt lat="45.20538" lon="-72.51053">
        <ele>288.6</ele>
      </trkpt>
      <trkpt lat="45.20525" lon="-72.51075">
        <ele>291</ele>
      </trkpt>
      <trkpt lat="45.20478" lon="-72.51178">
        <ele>296.3</ele>
      </trkpt>
      <trkpt lat="45.20478" lon="-72.51179">
        <ele>296.3</ele>
      </trkpt>
      <trkpt lat="45.204333" lon="-72.512756">
        <ele>298.8</ele>
      </trkpt>
      <trkpt lat="45.203886" lon="-72.513723">
        <ele>301.1</ele>
      </trkpt>
      <trkpt lat="45.20344" lon="-72.51469">
        <ele>309.6</ele>
      </trkpt>
      <trkpt lat="45.20294" lon="-72.515747">
        <ele>314</ele>
      </trkpt>
      <trkpt lat="45.20244" lon="-72.516805">
        <ele>313.8</ele>
      </trkpt>
      <trkpt lat="45.20194" lon="-72.517862">
        <ele>314.3</ele>
      </trkpt>
      <trkpt lat="45.20144" lon="-72.51892">
        <ele>318.3</ele>
      </trkpt>
      <trkpt lat="45.20113" lon="-72.51858">
        <ele>319.8</ele>
      </trkpt>
      <trkpt lat="45.2009" lon="-72.51819">
        <ele>322.8</ele>
      </trkpt>
      <trkpt lat="45.20079" lon="-72.51791">
        <ele>326</ele>
      </trkpt>
      <trkpt lat="45.2006" lon="-72.517304">
        <ele>331.2</ele>
      </trkpt>
      <trkpt lat="45.20041" lon="-72.5167">
        <ele>340.1</ele>
      </trkpt>
      <trkpt lat="45.20027" lon="-72.51639">
        <ele>344</ele>
      </trkpt>
      <trkpt lat="45.20018" lon="-72.51634">
        <ele>344.6</ele>
      </trkpt>
      <trkpt lat="45.20006" lon="-72.51631">
        <ele>346.1</ele>
      </trkpt>
      <trkpt lat="45.19923" lon="-72.516336">
        <ele>345.7</ele>
      </trkpt>
      <trkpt lat="45.1984" lon="-72.516363">
        <ele>345</ele>
      </trkpt>
      <trkpt lat="45.19757" lon="-72.51639">
        <ele>344.9</ele>
      </trkpt>
      <trkpt lat="45.196773" lon="-72.5164">
        <ele>336.2</ele>
      </trkpt>
      <trkpt lat="45.195976" lon="-72.51641">
        <ele>326.3</ele>
      </trkpt>
      <trkpt lat="45.19518" lon="-72.51642">
        <ele>319.6</ele>
      </trkpt>
      <trkpt lat="45.19517" lon="-72.51642">
        <ele>319.6</ele>
      </trkpt>
      <trkpt lat="45.194346" lon="-72.516456">
        <ele>312.7</ele>
      </trkpt>
      <trkpt lat="45.193523" lon="-72.516493">
        <ele>299.3</ele>
      </trkpt>
      <trkpt lat="45.1927" lon="-72.51653">
        <ele>288.3</ele>
      </trkpt>
      <trkpt lat="45.191876" lon="-72.516566">
        <ele>286.5</ele>
      </trkpt>
      <trkpt lat="45.191053" lon="-72.516603">
        <ele>292.5</ele>
      </trkpt>
      <trkpt lat="45.19023" lon="-72.51664">
        <ele>300.7</ele>
      </trkpt>
      <trkpt lat="45.189415" lon="-72.51668">
        <ele>292.1</ele>
      </trkpt>
      <trkpt lat="45.1886" lon="-72.51672">
        <ele>288.2</ele>
      </trkpt>
      <trkpt lat="45.187785" lon="-72.51676">
        <ele>288.5</ele>
      </trkpt>
      <trkpt lat="45.18697" lon="-72.5168">
        <ele>287.4</ele>
      </trkpt>
      <trkpt lat="45.186155" lon="-72.51684">
        <ele>282.4</ele>
      </trkpt>
      <trkpt lat="45.18534" lon="-72.51688">
        <ele>272.3</ele>
      </trkpt>
      <trkpt lat="45.184594" lon="-72.516892">
        <ele>274.4</ele>
      </trkpt>
      <trkpt lat="45.183849" lon="-72.516905">
        <ele>286.2</ele>
      </trkpt>
      <trkpt lat="45.183104" lon="-72.516917">
        <ele>291.9</ele>
      </trkpt>
      <trkpt lat="45.18236" lon="-72.51693">
        <ele>297</ele>
      </trkpt>
      <trkpt lat="45.181649" lon="-72.51697">
        <ele>292.3</ele>
      </trkpt>
      <trkpt lat="45.18094" lon="-72.51701">
        <ele>290.8</ele>
      </trkpt>
      <trkpt lat="45.18012" lon="-72.51701">
        <ele>287.9</ele>
      </trkpt>
      <trkpt lat="45.1793" lon="-72.51701">
        <ele>288.1</ele>
      </trkpt>
      <trkpt lat="45.17848" lon="-72.51701">
        <ele>281.4</ele>
      </trkpt>
      <trkpt lat="45.17847" lon="-72.51701">
        <ele>281.3</ele>
      </trkpt>
      <trkpt lat="45.17776" lon="-72.517035">
        <ele>274.5</ele>
      </trkpt>
      <trkpt lat="45.17705" lon="-72.51706">
        <ele>275.6</ele>
      </trkpt>
      <trkpt lat="45.17635" lon="-72.51704">
        <ele>279</ele>
      </trkpt>
      <trkpt lat="45.17624" lon="-72.51649">
        <ele>278.9</ele>
      </trkpt>
      <trkpt lat="45.17608" lon="-72.51613">
        <ele>279.4</ele>
      </trkpt>
      <trkpt lat="45.17592" lon="-72.51594">
        <ele>279.5</ele>
      </trkpt>
      <trkpt lat="45.17524" lon="-72.515239">
        <ele>275.7</ele>
      </trkpt>
      <trkpt lat="45.17456" lon="-72.514539">
        <ele>273.9</ele>
      </trkpt>
      <trkpt lat="45.17388" lon="-72.51384">
        <ele>270.6</ele>
      </trkpt>
      <trkpt lat="45.17361" lon="-72.51356">
        <ele>269.1</ele>
      </trkpt>
      <trkpt lat="45.17326" lon="-72.51316">
        <ele>267.7</ele>
      </trkpt>
      <trkpt lat="45.17286" lon="-72.51263">
        <ele>264.9</ele>
      </trkpt>
      <trkpt lat="45.17246" lon="-72.511954">
        <ele>262.5</ele>
      </trkpt>
      <trkpt lat="45.17206" lon="-72.51128">
        <ele>263.5</ele>
      </trkpt>
      <trkpt lat="45.17195" lon="-72.51104">
        <ele>264.7</ele>
      </trkpt>
      <trkpt lat="45.17131" lon="-72.51101">
        <ele>267.4</ele>
      </trkpt>
      <trkpt lat="45.170646" lon="-72.510876">
        <ele>268.9</ele>
      </trkpt>
      <trkpt lat="45.169983" lon="-72.510743">
        <ele>269</ele>
      </trkpt>
      <trkpt lat="45.16932" lon="-72.51061">
        <ele>265</ele>
      </trkpt>
      <trkpt lat="45.16895" lon="-72.51074">
        <ele>260.5</ele>
      </trkpt>
      <trkpt lat="45.16866" lon="-72.51088">
        <ele>258.7</ele>
      </trkpt>
      <trkpt lat="45.16817" lon="-72.5112">
        <ele>258.6</ele>
      </trkpt>
      <trkpt lat="45.16797" lon="-72.51123">
        <ele>259.5</ele>
      </trkpt>
      <trkpt lat="45.16787" lon="-72.5112">
        <ele>260.7</ele>
      </trkpt>
      <trkpt lat="45.16781" lon="-72.51119">
        <ele>260.7</ele>
      </trkpt>
      <trkpt lat="45.16765" lon="-72.51106">
        <ele>262.7</ele>
      </trkpt>
      <trkpt lat="45.16714" lon="-72.51058">
        <ele>270</ele>
      </trkpt>
      <trkpt lat="45.166343" lon="-72.510006">
        <ele>279.1</ele>
      </trkpt>
      <trkpt lat="45.165546" lon="-72.509433">
        <ele>292.2</ele>
      </trkpt>
      <trkpt lat="45.16475" lon="-72.50886">
        <ele>301.6</ele>
      </trkpt>
      <trkpt lat="45.16433" lon="-72.508544">
        <ele>306.8</ele>
      </trkpt>
      <trkpt lat="45.16391" lon="-72.50823">
        <ele>312.2</ele>
      </trkpt>
      <trkpt lat="45.16376" lon="-72.50806">
        <ele>313.6</ele>
      </trkpt>
      <trkpt lat="45.16361" lon="-72.50797">
        <ele>313.6</ele>
      </trkpt>
      <trkpt lat="45.16314" lon="-72.50793">
        <ele>318</ele>
      </trkpt>
      <trkpt lat="45.16268" lon="-72.50798">
        <ele>321.7</ele>
      </trkpt>
      <trkpt lat="45.16197" lon="-72.507985">
        <ele>327.4</ele>
      </trkpt>
      <trkpt lat="45.16126" lon="-72.50799">
        <ele>331.5</ele>
      </trkpt>
      <trkpt lat="45.160525" lon="-72.508027">
        <ele>330.5</ele>
      </trkpt>
      <trkpt lat="45.15979" lon="-72.508065">
        <ele>328.9</ele>
      </trkpt>
      <trkpt lat="45.159055" lon="-72.508102">
        <ele>330.9</ele>
      </trkpt>
      <trkpt lat="45.15832" lon="-72.50814">
        <ele>333.9</ele>
      </trkpt>
      <trkpt lat="45.158343" lon="-72.509126">
        <ele>334.1</ele>
      </trkpt>
      <trkpt lat="45.158366" lon="-72.510113">
        <ele>336.6</ele>
      </trkpt>
      <trkpt lat="45.15839" lon="-72.5111">
        <ele>341</ele>
      </trkpt>
      <trkpt lat="45.15839" lon="-72.51209">
        <ele>343.2</ele>
      </trkpt>
      <trkpt lat="45.15842" lon="-72.513254">
        <ele>345</ele>
      </trkpt>
      <trkpt lat="45.15845" lon="-72.51442">
        <ele>343.3</ele>
      </trkpt>
      <trkpt lat="45.1585" lon="-72.51537">
        <ele>341.9</ele>
      </trkpt>
      <trkpt lat="45.1585" lon="-72.51616">
        <ele>340.7</ele>
      </trkpt>
      <trkpt lat="45.15853" lon="-72.516934">
        <ele>337.7</ele>
      </trkpt>
      <trkpt lat="45.15856" lon="-72.51771">
        <ele>333.6</ele>
      </trkpt>
      <trkpt lat="45.159129" lon="-72.517719">
        <ele>331</ele>
      </trkpt>
      <trkpt lat="45.1597" lon="-72.51773">
        <ele>326</ele>
      </trkpt>
      <trkpt lat="45.15981" lon="-72.51778">
        <ele>325.4</ele>
      </trkpt>
      <trkpt lat="45.15996" lon="-72.518">
        <ele>324.6</ele>
      </trkpt>
      <trkpt lat="45.16019" lon="-72.51854">
        <ele>323.4</ele>
      </trkpt>
      <trkpt lat="45.16042" lon="-72.5189">
        <ele>321.9</ele>
      </trkpt>
      <trkpt lat="45.16075" lon="-72.5197">
        <ele>318.4</ele>
      </trkpt>
      <trkpt lat="45.16102" lon="-72.52088">
        <ele>307.1</ele>
      </trkpt>
      <trkpt lat="45.16116" lon="-72.521559">
        <ele>300.3</ele>
      </trkpt>
      <trkpt lat="45.1613" lon="-72.52224">
        <ele>295.1</ele>
      </trkpt>
      <trkpt lat="45.16135" lon="-72.52257">
        <ele>293</ele>
      </trkpt>
      <trkpt lat="45.16137" lon="-72.5228">
        <ele>292.2</ele>
      </trkpt>
      <trkpt lat="45.16137" lon="-72.52341">
        <ele>287.9</ele>
      </trkpt>
      <trkpt lat="45.16132" lon="-72.52391">
        <ele>286.1</ele>
      </trkpt>
      <trkpt lat="45.16126" lon="-72.52431">
        <ele>284</ele>
      </trkpt>
      <trkpt lat="45.16097" lon="-72.52505">
        <ele>282.2</ele>
      </trkpt>
      <trkpt lat="45.16068" lon="-72.52579">
        <ele>283.1</ele>
      </trkpt>
      <trkpt lat="45.16055" lon="-72.52635">
        <ele>283.4</ele>
      </trkpt>
      <trkpt lat="45.16029" lon="-72.52731">
        <ele>279.5</ele>
      </trkpt>
      <trkpt lat="45.16016" lon="-72.52803">
        <ele>279.8</ele>
      </trkpt>
      <trkpt lat="45.16013" lon="-72.52861">
        <ele>280.8</ele>
      </trkpt>
      <trkpt lat="45.16008" lon="-72.52897">
        <ele>279.8</ele>
      </trkpt>
      <trkpt lat="45.16007" lon="-72.52919">
        <ele>278.4</ele>
      </trkpt>
      <trkpt lat="45.1601" lon="-72.529904">
        <ele>276.3</ele>
      </trkpt>
      <trkpt lat="45.16013" lon="-72.53062">
        <ele>275.8</ele>
      </trkpt>
      <trkpt lat="45.16013" lon="-72.53138">
        <ele>276.4</ele>
      </trkpt>
      <trkpt lat="45.16013" lon="-72.53214">
        <ele>276.8</ele>
      </trkpt>
      <trkpt lat="45.16016" lon="-72.53274">
        <ele>276.4</ele>
      </trkpt>
      <trkpt lat="45.16017" lon="-72.533494">
        <ele>277.1</ele>
      </trkpt>
      <trkpt lat="45.16018" lon="-72.53425">
        <ele>276.2</ele>
      </trkpt>
      <trkpt lat="45.16011" lon="-72.53465">
        <ele>274</ele>
      </trkpt>
      <trkpt lat="45.15984" lon="-72.53574">
        <ele>268.3</ele>
      </trkpt>
      <trkpt lat="45.15967" lon="-72.53632">
        <ele>266.5</ele>
      </trkpt>
      <trkpt lat="45.15951" lon="-72.53716">
        <ele>261.9</ele>
      </trkpt>
      <trkpt lat="45.15947" lon="-72.53744">
        <ele>261</ele>
      </trkpt>
      <trkpt lat="45.15945" lon="-72.53856">
        <ele>255.4</ele>
      </trkpt>
      <trkpt lat="45.159255" lon="-72.53974">
        <ele>250.4</ele>
      </trkpt>
      <trkpt lat="45.15906" lon="-72.54092">
        <ele>243.3</ele>
      </trkpt>
      <trkpt lat="45.15891" lon="-72.54172">
        <ele>236.5</ele>
      </trkpt>
      <trkpt lat="45.15883" lon="-72.5424">
        <ele>230.3</ele>
      </trkpt>
      <trkpt lat="45.15898" lon="-72.54343">
        <ele>224.3</ele>
      </trkpt>
      <trkpt lat="45.15899" lon="-72.54362">
        <ele>223.3</ele>
      </trkpt>
      <trkpt lat="45.15897" lon="-72.54401">
        <ele>220.4</ele>
      </trkpt>
      <trkpt lat="45.15901" lon="-72.54428">
        <ele>217.6</ele>
      </trkpt>
      <trkpt lat="45.15912" lon="-72.54477">
        <ele>214.1</ele>
      </trkpt>
      <trkpt lat="45.15922" lon="-72.54579">
        <ele>213.5</ele>
      </trkpt>
      <trkpt lat="45.15914" lon="-72.54618">
        <ele>213.9</ele>
      </trkpt>
      <trkpt lat="45.15908" lon="-72.5464">
        <ele>214</ele>
      </trkpt>
      <trkpt lat="45.15908" lon="-72.54656">
        <ele>213.8</ele>
      </trkpt>
      <trkpt lat="45.15922" lon="-72.54747">
        <ele>214.2</ele>
      </trkpt>
      <trkpt lat="45.15926" lon="-72.54809">
        <ele>216.3</ele>
      </trkpt>
      <trkpt lat="45.159225" lon="-72.54887">
        <ele>221.6</ele>
      </trkpt>
      <trkpt lat="45.15919" lon="-72.54965">
        <ele>229.1</ele>
      </trkpt>
      <trkpt lat="45.15923" lon="-72.55055">
        <ele>232.6</ele>
      </trkpt>
      <trkpt lat="45.159243" lon="-72.551413">
        <ele>236.5</ele>
      </trkpt>
      <trkpt lat="45.159256" lon="-72.552276">
        <ele>242.2</ele>
      </trkpt>
      <trkpt lat="45.15927" lon="-72.55314">
        <ele>244.8</ele>
      </trkpt>
      <trkpt lat="45.159265" lon="-72.55408">
        <ele>249.5</ele>
      </trkpt>
      <trkpt lat="45.15926" lon="-72.55502">
        <ele>254.6</ele>
      </trkpt>
      <trkpt lat="45.15942" lon="-72.55623">
        <ele>259.6</ele>
      </trkpt>
      <trkpt lat="45.15935" lon="-72.55731">
        <ele>256.5</ele>
      </trkpt>
      <trkpt lat="45.15935" lon="-72.55758">
        <ele>253.7</ele>
      </trkpt>
      <trkpt lat="45.15937" lon="-72.55789">
        <ele>252.8</ele>
      </trkpt>
      <trkpt lat="45.15943" lon="-72.55815">
        <ele>250.6</ele>
      </trkpt>
      <trkpt lat="45.159452" lon="-72.559137">
        <ele>244.1</ele>
      </trkpt>
      <trkpt lat="45.159475" lon="-72.560124">
        <ele>238.5</ele>
      </trkpt>
      <trkpt lat="45.159497" lon="-72.561112">
        <ele>235.4</ele>
      </trkpt>
      <trkpt lat="45.15952" lon="-72.5621">
        <ele>237.9</ele>
      </trkpt>
      <trkpt lat="45.1594" lon="-72.56281">
        <ele>238.4</ele>
      </trkpt>
      <trkpt lat="45.15937" lon="-72.56312">
        <ele>239</ele>
      </trkpt>
      <trkpt lat="45.15934" lon="-72.5639">
        <ele>241.1</ele>
      </trkpt>
      <trkpt lat="45.15926" lon="-72.56474">
        <ele>245.4</ele>
      </trkpt>
      <trkpt lat="45.15923" lon="-72.56551">
        <ele>247.3</ele>
      </trkpt>
      <trkpt lat="45.15924" lon="-72.56577">
        <ele>247.4</ele>
      </trkpt>
      <trkpt lat="45.1593" lon="-72.56627">
        <ele>245</ele>
      </trkpt>
      <trkpt lat="45.15946" lon="-72.56703">
        <ele>239.8</ele>
      </trkpt>
      <trkpt lat="45.15949" lon="-72.567956">
        <ele>236.4</ele>
      </trkpt>
      <trkpt lat="45.15952" lon="-72.568883">
        <ele>235.2</ele>
      </trkpt>
      <trkpt lat="45.15955" lon="-72.56981">
        <ele>234.1</ele>
      </trkpt>
      <trkpt lat="45.1596" lon="-72.57085">
        <ele>235.2</ele>
      </trkpt>
      <trkpt lat="45.158839" lon="-72.570822">
        <ele>233.7</ele>
      </trkpt>
      <trkpt lat="45.158079" lon="-72.570794">
        <ele>232.6</ele>
      </trkpt>
      <trkpt lat="45.157319" lon="-72.570767">
        <ele>237.3</ele>
      </trkpt>
      <trkpt lat="45.15656" lon="-72.57074">
        <ele>242.5</ele>
      </trkpt>
      <trkpt lat="45.155824" lon="-72.570727">
        <ele>243.7</ele>
      </trkpt>
      <trkpt lat="45.155089" lon="-72.570714">
        <ele>246.1</ele>
      </trkpt>
      <trkpt lat="45.154354" lon="-72.570702">
        <ele>248.1</ele>
      </trkpt>
      <trkpt lat="45.15362" lon="-72.57069">
        <ele>250.3</ele>
      </trkpt>
      <trkpt lat="45.153165" lon="-72.570649">
        <ele>250.3</ele>
      </trkpt>
      <trkpt lat="45.15271" lon="-72.57061">
        <ele>251.1</ele>
      </trkpt>
      <trkpt lat="45.152019" lon="-72.570584">
        <ele>254.8</ele>
      </trkpt>
      <trkpt lat="45.15133" lon="-72.57056">
        <ele>257.4</ele>
      </trkpt>
      <trkpt lat="45.15103" lon="-72.5706">
        <ele>257.7</ele>
      </trkpt>
      <trkpt lat="45.15077" lon="-72.57065">
        <ele>256.9</ele>
      </trkpt>
      <trkpt lat="45.15064" lon="-72.57073">
        <ele>256.9</ele>
      </trkpt>
      <trkpt lat="45.15053" lon="-72.57083">
        <ele>255.9</ele>
      </trkpt>
      <trkpt lat="45.15035" lon="-72.57115">
        <ele>255</ele>
      </trkpt>
      <trkpt lat="45.14984" lon="-72.572153">
        <ele>253.1</ele>
      </trkpt>
      <trkpt lat="45.14933" lon="-72.573156">
        <ele>249.8</ele>
      </trkpt>
      <trkpt lat="45.14882" lon="-72.57416">
        <ele>246.3</ele>
      </trkpt>
      <trkpt lat="45.14882" lon="-72.57417">
        <ele>246.3</ele>
      </trkpt>
      <trkpt lat="45.148387" lon="-72.57505">
        <ele>243.6</ele>
      </trkpt>
      <trkpt lat="45.147955" lon="-72.57593">
        <ele>239.8</ele>
      </trkpt>
      <trkpt lat="45.147522" lon="-72.57681">
        <ele>237.1</ele>
      </trkpt>
      <trkpt lat="45.14709" lon="-72.57769">
        <ele>235.6</ele>
      </trkpt>
      <trkpt lat="45.1469" lon="-72.57804">
        <ele>235.8</ele>
      </trkpt>
      <trkpt lat="45.14681" lon="-72.57808">
        <ele>235.6</ele>
      </trkpt>
      <trkpt lat="45.14606" lon="-72.57807">
        <ele>236.3</ele>
      </trkpt>
      <trkpt lat="45.14534" lon="-72.578086">
        <ele>234.6</ele>
      </trkpt>
      <trkpt lat="45.14462" lon="-72.578102">
        <ele>233.3</ele>
      </trkpt>
      <trkpt lat="45.1439" lon="-72.578118">
        <ele>233</ele>
      </trkpt>
      <trkpt lat="45.14318" lon="-72.578134">
        <ele>232.5</ele>
      </trkpt>
      <trkpt lat="45.14246" lon="-72.57815">
        <ele>233.8</ele>
      </trkpt>
      <trkpt lat="45.14245" lon="-72.57815">
        <ele>233.8</ele>
      </trkpt>
      <trkpt lat="45.14167" lon="-72.57817">
        <ele>238.9</ele>
      </trkpt>
      <trkpt lat="45.141184" lon="-72.578154">
        <ele>240.6</ele>
      </trkpt>
      <trkpt lat="45.1407" lon="-72.57814">
        <ele>241.5</ele>
      </trkpt>
      <trkpt lat="45.140083" lon="-72.578176">
        <ele>241.3</ele>
      </trkpt>
      <trkpt lat="45.139466" lon="-72.578213">
        <ele>239.5</ele>
      </trkpt>
      <trkpt lat="45.13885" lon="-72.57825">
        <ele>237.6</ele>
      </trkpt>
      <trkpt lat="45.1384" lon="-72.57831">
        <ele>233.5</ele>
      </trkpt>
      <trkpt lat="45.13752" lon="-72.57826">
        <ele>226.3</ele>
      </trkpt>
      <trkpt lat="45.1373" lon="-72.57816">
        <ele>225.7</ele>
      </trkpt>
      <trkpt lat="45.13696" lon="-72.5779">
        <ele>226.2</ele>
      </trkpt>
      <trkpt lat="45.1368" lon="-72.57777">
        <ele>227.3</ele>
      </trkpt>
      <trkpt lat="45.13673" lon="-72.57768">
        <ele>227.7</ele>
      </trkpt>
      <trkpt lat="45.13658" lon="-72.57732">
        <ele>230.9</ele>
      </trkpt>
      <trkpt lat="45.13631" lon="-72.57701">
        <ele>236.7</ele>
      </trkpt>
      <trkpt lat="45.13608" lon="-72.57683">
        <ele>241.2</ele>
      </trkpt>
      <trkpt lat="45.1358" lon="-72.57666">
        <ele>244</ele>
      </trkpt>
      <trkpt lat="45.1355" lon="-72.57657">
        <ele>247.9</ele>
      </trkpt>
      <trkpt lat="45.13464" lon="-72.5766">
        <ele>254.6</ele>
      </trkpt>
      <trkpt lat="45.13447" lon="-72.57661">
        <ele>255.7</ele>
      </trkpt>
      <trkpt lat="45.13435" lon="-72.57669">
        <ele>256.6</ele>
      </trkpt>
      <trkpt lat="45.1342" lon="-72.57683">
        <ele>257.1</ele>
      </trkpt>
      <trkpt lat="45.13361" lon="-72.57758">
        <ele>259.6</ele>
      </trkpt>
      <trkpt lat="45.13339" lon="-72.5779">
        <ele>260</ele>
      </trkpt>
      <trkpt lat="45.13332" lon="-72.57796">
        <ele>260.1</ele>
      </trkpt>
      <trkpt lat="45.13294" lon="-72.57809">
        <ele>261.6</ele>
      </trkpt>
      <trkpt lat="45.1327" lon="-72.57816">
        <ele>263.4</ele>
      </trkpt>
      <trkpt lat="45.132194" lon="-72.578185">
        <ele>266.6</ele>
      </trkpt>
      <trkpt lat="45.13169" lon="-72.57821">
        <ele>271.7</ele>
      </trkpt>
      <trkpt lat="45.13156" lon="-72.57822">
        <ele>272.6</ele>
      </trkpt>
      <trkpt lat="45.13128" lon="-72.57836">
        <ele>273.8</ele>
      </trkpt>
      <trkpt lat="45.13118" lon="-72.57844">
        <ele>273.9</ele>
      </trkpt>
      <trkpt lat="45.13081" lon="-72.57889">
        <ele>273.5</ele>
      </trkpt>
      <trkpt lat="45.13036" lon="-72.57945">
        <ele>273.6</ele>
      </trkpt>
      <trkpt lat="45.12991" lon="-72.58001">
        <ele>276.2</ele>
      </trkpt>
      <trkpt lat="45.129525" lon="-72.580655">
        <ele>276.7</ele>
      </trkpt>
      <trkpt lat="45.12914" lon="-72.5813">
        <ele>275.1</ele>
      </trkpt>
      <trkpt lat="45.12865" lon="-72.58204">
        <ele>276.2</ele>
      </trkpt>
      <trkpt lat="45.12816" lon="-72.58278">
        <ele>275.5</ele>
      </trkpt>
      <trkpt lat="45.1278" lon="-72.583255">
        <ele>277.2</ele>
      </trkpt>
      <trkpt lat="45.12744" lon="-72.58373">
        <ele>276.7</ele>
      </trkpt>
      <trkpt lat="45.127035" lon="-72.584335">
        <ele>276.1</ele>
      </trkpt>
      <trkpt lat="45.12663" lon="-72.58494">
        <ele>275.5</ele>
      </trkpt>
      <trkpt lat="45.1263" lon="-72.5856">
        <ele>273.8</ele>
      </trkpt>
      <trkpt lat="45.12613" lon="-72.58627">
        <ele>271.1</ele>
      </trkpt>
      <trkpt lat="45.12587" lon="-72.58698">
        <ele>270.3</ele>
      </trkpt>
      <trkpt lat="45.12587" lon="-72.58699">
        <ele>270.3</ele>
      </trkpt>
      <trkpt lat="45.12567" lon="-72.58754">
        <ele>270.7</ele>
      </trkpt>
      <trkpt lat="45.12549" lon="-72.58794">
        <ele>271.5</ele>
      </trkpt>
      <trkpt lat="45.12495" lon="-72.58868">
        <ele>268.8</ele>
      </trkpt>
      <trkpt lat="45.12441" lon="-72.58942">
        <ele>268.3</ele>
      </trkpt>
      <trkpt lat="45.12421" lon="-72.58976">
        <ele>268.8</ele>
      </trkpt>
      <trkpt lat="45.12415" lon="-72.5899">
        <ele>269</ele>
      </trkpt>
      <trkpt lat="45.123825" lon="-72.590435">
        <ele>266.4</ele>
      </trkpt>
      <trkpt lat="45.1235" lon="-72.59097">
        <ele>264.8</ele>
      </trkpt>
      <trkpt lat="45.12302" lon="-72.59169">
        <ele>264.6</ele>
      </trkpt>
      <trkpt lat="45.12272" lon="-72.59218">
        <ele>263.9</ele>
      </trkpt>
      <trkpt lat="45.12238" lon="-72.59263">
        <ele>263.2</ele>
      </trkpt>
      <trkpt lat="45.121805" lon="-72.59355">
        <ele>262.6</ele>
      </trkpt>
      <trkpt lat="45.12123" lon="-72.59447">
        <ele>259.1</ele>
      </trkpt>
      <trkpt lat="45.12091" lon="-72.59513">
        <ele>257.2</ele>
      </trkpt>
      <trkpt lat="45.1207" lon="-72.59559">
        <ele>254.1</ele>
      </trkpt>
      <trkpt lat="45.12043" lon="-72.5964">
        <ele>249.2</ele>
      </trkpt>
      <trkpt lat="45.120076" lon="-72.597326">
        <ele>244.7</ele>
      </trkpt>
      <trkpt lat="45.119723" lon="-72.598253">
        <ele>240.3</ele>
      </trkpt>
      <trkpt lat="45.11937" lon="-72.59918">
        <ele>237.6</ele>
      </trkpt>
      <trkpt lat="45.11913" lon="-72.59971">
        <ele>236.3</ele>
      </trkpt>
      <trkpt lat="45.11875" lon="-72.60034">
        <ele>235.1</ele>
      </trkpt>
      <trkpt lat="45.11837" lon="-72.60097">
        <ele>234.3</ele>
      </trkpt>
      <trkpt lat="45.11802" lon="-72.60145">
        <ele>233.2</ele>
      </trkpt>
      <trkpt lat="45.11732" lon="-72.60224">
        <ele>232.6</ele>
      </trkpt>
      <trkpt lat="45.11691" lon="-72.60267">
        <ele>232.9</ele>
      </trkpt>
      <trkpt lat="45.1163" lon="-72.60321">
        <ele>230.3</ele>
      </trkpt>
      <trkpt lat="45.11556" lon="-72.603695">
        <ele>225.8</ele>
      </trkpt>
      <trkpt lat="45.11482" lon="-72.60418">
        <ele>223.5</ele>
      </trkpt>
      <trkpt lat="45.11462" lon="-72.60434">
        <ele>221.3</ele>
      </trkpt>
      <trkpt lat="45.11443" lon="-72.60455">
        <ele>217.8</ele>
      </trkpt>
      <trkpt lat="45.11418" lon="-72.60494">
        <ele>215</ele>
      </trkpt>
      <trkpt lat="45.11393" lon="-72.60543">
        <ele>213.5</ele>
      </trkpt>
      <trkpt lat="45.11351" lon="-72.60634">
        <ele>214.7</ele>
      </trkpt>
      <trkpt lat="45.11333" lon="-72.60669">
        <ele>215.7</ele>
      </trkpt>
      <trkpt lat="45.11295" lon="-72.60724">
        <ele>216</ele>
      </trkpt>
      <trkpt lat="45.11253" lon="-72.60791">
        <ele>212.7</ele>
      </trkpt>
      <trkpt lat="45.112195" lon="-72.60856">
        <ele>205.4</ele>
      </trkpt>
      <trkpt lat="45.11186" lon="-72.60921">
        <ele>197.6</ele>
      </trkpt>
      <trkpt lat="45.11186" lon="-72.60922">
        <ele>197.5</ele>
      </trkpt>
      <trkpt lat="45.1114" lon="-72.6101">
        <ele>191.8</ele>
      </trkpt>
      <trkpt lat="45.11099" lon="-72.61094">
        <ele>186.4</ele>
      </trkpt>
      <trkpt lat="45.11058" lon="-72.61178">
        <ele>181.2</ele>
      </trkpt>
      <trkpt lat="45.11017" lon="-72.61262">
        <ele>180.4</ele>
      </trkpt>
      <trkpt lat="45.10976" lon="-72.61346">
        <ele>180</ele>
      </trkpt>
      <trkpt lat="45.10935" lon="-72.6143">
        <ele>180.3</ele>
      </trkpt>
      <trkpt lat="45.10976" lon="-72.61435">
        <ele>178.8</ele>
      </trkpt>
      <trkpt lat="45.11026" lon="-72.61438">
        <ele>178.1</ele>
      </trkpt>
      <trkpt lat="45.1104" lon="-72.61434">
        <ele>178.1</ele>
      </trkpt>
      <trkpt lat="45.11063" lon="-72.61432">
        <ele>177.6</ele>
      </trkpt>
      <trkpt lat="45.111375" lon="-72.61421">
        <ele>177.1</ele>
      </trkpt>
      <trkpt lat="45.11212" lon="-72.6141">
        <ele>176.8</ele>
      </trkpt>
      <trkpt lat="45.112865" lon="-72.61399">
        <ele>176.6</ele>
      </trkpt>
      <trkpt lat="45.11361" lon="-72.61388">
        <ele>176.4</ele>
      </trkpt>
      <trkpt lat="45.1136" lon="-72.61388">
        <ele>176.4</ele>
      </trkpt>
      <trkpt lat="45.112857" lon="-72.61399">
        <ele>176.6</ele>
      </trkpt>
      <trkpt lat="45.112115" lon="-72.6141">
        <ele>176.8</ele>
      </trkpt>
      <trkpt lat="45.111372" lon="-72.61421">
        <ele>177.1</ele>
      </trkpt>
      <trkpt lat="45.11063" lon="-72.61432">
        <ele>177.6</ele>
      </trkpt>
      <trkpt lat="45.1104" lon="-72.61434">
        <ele>178.1</ele>
      </trkpt>
      <trkpt lat="45.11026" lon="-72.61438">
        <ele>178.1</ele>
      </trkpt>
      <trkpt lat="45.10976" lon="-72.61435">
        <ele>178.8</ele>
      </trkpt>
      <trkpt lat="45.10935" lon="-72.6143">
        <ele>180.3</ele>
      </trkpt>
      <trkpt lat="45.10897" lon="-72.61522">
        <ele>179.7</ele>
      </trkpt>
      <trkpt lat="45.10897" lon="-72.61523">
        <ele>179.7</ele>
      </trkpt>
      <trkpt lat="45.108705" lon="-72.61585">
        <ele>179.7</ele>
      </trkpt>
      <trkpt lat="45.10844" lon="-72.61647">
        <ele>179.5</ele>
      </trkpt>
      <trkpt lat="45.10872" lon="-72.61664">
        <ele>178.9</ele>
      </trkpt>
      <trkpt lat="45.10799" lon="-72.616189">
        <ele>180.1</ele>
      </trkpt>
      <trkpt lat="45.10726" lon="-72.61574">
        <ele>180.8</ele>
      </trkpt>
      <trkpt lat="45.106825" lon="-72.615494">
        <ele>181.5</ele>
      </trkpt>
      <trkpt lat="45.10639" lon="-72.61525">
        <ele>181.2</ele>
      </trkpt>
      <trkpt lat="45.10622" lon="-72.61516">
        <ele>180.9</ele>
      </trkpt>
      <trkpt lat="45.10592" lon="-72.61507">
        <ele>180</ele>
      </trkpt>
      <trkpt lat="45.10554" lon="-72.61507">
        <ele>179.2</ele>
      </trkpt>
      <trkpt lat="45.10531" lon="-72.6151">
        <ele>179</ele>
      </trkpt>
      <trkpt lat="45.10517" lon="-72.61516">
        <ele>178.6</ele>
      </trkpt>
      <trkpt lat="45.10485" lon="-72.61538">
        <ele>177.7</ele>
      </trkpt>
      <trkpt lat="45.1047" lon="-72.61556">
        <ele>177.5</ele>
      </trkpt>
      <trkpt lat="45.10435" lon="-72.616055">
        <ele>176.5</ele>
      </trkpt>
      <trkpt lat="45.104" lon="-72.61655">
        <ele>175.3</ele>
      </trkpt>
      <trkpt lat="45.1035" lon="-72.61732">
        <ele>174</ele>
      </trkpt>
      <trkpt lat="45.1035" lon="-72.61733">
        <ele>173.9</ele>
      </trkpt>
      <trkpt lat="45.103006" lon="-72.618066">
        <ele>172.7</ele>
      </trkpt>
      <trkpt lat="45.102513" lon="-72.618803">
        <ele>171.3</ele>
      </trkpt>
      <trkpt lat="45.10202" lon="-72.61954">
        <ele>170.3</ele>
      </trkpt>
      <trkpt lat="45.10168" lon="-72.61995">
        <ele>169.2</ele>
      </trkpt>
      <trkpt lat="45.10148" lon="-72.62017">
        <ele>169</ele>
      </trkpt>
      <trkpt lat="45.101025" lon="-72.62057">
        <ele>168.3</ele>
      </trkpt>
      <trkpt lat="45.10057" lon="-72.62097">
        <ele>167.8</ele>
      </trkpt>
      <trkpt lat="45.099917" lon="-72.621505">
        <ele>167.3</ele>
      </trkpt>
      <trkpt lat="45.099265" lon="-72.62204">
        <ele>166.4</ele>
      </trkpt>
      <trkpt lat="45.098612" lon="-72.622575">
        <ele>166.7</ele>
      </trkpt>
      <trkpt lat="45.09796" lon="-72.62311">
        <ele>167.5</ele>
      </trkpt>
      <trkpt lat="45.097385" lon="-72.62351">
        <ele>166.4</ele>
      </trkpt>
      <trkpt lat="45.09681" lon="-72.62391">
        <ele>165</ele>
      </trkpt>
      <trkpt lat="45.09681" lon="-72.62392">
        <ele>165</ele>
      </trkpt>
      <trkpt lat="45.096053" lon="-72.6244">
        <ele>163.8</ele>
      </trkpt>
      <trkpt lat="45.095296" lon="-72.62488">
        <ele>163.1</ele>
      </trkpt>
      <trkpt lat="45.09454" lon="-72.62536">
        <ele>162.5</ele>
      </trkpt>
      <trkpt lat="45.09405" lon="-72.62559">
        <ele>162.1</ele>
      </trkpt>
      <trkpt lat="45.09373" lon="-72.62568">
        <ele>161.9</ele>
      </trkpt>
      <trkpt lat="45.09291" lon="-72.62584">
        <ele>162.1</ele>
      </trkpt>
      <trkpt lat="45.09209" lon="-72.626">
        <ele>162.6</ele>
      </trkpt>
      <trkpt lat="45.09132" lon="-72.62617">
        <ele>162.5</ele>
      </trkpt>
      <trkpt lat="45.09131" lon="-72.62617">
        <ele>162.5</ele>
      </trkpt>
      <trkpt lat="45.09072" lon="-72.62631">
        <ele>162.6</ele>
      </trkpt>
      <trkpt lat="45.09065" lon="-72.62666">
        <ele>161.7</ele>
      </trkpt>
      <trkpt lat="45.09056" lon="-72.62732">
        <ele>160.9</ele>
      </trkpt>
      <trkpt lat="45.09047" lon="-72.62798">
        <ele>161.6</ele>
      </trkpt>
      <trkpt lat="45.090375" lon="-72.628615">
        <ele>162.7</ele>
      </trkpt>
      <trkpt lat="45.09028" lon="-72.62925">
        <ele>163.9</ele>
      </trkpt>
      <trkpt lat="45.09007" lon="-72.63046">
        <ele>168</ele>
      </trkpt>
      <trkpt lat="45.08993" lon="-72.631355">
        <ele>169.3</ele>
      </trkpt>
      <trkpt lat="45.08979" lon="-72.63225">
        <ele>169.5</ele>
      </trkpt>
      <trkpt lat="45.08979" lon="-72.63226">
        <ele>169.5</ele>
      </trkpt>
      <trkpt lat="45.08971" lon="-72.632935">
        <ele>170</ele>
      </trkpt>
      <trkpt lat="45.08963" lon="-72.63361">
        <ele>171.1</ele>
      </trkpt>
      <trkpt lat="45.089555" lon="-72.634345">
        <ele>173.3</ele>
      </trkpt>
      <trkpt lat="45.08948" lon="-72.63508">
        <ele>177</ele>
      </trkpt>
      <trkpt lat="45.089415" lon="-72.636085">
        <ele>180.1</ele>
      </trkpt>
      <trkpt lat="45.08935" lon="-72.63709">
        <ele>181.8</ele>
      </trkpt>
      <trkpt lat="45.089335" lon="-72.63803">
        <ele>181.9</ele>
      </trkpt>
      <trkpt lat="45.08932" lon="-72.63897">
        <ele>179.9</ele>
      </trkpt>
      <trkpt lat="45.08927" lon="-72.64023">
        <ele>181.5</ele>
      </trkpt>
      <trkpt lat="45.08959" lon="-72.64022">
        <ele>181.9</ele>
      </trkpt>
      <trkpt lat="45.09032" lon="-72.64004">
        <ele>184.4</ele>
      </trkpt>
      <trkpt lat="45.09105" lon="-72.63986">
        <ele>192</ele>
      </trkpt>
      <trkpt lat="45.09178" lon="-72.63968">
        <ele>197.6</ele>
      </trkpt>
      <trkpt lat="45.09251" lon="-72.6395">
        <ele>202.4</ele>
      </trkpt>
      <trkpt lat="45.09324" lon="-72.63932">
        <ele>209.1</ele>
      </trkpt>
      <trkpt lat="45.09323" lon="-72.63932">
        <ele>209</ele>
      </trkpt>
      <trkpt lat="45.09391" lon="-72.63916">
        <ele>215.2</ele>
      </trkpt>
      <trkpt lat="45.09406" lon="-72.63915">
        <ele>216</ele>
      </trkpt>
      <trkpt lat="45.09444" lon="-72.63919">
        <ele>218.2</ele>
      </trkpt>
      <trkpt lat="45.095213" lon="-72.639326">
        <ele>223.3</ele>
      </trkpt>
      <trkpt lat="45.095986" lon="-72.639463">
        <ele>230.9</ele>
      </trkpt>
      <trkpt lat="45.09676" lon="-72.6396">
        <ele>231.6</ele>
      </trkpt>
      <trkpt lat="45.09744" lon="-72.639734">
        <ele>231.7</ele>
      </trkpt>
      <trkpt lat="45.09812" lon="-72.63987">
        <ele>233.1</ele>
      </trkpt>
      <trkpt lat="45.09846" lon="-72.63995">
        <ele>232.4</ele>
      </trkpt>
      <trkpt lat="45.0989" lon="-72.63999">
        <ele>230.4</ele>
      </trkpt>
      <trkpt lat="45.09931" lon="-72.64004">
        <ele>229.1</ele>
      </trkpt>
      <trkpt lat="45.09998" lon="-72.640169">
        <ele>230.4</ele>
      </trkpt>
      <trkpt lat="45.10065" lon="-72.6403">
        <ele>234.8</ele>
      </trkpt>
      <trkpt lat="45.101174" lon="-72.640374">
        <ele>236</ele>
      </trkpt>
      <trkpt lat="45.1017" lon="-72.64045">
        <ele>237.6</ele>
      </trkpt>
      <trkpt lat="45.1023" lon="-72.64058">
        <ele>239.1</ele>
      </trkpt>
      <trkpt lat="45.10266" lon="-72.64063">
        <ele>239.5</ele>
      </trkpt>
      <trkpt lat="45.103" lon="-72.64071">
        <ele>239.7</ele>
      </trkpt>
      <trkpt lat="45.1034" lon="-72.64076">
        <ele>238.6</ele>
      </trkpt>
      <trkpt lat="45.10403" lon="-72.640909">
        <ele>237.7</ele>
      </trkpt>
      <trkpt lat="45.10466" lon="-72.641059">
        <ele>232.7</ele>
      </trkpt>
      <trkpt lat="45.10529" lon="-72.64121">
        <ele>227.4</ele>
      </trkpt>
      <trkpt lat="45.10591" lon="-72.6413">
        <ele>221.7</ele>
      </trkpt>
      <trkpt lat="45.10659" lon="-72.641409">
        <ele>222.4</ele>
      </trkpt>
      <trkpt lat="45.10727" lon="-72.64152">
        <ele>222.2</ele>
      </trkpt>
      <trkpt lat="45.108152" lon="-72.641422">
        <ele>216.9</ele>
      </trkpt>
      <trkpt lat="45.109035" lon="-72.641325">
        <ele>215.8</ele>
      </trkpt>
      <trkpt lat="45.109917" lon="-72.641227">
        <ele>215.9</ele>
      </trkpt>
      <trkpt lat="45.1108" lon="-72.64113">
        <ele>215</ele>
      </trkpt>
      <trkpt lat="45.11079" lon="-72.64113">
        <ele>215</ele>
      </trkpt>
      <trkpt lat="45.111552" lon="-72.641042">
        <ele>213.2</ele>
      </trkpt>
      <trkpt lat="45.112315" lon="-72.640955">
        <ele>214</ele>
      </trkpt>
      <trkpt lat="45.113077" lon="-72.640867">
        <ele>216.6</ele>
      </trkpt>
      <trkpt lat="45.11384" lon="-72.64078">
        <ele>221.2</ele>
      </trkpt>
      <trkpt lat="45.11368" lon="-72.64165">
        <ele>217.7</ele>
      </trkpt>
      <trkpt lat="45.1136" lon="-72.64216">
        <ele>217</ele>
      </trkpt>
      <trkpt lat="45.11359" lon="-72.64272">
        <ele>217</ele>
      </trkpt>
      <trkpt lat="45.113627" lon="-72.643894">
        <ele>220.6</ele>
      </trkpt>
      <trkpt lat="45.113665" lon="-72.645069">
        <ele>226.3</ele>
      </trkpt>
      <trkpt lat="45.113702" lon="-72.646244">
        <ele>226.3</ele>
      </trkpt>
      <trkpt lat="45.11374" lon="-72.64742">
        <ele>225.4</ele>
      </trkpt>
      <trkpt lat="45.11375" lon="-72.64846">
        <ele>225.9</ele>
      </trkpt>
      <trkpt lat="45.11369" lon="-72.64904">
        <ele>226.4</ele>
      </trkpt>
      <trkpt lat="45.11354" lon="-72.650005">
        <ele>227.2</ele>
      </trkpt>
      <trkpt lat="45.11339" lon="-72.65097">
        <ele>231.8</ele>
      </trkpt>
      <trkpt lat="45.113295" lon="-72.651685">
        <ele>234.3</ele>
      </trkpt>
      <trkpt lat="45.1132" lon="-72.6524">
        <ele>236.9</ele>
      </trkpt>
      <trkpt lat="45.11319" lon="-72.65262">
        <ele>237.8</ele>
      </trkpt>
      <trkpt lat="45.11322" lon="-72.65299">
        <ele>238.8</ele>
      </trkpt>
      <trkpt lat="45.11331" lon="-72.65339">
        <ele>240.7</ele>
      </trkpt>
      <trkpt lat="45.11354" lon="-72.65397">
        <ele>242.1</ele>
      </trkpt>
      <trkpt lat="45.11366" lon="-72.65419">
        <ele>242.4</ele>
      </trkpt>
      <trkpt lat="45.11378" lon="-72.65437">
        <ele>243</ele>
      </trkpt>
      <trkpt lat="45.11398" lon="-72.65459">
        <ele>244.4</ele>
      </trkpt>
      <trkpt lat="45.114545" lon="-72.655099">
        <ele>247.4</ele>
      </trkpt>
      <trkpt lat="45.11511" lon="-72.65561">
        <ele>252.8</ele>
      </trkpt>
      <trkpt lat="45.11574" lon="-72.65626">
        <ele>253.7</ele>
      </trkpt>
      <trkpt lat="45.11596" lon="-72.65664">
        <ele>252.2</ele>
      </trkpt>
      <trkpt lat="45.11599" lon="-72.65688">
        <ele>251.3</ele>
      </trkpt>
      <trkpt lat="45.116" lon="-72.6579">
        <ele>249.7</ele>
      </trkpt>
      <trkpt lat="45.11598" lon="-72.65845">
        <ele>250.1</ele>
      </trkpt>
      <trkpt lat="45.11599" lon="-72.65884">
        <ele>250.7</ele>
      </trkpt>
      <trkpt lat="45.11602" lon="-72.65916">
        <ele>251</ele>
      </trkpt>
      <trkpt lat="45.11608" lon="-72.65944">
        <ele>251.1</ele>
      </trkpt>
      <trkpt lat="45.11634" lon="-72.66014">
        <ele>251.7</ele>
      </trkpt>
      <trkpt lat="45.11686" lon="-72.66117">
        <ele>245.5</ele>
      </trkpt>
      <trkpt lat="45.11729" lon="-72.66196">
        <ele>243</ele>
      </trkpt>
      <trkpt lat="45.11775" lon="-72.66279">
        <ele>239.4</ele>
      </trkpt>
      <trkpt lat="45.11809" lon="-72.66333">
        <ele>238.5</ele>
      </trkpt>
      <trkpt lat="45.1184" lon="-72.66364">
        <ele>237.1</ele>
      </trkpt>
      <trkpt lat="45.11857" lon="-72.66391">
        <ele>236</ele>
      </trkpt>
      <trkpt lat="45.11897" lon="-72.66471">
        <ele>229.8</ele>
      </trkpt>
      <trkpt lat="45.11911" lon="-72.66516">
        <ele>227.8</ele>
      </trkpt>
      <trkpt lat="45.11921" lon="-72.66575">
        <ele>226.5</ele>
      </trkpt>
      <trkpt lat="45.11936" lon="-72.66694">
        <ele>228.5</ele>
      </trkpt>
      <trkpt lat="45.11941" lon="-72.66753">
        <ele>231.4</ele>
      </trkpt>
      <trkpt lat="45.1194" lon="-72.66806">
        <ele>237.1</ele>
      </trkpt>
      <trkpt lat="45.11926" lon="-72.66928">
        <ele>240.1</ele>
      </trkpt>
      <trkpt lat="45.11926" lon="-72.66941">
        <ele>239.3</ele>
      </trkpt>
      <trkpt lat="45.1193" lon="-72.66968">
        <ele>238.1</ele>
      </trkpt>
      <trkpt lat="45.11939" lon="-72.67">
        <ele>236.8</ele>
      </trkpt>
      <trkpt lat="45.11948" lon="-72.67022">
        <ele>234</ele>
      </trkpt>
      <trkpt lat="45.11992" lon="-72.67103">
        <ele>229.1</ele>
      </trkpt>
      <trkpt lat="45.120235" lon="-72.671659">
        <ele>226.8</ele>
      </trkpt>
      <trkpt lat="45.12055" lon="-72.67229">
        <ele>225.4</ele>
      </trkpt>
      <trkpt lat="45.12072" lon="-72.67259">
        <ele>224.3</ele>
      </trkpt>
      <trkpt lat="45.1212" lon="-72.67327">
        <ele>220.3</ele>
      </trkpt>
      <trkpt lat="45.12148" lon="-72.67371">
        <ele>215.8</ele>
      </trkpt>
      <trkpt lat="45.1217" lon="-72.67411">
        <ele>212.5</ele>
      </trkpt>
      <trkpt lat="45.122275" lon="-72.674739">
        <ele>209.6</ele>
      </trkpt>
      <trkpt lat="45.12285" lon="-72.67537">
        <ele>208.5</ele>
      </trkpt>
      <trkpt lat="45.123405" lon="-72.675919">
        <ele>209.2</ele>
      </trkpt>
      <trkpt lat="45.12396" lon="-72.67647">
        <ele>208.1</ele>
      </trkpt>
      <trkpt lat="45.12451" lon="-72.67706">
        <ele>204.1</ele>
      </trkpt>
      <trkpt lat="45.12518" lon="-72.67783">
        <ele>197.5</ele>
      </trkpt>
      <trkpt lat="45.12581" lon="-72.678504">
        <ele>196.4</ele>
      </trkpt>
      <trkpt lat="45.12644" lon="-72.67918">
        <ele>198.1</ele>
      </trkpt>
      <trkpt lat="45.12689" lon="-72.67994">
        <ele>201.8</ele>
      </trkpt>
      <trkpt lat="45.127423" lon="-72.680953">
        <ele>206.7</ele>
      </trkpt>
      <trkpt lat="45.127956" lon="-72.681966">
        <ele>211.8</ele>
      </trkpt>
      <trkpt lat="45.12849" lon="-72.68298">
        <ele>220</ele>
      </trkpt>
      <trkpt lat="45.12862" lon="-72.68334">
        <ele>221</ele>
      </trkpt>
      <trkpt lat="45.12866" lon="-72.68353">
        <ele>220.6</ele>
      </trkpt>
      <trkpt lat="45.12866" lon="-72.68405">
        <ele>216.2</ele>
      </trkpt>
      <trkpt lat="45.12873" lon="-72.68509">
        <ele>213</ele>
      </trkpt>
      <trkpt lat="45.128855" lon="-72.686274">
        <ele>211.7</ele>
      </trkpt>
      <trkpt lat="45.12898" lon="-72.68746">
        <ele>209.7</ele>
      </trkpt>
      <trkpt lat="45.12913" lon="-72.68822">
        <ele>209.5</ele>
      </trkpt>
      <trkpt lat="45.1292" lon="-72.6884">
        <ele>209.6</ele>
      </trkpt>
      <trkpt lat="45.12935" lon="-72.68867">
        <ele>210.2</ele>
      </trkpt>
      <trkpt lat="45.12981" lon="-72.68929">
        <ele>213.9</ele>
      </trkpt>
      <trkpt lat="45.12994" lon="-72.68939">
        <ele>214.9</ele>
      </trkpt>
      <trkpt lat="45.13016" lon="-72.68952">
        <ele>216.8</ele>
      </trkpt>
      <trkpt lat="45.13048" lon="-72.68961">
        <ele>219.8</ele>
      </trkpt>
      <trkpt lat="45.131255" lon="-72.689629">
        <ele>227.5</ele>
      </trkpt>
      <trkpt lat="45.13203" lon="-72.68965">
        <ele>230.4</ele>
      </trkpt>
      <trkpt lat="45.132605" lon="-72.68954">
        <ele>227.8</ele>
      </trkpt>
      <trkpt lat="45.13318" lon="-72.68943">
        <ele>226.4</ele>
      </trkpt>
      <trkpt lat="45.13377" lon="-72.68938">
        <ele>223.6</ele>
      </trkpt>
      <trkpt lat="45.13392" lon="-72.68938">
        <ele>222.7</ele>
      </trkpt>
      <trkpt lat="45.13406" lon="-72.68943">
        <ele>221.7</ele>
      </trkpt>
      <trkpt lat="45.13444" lon="-72.6897">
        <ele>218.8</ele>
      </trkpt>
      <trkpt lat="45.134975" lon="-72.690169">
        <ele>216.4</ele>
      </trkpt>
      <trkpt lat="45.13551" lon="-72.69064">
        <ele>215.4</ele>
      </trkpt>
      <trkpt lat="45.13598" lon="-72.69094">
        <ele>211.8</ele>
      </trkpt>
      <trkpt lat="45.13671" lon="-72.691414">
        <ele>203.3</ele>
      </trkpt>
      <trkpt lat="45.13744" lon="-72.69189">
        <ele>194.9</ele>
      </trkpt>
      <trkpt lat="45.13765" lon="-72.69199">
        <ele>193.3</ele>
      </trkpt>
      <trkpt lat="45.13794" lon="-72.69208">
        <ele>192.6</ele>
      </trkpt>
      <trkpt lat="45.13815" lon="-72.69211">
        <ele>193.6</ele>
      </trkpt>
      <trkpt lat="45.13886" lon="-72.69204">
        <ele>200.6</ele>
      </trkpt>
      <trkpt lat="45.13921" lon="-72.69139">
        <ele>204.7</ele>
      </trkpt>
      <trkpt lat="45.13945" lon="-72.69081">
        <ele>209</ele>
      </trkpt>
      <trkpt lat="45.13969" lon="-72.69023">
        <ele>212.5</ele>
      </trkpt>
      <trkpt lat="45.13999" lon="-72.68934">
        <ele>218</ele>
      </trkpt>
      <trkpt lat="45.140215" lon="-72.68872">
        <ele>219.7</ele>
      </trkpt>
      <trkpt lat="45.14044" lon="-72.6881">
        <ele>223.8</ele>
      </trkpt>
      <trkpt lat="45.14043" lon="-72.6881">
        <ele>223.8</ele>
      </trkpt>
      <trkpt lat="45.14064" lon="-72.68764">
        <ele>226.6</ele>
      </trkpt>
      <trkpt lat="45.14078" lon="-72.68741">
        <ele>227.4</ele>
      </trkpt>
      <trkpt lat="45.14137" lon="-72.68661">
        <ele>229.1</ele>
      </trkpt>
      <trkpt lat="45.14182" lon="-72.68593">
        <ele>233.8</ele>
      </trkpt>
      <trkpt lat="45.14215" lon="-72.68553">
        <ele>235.9</ele>
      </trkpt>
      <trkpt lat="45.142775" lon="-72.6849">
        <ele>237.6</ele>
      </trkpt>
      <trkpt lat="45.1434" lon="-72.68427">
        <ele>236.6</ele>
      </trkpt>
      <trkpt lat="45.14383" lon="-72.68393">
        <ele>237.2</ele>
      </trkpt>
      <trkpt lat="45.14426" lon="-72.68359">
        <ele>238.3</ele>
      </trkpt>
      <trkpt lat="45.144496" lon="-72.684489">
        <ele>234.4</ele>
      </trkpt>
      <trkpt lat="45.144733" lon="-72.685389">
        <ele>233</ele>
      </trkpt>
      <trkpt lat="45.14497" lon="-72.68629">
        <ele>229.8</ele>
      </trkpt>
      <trkpt lat="45.14526" lon="-72.687229">
        <ele>225.5</ele>
      </trkpt>
      <trkpt lat="45.14555" lon="-72.68817">
        <ele>223.7</ele>
      </trkpt>
      <trkpt lat="45.14592" lon="-72.689289">
        <ele>221.5</ele>
      </trkpt>
      <trkpt lat="45.14629" lon="-72.690409">
        <ele>217.8</ele>
      </trkpt>
      <trkpt lat="45.14666" lon="-72.69153">
        <ele>211.6</ele>
      </trkpt>
      <trkpt lat="45.146965" lon="-72.692289">
        <ele>207.2</ele>
      </trkpt>
      <trkpt lat="45.14727" lon="-72.69305">
        <ele>198.9</ele>
      </trkpt>
      <trkpt lat="45.14768" lon="-72.693979">
        <ele>194.3</ele>
      </trkpt>
      <trkpt lat="45.14809" lon="-72.694909">
        <ele>192.8</ele>
      </trkpt>
      <trkpt lat="45.1485" lon="-72.695839">
        <ele>192.9</ele>
      </trkpt>
      <trkpt lat="45.14891" lon="-72.69677">
        <ele>195.5</ele>
      </trkpt>
      <trkpt lat="45.14913" lon="-72.6974">
        <ele>198.5</ele>
      </trkpt>
      <trkpt lat="45.14928" lon="-72.69822">
        <ele>203.9</ele>
      </trkpt>
      <trkpt lat="45.14929" lon="-72.69865">
        <ele>203.4</ele>
      </trkpt>
      <trkpt lat="45.149175" lon="-72.69977">
        <ele>200.4</ele>
      </trkpt>
      <trkpt lat="45.14906" lon="-72.70089">
        <ele>200.4</ele>
      </trkpt>
      <trkpt lat="45.14892" lon="-72.70197">
        <ele>199.6</ele>
      </trkpt>
      <trkpt lat="45.14885" lon="-72.7024">
        <ele>197.9</ele>
      </trkpt>
      <trkpt lat="45.14861" lon="-72.70327">
        <ele>192.3</ele>
      </trkpt>
      <trkpt lat="45.14842" lon="-72.7038">
        <ele>190.3</ele>
      </trkpt>
      <trkpt lat="45.14802" lon="-72.704655">
        <ele>190.9</ele>
      </trkpt>
      <trkpt lat="45.14762" lon="-72.70551">
        <ele>195</ele>
      </trkpt>
      <trkpt lat="45.14752" lon="-72.70586">
        <ele>195.8</ele>
      </trkpt>
      <trkpt lat="45.14731" lon="-72.706885">
        <ele>200.5</ele>
      </trkpt>
      <trkpt lat="45.1471" lon="-72.70791">
        <ele>205.9</ele>
      </trkpt>
      <trkpt lat="45.14705" lon="-72.70827">
        <ele>206.5</ele>
      </trkpt>
      <trkpt lat="45.14702" lon="-72.70872">
        <ele>207.6</ele>
      </trkpt>
      <trkpt lat="45.14702" lon="-72.70975">
        <ele>212.3</ele>
      </trkpt>
      <trkpt lat="45.14704" lon="-72.71021">
        <ele>215.3</ele>
      </trkpt>
      <trkpt lat="45.14711" lon="-72.71083">
        <ele>217</ele>
      </trkpt>
      <trkpt lat="45.14722" lon="-72.711454">
        <ele>216.1</ele>
      </trkpt>
      <trkpt lat="45.14733" lon="-72.71208">
        <ele>215.9</ele>
      </trkpt>
      <trkpt lat="45.147485" lon="-72.712814">
        <ele>215.8</ele>
      </trkpt>
      <trkpt lat="45.14764" lon="-72.71355">
        <ele>217.1</ele>
      </trkpt>
      <trkpt lat="45.14769" lon="-72.71387">
        <ele>218.2</ele>
      </trkpt>
      <trkpt lat="45.14772" lon="-72.71455">
        <ele>221.6</ele>
      </trkpt>
      <trkpt lat="45.14767" lon="-72.71516">
        <ele>223.9</ele>
      </trkpt>
      <trkpt lat="45.14757" lon="-72.71562">
        <ele>225.2</ele>
      </trkpt>
      <trkpt lat="45.14751" lon="-72.71602">
        <ele>226.7</ele>
      </trkpt>
      <trkpt lat="45.14748" lon="-72.7166">
        <ele>227.9</ele>
      </trkpt>
      <trkpt lat="45.147475" lon="-72.717275">
        <ele>228.3</ele>
      </trkpt>
      <trkpt lat="45.14747" lon="-72.71795">
        <ele>227.8</ele>
      </trkpt>
      <trkpt lat="45.147572" lon="-72.719044">
        <ele>225.5</ele>
      </trkpt>
      <trkpt lat="45.147675" lon="-72.720138">
        <ele>224.4</ele>
      </trkpt>
      <trkpt lat="45.147778" lon="-72.721232">
        <ele>224.5</ele>
      </trkpt>
      <trkpt lat="45.147881" lon="-72.722327">
        <ele>226.2</ele>
      </trkpt>
      <trkpt lat="45.147984" lon="-72.723421">
        <ele>229.9</ele>
      </trkpt>
      <trkpt lat="45.148087" lon="-72.724515">
        <ele>233.8</ele>
      </trkpt>
      <trkpt lat="45.14819" lon="-72.72561">
        <ele>234.3</ele>
      </trkpt>
      <trkpt lat="45.14828" lon="-72.72631">
        <ele>231.2</ele>
      </trkpt>
      <trkpt lat="45.14836" lon="-72.72713">
        <ele>226.3</ele>
      </trkpt>
      <trkpt lat="45.14837" lon="-72.72766">
        <ele>225</ele>
      </trkpt>
      <trkpt lat="45.148326" lon="-72.728743">
        <ele>223.2</ele>
      </trkpt>
      <trkpt lat="45.148283" lon="-72.729826">
        <ele>221.2</ele>
      </trkpt>
      <trkpt lat="45.14824" lon="-72.73091">
        <ele>217.6</ele>
      </trkpt>
      <trkpt lat="45.148196" lon="-72.731993">
        <ele>215.2</ele>
      </trkpt>
      <trkpt lat="45.148153" lon="-72.733076">
        <ele>214.5</ele>
      </trkpt>
      <trkpt lat="45.14811" lon="-72.73416">
        <ele>212.7</ele>
      </trkpt>
      <trkpt lat="45.148062" lon="-72.735157">
        <ele>210.6</ele>
      </trkpt>
      <trkpt lat="45.148015" lon="-72.736155">
        <ele>209.4</ele>
      </trkpt>
      <trkpt lat="45.147967" lon="-72.737152">
        <ele>208</ele>
      </trkpt>
      <trkpt lat="45.14792" lon="-72.73815">
        <ele>205.2</ele>
      </trkpt>
      <trkpt lat="45.14786" lon="-72.7388">
        <ele>203.4</ele>
      </trkpt>
      <trkpt lat="45.14771" lon="-72.73938">
        <ele>202.5</ele>
      </trkpt>
      <trkpt lat="45.147343" lon="-72.740323">
        <ele>202.7</ele>
      </trkpt>
      <trkpt lat="45.146976" lon="-72.741266">
        <ele>201.3</ele>
      </trkpt>
      <trkpt lat="45.14661" lon="-72.74221">
        <ele>196.5</ele>
      </trkpt>
      <trkpt lat="45.146243" lon="-72.743153">
        <ele>194.4</ele>
      </trkpt>
      <trkpt lat="45.145876" lon="-72.744096">
        <ele>193.5</ele>
      </trkpt>
      <trkpt lat="45.14551" lon="-72.74504">
        <ele>195.9</ele>
      </trkpt>
      <trkpt lat="45.14503" lon="-72.74611">
        <ele>197.1</ele>
      </trkpt>
      <trkpt lat="45.14452" lon="-72.747115">
        <ele>199</ele>
      </trkpt>
      <trkpt lat="45.14401" lon="-72.74812">
        <ele>197.5</ele>
      </trkpt>
      <trkpt lat="45.14373" lon="-72.74862">
        <ele>196.3</ele>
      </trkpt>
      <trkpt lat="45.14345" lon="-72.74912">
        <ele>194.1</ele>
      </trkpt>
      <trkpt lat="45.14345" lon="-72.74913">
        <ele>194.1</ele>
      </trkpt>
      <trkpt lat="45.14289" lon="-72.75009">
        <ele>194.2</ele>
      </trkpt>
      <trkpt lat="45.14258" lon="-72.75049">
        <ele>195.1</ele>
      </trkpt>
      <trkpt lat="45.14213" lon="-72.751005">
        <ele>194.9</ele>
      </trkpt>
      <trkpt lat="45.14168" lon="-72.75152">
        <ele>194.4</ele>
      </trkpt>
      <trkpt lat="45.141095" lon="-72.75211">
        <ele>193.4</ele>
      </trkpt>
      <trkpt lat="45.14051" lon="-72.7527">
        <ele>191.2</ele>
      </trkpt>
      <trkpt lat="45.1403" lon="-72.75299">
        <ele>189.5</ele>
      </trkpt>
      <trkpt lat="45.14" lon="-72.753555">
        <ele>184.6</ele>
      </trkpt>
      <trkpt lat="45.1397" lon="-72.75412">
        <ele>182.2</ele>
      </trkpt>
      <trkpt lat="45.14027" lon="-72.75457">
        <ele>181.9</ele>
      </trkpt>
      <trkpt lat="45.14048" lon="-72.75467">
        <ele>181.7</ele>
      </trkpt>
      <trkpt lat="45.14071" lon="-72.75475">
        <ele>181.9</ele>
      </trkpt>
      <trkpt lat="45.14092" lon="-72.75479">
        <ele>182.1</ele>
      </trkpt>
      <trkpt lat="45.1412" lon="-72.75479">
        <ele>183</ele>
      </trkpt>
      <trkpt lat="45.142079" lon="-72.754763">
        <ele>180.5</ele>
      </trkpt>
      <trkpt lat="45.142959" lon="-72.754736">
        <ele>175.2</ele>
      </trkpt>
      <trkpt lat="45.14384" lon="-72.75471">
        <ele>173</ele>
      </trkpt>
      <trkpt lat="45.14403" lon="-72.7547">
        <ele>173</ele>
      </trkpt>
      <trkpt lat="45.14466" lon="-72.75449">
        <ele>172.8</ele>
      </trkpt>
      <trkpt lat="45.1449" lon="-72.75446">
        <ele>172.5</ele>
      </trkpt>
      <trkpt lat="45.1457" lon="-72.754427">
        <ele>168.9</ele>
      </trkpt>
      <trkpt lat="45.1465" lon="-72.754395">
        <ele>170.3</ele>
      </trkpt>
      <trkpt lat="45.1473" lon="-72.754362">
        <ele>174.5</ele>
      </trkpt>
      <trkpt lat="45.1481" lon="-72.75433">
        <ele>178</ele>
      </trkpt>
      <trkpt lat="45.14809" lon="-72.75433">
        <ele>178</ele>
      </trkpt>
      <trkpt lat="45.148897" lon="-72.754297">
        <ele>181.5</ele>
      </trkpt>
      <trkpt lat="45.149705" lon="-72.754265">
        <ele>187.3</ele>
      </trkpt>
      <trkpt lat="45.150512" lon="-72.754232">
        <ele>192.1</ele>
      </trkpt>
      <trkpt lat="45.15132" lon="-72.7542">
        <ele>200.5</ele>
      </trkpt>
      <trkpt lat="45.152127" lon="-72.754167">
        <ele>208.6</ele>
      </trkpt>
      <trkpt lat="45.152935" lon="-72.754135">
        <ele>214.1</ele>
      </trkpt>
      <trkpt lat="45.153742" lon="-72.754102">
        <ele>220.8</ele>
      </trkpt>
      <trkpt lat="45.15455" lon="-72.75407">
        <ele>229.8</ele>
      </trkpt>
      <trkpt lat="45.15491" lon="-72.75403">
        <ele>232.9</ele>
      </trkpt>
      <trkpt lat="45.15511" lon="-72.75398">
        <ele>233.6</ele>
      </trkpt>
      <trkpt lat="45.15527" lon="-72.75385">
        <ele>234.5</ele>
      </trkpt>
      <trkpt lat="45.155615" lon="-72.753405">
        <ele>236.3</ele>
      </trkpt>
      <trkpt lat="45.15596" lon="-72.75296">
        <ele>237.5</ele>
      </trkpt>
      <trkpt lat="45.15659" lon="-72.75228">
        <ele>238.7</ele>
      </trkpt>
      <trkpt lat="45.157125" lon="-72.75179">
        <ele>236</ele>
      </trkpt>
      <trkpt lat="45.15766" lon="-72.7513">
        <ele>229.5</ele>
      </trkpt>
      <trkpt lat="45.15843" lon="-72.75067">
        <ele>220.3</ele>
      </trkpt>
      <trkpt lat="45.1586" lon="-72.75058">
        <ele>217.8</ele>
      </trkpt>
      <trkpt lat="45.1588" lon="-72.75049">
        <ele>216</ele>
      </trkpt>
      <trkpt lat="45.15959" lon="-72.7504">
        <ele>213.6</ele>
      </trkpt>
      <trkpt lat="45.1604" lon="-72.750444">
        <ele>211.9</ele>
      </trkpt>
      <trkpt lat="45.16121" lon="-72.75049">
        <ele>206.3</ele>
      </trkpt>
      <trkpt lat="45.16144" lon="-72.75047">
        <ele>205.1</ele>
      </trkpt>
      <trkpt lat="45.162064" lon="-72.750465">
        <ele>203.6</ele>
      </trkpt>
      <trkpt lat="45.16269" lon="-72.75046">
        <ele>202.8</ele>
      </trkpt>
      <trkpt lat="45.16301" lon="-72.75054">
        <ele>202.2</ele>
      </trkpt>
      <trkpt lat="45.16315" lon="-72.75063">
        <ele>201.9</ele>
      </trkpt>
      <trkpt lat="45.1633" lon="-72.75076">
        <ele>201.3</ele>
      </trkpt>
      <trkpt lat="45.16363" lon="-72.75129">
        <ele>198.7</ele>
      </trkpt>
      <trkpt lat="45.16377" lon="-72.75158">
        <ele>196</ele>
      </trkpt>
      <trkpt lat="45.16387" lon="-72.75189">
        <ele>191.6</ele>
      </trkpt>
      <trkpt lat="45.16395" lon="-72.75224">
        <ele>189.6</ele>
      </trkpt>
      <trkpt lat="45.16415" lon="-72.753287">
        <ele>178.8</ele>
      </trkpt>
      <trkpt lat="45.16435" lon="-72.754334">
        <ele>172.6</ele>
      </trkpt>
      <trkpt lat="45.16455" lon="-72.755382">
        <ele>170.1</ele>
      </trkpt>
      <trkpt lat="45.16475" lon="-72.75643">
        <ele>167.8</ele>
      </trkpt>
      <trkpt lat="45.16497" lon="-72.757627">
        <ele>165.6</ele>
      </trkpt>
      <trkpt lat="45.16519" lon="-72.758824">
        <ele>160.7</ele>
      </trkpt>
      <trkpt lat="45.16541" lon="-72.760022">
        <ele>157.3</ele>
      </trkpt>
      <trkpt lat="45.16563" lon="-72.76122">
        <ele>155.9</ele>
      </trkpt>
      <trkpt lat="45.166176" lon="-72.76048">
        <ele>154.8</ele>
      </trkpt>
      <trkpt lat="45.166722" lon="-72.75974">
        <ele>154.4</ele>
      </trkpt>
      <trkpt lat="45.167268" lon="-72.759">
        <ele>154.6</ele>
      </trkpt>
      <trkpt lat="45.167814" lon="-72.75826">
        <ele>154.6</ele>
      </trkpt>
      <trkpt lat="45.16836" lon="-72.75752">
        <ele>154.6</ele>
      </trkpt>
      <trkpt lat="45.16885" lon="-72.75689">
        <ele>154.9</ele>
      </trkpt>
      <trkpt lat="45.16949" lon="-72.75613">
        <ele>154.8</ele>
      </trkpt>
      <trkpt lat="45.17001" lon="-72.75559">
        <ele>153.6</ele>
      </trkpt>
      <trkpt lat="45.17041" lon="-72.755195">
        <ele>152.6</ele>
      </trkpt>
      <trkpt lat="45.17081" lon="-72.7548">
        <ele>151.2</ele>
      </trkpt>
      <trkpt lat="45.17136" lon="-72.75431">
        <ele>148.5</ele>
      </trkpt>
      <trkpt lat="45.17198" lon="-72.7538">
        <ele>146.4</ele>
      </trkpt>
      <trkpt lat="45.17267" lon="-72.75331">
        <ele>143.9</ele>
      </trkpt>
      <trkpt lat="45.1731" lon="-72.75304">
        <ele>142.8</ele>
      </trkpt>
      <trkpt lat="45.17353" lon="-72.75277">
        <ele>141.9</ele>
      </trkpt>
      <trkpt lat="45.17408" lon="-72.75243">
        <ele>140.6</ele>
      </trkpt>
      <trkpt lat="45.17475" lon="-72.75193">
        <ele>139.8</ele>
      </trkpt>
      <trkpt lat="45.17515" lon="-72.751435">
        <ele>139.4</ele>
      </trkpt>
      <trkpt lat="45.17555" lon="-72.75094">
        <ele>140.5</ele>
      </trkpt>
      <trkpt lat="45.17606" lon="-72.750196">
        <ele>142.4</ele>
      </trkpt>
      <trkpt lat="45.17657" lon="-72.749453">
        <ele>145.8</ele>
      </trkpt>
      <trkpt lat="45.17708" lon="-72.74871">
        <ele>150.2</ele>
      </trkpt>
      <trkpt lat="45.17728" lon="-72.74839">
        <ele>152.2</ele>
      </trkpt>
      <trkpt lat="45.17776" lon="-72.74741">
        <ele>154.7</ele>
      </trkpt>
      <trkpt lat="45.178233" lon="-72.74641">
        <ele>150.3</ele>
      </trkpt>
      <trkpt lat="45.178706" lon="-72.74541">
        <ele>149.5</ele>
      </trkpt>
      <trkpt lat="45.17918" lon="-72.74441">
        <ele>149.1</ele>
      </trkpt>
      <trkpt lat="45.179653" lon="-72.74341">
        <ele>142</ele>
      </trkpt>
      <trkpt lat="45.180126" lon="-72.74241">
        <ele>136.7</ele>
      </trkpt>
      <trkpt lat="45.1806" lon="-72.74141">
        <ele>136</ele>
      </trkpt>
      <trkpt lat="45.18094" lon="-72.74074">
        <ele>135.2</ele>
      </trkpt>
      <trkpt lat="45.18107" lon="-72.74042">
        <ele>135.6</ele>
      </trkpt>
      <trkpt lat="45.18118" lon="-72.74023">
        <ele>135.9</ele>
      </trkpt>
      <trkpt lat="45.18142" lon="-72.73988">
        <ele>137.3</ele>
      </trkpt>
      <trkpt lat="45.181925" lon="-72.739345">
        <ele>137.6</ele>
      </trkpt>
      <trkpt lat="45.18243" lon="-72.73881">
        <ele>137.4</ele>
      </trkpt>
      <trkpt lat="45.18267" lon="-72.73854">
        <ele>136.9</ele>
      </trkpt>
      <trkpt lat="45.18303" lon="-72.738">
        <ele>135.6</ele>
      </trkpt>
      <trkpt lat="45.18315" lon="-72.73778">
        <ele>134.6</ele>
      </trkpt>
      <trkpt lat="45.18344" lon="-72.73722">
        <ele>132.7</ele>
      </trkpt>
      <trkpt lat="45.18373" lon="-72.73666">
        <ele>133.1</ele>
      </trkpt>
      <trkpt lat="45.184076" lon="-72.735853">
        <ele>135.8</ele>
      </trkpt>
      <trkpt lat="45.184423" lon="-72.735046">
        <ele>139.2</ele>
      </trkpt>
      <trkpt lat="45.18477" lon="-72.73424">
        <ele>145.6</ele>
      </trkpt>
      <trkpt lat="45.18526" lon="-72.733275">
        <ele>148.9</ele>
      </trkpt>
      <trkpt lat="45.18575" lon="-72.73231">
        <ele>151.1</ele>
      </trkpt>
      <trkpt lat="45.18619" lon="-72.731265">
        <ele>149.8</ele>
      </trkpt>
      <trkpt lat="45.18663" lon="-72.73022">
        <ele>149.2</ele>
      </trkpt>
      <trkpt lat="45.18707" lon="-72.72924">
        <ele>149.4</ele>
      </trkpt>
      <trkpt lat="45.18721" lon="-72.72896">
        <ele>149.5</ele>
      </trkpt>
      <trkpt lat="45.187625" lon="-72.728345">
        <ele>150.5</ele>
      </trkpt>
      <trkpt lat="45.18804" lon="-72.72773">
        <ele>152.1</ele>
      </trkpt>
      <trkpt lat="45.18837" lon="-72.72726">
        <ele>152.5</ele>
      </trkpt>
      <trkpt lat="45.18895" lon="-72.72654">
        <ele>152.8</ele>
      </trkpt>
      <trkpt lat="45.18924" lon="-72.72623">
        <ele>152.8</ele>
      </trkpt>
      <trkpt lat="45.189775" lon="-72.725715">
        <ele>153.1</ele>
      </trkpt>
      <trkpt lat="45.19031" lon="-72.7252">
        <ele>153</ele>
      </trkpt>
      <trkpt lat="45.19095" lon="-72.72461">
        <ele>152.7</ele>
      </trkpt>
      <trkpt lat="45.19147" lon="-72.72417">
        <ele>154.2</ele>
      </trkpt>
      <trkpt lat="45.19176" lon="-72.72395">
        <ele>155.1</ele>
      </trkpt>
      <trkpt lat="45.19234" lon="-72.72364">
        <ele>152.8</ele>
      </trkpt>
      <trkpt lat="45.19277" lon="-72.72328">
        <ele>150.8</ele>
      </trkpt>
      <trkpt lat="45.19338" lon="-72.72268">
        <ele>150.3</ele>
      </trkpt>
      <trkpt lat="45.194118" lon="-72.722074">
        <ele>150.2</ele>
      </trkpt>
      <trkpt lat="45.194856" lon="-72.721468">
        <ele>148.7</ele>
      </trkpt>
      <trkpt lat="45.195594" lon="-72.720862">
        <ele>146.5</ele>
      </trkpt>
      <trkpt lat="45.196332" lon="-72.720256">
        <ele>145</ele>
      </trkpt>
      <trkpt lat="45.19707" lon="-72.71965">
        <ele>143.3</ele>
      </trkpt>
      <trkpt lat="45.19728" lon="-72.71943">
        <ele>142.7</ele>
      </trkpt>
      <trkpt lat="45.19748" lon="-72.71916">
        <ele>142.4</ele>
      </trkpt>
      <trkpt lat="45.19758" lon="-72.71898">
        <ele>142.2</ele>
      </trkpt>
      <trkpt lat="45.1977" lon="-72.71869">
        <ele>142.1</ele>
      </trkpt>
      <trkpt lat="45.198125" lon="-72.71758">
        <ele>139.6</ele>
      </trkpt>
      <trkpt lat="45.19855" lon="-72.71647">
        <ele>136.9</ele>
      </trkpt>
      <trkpt lat="45.19872" lon="-72.71592">
        <ele>136.4</ele>
      </trkpt>
      <trkpt lat="45.19892" lon="-72.71518">
        <ele>135.1</ele>
      </trkpt>
      <trkpt lat="45.19903" lon="-72.71468">
        <ele>134.6</ele>
      </trkpt>
      <trkpt lat="45.19922" lon="-72.713625">
        <ele>133.6</ele>
      </trkpt>
      <trkpt lat="45.19941" lon="-72.71257">
        <ele>133.5</ele>
      </trkpt>
      <trkpt lat="45.19947" lon="-72.712">
        <ele>133.5</ele>
      </trkpt>
      <trkpt lat="45.19945" lon="-72.71141">
        <ele>133.9</ele>
      </trkpt>
      <trkpt lat="45.19941" lon="-72.71105">
        <ele>133.9</ele>
      </trkpt>
      <trkpt lat="45.199115" lon="-72.709909">
        <ele>134.7</ele>
      </trkpt>
      <trkpt lat="45.19882" lon="-72.70877">
        <ele>136.8</ele>
      </trkpt>
      <trkpt lat="45.19871" lon="-72.70845">
        <ele>137.2</ele>
      </trkpt>
      <trkpt lat="45.19864" lon="-72.70832">
        <ele>137.7</ele>
      </trkpt>
      <trkpt lat="45.19836" lon="-72.70787">
        <ele>139.9</ele>
      </trkpt>
      <trkpt lat="45.19799" lon="-72.707424">
        <ele>144.4</ele>
      </trkpt>
      <trkpt lat="45.19762" lon="-72.70698">
        <ele>148.9</ele>
      </trkpt>
      <trkpt lat="45.19734" lon="-72.70658">
        <ele>151.4</ele>
      </trkpt>
      <trkpt lat="45.19696" lon="-72.7059">
        <ele>155</ele>
      </trkpt>
      <trkpt lat="45.1967" lon="-72.70532">
        <ele>156.5</ele>
      </trkpt>
      <trkpt lat="45.19655" lon="-72.70507">
        <ele>156.7</ele>
      </trkpt>
      <trkpt lat="45.19636" lon="-72.70478">
        <ele>156.7</ele>
      </trkpt>
      <trkpt lat="45.19586" lon="-72.70435">
        <ele>157.4</ele>
      </trkpt>
      <trkpt lat="45.19511" lon="-72.70384">
        <ele>156.6</ele>
      </trkpt>
      <trkpt lat="45.1946" lon="-72.70345">
        <ele>155.6</ele>
      </trkpt>
      <trkpt lat="45.19431" lon="-72.70327">
        <ele>154.7</ele>
      </trkpt>
      <trkpt lat="45.193625" lon="-72.702994">
        <ele>152.4</ele>
      </trkpt>
      <trkpt lat="45.19294" lon="-72.70272">
        <ele>152.1</ele>
      </trkpt>
      <trkpt lat="45.19264" lon="-72.70251">
        <ele>152.5</ele>
      </trkpt>
      <trkpt lat="45.19206" lon="-72.70196">
        <ele>152.3</ele>
      </trkpt>
      <trkpt lat="45.19174" lon="-72.7016">
        <ele>151.1</ele>
      </trkpt>
      <trkpt lat="45.19114" lon="-72.70081">
        <ele>149.5</ele>
      </trkpt>
      <trkpt lat="45.19089" lon="-72.70044">
        <ele>149.3</ele>
      </trkpt>
      <trkpt lat="45.19046" lon="-72.69985">
        <ele>147.5</ele>
      </trkpt>
      <trkpt lat="45.19011" lon="-72.699429">
        <ele>146.4</ele>
      </trkpt>
      <trkpt lat="45.18976" lon="-72.69901">
        <ele>145.3</ele>
      </trkpt>
      <trkpt lat="45.18982" lon="-72.69829">
        <ele>139.7</ele>
      </trkpt>
      <trkpt lat="45.18992" lon="-72.69745">
        <ele>134.5</ele>
      </trkpt>
      <trkpt lat="45.19" lon="-72.69713">
        <ele>132.6</ele>
      </trkpt>
      <trkpt lat="45.19036" lon="-72.69642">
        <ele>126.8</ele>
      </trkpt>
      <trkpt lat="45.190825" lon="-72.69534">
        <ele>123</ele>
      </trkpt>
      <trkpt lat="45.19129" lon="-72.69426">
        <ele>124.2</ele>
      </trkpt>
      <trkpt lat="45.19137" lon="-72.69395">
        <ele>125.6</ele>
      </trkpt>
      <trkpt lat="45.19142" lon="-72.69297">
        <ele>131.1</ele>
      </trkpt>
      <trkpt lat="45.19141" lon="-72.69189">
        <ele>133.7</ele>
      </trkpt>
      <trkpt lat="45.19137" lon="-72.69144">
        <ele>135</ele>
      </trkpt>
      <trkpt lat="45.191245" lon="-72.690304">
        <ele>137.8</ele>
      </trkpt>
      <trkpt lat="45.19112" lon="-72.68917">
        <ele>144.3</ele>
      </trkpt>
      <trkpt lat="45.19105" lon="-72.68879">
        <ele>146.7</ele>
      </trkpt>
      <trkpt lat="45.19097" lon="-72.68849">
        <ele>148.4</ele>
      </trkpt>
      <trkpt lat="45.1908" lon="-72.68804">
        <ele>150</ele>
      </trkpt>
      <trkpt lat="45.19075" lon="-72.68778">
        <ele>151.2</ele>
      </trkpt>
      <trkpt lat="45.19072" lon="-72.6872">
        <ele>154.8</ele>
      </trkpt>
      <trkpt lat="45.19063" lon="-72.686196">
        <ele>157.4</ele>
      </trkpt>
      <trkpt lat="45.19054" lon="-72.685193">
        <ele>157.7</ele>
      </trkpt>
      <trkpt lat="45.19045" lon="-72.68419">
        <ele>155.5</ele>
      </trkpt>
      <trkpt lat="45.190344" lon="-72.683005">
        <ele>151.7</ele>
      </trkpt>
      <trkpt lat="45.190238" lon="-72.681821">
        <ele>148.2</ele>
      </trkpt>
      <trkpt lat="45.190132" lon="-72.680637">
        <ele>143.5</ele>
      </trkpt>
      <trkpt lat="45.190026" lon="-72.679453">
        <ele>142.5</ele>
      </trkpt>
      <trkpt lat="45.18992" lon="-72.67827">
        <ele>144.2</ele>
      </trkpt>
      <trkpt lat="45.18982" lon="-72.67711">
        <ele>147.8</ele>
      </trkpt>
      <trkpt lat="45.18973" lon="-72.67644">
        <ele>152.9</ele>
      </trkpt>
      <trkpt lat="45.18972" lon="-72.67559">
        <ele>158.8</ele>
      </trkpt>
      <trkpt lat="45.1897" lon="-72.67529">
        <ele>160.8</ele>
      </trkpt>
      <trkpt lat="45.18961" lon="-72.67474">
        <ele>162.1</ele>
      </trkpt>
      <trkpt lat="45.1895" lon="-72.67424">
        <ele>162.9</ele>
      </trkpt>
      <trkpt lat="45.189433" lon="-72.673273">
        <ele>164.1</ele>
      </trkpt>
      <trkpt lat="45.189366" lon="-72.672306">
        <ele>162.2</ele>
      </trkpt>
      <trkpt lat="45.1893" lon="-72.67134">
        <ele>161.1</ele>
      </trkpt>
      <trkpt lat="45.1893" lon="-72.67112">
        <ele>161</ele>
      </trkpt>
      <trkpt lat="45.18945" lon="-72.67031">
        <ele>162.1</ele>
      </trkpt>
      <trkpt lat="45.18955" lon="-72.67">
        <ele>163.4</ele>
      </trkpt>
      <trkpt lat="45.18957" lon="-72.66973">
        <ele>165.4</ele>
      </trkpt>
      <trkpt lat="45.18956" lon="-72.66959">
        <ele>165.4</ele>
      </trkpt>
      <trkpt lat="45.18948" lon="-72.66936">
        <ele>166.6</ele>
      </trkpt>
      <trkpt lat="45.18937" lon="-72.66914">
        <ele>167.5</ele>
      </trkpt>
      <trkpt lat="45.18923" lon="-72.66878">
        <ele>169.6</ele>
      </trkpt>
      <trkpt lat="45.18921" lon="-72.66852">
        <ele>170.2</ele>
      </trkpt>
      <trkpt lat="45.18919" lon="-72.667674">
        <ele>168.9</ele>
      </trkpt>
      <trkpt lat="45.18917" lon="-72.66683">
        <ele>165.1</ele>
      </trkpt>
      <trkpt lat="45.18945" lon="-72.6669">
        <ele>163.3</ele>
      </trkpt>
      <trkpt lat="45.18967" lon="-72.66691">
        <ele>162</ele>
      </trkpt>
      <trkpt lat="45.18993" lon="-72.66691">
        <ele>160.9</ele>
      </trkpt>
      <trkpt lat="45.19048" lon="-72.66682">
        <ele>160.1</ele>
      </trkpt>
      <trkpt lat="45.1908" lon="-72.66673">
        <ele>160.5</ele>
      </trkpt>
      <trkpt lat="45.19114" lon="-72.66659">
        <ele>161.1</ele>
      </trkpt>
      <trkpt lat="45.19153" lon="-72.66637">
        <ele>162.1</ele>
      </trkpt>
      <trkpt lat="45.19189" lon="-72.66614">
        <ele>162.6</ele>
      </trkpt>
      <trkpt lat="45.19262" lon="-72.66558">
        <ele>162.3</ele>
      </trkpt>
      <trkpt lat="45.19335" lon="-72.66502">
        <ele>161.9</ele>
      </trkpt>
      <trkpt lat="45.19383" lon="-72.66467">
        <ele>161.7</ele>
      </trkpt>
      <trkpt lat="45.19417" lon="-72.66444">
        <ele>161.8</ele>
      </trkpt>
      <trkpt lat="45.19492" lon="-72.66404">
        <ele>163.1</ele>
      </trkpt>
      <trkpt lat="45.19576" lon="-72.663625">
        <ele>164</ele>
      </trkpt>
      <trkpt lat="45.1966" lon="-72.66321">
        <ele>161.1</ele>
      </trkpt>
      <trkpt lat="45.1966" lon="-72.66322">
        <ele>161.1</ele>
      </trkpt>
      <trkpt lat="45.197296" lon="-72.662873">
        <ele>158.3</ele>
      </trkpt>
      <trkpt lat="45.197993" lon="-72.662526">
        <ele>158.1</ele>
      </trkpt>
      <trkpt lat="45.19869" lon="-72.66218">
        <ele>158.7</ele>
      </trkpt>
      <trkpt lat="45.19867" lon="-72.66193">
        <ele>158.8</ele>
      </trkpt>
      <trkpt lat="45.19868" lon="-72.66149">
        <ele>159.4</ele>
      </trkpt>
      <trkpt lat="45.19872" lon="-72.661">
        <ele>160.5</ele>
      </trkpt>
      <trkpt lat="45.19883" lon="-72.66006">
        <ele>162.8</ele>
      </trkpt>
      <trkpt lat="45.19894" lon="-72.65912">
        <ele>164.8</ele>
      </trkpt>
      <trkpt lat="45.19905" lon="-72.65818">
        <ele>166.6</ele>
      </trkpt>
      <trkpt lat="45.199155" lon="-72.65744">
        <ele>167.2</ele>
      </trkpt>
      <trkpt lat="45.19926" lon="-72.6567">
        <ele>168.8</ele>
      </trkpt>
      <trkpt lat="45.19939" lon="-72.655945">
        <ele>171.4</ele>
      </trkpt>
      <trkpt lat="45.19952" lon="-72.65519">
        <ele>174.3</ele>
      </trkpt>
      <trkpt lat="45.199665" lon="-72.654455">
        <ele>176.5</ele>
      </trkpt>
      <trkpt lat="45.19981" lon="-72.65372">
        <ele>178.5</ele>
      </trkpt>
      <trkpt lat="45.19981" lon="-72.65373">
        <ele>178.5</ele>
      </trkpt>
      <trkpt lat="45.19996" lon="-72.65304">
        <ele>179.6</ele>
      </trkpt>
      <trkpt lat="45.20025" lon="-72.65185">
        <ele>181</ele>
      </trkpt>
      <trkpt lat="45.20054" lon="-72.65066">
        <ele>182.7</ele>
      </trkpt>
      <trkpt lat="45.201373" lon="-72.650643">
        <ele>183.6</ele>
      </trkpt>
      <trkpt lat="45.202206" lon="-72.650626">
        <ele>185.2</ele>
      </trkpt>
      <trkpt lat="45.20304" lon="-72.65061">
        <ele>188.6</ele>
      </trkpt>
      <trkpt lat="45.203885" lon="-72.650555">
        <ele>186.5</ele>
      </trkpt>
      <trkpt lat="45.20473" lon="-72.6505">
        <ele>184.4</ele>
      </trkpt>
      <trkpt lat="45.205574" lon="-72.650445">
        <ele>183</ele>
      </trkpt>
      <trkpt lat="45.20642" lon="-72.65039">
        <ele>183.8</ele>
      </trkpt>
      <trkpt lat="45.20682" lon="-72.65042">
        <ele>184.3</ele>
      </trkpt>
      <trkpt lat="45.20743" lon="-72.650405">
        <ele>185.9</ele>
      </trkpt>
      <trkpt lat="45.20804" lon="-72.65039">
        <ele>189.3</ele>
      </trkpt>
      <trkpt lat="45.20826" lon="-72.65042">
        <ele>189.7</ele>
      </trkpt>
      <trkpt lat="45.20858" lon="-72.65039">
        <ele>189.9</ele>
      </trkpt>
      <trkpt lat="45.20873" lon="-72.65035">
        <ele>189.7</ele>
      </trkpt>
      <trkpt lat="45.20958" lon="-72.650255">
        <ele>186.8</ele>
      </trkpt>
      <trkpt lat="45.21043" lon="-72.65016">
        <ele>181.6</ele>
      </trkpt>
      <trkpt lat="45.21061" lon="-72.65011">
        <ele>180.7</ele>
      </trkpt>
      <trkpt lat="45.21068" lon="-72.65007">
        <ele>180.4</ele>
      </trkpt>
      <trkpt lat="45.21098" lon="-72.64981">
        <ele>179.7</ele>
      </trkpt>
      <trkpt lat="45.21116" lon="-72.64971">
        <ele>179.2</ele>
      </trkpt>
      <trkpt lat="45.211882" lon="-72.64929">
        <ele>176.9</ele>
      </trkpt>
      <trkpt lat="45.212605" lon="-72.64887">
        <ele>172.1</ele>
      </trkpt>
      <trkpt lat="45.213327" lon="-72.64845">
        <ele>165.6</ele>
      </trkpt>
      <trkpt lat="45.21405" lon="-72.64803">
        <ele>164.1</ele>
      </trkpt>
      <trkpt lat="45.21404" lon="-72.64803">
        <ele>164.1</ele>
      </trkpt>
      <trkpt lat="45.214753" lon="-72.64761">
        <ele>168.7</ele>
      </trkpt>
      <trkpt lat="45.215466" lon="-72.64719">
        <ele>174.2</ele>
      </trkpt>
      <trkpt lat="45.21618" lon="-72.64677">
        <ele>181.6</ele>
      </trkpt>
      <trkpt lat="45.216873" lon="-72.64638">
        <ele>185.3</ele>
      </trkpt>
      <trkpt lat="45.217566" lon="-72.64599">
        <ele>187.8</ele>
      </trkpt>
      <trkpt lat="45.21826" lon="-72.6456">
        <ele>190.5</ele>
      </trkpt>
      <trkpt lat="45.21896" lon="-72.64524">
        <ele>192.3</ele>
      </trkpt>
      <trkpt lat="45.21966" lon="-72.64488">
        <ele>193.7</ele>
      </trkpt>
      <trkpt lat="45.22036" lon="-72.64452">
        <ele>198.8</ele>
      </trkpt>
      <trkpt lat="45.221066" lon="-72.64417">
        <ele>202.8</ele>
      </trkpt>
      <trkpt lat="45.221773" lon="-72.64382">
        <ele>208.9</ele>
      </trkpt>
      <trkpt lat="45.22248" lon="-72.64347">
        <ele>214.6</ele>
      </trkpt>
      <trkpt lat="45.22267" lon="-72.64242">
        <ele>215</ele>
      </trkpt>
      <trkpt lat="45.2228" lon="-72.6418">
        <ele>217.7</ele>
      </trkpt>
      <trkpt lat="45.22293" lon="-72.6413">
        <ele>221</ele>
      </trkpt>
      <trkpt lat="45.22315" lon="-72.64071">
        <ele>225.1</ele>
      </trkpt>
      <trkpt lat="45.22329" lon="-72.64041">
        <ele>226.9</ele>
      </trkpt>
      <trkpt lat="45.22386" lon="-72.63952">
        <ele>229.4</ele>
      </trkpt>
      <trkpt lat="45.22416" lon="-72.63912">
        <ele>228.4</ele>
      </trkpt>
      <trkpt lat="45.22415" lon="-72.63912">
        <ele>228.5</ele>
      </trkpt>
      <trkpt lat="45.2248" lon="-72.63825">
        <ele>229.1</ele>
      </trkpt>
      <trkpt lat="45.22488" lon="-72.63812">
        <ele>229.1</ele>
      </trkpt>
      <trkpt lat="45.22497" lon="-72.63781">
        <ele>228.4</ele>
      </trkpt>
      <trkpt lat="45.22499" lon="-72.63767">
        <ele>228.4</ele>
      </trkpt>
      <trkpt lat="45.22498" lon="-72.63699">
        <ele>226.7</ele>
      </trkpt>
      <trkpt lat="45.22495" lon="-72.636234">
        <ele>225.9</ele>
      </trkpt>
      <trkpt lat="45.22492" lon="-72.63548">
        <ele>225.5</ele>
      </trkpt>
      <trkpt lat="45.224855" lon="-72.634269">
        <ele>224.1</ele>
      </trkpt>
      <trkpt lat="45.22479" lon="-72.63306">
        <ele>223.3</ele>
      </trkpt>
      <trkpt lat="45.22477" lon="-72.632415">
        <ele>222.8</ele>
      </trkpt>
      <trkpt lat="45.22475" lon="-72.63177">
        <ele>221.4</ele>
      </trkpt>
      <trkpt lat="45.225399" lon="-72.63177">
        <ele>222.2</ele>
      </trkpt>
      <trkpt lat="45.226049" lon="-72.63177">
        <ele>223.4</ele>
      </trkpt>
      <trkpt lat="45.2267" lon="-72.63177">
        <ele>225.3</ele>
      </trkpt>
      <trkpt lat="45.22669" lon="-72.63177">
        <ele>225.2</ele>
      </trkpt>
      <trkpt lat="45.22742" lon="-72.63176">
        <ele>230</ele>
      </trkpt>
      <trkpt lat="45.22771" lon="-72.63172">
        <ele>231.4</ele>
      </trkpt>
      <trkpt lat="45.228523" lon="-72.631703">
        <ele>237.2</ele>
      </trkpt>
      <trkpt lat="45.229336" lon="-72.631686">
        <ele>245.6</ele>
      </trkpt>
      <trkpt lat="45.23015" lon="-72.63167">
        <ele>253.2</ele>
      </trkpt>
      <trkpt lat="45.23027" lon="-72.63172">
        <ele>254.2</ele>
      </trkpt>
      <trkpt lat="45.23031" lon="-72.6318">
        <ele>254.6</ele>
      </trkpt>
      <trkpt lat="45.23036" lon="-72.63198">
        <ele>255.2</ele>
      </trkpt>
      <trkpt lat="45.23038" lon="-72.63258">
        <ele>256</ele>
      </trkpt>
      <trkpt lat="45.230375" lon="-72.633539">
        <ele>262.2</ele>
      </trkpt>
      <trkpt lat="45.23037" lon="-72.6345">
        <ele>270.3</ele>
      </trkpt>
      <trkpt lat="45.230395" lon="-72.635345">
        <ele>278.9</ele>
      </trkpt>
      <trkpt lat="45.23042" lon="-72.63619">
        <ele>283.9</ele>
      </trkpt>
      <trkpt lat="45.23043" lon="-72.63745">
        <ele>285.8</ele>
      </trkpt>
      <trkpt lat="45.23047" lon="-72.63812">
        <ele>292.1</ele>
      </trkpt>
      <trkpt lat="45.2305" lon="-72.638924">
        <ele>296.4</ele>
      </trkpt>
      <trkpt lat="45.23053" lon="-72.63973">
        <ele>297.9</ele>
      </trkpt>
      <trkpt lat="45.23052" lon="-72.64018">
        <ele>298.2</ele>
      </trkpt>
      <trkpt lat="45.23041" lon="-72.64054">
        <ele>297.4</ele>
      </trkpt>
      <trkpt lat="45.23032" lon="-72.64068">
        <ele>296.3</ele>
      </trkpt>
      <trkpt lat="45.23014" lon="-72.6412">
        <ele>290.9</ele>
      </trkpt>
      <trkpt lat="45.229915" lon="-72.64197">
        <ele>283.2</ele>
      </trkpt>
      <trkpt lat="45.22969" lon="-72.64274">
        <ele>273</ele>
      </trkpt>
      <trkpt lat="45.22954" lon="-72.643385">
        <ele>268.1</ele>
      </trkpt>
      <trkpt lat="45.22939" lon="-72.64403">
        <ele>262.9</ele>
      </trkpt>
      <trkpt lat="45.22906" lon="-72.64515">
        <ele>252.7</ele>
      </trkpt>
      <trkpt lat="45.22898" lon="-72.6455">
        <ele>250.5</ele>
      </trkpt>
      <trkpt lat="45.22882" lon="-72.646315">
        <ele>243.9</ele>
      </trkpt>
      <trkpt lat="45.22866" lon="-72.64713">
        <ele>239.7</ele>
      </trkpt>
      <trkpt lat="45.22863" lon="-72.64748">
        <ele>237.8</ele>
      </trkpt>
      <trkpt lat="45.228625" lon="-72.64815">
        <ele>231.1</ele>
      </trkpt>
      <trkpt lat="45.22862" lon="-72.64882">
        <ele>226.3</ele>
      </trkpt>
      <trkpt lat="45.22864" lon="-72.649999">
        <ele>223</ele>
      </trkpt>
      <trkpt lat="45.22866" lon="-72.65118">
        <ele>220.8</ele>
      </trkpt>
      <trkpt lat="45.22868" lon="-72.652194">
        <ele>218.6</ele>
      </trkpt>
      <trkpt lat="45.2287" lon="-72.65321">
        <ele>217.8</ele>
      </trkpt>
      <trkpt lat="45.22876" lon="-72.654259">
        <ele>217</ele>
      </trkpt>
      <trkpt lat="45.22882" lon="-72.65531">
        <ele>218.1</ele>
      </trkpt>
      <trkpt lat="45.22885" lon="-72.656004">
        <ele>220.6</ele>
      </trkpt>
      <trkpt lat="45.22888" lon="-72.6567">
        <ele>225.8</ele>
      </trkpt>
      <trkpt lat="45.22887" lon="-72.65733">
        <ele>230</ele>
      </trkpt>
      <trkpt lat="45.22897" lon="-72.658596">
        <ele>230</ele>
      </trkpt>
      <trkpt lat="45.22907" lon="-72.659863">
        <ele>229.6</ele>
      </trkpt>
      <trkpt lat="45.22917" lon="-72.66113">
        <ele>227</ele>
      </trkpt>
      <trkpt lat="45.2293" lon="-72.66226">
        <ele>227.7</ele>
      </trkpt>
      <trkpt lat="45.22936" lon="-72.66238">
        <ele>227.9</ele>
      </trkpt>
      <trkpt lat="45.22943" lon="-72.66247">
        <ele>227.9</ele>
      </trkpt>
      <trkpt lat="45.22986" lon="-72.66279">
        <ele>221.9</ele>
      </trkpt>
      <trkpt lat="45.23006" lon="-72.66288">
        <ele>220.9</ele>
      </trkpt>
      <trkpt lat="45.23013" lon="-72.66296">
        <ele>220.4</ele>
      </trkpt>
      <trkpt lat="45.23021" lon="-72.66318">
        <ele>218.8</ele>
      </trkpt>
      <trkpt lat="45.230315" lon="-72.663969">
        <ele>215.2</ele>
      </trkpt>
      <trkpt lat="45.23042" lon="-72.66476">
        <ele>210.4</ele>
      </trkpt>
      <trkpt lat="45.23053" lon="-72.66579">
        <ele>204.3</ele>
      </trkpt>
      <trkpt lat="45.23052" lon="-72.66641">
        <ele>202.9</ele>
      </trkpt>
      <trkpt lat="45.23058" lon="-72.6673">
        <ele>201.4</ele>
      </trkpt>
      <trkpt lat="45.23063" lon="-72.66759">
        <ele>199.8</ele>
      </trkpt>
      <trkpt lat="45.23087" lon="-72.66854">
        <ele>199.8</ele>
      </trkpt>
      <trkpt lat="45.23102" lon="-72.66852">
        <ele>200.7</ele>
      </trkpt>
      <trkpt lat="45.23156" lon="-72.6683">
        <ele>206.9</ele>
      </trkpt>
      <trkpt lat="45.23184" lon="-72.66826">
        <ele>210.9</ele>
      </trkpt>
      <trkpt lat="45.23226" lon="-72.66825">
        <ele>209.3</ele>
      </trkpt>
      <trkpt lat="45.23249" lon="-72.6682">
        <ele>207.1</ele>
      </trkpt>
      <trkpt lat="45.23269" lon="-72.66807">
        <ele>202.7</ele>
      </trkpt>
      <trkpt lat="45.23296" lon="-72.66776">
        <ele>199.1</ele>
      </trkpt>
      <trkpt lat="45.23307" lon="-72.66753">
        <ele>197.5</ele>
      </trkpt>
      <trkpt lat="45.23313" lon="-72.66727">
        <ele>195.3</ele>
      </trkpt>
      <trkpt lat="45.23318" lon="-72.66718">
        <ele>194.7</ele>
      </trkpt>
      <trkpt lat="45.23343" lon="-72.66693">
        <ele>193.1</ele>
      </trkpt>
      <trkpt lat="45.2335" lon="-72.66686">
        <ele>192.8</ele>
      </trkpt>
      <trkpt lat="45.2339" lon="-72.66624">
        <ele>187.7</ele>
      </trkpt>
      <trkpt lat="45.23407" lon="-72.66571">
        <ele>185.7</ele>
      </trkpt>
      <trkpt lat="45.23426" lon="-72.66529">
        <ele>183.7</ele>
      </trkpt>
      <trkpt lat="45.23431" lon="-72.66511">
        <ele>183.1</ele>
      </trkpt>
      <trkpt lat="45.23472" lon="-72.66431">
        <ele>182.1</ele>
      </trkpt>
      <trkpt lat="45.23503" lon="-72.66383">
        <ele>182.6</ele>
      </trkpt>
      <trkpt lat="45.23513" lon="-72.66379">
        <ele>182.3</ele>
      </trkpt>
      <trkpt lat="45.23526" lon="-72.66347">
        <ele>181.7</ele>
      </trkpt>
      <trkpt lat="45.235715" lon="-72.66253">
        <ele>182.3</ele>
      </trkpt>
      <trkpt lat="45.23617" lon="-72.66159">
        <ele>184.6</ele>
      </trkpt>
      <trkpt lat="45.23656" lon="-72.66086">
        <ele>188.4</ele>
      </trkpt>
      <trkpt lat="45.236925" lon="-72.6601">
        <ele>190.2</ele>
      </trkpt>
      <trkpt lat="45.23729" lon="-72.65934">
        <ele>187.6</ele>
      </trkpt>
      <trkpt lat="45.237695" lon="-72.658395">
        <ele>185.3</ele>
      </trkpt>
      <trkpt lat="45.2381" lon="-72.65745">
        <ele>184.1</ele>
      </trkpt>
      <trkpt lat="45.23894" lon="-72.657407">
        <ele>182</ele>
      </trkpt>
      <trkpt lat="45.23978" lon="-72.657365">
        <ele>177.8</ele>
      </trkpt>
      <trkpt lat="45.240619" lon="-72.657322">
        <ele>173.2</ele>
      </trkpt>
      <trkpt lat="45.24146" lon="-72.65728">
        <ele>166.8</ele>
      </trkpt>
      <trkpt lat="45.24145" lon="-72.65728">
        <ele>166.8</ele>
      </trkpt>
      <trkpt lat="45.24184" lon="-72.65727">
        <ele>164.6</ele>
      </trkpt>
      <trkpt lat="45.242476" lon="-72.657213">
        <ele>163.3</ele>
      </trkpt>
      <trkpt lat="45.243113" lon="-72.657156">
        <ele>165.9</ele>
      </trkpt>
      <trkpt lat="45.24375" lon="-72.6571">
        <ele>171.3</ele>
      </trkpt>
      <trkpt lat="45.244229" lon="-72.65708">
        <ele>177.3</ele>
      </trkpt>
      <trkpt lat="45.24471" lon="-72.65706">
        <ele>180.5</ele>
      </trkpt>
      <trkpt lat="45.245386" lon="-72.65699">
        <ele>183.9</ele>
      </trkpt>
      <trkpt lat="45.246063" lon="-72.65692">
        <ele>184.7</ele>
      </trkpt>
      <trkpt lat="45.24674" lon="-72.65685">
        <ele>187.3</ele>
      </trkpt>
      <trkpt lat="45.24762" lon="-72.65672">
        <ele>191</ele>
      </trkpt>
      <trkpt lat="45.24801" lon="-72.6567">
        <ele>192.8</ele>
      </trkpt>
      <trkpt lat="45.248773" lon="-72.656716">
        <ele>191.5</ele>
      </trkpt>
      <trkpt lat="45.249536" lon="-72.656733">
        <ele>189.5</ele>
      </trkpt>
      <trkpt lat="45.2503" lon="-72.65675">
        <ele>188.2</ele>
      </trkpt>
      <trkpt lat="45.25116" lon="-72.65679">
        <ele>187.2</ele>
      </trkpt>
      <trkpt lat="45.25201" lon="-72.65679">
        <ele>185.8</ele>
      </trkpt>
      <trkpt lat="45.25277" lon="-72.656755">
        <ele>177.9</ele>
      </trkpt>
      <trkpt lat="45.25353" lon="-72.65672">
        <ele>173.6</ele>
      </trkpt>
      <trkpt lat="45.25429" lon="-72.656685">
        <ele>171.5</ele>
      </trkpt>
      <trkpt lat="45.25505" lon="-72.65665">
        <ele>162.4</ele>
      </trkpt>
      <trkpt lat="45.25591" lon="-72.656633">
        <ele>153.8</ele>
      </trkpt>
      <trkpt lat="45.25677" lon="-72.656616">
        <ele>152.6</ele>
      </trkpt>
      <trkpt lat="45.25763" lon="-72.6566">
        <ele>155.4</ele>
      </trkpt>
      <trkpt lat="45.25787" lon="-72.65662">
        <ele>155.3</ele>
      </trkpt>
      <trkpt lat="45.258605" lon="-72.656644">
        <ele>151.1</ele>
      </trkpt>
      <trkpt lat="45.25934" lon="-72.65667">
        <ele>149.6</ele>
      </trkpt>
      <trkpt lat="45.26006" lon="-72.656679">
        <ele>152</ele>
      </trkpt>
      <trkpt lat="45.26078" lon="-72.65669">
        <ele>155.2</ele>
      </trkpt>
      <trkpt lat="45.26124" lon="-72.65664">
        <ele>156.8</ele>
      </trkpt>
      <trkpt lat="45.26119" lon="-72.657425">
        <ele>153.9</ele>
      </trkpt>
      <trkpt lat="45.26114" lon="-72.65821">
        <ele>152.2</ele>
      </trkpt>
      <trkpt lat="45.260944" lon="-72.659204">
        <ele>153.3</ele>
      </trkpt>
      <trkpt lat="45.260748" lon="-72.660198">
        <ele>152.7</ele>
      </trkpt>
      <trkpt lat="45.260552" lon="-72.661192">
        <ele>150.6</ele>
      </trkpt>
      <trkpt lat="45.260356" lon="-72.662186">
        <ele>149.9</ele>
      </trkpt>
      <trkpt lat="45.26016" lon="-72.66318">
        <ele>149.9</ele>
      </trkpt>
      <trkpt lat="45.2599" lon="-72.6644">
        <ele>152.3</ele>
      </trkpt>
      <trkpt lat="45.25966" lon="-72.665095">
        <ele>152.3</ele>
      </trkpt>
      <trkpt lat="45.25942" lon="-72.66579">
        <ele>144.6</ele>
      </trkpt>
      <trkpt lat="45.25902" lon="-72.66681">
        <ele>140.9</ele>
      </trkpt>
      <trkpt lat="45.25894" lon="-72.66708">
        <ele>140.8</ele>
      </trkpt>
      <trkpt lat="45.25889" lon="-72.66741">
        <ele>140.8</ele>
      </trkpt>
      <trkpt lat="45.25888" lon="-72.6678">
        <ele>140.9</ele>
      </trkpt>
      <trkpt lat="45.258912" lon="-72.669074">
        <ele>143.9</ele>
      </trkpt>
      <trkpt lat="45.258945" lon="-72.670349">
        <ele>144</ele>
      </trkpt>
      <trkpt lat="45.258977" lon="-72.671624">
        <ele>142.3</ele>
      </trkpt>
      <trkpt lat="45.25901" lon="-72.6729">
        <ele>145</ele>
      </trkpt>
      <trkpt lat="45.25909" lon="-72.67322">
        <ele>146.6</ele>
      </trkpt>
      <trkpt lat="45.25929" lon="-72.67355">
        <ele>147.8</ele>
      </trkpt>
      <trkpt lat="45.25984" lon="-72.6742">
        <ele>149.2</ele>
      </trkpt>
      <trkpt lat="45.2602" lon="-72.67479">
        <ele>151.6</ele>
      </trkpt>
      <trkpt lat="45.26065" lon="-72.67582">
        <ele>152.6</ele>
      </trkpt>
      <trkpt lat="45.26074" lon="-72.67622">
        <ele>154.1</ele>
      </trkpt>
      <trkpt lat="45.26075" lon="-72.6765">
        <ele>155.8</ele>
      </trkpt>
      <trkpt lat="45.26068" lon="-72.67689">
        <ele>159.8</ele>
      </trkpt>
      <trkpt lat="45.26051" lon="-72.6773">
        <ele>162.5</ele>
      </trkpt>
      <trkpt lat="45.26041" lon="-72.67762">
        <ele>161.9</ele>
      </trkpt>
      <trkpt lat="45.2604" lon="-72.67787">
        <ele>160</ele>
      </trkpt>
      <trkpt lat="45.26043" lon="-72.6781">
        <ele>156.5</ele>
      </trkpt>
      <trkpt lat="45.260786" lon="-72.678879">
        <ele>150.4</ele>
      </trkpt>
      <trkpt lat="45.261143" lon="-72.679659">
        <ele>150.9</ele>
      </trkpt>
      <trkpt lat="45.2615" lon="-72.68044">
        <ele>152.6</ele>
      </trkpt>
      <trkpt lat="45.26187" lon="-72.6811">
        <ele>149.5</ele>
      </trkpt>
      <trkpt lat="45.26225" lon="-72.68158">
        <ele>145</ele>
      </trkpt>
      <trkpt lat="45.262785" lon="-72.682099">
        <ele>139.9</ele>
      </trkpt>
      <trkpt lat="45.26332" lon="-72.68262">
        <ele>139.1</ele>
      </trkpt>
      <trkpt lat="45.26358" lon="-72.68293">
        <ele>138.7</ele>
      </trkpt>
      <trkpt lat="45.26391" lon="-72.683479">
        <ele>136.9</ele>
      </trkpt>
      <trkpt lat="45.26424" lon="-72.68403">
        <ele>136.3</ele>
      </trkpt>
      <trkpt lat="45.26428" lon="-72.68337">
        <ele>137.5</ele>
      </trkpt>
      <trkpt lat="45.26432" lon="-72.68271">
        <ele>137.7</ele>
      </trkpt>
      <trkpt lat="45.26442" lon="-72.68199">
        <ele>136.1</ele>
      </trkpt>
      <trkpt lat="45.26461" lon="-72.681365">
        <ele>135.7</ele>
      </trkpt>
      <trkpt lat="45.2648" lon="-72.68074">
        <ele>136</ele>
      </trkpt>
      <trkpt lat="45.26498" lon="-72.679955">
        <ele>137.2</ele>
      </trkpt>
      <trkpt lat="45.26516" lon="-72.67917">
        <ele>136.8</ele>
      </trkpt>
      <trkpt lat="45.2656" lon="-72.67819">
        <ele>138.2</ele>
      </trkpt>
      <trkpt lat="45.26587" lon="-72.6777">
        <ele>137.4</ele>
      </trkpt>
      <trkpt lat="45.2662" lon="-72.67725">
        <ele>136.5</ele>
      </trkpt>
      <trkpt lat="45.26646" lon="-72.67702">
        <ele>136.5</ele>
      </trkpt>
      <trkpt lat="45.26723" lon="-72.67658">
        <ele>135.5</ele>
      </trkpt>
      <trkpt lat="45.26768" lon="-72.67617">
        <ele>135.9</ele>
      </trkpt>
      <trkpt lat="45.26797" lon="-72.67578">
        <ele>137.5</ele>
      </trkpt>
      <trkpt lat="45.26865" lon="-72.67523">
        <ele>145.1</ele>
      </trkpt>
      <trkpt lat="45.26921" lon="-72.67492">
        <ele>146.1</ele>
      </trkpt>
      <trkpt lat="45.27" lon="-72.67456">
        <ele>145.2</ele>
      </trkpt>
      <trkpt lat="45.27058" lon="-72.67443">
        <ele>143.3</ele>
      </trkpt>
      <trkpt lat="45.27116" lon="-72.6743">
        <ele>141.7</ele>
      </trkpt>
      <trkpt lat="45.2718" lon="-72.67407">
        <ele>142.4</ele>
      </trkpt>
      <trkpt lat="45.27244" lon="-72.67384">
        <ele>143.4</ele>
      </trkpt>
      <trkpt lat="45.27327" lon="-72.67362">
        <ele>149.3</ele>
      </trkpt>
      <trkpt lat="45.27379" lon="-72.673575">
        <ele>152.2</ele>
      </trkpt>
      <trkpt lat="45.27431" lon="-72.67353">
        <ele>155.6</ele>
      </trkpt>
      <trkpt lat="45.27466" lon="-72.67354">
        <ele>159.3</ele>
      </trkpt>
      <trkpt lat="45.27497" lon="-72.67358">
        <ele>162.6</ele>
      </trkpt>
      <trkpt lat="45.27557" lon="-72.67376">
        <ele>166.3</ele>
      </trkpt>
      <trkpt lat="45.27581" lon="-72.67386">
        <ele>167.6</ele>
      </trkpt>
      <trkpt lat="45.27639" lon="-72.67407">
        <ele>169.9</ele>
      </trkpt>
      <trkpt lat="45.2768" lon="-72.67429">
        <ele>170.6</ele>
      </trkpt>
      <trkpt lat="45.27716" lon="-72.67445">
        <ele>170.8</ele>
      </trkpt>
      <trkpt lat="45.27765" lon="-72.6747">
        <ele>171.6</ele>
      </trkpt>
      <trkpt lat="45.27806" lon="-72.67487">
        <ele>171.7</ele>
      </trkpt>
      <trkpt lat="45.27849" lon="-72.67496">
        <ele>172.2</ele>
      </trkpt>
      <trkpt lat="45.27882" lon="-72.67499">
        <ele>172.3</ele>
      </trkpt>
      <trkpt lat="45.27934" lon="-72.67501">
        <ele>172.3</ele>
      </trkpt>
      <trkpt lat="45.27996" lon="-72.67496">
        <ele>172.2</ele>
      </trkpt>
      <trkpt lat="45.28039" lon="-72.67482">
        <ele>172.2</ele>
      </trkpt>
      <trkpt lat="45.28098" lon="-72.67456">
        <ele>172.3</ele>
      </trkpt>
      <trkpt lat="45.28161" lon="-72.67425">
        <ele>173.2</ele>
      </trkpt>
      <trkpt lat="45.28224" lon="-72.67394">
        <ele>174.9</ele>
      </trkpt>
      <trkpt lat="45.282745" lon="-72.673645">
        <ele>177.5</ele>
      </trkpt>
      <trkpt lat="45.28325" lon="-72.67335">
        <ele>179.7</ele>
      </trkpt>
      <trkpt lat="45.283935" lon="-72.67288">
        <ele>184.8</ele>
      </trkpt>
      <trkpt lat="45.28462" lon="-72.67241">
        <ele>191.7</ele>
      </trkpt>
      <trkpt lat="45.285282" lon="-72.67184">
        <ele>199.5</ele>
      </trkpt>
      <trkpt lat="45.285945" lon="-72.67127">
        <ele>205.7</ele>
      </trkpt>
      <trkpt lat="45.286608" lon="-72.6707">
        <ele>208.9</ele>
      </trkpt>
      <trkpt lat="45.287271" lon="-72.67013">
        <ele>209.7</ele>
      </trkpt>
      <trkpt lat="45.287934" lon="-72.66956">
        <ele>207.8</ele>
      </trkpt>
      <trkpt lat="45.288597" lon="-72.66899">
        <ele>205.7</ele>
      </trkpt>
      <trkpt lat="45.28926" lon="-72.66842">
        <ele>201.3</ele>
      </trkpt>
      <trkpt lat="45.289947" lon="-72.667755">
        <ele>198.8</ele>
      </trkpt>
      <trkpt lat="45.290635" lon="-72.66709">
        <ele>198.8</ele>
      </trkpt>
      <trkpt lat="45.291322" lon="-72.666425">
        <ele>198.6</ele>
      </trkpt>
      <trkpt lat="45.29201" lon="-72.66576">
        <ele>198.3</ele>
      </trkpt>
      <trkpt lat="45.29257" lon="-72.66521">
        <ele>197.9</ele>
      </trkpt>
      <trkpt lat="45.29291" lon="-72.66485">
        <ele>196.5</ele>
      </trkpt>
      <trkpt lat="45.29344" lon="-72.66414">
        <ele>192.6</ele>
      </trkpt>
      <trkpt lat="45.293975" lon="-72.663375">
        <ele>186.4</ele>
      </trkpt>
      <trkpt lat="45.29451" lon="-72.66261">
        <ele>185</ele>
      </trkpt>
      <trkpt lat="45.29466" lon="-72.66243">
        <ele>184.5</ele>
      </trkpt>
      <trkpt lat="45.29502" lon="-72.66207">
        <ele>184.2</ele>
      </trkpt>
      <trkpt lat="45.2955" lon="-72.66172">
        <ele>183</ele>
      </trkpt>
      <trkpt lat="45.29573" lon="-72.66163">
        <ele>182.8</ele>
      </trkpt>
      <trkpt lat="45.29643" lon="-72.661432">
        <ele>181</ele>
      </trkpt>
      <trkpt lat="45.29713" lon="-72.661235">
        <ele>177.8</ele>
      </trkpt>
      <trkpt lat="45.29783" lon="-72.661037">
        <ele>172.9</ele>
      </trkpt>
      <trkpt lat="45.29853" lon="-72.66084">
        <ele>166.1</ele>
      </trkpt>
      <trkpt lat="45.29852" lon="-72.66084">
        <ele>166.2</ele>
      </trkpt>
      <trkpt lat="45.29935" lon="-72.66061">
        <ele>161.2</ele>
      </trkpt>
      <trkpt lat="45.30018" lon="-72.66038">
        <ele>159.8</ele>
      </trkpt>
      <trkpt lat="45.30095" lon="-72.660146">
        <ele>157.5</ele>
      </trkpt>
      <trkpt lat="45.30172" lon="-72.659913">
        <ele>153.3</ele>
      </trkpt>
      <trkpt lat="45.30249" lon="-72.65968">
        <ele>149.1</ele>
      </trkpt>
      <trkpt lat="45.30334" lon="-72.659436">
        <ele>142.5</ele>
      </trkpt>
      <trkpt lat="45.30419" lon="-72.659192">
        <ele>139</ele>
      </trkpt>
      <trkpt lat="45.30504" lon="-72.658948">
        <ele>137.1</ele>
      </trkpt>
      <trkpt lat="45.30589" lon="-72.658704">
        <ele>138.5</ele>
      </trkpt>
      <trkpt lat="45.30674" lon="-72.65846">
        <ele>142.8</ele>
      </trkpt>
      <trkpt lat="45.30702" lon="-72.65837">
        <ele>143.3</ele>
      </trkpt>
      <trkpt lat="45.30759" lon="-72.65812">
        <ele>145.3</ele>
      </trkpt>
      <trkpt lat="45.30816" lon="-72.65787">
        <ele>146.8</ele>
      </trkpt>
      <trkpt lat="45.30899" lon="-72.65759">
        <ele>147.4</ele>
      </trkpt>
      <trkpt lat="45.30906" lon="-72.65768">
        <ele>147.4</ele>
      </trkpt>
      <trkpt lat="45.30913" lon="-72.65768">
        <ele>147.1</ele>
      </trkpt>
      <trkpt lat="45.30962" lon="-72.65759">
        <ele>146.8</ele>
      </trkpt>
      <trkpt lat="45.310493" lon="-72.65752">
        <ele>146.4</ele>
      </trkpt>
      <trkpt lat="45.311366" lon="-72.65745">
        <ele>144.1</ele>
      </trkpt>
      <trkpt lat="45.31224" lon="-72.65738">
        <ele>140.9</ele>
      </trkpt>
      <trkpt lat="45.312953" lon="-72.657333">
        <ele>138.4</ele>
      </trkpt>
      <trkpt lat="45.313666" lon="-72.657286">
        <ele>135.5</ele>
      </trkpt>
      <trkpt lat="45.31438" lon="-72.65724">
        <ele>133.2</ele>
      </trkpt>
      <trkpt lat="45.31449" lon="-72.6572">
        <ele>133.2</ele>
      </trkpt>
      <trkpt lat="45.31462" lon="-72.65723">
        <ele>133</ele>
      </trkpt>
      <trkpt lat="45.31471" lon="-72.65719">
        <ele>132.7</ele>
      </trkpt>
      <trkpt lat="45.31487" lon="-72.65719">
        <ele>131.9</ele>
      </trkpt>
      <trkpt lat="45.315637" lon="-72.657152">
        <ele>128.3</ele>
      </trkpt>
      <trkpt lat="45.316405" lon="-72.657115">
        <ele>126.5</ele>
      </trkpt>
      <trkpt lat="45.317172" lon="-72.657077">
        <ele>126.7</ele>
      </trkpt>
      <trkpt lat="45.31794" lon="-72.65704">
        <ele>128.1</ele>
      </trkpt>
      <trkpt lat="45.31822" lon="-72.65593">
        <ele>128.5</ele>
      </trkpt>
      <trkpt lat="45.318522" lon="-72.654734">
        <ele>128.9</ele>
      </trkpt>
      <trkpt lat="45.318824" lon="-72.653538">
        <ele>129.5</ele>
      </trkpt>
      <trkpt lat="45.319126" lon="-72.652342">
        <ele>130</ele>
      </trkpt>
      <trkpt lat="45.319428" lon="-72.651146">
        <ele>130.4</ele>
      </trkpt>
      <trkpt lat="45.31973" lon="-72.64995">
        <ele>128.9</ele>
      </trkpt>
      <trkpt lat="45.31992" lon="-72.64933">
        <ele>126</ele>
      </trkpt>
      <trkpt lat="45.32005" lon="-72.649">
        <ele>123</ele>
      </trkpt>
      <trkpt lat="45.32026" lon="-72.64855">
        <ele>121.3</ele>
      </trkpt>
      <trkpt lat="45.3207" lon="-72.64771">
        <ele>120.9</ele>
      </trkpt>
      <trkpt lat="45.32085" lon="-72.64775">
        <ele>120.9</ele>
      </trkpt>
      <trkpt lat="45.32086" lon="-72.6478">
        <ele>120.9</ele>
      </trkpt>
      <trkpt lat="45.32091" lon="-72.64788">
        <ele>120.2</ele>
      </trkpt>
      <trkpt lat="45.32138" lon="-72.64807">
        <ele>119.7</ele>
      </trkpt>
      <trkpt lat="45.3216" lon="-72.64828">
        <ele>120.1</ele>
      </trkpt>
      <trkpt lat="45.32196" lon="-72.64837">
        <ele>121.3</ele>
      </trkpt>
      <trkpt lat="45.3222" lon="-72.6485">
        <ele>122.9</ele>
      </trkpt>
      <trkpt lat="45.32285" lon="-72.64867">
        <ele>125.6</ele>
      </trkpt>
      <trkpt lat="45.32291" lon="-72.64878">
        <ele>125.6</ele>
      </trkpt>
      <trkpt lat="45.32302" lon="-72.64901">
        <ele>125.2</ele>
      </trkpt>
      <trkpt lat="45.32318" lon="-72.64918">
        <ele>125.2</ele>
      </trkpt>
      <trkpt lat="45.32362" lon="-72.6494">
        <ele>124.2</ele>
      </trkpt>
      <trkpt lat="45.32402" lon="-72.64945">
        <ele>123.9</ele>
      </trkpt>
      <trkpt lat="45.32408" lon="-72.64949">
        <ele>123.9</ele>
      </trkpt>
      <trkpt lat="45.32414" lon="-72.64957">
        <ele>123.8</ele>
      </trkpt>
      <trkpt lat="45.32422" lon="-72.6498">
        <ele>123.7</ele>
      </trkpt>
      <trkpt lat="45.32432" lon="-72.64985">
        <ele>123.3</ele>
      </trkpt>
      <trkpt lat="45.32445" lon="-72.64971">
        <ele>121.8</ele>
      </trkpt>
      <trkpt lat="45.3245" lon="-72.64959">
        <ele>121.3</ele>
      </trkpt>
      <trkpt lat="45.32454" lon="-72.64944">
        <ele>120.9</ele>
      </trkpt>
      <trkpt lat="45.32453" lon="-72.64913">
        <ele>120.3</ele>
      </trkpt>
      <trkpt lat="45.32457" lon="-72.649">
        <ele>120</ele>
      </trkpt>
      <trkpt lat="45.32465" lon="-72.64892">
        <ele>119.9</ele>
      </trkpt>
      <trkpt lat="45.32476" lon="-72.64891">
        <ele>119.9</ele>
      </trkpt>
      <trkpt lat="45.32487" lon="-72.64895">
        <ele>119.9</ele>
      </trkpt>
      <trkpt lat="45.32502" lon="-72.6491">
        <ele>119.9</ele>
      </trkpt>
      <trkpt lat="45.32522" lon="-72.64923">
        <ele>120</ele>
      </trkpt>
      <trkpt lat="45.32551" lon="-72.64949">
        <ele>121.1</ele>
      </trkpt>
      <trkpt lat="45.32564" lon="-72.64963">
        <ele>121.1</ele>
      </trkpt>
      <trkpt lat="45.32579" lon="-72.64994">
        <ele>121</ele>
      </trkpt>
      <trkpt lat="45.32613" lon="-72.65025">
        <ele>120</ele>
      </trkpt>
      <trkpt lat="45.32623" lon="-72.65039">
        <ele>119.7</ele>
      </trkpt>
      <trkpt lat="45.32654" lon="-72.65106">
        <ele>118.1</ele>
      </trkpt>
      <trkpt lat="45.3268" lon="-72.65136">
        <ele>119.2</ele>
      </trkpt>
      <trkpt lat="45.32684" lon="-72.65137">
        <ele>119.2</ele>
      </trkpt>
      <trkpt lat="45.3269" lon="-72.65137">
        <ele>119.1</ele>
      </trkpt>
      <trkpt lat="45.32721" lon="-72.65098">
        <ele>118.3</ele>
      </trkpt>
      <trkpt lat="45.32743" lon="-72.65083">
        <ele>118.3</ele>
      </trkpt>
      <trkpt lat="45.32784" lon="-72.65065">
        <ele>117.9</ele>
      </trkpt>
      <trkpt lat="45.32809" lon="-72.65065">
        <ele>117.2</ele>
      </trkpt>
      <trkpt lat="45.32817" lon="-72.65057">
        <ele>117.2</ele>
      </trkpt>
      <trkpt lat="45.32859" lon="-72.65004">
        <ele>116.9</ele>
      </trkpt>
      <trkpt lat="45.3288" lon="-72.64989">
        <ele>116.9</ele>
      </trkpt>
      <trkpt lat="45.32902" lon="-72.64958">
        <ele>116.9</ele>
      </trkpt>
      <trkpt lat="45.32921" lon="-72.64949">
        <ele>116.8</ele>
      </trkpt>
      <trkpt lat="45.32935" lon="-72.64931">
        <ele>117.1</ele>
      </trkpt>
      <trkpt lat="45.32939" lon="-72.64928">
        <ele>117.1</ele>
      </trkpt>
      <trkpt lat="45.3295" lon="-72.64929">
        <ele>117.1</ele>
      </trkpt>
      <trkpt lat="45.32958" lon="-72.64931">
        <ele>117</ele>
      </trkpt>
      <trkpt lat="45.32977" lon="-72.6495">
        <ele>117.2</ele>
      </trkpt>
      <trkpt lat="45.32987" lon="-72.64954">
        <ele>117.5</ele>
      </trkpt>
      <trkpt lat="45.33006" lon="-72.64949">
        <ele>117.8</ele>
      </trkpt>
      <trkpt lat="45.33034" lon="-72.64958">
        <ele>117.6</ele>
      </trkpt>
      <trkpt lat="45.33039" lon="-72.64957">
        <ele>117.6</ele>
      </trkpt>
      <trkpt lat="45.33054" lon="-72.6494">
        <ele>117.4</ele>
      </trkpt>
      <trkpt lat="45.33067" lon="-72.64932">
        <ele>117</ele>
      </trkpt>
      <trkpt lat="45.3311" lon="-72.64936">
        <ele>114.9</ele>
      </trkpt>
      <trkpt lat="45.33136" lon="-72.6494">
        <ele>114.2</ele>
      </trkpt>
      <trkpt lat="45.33197" lon="-72.64944">
        <ele>114.5</ele>
      </trkpt>
      <trkpt lat="45.33209" lon="-72.64945">
        <ele>114.7</ele>
      </trkpt>
      <trkpt lat="45.33221" lon="-72.64954">
        <ele>115.1</ele>
      </trkpt>
      <trkpt lat="45.33243" lon="-72.64954">
        <ele>115.8</ele>
      </trkpt>
      <trkpt lat="45.3325" lon="-72.64959">
        <ele>116.1</ele>
      </trkpt>
      <trkpt lat="45.33255" lon="-72.64972">
        <ele>116.1</ele>
      </trkpt>
      <trkpt lat="45.33263" lon="-72.65067">
        <ele>116.2</ele>
      </trkpt>
      <trkpt lat="45.33265" lon="-72.65083">
        <ele>116.2</ele>
      </trkpt>
      <trkpt lat="45.3327" lon="-72.65092">
        <ele>116.2</ele>
      </trkpt>
      <trkpt lat="45.33279" lon="-72.65101">
        <ele>116.1</ele>
      </trkpt>
      <trkpt lat="45.33287" lon="-72.65101">
        <ele>116</ele>
      </trkpt>
      <trkpt lat="45.33303" lon="-72.65088">
        <ele>116.1</ele>
      </trkpt>
      <trkpt lat="45.33317" lon="-72.65087">
        <ele>116.2</ele>
      </trkpt>
      <trkpt lat="45.33348" lon="-72.65105">
        <ele>117.2</ele>
      </trkpt>
      <trkpt lat="45.33367" lon="-72.65102">
        <ele>117.2</ele>
      </trkpt>
      <trkpt lat="45.3338" lon="-72.65107">
        <ele>117.6</ele>
      </trkpt>
      <trkpt lat="45.33388" lon="-72.6512">
        <ele>117.6</ele>
      </trkpt>
      <trkpt lat="45.33424" lon="-72.65155">
        <ele>118.1</ele>
      </trkpt>
      <trkpt lat="45.33431" lon="-72.65164">
        <ele>118.1</ele>
      </trkpt>
      <trkpt lat="45.33438" lon="-72.65182">
        <ele>118.3</ele>
      </trkpt>
      <trkpt lat="45.33447" lon="-72.65191">
        <ele>118.6</ele>
      </trkpt>
      <trkpt lat="45.33506" lon="-72.65178">
        <ele>120.8</ele>
      </trkpt>
      <trkpt lat="45.33506" lon="-72.65172">
        <ele>121</ele>
      </trkpt>
      <trkpt lat="45.3351" lon="-72.65168">
        <ele>121</ele>
      </trkpt>
      <trkpt lat="45.33546" lon="-72.65162">
        <ele>121.9</ele>
      </trkpt>
      <trkpt lat="45.33575" lon="-72.65159">
        <ele>122.8</ele>
      </trkpt>
      <trkpt lat="45.33604" lon="-72.65137">
        <ele>123.2</ele>
      </trkpt>
      <trkpt lat="45.33642" lon="-72.65128">
        <ele>123.5</ele>
      </trkpt>
      <trkpt lat="45.33651" lon="-72.65124">
        <ele>123.7</ele>
      </trkpt>
      <trkpt lat="45.33652" lon="-72.6512">
        <ele>123.8</ele>
      </trkpt>
      <trkpt lat="45.33651" lon="-72.65111">
        <ele>123.8</ele>
      </trkpt>
      <trkpt lat="45.33639" lon="-72.65065">
        <ele>125.3</ele>
      </trkpt>
      <trkpt lat="45.33641" lon="-72.65061">
        <ele>125.3</ele>
      </trkpt>
      <trkpt lat="45.33668" lon="-72.65048">
        <ele>125.5</ele>
      </trkpt>
      <trkpt lat="45.33673" lon="-72.65043">
        <ele>125.5</ele>
      </trkpt>
      <trkpt lat="45.33674" lon="-72.65034">
        <ele>126.6</ele>
      </trkpt>
      <trkpt lat="45.33652" lon="-72.64952">
        <ele>129.5</ele>
      </trkpt>
      <trkpt lat="45.3364" lon="-72.64904">
        <ele>132</ele>
      </trkpt>
      <trkpt lat="45.33645" lon="-72.64896">
        <ele>132.2</ele>
      </trkpt>
      <trkpt lat="45.33712" lon="-72.64884">
        <ele>132.4</ele>
      </trkpt>
      <trkpt lat="45.33726" lon="-72.64886">
        <ele>132.1</ele>
      </trkpt>
      <trkpt lat="45.33778" lon="-72.64882">
        <ele>131.2</ele>
      </trkpt>
      <trkpt lat="45.3379" lon="-72.64886">
        <ele>131.2</ele>
      </trkpt>
      <trkpt lat="45.33803" lon="-72.64901">
        <ele>131.3</ele>
      </trkpt>
      <trkpt lat="45.3382" lon="-72.649">
        <ele>131.1</ele>
      </trkpt>
      <trkpt lat="45.33818" lon="-72.64922">
        <ele>130.7</ele>
      </trkpt>
      <trkpt lat="45.33819" lon="-72.64931">
        <ele>130.2</ele>
      </trkpt>
      <trkpt lat="45.33824" lon="-72.64932">
        <ele>130.2</ele>
      </trkpt>
      <trkpt lat="45.33828" lon="-72.64931">
        <ele>130</ele>
      </trkpt>
      <trkpt lat="45.33841" lon="-72.6491">
        <ele>130</ele>
      </trkpt>
      <trkpt lat="45.33849" lon="-72.64913">
        <ele>130.2</ele>
      </trkpt>
      <trkpt lat="45.3387" lon="-72.64926">
        <ele>131.3</ele>
      </trkpt>
      <trkpt lat="45.33888" lon="-72.64913">
        <ele>132.8</ele>
      </trkpt>
      <trkpt lat="45.33897" lon="-72.6491">
        <ele>132.8</ele>
      </trkpt>
      <trkpt lat="45.33907" lon="-72.64914">
        <ele>134.1</ele>
      </trkpt>
      <trkpt lat="45.33918" lon="-72.64923">
        <ele>134.8</ele>
      </trkpt>
      <trkpt lat="45.3396" lon="-72.64931">
        <ele>136.6</ele>
      </trkpt>
      <trkpt lat="45.34005" lon="-72.64926">
        <ele>136.5</ele>
      </trkpt>
      <trkpt lat="45.34045" lon="-72.64935">
        <ele>137.1</ele>
      </trkpt>
      <trkpt lat="45.34062" lon="-72.64926">
        <ele>137.2</ele>
      </trkpt>
      <trkpt lat="45.34094" lon="-72.64913">
        <ele>137.3</ele>
      </trkpt>
      <trkpt lat="45.34135" lon="-72.64918">
        <ele>136.5</ele>
      </trkpt>
      <trkpt lat="45.34161" lon="-72.64914">
        <ele>137</ele>
      </trkpt>
      <trkpt lat="45.34169" lon="-72.64909">
        <ele>137.3</ele>
      </trkpt>
      <trkpt lat="45.34175" lon="-72.649">
        <ele>137.3</ele>
      </trkpt>
      <trkpt lat="45.34185" lon="-72.6486">
        <ele>137.3</ele>
      </trkpt>
      <trkpt lat="45.34189" lon="-72.64851">
        <ele>137.3</ele>
      </trkpt>
      <trkpt lat="45.34201" lon="-72.64849">
        <ele>137.3</ele>
      </trkpt>
      <trkpt lat="45.34229" lon="-72.64851">
        <ele>138</ele>
      </trkpt>
      <trkpt lat="45.34248" lon="-72.64854">
        <ele>137.9</ele>
      </trkpt>
      <trkpt lat="45.34272" lon="-72.64847">
        <ele>135.8</ele>
      </trkpt>
      <trkpt lat="45.34302" lon="-72.64859">
        <ele>134</ele>
      </trkpt>
      <trkpt lat="45.34315" lon="-72.64854">
        <ele>133.8</ele>
      </trkpt>
      <trkpt lat="45.34327" lon="-72.64922">
        <ele>133.1</ele>
      </trkpt>
    </trkseg>
  </trk>
</gpx>