<?xml version='1.0' encoding='utf-8'?>
<gpx xmlns="http://www.topografix.com/GPX/1/1" xmlns:xsi="http://www.w3.org/2001/XMLSchema-instance" version="1.1" creator="Gravelle Estrie" xsi:schemaLocation="http://www.topografix.com/GPX/1/1 http://www.topografix.com/GPX/1/1/gpx.xsd">
  <metadata>
    <name>Porc Épic Long</name>
  </metadata>
  <trk>
    <name>Porc Épic Long</name>
    <trkseg>
      <trkpt lat="45.05012" lon="-72.39203">
        <ele>192</ele>
      </trkpt>
      <trkpt lat="45.04974" lon="-72.39202">
        <ele>191</ele>
      </trkpt>
      <trkpt lat="45.04888" lon="-72.39219">
        <ele>182.4</ele>
      </trkpt>
      <trkpt lat="45.04871" lon="-72.39228">
        <ele>181.5</ele>
      </trkpt>
      <trkpt lat="45.04807" lon="-72.39264">
        <ele>175.8</ele>
      </trkpt>
      <trkpt lat="45.047405" lon="-72.39307">
        <ele>166.9</ele>
      </trkpt>
      <trkpt lat="45.04674" lon="-72.3935">
        <ele>159.4</ele>
      </trkpt>
      <trkpt lat="45.04644" lon="-72.3938">
        <ele>157.9</ele>
      </trkpt>
      <trkpt lat="45.04618" lon="-72.39413">
        <ele>157.5</ele>
      </trkpt>
      <trkpt lat="45.04598" lon="-72.39448">
        <ele>157.8</ele>
      </trkpt>
      <trkpt lat="45.04581" lon="-72.39489">
        <ele>158.4</ele>
      </trkpt>
      <trkpt lat="45.045566" lon="-72.39572">
        <ele>159.1</ele>
      </trkpt>
      <trkpt lat="45.045323" lon="-72.39655">
        <ele>159.6</ele>
      </trkpt>
      <trkpt lat="45.04508" lon="-72.39738">
        <ele>160</ele>
      </trkpt>
      <trkpt lat="45.04496" lon="-72.3977">
        <ele>160</ele>
      </trkpt>
      <trkpt lat="45.04466" lon="-72.39834">
        <ele>159.3</ele>
      </trkpt>
      <trkpt lat="45.04424" lon="-72.399125">
        <ele>158.8</ele>
      </trkpt>
      <trkpt lat="45.04382" lon="-72.39991">
        <ele>162.8</ele>
      </trkpt>
      <trkpt lat="45.04381" lon="-72.39991">
        <ele>162.8</ele>
      </trkpt>
      <trkpt lat="45.04366" lon="-72.40021">
        <ele>165.2</ele>
      </trkpt>
      <trkpt lat="45.04326" lon="-72.40111">
        <ele>169.8</ele>
      </trkpt>
      <trkpt lat="45.042908" lon="-72.402142">
        <ele>168</ele>
      </trkpt>
      <trkpt lat="45.042556" lon="-72.403174">
        <ele>164.9</ele>
      </trkpt>
      <trkpt lat="45.042204" lon="-72.404206">
        <ele>161.9</ele>
      </trkpt>
      <trkpt lat="45.041852" lon="-72.405238">
        <ele>160.4</ele>
      </trkpt>
      <trkpt lat="45.0415" lon="-72.40627">
        <ele>160.7</ele>
      </trkpt>
      <trkpt lat="45.04125" lon="-72.40698">
        <ele>161.4</ele>
      </trkpt>
      <trkpt lat="45.041" lon="-72.40769">
        <ele>162.6</ele>
      </trkpt>
      <trkpt lat="45.04076" lon="-72.40823">
        <ele>164.3</ele>
      </trkpt>
      <trkpt lat="45.040315" lon="-72.40909">
        <ele>166.8</ele>
      </trkpt>
      <trkpt lat="45.03987" lon="-72.40995">
        <ele>167</ele>
      </trkpt>
      <trkpt lat="45.039425" lon="-72.41081">
        <ele>168.2</ele>
      </trkpt>
      <trkpt lat="45.03898" lon="-72.41167">
        <ele>171</ele>
      </trkpt>
      <trkpt lat="45.03867" lon="-72.41241">
        <ele>172.6</ele>
      </trkpt>
      <trkpt lat="45.03836" lon="-72.41315">
        <ele>173.7</ele>
      </trkpt>
      <trkpt lat="45.03893" lon="-72.41341">
        <ele>176.9</ele>
      </trkpt>
      <trkpt lat="45.039685" lon="-72.413609">
        <ele>184</ele>
      </trkpt>
      <trkpt lat="45.04044" lon="-72.41381">
        <ele>190.7</ele>
      </trkpt>
      <trkpt lat="45.041195" lon="-72.414014">
        <ele>196.7</ele>
      </trkpt>
      <trkpt lat="45.04195" lon="-72.41422">
        <ele>202.1</ele>
      </trkpt>
      <trkpt lat="45.04267" lon="-72.414473">
        <ele>207.7</ele>
      </trkpt>
      <trkpt lat="45.04339" lon="-72.414726">
        <ele>215.5</ele>
      </trkpt>
      <trkpt lat="45.04411" lon="-72.41498">
        <ele>223.6</ele>
      </trkpt>
      <trkpt lat="45.04441" lon="-72.41503">
        <ele>225.7</ele>
      </trkpt>
      <trkpt lat="45.04455" lon="-72.41502">
        <ele>227.1</ele>
      </trkpt>
      <trkpt lat="45.04493" lon="-72.41489">
        <ele>228.5</ele>
      </trkpt>
      <trkpt lat="45.04557" lon="-72.414695">
        <ele>230.1</ele>
      </trkpt>
      <trkpt lat="45.04621" lon="-72.4145">
        <ele>231.6</ele>
      </trkpt>
      <trkpt lat="45.046725" lon="-72.41434">
        <ele>233.7</ele>
      </trkpt>
      <trkpt lat="45.04724" lon="-72.41418">
        <ele>238.2</ele>
      </trkpt>
      <trkpt lat="45.04782" lon="-72.41402">
        <ele>240.8</ele>
      </trkpt>
      <trkpt lat="45.0484" lon="-72.41386">
        <ele>243.8</ele>
      </trkpt>
      <trkpt lat="45.04898" lon="-72.41374">
        <ele>245.9</ele>
      </trkpt>
      <trkpt lat="45.04956" lon="-72.41362">
        <ele>248.3</ele>
      </trkpt>
      <trkpt lat="45.04958" lon="-72.41387">
        <ele>249.8</ele>
      </trkpt>
      <trkpt lat="45.049617" lon="-72.415079">
        <ele>255.2</ele>
      </trkpt>
      <trkpt lat="45.049655" lon="-72.416289">
        <ele>258.5</ele>
      </trkpt>
      <trkpt lat="45.049692" lon="-72.417499">
        <ele>262.5</ele>
      </trkpt>
      <trkpt lat="45.04973" lon="-72.41871">
        <ele>265.8</ele>
      </trkpt>
      <trkpt lat="45.04977" lon="-72.419604">
        <ele>271.9</ele>
      </trkpt>
      <trkpt lat="45.04981" lon="-72.4205">
        <ele>277.2</ele>
      </trkpt>
      <trkpt lat="45.049865" lon="-72.421424">
        <ele>280.1</ele>
      </trkpt>
      <trkpt lat="45.04992" lon="-72.42235">
        <ele>284.6</ele>
      </trkpt>
      <trkpt lat="45.05041" lon="-72.422584">
        <ele>288.2</ele>
      </trkpt>
      <trkpt lat="45.0509" lon="-72.42282">
        <ele>290.9</ele>
      </trkpt>
      <trkpt lat="45.05129" lon="-72.42302">
        <ele>292.2</ele>
      </trkpt>
      <trkpt lat="45.05205" lon="-72.4234">
        <ele>295.1</ele>
      </trkpt>
      <trkpt lat="45.05225" lon="-72.42358">
        <ele>296</ele>
      </trkpt>
      <trkpt lat="45.05246" lon="-72.42381">
        <ele>296.2</ele>
      </trkpt>
      <trkpt lat="45.05282" lon="-72.42417">
        <ele>296.9</ele>
      </trkpt>
      <trkpt lat="45.053465" lon="-72.424614">
        <ele>298</ele>
      </trkpt>
      <trkpt lat="45.05411" lon="-72.42506">
        <ele>299.7</ele>
      </trkpt>
      <trkpt lat="45.05452" lon="-72.42541">
        <ele>302.7</ele>
      </trkpt>
      <trkpt lat="45.05491" lon="-72.42587">
        <ele>305.3</ele>
      </trkpt>
      <trkpt lat="45.05516" lon="-72.42612">
        <ele>307.6</ele>
      </trkpt>
      <trkpt lat="45.05529" lon="-72.42617">
        <ele>308.1</ele>
      </trkpt>
      <trkpt lat="45.05585" lon="-72.426644">
        <ele>311.4</ele>
      </trkpt>
      <trkpt lat="45.05641" lon="-72.42712">
        <ele>315.1</ele>
      </trkpt>
      <trkpt lat="45.056855" lon="-72.427449">
        <ele>317.8</ele>
      </trkpt>
      <trkpt lat="45.0573" lon="-72.42778">
        <ele>319.5</ele>
      </trkpt>
      <trkpt lat="45.05784" lon="-72.428094">
        <ele>320.7</ele>
      </trkpt>
      <trkpt lat="45.05838" lon="-72.42841">
        <ele>321.5</ele>
      </trkpt>
      <trkpt lat="45.058975" lon="-72.428744">
        <ele>322.1</ele>
      </trkpt>
      <trkpt lat="45.05957" lon="-72.42908">
        <ele>322.7</ele>
      </trkpt>
      <trkpt lat="45.060035" lon="-72.429289">
        <ele>323.5</ele>
      </trkpt>
      <trkpt lat="45.0605" lon="-72.4295">
        <ele>323.3</ele>
      </trkpt>
      <trkpt lat="45.06067" lon="-72.42954">
        <ele>322</ele>
      </trkpt>
      <trkpt lat="45.06076" lon="-72.42953">
        <ele>321.1</ele>
      </trkpt>
      <trkpt lat="45.06082" lon="-72.42944">
        <ele>320.1</ele>
      </trkpt>
      <trkpt lat="45.06093" lon="-72.42918">
        <ele>317.3</ele>
      </trkpt>
      <trkpt lat="45.06113" lon="-72.42859">
        <ele>313.7</ele>
      </trkpt>
      <trkpt lat="45.06128" lon="-72.4277">
        <ele>312.7</ele>
      </trkpt>
      <trkpt lat="45.06144" lon="-72.42689">
        <ele>314.2</ele>
      </trkpt>
      <trkpt lat="45.06174" lon="-72.42591">
        <ele>310.6</ele>
      </trkpt>
      <trkpt lat="45.061855" lon="-72.425235">
        <ele>307.2</ele>
      </trkpt>
      <trkpt lat="45.06197" lon="-72.42456">
        <ele>304.4</ele>
      </trkpt>
      <trkpt lat="45.06206" lon="-72.42433">
        <ele>304</ele>
      </trkpt>
      <trkpt lat="45.0622" lon="-72.42403">
        <ele>303.2</ele>
      </trkpt>
      <trkpt lat="45.06269" lon="-72.42322">
        <ele>300.8</ele>
      </trkpt>
      <trkpt lat="45.06306" lon="-72.42272">
        <ele>299.9</ele>
      </trkpt>
      <trkpt lat="45.06317" lon="-72.42259">
        <ele>300.3</ele>
      </trkpt>
      <trkpt lat="45.06325" lon="-72.42255">
        <ele>300.5</ele>
      </trkpt>
      <trkpt lat="45.06341" lon="-72.42254">
        <ele>300.5</ele>
      </trkpt>
      <trkpt lat="45.06372" lon="-72.42254">
        <ele>300.4</ele>
      </trkpt>
      <trkpt lat="45.064525" lon="-72.422564">
        <ele>303.4</ele>
      </trkpt>
      <trkpt lat="45.06533" lon="-72.42259">
        <ele>303.7</ele>
      </trkpt>
      <trkpt lat="45.06578" lon="-72.422594">
        <ele>303.8</ele>
      </trkpt>
      <trkpt lat="45.06623" lon="-72.4226">
        <ele>305.3</ele>
      </trkpt>
      <trkpt lat="45.06665" lon="-72.42259">
        <ele>308.8</ele>
      </trkpt>
      <trkpt lat="45.06705" lon="-72.42246">
        <ele>311.7</ele>
      </trkpt>
      <trkpt lat="45.06728" lon="-72.42237">
        <ele>314</ele>
      </trkpt>
      <trkpt lat="45.06786" lon="-72.42205">
        <ele>318</ele>
      </trkpt>
      <trkpt lat="45.06798" lon="-72.422">
        <ele>317.7</ele>
      </trkpt>
      <trkpt lat="45.06816" lon="-72.42197">
        <ele>316.9</ele>
      </trkpt>
      <trkpt lat="45.068645" lon="-72.421989">
        <ele>314.5</ele>
      </trkpt>
      <trkpt lat="45.06913" lon="-72.42201">
        <ele>311.1</ele>
      </trkpt>
      <trkpt lat="45.06969" lon="-72.42192">
        <ele>306</ele>
      </trkpt>
      <trkpt lat="45.07017" lon="-72.42173">
        <ele>302</ele>
      </trkpt>
      <trkpt lat="45.07004" lon="-72.42102">
        <ele>298.8</ele>
      </trkpt>
      <trkpt lat="45.06997" lon="-72.4208">
        <ele>297.4</ele>
      </trkpt>
      <trkpt lat="45.06977" lon="-72.42044">
        <ele>295.3</ele>
      </trkpt>
      <trkpt lat="45.06949" lon="-72.42">
        <ele>293.3</ele>
      </trkpt>
      <trkpt lat="45.06935" lon="-72.41964">
        <ele>290.5</ele>
      </trkpt>
      <trkpt lat="45.06927" lon="-72.41933">
        <ele>289.4</ele>
      </trkpt>
      <trkpt lat="45.06919" lon="-72.4187">
        <ele>287.6</ele>
      </trkpt>
      <trkpt lat="45.06919" lon="-72.41811">
        <ele>285</ele>
      </trkpt>
      <trkpt lat="45.0692" lon="-72.41745">
        <ele>283.3</ele>
      </trkpt>
      <trkpt lat="45.06927" lon="-72.41673">
        <ele>281.2</ele>
      </trkpt>
      <trkpt lat="45.06931" lon="-72.41606">
        <ele>279.4</ele>
      </trkpt>
      <trkpt lat="45.06928" lon="-72.41565">
        <ele>277.5</ele>
      </trkpt>
      <trkpt lat="45.06913" lon="-72.41471">
        <ele>274.9</ele>
      </trkpt>
      <trkpt lat="45.06908" lon="-72.41433">
        <ele>274.5</ele>
      </trkpt>
      <trkpt lat="45.06903" lon="-72.41386">
        <ele>274</ele>
      </trkpt>
      <trkpt lat="45.06892" lon="-72.41342">
        <ele>274.1</ele>
      </trkpt>
      <trkpt lat="45.06845" lon="-72.41239">
        <ele>270.1</ele>
      </trkpt>
      <trkpt lat="45.06834" lon="-72.41202">
        <ele>266.4</ele>
      </trkpt>
      <trkpt lat="45.06828" lon="-72.41167">
        <ele>265.5</ele>
      </trkpt>
      <trkpt lat="45.06821" lon="-72.41095">
        <ele>260.3</ele>
      </trkpt>
      <trkpt lat="45.06808" lon="-72.41033">
        <ele>256.8</ele>
      </trkpt>
      <trkpt lat="45.0678" lon="-72.409469">
        <ele>252.6</ele>
      </trkpt>
      <trkpt lat="45.06752" lon="-72.40861">
        <ele>247.7</ele>
      </trkpt>
      <trkpt lat="45.06713" lon="-72.408">
        <ele>244.8</ele>
      </trkpt>
      <trkpt lat="45.06706" lon="-72.40796">
        <ele>244.8</ele>
      </trkpt>
      <trkpt lat="45.06647" lon="-72.40782">
        <ele>243.2</ele>
      </trkpt>
      <trkpt lat="45.0662" lon="-72.40773">
        <ele>242.6</ele>
      </trkpt>
      <trkpt lat="45.06578" lon="-72.4075">
        <ele>241.4</ele>
      </trkpt>
      <trkpt lat="45.06493" lon="-72.40715">
        <ele>240.6</ele>
      </trkpt>
      <trkpt lat="45.06454" lon="-72.40696">
        <ele>239.1</ele>
      </trkpt>
      <trkpt lat="45.06377" lon="-72.406539">
        <ele>233.9</ele>
      </trkpt>
      <trkpt lat="45.063" lon="-72.40612">
        <ele>229.1</ele>
      </trkpt>
      <trkpt lat="45.0628" lon="-72.40594">
        <ele>227.7</ele>
      </trkpt>
      <trkpt lat="45.06266" lon="-72.40576">
        <ele>226.9</ele>
      </trkpt>
      <trkpt lat="45.0624" lon="-72.40557">
        <ele>223.8</ele>
      </trkpt>
      <trkpt lat="45.06209" lon="-72.4054">
        <ele>222</ele>
      </trkpt>
      <trkpt lat="45.06168" lon="-72.40509">
        <ele>218.1</ele>
      </trkpt>
      <trkpt lat="45.0613" lon="-72.40464">
        <ele>212.3</ele>
      </trkpt>
      <trkpt lat="45.06103" lon="-72.40419">
        <ele>210.8</ele>
      </trkpt>
      <trkpt lat="45.06083" lon="-72.40374">
        <ele>209.4</ele>
      </trkpt>
      <trkpt lat="45.06064" lon="-72.40339">
        <ele>208.4</ele>
      </trkpt>
      <trkpt lat="45.06041" lon="-72.40308">
        <ele>208</ele>
      </trkpt>
      <trkpt lat="45.06007" lon="-72.40283">
        <ele>207.1</ele>
      </trkpt>
      <trkpt lat="45.05982" lon="-72.40267">
        <ele>206.7</ele>
      </trkpt>
      <trkpt lat="45.0596" lon="-72.40249">
        <ele>206.4</ele>
      </trkpt>
      <trkpt lat="45.0593" lon="-72.40209">
        <ele>206.4</ele>
      </trkpt>
      <trkpt lat="45.05877" lon="-72.40142">
        <ele>205</ele>
      </trkpt>
      <trkpt lat="45.05849" lon="-72.40101">
        <ele>204.7</ele>
      </trkpt>
      <trkpt lat="45.05839" lon="-72.4008">
        <ele>204.4</ele>
      </trkpt>
      <trkpt lat="45.0581" lon="-72.4002">
        <ele>203.6</ele>
      </trkpt>
      <trkpt lat="45.058" lon="-72.39989">
        <ele>203.2</ele>
      </trkpt>
      <trkpt lat="45.05789" lon="-72.399269">
        <ele>201.8</ele>
      </trkpt>
      <trkpt lat="45.05778" lon="-72.39865">
        <ele>200.8</ele>
      </trkpt>
      <trkpt lat="45.05776" lon="-72.39819">
        <ele>200.1</ele>
      </trkpt>
      <trkpt lat="45.057804" lon="-72.39716">
        <ele>198.5</ele>
      </trkpt>
      <trkpt lat="45.057848" lon="-72.39613">
        <ele>197.3</ele>
      </trkpt>
      <trkpt lat="45.057892" lon="-72.3951">
        <ele>197</ele>
      </trkpt>
      <trkpt lat="45.057936" lon="-72.39407">
        <ele>197.2</ele>
      </trkpt>
      <trkpt lat="45.05798" lon="-72.39304">
        <ele>195.8</ele>
      </trkpt>
      <trkpt lat="45.05798" lon="-72.39187">
        <ele>195.9</ele>
      </trkpt>
      <trkpt lat="45.058445" lon="-72.39169">
        <ele>194.3</ele>
      </trkpt>
      <trkpt lat="45.05891" lon="-72.39151">
        <ele>192.9</ele>
      </trkpt>
      <trkpt lat="45.059415" lon="-72.39135">
        <ele>191.6</ele>
      </trkpt>
      <trkpt lat="45.05992" lon="-72.39119">
        <ele>190.9</ele>
      </trkpt>
      <trkpt lat="45.060772" lon="-72.39096">
        <ele>188.7</ele>
      </trkpt>
      <trkpt lat="45.061625" lon="-72.39073">
        <ele>184.3</ele>
      </trkpt>
      <trkpt lat="45.062477" lon="-72.3905">
        <ele>183.4</ele>
      </trkpt>
      <trkpt lat="45.06333" lon="-72.39027">
        <ele>184.5</ele>
      </trkpt>
      <trkpt lat="45.06393" lon="-72.390135">
        <ele>183.4</ele>
      </trkpt>
      <trkpt lat="45.06453" lon="-72.39">
        <ele>183.2</ele>
      </trkpt>
      <trkpt lat="45.06452" lon="-72.39">
        <ele>183.2</ele>
      </trkpt>
      <trkpt lat="45.065213" lon="-72.389846">
        <ele>185</ele>
      </trkpt>
      <trkpt lat="45.065906" lon="-72.389693">
        <ele>187.3</ele>
      </trkpt>
      <trkpt lat="45.0666" lon="-72.38954">
        <ele>189.2</ele>
      </trkpt>
      <trkpt lat="45.06748" lon="-72.38932">
        <ele>188.8</ele>
      </trkpt>
      <trkpt lat="45.06836" lon="-72.3891">
        <ele>189.5</ele>
      </trkpt>
      <trkpt lat="45.06924" lon="-72.38888">
        <ele>190.5</ele>
      </trkpt>
      <trkpt lat="45.06963" lon="-72.38883">
        <ele>191.6</ele>
      </trkpt>
      <trkpt lat="45.07049" lon="-72.38875">
        <ele>192.9</ele>
      </trkpt>
      <trkpt lat="45.07086" lon="-72.38875">
        <ele>192.9</ele>
      </trkpt>
      <trkpt lat="45.07135" lon="-72.38879">
        <ele>193.3</ele>
      </trkpt>
      <trkpt lat="45.07158" lon="-72.38882">
        <ele>193.5</ele>
      </trkpt>
      <trkpt lat="45.072173" lon="-72.388956">
        <ele>192.8</ele>
      </trkpt>
      <trkpt lat="45.072766" lon="-72.389093">
        <ele>191.1</ele>
      </trkpt>
      <trkpt lat="45.07336" lon="-72.38923">
        <ele>188.7</ele>
      </trkpt>
      <trkpt lat="45.07334" lon="-72.38905">
        <ele>188.3</ele>
      </trkpt>
      <trkpt lat="45.0733" lon="-72.38896">
        <ele>188.1</ele>
      </trkpt>
      <trkpt lat="45.07324" lon="-72.38889">
        <ele>188.1</ele>
      </trkpt>
      <trkpt lat="45.07289" lon="-72.3887">
        <ele>186.6</ele>
      </trkpt>
      <trkpt lat="45.0728" lon="-72.38861">
        <ele>185.9</ele>
      </trkpt>
      <trkpt lat="45.07261" lon="-72.38813">
        <ele>183.7</ele>
      </trkpt>
      <trkpt lat="45.07259" lon="-72.38803">
        <ele>183.4</ele>
      </trkpt>
      <trkpt lat="45.07259" lon="-72.38789">
        <ele>183.4</ele>
      </trkpt>
      <trkpt lat="45.07266" lon="-72.38758">
        <ele>183.5</ele>
      </trkpt>
      <trkpt lat="45.07299" lon="-72.38702">
        <ele>183.9</ele>
      </trkpt>
      <trkpt lat="45.07339" lon="-72.38622">
        <ele>184.4</ele>
      </trkpt>
      <trkpt lat="45.07372" lon="-72.385505">
        <ele>187.2</ele>
      </trkpt>
      <trkpt lat="45.07405" lon="-72.38479">
        <ele>189</ele>
      </trkpt>
      <trkpt lat="45.07405" lon="-72.3848">
        <ele>189</ele>
      </trkpt>
      <trkpt lat="45.074305" lon="-72.384245">
        <ele>189.9</ele>
      </trkpt>
      <trkpt lat="45.07456" lon="-72.38369">
        <ele>190.6</ele>
      </trkpt>
      <trkpt lat="45.07474" lon="-72.38325">
        <ele>191.7</ele>
      </trkpt>
      <trkpt lat="45.07495" lon="-72.38217">
        <ele>194.6</ele>
      </trkpt>
      <trkpt lat="45.07504" lon="-72.3819">
        <ele>194.9</ele>
      </trkpt>
      <trkpt lat="45.07515" lon="-72.38167">
        <ele>195</ele>
      </trkpt>
      <trkpt lat="45.07562" lon="-72.38091">
        <ele>197.3</ele>
      </trkpt>
      <trkpt lat="45.07583" lon="-72.38041">
        <ele>198.1</ele>
      </trkpt>
      <trkpt lat="45.07613" lon="-72.37984">
        <ele>197.9</ele>
      </trkpt>
      <trkpt lat="45.07632" lon="-72.37943">
        <ele>198.7</ele>
      </trkpt>
      <trkpt lat="45.07648" lon="-72.37916">
        <ele>198.8</ele>
      </trkpt>
      <trkpt lat="45.07662" lon="-72.37882">
        <ele>197.9</ele>
      </trkpt>
      <trkpt lat="45.07673" lon="-72.37849">
        <ele>197.3</ele>
      </trkpt>
      <trkpt lat="45.07683" lon="-72.3778">
        <ele>197.3</ele>
      </trkpt>
      <trkpt lat="45.07694" lon="-72.37723">
        <ele>199.3</ele>
      </trkpt>
      <trkpt lat="45.07712" lon="-72.37608">
        <ele>199.8</ele>
      </trkpt>
      <trkpt lat="45.07715" lon="-72.37572">
        <ele>200.5</ele>
      </trkpt>
      <trkpt lat="45.077175" lon="-72.374895">
        <ele>201.8</ele>
      </trkpt>
      <trkpt lat="45.0772" lon="-72.37407">
        <ele>202.2</ele>
      </trkpt>
      <trkpt lat="45.07724" lon="-72.3737">
        <ele>202.9</ele>
      </trkpt>
      <trkpt lat="45.07737" lon="-72.37321">
        <ele>205.2</ele>
      </trkpt>
      <trkpt lat="45.07765" lon="-72.37258">
        <ele>208.2</ele>
      </trkpt>
      <trkpt lat="45.07786" lon="-72.37228">
        <ele>208.8</ele>
      </trkpt>
      <trkpt lat="45.07835" lon="-72.37169">
        <ele>211.7</ele>
      </trkpt>
      <trkpt lat="45.07848" lon="-72.37147">
        <ele>213.5</ele>
      </trkpt>
      <trkpt lat="45.07853" lon="-72.37133">
        <ele>214.3</ele>
      </trkpt>
      <trkpt lat="45.07852" lon="-72.37066">
        <ele>219.1</ele>
      </trkpt>
      <trkpt lat="45.07854" lon="-72.37035">
        <ele>220.7</ele>
      </trkpt>
      <trkpt lat="45.07868" lon="-72.36919">
        <ele>230.1</ele>
      </trkpt>
      <trkpt lat="45.07878" lon="-72.36887">
        <ele>231.6</ele>
      </trkpt>
      <trkpt lat="45.07885" lon="-72.36878">
        <ele>232.1</ele>
      </trkpt>
      <trkpt lat="45.07898" lon="-72.36868">
        <ele>232.5</ele>
      </trkpt>
      <trkpt lat="45.07952" lon="-72.36841">
        <ele>233.9</ele>
      </trkpt>
      <trkpt lat="45.0801" lon="-72.36793">
        <ele>237.2</ele>
      </trkpt>
      <trkpt lat="45.08044" lon="-72.3676">
        <ele>238.7</ele>
      </trkpt>
      <trkpt lat="45.08109" lon="-72.36691">
        <ele>243.4</ele>
      </trkpt>
      <trkpt lat="45.08165" lon="-72.366235">
        <ele>245.1</ele>
      </trkpt>
      <trkpt lat="45.08221" lon="-72.36556">
        <ele>248.6</ele>
      </trkpt>
      <trkpt lat="45.08252" lon="-72.36529">
        <ele>250.1</ele>
      </trkpt>
      <trkpt lat="45.08294" lon="-72.36474">
        <ele>250.6</ele>
      </trkpt>
      <trkpt lat="45.08325" lon="-72.36417">
        <ele>250.7</ele>
      </trkpt>
      <trkpt lat="45.08336" lon="-72.36381">
        <ele>251.5</ele>
      </trkpt>
      <trkpt lat="45.08348" lon="-72.36319">
        <ele>253.2</ele>
      </trkpt>
      <trkpt lat="45.08368" lon="-72.36255">
        <ele>257.3</ele>
      </trkpt>
      <trkpt lat="45.08385" lon="-72.3621">
        <ele>258.9</ele>
      </trkpt>
      <trkpt lat="45.084" lon="-72.3618">
        <ele>260.9</ele>
      </trkpt>
      <trkpt lat="45.08427" lon="-72.36143">
        <ele>261.9</ele>
      </trkpt>
      <trkpt lat="45.08457" lon="-72.36108">
        <ele>261.7</ele>
      </trkpt>
      <trkpt lat="45.08474" lon="-72.36094">
        <ele>261.6</ele>
      </trkpt>
      <trkpt lat="45.08494" lon="-72.3608">
        <ele>261.7</ele>
      </trkpt>
      <trkpt lat="45.08539" lon="-72.36014">
        <ele>263.2</ele>
      </trkpt>
      <trkpt lat="45.08584" lon="-72.35948">
        <ele>266.2</ele>
      </trkpt>
      <trkpt lat="45.08584" lon="-72.35949">
        <ele>266.2</ele>
      </trkpt>
      <trkpt lat="45.08593" lon="-72.35933">
        <ele>266.5</ele>
      </trkpt>
      <trkpt lat="45.08604" lon="-72.35906">
        <ele>267.5</ele>
      </trkpt>
      <trkpt lat="45.08624" lon="-72.35846">
        <ele>269.7</ele>
      </trkpt>
      <trkpt lat="45.08645" lon="-72.35794">
        <ele>271.7</ele>
      </trkpt>
      <trkpt lat="45.08671" lon="-72.35756">
        <ele>273.9</ele>
      </trkpt>
      <trkpt lat="45.08692" lon="-72.35733">
        <ele>275.5</ele>
      </trkpt>
      <trkpt lat="45.08703" lon="-72.35724">
        <ele>276.2</ele>
      </trkpt>
      <trkpt lat="45.08723" lon="-72.35714">
        <ele>278.2</ele>
      </trkpt>
      <trkpt lat="45.08746" lon="-72.35696">
        <ele>280</ele>
      </trkpt>
      <trkpt lat="45.08762" lon="-72.35677">
        <ele>281.3</ele>
      </trkpt>
      <trkpt lat="45.08791" lon="-72.35621">
        <ele>284.6</ele>
      </trkpt>
      <trkpt lat="45.08818" lon="-72.35547">
        <ele>292.4</ele>
      </trkpt>
      <trkpt lat="45.08842" lon="-72.35459">
        <ele>296.2</ele>
      </trkpt>
      <trkpt lat="45.08882" lon="-72.35356">
        <ele>301.7</ele>
      </trkpt>
      <trkpt lat="45.08898" lon="-72.35298">
        <ele>305.9</ele>
      </trkpt>
      <trkpt lat="45.089065" lon="-72.352355">
        <ele>310.7</ele>
      </trkpt>
      <trkpt lat="45.08915" lon="-72.35173">
        <ele>313.2</ele>
      </trkpt>
      <trkpt lat="45.08922" lon="-72.35159">
        <ele>313.5</ele>
      </trkpt>
      <trkpt lat="45.08974" lon="-72.35085">
        <ele>318.2</ele>
      </trkpt>
      <trkpt lat="45.09026" lon="-72.35011">
        <ele>323.9</ele>
      </trkpt>
      <trkpt lat="45.0904" lon="-72.34984">
        <ele>325.4</ele>
      </trkpt>
      <trkpt lat="45.090555" lon="-72.34906">
        <ele>329.4</ele>
      </trkpt>
      <trkpt lat="45.09071" lon="-72.34828">
        <ele>330.7</ele>
      </trkpt>
      <trkpt lat="45.09077" lon="-72.34806">
        <ele>330.5</ele>
      </trkpt>
      <trkpt lat="45.09111" lon="-72.34718">
        <ele>327.5</ele>
      </trkpt>
      <trkpt lat="45.091353" lon="-72.34635">
        <ele>326.7</ele>
      </trkpt>
      <trkpt lat="45.091596" lon="-72.34552">
        <ele>325.1</ele>
      </trkpt>
      <trkpt lat="45.09184" lon="-72.34469">
        <ele>325</ele>
      </trkpt>
      <trkpt lat="45.09217" lon="-72.34402">
        <ele>329.2</ele>
      </trkpt>
      <trkpt lat="45.0925" lon="-72.34335">
        <ele>335.5</ele>
      </trkpt>
      <trkpt lat="45.09296" lon="-72.34261">
        <ele>336.5</ele>
      </trkpt>
      <trkpt lat="45.09342" lon="-72.34187">
        <ele>341.3</ele>
      </trkpt>
      <trkpt lat="45.09362" lon="-72.34147">
        <ele>344.3</ele>
      </trkpt>
      <trkpt lat="45.09369" lon="-72.34129">
        <ele>346.4</ele>
      </trkpt>
      <trkpt lat="45.09385" lon="-72.34052">
        <ele>347.3</ele>
      </trkpt>
      <trkpt lat="45.0939" lon="-72.33968">
        <ele>349.3</ele>
      </trkpt>
      <trkpt lat="45.09393" lon="-72.338915">
        <ele>354.2</ele>
      </trkpt>
      <trkpt lat="45.09396" lon="-72.33815">
        <ele>358.9</ele>
      </trkpt>
      <trkpt lat="45.09393" lon="-72.33772">
        <ele>360.9</ele>
      </trkpt>
      <trkpt lat="45.09383" lon="-72.33735">
        <ele>364</ele>
      </trkpt>
      <trkpt lat="45.09356" lon="-72.33669">
        <ele>365.9</ele>
      </trkpt>
      <trkpt lat="45.09344" lon="-72.33658">
        <ele>366.1</ele>
      </trkpt>
      <trkpt lat="45.09338" lon="-72.33654">
        <ele>366.6</ele>
      </trkpt>
      <trkpt lat="45.09321" lon="-72.33655">
        <ele>367.2</ele>
      </trkpt>
      <trkpt lat="45.09306" lon="-72.33654">
        <ele>368.7</ele>
      </trkpt>
      <trkpt lat="45.09291" lon="-72.33633">
        <ele>370.2</ele>
      </trkpt>
      <trkpt lat="45.0929" lon="-72.33615">
        <ele>370.6</ele>
      </trkpt>
      <trkpt lat="45.09291" lon="-72.33595">
        <ele>371.3</ele>
      </trkpt>
      <trkpt lat="45.09296" lon="-72.3356">
        <ele>373</ele>
      </trkpt>
      <trkpt lat="45.09308" lon="-72.33519">
        <ele>376</ele>
      </trkpt>
      <trkpt lat="45.0932" lon="-72.33493">
        <ele>378.1</ele>
      </trkpt>
      <trkpt lat="45.09326" lon="-72.33476">
        <ele>378.1</ele>
      </trkpt>
      <trkpt lat="45.09333" lon="-72.33417">
        <ele>381.5</ele>
      </trkpt>
      <trkpt lat="45.09334" lon="-72.33373">
        <ele>381.8</ele>
      </trkpt>
      <trkpt lat="45.093305" lon="-72.332489">
        <ele>382.6</ele>
      </trkpt>
      <trkpt lat="45.09327" lon="-72.33125">
        <ele>379.7</ele>
      </trkpt>
      <trkpt lat="45.09326" lon="-72.330196">
        <ele>374.4</ele>
      </trkpt>
      <trkpt lat="45.09325" lon="-72.329143">
        <ele>368.7</ele>
      </trkpt>
      <trkpt lat="45.09324" lon="-72.32809">
        <ele>365.8</ele>
      </trkpt>
      <trkpt lat="45.09412" lon="-72.32819">
        <ele>365.7</ele>
      </trkpt>
      <trkpt lat="45.095" lon="-72.32839">
        <ele>364.2</ele>
      </trkpt>
      <trkpt lat="45.0958" lon="-72.32862">
        <ele>363.6</ele>
      </trkpt>
      <trkpt lat="45.09612" lon="-72.32866">
        <ele>362.9</ele>
      </trkpt>
      <trkpt lat="45.09686" lon="-72.32871">
        <ele>361.4</ele>
      </trkpt>
      <trkpt lat="45.09762" lon="-72.32866">
        <ele>362.8</ele>
      </trkpt>
      <trkpt lat="45.0982" lon="-72.328595">
        <ele>360</ele>
      </trkpt>
      <trkpt lat="45.09878" lon="-72.32853">
        <ele>358.5</ele>
      </trkpt>
      <trkpt lat="45.099595" lon="-72.328499">
        <ele>357.1</ele>
      </trkpt>
      <trkpt lat="45.10041" lon="-72.328468">
        <ele>356.9</ele>
      </trkpt>
      <trkpt lat="45.101225" lon="-72.328437">
        <ele>357.3</ele>
      </trkpt>
      <trkpt lat="45.10204" lon="-72.328406">
        <ele>358.3</ele>
      </trkpt>
      <trkpt lat="45.102855" lon="-72.328375">
        <ele>359</ele>
      </trkpt>
      <trkpt lat="45.10367" lon="-72.328344">
        <ele>361.2</ele>
      </trkpt>
      <trkpt lat="45.104485" lon="-72.328313">
        <ele>362</ele>
      </trkpt>
      <trkpt lat="45.1053" lon="-72.328282">
        <ele>361.1</ele>
      </trkpt>
      <trkpt lat="45.106115" lon="-72.328251">
        <ele>361.4</ele>
      </trkpt>
      <trkpt lat="45.10693" lon="-72.32822">
        <ele>362.3</ele>
      </trkpt>
      <trkpt lat="45.107669" lon="-72.328173">
        <ele>363.4</ele>
      </trkpt>
      <trkpt lat="45.108409" lon="-72.328126">
        <ele>362.8</ele>
      </trkpt>
      <trkpt lat="45.10915" lon="-72.32808">
        <ele>362.9</ele>
      </trkpt>
      <trkpt lat="45.109879" lon="-72.32808">
        <ele>366.9</ele>
      </trkpt>
      <trkpt lat="45.11061" lon="-72.32808">
        <ele>367.2</ele>
      </trkpt>
      <trkpt lat="45.111059" lon="-72.328045">
        <ele>368.5</ele>
      </trkpt>
      <trkpt lat="45.11151" lon="-72.32801">
        <ele>371.4</ele>
      </trkpt>
      <trkpt lat="45.11183" lon="-72.32808">
        <ele>376.4</ele>
      </trkpt>
      <trkpt lat="45.11202" lon="-72.32817">
        <ele>378.4</ele>
      </trkpt>
      <trkpt lat="45.11223" lon="-72.32831">
        <ele>379.8</ele>
      </trkpt>
      <trkpt lat="45.11264" lon="-72.32862">
        <ele>384.8</ele>
      </trkpt>
      <trkpt lat="45.11311" lon="-72.3292">
        <ele>388.6</ele>
      </trkpt>
      <trkpt lat="45.1135" lon="-72.329779">
        <ele>390</ele>
      </trkpt>
      <trkpt lat="45.11389" lon="-72.33036">
        <ele>391.7</ele>
      </trkpt>
      <trkpt lat="45.11404" lon="-72.33054">
        <ele>392.5</ele>
      </trkpt>
      <trkpt lat="45.11448" lon="-72.3309">
        <ele>394</ele>
      </trkpt>
      <trkpt lat="45.11521" lon="-72.3313">
        <ele>395.7</ele>
      </trkpt>
      <trkpt lat="45.11561" lon="-72.33148">
        <ele>397.3</ele>
      </trkpt>
      <trkpt lat="45.11584" lon="-72.33153">
        <ele>397.6</ele>
      </trkpt>
      <trkpt lat="45.11617" lon="-72.33153">
        <ele>398.8</ele>
      </trkpt>
      <trkpt lat="45.11637" lon="-72.33154">
        <ele>399.3</ele>
      </trkpt>
      <trkpt lat="45.11699" lon="-72.3319">
        <ele>401.5</ele>
      </trkpt>
      <trkpt lat="45.11764" lon="-72.3323">
        <ele>402.6</ele>
      </trkpt>
      <trkpt lat="45.11823" lon="-72.33269">
        <ele>403.9</ele>
      </trkpt>
      <trkpt lat="45.11877" lon="-72.33312">
        <ele>404.1</ele>
      </trkpt>
      <trkpt lat="45.11918" lon="-72.333399">
        <ele>404</ele>
      </trkpt>
      <trkpt lat="45.11959" lon="-72.33368">
        <ele>403.6</ele>
      </trkpt>
      <trkpt lat="45.12006" lon="-72.33413">
        <ele>402.5</ele>
      </trkpt>
      <trkpt lat="45.12028" lon="-72.33426">
        <ele>402.4</ele>
      </trkpt>
      <trkpt lat="45.12068" lon="-72.3344">
        <ele>403.2</ele>
      </trkpt>
      <trkpt lat="45.121375" lon="-72.334819">
        <ele>402.5</ele>
      </trkpt>
      <trkpt lat="45.12207" lon="-72.33524">
        <ele>402.8</ele>
      </trkpt>
      <trkpt lat="45.1223" lon="-72.33533">
        <ele>403.1</ele>
      </trkpt>
      <trkpt lat="45.12248" lon="-72.33534">
        <ele>403.3</ele>
      </trkpt>
      <trkpt lat="45.12302" lon="-72.33533">
        <ele>404.7</ele>
      </trkpt>
      <trkpt lat="45.123669" lon="-72.335379">
        <ele>406.4</ele>
      </trkpt>
      <trkpt lat="45.12432" lon="-72.33543">
        <ele>407</ele>
      </trkpt>
      <trkpt lat="45.124795" lon="-72.335534">
        <ele>407.4</ele>
      </trkpt>
      <trkpt lat="45.12527" lon="-72.33564">
        <ele>407</ele>
      </trkpt>
      <trkpt lat="45.12591" lon="-72.33574">
        <ele>405.6</ele>
      </trkpt>
      <trkpt lat="45.12632" lon="-72.33579">
        <ele>405.1</ele>
      </trkpt>
      <trkpt lat="45.12695" lon="-72.33579">
        <ele>403.8</ele>
      </trkpt>
      <trkpt lat="45.12719" lon="-72.33569">
        <ele>404</ele>
      </trkpt>
      <trkpt lat="45.12727" lon="-72.3356">
        <ele>404</ele>
      </trkpt>
      <trkpt lat="45.12737" lon="-72.33539">
        <ele>404</ele>
      </trkpt>
      <trkpt lat="45.12751" lon="-72.33502">
        <ele>403.7</ele>
      </trkpt>
      <trkpt lat="45.12771" lon="-72.3343">
        <ele>403.2</ele>
      </trkpt>
      <trkpt lat="45.1282" lon="-72.33377">
        <ele>401.5</ele>
      </trkpt>
      <trkpt lat="45.12859" lon="-72.33327">
        <ele>401.4</ele>
      </trkpt>
      <trkpt lat="45.12883" lon="-72.33305">
        <ele>402.4</ele>
      </trkpt>
      <trkpt lat="45.12894" lon="-72.33278">
        <ele>404.1</ele>
      </trkpt>
      <trkpt lat="45.12897" lon="-72.33241">
        <ele>407</ele>
      </trkpt>
      <trkpt lat="45.12904" lon="-72.33207">
        <ele>410.2</ele>
      </trkpt>
      <trkpt lat="45.1291" lon="-72.33189">
        <ele>412.6</ele>
      </trkpt>
      <trkpt lat="45.1293" lon="-72.33148">
        <ele>418.1</ele>
      </trkpt>
      <trkpt lat="45.12952" lon="-72.33122">
        <ele>421.9</ele>
      </trkpt>
      <trkpt lat="45.12972" lon="-72.33108">
        <ele>422.9</ele>
      </trkpt>
      <trkpt lat="45.12985" lon="-72.33103">
        <ele>424.8</ele>
      </trkpt>
      <trkpt lat="45.12993" lon="-72.33095">
        <ele>425.7</ele>
      </trkpt>
      <trkpt lat="45.13006" lon="-72.33077">
        <ele>427.3</ele>
      </trkpt>
      <trkpt lat="45.13013" lon="-72.33054">
        <ele>428.8</ele>
      </trkpt>
      <trkpt lat="45.13019" lon="-72.33045">
        <ele>429</ele>
      </trkpt>
      <trkpt lat="45.13037" lon="-72.33027">
        <ele>429</ele>
      </trkpt>
      <trkpt lat="45.13047" lon="-72.33022">
        <ele>428.5</ele>
      </trkpt>
      <trkpt lat="45.13067" lon="-72.32996">
        <ele>425.4</ele>
      </trkpt>
      <trkpt lat="45.13096" lon="-72.32938">
        <ele>422.5</ele>
      </trkpt>
      <trkpt lat="45.13108" lon="-72.32898">
        <ele>421.4</ele>
      </trkpt>
      <trkpt lat="45.13123" lon="-72.32862">
        <ele>420.5</ele>
      </trkpt>
      <trkpt lat="45.131575" lon="-72.32815">
        <ele>417.4</ele>
      </trkpt>
      <trkpt lat="45.13192" lon="-72.32768">
        <ele>414.3</ele>
      </trkpt>
      <trkpt lat="45.13231" lon="-72.32692">
        <ele>407.6</ele>
      </trkpt>
      <trkpt lat="45.13274" lon="-72.3262">
        <ele>411.6</ele>
      </trkpt>
      <trkpt lat="45.13314" lon="-72.32544">
        <ele>414.3</ele>
      </trkpt>
      <trkpt lat="45.13333" lon="-72.32512">
        <ele>415.8</ele>
      </trkpt>
      <trkpt lat="45.13352" lon="-72.32495">
        <ele>417.2</ele>
      </trkpt>
      <trkpt lat="45.13363" lon="-72.32486">
        <ele>418.6</ele>
      </trkpt>
      <trkpt lat="45.13415" lon="-72.32468">
        <ele>419.8</ele>
      </trkpt>
      <trkpt lat="45.13492" lon="-72.32446">
        <ele>417.9</ele>
      </trkpt>
      <trkpt lat="45.13532" lon="-72.32442">
        <ele>417.3</ele>
      </trkpt>
      <trkpt lat="45.135785" lon="-72.324459">
        <ele>418</ele>
      </trkpt>
      <trkpt lat="45.13625" lon="-72.3245">
        <ele>417.2</ele>
      </trkpt>
      <trkpt lat="45.13686" lon="-72.32446">
        <ele>415.4</ele>
      </trkpt>
      <trkpt lat="45.13756" lon="-72.3244">
        <ele>416.1</ele>
      </trkpt>
      <trkpt lat="45.13788" lon="-72.32433">
        <ele>415.9</ele>
      </trkpt>
      <trkpt lat="45.13845" lon="-72.32419">
        <ele>415</ele>
      </trkpt>
      <trkpt lat="45.1389" lon="-72.324">
        <ele>414.6</ele>
      </trkpt>
      <trkpt lat="45.13943" lon="-72.32369">
        <ele>414.6</ele>
      </trkpt>
      <trkpt lat="45.13997" lon="-72.32325">
        <ele>413.6</ele>
      </trkpt>
      <trkpt lat="45.14016" lon="-72.32307">
        <ele>413.4</ele>
      </trkpt>
      <trkpt lat="45.14044" lon="-72.32284">
        <ele>413.7</ele>
      </trkpt>
      <trkpt lat="45.14064" lon="-72.32271">
        <ele>414.3</ele>
      </trkpt>
      <trkpt lat="45.14101" lon="-72.32243">
        <ele>415.4</ele>
      </trkpt>
      <trkpt lat="45.14145" lon="-72.32204">
        <ele>418.1</ele>
      </trkpt>
      <trkpt lat="45.14178" lon="-72.32185">
        <ele>419.1</ele>
      </trkpt>
      <trkpt lat="45.14255" lon="-72.32154">
        <ele>418.8</ele>
      </trkpt>
      <trkpt lat="45.14322" lon="-72.32141">
        <ele>414.8</ele>
      </trkpt>
      <trkpt lat="45.1441" lon="-72.32124">
        <ele>409.7</ele>
      </trkpt>
      <trkpt lat="45.144903" lon="-72.320953">
        <ele>404.3</ele>
      </trkpt>
      <trkpt lat="45.145706" lon="-72.320666">
        <ele>399.3</ele>
      </trkpt>
      <trkpt lat="45.14651" lon="-72.32038">
        <ele>393.4</ele>
      </trkpt>
      <trkpt lat="45.14727" lon="-72.32002">
        <ele>391.1</ele>
      </trkpt>
      <trkpt lat="45.14752" lon="-72.31984">
        <ele>388.6</ele>
      </trkpt>
      <trkpt lat="45.14784" lon="-72.31952">
        <ele>386.5</ele>
      </trkpt>
      <trkpt lat="45.14792" lon="-72.3194">
        <ele>385.8</ele>
      </trkpt>
      <trkpt lat="45.14815" lon="-72.31917">
        <ele>381.6</ele>
      </trkpt>
      <trkpt lat="45.14827" lon="-72.31908">
        <ele>381.6</ele>
      </trkpt>
      <trkpt lat="45.14847" lon="-72.31895">
        <ele>380.3</ele>
      </trkpt>
      <trkpt lat="45.14902" lon="-72.31872">
        <ele>374</ele>
      </trkpt>
      <trkpt lat="45.14922" lon="-72.31868">
        <ele>371.2</ele>
      </trkpt>
      <trkpt lat="45.14946" lon="-72.31868">
        <ele>371.2</ele>
      </trkpt>
      <trkpt lat="45.14969" lon="-72.31872">
        <ele>368.7</ele>
      </trkpt>
      <trkpt lat="45.14984" lon="-72.31872">
        <ele>366.8</ele>
      </trkpt>
      <trkpt lat="45.15007" lon="-72.31858">
        <ele>365.3</ele>
      </trkpt>
      <trkpt lat="45.15025" lon="-72.31846">
        <ele>363.3</ele>
      </trkpt>
      <trkpt lat="45.15094" lon="-72.318146">
        <ele>358.1</ele>
      </trkpt>
      <trkpt lat="45.15163" lon="-72.317833">
        <ele>355.8</ele>
      </trkpt>
      <trkpt lat="45.15232" lon="-72.31752">
        <ele>352.4</ele>
      </trkpt>
      <trkpt lat="45.1526" lon="-72.31746">
        <ele>350.6</ele>
      </trkpt>
      <trkpt lat="45.15315" lon="-72.31738">
        <ele>344.7</ele>
      </trkpt>
      <trkpt lat="45.15361" lon="-72.31725">
        <ele>340.6</ele>
      </trkpt>
      <trkpt lat="45.15418" lon="-72.31716">
        <ele>336.3</ele>
      </trkpt>
      <trkpt lat="45.15483" lon="-72.31729">
        <ele>333.8</ele>
      </trkpt>
      <trkpt lat="45.15528" lon="-72.317429">
        <ele>333</ele>
      </trkpt>
      <trkpt lat="45.15573" lon="-72.31757">
        <ele>333.1</ele>
      </trkpt>
      <trkpt lat="45.15648" lon="-72.31769">
        <ele>336.4</ele>
      </trkpt>
      <trkpt lat="45.157295" lon="-72.317702">
        <ele>335.6</ele>
      </trkpt>
      <trkpt lat="45.15811" lon="-72.317714">
        <ele>332</ele>
      </trkpt>
      <trkpt lat="45.158925" lon="-72.317727">
        <ele>324.1</ele>
      </trkpt>
      <trkpt lat="45.15974" lon="-72.31774">
        <ele>316.8</ele>
      </trkpt>
      <trkpt lat="45.16009" lon="-72.31774">
        <ele>312.4</ele>
      </trkpt>
      <trkpt lat="45.16079" lon="-72.31755">
        <ele>307.7</ele>
      </trkpt>
      <trkpt lat="45.16101" lon="-72.31739">
        <ele>306.4</ele>
      </trkpt>
      <trkpt lat="45.160815" lon="-72.316204">
        <ele>302.7</ele>
      </trkpt>
      <trkpt lat="45.16062" lon="-72.31502">
        <ele>300.4</ele>
      </trkpt>
      <trkpt lat="45.160535" lon="-72.314339">
        <ele>298.1</ele>
      </trkpt>
      <trkpt lat="45.16045" lon="-72.31366">
        <ele>292.1</ele>
      </trkpt>
      <trkpt lat="45.16052" lon="-72.31287">
        <ele>287.7</ele>
      </trkpt>
      <trkpt lat="45.16071" lon="-72.31201">
        <ele>287.2</ele>
      </trkpt>
      <trkpt lat="45.16072" lon="-72.31174">
        <ele>287.5</ele>
      </trkpt>
      <trkpt lat="45.16066" lon="-72.31099">
        <ele>285.7</ele>
      </trkpt>
      <trkpt lat="45.16059" lon="-72.31058">
        <ele>284.7</ele>
      </trkpt>
      <trkpt lat="45.160395" lon="-72.309904">
        <ele>282.7</ele>
      </trkpt>
      <trkpt lat="45.1602" lon="-72.30923">
        <ele>279.8</ele>
      </trkpt>
      <trkpt lat="45.16009" lon="-72.30892">
        <ele>277.5</ele>
      </trkpt>
      <trkpt lat="45.15987" lon="-72.30851">
        <ele>275</ele>
      </trkpt>
      <trkpt lat="45.15981" lon="-72.30833">
        <ele>274.1</ele>
      </trkpt>
      <trkpt lat="45.1597" lon="-72.30816">
        <ele>272.8</ele>
      </trkpt>
      <trkpt lat="45.159213" lon="-72.307236">
        <ele>263</ele>
      </trkpt>
      <trkpt lat="45.158726" lon="-72.306313">
        <ele>262.9</ele>
      </trkpt>
      <trkpt lat="45.15824" lon="-72.30539">
        <ele>264</ele>
      </trkpt>
      <trkpt lat="45.15793" lon="-72.304759">
        <ele>259.2</ele>
      </trkpt>
      <trkpt lat="45.15762" lon="-72.30413">
        <ele>255.9</ele>
      </trkpt>
      <trkpt lat="45.1573" lon="-72.30324">
        <ele>251.8</ele>
      </trkpt>
      <trkpt lat="45.15716" lon="-72.30292">
        <ele>250.4</ele>
      </trkpt>
      <trkpt lat="45.15701" lon="-72.3027">
        <ele>248.1</ele>
      </trkpt>
      <trkpt lat="45.15661" lon="-72.302224">
        <ele>242</ele>
      </trkpt>
      <trkpt lat="45.15621" lon="-72.30175">
        <ele>235.3</ele>
      </trkpt>
      <trkpt lat="45.15605" lon="-72.30149">
        <ele>233.5</ele>
      </trkpt>
      <trkpt lat="45.15579" lon="-72.30096">
        <ele>227.3</ele>
      </trkpt>
      <trkpt lat="45.15565" lon="-72.3006">
        <ele>224.1</ele>
      </trkpt>
      <trkpt lat="45.15534" lon="-72.29965">
        <ele>219</ele>
      </trkpt>
      <trkpt lat="45.15513" lon="-72.29907">
        <ele>220.2</ele>
      </trkpt>
      <trkpt lat="45.155" lon="-72.29889">
        <ele>221.3</ele>
      </trkpt>
      <trkpt lat="45.15487" lon="-72.2988">
        <ele>222.8</ele>
      </trkpt>
      <trkpt lat="45.15473" lon="-72.29872">
        <ele>225.4</ele>
      </trkpt>
      <trkpt lat="45.15404" lon="-72.29862">
        <ele>231.9</ele>
      </trkpt>
      <trkpt lat="45.153594" lon="-72.298509">
        <ele>236</ele>
      </trkpt>
      <trkpt lat="45.15315" lon="-72.2984">
        <ele>240.6</ele>
      </trkpt>
      <trkpt lat="45.15228" lon="-72.29831">
        <ele>240.2</ele>
      </trkpt>
      <trkpt lat="45.1518" lon="-72.29817">
        <ele>237.2</ele>
      </trkpt>
      <trkpt lat="45.15148" lon="-72.2979">
        <ele>235.8</ele>
      </trkpt>
      <trkpt lat="45.15139" lon="-72.29773">
        <ele>235.8</ele>
      </trkpt>
      <trkpt lat="45.15133" lon="-72.29755">
        <ele>234.5</ele>
      </trkpt>
      <trkpt lat="45.15131" lon="-72.29732">
        <ele>234.5</ele>
      </trkpt>
      <trkpt lat="45.1514" lon="-72.29653">
        <ele>229.8</ele>
      </trkpt>
      <trkpt lat="45.151445" lon="-72.29576">
        <ele>225.8</ele>
      </trkpt>
      <trkpt lat="45.15149" lon="-72.29499">
        <ele>220.6</ele>
      </trkpt>
      <trkpt lat="45.15145" lon="-72.29481">
        <ele>220.6</ele>
      </trkpt>
      <trkpt lat="45.15135" lon="-72.29469">
        <ele>219.6</ele>
      </trkpt>
      <trkpt lat="45.15116" lon="-72.29464">
        <ele>218.7</ele>
      </trkpt>
      <trkpt lat="45.150595" lon="-72.29469">
        <ele>220.9</ele>
      </trkpt>
      <trkpt lat="45.15003" lon="-72.29474">
        <ele>227.4</ele>
      </trkpt>
      <trkpt lat="45.14917" lon="-72.29482">
        <ele>238.7</ele>
      </trkpt>
      <trkpt lat="45.148459" lon="-72.294865">
        <ele>246.1</ele>
      </trkpt>
      <trkpt lat="45.14775" lon="-72.29491">
        <ele>252.5</ele>
      </trkpt>
      <trkpt lat="45.146977" lon="-72.294858">
        <ele>257.5</ele>
      </trkpt>
      <trkpt lat="45.146204" lon="-72.294807">
        <ele>262.9</ele>
      </trkpt>
      <trkpt lat="45.145431" lon="-72.294755">
        <ele>270.4</ele>
      </trkpt>
      <trkpt lat="45.144658" lon="-72.294704">
        <ele>276.4</ele>
      </trkpt>
      <trkpt lat="45.143885" lon="-72.294652">
        <ele>280.9</ele>
      </trkpt>
      <trkpt lat="45.143112" lon="-72.294601">
        <ele>282.3</ele>
      </trkpt>
      <trkpt lat="45.14234" lon="-72.29455">
        <ele>282.6</ele>
      </trkpt>
      <trkpt lat="45.14164" lon="-72.29448">
        <ele>281.7</ele>
      </trkpt>
      <trkpt lat="45.14079" lon="-72.294439">
        <ele>280.1</ele>
      </trkpt>
      <trkpt lat="45.13994" lon="-72.294399">
        <ele>277.7</ele>
      </trkpt>
      <trkpt lat="45.13909" lon="-72.294359">
        <ele>274.3</ele>
      </trkpt>
      <trkpt lat="45.13824" lon="-72.294319">
        <ele>273.2</ele>
      </trkpt>
      <trkpt lat="45.13739" lon="-72.294279">
        <ele>274</ele>
      </trkpt>
      <trkpt lat="45.13654" lon="-72.294239">
        <ele>273.6</ele>
      </trkpt>
      <trkpt lat="45.13569" lon="-72.2942">
        <ele>273</ele>
      </trkpt>
      <trkpt lat="45.134826" lon="-72.294206">
        <ele>274</ele>
      </trkpt>
      <trkpt lat="45.133963" lon="-72.294213">
        <ele>274.3</ele>
      </trkpt>
      <trkpt lat="45.1331" lon="-72.29422">
        <ele>273.5</ele>
      </trkpt>
      <trkpt lat="45.132235" lon="-72.29425">
        <ele>271.8</ele>
      </trkpt>
      <trkpt lat="45.13137" lon="-72.29428">
        <ele>270.6</ele>
      </trkpt>
      <trkpt lat="45.130794" lon="-72.294279">
        <ele>269.8</ele>
      </trkpt>
      <trkpt lat="45.13022" lon="-72.29428">
        <ele>268.9</ele>
      </trkpt>
      <trkpt lat="45.129629" lon="-72.294325">
        <ele>267.7</ele>
      </trkpt>
      <trkpt lat="45.12904" lon="-72.29437">
        <ele>265.6</ele>
      </trkpt>
      <trkpt lat="45.12851" lon="-72.29451">
        <ele>262.9</ele>
      </trkpt>
      <trkpt lat="45.12807" lon="-72.29468">
        <ele>260.6</ele>
      </trkpt>
      <trkpt lat="45.1274" lon="-72.29504">
        <ele>254.3</ele>
      </trkpt>
      <trkpt lat="45.1266" lon="-72.29554">
        <ele>248.9</ele>
      </trkpt>
      <trkpt lat="45.126195" lon="-72.29583">
        <ele>247.2</ele>
      </trkpt>
      <trkpt lat="45.12579" lon="-72.29612">
        <ele>247.1</ele>
      </trkpt>
      <trkpt lat="45.125136" lon="-72.296566">
        <ele>250.8</ele>
      </trkpt>
      <trkpt lat="45.124483" lon="-72.297013">
        <ele>258.3</ele>
      </trkpt>
      <trkpt lat="45.12383" lon="-72.29746">
        <ele>266.3</ele>
      </trkpt>
      <trkpt lat="45.123375" lon="-72.29775">
        <ele>270.2</ele>
      </trkpt>
      <trkpt lat="45.12292" lon="-72.29804">
        <ele>274.1</ele>
      </trkpt>
      <trkpt lat="45.122365" lon="-72.29834">
        <ele>276.6</ele>
      </trkpt>
      <trkpt lat="45.12181" lon="-72.29864">
        <ele>279.4</ele>
      </trkpt>
      <trkpt lat="45.121345" lon="-72.298945">
        <ele>282.5</ele>
      </trkpt>
      <trkpt lat="45.12088" lon="-72.29925">
        <ele>285</ele>
      </trkpt>
      <trkpt lat="45.12033" lon="-72.29962">
        <ele>287.8</ele>
      </trkpt>
      <trkpt lat="45.11978" lon="-72.29999">
        <ele>290</ele>
      </trkpt>
      <trkpt lat="45.11923" lon="-72.30036">
        <ele>292.1</ele>
      </trkpt>
      <trkpt lat="45.11888" lon="-72.3005">
        <ele>292.7</ele>
      </trkpt>
      <trkpt lat="45.1183" lon="-72.30069">
        <ele>293.6</ele>
      </trkpt>
      <trkpt lat="45.117473" lon="-72.300836">
        <ele>294.2</ele>
      </trkpt>
      <trkpt lat="45.116646" lon="-72.300983">
        <ele>294.7</ele>
      </trkpt>
      <trkpt lat="45.11582" lon="-72.30113">
        <ele>295.3</ele>
      </trkpt>
      <trkpt lat="45.11493" lon="-72.301266">
        <ele>296.2</ele>
      </trkpt>
      <trkpt lat="45.11404" lon="-72.301402">
        <ele>297.8</ele>
      </trkpt>
      <trkpt lat="45.11315" lon="-72.301538">
        <ele>298.2</ele>
      </trkpt>
      <trkpt lat="45.11226" lon="-72.301674">
        <ele>300.8</ele>
      </trkpt>
      <trkpt lat="45.11137" lon="-72.30181">
        <ele>303.8</ele>
      </trkpt>
      <trkpt lat="45.110693" lon="-72.30192">
        <ele>305.5</ele>
      </trkpt>
      <trkpt lat="45.110016" lon="-72.30203">
        <ele>306.2</ele>
      </trkpt>
      <trkpt lat="45.10934" lon="-72.30214">
        <ele>306.4</ele>
      </trkpt>
      <trkpt lat="45.10898" lon="-72.30225">
        <ele>306.3</ele>
      </trkpt>
      <trkpt lat="45.108385" lon="-72.30245">
        <ele>305.5</ele>
      </trkpt>
      <trkpt lat="45.10779" lon="-72.30265">
        <ele>303.4</ele>
      </trkpt>
      <trkpt lat="45.106946" lon="-72.302908">
        <ele>300.3</ele>
      </trkpt>
      <trkpt lat="45.106102" lon="-72.303166">
        <ele>296.2</ele>
      </trkpt>
      <trkpt lat="45.105258" lon="-72.303424">
        <ele>292.8</ele>
      </trkpt>
      <trkpt lat="45.104414" lon="-72.303682">
        <ele>291.7</ele>
      </trkpt>
      <trkpt lat="45.10357" lon="-72.30394">
        <ele>292.5</ele>
      </trkpt>
      <trkpt lat="45.102866" lon="-72.30411">
        <ele>295.4</ele>
      </trkpt>
      <trkpt lat="45.102163" lon="-72.30428">
        <ele>296.4</ele>
      </trkpt>
      <trkpt lat="45.10146" lon="-72.30445">
        <ele>297</ele>
      </trkpt>
      <trkpt lat="45.10063" lon="-72.304716">
        <ele>296.8</ele>
      </trkpt>
      <trkpt lat="45.0998" lon="-72.304983">
        <ele>294.2</ele>
      </trkpt>
      <trkpt lat="45.09897" lon="-72.30525">
        <ele>289.3</ele>
      </trkpt>
      <trkpt lat="45.098505" lon="-72.305355">
        <ele>285.9</ele>
      </trkpt>
      <trkpt lat="45.09804" lon="-72.30546">
        <ele>281.2</ele>
      </trkpt>
      <trkpt lat="45.09731" lon="-72.305588">
        <ele>276.5</ele>
      </trkpt>
      <trkpt lat="45.09658" lon="-72.305716">
        <ele>275</ele>
      </trkpt>
      <trkpt lat="45.09585" lon="-72.305844">
        <ele>275.2</ele>
      </trkpt>
      <trkpt lat="45.09512" lon="-72.305972">
        <ele>273.1</ele>
      </trkpt>
      <trkpt lat="45.09439" lon="-72.3061">
        <ele>269.5</ele>
      </trkpt>
      <trkpt lat="45.09385" lon="-72.30611">
        <ele>266.1</ele>
      </trkpt>
      <trkpt lat="45.093103" lon="-72.306046">
        <ele>263.6</ele>
      </trkpt>
      <trkpt lat="45.092356" lon="-72.305983">
        <ele>262.2</ele>
      </trkpt>
      <trkpt lat="45.09161" lon="-72.30592">
        <ele>258.7</ele>
      </trkpt>
      <trkpt lat="45.0913" lon="-72.30588">
        <ele>257.8</ele>
      </trkpt>
      <trkpt lat="45.091" lon="-72.30579">
        <ele>256.8</ele>
      </trkpt>
      <trkpt lat="45.090213" lon="-72.305353">
        <ele>256</ele>
      </trkpt>
      <trkpt lat="45.089426" lon="-72.304916">
        <ele>254.6</ele>
      </trkpt>
      <trkpt lat="45.08864" lon="-72.30448">
        <ele>251.4</ele>
      </trkpt>
      <trkpt lat="45.08802" lon="-72.30404">
        <ele>251.4</ele>
      </trkpt>
      <trkpt lat="45.08767" lon="-72.30392">
        <ele>252.8</ele>
      </trkpt>
      <trkpt lat="45.08699" lon="-72.303779">
        <ele>261</ele>
      </trkpt>
      <trkpt lat="45.08631" lon="-72.30364">
        <ele>268.8</ele>
      </trkpt>
      <trkpt lat="45.08599" lon="-72.3035">
        <ele>271.5</ele>
      </trkpt>
      <trkpt lat="45.08574" lon="-72.30336">
        <ele>273.8</ele>
      </trkpt>
      <trkpt lat="45.08524" lon="-72.30292">
        <ele>277.9</ele>
      </trkpt>
      <trkpt lat="45.08501" lon="-72.30278">
        <ele>279.2</ele>
      </trkpt>
      <trkpt lat="45.0848" lon="-72.30265">
        <ele>282.2</ele>
      </trkpt>
      <trkpt lat="45.08398" lon="-72.302247">
        <ele>287.7</ele>
      </trkpt>
      <trkpt lat="45.08316" lon="-72.301844">
        <ele>291.3</ele>
      </trkpt>
      <trkpt lat="45.08234" lon="-72.301442">
        <ele>293.7</ele>
      </trkpt>
      <trkpt lat="45.08152" lon="-72.30104">
        <ele>295.2</ele>
      </trkpt>
      <trkpt lat="45.08123" lon="-72.30095">
        <ele>296.4</ele>
      </trkpt>
      <trkpt lat="45.08053" lon="-72.30086">
        <ele>298.5</ele>
      </trkpt>
      <trkpt lat="45.07984" lon="-72.30104">
        <ele>301.3</ele>
      </trkpt>
      <trkpt lat="45.07953" lon="-72.3012">
        <ele>302</ele>
      </trkpt>
      <trkpt lat="45.078713" lon="-72.301673">
        <ele>302.9</ele>
      </trkpt>
      <trkpt lat="45.077896" lon="-72.302146">
        <ele>304.2</ele>
      </trkpt>
      <trkpt lat="45.07708" lon="-72.30262">
        <ele>307.8</ele>
      </trkpt>
      <trkpt lat="45.07682" lon="-72.30279">
        <ele>309.1</ele>
      </trkpt>
      <trkpt lat="45.07608" lon="-72.30338">
        <ele>315.9</ele>
      </trkpt>
      <trkpt lat="45.07534" lon="-72.30386">
        <ele>318.4</ele>
      </trkpt>
      <trkpt lat="45.07467" lon="-72.30408">
        <ele>317.5</ele>
      </trkpt>
      <trkpt lat="45.07422" lon="-72.30435">
        <ele>316.2</ele>
      </trkpt>
      <trkpt lat="45.073665" lon="-72.304735">
        <ele>316.1</ele>
      </trkpt>
      <trkpt lat="45.07311" lon="-72.30512">
        <ele>315.9</ele>
      </trkpt>
      <trkpt lat="45.072417" lon="-72.30555">
        <ele>316.3</ele>
      </trkpt>
      <trkpt lat="45.071725" lon="-72.30598">
        <ele>315.7</ele>
      </trkpt>
      <trkpt lat="45.071032" lon="-72.30641">
        <ele>315.6</ele>
      </trkpt>
      <trkpt lat="45.07034" lon="-72.30684">
        <ele>317</ele>
      </trkpt>
      <trkpt lat="45.06986" lon="-72.307165">
        <ele>318.1</ele>
      </trkpt>
      <trkpt lat="45.06938" lon="-72.30749">
        <ele>319.2</ele>
      </trkpt>
      <trkpt lat="45.06898" lon="-72.3078">
        <ele>320</ele>
      </trkpt>
      <trkpt lat="45.06837" lon="-72.308205">
        <ele>320.5</ele>
      </trkpt>
      <trkpt lat="45.06776" lon="-72.30861">
        <ele>320.4</ele>
      </trkpt>
      <trkpt lat="45.067112" lon="-72.308992">
        <ele>319.5</ele>
      </trkpt>
      <trkpt lat="45.066465" lon="-72.309375">
        <ele>317.4</ele>
      </trkpt>
      <trkpt lat="45.065817" lon="-72.309757">
        <ele>317</ele>
      </trkpt>
      <trkpt lat="45.06517" lon="-72.31014">
        <ele>316.6</ele>
      </trkpt>
      <trkpt lat="45.06494" lon="-72.31026">
        <ele>316.6</ele>
      </trkpt>
      <trkpt lat="45.06473" lon="-72.31035">
        <ele>316.5</ele>
      </trkpt>
      <trkpt lat="45.06407" lon="-72.31052">
        <ele>316.6</ele>
      </trkpt>
      <trkpt lat="45.063585" lon="-72.310595">
        <ele>316.9</ele>
      </trkpt>
      <trkpt lat="45.0631" lon="-72.31067">
        <ele>317.1</ele>
      </trkpt>
      <trkpt lat="45.06246" lon="-72.3108">
        <ele>316.7</ele>
      </trkpt>
      <trkpt lat="45.06187" lon="-72.31098">
        <ele>315.6</ele>
      </trkpt>
      <trkpt lat="45.06128" lon="-72.31116">
        <ele>314.7</ele>
      </trkpt>
      <trkpt lat="45.06069" lon="-72.31134">
        <ele>314.8</ele>
      </trkpt>
      <trkpt lat="45.06022" lon="-72.31147">
        <ele>315.3</ele>
      </trkpt>
      <trkpt lat="45.05983" lon="-72.31147">
        <ele>315.7</ele>
      </trkpt>
      <trkpt lat="45.05929" lon="-72.31138">
        <ele>317.5</ele>
      </trkpt>
      <trkpt lat="45.05876" lon="-72.31121">
        <ele>318.3</ele>
      </trkpt>
      <trkpt lat="45.058005" lon="-72.311069">
        <ele>318.6</ele>
      </trkpt>
      <trkpt lat="45.05725" lon="-72.31093">
        <ele>319.2</ele>
      </trkpt>
      <trkpt lat="45.0567" lon="-72.3108">
        <ele>319.9</ele>
      </trkpt>
      <trkpt lat="45.056195" lon="-72.310594">
        <ele>320.7</ele>
      </trkpt>
      <trkpt lat="45.05569" lon="-72.31039">
        <ele>321.6</ele>
      </trkpt>
      <trkpt lat="45.05521" lon="-72.31005">
        <ele>324</ele>
      </trkpt>
      <trkpt lat="45.0547" lon="-72.30963">
        <ele>327.4</ele>
      </trkpt>
      <trkpt lat="45.05459" lon="-72.30955">
        <ele>327.9</ele>
      </trkpt>
      <trkpt lat="45.05435" lon="-72.3095">
        <ele>327.8</ele>
      </trkpt>
      <trkpt lat="45.05378" lon="-72.30923">
        <ele>327</ele>
      </trkpt>
      <trkpt lat="45.05321" lon="-72.3089">
        <ele>327.1</ele>
      </trkpt>
      <trkpt lat="45.05251" lon="-72.308494">
        <ele>327.7</ele>
      </trkpt>
      <trkpt lat="45.05181" lon="-72.30809">
        <ele>327.7</ele>
      </trkpt>
      <trkpt lat="45.05182" lon="-72.309084">
        <ele>320.3</ele>
      </trkpt>
      <trkpt lat="45.05183" lon="-72.31008">
        <ele>316.2</ele>
      </trkpt>
      <trkpt lat="45.051865" lon="-72.311139">
        <ele>314</ele>
      </trkpt>
      <trkpt lat="45.0519" lon="-72.3122">
        <ele>310.2</ele>
      </trkpt>
      <trkpt lat="45.05185" lon="-72.31308">
        <ele>304.8</ele>
      </trkpt>
      <trkpt lat="45.05168" lon="-72.31362">
        <ele>301.8</ele>
      </trkpt>
      <trkpt lat="45.0513" lon="-72.314695">
        <ele>297.7</ele>
      </trkpt>
      <trkpt lat="45.05092" lon="-72.31577">
        <ele>296.6</ele>
      </trkpt>
      <trkpt lat="45.050545" lon="-72.31691">
        <ele>294.2</ele>
      </trkpt>
      <trkpt lat="45.05017" lon="-72.31805">
        <ele>294.3</ele>
      </trkpt>
      <trkpt lat="45.04989" lon="-72.318873">
        <ele>298.4</ele>
      </trkpt>
      <trkpt lat="45.04961" lon="-72.319696">
        <ele>301</ele>
      </trkpt>
      <trkpt lat="45.04933" lon="-72.32052">
        <ele>302.3</ele>
      </trkpt>
      <trkpt lat="45.04893" lon="-72.321623">
        <ele>303</ele>
      </trkpt>
      <trkpt lat="45.04853" lon="-72.322726">
        <ele>304.8</ele>
      </trkpt>
      <trkpt lat="45.04813" lon="-72.32383">
        <ele>306.2</ele>
      </trkpt>
      <trkpt lat="45.04797" lon="-72.32446">
        <ele>305.8</ele>
      </trkpt>
      <trkpt lat="45.04792" lon="-72.32481">
        <ele>305.7</ele>
      </trkpt>
      <trkpt lat="45.047855" lon="-72.32582">
        <ele>304.6</ele>
      </trkpt>
      <trkpt lat="45.04779" lon="-72.32683">
        <ele>301.6</ele>
      </trkpt>
      <trkpt lat="45.04775" lon="-72.32768">
        <ele>299.2</ele>
      </trkpt>
      <trkpt lat="45.04771" lon="-72.32853">
        <ele>298.5</ele>
      </trkpt>
      <trkpt lat="45.04767" lon="-72.32938">
        <ele>298.4</ele>
      </trkpt>
      <trkpt lat="45.04765" lon="-72.32956">
        <ele>298.5</ele>
      </trkpt>
      <trkpt lat="45.04757" lon="-72.32984">
        <ele>298.5</ele>
      </trkpt>
      <trkpt lat="45.04742" lon="-72.33019">
        <ele>298.3</ele>
      </trkpt>
      <trkpt lat="45.04724" lon="-72.33053">
        <ele>297.7</ele>
      </trkpt>
      <trkpt lat="45.04724" lon="-72.33054">
        <ele>297.7</ele>
      </trkpt>
      <trkpt lat="45.04692" lon="-72.331125">
        <ele>297.1</ele>
      </trkpt>
      <trkpt lat="45.0466" lon="-72.33171">
        <ele>296.7</ele>
      </trkpt>
      <trkpt lat="45.04614" lon="-72.332505">
        <ele>292.6</ele>
      </trkpt>
      <trkpt lat="45.04568" lon="-72.3333">
        <ele>290.5</ele>
      </trkpt>
      <trkpt lat="45.04522" lon="-72.334095">
        <ele>288.3</ele>
      </trkpt>
      <trkpt lat="45.04476" lon="-72.33489">
        <ele>285.7</ele>
      </trkpt>
      <trkpt lat="45.04437" lon="-72.33578">
        <ele>281.1</ele>
      </trkpt>
      <trkpt lat="45.04427" lon="-72.33619">
        <ele>279.6</ele>
      </trkpt>
      <trkpt lat="45.044145" lon="-72.336815">
        <ele>277.7</ele>
      </trkpt>
      <trkpt lat="45.04402" lon="-72.33744">
        <ele>277</ele>
      </trkpt>
      <trkpt lat="45.04394" lon="-72.33771">
        <ele>276.7</ele>
      </trkpt>
      <trkpt lat="45.04375" lon="-72.33824">
        <ele>276.1</ele>
      </trkpt>
      <trkpt lat="45.04356" lon="-72.33869">
        <ele>275.4</ele>
      </trkpt>
      <trkpt lat="45.04334" lon="-72.33909">
        <ele>275.2</ele>
      </trkpt>
      <trkpt lat="45.04321" lon="-72.33923">
        <ele>275.1</ele>
      </trkpt>
      <trkpt lat="45.04286" lon="-72.33949">
        <ele>274.1</ele>
      </trkpt>
      <trkpt lat="45.042125" lon="-72.339945">
        <ele>272.2</ele>
      </trkpt>
      <trkpt lat="45.04139" lon="-72.3404">
        <ele>269</ele>
      </trkpt>
      <trkpt lat="45.040756" lon="-72.34083">
        <ele>266.6</ele>
      </trkpt>
      <trkpt lat="45.040123" lon="-72.34126">
        <ele>264.1</ele>
      </trkpt>
      <trkpt lat="45.03949" lon="-72.34169">
        <ele>263.6</ele>
      </trkpt>
      <trkpt lat="45.03945" lon="-72.34168">
        <ele>263.6</ele>
      </trkpt>
      <trkpt lat="45.03956" lon="-72.34269">
        <ele>260.8</ele>
      </trkpt>
      <trkpt lat="45.03979" lon="-72.34388">
        <ele>256.9</ele>
      </trkpt>
      <trkpt lat="45.039985" lon="-72.344509">
        <ele>256</ele>
      </trkpt>
      <trkpt lat="45.04018" lon="-72.34514">
        <ele>255.3</ele>
      </trkpt>
      <trkpt lat="45.040385" lon="-72.345944">
        <ele>254</ele>
      </trkpt>
      <trkpt lat="45.04059" lon="-72.34675">
        <ele>252.4</ele>
      </trkpt>
      <trkpt lat="45.040955" lon="-72.347859">
        <ele>247.3</ele>
      </trkpt>
      <trkpt lat="45.04132" lon="-72.34897">
        <ele>243.7</ele>
      </trkpt>
      <trkpt lat="45.04159" lon="-72.349764">
        <ele>240.2</ele>
      </trkpt>
      <trkpt lat="45.04186" lon="-72.35056">
        <ele>235.4</ele>
      </trkpt>
      <trkpt lat="45.04214" lon="-72.3515">
        <ele>232.4</ele>
      </trkpt>
      <trkpt lat="45.04218" lon="-72.35175">
        <ele>231.9</ele>
      </trkpt>
      <trkpt lat="45.041715" lon="-72.351734">
        <ele>230.7</ele>
      </trkpt>
      <trkpt lat="45.04125" lon="-72.35172">
        <ele>231.3</ele>
      </trkpt>
      <trkpt lat="45.040504" lon="-72.35172">
        <ele>233.7</ele>
      </trkpt>
      <trkpt lat="45.039759" lon="-72.35172">
        <ele>235.7</ele>
      </trkpt>
      <trkpt lat="45.039014" lon="-72.35172">
        <ele>237.7</ele>
      </trkpt>
      <trkpt lat="45.03827" lon="-72.35172">
        <ele>240.7</ele>
      </trkpt>
      <trkpt lat="45.037765" lon="-72.351745">
        <ele>243</ele>
      </trkpt>
      <trkpt lat="45.03726" lon="-72.35177">
        <ele>244.7</ele>
      </trkpt>
      <trkpt lat="45.03689" lon="-72.35172">
        <ele>246.3</ele>
      </trkpt>
      <trkpt lat="45.03629" lon="-72.35168">
        <ele>247.4</ele>
      </trkpt>
      <trkpt lat="45.035474" lon="-72.35168">
        <ele>247.3</ele>
      </trkpt>
      <trkpt lat="45.03466" lon="-72.35168">
        <ele>245.3</ele>
      </trkpt>
      <trkpt lat="45.034199" lon="-72.351705">
        <ele>244.1</ele>
      </trkpt>
      <trkpt lat="45.03374" lon="-72.35173">
        <ele>243</ele>
      </trkpt>
      <trkpt lat="45.033035" lon="-72.35175">
        <ele>241.4</ele>
      </trkpt>
      <trkpt lat="45.03233" lon="-72.35177">
        <ele>240.7</ele>
      </trkpt>
      <trkpt lat="45.031656" lon="-72.35177">
        <ele>240.6</ele>
      </trkpt>
      <trkpt lat="45.030983" lon="-72.35177">
        <ele>240.8</ele>
      </trkpt>
      <trkpt lat="45.03031" lon="-72.35177">
        <ele>241.2</ele>
      </trkpt>
      <trkpt lat="45.029542" lon="-72.351782">
        <ele>241.3</ele>
      </trkpt>
      <trkpt lat="45.028774" lon="-72.351795">
        <ele>241.4</ele>
      </trkpt>
      <trkpt lat="45.028007" lon="-72.351807">
        <ele>240.2</ele>
      </trkpt>
      <trkpt lat="45.02724" lon="-72.35182">
        <ele>237.8</ele>
      </trkpt>
      <trkpt lat="45.02723" lon="-72.35182">
        <ele>237.8</ele>
      </trkpt>
      <trkpt lat="45.02642" lon="-72.35183">
        <ele>228.6</ele>
      </trkpt>
      <trkpt lat="45.02599" lon="-72.35181">
        <ele>227.5</ele>
      </trkpt>
      <trkpt lat="45.025106" lon="-72.35185">
        <ele>228.1</ele>
      </trkpt>
      <trkpt lat="45.024223" lon="-72.35189">
        <ele>235.5</ele>
      </trkpt>
      <trkpt lat="45.02334" lon="-72.35193">
        <ele>239.1</ele>
      </trkpt>
      <trkpt lat="45.0226" lon="-72.351985">
        <ele>239.3</ele>
      </trkpt>
      <trkpt lat="45.02186" lon="-72.35204">
        <ele>238.3</ele>
      </trkpt>
      <trkpt lat="45.02121" lon="-72.35208">
        <ele>239.7</ele>
      </trkpt>
      <trkpt lat="45.02108" lon="-72.35211">
        <ele>240</ele>
      </trkpt>
      <trkpt lat="45.02092" lon="-72.35235">
        <ele>239.7</ele>
      </trkpt>
      <trkpt lat="45.020525" lon="-72.35319">
        <ele>237.9</ele>
      </trkpt>
      <trkpt lat="45.02013" lon="-72.35403">
        <ele>237.8</ele>
      </trkpt>
      <trkpt lat="45.019646" lon="-72.355096">
        <ele>234</ele>
      </trkpt>
      <trkpt lat="45.019163" lon="-72.356163">
        <ele>226.9</ele>
      </trkpt>
      <trkpt lat="45.01868" lon="-72.35723">
        <ele>219.3</ele>
      </trkpt>
      <trkpt lat="45.01821" lon="-72.358202">
        <ele>215.2</ele>
      </trkpt>
      <trkpt lat="45.01774" lon="-72.359175">
        <ele>212</ele>
      </trkpt>
      <trkpt lat="45.01727" lon="-72.360147">
        <ele>208.7</ele>
      </trkpt>
      <trkpt lat="45.0168" lon="-72.36112">
        <ele>204.8</ele>
      </trkpt>
      <trkpt lat="45.016383" lon="-72.362016">
        <ele>201.1</ele>
      </trkpt>
      <trkpt lat="45.015966" lon="-72.362913">
        <ele>199</ele>
      </trkpt>
      <trkpt lat="45.01555" lon="-72.36381">
        <ele>195.3</ele>
      </trkpt>
      <trkpt lat="45.01548" lon="-72.36425">
        <ele>194.9</ele>
      </trkpt>
      <trkpt lat="45.01543" lon="-72.36525">
        <ele>193.7</ele>
      </trkpt>
      <trkpt lat="45.01543" lon="-72.36627">
        <ele>193.1</ele>
      </trkpt>
      <trkpt lat="45.01537" lon="-72.36658">
        <ele>193.1</ele>
      </trkpt>
      <trkpt lat="45.0152" lon="-72.36712">
        <ele>192.8</ele>
      </trkpt>
      <trkpt lat="45.01505" lon="-72.36748">
        <ele>192.6</ele>
      </trkpt>
      <trkpt lat="45.014715" lon="-72.36809">
        <ele>192</ele>
      </trkpt>
      <trkpt lat="45.01438" lon="-72.3687">
        <ele>191.4</ele>
      </trkpt>
      <trkpt lat="45.01422" lon="-72.36905">
        <ele>191</ele>
      </trkpt>
      <trkpt lat="45.01406" lon="-72.36958">
        <ele>190.3</ele>
      </trkpt>
      <trkpt lat="45.01395" lon="-72.37029">
        <ele>190.1</ele>
      </trkpt>
      <trkpt lat="45.01368" lon="-72.37122">
        <ele>188.2</ele>
      </trkpt>
      <trkpt lat="45.01368" lon="-72.37123">
        <ele>188.2</ele>
      </trkpt>
      <trkpt lat="45.01348" lon="-72.371885">
        <ele>188</ele>
      </trkpt>
      <trkpt lat="45.01328" lon="-72.37254">
        <ele>189.4</ele>
      </trkpt>
      <trkpt lat="45.013" lon="-72.37311">
        <ele>189</ele>
      </trkpt>
      <trkpt lat="45.01277" lon="-72.37348">
        <ele>186.8</ele>
      </trkpt>
      <trkpt lat="45.01255" lon="-72.37375">
        <ele>184.5</ele>
      </trkpt>
      <trkpt lat="45.01239" lon="-72.37389">
        <ele>182.2</ele>
      </trkpt>
      <trkpt lat="45.01225" lon="-72.37414">
        <ele>178.2</ele>
      </trkpt>
      <trkpt lat="45.01221" lon="-72.37424">
        <ele>178.2</ele>
      </trkpt>
      <trkpt lat="45.01221" lon="-72.37453">
        <ele>175.9</ele>
      </trkpt>
      <trkpt lat="45.01231" lon="-72.37491">
        <ele>176</ele>
      </trkpt>
      <trkpt lat="45.0125" lon="-72.37536">
        <ele>176.3</ele>
      </trkpt>
      <trkpt lat="45.01268" lon="-72.37563">
        <ele>176.9</ele>
      </trkpt>
      <trkpt lat="45.01278" lon="-72.37571">
        <ele>177.8</ele>
      </trkpt>
      <trkpt lat="45.0129" lon="-72.37576">
        <ele>177.8</ele>
      </trkpt>
      <trkpt lat="45.01316" lon="-72.37585">
        <ele>178.5</ele>
      </trkpt>
      <trkpt lat="45.01351" lon="-72.37589">
        <ele>178.6</ele>
      </trkpt>
      <trkpt lat="45.01425" lon="-72.37572">
        <ele>176.9</ele>
      </trkpt>
      <trkpt lat="45.01506" lon="-72.37563">
        <ele>181.1</ele>
      </trkpt>
      <trkpt lat="45.01545" lon="-72.37563">
        <ele>185.3</ele>
      </trkpt>
      <trkpt lat="45.01565" lon="-72.37568">
        <ele>186.9</ele>
      </trkpt>
      <trkpt lat="45.01613" lon="-72.3759">
        <ele>190.7</ele>
      </trkpt>
      <trkpt lat="45.01681" lon="-72.37631">
        <ele>192.3</ele>
      </trkpt>
      <trkpt lat="45.01754" lon="-72.37693">
        <ele>192.1</ele>
      </trkpt>
      <trkpt lat="45.01777" lon="-72.37706">
        <ele>191.8</ele>
      </trkpt>
      <trkpt lat="45.01858" lon="-72.377599">
        <ele>189.4</ele>
      </trkpt>
      <trkpt lat="45.01939" lon="-72.37814">
        <ele>190.5</ele>
      </trkpt>
      <trkpt lat="45.01996" lon="-72.378579">
        <ele>192.6</ele>
      </trkpt>
      <trkpt lat="45.02053" lon="-72.37902">
        <ele>191.3</ele>
      </trkpt>
      <trkpt lat="45.02099" lon="-72.379494">
        <ele>191.3</ele>
      </trkpt>
      <trkpt lat="45.02145" lon="-72.37997">
        <ele>191.8</ele>
      </trkpt>
      <trkpt lat="45.02188" lon="-72.38036">
        <ele>193.2</ele>
      </trkpt>
      <trkpt lat="45.02222" lon="-72.3806">
        <ele>193.3</ele>
      </trkpt>
      <trkpt lat="45.02272" lon="-72.38083">
        <ele>194.1</ele>
      </trkpt>
      <trkpt lat="45.02289" lon="-72.3809">
        <ele>194.8</ele>
      </trkpt>
      <trkpt lat="45.02312" lon="-72.38089">
        <ele>195.2</ele>
      </trkpt>
      <trkpt lat="45.02361" lon="-72.38092">
        <ele>195.2</ele>
      </trkpt>
      <trkpt lat="45.02392" lon="-72.381">
        <ele>195.5</ele>
      </trkpt>
      <trkpt lat="45.024385" lon="-72.381229">
        <ele>196.7</ele>
      </trkpt>
      <trkpt lat="45.02485" lon="-72.38146">
        <ele>196.9</ele>
      </trkpt>
      <trkpt lat="45.02515" lon="-72.38172">
        <ele>196.8</ele>
      </trkpt>
      <trkpt lat="45.0253" lon="-72.38189">
        <ele>196.8</ele>
      </trkpt>
      <trkpt lat="45.02571" lon="-72.38221">
        <ele>197.3</ele>
      </trkpt>
      <trkpt lat="45.02601" lon="-72.38238">
        <ele>197.6</ele>
      </trkpt>
      <trkpt lat="45.02676" lon="-72.38279">
        <ele>198.3</ele>
      </trkpt>
      <trkpt lat="45.027205" lon="-72.382944">
        <ele>198</ele>
      </trkpt>
      <trkpt lat="45.02765" lon="-72.3831">
        <ele>198.7</ele>
      </trkpt>
      <trkpt lat="45.02811" lon="-72.383199">
        <ele>199.2</ele>
      </trkpt>
      <trkpt lat="45.02857" lon="-72.3833">
        <ele>199.7</ele>
      </trkpt>
      <trkpt lat="45.02854" lon="-72.38418">
        <ele>194.5</ele>
      </trkpt>
      <trkpt lat="45.028526" lon="-72.385086">
        <ele>191.1</ele>
      </trkpt>
      <trkpt lat="45.028513" lon="-72.385993">
        <ele>188.8</ele>
      </trkpt>
      <trkpt lat="45.0285" lon="-72.3869">
        <ele>188.6</ele>
      </trkpt>
      <trkpt lat="45.02849" lon="-72.38709">
        <ele>188.3</ele>
      </trkpt>
      <trkpt lat="45.02825" lon="-72.388177">
        <ele>186.9</ele>
      </trkpt>
      <trkpt lat="45.02801" lon="-72.389265">
        <ele>187</ele>
      </trkpt>
      <trkpt lat="45.02777" lon="-72.390352">
        <ele>187.1</ele>
      </trkpt>
      <trkpt lat="45.02753" lon="-72.39144">
        <ele>186.8</ele>
      </trkpt>
      <trkpt lat="45.02751" lon="-72.39206">
        <ele>186.5</ele>
      </trkpt>
      <trkpt lat="45.027556" lon="-72.393313">
        <ele>186.2</ele>
      </trkpt>
      <trkpt lat="45.027603" lon="-72.394566">
        <ele>185.3</ele>
      </trkpt>
      <trkpt lat="45.02765" lon="-72.39582">
        <ele>186.5</ele>
      </trkpt>
      <trkpt lat="45.02766" lon="-72.39636">
        <ele>186.6</ele>
      </trkpt>
      <trkpt lat="45.027555" lon="-72.39698">
        <ele>186.9</ele>
      </trkpt>
      <trkpt lat="45.02745" lon="-72.3976">
        <ele>186.7</ele>
      </trkpt>
      <trkpt lat="45.027313" lon="-72.398706">
        <ele>186.3</ele>
      </trkpt>
      <trkpt lat="45.027176" lon="-72.399813">
        <ele>185.4</ele>
      </trkpt>
      <trkpt lat="45.02704" lon="-72.40092">
        <ele>184.8</ele>
      </trkpt>
      <trkpt lat="45.02694" lon="-72.40184">
        <ele>185.3</ele>
      </trkpt>
      <trkpt lat="45.02684" lon="-72.40276">
        <ele>185.3</ele>
      </trkpt>
      <trkpt lat="45.0268" lon="-72.40374">
        <ele>185.1</ele>
      </trkpt>
      <trkpt lat="45.0267" lon="-72.40486">
        <ele>184.1</ele>
      </trkpt>
      <trkpt lat="45.026537" lon="-72.406037">
        <ele>184.7</ele>
      </trkpt>
      <trkpt lat="45.026375" lon="-72.407215">
        <ele>184.8</ele>
      </trkpt>
      <trkpt lat="45.026212" lon="-72.408392">
        <ele>183.7</ele>
      </trkpt>
      <trkpt lat="45.02605" lon="-72.40957">
        <ele>185.1</ele>
      </trkpt>
      <trkpt lat="45.025935" lon="-72.41076">
        <ele>185.1</ele>
      </trkpt>
      <trkpt lat="45.02582" lon="-72.41195">
        <ele>184.4</ele>
      </trkpt>
      <trkpt lat="45.02575" lon="-72.412795">
        <ele>184.4</ele>
      </trkpt>
      <trkpt lat="45.02568" lon="-72.41364">
        <ele>184.5</ele>
      </trkpt>
      <trkpt lat="45.02568" lon="-72.41431">
        <ele>184.1</ele>
      </trkpt>
      <trkpt lat="45.02573" lon="-72.41462">
        <ele>184</ele>
      </trkpt>
      <trkpt lat="45.02594" lon="-72.415573">
        <ele>183.6</ele>
      </trkpt>
      <trkpt lat="45.02615" lon="-72.416526">
        <ele>183.9</ele>
      </trkpt>
      <trkpt lat="45.02636" lon="-72.41748">
        <ele>184.1</ele>
      </trkpt>
      <trkpt lat="45.02641" lon="-72.41807">
        <ele>184.5</ele>
      </trkpt>
      <trkpt lat="45.026515" lon="-72.419049">
        <ele>184.3</ele>
      </trkpt>
      <trkpt lat="45.02662" lon="-72.42003">
        <ele>183.8</ele>
      </trkpt>
      <trkpt lat="45.02671" lon="-72.420774">
        <ele>183.4</ele>
      </trkpt>
      <trkpt lat="45.0268" lon="-72.42152">
        <ele>183.3</ele>
      </trkpt>
      <trkpt lat="45.02688" lon="-72.42237">
        <ele>182.9</ele>
      </trkpt>
      <trkpt lat="45.02701" lon="-72.42308">
        <ele>182.2</ele>
      </trkpt>
      <trkpt lat="45.02733" lon="-72.424244">
        <ele>180.7</ele>
      </trkpt>
      <trkpt lat="45.02765" lon="-72.42541">
        <ele>180.7</ele>
      </trkpt>
      <trkpt lat="45.02776" lon="-72.42564">
        <ele>180.1</ele>
      </trkpt>
      <trkpt lat="45.02789" lon="-72.42585">
        <ele>178.4</ele>
      </trkpt>
      <trkpt lat="45.02813" lon="-72.42603">
        <ele>176.3</ele>
      </trkpt>
      <trkpt lat="45.028825" lon="-72.426464">
        <ele>168.7</ele>
      </trkpt>
      <trkpt lat="45.02952" lon="-72.4269">
        <ele>161.4</ele>
      </trkpt>
      <trkpt lat="45.030155" lon="-72.426215">
        <ele>161.1</ele>
      </trkpt>
      <trkpt lat="45.03079" lon="-72.42553">
        <ele>160.7</ele>
      </trkpt>
      <trkpt lat="45.030935" lon="-72.426209">
        <ele>159.5</ele>
      </trkpt>
      <trkpt lat="45.03108" lon="-72.42689">
        <ele>159.1</ele>
      </trkpt>
      <trkpt lat="45.03114" lon="-72.42747">
        <ele>158.9</ele>
      </trkpt>
      <trkpt lat="45.03116" lon="-72.42802">
        <ele>158.7</ele>
      </trkpt>
      <trkpt lat="45.03107" lon="-72.42873">
        <ele>158.5</ele>
      </trkpt>
      <trkpt lat="45.03097" lon="-72.42913">
        <ele>158.6</ele>
      </trkpt>
      <trkpt lat="45.03085" lon="-72.42949">
        <ele>159.1</ele>
      </trkpt>
      <trkpt lat="45.03069" lon="-72.42989">
        <ele>159.5</ele>
      </trkpt>
      <trkpt lat="45.03057" lon="-72.43012">
        <ele>159.9</ele>
      </trkpt>
      <trkpt lat="45.03056" lon="-72.43013">
        <ele>159.9</ele>
      </trkpt>
      <trkpt lat="45.03035" lon="-72.43056">
        <ele>160.4</ele>
      </trkpt>
      <trkpt lat="45.03018" lon="-72.43096">
        <ele>161.2</ele>
      </trkpt>
      <trkpt lat="45.02992" lon="-72.43177">
        <ele>163.1</ele>
      </trkpt>
      <trkpt lat="45.02984" lon="-72.43222">
        <ele>163.6</ele>
      </trkpt>
      <trkpt lat="45.02982" lon="-72.43267">
        <ele>164.4</ele>
      </trkpt>
      <trkpt lat="45.02987" lon="-72.43316">
        <ele>165.3</ele>
      </trkpt>
      <trkpt lat="45.02995" lon="-72.43365">
        <ele>166.2</ele>
      </trkpt>
      <trkpt lat="45.03004" lon="-72.434">
        <ele>166.2</ele>
      </trkpt>
      <trkpt lat="45.03019" lon="-72.43438">
        <ele>167</ele>
      </trkpt>
      <trkpt lat="45.0305" lon="-72.434979">
        <ele>168.6</ele>
      </trkpt>
      <trkpt lat="45.03081" lon="-72.43558">
        <ele>170</ele>
      </trkpt>
      <trkpt lat="45.03128" lon="-72.43634">
        <ele>170.8</ele>
      </trkpt>
      <trkpt lat="45.0319" lon="-72.43725">
        <ele>169.6</ele>
      </trkpt>
      <trkpt lat="45.032355" lon="-72.437864">
        <ele>168.4</ele>
      </trkpt>
      <trkpt lat="45.03281" lon="-72.43848">
        <ele>167.3</ele>
      </trkpt>
      <trkpt lat="45.03349" lon="-72.439264">
        <ele>167.6</ele>
      </trkpt>
      <trkpt lat="45.03417" lon="-72.44005">
        <ele>166.8</ele>
      </trkpt>
      <trkpt lat="45.03444" lon="-72.44037">
        <ele>166.8</ele>
      </trkpt>
      <trkpt lat="45.0346" lon="-72.44063">
        <ele>167.1</ele>
      </trkpt>
      <trkpt lat="45.03477" lon="-72.44099">
        <ele>168</ele>
      </trkpt>
      <trkpt lat="45.03489" lon="-72.44132">
        <ele>168.6</ele>
      </trkpt>
      <trkpt lat="45.0352" lon="-72.44243">
        <ele>172.2</ele>
      </trkpt>
      <trkpt lat="45.035545" lon="-72.443459">
        <ele>171.3</ele>
      </trkpt>
      <trkpt lat="45.03589" lon="-72.44449">
        <ele>164.8</ele>
      </trkpt>
      <trkpt lat="45.03597" lon="-72.44484">
        <ele>163.7</ele>
      </trkpt>
      <trkpt lat="45.036085" lon="-72.445574">
        <ele>160.7</ele>
      </trkpt>
      <trkpt lat="45.0362" lon="-72.44631">
        <ele>159.3</ele>
      </trkpt>
      <trkpt lat="45.03631" lon="-72.44687">
        <ele>159.5</ele>
      </trkpt>
      <trkpt lat="45.03646" lon="-72.4474">
        <ele>159.9</ele>
      </trkpt>
      <trkpt lat="45.03667" lon="-72.44794">
        <ele>161.7</ele>
      </trkpt>
      <trkpt lat="45.03685" lon="-72.44834">
        <ele>163.4</ele>
      </trkpt>
      <trkpt lat="45.03708" lon="-72.44873">
        <ele>166.3</ele>
      </trkpt>
      <trkpt lat="45.03761" lon="-72.449499">
        <ele>172.7</ele>
      </trkpt>
      <trkpt lat="45.03814" lon="-72.45027">
        <ele>177</ele>
      </trkpt>
      <trkpt lat="45.03869" lon="-72.45089">
        <ele>182.2</ele>
      </trkpt>
      <trkpt lat="45.03907" lon="-72.451244">
        <ele>184.1</ele>
      </trkpt>
      <trkpt lat="45.03945" lon="-72.4516">
        <ele>184.7</ele>
      </trkpt>
      <trkpt lat="45.0396" lon="-72.45175">
        <ele>184</ele>
      </trkpt>
      <trkpt lat="45.03981" lon="-72.45206">
        <ele>182.9</ele>
      </trkpt>
      <trkpt lat="45.04012" lon="-72.45268">
        <ele>179</ele>
      </trkpt>
      <trkpt lat="45.04049" lon="-72.453704">
        <ele>176.1</ele>
      </trkpt>
      <trkpt lat="45.04086" lon="-72.45473">
        <ele>176.1</ele>
      </trkpt>
      <trkpt lat="45.04137" lon="-72.455674">
        <ele>176.4</ele>
      </trkpt>
      <trkpt lat="45.04188" lon="-72.45662">
        <ele>176.8</ele>
      </trkpt>
      <trkpt lat="45.042195" lon="-72.457159">
        <ele>177.6</ele>
      </trkpt>
      <trkpt lat="45.04251" lon="-72.4577">
        <ele>178</ele>
      </trkpt>
      <trkpt lat="45.04281" lon="-72.45818">
        <ele>177.7</ele>
      </trkpt>
      <trkpt lat="45.04313" lon="-72.45854">
        <ele>178.2</ele>
      </trkpt>
      <trkpt lat="45.0434" lon="-72.45881">
        <ele>179.4</ele>
      </trkpt>
      <trkpt lat="45.04407" lon="-72.45935">
        <ele>182.7</ele>
      </trkpt>
      <trkpt lat="45.04447" lon="-72.45957">
        <ele>184.9</ele>
      </trkpt>
      <trkpt lat="45.04486" lon="-72.45975">
        <ele>187</ele>
      </trkpt>
      <trkpt lat="45.04521" lon="-72.45981">
        <ele>188.5</ele>
      </trkpt>
      <trkpt lat="45.04585" lon="-72.45989">
        <ele>190.2</ele>
      </trkpt>
      <trkpt lat="45.04658" lon="-72.46003">
        <ele>191.6</ele>
      </trkpt>
      <trkpt lat="45.04677" lon="-72.46013">
        <ele>191.6</ele>
      </trkpt>
      <trkpt lat="45.04713" lon="-72.46038">
        <ele>190.3</ele>
      </trkpt>
      <trkpt lat="45.04752" lon="-72.46075">
        <ele>188.2</ele>
      </trkpt>
      <trkpt lat="45.048025" lon="-72.461434">
        <ele>183.4</ele>
      </trkpt>
      <trkpt lat="45.04853" lon="-72.46212">
        <ele>178.1</ele>
      </trkpt>
      <trkpt lat="45.04889" lon="-72.46252">
        <ele>174.5</ele>
      </trkpt>
      <trkpt lat="45.04933" lon="-72.46289">
        <ele>170.3</ele>
      </trkpt>
      <trkpt lat="45.0498" lon="-72.463269">
        <ele>163.3</ele>
      </trkpt>
      <trkpt lat="45.05027" lon="-72.46365">
        <ele>159.7</ele>
      </trkpt>
      <trkpt lat="45.05053" lon="-72.46388">
        <ele>158.4</ele>
      </trkpt>
      <trkpt lat="45.05067" lon="-72.46405">
        <ele>158.1</ele>
      </trkpt>
      <trkpt lat="45.05092" lon="-72.46433">
        <ele>158.1</ele>
      </trkpt>
      <trkpt lat="45.05106" lon="-72.46455">
        <ele>158.3</ele>
      </trkpt>
      <trkpt lat="45.05128" lon="-72.46505">
        <ele>159.4</ele>
      </trkpt>
      <trkpt lat="45.05149" lon="-72.46579">
        <ele>161.9</ele>
      </trkpt>
      <trkpt lat="45.05164" lon="-72.466564">
        <ele>163.7</ele>
      </trkpt>
      <trkpt lat="45.05179" lon="-72.46734">
        <ele>167.8</ele>
      </trkpt>
      <trkpt lat="45.05211" lon="-72.46727">
        <ele>168.2</ele>
      </trkpt>
      <trkpt lat="45.05254" lon="-72.46718">
        <ele>168.8</ele>
      </trkpt>
      <trkpt lat="45.05267" lon="-72.46714">
        <ele>169.3</ele>
      </trkpt>
      <trkpt lat="45.05333" lon="-72.46666">
        <ele>170.6</ele>
      </trkpt>
      <trkpt lat="45.05354" lon="-72.4666">
        <ele>171.1</ele>
      </trkpt>
      <trkpt lat="45.05392" lon="-72.46664">
        <ele>171.6</ele>
      </trkpt>
      <trkpt lat="45.05444" lon="-72.46678">
        <ele>172.3</ele>
      </trkpt>
      <trkpt lat="45.05468" lon="-72.46687">
        <ele>172.5</ele>
      </trkpt>
      <trkpt lat="45.05513" lon="-72.46727">
        <ele>173.7</ele>
      </trkpt>
      <trkpt lat="45.05522" lon="-72.46731">
        <ele>174.3</ele>
      </trkpt>
      <trkpt lat="45.05582" lon="-72.46741">
        <ele>176.8</ele>
      </trkpt>
      <trkpt lat="45.05593" lon="-72.46746">
        <ele>178.2</ele>
      </trkpt>
      <trkpt lat="45.05597" lon="-72.46753">
        <ele>178.2</ele>
      </trkpt>
      <trkpt lat="45.05616" lon="-72.46809">
        <ele>180.8</ele>
      </trkpt>
      <trkpt lat="45.05629" lon="-72.46839">
        <ele>182.3</ele>
      </trkpt>
      <trkpt lat="45.05642" lon="-72.46853">
        <ele>182.8</ele>
      </trkpt>
      <trkpt lat="45.05655" lon="-72.46854">
        <ele>183</ele>
      </trkpt>
      <trkpt lat="45.05669" lon="-72.46852">
        <ele>183.6</ele>
      </trkpt>
      <trkpt lat="45.057185" lon="-72.46826">
        <ele>185.2</ele>
      </trkpt>
      <trkpt lat="45.05768" lon="-72.468">
        <ele>190.4</ele>
      </trkpt>
      <trkpt lat="45.05811" lon="-72.4677">
        <ele>192.3</ele>
      </trkpt>
      <trkpt lat="45.05854" lon="-72.4674">
        <ele>195.2</ele>
      </trkpt>
      <trkpt lat="45.05882" lon="-72.46727">
        <ele>197.5</ele>
      </trkpt>
      <trkpt lat="45.05967" lon="-72.46717">
        <ele>205.2</ele>
      </trkpt>
      <trkpt lat="45.06052" lon="-72.46707">
        <ele>210.3</ele>
      </trkpt>
      <trkpt lat="45.06051" lon="-72.46707">
        <ele>210.3</ele>
      </trkpt>
      <trkpt lat="45.06078" lon="-72.46705">
        <ele>212.1</ele>
      </trkpt>
      <trkpt lat="45.06133" lon="-72.467184">
        <ele>215.3</ele>
      </trkpt>
      <trkpt lat="45.06188" lon="-72.46732">
        <ele>215.9</ele>
      </trkpt>
      <trkpt lat="45.06241" lon="-72.46723">
        <ele>215.6</ele>
      </trkpt>
      <trkpt lat="45.06309" lon="-72.46698">
        <ele>217</ele>
      </trkpt>
      <trkpt lat="45.06343" lon="-72.46691">
        <ele>217.9</ele>
      </trkpt>
      <trkpt lat="45.06367" lon="-72.46674">
        <ele>218.3</ele>
      </trkpt>
      <trkpt lat="45.06389" lon="-72.46648">
        <ele>219</ele>
      </trkpt>
      <trkpt lat="45.064" lon="-72.46633">
        <ele>220.1</ele>
      </trkpt>
      <trkpt lat="45.0641" lon="-72.46607">
        <ele>220.7</ele>
      </trkpt>
      <trkpt lat="45.06433" lon="-72.4653">
        <ele>224.2</ele>
      </trkpt>
      <trkpt lat="45.0647" lon="-72.46449">
        <ele>229.9</ele>
      </trkpt>
      <trkpt lat="45.065" lon="-72.464">
        <ele>234.1</ele>
      </trkpt>
      <trkpt lat="45.06557" lon="-72.46342">
        <ele>235.9</ele>
      </trkpt>
      <trkpt lat="45.06577" lon="-72.46333">
        <ele>235.9</ele>
      </trkpt>
      <trkpt lat="45.06628" lon="-72.46329">
        <ele>236.7</ele>
      </trkpt>
      <trkpt lat="45.06711" lon="-72.46315">
        <ele>237.5</ele>
      </trkpt>
      <trkpt lat="45.06794" lon="-72.46301">
        <ele>240.1</ele>
      </trkpt>
      <trkpt lat="45.06828" lon="-72.46283">
        <ele>243.5</ele>
      </trkpt>
      <trkpt lat="45.06883" lon="-72.46259">
        <ele>247.5</ele>
      </trkpt>
      <trkpt lat="45.06938" lon="-72.46235">
        <ele>249.7</ele>
      </trkpt>
      <trkpt lat="45.06963" lon="-72.46226">
        <ele>249.9</ele>
      </trkpt>
      <trkpt lat="45.07044" lon="-72.46217">
        <ele>247</ele>
      </trkpt>
      <trkpt lat="45.07112" lon="-72.46196">
        <ele>243.3</ele>
      </trkpt>
      <trkpt lat="45.07106" lon="-72.46182">
        <ele>243.3</ele>
      </trkpt>
      <trkpt lat="45.0708" lon="-72.46145">
        <ele>239.8</ele>
      </trkpt>
      <trkpt lat="45.0705" lon="-72.46092">
        <ele>238</ele>
      </trkpt>
      <trkpt lat="45.07035" lon="-72.46055">
        <ele>237.8</ele>
      </trkpt>
      <trkpt lat="45.07031" lon="-72.46047">
        <ele>237.7</ele>
      </trkpt>
      <trkpt lat="45.0701" lon="-72.459689">
        <ele>238.3</ele>
      </trkpt>
      <trkpt lat="45.06989" lon="-72.45891">
        <ele>241.4</ele>
      </trkpt>
      <trkpt lat="45.06967" lon="-72.45792">
        <ele>249.3</ele>
      </trkpt>
      <trkpt lat="45.06932" lon="-72.45716">
        <ele>254.4</ele>
      </trkpt>
      <trkpt lat="45.06882" lon="-72.45622">
        <ele>259.2</ele>
      </trkpt>
      <trkpt lat="45.06877" lon="-72.45608">
        <ele>259.2</ele>
      </trkpt>
      <trkpt lat="45.06877" lon="-72.45582">
        <ele>260.4</ele>
      </trkpt>
      <trkpt lat="45.06882" lon="-72.45554">
        <ele>261.2</ele>
      </trkpt>
      <trkpt lat="45.06894" lon="-72.45528">
        <ele>262.8</ele>
      </trkpt>
      <trkpt lat="45.06916" lon="-72.45487">
        <ele>266.6</ele>
      </trkpt>
      <trkpt lat="45.0693" lon="-72.45451">
        <ele>270.6</ele>
      </trkpt>
      <trkpt lat="45.06934" lon="-72.4542">
        <ele>274.8</ele>
      </trkpt>
      <trkpt lat="45.06931" lon="-72.45393">
        <ele>277.3</ele>
      </trkpt>
      <trkpt lat="45.06923" lon="-72.45362">
        <ele>277.3</ele>
      </trkpt>
      <trkpt lat="45.06925" lon="-72.45308">
        <ele>283.7</ele>
      </trkpt>
      <trkpt lat="45.06933" lon="-72.45241">
        <ele>287.7</ele>
      </trkpt>
      <trkpt lat="45.06944" lon="-72.45186">
        <ele>289.9</ele>
      </trkpt>
      <trkpt lat="45.06944" lon="-72.45187">
        <ele>290</ele>
      </trkpt>
      <trkpt lat="45.0695" lon="-72.45157">
        <ele>292.7</ele>
      </trkpt>
      <trkpt lat="45.0697" lon="-72.45107">
        <ele>294.6</ele>
      </trkpt>
      <trkpt lat="45.06991" lon="-72.450085">
        <ele>300.1</ele>
      </trkpt>
      <trkpt lat="45.07012" lon="-72.4491">
        <ele>307.1</ele>
      </trkpt>
      <trkpt lat="45.07015" lon="-72.44807">
        <ele>311.1</ele>
      </trkpt>
      <trkpt lat="45.07008" lon="-72.44714">
        <ele>314.1</ele>
      </trkpt>
      <trkpt lat="45.07007" lon="-72.44677">
        <ele>316.7</ele>
      </trkpt>
      <trkpt lat="45.070185" lon="-72.445985">
        <ele>323.3</ele>
      </trkpt>
      <trkpt lat="45.0703" lon="-72.4452">
        <ele>326.5</ele>
      </trkpt>
      <trkpt lat="45.07033" lon="-72.44435">
        <ele>331.8</ele>
      </trkpt>
      <trkpt lat="45.07028" lon="-72.44377">
        <ele>336.1</ele>
      </trkpt>
      <trkpt lat="45.0702" lon="-72.4435">
        <ele>337.6</ele>
      </trkpt>
      <trkpt lat="45.07" lon="-72.44297">
        <ele>343.9</ele>
      </trkpt>
      <trkpt lat="45.06995" lon="-72.44278">
        <ele>344.9</ele>
      </trkpt>
      <trkpt lat="45.06996" lon="-72.44243">
        <ele>346.6</ele>
      </trkpt>
      <trkpt lat="45.07008" lon="-72.44216">
        <ele>347</ele>
      </trkpt>
      <trkpt lat="45.07022" lon="-72.44193">
        <ele>347.3</ele>
      </trkpt>
      <trkpt lat="45.07065" lon="-72.44104">
        <ele>350.2</ele>
      </trkpt>
      <trkpt lat="45.07095" lon="-72.4405">
        <ele>351.6</ele>
      </trkpt>
      <trkpt lat="45.07104" lon="-72.44028">
        <ele>351.6</ele>
      </trkpt>
      <trkpt lat="45.07108" lon="-72.44006">
        <ele>351.6</ele>
      </trkpt>
      <trkpt lat="45.07106" lon="-72.43973">
        <ele>351.4</ele>
      </trkpt>
      <trkpt lat="45.07099" lon="-72.4394">
        <ele>351.2</ele>
      </trkpt>
      <trkpt lat="45.070805" lon="-72.438739">
        <ele>350.8</ele>
      </trkpt>
      <trkpt lat="45.07062" lon="-72.43808">
        <ele>350.7</ele>
      </trkpt>
      <trkpt lat="45.07056" lon="-72.43764">
        <ele>350.9</ele>
      </trkpt>
      <trkpt lat="45.07054" lon="-72.43714">
        <ele>349.9</ele>
      </trkpt>
      <trkpt lat="45.07065" lon="-72.43629">
        <ele>346.7</ele>
      </trkpt>
      <trkpt lat="45.07079" lon="-72.43581">
        <ele>343.4</ele>
      </trkpt>
      <trkpt lat="45.071185" lon="-72.435095">
        <ele>338.2</ele>
      </trkpt>
      <trkpt lat="45.07158" lon="-72.43438">
        <ele>336.9</ele>
      </trkpt>
      <trkpt lat="45.07168" lon="-72.43414">
        <ele>336.3</ele>
      </trkpt>
      <trkpt lat="45.07182" lon="-72.43351">
        <ele>335.3</ele>
      </trkpt>
      <trkpt lat="45.07181" lon="-72.43324">
        <ele>334.4</ele>
      </trkpt>
      <trkpt lat="45.07178" lon="-72.43302">
        <ele>333.7</ele>
      </trkpt>
      <trkpt lat="45.07159" lon="-72.432">
        <ele>331.9</ele>
      </trkpt>
      <trkpt lat="45.0715" lon="-72.43118">
        <ele>330.3</ele>
      </trkpt>
      <trkpt lat="45.07153" lon="-72.43073">
        <ele>329.7</ele>
      </trkpt>
      <trkpt lat="45.07166" lon="-72.42985">
        <ele>329.4</ele>
      </trkpt>
      <trkpt lat="45.07153" lon="-72.42909">
        <ele>329.1</ele>
      </trkpt>
      <trkpt lat="45.07131" lon="-72.42859">
        <ele>327.5</ele>
      </trkpt>
      <trkpt lat="45.07123" lon="-72.42806">
        <ele>325.4</ele>
      </trkpt>
      <trkpt lat="45.0712" lon="-72.4277">
        <ele>324.7</ele>
      </trkpt>
      <trkpt lat="45.07119" lon="-72.42681">
        <ele>322.2</ele>
      </trkpt>
      <trkpt lat="45.07115" lon="-72.42599">
        <ele>319.8</ele>
      </trkpt>
      <trkpt lat="45.07113" lon="-72.42564">
        <ele>317.8</ele>
      </trkpt>
      <trkpt lat="45.07104" lon="-72.42517">
        <ele>316.1</ele>
      </trkpt>
      <trkpt lat="45.07096" lon="-72.42483">
        <ele>314.5</ele>
      </trkpt>
      <trkpt lat="45.0709" lon="-72.42429">
        <ele>311.3</ele>
      </trkpt>
      <trkpt lat="45.07064" lon="-72.42313">
        <ele>308.2</ele>
      </trkpt>
      <trkpt lat="45.07044" lon="-72.42241">
        <ele>306.2</ele>
      </trkpt>
      <trkpt lat="45.07021" lon="-72.42193">
        <ele>303.4</ele>
      </trkpt>
      <trkpt lat="45.07004" lon="-72.42102">
        <ele>298.8</ele>
      </trkpt>
      <trkpt lat="45.06997" lon="-72.4208">
        <ele>297.4</ele>
      </trkpt>
      <trkpt lat="45.06977" lon="-72.42044">
        <ele>295.3</ele>
      </trkpt>
      <trkpt lat="45.06949" lon="-72.42">
        <ele>293.3</ele>
      </trkpt>
      <trkpt lat="45.06935" lon="-72.41964">
        <ele>290.5</ele>
      </trkpt>
      <trkpt lat="45.06927" lon="-72.41933">
        <ele>289.4</ele>
      </trkpt>
      <trkpt lat="45.06919" lon="-72.4187">
        <ele>287.6</ele>
      </trkpt>
      <trkpt lat="45.06919" lon="-72.41811">
        <ele>285</ele>
      </trkpt>
      <trkpt lat="45.0692" lon="-72.41745">
        <ele>283.3</ele>
      </trkpt>
      <trkpt lat="45.06927" lon="-72.41673">
        <ele>281.2</ele>
      </trkpt>
      <trkpt lat="45.06931" lon="-72.41606">
        <ele>279.4</ele>
      </trkpt>
      <trkpt lat="45.06928" lon="-72.41565">
        <ele>277.5</ele>
      </trkpt>
      <trkpt lat="45.06913" lon="-72.41471">
        <ele>274.9</ele>
      </trkpt>
      <trkpt lat="45.06903" lon="-72.41386">
        <ele>274</ele>
      </trkpt>
      <trkpt lat="45.06892" lon="-72.41342">
        <ele>274.1</ele>
      </trkpt>
      <trkpt lat="45.06845" lon="-72.41239">
        <ele>270.1</ele>
      </trkpt>
      <trkpt lat="45.06834" lon="-72.41202">
        <ele>266.4</ele>
      </trkpt>
      <trkpt lat="45.06828" lon="-72.41167">
        <ele>264.2</ele>
      </trkpt>
      <trkpt lat="45.06821" lon="-72.41095">
        <ele>260.3</ele>
      </trkpt>
      <trkpt lat="45.06808" lon="-72.41033">
        <ele>256.8</ele>
      </trkpt>
      <trkpt lat="45.0678" lon="-72.409469">
        <ele>252.6</ele>
      </trkpt>
      <trkpt lat="45.06752" lon="-72.40861">
        <ele>247.7</ele>
      </trkpt>
      <trkpt lat="45.06713" lon="-72.408">
        <ele>244.8</ele>
      </trkpt>
      <trkpt lat="45.06706" lon="-72.40796">
        <ele>244.8</ele>
      </trkpt>
      <trkpt lat="45.06647" lon="-72.40782">
        <ele>243.2</ele>
      </trkpt>
      <trkpt lat="45.0662" lon="-72.40773">
        <ele>242.6</ele>
      </trkpt>
      <trkpt lat="45.06578" lon="-72.4075">
        <ele>241.4</ele>
      </trkpt>
      <trkpt lat="45.06493" lon="-72.40715">
        <ele>240.6</ele>
      </trkpt>
      <trkpt lat="45.06454" lon="-72.40696">
        <ele>239.1</ele>
      </trkpt>
      <trkpt lat="45.06377" lon="-72.406539">
        <ele>233.9</ele>
      </trkpt>
      <trkpt lat="45.063" lon="-72.40612">
        <ele>229.1</ele>
      </trkpt>
      <trkpt lat="45.0628" lon="-72.40594">
        <ele>227.7</ele>
      </trkpt>
      <trkpt lat="45.06266" lon="-72.40576">
        <ele>226.9</ele>
      </trkpt>
      <trkpt lat="45.0624" lon="-72.40557">
        <ele>223.8</ele>
      </trkpt>
      <trkpt lat="45.06209" lon="-72.4054">
        <ele>222</ele>
      </trkpt>
      <trkpt lat="45.06168" lon="-72.40509">
        <ele>218.1</ele>
      </trkpt>
      <trkpt lat="45.0613" lon="-72.40464">
        <ele>212.3</ele>
      </trkpt>
      <trkpt lat="45.06103" lon="-72.40419">
        <ele>210.3</ele>
      </trkpt>
      <trkpt lat="45.06083" lon="-72.40374">
        <ele>209.4</ele>
      </trkpt>
      <trkpt lat="45.06064" lon="-72.40339">
        <ele>208.4</ele>
      </trkpt>
      <trkpt lat="45.06041" lon="-72.40308">
        <ele>208</ele>
      </trkpt>
      <trkpt lat="45.06007" lon="-72.40283">
        <ele>207.1</ele>
      </trkpt>
      <trkpt lat="45.05982" lon="-72.40267">
        <ele>206.7</ele>
      </trkpt>
      <trkpt lat="45.0596" lon="-72.40249">
        <ele>206.4</ele>
      </trkpt>
      <trkpt lat="45.0593" lon="-72.40209">
        <ele>206.4</ele>
      </trkpt>
      <trkpt lat="45.05877" lon="-72.40142">
        <ele>205</ele>
      </trkpt>
      <trkpt lat="45.05849" lon="-72.40101">
        <ele>204.7</ele>
      </trkpt>
      <trkpt lat="45.0581" lon="-72.4002">
        <ele>203.6</ele>
      </trkpt>
      <trkpt lat="45.058" lon="-72.39989">
        <ele>203.2</ele>
      </trkpt>
      <trkpt lat="45.05789" lon="-72.399269">
        <ele>201.8</ele>
      </trkpt>
      <trkpt lat="45.05778" lon="-72.39865">
        <ele>200.8</ele>
      </trkpt>
      <trkpt lat="45.05776" lon="-72.39819">
        <ele>200.1</ele>
      </trkpt>
      <trkpt lat="45.057804" lon="-72.39716">
        <ele>198.5</ele>
      </trkpt>
      <trkpt lat="45.057848" lon="-72.39613">
        <ele>197.2</ele>
      </trkpt>
      <trkpt lat="45.057892" lon="-72.3951">
        <ele>197</ele>
      </trkpt>
      <trkpt lat="45.057936" lon="-72.39407">
        <ele>197.2</ele>
      </trkpt>
      <trkpt lat="45.05798" lon="-72.39304">
        <ele>195.8</ele>
      </trkpt>
      <trkpt lat="45.05798" lon="-72.39187">
        <ele>195.9</ele>
      </trkpt>
      <trkpt lat="45.057435" lon="-72.3921">
        <ele>196.6</ele>
      </trkpt>
      <trkpt lat="45.05689" lon="-72.39233">
        <ele>196.4</ele>
      </trkpt>
      <trkpt lat="45.056365" lon="-72.39258">
        <ele>195.6</ele>
      </trkpt>
      <trkpt lat="45.05584" lon="-72.39283">
        <ele>194.2</ele>
      </trkpt>
      <trkpt lat="45.05557" lon="-72.39292">
        <ele>193.1</ele>
      </trkpt>
      <trkpt lat="45.05512" lon="-72.39296">
        <ele>191.6</ele>
      </trkpt>
      <trkpt lat="45.054569" lon="-72.392909">
        <ele>190.5</ele>
      </trkpt>
      <trkpt lat="45.05402" lon="-72.39286">
        <ele>190.2</ele>
      </trkpt>
      <trkpt lat="45.05353" lon="-72.39271">
        <ele>190.6</ele>
      </trkpt>
      <trkpt lat="45.05304" lon="-72.392499">
        <ele>190.8</ele>
      </trkpt>
      <trkpt lat="45.05255" lon="-72.39229">
        <ele>191.8</ele>
      </trkpt>
      <trkpt lat="45.0523" lon="-72.3922">
        <ele>192.2</ele>
      </trkpt>
      <trkpt lat="45.05204" lon="-72.39215">
        <ele>193.2</ele>
      </trkpt>
      <trkpt lat="45.051349" lon="-72.392094">
        <ele>194.1</ele>
      </trkpt>
      <trkpt lat="45.05066" lon="-72.39204">
        <ele>193.5</ele>
      </trkpt>
      <trkpt lat="45.05011" lon="-72.39203">
        <ele>191.9</ele>
      </trkpt>
    </trkseg>
  </trk>
</gpx>