<?xml version='1.0' encoding='utf-8'?>
<gpx xmlns="http://www.topografix.com/GPX/1/1" xmlns:xsi="http://www.w3.org/2001/XMLSchema-instance" version="1.1" creator="Gravelle Estrie" xsi:schemaLocation="http://www.topografix.com/GPX/1/1 http://www.topografix.com/GPX/1/1/gpx.xsd">
  <metadata>
    <name>Pork Épic 78km / 1300MD+</name>
  </metadata>
  <trk>
    <name>Pork Épic 78km / 1300MD+</name>
    <trkseg>
      <trkpt lat="45.04974" lon="-72.39202">
        <ele>190.71</ele>
      </trkpt>
      <trkpt lat="45.04888" lon="-72.39219">
        <ele>184.81</ele>
      </trkpt>
      <trkpt lat="45.04871" lon="-72.39228">
        <ele>180.84</ele>
      </trkpt>
      <trkpt lat="45.04807" lon="-72.39264">
        <ele>174.72</ele>
      </trkpt>
      <trkpt lat="45.047405" lon="-72.39307">
        <ele>165.38</ele>
      </trkpt>
      <trkpt lat="45.04674" lon="-72.3935">
        <ele>158.94</ele>
      </trkpt>
      <trkpt lat="45.04644" lon="-72.3938">
        <ele>157.56</ele>
      </trkpt>
      <trkpt lat="45.04618" lon="-72.39413">
        <ele>157.14</ele>
      </trkpt>
      <trkpt lat="45.04598" lon="-72.39448">
        <ele>157.33</ele>
      </trkpt>
      <trkpt lat="45.04581" lon="-72.39489">
        <ele>157.98</ele>
      </trkpt>
      <trkpt lat="45.0455667" lon="-72.39572">
        <ele>158.78</ele>
      </trkpt>
      <trkpt lat="45.0453233" lon="-72.39655">
        <ele>159.2</ele>
      </trkpt>
      <trkpt lat="45.04508" lon="-72.39738">
        <ele>159.53</ele>
      </trkpt>
      <trkpt lat="45.04496" lon="-72.3977">
        <ele>159.59</ele>
      </trkpt>
      <trkpt lat="45.04466" lon="-72.39834">
        <ele>158.53</ele>
      </trkpt>
      <trkpt lat="45.04416" lon="-72.399275">
        <ele>157.91</ele>
      </trkpt>
      <trkpt lat="45.04366" lon="-72.40021">
        <ele>164.69</ele>
      </trkpt>
      <trkpt lat="45.04326" lon="-72.40111">
        <ele>169.32</ele>
      </trkpt>
      <trkpt lat="45.042908" lon="-72.402142">
        <ele>167.55</ele>
      </trkpt>
      <trkpt lat="45.042556" lon="-72.403174">
        <ele>163.76</ele>
      </trkpt>
      <trkpt lat="45.042204" lon="-72.404206">
        <ele>161.59</ele>
      </trkpt>
      <trkpt lat="45.041852" lon="-72.405238">
        <ele>160.24</ele>
      </trkpt>
      <trkpt lat="45.0415" lon="-72.40627">
        <ele>160.4</ele>
      </trkpt>
      <trkpt lat="45.04125" lon="-72.40698">
        <ele>161.17</ele>
      </trkpt>
      <trkpt lat="45.041" lon="-72.40769">
        <ele>162.45</ele>
      </trkpt>
      <trkpt lat="45.04076" lon="-72.40823">
        <ele>164.09</ele>
      </trkpt>
      <trkpt lat="45.040315" lon="-72.40909">
        <ele>166.47</ele>
      </trkpt>
      <trkpt lat="45.03987" lon="-72.40995">
        <ele>166.55</ele>
      </trkpt>
      <trkpt lat="45.039425" lon="-72.41081">
        <ele>167.71</ele>
      </trkpt>
      <trkpt lat="45.03898" lon="-72.41167">
        <ele>170.78</ele>
      </trkpt>
      <trkpt lat="45.03887" lon="-72.41192">
        <ele>171.32</ele>
      </trkpt>
      <trkpt lat="45.03887" lon="-72.41193">
        <ele>171.33</ele>
      </trkpt>
      <trkpt lat="45.038615" lon="-72.41254">
        <ele>172.17</ele>
      </trkpt>
      <trkpt lat="45.03836" lon="-72.41315">
        <ele>173.22</ele>
      </trkpt>
      <trkpt lat="45.03893" lon="-72.41341">
        <ele>176.57</ele>
      </trkpt>
      <trkpt lat="45.0396067" lon="-72.41359">
        <ele>182.49</ele>
      </trkpt>
      <trkpt lat="45.0402833" lon="-72.41377">
        <ele>190.37</ele>
      </trkpt>
      <trkpt lat="45.04096" lon="-72.41395">
        <ele>195</ele>
      </trkpt>
      <trkpt lat="45.041455" lon="-72.414085">
        <ele>198.6</ele>
      </trkpt>
      <trkpt lat="45.04195" lon="-72.41422">
        <ele>201.99</ele>
      </trkpt>
      <trkpt lat="45.04267" lon="-72.4144733">
        <ele>206.08</ele>
      </trkpt>
      <trkpt lat="45.04339" lon="-72.4147267">
        <ele>215.56</ele>
      </trkpt>
      <trkpt lat="45.04411" lon="-72.41498">
        <ele>223.91</ele>
      </trkpt>
      <trkpt lat="45.04441" lon="-72.41503">
        <ele>225.91</ele>
      </trkpt>
      <trkpt lat="45.04455" lon="-72.41502">
        <ele>226.69</ele>
      </trkpt>
      <trkpt lat="45.04493" lon="-72.41489">
        <ele>228.4</ele>
      </trkpt>
      <trkpt lat="45.04579" lon="-72.4146267">
        <ele>229.6</ele>
      </trkpt>
      <trkpt lat="45.04665" lon="-72.4143633">
        <ele>233.2</ele>
      </trkpt>
      <trkpt lat="45.04751" lon="-72.4141">
        <ele>239.03</ele>
      </trkpt>
      <trkpt lat="45.0475" lon="-72.4141">
        <ele>239.03</ele>
      </trkpt>
      <trkpt lat="45.04795" lon="-72.41398">
        <ele>241.26</ele>
      </trkpt>
      <trkpt lat="45.0484" lon="-72.41386">
        <ele>242.75</ele>
      </trkpt>
      <trkpt lat="45.04898" lon="-72.41374">
        <ele>245.21</ele>
      </trkpt>
      <trkpt lat="45.04956" lon="-72.41362">
        <ele>247.88</ele>
      </trkpt>
      <trkpt lat="45.04958" lon="-72.41387">
        <ele>249.07</ele>
      </trkpt>
      <trkpt lat="45.0496175" lon="-72.41508">
        <ele>254.03</ele>
      </trkpt>
      <trkpt lat="45.049655" lon="-72.41629">
        <ele>257.36</ele>
      </trkpt>
      <trkpt lat="45.0496925" lon="-72.4175">
        <ele>261.45</ele>
      </trkpt>
      <trkpt lat="45.04973" lon="-72.41871">
        <ele>265.87</ele>
      </trkpt>
      <trkpt lat="45.04977" lon="-72.419605">
        <ele>272.61</ele>
      </trkpt>
      <trkpt lat="45.04981" lon="-72.4205">
        <ele>278.18</ele>
      </trkpt>
      <trkpt lat="45.049865" lon="-72.421425">
        <ele>281.08</ele>
      </trkpt>
      <trkpt lat="45.04992" lon="-72.42235">
        <ele>285.27</ele>
      </trkpt>
      <trkpt lat="45.05041" lon="-72.422585">
        <ele>288.4</ele>
      </trkpt>
      <trkpt lat="45.0509" lon="-72.42282">
        <ele>290.82</ele>
      </trkpt>
      <trkpt lat="45.051475" lon="-72.42311">
        <ele>293.79</ele>
      </trkpt>
      <trkpt lat="45.05205" lon="-72.4234">
        <ele>295.48</ele>
      </trkpt>
      <trkpt lat="45.05225" lon="-72.42358">
        <ele>295.78</ele>
      </trkpt>
      <trkpt lat="45.05246" lon="-72.42381">
        <ele>296.05</ele>
      </trkpt>
      <trkpt lat="45.05282" lon="-72.42417">
        <ele>296.58</ele>
      </trkpt>
      <trkpt lat="45.053395" lon="-72.42457">
        <ele>297.38</ele>
      </trkpt>
      <trkpt lat="45.05397" lon="-72.42497">
        <ele>298.81</ele>
      </trkpt>
      <trkpt lat="45.05397" lon="-72.42497">
        <ele>298.81</ele>
      </trkpt>
      <trkpt lat="45.05411" lon="-72.42506">
        <ele>299.38</ele>
      </trkpt>
      <trkpt lat="45.05452" lon="-72.42541">
        <ele>301.72</ele>
      </trkpt>
      <trkpt lat="45.05491" lon="-72.42587">
        <ele>305.66</ele>
      </trkpt>
      <trkpt lat="45.05516" lon="-72.42612">
        <ele>307.07</ele>
      </trkpt>
      <trkpt lat="45.05529" lon="-72.42617">
        <ele>307.97</ele>
      </trkpt>
      <trkpt lat="45.05585" lon="-72.426645">
        <ele>311.13</ele>
      </trkpt>
      <trkpt lat="45.05641" lon="-72.42712">
        <ele>315.23</ele>
      </trkpt>
      <trkpt lat="45.056855" lon="-72.42745">
        <ele>317.83</ele>
      </trkpt>
      <trkpt lat="45.0573" lon="-72.42778">
        <ele>319.24</ele>
      </trkpt>
      <trkpt lat="45.05784" lon="-72.428095">
        <ele>320.6</ele>
      </trkpt>
      <trkpt lat="45.05838" lon="-72.42841">
        <ele>321.67</ele>
      </trkpt>
      <trkpt lat="45.058975" lon="-72.428745">
        <ele>322.27</ele>
      </trkpt>
      <trkpt lat="45.05957" lon="-72.42908">
        <ele>322.89</ele>
      </trkpt>
      <trkpt lat="45.060035" lon="-72.42929">
        <ele>324.06</ele>
      </trkpt>
      <trkpt lat="45.0605" lon="-72.4295">
        <ele>323.8</ele>
      </trkpt>
      <trkpt lat="45.06067" lon="-72.42954">
        <ele>322.23</ele>
      </trkpt>
      <trkpt lat="45.06076" lon="-72.42953">
        <ele>321.74</ele>
      </trkpt>
      <trkpt lat="45.06082" lon="-72.42944">
        <ele>320.67</ele>
      </trkpt>
      <trkpt lat="45.06093" lon="-72.42918">
        <ele>317.5</ele>
      </trkpt>
      <trkpt lat="45.06113" lon="-72.42859">
        <ele>313.46</ele>
      </trkpt>
      <trkpt lat="45.06128" lon="-72.4277">
        <ele>312.35</ele>
      </trkpt>
      <trkpt lat="45.06144" lon="-72.42689">
        <ele>313.55</ele>
      </trkpt>
      <trkpt lat="45.06174" lon="-72.42591">
        <ele>310.04</ele>
      </trkpt>
      <trkpt lat="45.061855" lon="-72.425235">
        <ele>307.01</ele>
      </trkpt>
      <trkpt lat="45.06197" lon="-72.42456">
        <ele>303.19</ele>
      </trkpt>
      <trkpt lat="45.06206" lon="-72.42433">
        <ele>303.05</ele>
      </trkpt>
      <trkpt lat="45.0622" lon="-72.42403">
        <ele>303.01</ele>
      </trkpt>
      <trkpt lat="45.06269" lon="-72.42322">
        <ele>300.35</ele>
      </trkpt>
      <trkpt lat="45.06306" lon="-72.42272">
        <ele>300.4</ele>
      </trkpt>
      <trkpt lat="45.06317" lon="-72.42259">
        <ele>301.03</ele>
      </trkpt>
      <trkpt lat="45.06325" lon="-72.42255">
        <ele>301.13</ele>
      </trkpt>
      <trkpt lat="45.06341" lon="-72.42254">
        <ele>301.32</ele>
      </trkpt>
      <trkpt lat="45.06405" lon="-72.4225567">
        <ele>302.48</ele>
      </trkpt>
      <trkpt lat="45.06469" lon="-72.4225733">
        <ele>304.96</ele>
      </trkpt>
      <trkpt lat="45.06533" lon="-72.42259">
        <ele>304.44</ele>
      </trkpt>
      <trkpt lat="45.06578" lon="-72.422595">
        <ele>305.02</ele>
      </trkpt>
      <trkpt lat="45.06623" lon="-72.4226">
        <ele>307.42</ele>
      </trkpt>
      <trkpt lat="45.06665" lon="-72.42259">
        <ele>309.95</ele>
      </trkpt>
      <trkpt lat="45.06705" lon="-72.42246">
        <ele>312.36</ele>
      </trkpt>
      <trkpt lat="45.06728" lon="-72.42237">
        <ele>316.48</ele>
      </trkpt>
      <trkpt lat="45.06786" lon="-72.42205">
        <ele>318.03</ele>
      </trkpt>
      <trkpt lat="45.06798" lon="-72.422">
        <ele>317.55</ele>
      </trkpt>
      <trkpt lat="45.06816" lon="-72.42197">
        <ele>315.92</ele>
      </trkpt>
      <trkpt lat="45.068645" lon="-72.42199">
        <ele>313.99</ele>
      </trkpt>
      <trkpt lat="45.06913" lon="-72.42201">
        <ele>309.93</ele>
      </trkpt>
      <trkpt lat="45.06962" lon="-72.42193">
        <ele>305.44</ele>
      </trkpt>
      <trkpt lat="45.06961" lon="-72.42193">
        <ele>305.52</ele>
      </trkpt>
      <trkpt lat="45.06969" lon="-72.42192">
        <ele>305.52</ele>
      </trkpt>
      <trkpt lat="45.07017" lon="-72.42173">
        <ele>301.11</ele>
      </trkpt>
      <trkpt lat="45.07004" lon="-72.42102">
        <ele>297.24</ele>
      </trkpt>
      <trkpt lat="45.06997" lon="-72.4208">
        <ele>296.71</ele>
      </trkpt>
      <trkpt lat="45.06977" lon="-72.42044">
        <ele>294.85</ele>
      </trkpt>
      <trkpt lat="45.06949" lon="-72.42">
        <ele>291.71</ele>
      </trkpt>
      <trkpt lat="45.06935" lon="-72.41964">
        <ele>289.56</ele>
      </trkpt>
      <trkpt lat="45.06927" lon="-72.41933">
        <ele>288.9</ele>
      </trkpt>
      <trkpt lat="45.06919" lon="-72.4187">
        <ele>286.87</ele>
      </trkpt>
      <trkpt lat="45.06919" lon="-72.41811">
        <ele>284.47</ele>
      </trkpt>
      <trkpt lat="45.0692" lon="-72.41745">
        <ele>282.56</ele>
      </trkpt>
      <trkpt lat="45.06927" lon="-72.41673">
        <ele>279.94</ele>
      </trkpt>
      <trkpt lat="45.06931" lon="-72.41606">
        <ele>278.01</ele>
      </trkpt>
      <trkpt lat="45.06928" lon="-72.41565">
        <ele>278.01</ele>
      </trkpt>
      <trkpt lat="45.06913" lon="-72.41471">
        <ele>274.21</ele>
      </trkpt>
      <trkpt lat="45.06903" lon="-72.41386">
        <ele>273.65</ele>
      </trkpt>
      <trkpt lat="45.06892" lon="-72.41342">
        <ele>273.84</ele>
      </trkpt>
      <trkpt lat="45.06845" lon="-72.41239">
        <ele>269.08</ele>
      </trkpt>
      <trkpt lat="45.06834" lon="-72.41202">
        <ele>266.19</ele>
      </trkpt>
      <trkpt lat="45.06828" lon="-72.41167">
        <ele>262.72</ele>
      </trkpt>
      <trkpt lat="45.06821" lon="-72.41095">
        <ele>259.14</ele>
      </trkpt>
      <trkpt lat="45.06808" lon="-72.41033">
        <ele>255.28</ele>
      </trkpt>
      <trkpt lat="45.0678" lon="-72.40947">
        <ele>250.57</ele>
      </trkpt>
      <trkpt lat="45.06752" lon="-72.40861">
        <ele>246.94</ele>
      </trkpt>
      <trkpt lat="45.06713" lon="-72.408">
        <ele>244.1</ele>
      </trkpt>
      <trkpt lat="45.06706" lon="-72.40796">
        <ele>244.1</ele>
      </trkpt>
      <trkpt lat="45.06647" lon="-72.40782">
        <ele>242.46</ele>
      </trkpt>
      <trkpt lat="45.0662" lon="-72.40773">
        <ele>241.74</ele>
      </trkpt>
      <trkpt lat="45.06578" lon="-72.4075">
        <ele>240.68</ele>
      </trkpt>
      <trkpt lat="45.06493" lon="-72.40715">
        <ele>239.97</ele>
      </trkpt>
      <trkpt lat="45.06454" lon="-72.40696">
        <ele>238.67</ele>
      </trkpt>
      <trkpt lat="45.06377" lon="-72.40654">
        <ele>233.77</ele>
      </trkpt>
      <trkpt lat="45.063" lon="-72.40612">
        <ele>228.59</ele>
      </trkpt>
      <trkpt lat="45.0628" lon="-72.40594">
        <ele>227.25</ele>
      </trkpt>
      <trkpt lat="45.06266" lon="-72.40576">
        <ele>226.1</ele>
      </trkpt>
      <trkpt lat="45.0624" lon="-72.40557">
        <ele>222.6</ele>
      </trkpt>
      <trkpt lat="45.06209" lon="-72.4054">
        <ele>220.82</ele>
      </trkpt>
      <trkpt lat="45.06168" lon="-72.40509">
        <ele>216.18</ele>
      </trkpt>
      <trkpt lat="45.0613" lon="-72.40464">
        <ele>211.83</ele>
      </trkpt>
      <trkpt lat="45.06103" lon="-72.40419">
        <ele>209.75</ele>
      </trkpt>
      <trkpt lat="45.06083" lon="-72.40374">
        <ele>208.51</ele>
      </trkpt>
      <trkpt lat="45.06064" lon="-72.40339">
        <ele>207.6</ele>
      </trkpt>
      <trkpt lat="45.06041" lon="-72.40308">
        <ele>207.28</ele>
      </trkpt>
      <trkpt lat="45.06007" lon="-72.40283">
        <ele>206.44</ele>
      </trkpt>
      <trkpt lat="45.05982" lon="-72.40267">
        <ele>206.14</ele>
      </trkpt>
      <trkpt lat="45.0596" lon="-72.40249">
        <ele>205.93</ele>
      </trkpt>
      <trkpt lat="45.0593" lon="-72.40209">
        <ele>205.5</ele>
      </trkpt>
      <trkpt lat="45.05877" lon="-72.40142">
        <ele>204.53</ele>
      </trkpt>
      <trkpt lat="45.05849" lon="-72.40101">
        <ele>203.93</ele>
      </trkpt>
      <trkpt lat="45.0581" lon="-72.4002">
        <ele>202.96</ele>
      </trkpt>
      <trkpt lat="45.058" lon="-72.39989">
        <ele>202.64</ele>
      </trkpt>
      <trkpt lat="45.05789" lon="-72.39927">
        <ele>201.26</ele>
      </trkpt>
      <trkpt lat="45.05778" lon="-72.39865">
        <ele>200.18</ele>
      </trkpt>
      <trkpt lat="45.05776" lon="-72.39819">
        <ele>199.74</ele>
      </trkpt>
      <trkpt lat="45.0578075" lon="-72.3970525">
        <ele>197.74</ele>
      </trkpt>
      <trkpt lat="45.057855" lon="-72.395915">
        <ele>196.68</ele>
      </trkpt>
      <trkpt lat="45.0579025" lon="-72.3947775">
        <ele>197.05</ele>
      </trkpt>
      <trkpt lat="45.05795" lon="-72.39364">
        <ele>196.28</ele>
      </trkpt>
      <trkpt lat="45.05795" lon="-72.39365">
        <ele>196.28</ele>
      </trkpt>
      <trkpt lat="45.05798" lon="-72.39304">
        <ele>195.68</ele>
      </trkpt>
      <trkpt lat="45.05798" lon="-72.39187">
        <ele>195.86</ele>
      </trkpt>
      <trkpt lat="45.058445" lon="-72.39169">
        <ele>194.03</ele>
      </trkpt>
      <trkpt lat="45.05891" lon="-72.39151">
        <ele>192.73</ele>
      </trkpt>
      <trkpt lat="45.059415" lon="-72.39135">
        <ele>191.87</ele>
      </trkpt>
      <trkpt lat="45.05992" lon="-72.39119">
        <ele>190.83</ele>
      </trkpt>
      <trkpt lat="45.0607725" lon="-72.39096">
        <ele>188.69</ele>
      </trkpt>
      <trkpt lat="45.061625" lon="-72.39073">
        <ele>184.39</ele>
      </trkpt>
      <trkpt lat="45.0624775" lon="-72.3905">
        <ele>183.41</ele>
      </trkpt>
      <trkpt lat="45.06333" lon="-72.39027">
        <ele>184.03</ele>
      </trkpt>
      <trkpt lat="45.06402" lon="-72.3901133">
        <ele>183.25</ele>
      </trkpt>
      <trkpt lat="45.06471" lon="-72.3899567">
        <ele>182.91</ele>
      </trkpt>
      <trkpt lat="45.0654" lon="-72.3898">
        <ele>185.73</ele>
      </trkpt>
      <trkpt lat="45.066" lon="-72.38967">
        <ele>187.95</ele>
      </trkpt>
      <trkpt lat="45.0666" lon="-72.38954">
        <ele>189.19</ele>
      </trkpt>
      <trkpt lat="45.06748" lon="-72.38932">
        <ele>188.82</ele>
      </trkpt>
      <trkpt lat="45.06836" lon="-72.3891">
        <ele>189.8</ele>
      </trkpt>
      <trkpt lat="45.06924" lon="-72.38888">
        <ele>191</ele>
      </trkpt>
      <trkpt lat="45.06963" lon="-72.38883">
        <ele>191.85</ele>
      </trkpt>
      <trkpt lat="45.07049" lon="-72.38875">
        <ele>192.99</ele>
      </trkpt>
      <trkpt lat="45.07086" lon="-72.38875">
        <ele>193.15</ele>
      </trkpt>
      <trkpt lat="45.07135" lon="-72.38879">
        <ele>193.3</ele>
      </trkpt>
      <trkpt lat="45.07158" lon="-72.38882">
        <ele>193.55</ele>
      </trkpt>
      <trkpt lat="45.0721733" lon="-72.3889567">
        <ele>192.6</ele>
      </trkpt>
      <trkpt lat="45.0727667" lon="-72.3890933">
        <ele>190.88</ele>
      </trkpt>
      <trkpt lat="45.07336" lon="-72.38923">
        <ele>188.69</ele>
      </trkpt>
      <trkpt lat="45.07334" lon="-72.38905">
        <ele>188.23</ele>
      </trkpt>
      <trkpt lat="45.0733" lon="-72.38896">
        <ele>188.23</ele>
      </trkpt>
      <trkpt lat="45.07324" lon="-72.38889">
        <ele>187.54</ele>
      </trkpt>
      <trkpt lat="45.07289" lon="-72.3887">
        <ele>186.05</ele>
      </trkpt>
      <trkpt lat="45.0728" lon="-72.38861">
        <ele>185.44</ele>
      </trkpt>
      <trkpt lat="45.07261" lon="-72.38813">
        <ele>183.19</ele>
      </trkpt>
      <trkpt lat="45.07259" lon="-72.38803">
        <ele>183.11</ele>
      </trkpt>
      <trkpt lat="45.07259" lon="-72.38789">
        <ele>183.04</ele>
      </trkpt>
      <trkpt lat="45.07266" lon="-72.38758">
        <ele>183.19</ele>
      </trkpt>
      <trkpt lat="45.07299" lon="-72.38702">
        <ele>183.39</ele>
      </trkpt>
      <trkpt lat="45.07339" lon="-72.38622">
        <ele>183.86</ele>
      </trkpt>
      <trkpt lat="45.07358" lon="-72.38581">
        <ele>185.31</ele>
      </trkpt>
      <trkpt lat="45.07358" lon="-72.38582">
        <ele>185.3</ele>
      </trkpt>
      <trkpt lat="45.07407" lon="-72.384755">
        <ele>188.37</ele>
      </trkpt>
      <trkpt lat="45.07456" lon="-72.38369">
        <ele>190.04</ele>
      </trkpt>
      <trkpt lat="45.07474" lon="-72.38325">
        <ele>191.24</ele>
      </trkpt>
      <trkpt lat="45.07495" lon="-72.38217">
        <ele>194.23</ele>
      </trkpt>
      <trkpt lat="45.07504" lon="-72.3819">
        <ele>194.37</ele>
      </trkpt>
      <trkpt lat="45.07515" lon="-72.38167">
        <ele>194.65</ele>
      </trkpt>
      <trkpt lat="45.07562" lon="-72.38091">
        <ele>197.07</ele>
      </trkpt>
      <trkpt lat="45.07583" lon="-72.38041">
        <ele>197.71</ele>
      </trkpt>
      <trkpt lat="45.07613" lon="-72.37984">
        <ele>197.58</ele>
      </trkpt>
      <trkpt lat="45.07632" lon="-72.37943">
        <ele>198.5</ele>
      </trkpt>
      <trkpt lat="45.07648" lon="-72.37916">
        <ele>198.34</ele>
      </trkpt>
      <trkpt lat="45.07662" lon="-72.37882">
        <ele>197.43</ele>
      </trkpt>
      <trkpt lat="45.07673" lon="-72.37849">
        <ele>196.77</ele>
      </trkpt>
      <trkpt lat="45.076925" lon="-72.377285">
        <ele>199.12</ele>
      </trkpt>
      <trkpt lat="45.07712" lon="-72.37608">
        <ele>199.42</ele>
      </trkpt>
      <trkpt lat="45.07715" lon="-72.37572">
        <ele>199.76</ele>
      </trkpt>
      <trkpt lat="45.077175" lon="-72.374895">
        <ele>200.95</ele>
      </trkpt>
      <trkpt lat="45.0772" lon="-72.37407">
        <ele>201.19</ele>
      </trkpt>
      <trkpt lat="45.07724" lon="-72.3737">
        <ele>202.24</ele>
      </trkpt>
      <trkpt lat="45.07737" lon="-72.37321">
        <ele>204.76</ele>
      </trkpt>
      <trkpt lat="45.07765" lon="-72.37258">
        <ele>207.02</ele>
      </trkpt>
      <trkpt lat="45.07786" lon="-72.37228">
        <ele>207.57</ele>
      </trkpt>
      <trkpt lat="45.07835" lon="-72.37169">
        <ele>210.92</ele>
      </trkpt>
      <trkpt lat="45.07848" lon="-72.37147">
        <ele>213.33</ele>
      </trkpt>
      <trkpt lat="45.07853" lon="-72.37133">
        <ele>214.64</ele>
      </trkpt>
      <trkpt lat="45.07852" lon="-72.37066">
        <ele>218.77</ele>
      </trkpt>
      <trkpt lat="45.07854" lon="-72.37035">
        <ele>221.48</ele>
      </trkpt>
      <trkpt lat="45.07868" lon="-72.36919">
        <ele>229.45</ele>
      </trkpt>
      <trkpt lat="45.07878" lon="-72.36887">
        <ele>231.19</ele>
      </trkpt>
      <trkpt lat="45.07885" lon="-72.36878">
        <ele>231.49</ele>
      </trkpt>
      <trkpt lat="45.07898" lon="-72.36868">
        <ele>231.83</ele>
      </trkpt>
      <trkpt lat="45.07952" lon="-72.36841">
        <ele>233.38</ele>
      </trkpt>
      <trkpt lat="45.0801" lon="-72.36793">
        <ele>237.08</ele>
      </trkpt>
      <trkpt lat="45.08044" lon="-72.3676">
        <ele>238.41</ele>
      </trkpt>
      <trkpt lat="45.08109" lon="-72.36691">
        <ele>242.79</ele>
      </trkpt>
      <trkpt lat="45.08165" lon="-72.366235">
        <ele>245.52</ele>
      </trkpt>
      <trkpt lat="45.08221" lon="-72.36556">
        <ele>248.79</ele>
      </trkpt>
      <trkpt lat="45.08252" lon="-72.36529">
        <ele>249.85</ele>
      </trkpt>
      <trkpt lat="45.08294" lon="-72.36474">
        <ele>250.26</ele>
      </trkpt>
      <trkpt lat="45.08325" lon="-72.36417">
        <ele>250.39</ele>
      </trkpt>
      <trkpt lat="45.08336" lon="-72.36381">
        <ele>251.27</ele>
      </trkpt>
      <trkpt lat="45.08348" lon="-72.36319">
        <ele>252.86</ele>
      </trkpt>
      <trkpt lat="45.08368" lon="-72.36255">
        <ele>256.45</ele>
      </trkpt>
      <trkpt lat="45.08385" lon="-72.3621">
        <ele>259.43</ele>
      </trkpt>
      <trkpt lat="45.084" lon="-72.3618">
        <ele>260.96</ele>
      </trkpt>
      <trkpt lat="45.08427" lon="-72.36143">
        <ele>261.55</ele>
      </trkpt>
      <trkpt lat="45.08457" lon="-72.36108">
        <ele>261.24</ele>
      </trkpt>
      <trkpt lat="45.08474" lon="-72.36094">
        <ele>261.21</ele>
      </trkpt>
      <trkpt lat="45.08494" lon="-72.3608">
        <ele>261.22</ele>
      </trkpt>
      <trkpt lat="45.08537" lon="-72.36018">
        <ele>262.55</ele>
      </trkpt>
      <trkpt lat="45.0858" lon="-72.35956">
        <ele>265.31</ele>
      </trkpt>
      <trkpt lat="45.08593" lon="-72.35933">
        <ele>266.03</ele>
      </trkpt>
      <trkpt lat="45.08604" lon="-72.35906">
        <ele>267.19</ele>
      </trkpt>
      <trkpt lat="45.08624" lon="-72.35846">
        <ele>268.7</ele>
      </trkpt>
      <trkpt lat="45.08645" lon="-72.35794">
        <ele>271.62</ele>
      </trkpt>
      <trkpt lat="45.08671" lon="-72.35756">
        <ele>273.82</ele>
      </trkpt>
      <trkpt lat="45.08712" lon="-72.35788">
        <ele>273.21</ele>
      </trkpt>
      <trkpt lat="45.08753" lon="-72.3582">
        <ele>272.39</ele>
      </trkpt>
      <trkpt lat="45.08753" lon="-72.3582">
        <ele>272.38</ele>
      </trkpt>
      <trkpt lat="45.08787" lon="-72.35839">
        <ele>272.49</ele>
      </trkpt>
      <trkpt lat="45.08798" lon="-72.35839">
        <ele>272.78</ele>
      </trkpt>
      <trkpt lat="45.08825" lon="-72.35839">
        <ele>274</ele>
      </trkpt>
      <trkpt lat="45.08896" lon="-72.35821">
        <ele>274.24</ele>
      </trkpt>
      <trkpt lat="45.08922" lon="-72.35817">
        <ele>273.37</ele>
      </trkpt>
      <trkpt lat="45.08952" lon="-72.35818">
        <ele>271.16</ele>
      </trkpt>
      <trkpt lat="45.09028" lon="-72.35817">
        <ele>268.79</ele>
      </trkpt>
      <trkpt lat="45.09043" lon="-72.35821">
        <ele>268.71</ele>
      </trkpt>
      <trkpt lat="45.091085" lon="-72.35848">
        <ele>265.67</ele>
      </trkpt>
      <trkpt lat="45.09174" lon="-72.35875">
        <ele>262.93</ele>
      </trkpt>
      <trkpt lat="45.09237" lon="-72.35897">
        <ele>261.49</ele>
      </trkpt>
      <trkpt lat="45.09299" lon="-72.35928">
        <ele>255.5</ele>
      </trkpt>
      <trkpt lat="45.093515" lon="-72.35944">
        <ele>253.08</ele>
      </trkpt>
      <trkpt lat="45.09404" lon="-72.3596">
        <ele>249.9</ele>
      </trkpt>
      <trkpt lat="45.0945" lon="-72.35978">
        <ele>249.16</ele>
      </trkpt>
      <trkpt lat="45.09502" lon="-72.360025">
        <ele>249.13</ele>
      </trkpt>
      <trkpt lat="45.09554" lon="-72.36027">
        <ele>248.46</ele>
      </trkpt>
      <trkpt lat="45.09626" lon="-72.36067">
        <ele>247.46</ele>
      </trkpt>
      <trkpt lat="45.09694" lon="-72.361075">
        <ele>246.97</ele>
      </trkpt>
      <trkpt lat="45.09762" lon="-72.36148">
        <ele>245.3</ele>
      </trkpt>
      <trkpt lat="45.0981867" lon="-72.3617767">
        <ele>243.83</ele>
      </trkpt>
      <trkpt lat="45.0987533" lon="-72.3620733">
        <ele>242.54</ele>
      </trkpt>
      <trkpt lat="45.09932" lon="-72.36237">
        <ele>239.27</ele>
      </trkpt>
      <trkpt lat="45.09994" lon="-72.3626">
        <ele>236.41</ele>
      </trkpt>
      <trkpt lat="45.1004" lon="-72.36278">
        <ele>233.73</ele>
      </trkpt>
      <trkpt lat="45.10082" lon="-72.36291">
        <ele>229.07</ele>
      </trkpt>
      <trkpt lat="45.10096" lon="-72.36292">
        <ele>226.59</ele>
      </trkpt>
      <trkpt lat="45.10184" lon="-72.36291">
        <ele>222.28</ele>
      </trkpt>
      <trkpt lat="45.10206" lon="-72.36286">
        <ele>224.46</ele>
      </trkpt>
      <trkpt lat="45.10249" lon="-72.36271">
        <ele>230.66</ele>
      </trkpt>
      <trkpt lat="45.1031825" lon="-72.362535">
        <ele>238.34</ele>
      </trkpt>
      <trkpt lat="45.103875" lon="-72.36236">
        <ele>245.27</ele>
      </trkpt>
      <trkpt lat="45.1045675" lon="-72.362185">
        <ele>252.13</ele>
      </trkpt>
      <trkpt lat="45.10526" lon="-72.36201">
        <ele>255.96</ele>
      </trkpt>
      <trkpt lat="45.10597" lon="-72.36184">
        <ele>256.77</ele>
      </trkpt>
      <trkpt lat="45.10672" lon="-72.361595">
        <ele>260.69</ele>
      </trkpt>
      <trkpt lat="45.10747" lon="-72.36135">
        <ele>268.12</ele>
      </trkpt>
      <trkpt lat="45.10767" lon="-72.36126">
        <ele>269.51</ele>
      </trkpt>
      <trkpt lat="45.108" lon="-72.36101">
        <ele>269.53</ele>
      </trkpt>
      <trkpt lat="45.10819" lon="-72.36085">
        <ele>269.92</ele>
      </trkpt>
      <trkpt lat="45.10882" lon="-72.36027">
        <ele>271.6</ele>
      </trkpt>
      <trkpt lat="45.10929" lon="-72.35977">
        <ele>272.6</ele>
      </trkpt>
      <trkpt lat="45.10992" lon="-72.35929">
        <ele>274.54</ele>
      </trkpt>
      <trkpt lat="45.1103" lon="-72.35915">
        <ele>275.61</ele>
      </trkpt>
      <trkpt lat="45.111" lon="-72.35902">
        <ele>279.15</ele>
      </trkpt>
      <trkpt lat="45.1117" lon="-72.35889">
        <ele>279.86</ele>
      </trkpt>
      <trkpt lat="45.112" lon="-72.35883">
        <ele>280.96</ele>
      </trkpt>
      <trkpt lat="45.11248" lon="-72.35866">
        <ele>285.64</ele>
      </trkpt>
      <trkpt lat="45.113055" lon="-72.35855">
        <ele>290.72</ele>
      </trkpt>
      <trkpt lat="45.11363" lon="-72.35844">
        <ele>293.71</ele>
      </trkpt>
      <trkpt lat="45.11449" lon="-72.35835">
        <ele>293.69</ele>
      </trkpt>
      <trkpt lat="45.11535" lon="-72.35817">
        <ele>295.8</ele>
      </trkpt>
      <trkpt lat="45.116145" lon="-72.3581">
        <ele>297.15</ele>
      </trkpt>
      <trkpt lat="45.11694" lon="-72.35803">
        <ele>295.53</ele>
      </trkpt>
      <trkpt lat="45.1175533" lon="-72.3579867">
        <ele>296.74</ele>
      </trkpt>
      <trkpt lat="45.1181667" lon="-72.3579433">
        <ele>298.62</ele>
      </trkpt>
      <trkpt lat="45.11878" lon="-72.3579">
        <ele>301.92</ele>
      </trkpt>
      <trkpt lat="45.119255" lon="-72.3579">
        <ele>300.68</ele>
      </trkpt>
      <trkpt lat="45.11973" lon="-72.3579">
        <ele>297.29</ele>
      </trkpt>
      <trkpt lat="45.12026" lon="-72.357875">
        <ele>295.87</ele>
      </trkpt>
      <trkpt lat="45.12079" lon="-72.35785">
        <ele>293.18</ele>
      </trkpt>
      <trkpt lat="45.121285" lon="-72.35785">
        <ele>292.04</ele>
      </trkpt>
      <trkpt lat="45.12178" lon="-72.35785">
        <ele>288.3</ele>
      </trkpt>
      <trkpt lat="45.122285" lon="-72.35787">
        <ele>285.64</ele>
      </trkpt>
      <trkpt lat="45.12279" lon="-72.35789">
        <ele>284.47</ele>
      </trkpt>
      <trkpt lat="45.1235" lon="-72.35794">
        <ele>281.79</ele>
      </trkpt>
      <trkpt lat="45.1235" lon="-72.35794">
        <ele>281.79</ele>
      </trkpt>
      <trkpt lat="45.12425" lon="-72.35799">
        <ele>278.66</ele>
      </trkpt>
      <trkpt lat="45.125" lon="-72.35804">
        <ele>276.37</ele>
      </trkpt>
      <trkpt lat="45.125826" lon="-72.358128">
        <ele>273.3</ele>
      </trkpt>
      <trkpt lat="45.126652" lon="-72.358216">
        <ele>270.78</ele>
      </trkpt>
      <trkpt lat="45.127478" lon="-72.358304">
        <ele>267.93</ele>
      </trkpt>
      <trkpt lat="45.128304" lon="-72.358392">
        <ele>266.02</ele>
      </trkpt>
      <trkpt lat="45.12913" lon="-72.35848">
        <ele>264.88</ele>
      </trkpt>
      <trkpt lat="45.12939" lon="-72.35844">
        <ele>264.05</ele>
      </trkpt>
      <trkpt lat="45.1301" lon="-72.35839">
        <ele>258.61</ele>
      </trkpt>
      <trkpt lat="45.13062" lon="-72.358325">
        <ele>256.59</ele>
      </trkpt>
      <trkpt lat="45.13114" lon="-72.35826">
        <ele>255.61</ele>
      </trkpt>
      <trkpt lat="45.131645" lon="-72.358215">
        <ele>254.91</ele>
      </trkpt>
      <trkpt lat="45.13215" lon="-72.35817">
        <ele>255.23</ele>
      </trkpt>
      <trkpt lat="45.13245" lon="-72.35818">
        <ele>255.29</ele>
      </trkpt>
      <trkpt lat="45.13309" lon="-72.35867">
        <ele>252.8</ele>
      </trkpt>
      <trkpt lat="45.13322" lon="-72.35883">
        <ele>251.68</ele>
      </trkpt>
      <trkpt lat="45.13349" lon="-72.35902">
        <ele>250.92</ele>
      </trkpt>
      <trkpt lat="45.13384" lon="-72.35911">
        <ele>249.49</ele>
      </trkpt>
      <trkpt lat="45.13429" lon="-72.35919">
        <ele>248.8</ele>
      </trkpt>
      <trkpt lat="45.13511" lon="-72.35921">
        <ele>248.77</ele>
      </trkpt>
      <trkpt lat="45.1353" lon="-72.35925">
        <ele>247.85</ele>
      </trkpt>
      <trkpt lat="45.13547" lon="-72.35933">
        <ele>246.72</ele>
      </trkpt>
      <trkpt lat="45.1359" lon="-72.35964">
        <ele>243.15</ele>
      </trkpt>
      <trkpt lat="45.13606" lon="-72.35983">
        <ele>242.16</ele>
      </trkpt>
      <trkpt lat="45.13623" lon="-72.36018">
        <ele>239.04</ele>
      </trkpt>
      <trkpt lat="45.13637" lon="-72.36032">
        <ele>237.3</ele>
      </trkpt>
      <trkpt lat="45.13643" lon="-72.36036">
        <ele>236.22</ele>
      </trkpt>
      <trkpt lat="45.13699" lon="-72.36041">
        <ele>233.32</ele>
      </trkpt>
      <trkpt lat="45.13755" lon="-72.360435">
        <ele>232.98</ele>
      </trkpt>
      <trkpt lat="45.13811" lon="-72.36046">
        <ele>231.41</ele>
      </trkpt>
      <trkpt lat="45.13871" lon="-72.3605633">
        <ele>231.95</ele>
      </trkpt>
      <trkpt lat="45.13931" lon="-72.3606667">
        <ele>233.38</ele>
      </trkpt>
      <trkpt lat="45.13991" lon="-72.36077">
        <ele>232.34</ele>
      </trkpt>
      <trkpt lat="45.1402" lon="-72.36081">
        <ele>230.93</ele>
      </trkpt>
      <trkpt lat="45.1405" lon="-72.36082">
        <ele>230.21</ele>
      </trkpt>
      <trkpt lat="45.14095" lon="-72.3609">
        <ele>228.05</ele>
      </trkpt>
      <trkpt lat="45.14132" lon="-72.36099">
        <ele>223.26</ele>
      </trkpt>
      <trkpt lat="45.14171" lon="-72.36112">
        <ele>217.87</ele>
      </trkpt>
      <trkpt lat="45.14209" lon="-72.36126">
        <ele>214.23</ele>
      </trkpt>
      <trkpt lat="45.14236" lon="-72.36139">
        <ele>211.74</ele>
      </trkpt>
      <trkpt lat="45.1429" lon="-72.36161">
        <ele>208.35</ele>
      </trkpt>
      <trkpt lat="45.14308" lon="-72.36171">
        <ele>206.84</ele>
      </trkpt>
      <trkpt lat="45.14323" lon="-72.36188">
        <ele>206.44</ele>
      </trkpt>
      <trkpt lat="45.14331" lon="-72.36202">
        <ele>206.31</ele>
      </trkpt>
      <trkpt lat="45.14338" lon="-72.36233">
        <ele>206.17</ele>
      </trkpt>
      <trkpt lat="45.14336" lon="-72.36255">
        <ele>206.23</ele>
      </trkpt>
      <trkpt lat="45.1433" lon="-72.36277">
        <ele>206.24</ele>
      </trkpt>
      <trkpt lat="45.1432" lon="-72.36296">
        <ele>206.22</ele>
      </trkpt>
      <trkpt lat="45.1428633" lon="-72.3638233">
        <ele>206.14</ele>
      </trkpt>
      <trkpt lat="45.1425267" lon="-72.3646867">
        <ele>206.45</ele>
      </trkpt>
      <trkpt lat="45.14219" lon="-72.36555">
        <ele>205.53</ele>
      </trkpt>
      <trkpt lat="45.14214" lon="-72.36578">
        <ele>204.44</ele>
      </trkpt>
      <trkpt lat="45.1422" lon="-72.36632">
        <ele>201.78</ele>
      </trkpt>
      <trkpt lat="45.14221" lon="-72.36655">
        <ele>201.19</ele>
      </trkpt>
      <trkpt lat="45.14218" lon="-72.36767">
        <ele>191.39</ele>
      </trkpt>
      <trkpt lat="45.1423" lon="-72.36842">
        <ele>187.71</ele>
      </trkpt>
      <trkpt lat="45.1424" lon="-72.3689">
        <ele>187.78</ele>
      </trkpt>
      <trkpt lat="45.14263" lon="-72.37012">
        <ele>189.18</ele>
      </trkpt>
      <trkpt lat="45.14263" lon="-72.37012">
        <ele>189.2</ele>
      </trkpt>
      <trkpt lat="45.14267" lon="-72.37057">
        <ele>190.05</ele>
      </trkpt>
      <trkpt lat="45.14286" lon="-72.371305">
        <ele>194.1</ele>
      </trkpt>
      <trkpt lat="45.14305" lon="-72.37204">
        <ele>196.12</ele>
      </trkpt>
      <trkpt lat="45.14289" lon="-72.37217">
        <ele>194.23</ele>
      </trkpt>
      <trkpt lat="45.14246" lon="-72.37254">
        <ele>192.01</ele>
      </trkpt>
      <trkpt lat="45.14189" lon="-72.37317">
        <ele>189.85</ele>
      </trkpt>
      <trkpt lat="45.14143" lon="-72.37388">
        <ele>191.39</ele>
      </trkpt>
      <trkpt lat="45.14104" lon="-72.37464">
        <ele>194.82</ele>
      </trkpt>
      <trkpt lat="45.1406084" lon="-72.37567">
        <ele>194.12</ele>
      </trkpt>
      <trkpt lat="45.1401767" lon="-72.3767001">
        <ele>190.65</ele>
      </trkpt>
      <trkpt lat="45.139745" lon="-72.3777301">
        <ele>189.23</ele>
      </trkpt>
      <trkpt lat="45.1393134" lon="-72.3787601">
        <ele>193.43</ele>
      </trkpt>
      <trkpt lat="45.1388817" lon="-72.37979">
        <ele>196.23</ele>
      </trkpt>
      <trkpt lat="45.13845" lon="-72.38082">
        <ele>195.07</ele>
      </trkpt>
      <trkpt lat="45.13801" lon="-72.38172">
        <ele>194.8</ele>
      </trkpt>
      <trkpt lat="45.13774" lon="-72.38221">
        <ele>195.9</ele>
      </trkpt>
      <trkpt lat="45.13743" lon="-72.382705">
        <ele>199.06</ele>
      </trkpt>
      <trkpt lat="45.13712" lon="-72.3832">
        <ele>204.72</ele>
      </trkpt>
      <trkpt lat="45.13683" lon="-72.38355">
        <ele>208.37</ele>
      </trkpt>
      <trkpt lat="45.13647" lon="-72.383945">
        <ele>210.4</ele>
      </trkpt>
      <trkpt lat="45.13611" lon="-72.38434">
        <ele>210.62</ele>
      </trkpt>
      <trkpt lat="45.135445" lon="-72.385035">
        <ele>209.01</ele>
      </trkpt>
      <trkpt lat="45.13478" lon="-72.38573">
        <ele>211.24</ele>
      </trkpt>
      <trkpt lat="45.13453" lon="-72.38597">
        <ele>213.26</ele>
      </trkpt>
      <trkpt lat="45.13413" lon="-72.38624">
        <ele>214.39</ele>
      </trkpt>
      <trkpt lat="45.13389" lon="-72.38635">
        <ele>214.85</ele>
      </trkpt>
      <trkpt lat="45.13423" lon="-72.38647">
        <ele>219.34</ele>
      </trkpt>
      <trkpt lat="45.13439" lon="-72.38642">
        <ele>220.71</ele>
      </trkpt>
      <trkpt lat="45.13497" lon="-72.38637">
        <ele>222.19</ele>
      </trkpt>
      <trkpt lat="45.13584" lon="-72.38646">
        <ele>227.05</ele>
      </trkpt>
      <trkpt lat="45.13616" lon="-72.38638">
        <ele>229.63</ele>
      </trkpt>
      <trkpt lat="45.13635" lon="-72.38642">
        <ele>230.82</ele>
      </trkpt>
      <trkpt lat="45.13699" lon="-72.38624">
        <ele>233.33</ele>
      </trkpt>
      <trkpt lat="45.13721" lon="-72.38628">
        <ele>234.16</ele>
      </trkpt>
      <trkpt lat="45.13774" lon="-72.38646">
        <ele>237.24</ele>
      </trkpt>
      <trkpt lat="45.13799" lon="-72.38634">
        <ele>237.79</ele>
      </trkpt>
      <trkpt lat="45.13814" lon="-72.3862">
        <ele>238.18</ele>
      </trkpt>
      <trkpt lat="45.1382" lon="-72.38611">
        <ele>238.18</ele>
      </trkpt>
      <trkpt lat="45.13834" lon="-72.38602">
        <ele>238.31</ele>
      </trkpt>
      <trkpt lat="45.139" lon="-72.38597">
        <ele>239.49</ele>
      </trkpt>
      <trkpt lat="45.13919" lon="-72.38598">
        <ele>239.66</ele>
      </trkpt>
      <trkpt lat="45.139705" lon="-72.3861">
        <ele>241.22</ele>
      </trkpt>
      <trkpt lat="45.14022" lon="-72.38622">
        <ele>242.67</ele>
      </trkpt>
      <trkpt lat="45.14022" lon="-72.38622">
        <ele>242.64</ele>
      </trkpt>
      <trkpt lat="45.14046" lon="-72.38624">
        <ele>244.2</ele>
      </trkpt>
      <trkpt lat="45.14075" lon="-72.3862">
        <ele>244.54</ele>
      </trkpt>
      <trkpt lat="45.14121" lon="-72.3861">
        <ele>245.87</ele>
      </trkpt>
      <trkpt lat="45.14167" lon="-72.3861">
        <ele>247.99</ele>
      </trkpt>
      <trkpt lat="45.14235" lon="-72.38597">
        <ele>250.43</ele>
      </trkpt>
      <trkpt lat="45.14264" lon="-72.38588">
        <ele>248.83</ele>
      </trkpt>
      <trkpt lat="45.14311" lon="-72.38578">
        <ele>245.95</ele>
      </trkpt>
      <trkpt lat="45.14338" lon="-72.38567">
        <ele>245.18</ele>
      </trkpt>
      <trkpt lat="45.14348" lon="-72.38561">
        <ele>241.06</ele>
      </trkpt>
      <trkpt lat="45.14362" lon="-72.38562">
        <ele>241.06</ele>
      </trkpt>
      <trkpt lat="45.14374" lon="-72.38574">
        <ele>239.08</ele>
      </trkpt>
      <trkpt lat="45.14394" lon="-72.38587">
        <ele>237.8</ele>
      </trkpt>
      <trkpt lat="45.14417" lon="-72.38597">
        <ele>234.62</ele>
      </trkpt>
      <trkpt lat="45.144615" lon="-72.385725">
        <ele>230.75</ele>
      </trkpt>
      <trkpt lat="45.14506" lon="-72.38548">
        <ele>229.32</ele>
      </trkpt>
      <trkpt lat="45.14542" lon="-72.38539">
        <ele>226.37</ele>
      </trkpt>
      <trkpt lat="45.14558" lon="-72.38539">
        <ele>225.28</ele>
      </trkpt>
      <trkpt lat="45.14574" lon="-72.38535">
        <ele>224.31</ele>
      </trkpt>
      <trkpt lat="45.1459" lon="-72.38525">
        <ele>222.87</ele>
      </trkpt>
      <trkpt lat="45.14599" lon="-72.38517">
        <ele>221.65</ele>
      </trkpt>
      <trkpt lat="45.14642" lon="-72.38458">
        <ele>218.3</ele>
      </trkpt>
      <trkpt lat="45.14653" lon="-72.38458">
        <ele>218.03</ele>
      </trkpt>
      <trkpt lat="45.14704" lon="-72.38436">
        <ele>217.91</ele>
      </trkpt>
      <trkpt lat="45.14738" lon="-72.38409">
        <ele>219.82</ele>
      </trkpt>
      <trkpt lat="45.14747" lon="-72.384">
        <ele>219.82</ele>
      </trkpt>
      <trkpt lat="45.14763" lon="-72.38387">
        <ele>221.78</ele>
      </trkpt>
      <trkpt lat="45.14845" lon="-72.38392">
        <ele>225.08</ele>
      </trkpt>
      <trkpt lat="45.14864" lon="-72.38396">
        <ele>225.17</ele>
      </trkpt>
      <trkpt lat="45.14879" lon="-72.38402">
        <ele>225.01</ele>
      </trkpt>
      <trkpt lat="45.14881" lon="-72.38402">
        <ele>225.01</ele>
      </trkpt>
      <trkpt lat="45.14918" lon="-72.38409">
        <ele>223.82</ele>
      </trkpt>
      <trkpt lat="45.14927" lon="-72.38409">
        <ele>223.56</ele>
      </trkpt>
      <trkpt lat="45.14959" lon="-72.3841">
        <ele>221.19</ele>
      </trkpt>
      <trkpt lat="45.15035" lon="-72.38409">
        <ele>219.79</ele>
      </trkpt>
      <trkpt lat="45.15062" lon="-72.38419">
        <ele>219.9</ele>
      </trkpt>
      <trkpt lat="45.15074" lon="-72.38431">
        <ele>219.79</ele>
      </trkpt>
      <trkpt lat="45.15083" lon="-72.38445">
        <ele>219.87</ele>
      </trkpt>
      <trkpt lat="45.15089" lon="-72.38462">
        <ele>220.18</ele>
      </trkpt>
      <trkpt lat="45.15092" lon="-72.38472">
        <ele>220.48</ele>
      </trkpt>
      <trkpt lat="45.15098" lon="-72.38507">
        <ele>220.48</ele>
      </trkpt>
      <trkpt lat="45.15104" lon="-72.38526">
        <ele>222.11</ele>
      </trkpt>
      <trkpt lat="45.1512" lon="-72.38561">
        <ele>222.41</ele>
      </trkpt>
      <trkpt lat="45.15131" lon="-72.38566">
        <ele>222.68</ele>
      </trkpt>
      <trkpt lat="45.15153" lon="-72.38574">
        <ele>223.42</ele>
      </trkpt>
      <trkpt lat="45.15165" lon="-72.38584">
        <ele>224.02</ele>
      </trkpt>
      <trkpt lat="45.15181" lon="-72.38624">
        <ele>225.21</ele>
      </trkpt>
      <trkpt lat="45.15186" lon="-72.38646">
        <ele>226.07</ele>
      </trkpt>
      <trkpt lat="45.15186" lon="-72.3866">
        <ele>226.59</ele>
      </trkpt>
      <trkpt lat="45.15178" lon="-72.38696">
        <ele>228.42</ele>
      </trkpt>
      <trkpt lat="45.15177" lon="-72.38713">
        <ele>229.11</ele>
      </trkpt>
      <trkpt lat="45.15191" lon="-72.38754">
        <ele>231.13</ele>
      </trkpt>
      <trkpt lat="45.15199" lon="-72.38764">
        <ele>233.72</ele>
      </trkpt>
      <trkpt lat="45.15205" lon="-72.38768">
        <ele>233.72</ele>
      </trkpt>
      <trkpt lat="45.15215" lon="-72.38781">
        <ele>234.97</ele>
      </trkpt>
      <trkpt lat="45.15251" lon="-72.38807">
        <ele>237.66</ele>
      </trkpt>
      <trkpt lat="45.15271" lon="-72.38834">
        <ele>238.61</ele>
      </trkpt>
      <trkpt lat="45.15289" lon="-72.38888">
        <ele>240.21</ele>
      </trkpt>
      <trkpt lat="45.15294" lon="-72.38924">
        <ele>241.04</ele>
      </trkpt>
      <trkpt lat="45.15305" lon="-72.38959">
        <ele>240</ele>
      </trkpt>
      <trkpt lat="45.15314" lon="-72.38973">
        <ele>238.91</ele>
      </trkpt>
      <trkpt lat="45.1532" lon="-72.38978">
        <ele>238.48</ele>
      </trkpt>
      <trkpt lat="45.15334" lon="-72.38978">
        <ele>236.06</ele>
      </trkpt>
      <trkpt lat="45.15343" lon="-72.38977">
        <ele>236.06</ele>
      </trkpt>
      <trkpt lat="45.1537" lon="-72.3896">
        <ele>234.32</ele>
      </trkpt>
      <trkpt lat="45.15387" lon="-72.38955">
        <ele>234.29</ele>
      </trkpt>
      <trkpt lat="45.15393" lon="-72.38955">
        <ele>234.38</ele>
      </trkpt>
      <trkpt lat="45.15475" lon="-72.38987">
        <ele>234.26</ele>
      </trkpt>
      <trkpt lat="45.15535" lon="-72.39">
        <ele>235.18</ele>
      </trkpt>
      <trkpt lat="45.15549" lon="-72.39005">
        <ele>235.16</ele>
      </trkpt>
      <trkpt lat="45.15556" lon="-72.39013">
        <ele>235.16</ele>
      </trkpt>
      <trkpt lat="45.15565" lon="-72.39023">
        <ele>235.24</ele>
      </trkpt>
      <trkpt lat="45.15574" lon="-72.39041">
        <ele>235.21</ele>
      </trkpt>
      <trkpt lat="45.15597" lon="-72.3912">
        <ele>234.54</ele>
      </trkpt>
      <trkpt lat="45.15627" lon="-72.3921">
        <ele>231.54</ele>
      </trkpt>
      <trkpt lat="45.15648" lon="-72.39255">
        <ele>230.67</ele>
      </trkpt>
      <trkpt lat="45.15689" lon="-72.39361">
        <ele>230.52</ele>
      </trkpt>
      <trkpt lat="45.15689" lon="-72.39361">
        <ele>230.52</ele>
      </trkpt>
      <trkpt lat="45.15709" lon="-72.39407">
        <ele>230.54</ele>
      </trkpt>
      <trkpt lat="45.15721" lon="-72.39439">
        <ele>230.53</ele>
      </trkpt>
      <trkpt lat="45.1573" lon="-72.39453">
        <ele>230.59</ele>
      </trkpt>
      <trkpt lat="45.15757" lon="-72.39515">
        <ele>232.24</ele>
      </trkpt>
      <trkpt lat="45.15766" lon="-72.39529">
        <ele>232.94</ele>
      </trkpt>
      <trkpt lat="45.1577" lon="-72.39533">
        <ele>234.51</ele>
      </trkpt>
      <trkpt lat="45.15782" lon="-72.39533">
        <ele>234.88</ele>
      </trkpt>
      <trkpt lat="45.15787" lon="-72.39532">
        <ele>235.21</ele>
      </trkpt>
      <trkpt lat="45.158" lon="-72.3951">
        <ele>236.5</ele>
      </trkpt>
      <trkpt lat="45.1581" lon="-72.39462">
        <ele>237.5</ele>
      </trkpt>
      <trkpt lat="45.15816" lon="-72.39452">
        <ele>237.5</ele>
      </trkpt>
      <trkpt lat="45.15834" lon="-72.39443">
        <ele>238</ele>
      </trkpt>
      <trkpt lat="45.158855" lon="-72.39431">
        <ele>240.54</ele>
      </trkpt>
      <trkpt lat="45.15937" lon="-72.39419">
        <ele>247.07</ele>
      </trkpt>
      <trkpt lat="45.15928" lon="-72.392945">
        <ele>248.29</ele>
      </trkpt>
      <trkpt lat="45.15919" lon="-72.3917">
        <ele>249.31</ele>
      </trkpt>
      <trkpt lat="45.15919" lon="-72.3913">
        <ele>249.32</ele>
      </trkpt>
      <trkpt lat="45.15923" lon="-72.39093">
        <ele>249.44</ele>
      </trkpt>
      <trkpt lat="45.1593" lon="-72.39049">
        <ele>249.64</ele>
      </trkpt>
      <trkpt lat="45.15937" lon="-72.39018">
        <ele>249.65</ele>
      </trkpt>
      <trkpt lat="45.15961" lon="-72.38952">
        <ele>249.5</ele>
      </trkpt>
      <trkpt lat="45.1601875" lon="-72.3885675">
        <ele>248.78</ele>
      </trkpt>
      <trkpt lat="45.160765" lon="-72.387615">
        <ele>247.98</ele>
      </trkpt>
      <trkpt lat="45.1613425" lon="-72.3866625">
        <ele>247.56</ele>
      </trkpt>
      <trkpt lat="45.16192" lon="-72.38571">
        <ele>247.25</ele>
      </trkpt>
      <trkpt lat="45.16218" lon="-72.38504">
        <ele>246.44</ele>
      </trkpt>
      <trkpt lat="45.16226" lon="-72.38476">
        <ele>246.44</ele>
      </trkpt>
      <trkpt lat="45.16233" lon="-72.3844">
        <ele>246.2</ele>
      </trkpt>
      <trkpt lat="45.16239" lon="-72.38374">
        <ele>245.89</ele>
      </trkpt>
      <trkpt lat="45.162435" lon="-72.382665">
        <ele>245.48</ele>
      </trkpt>
      <trkpt lat="45.16248" lon="-72.38159">
        <ele>244.84</ele>
      </trkpt>
      <trkpt lat="45.162525" lon="-72.380515">
        <ele>244.16</ele>
      </trkpt>
      <trkpt lat="45.16257" lon="-72.37944">
        <ele>243.92</ele>
      </trkpt>
      <trkpt lat="45.16257" lon="-72.37876">
        <ele>243.08</ele>
      </trkpt>
      <trkpt lat="45.16255" lon="-72.37849">
        <ele>242.09</ele>
      </trkpt>
      <trkpt lat="45.16243" lon="-72.37791">
        <ele>239.21</ele>
      </trkpt>
      <trkpt lat="45.16223" lon="-72.37729">
        <ele>234.88</ele>
      </trkpt>
      <trkpt lat="45.161875" lon="-72.37665">
        <ele>230.31</ele>
      </trkpt>
      <trkpt lat="45.16152" lon="-72.37601">
        <ele>226.94</ele>
      </trkpt>
      <trkpt lat="45.16108" lon="-72.37526">
        <ele>224.41</ele>
      </trkpt>
      <trkpt lat="45.1608" lon="-72.37464">
        <ele>223.6</ele>
      </trkpt>
      <trkpt lat="45.16068" lon="-72.37428">
        <ele>223.51</ele>
      </trkpt>
      <trkpt lat="45.16051" lon="-72.37335">
        <ele>223.39</ele>
      </trkpt>
      <trkpt lat="45.16047" lon="-72.37223">
        <ele>223.13</ele>
      </trkpt>
      <trkpt lat="45.16043" lon="-72.37111">
        <ele>222.46</ele>
      </trkpt>
      <trkpt lat="45.1604" lon="-72.37084">
        <ele>222.41</ele>
      </trkpt>
      <trkpt lat="45.16029" lon="-72.37021">
        <ele>222.27</ele>
      </trkpt>
      <trkpt lat="45.16025" lon="-72.369">
        <ele>219.51</ele>
      </trkpt>
      <trkpt lat="45.16021" lon="-72.36779">
        <ele>209.9</ele>
      </trkpt>
      <trkpt lat="45.16017" lon="-72.36658">
        <ele>198.72</ele>
      </trkpt>
      <trkpt lat="45.16008" lon="-72.365815">
        <ele>196.14</ele>
      </trkpt>
      <trkpt lat="45.15999" lon="-72.36505">
        <ele>195.21</ele>
      </trkpt>
      <trkpt lat="45.15998" lon="-72.36471">
        <ele>195.06</ele>
      </trkpt>
      <trkpt lat="45.15998" lon="-72.36469">
        <ele>195.08</ele>
      </trkpt>
      <trkpt lat="45.15993" lon="-72.36382">
        <ele>195.05</ele>
      </trkpt>
      <trkpt lat="45.15991" lon="-72.36303">
        <ele>195.95</ele>
      </trkpt>
      <trkpt lat="45.15989" lon="-72.36224">
        <ele>199.3</ele>
      </trkpt>
      <trkpt lat="45.15995" lon="-72.36171">
        <ele>200.75</ele>
      </trkpt>
      <trkpt lat="45.16004" lon="-72.3614">
        <ele>203.86</ele>
      </trkpt>
      <trkpt lat="45.16003" lon="-72.36126">
        <ele>203.86</ele>
      </trkpt>
      <trkpt lat="45.15974" lon="-72.36064">
        <ele>212.04</ele>
      </trkpt>
      <trkpt lat="45.15956" lon="-72.36022">
        <ele>217.42</ele>
      </trkpt>
      <trkpt lat="45.15949" lon="-72.35996">
        <ele>219.79</ele>
      </trkpt>
      <trkpt lat="45.15949" lon="-72.35978">
        <ele>220.89</ele>
      </trkpt>
      <trkpt lat="45.15971" lon="-72.35901">
        <ele>224.01</ele>
      </trkpt>
      <trkpt lat="45.15972" lon="-72.35888">
        <ele>225.94</ele>
      </trkpt>
      <trkpt lat="45.15971" lon="-72.35876">
        <ele>225.94</ele>
      </trkpt>
      <trkpt lat="45.15965" lon="-72.35866">
        <ele>226.52</ele>
      </trkpt>
      <trkpt lat="45.15944" lon="-72.35835">
        <ele>227.74</ele>
      </trkpt>
      <trkpt lat="45.15915" lon="-72.35808">
        <ele>228.88</ele>
      </trkpt>
      <trkpt lat="45.15882" lon="-72.35785">
        <ele>231.56</ele>
      </trkpt>
      <trkpt lat="45.158425" lon="-72.357515">
        <ele>235.23</ele>
      </trkpt>
      <trkpt lat="45.15803" lon="-72.35718">
        <ele>238.16</ele>
      </trkpt>
      <trkpt lat="45.15763" lon="-72.35678">
        <ele>243.82</ele>
      </trkpt>
      <trkpt lat="45.1574" lon="-72.3566">
        <ele>247.06</ele>
      </trkpt>
      <trkpt lat="45.15724" lon="-72.35651">
        <ele>248.14</ele>
      </trkpt>
      <trkpt lat="45.15687" lon="-72.35637">
        <ele>250.61</ele>
      </trkpt>
      <trkpt lat="45.15669" lon="-72.35628">
        <ele>252.43</ele>
      </trkpt>
      <trkpt lat="45.15653" lon="-72.35612">
        <ele>253.86</ele>
      </trkpt>
      <trkpt lat="45.15612" lon="-72.35565">
        <ele>261.14</ele>
      </trkpt>
      <trkpt lat="45.15599" lon="-72.35544">
        <ele>262.46</ele>
      </trkpt>
      <trkpt lat="45.15588" lon="-72.35525">
        <ele>263.27</ele>
      </trkpt>
      <trkpt lat="45.15554" lon="-72.354495">
        <ele>267.76</ele>
      </trkpt>
      <trkpt lat="45.1552" lon="-72.35374">
        <ele>271.14</ele>
      </trkpt>
      <trkpt lat="45.15478" lon="-72.35292">
        <ele>272.62</ele>
      </trkpt>
      <trkpt lat="45.15457" lon="-72.35252">
        <ele>273.04</ele>
      </trkpt>
      <trkpt lat="45.15427" lon="-72.35203">
        <ele>273.97</ele>
      </trkpt>
      <trkpt lat="45.15403" lon="-72.35145">
        <ele>276.67</ele>
      </trkpt>
      <trkpt lat="45.15392" lon="-72.3511">
        <ele>277.59</ele>
      </trkpt>
      <trkpt lat="45.1537" lon="-72.35028">
        <ele>282.39</ele>
      </trkpt>
      <trkpt lat="45.15366" lon="-72.35002">
        <ele>285.25</ele>
      </trkpt>
      <trkpt lat="45.15363" lon="-72.34949">
        <ele>288.49</ele>
      </trkpt>
      <trkpt lat="45.15364" lon="-72.34894">
        <ele>293.18</ele>
      </trkpt>
      <trkpt lat="45.15369" lon="-72.34841">
        <ele>297.9</ele>
      </trkpt>
      <trkpt lat="45.15379" lon="-72.34791">
        <ele>305.24</ele>
      </trkpt>
      <trkpt lat="45.15393" lon="-72.34748">
        <ele>307.67</ele>
      </trkpt>
      <trkpt lat="45.154215" lon="-72.346965">
        <ele>312.15</ele>
      </trkpt>
      <trkpt lat="45.1545" lon="-72.34645">
        <ele>316.06</ele>
      </trkpt>
      <trkpt lat="45.15493" lon="-72.345795">
        <ele>318.83</ele>
      </trkpt>
      <trkpt lat="45.15536" lon="-72.34514">
        <ele>320.93</ele>
      </trkpt>
      <trkpt lat="45.1558875" lon="-72.3443775">
        <ele>325.15</ele>
      </trkpt>
      <trkpt lat="45.156415" lon="-72.343615">
        <ele>328</ele>
      </trkpt>
      <trkpt lat="45.1569425" lon="-72.3428525">
        <ele>330.12</ele>
      </trkpt>
      <trkpt lat="45.15747" lon="-72.34209">
        <ele>332.3</ele>
      </trkpt>
      <trkpt lat="45.15794" lon="-72.34133">
        <ele>336.52</ele>
      </trkpt>
      <trkpt lat="45.1584933" lon="-72.34038">
        <ele>340.86</ele>
      </trkpt>
      <trkpt lat="45.1590467" lon="-72.33943">
        <ele>343.53</ele>
      </trkpt>
      <trkpt lat="45.1596" lon="-72.33848">
        <ele>344.71</ele>
      </trkpt>
      <trkpt lat="45.16005" lon="-72.33767">
        <ele>345.27</ele>
      </trkpt>
      <trkpt lat="45.16027" lon="-72.33722">
        <ele>346.76</ele>
      </trkpt>
      <trkpt lat="45.160585" lon="-72.336485">
        <ele>348.58</ele>
      </trkpt>
      <trkpt lat="45.1609" lon="-72.33575">
        <ele>347.61</ele>
      </trkpt>
      <trkpt lat="45.1609" lon="-72.33576">
        <ele>347.65</ele>
      </trkpt>
      <trkpt lat="45.16104" lon="-72.33539">
        <ele>345.13</ele>
      </trkpt>
      <trkpt lat="45.16132" lon="-72.33449">
        <ele>338.09</ele>
      </trkpt>
      <trkpt lat="45.1616" lon="-72.33359">
        <ele>335.47</ele>
      </trkpt>
      <trkpt lat="45.16189" lon="-72.33275">
        <ele>335.54</ele>
      </trkpt>
      <trkpt lat="45.16212" lon="-72.33198">
        <ele>336.52</ele>
      </trkpt>
      <trkpt lat="45.16219" lon="-72.33161">
        <ele>335.6</ele>
      </trkpt>
      <trkpt lat="45.16224" lon="-72.33104">
        <ele>330.93</ele>
      </trkpt>
      <trkpt lat="45.16225" lon="-72.33054">
        <ele>328.43</ele>
      </trkpt>
      <trkpt lat="45.16224" lon="-72.329735">
        <ele>329.75</ele>
      </trkpt>
      <trkpt lat="45.16223" lon="-72.32893">
        <ele>333.24</ele>
      </trkpt>
      <trkpt lat="45.16225" lon="-72.32812">
        <ele>334.65</ele>
      </trkpt>
      <trkpt lat="45.16238" lon="-72.3271">
        <ele>331.77</ele>
      </trkpt>
      <trkpt lat="45.162455" lon="-72.325965">
        <ele>324.2</ele>
      </trkpt>
      <trkpt lat="45.16253" lon="-72.32483">
        <ele>318.82</ele>
      </trkpt>
      <trkpt lat="45.16254" lon="-72.32379">
        <ele>313.51</ele>
      </trkpt>
      <trkpt lat="45.16252" lon="-72.32347">
        <ele>311.72</ele>
      </trkpt>
      <trkpt lat="45.16246" lon="-72.32279">
        <ele>309.27</ele>
      </trkpt>
      <trkpt lat="45.16237" lon="-72.32231">
        <ele>307.92</ele>
      </trkpt>
      <trkpt lat="45.162165" lon="-72.32161">
        <ele>307.65</ele>
      </trkpt>
      <trkpt lat="45.16196" lon="-72.32091">
        <ele>308.62</ele>
      </trkpt>
      <trkpt lat="45.161765" lon="-72.320315">
        <ele>308.51</ele>
      </trkpt>
      <trkpt lat="45.16157" lon="-72.31972">
        <ele>308.49</ele>
      </trkpt>
      <trkpt lat="45.16138" lon="-72.31904">
        <ele>308.24</ele>
      </trkpt>
      <trkpt lat="45.161195" lon="-72.318215">
        <ele>307.48</ele>
      </trkpt>
      <trkpt lat="45.16101" lon="-72.31739">
        <ele>305.97</ele>
      </trkpt>
      <trkpt lat="45.16079" lon="-72.31755">
        <ele>307.23</ele>
      </trkpt>
      <trkpt lat="45.16009" lon="-72.31774">
        <ele>312.48</ele>
      </trkpt>
      <trkpt lat="45.15974" lon="-72.31774">
        <ele>315.54</ele>
      </trkpt>
      <trkpt lat="45.158925" lon="-72.3177275">
        <ele>325.26</ele>
      </trkpt>
      <trkpt lat="45.15811" lon="-72.317715">
        <ele>331.61</ele>
      </trkpt>
      <trkpt lat="45.157295" lon="-72.3177025">
        <ele>335.46</ele>
      </trkpt>
      <trkpt lat="45.15648" lon="-72.31769">
        <ele>336.09</ele>
      </trkpt>
      <trkpt lat="45.15573" lon="-72.31757">
        <ele>332.91</ele>
      </trkpt>
      <trkpt lat="45.15528" lon="-72.31743">
        <ele>333.06</ele>
      </trkpt>
      <trkpt lat="45.15483" lon="-72.31729">
        <ele>334.16</ele>
      </trkpt>
      <trkpt lat="45.15418" lon="-72.31716">
        <ele>336.17</ele>
      </trkpt>
      <trkpt lat="45.15361" lon="-72.31725">
        <ele>340.74</ele>
      </trkpt>
      <trkpt lat="45.15315" lon="-72.31738">
        <ele>344.22</ele>
      </trkpt>
      <trkpt lat="45.1526" lon="-72.31746">
        <ele>351.21</ele>
      </trkpt>
      <trkpt lat="45.15232" lon="-72.31752">
        <ele>352.38</ele>
      </trkpt>
      <trkpt lat="45.15184" lon="-72.31774">
        <ele>354.53</ele>
      </trkpt>
      <trkpt lat="45.15183" lon="-72.31774">
        <ele>354.54</ele>
      </trkpt>
      <trkpt lat="45.15104" lon="-72.3181">
        <ele>357.16</ele>
      </trkpt>
      <trkpt lat="45.15025" lon="-72.31846">
        <ele>362.8</ele>
      </trkpt>
      <trkpt lat="45.14991" lon="-72.31868">
        <ele>366.3</ele>
      </trkpt>
      <trkpt lat="45.14984" lon="-72.31872">
        <ele>367.47</ele>
      </trkpt>
      <trkpt lat="45.14969" lon="-72.31872">
        <ele>368.6</ele>
      </trkpt>
      <trkpt lat="45.14946" lon="-72.31868">
        <ele>370.32</ele>
      </trkpt>
      <trkpt lat="45.14922" lon="-72.31868">
        <ele>371.97</ele>
      </trkpt>
      <trkpt lat="45.14902" lon="-72.31872">
        <ele>373.41</ele>
      </trkpt>
      <trkpt lat="45.14847" lon="-72.31895">
        <ele>379.65</ele>
      </trkpt>
      <trkpt lat="45.14827" lon="-72.31908">
        <ele>382.79</ele>
      </trkpt>
      <trkpt lat="45.14815" lon="-72.31917">
        <ele>382.79</ele>
      </trkpt>
      <trkpt lat="45.14792" lon="-72.3194">
        <ele>385.52</ele>
      </trkpt>
      <trkpt lat="45.14784" lon="-72.31952">
        <ele>386.2</ele>
      </trkpt>
      <trkpt lat="45.14752" lon="-72.31984">
        <ele>388.62</ele>
      </trkpt>
      <trkpt lat="45.14727" lon="-72.32002">
        <ele>390.8</ele>
      </trkpt>
      <trkpt lat="45.14651" lon="-72.32038">
        <ele>392.92</ele>
      </trkpt>
      <trkpt lat="45.1457067" lon="-72.3206667">
        <ele>399.27</ele>
      </trkpt>
      <trkpt lat="45.1449033" lon="-72.3209533">
        <ele>403.8</ele>
      </trkpt>
      <trkpt lat="45.1441" lon="-72.32124">
        <ele>409.75</ele>
      </trkpt>
      <trkpt lat="45.14322" lon="-72.32141">
        <ele>414.77</ele>
      </trkpt>
      <trkpt lat="45.14255" lon="-72.32154">
        <ele>418.84</ele>
      </trkpt>
      <trkpt lat="45.14178" lon="-72.32185">
        <ele>418.82</ele>
      </trkpt>
      <trkpt lat="45.14145" lon="-72.32204">
        <ele>417.56</ele>
      </trkpt>
      <trkpt lat="45.14101" lon="-72.32243">
        <ele>414.79</ele>
      </trkpt>
      <trkpt lat="45.14064" lon="-72.32271">
        <ele>413.96</ele>
      </trkpt>
      <trkpt lat="45.14044" lon="-72.32284">
        <ele>413.33</ele>
      </trkpt>
      <trkpt lat="45.14016" lon="-72.32307">
        <ele>412.86</ele>
      </trkpt>
      <trkpt lat="45.13997" lon="-72.32325">
        <ele>412.95</ele>
      </trkpt>
      <trkpt lat="45.13943" lon="-72.32369">
        <ele>414.16</ele>
      </trkpt>
      <trkpt lat="45.1389" lon="-72.324">
        <ele>414.08</ele>
      </trkpt>
      <trkpt lat="45.13845" lon="-72.32419">
        <ele>414.37</ele>
      </trkpt>
      <trkpt lat="45.13788" lon="-72.32433">
        <ele>415.57</ele>
      </trkpt>
      <trkpt lat="45.13756" lon="-72.3244">
        <ele>415.63</ele>
      </trkpt>
      <trkpt lat="45.13686" lon="-72.32446">
        <ele>414.82</ele>
      </trkpt>
      <trkpt lat="45.13625" lon="-72.3245">
        <ele>416.88</ele>
      </trkpt>
      <trkpt lat="45.135785" lon="-72.32446">
        <ele>417.62</ele>
      </trkpt>
      <trkpt lat="45.13532" lon="-72.32442">
        <ele>416.98</ele>
      </trkpt>
      <trkpt lat="45.13492" lon="-72.32446">
        <ele>417.86</ele>
      </trkpt>
      <trkpt lat="45.13415" lon="-72.32468">
        <ele>419.96</ele>
      </trkpt>
      <trkpt lat="45.13363" lon="-72.32486">
        <ele>418.32</ele>
      </trkpt>
      <trkpt lat="45.13352" lon="-72.32495">
        <ele>417.51</ele>
      </trkpt>
      <trkpt lat="45.13333" lon="-72.32512">
        <ele>415.66</ele>
      </trkpt>
      <trkpt lat="45.13314" lon="-72.32544">
        <ele>413.73</ele>
      </trkpt>
      <trkpt lat="45.13274" lon="-72.3262">
        <ele>410.62</ele>
      </trkpt>
      <trkpt lat="45.13231" lon="-72.32692">
        <ele>406.22</ele>
      </trkpt>
      <trkpt lat="45.13192" lon="-72.32768">
        <ele>413.58</ele>
      </trkpt>
      <trkpt lat="45.131575" lon="-72.32815">
        <ele>416.37</ele>
      </trkpt>
      <trkpt lat="45.13123" lon="-72.32862">
        <ele>419.68</ele>
      </trkpt>
      <trkpt lat="45.13108" lon="-72.32898">
        <ele>421.04</ele>
      </trkpt>
      <trkpt lat="45.13096" lon="-72.32938">
        <ele>421.64</ele>
      </trkpt>
      <trkpt lat="45.13067" lon="-72.32996">
        <ele>425.19</ele>
      </trkpt>
      <trkpt lat="45.13058" lon="-72.33008">
        <ele>426.92</ele>
      </trkpt>
      <trkpt lat="45.13057" lon="-72.33008">
        <ele>426.9</ele>
      </trkpt>
      <trkpt lat="45.13047" lon="-72.33022">
        <ele>428.16</ele>
      </trkpt>
      <trkpt lat="45.13037" lon="-72.33027">
        <ele>428.99</ele>
      </trkpt>
      <trkpt lat="45.13019" lon="-72.33045">
        <ele>428.87</ele>
      </trkpt>
      <trkpt lat="45.13013" lon="-72.33054">
        <ele>428.35</ele>
      </trkpt>
      <trkpt lat="45.13006" lon="-72.33077">
        <ele>426.85</ele>
      </trkpt>
      <trkpt lat="45.12993" lon="-72.33095">
        <ele>425.51</ele>
      </trkpt>
      <trkpt lat="45.12985" lon="-72.33103">
        <ele>424.58</ele>
      </trkpt>
      <trkpt lat="45.12972" lon="-72.33108">
        <ele>422.65</ele>
      </trkpt>
      <trkpt lat="45.12952" lon="-72.33122">
        <ele>419.98</ele>
      </trkpt>
      <trkpt lat="45.1293" lon="-72.33148">
        <ele>415.89</ele>
      </trkpt>
      <trkpt lat="45.1291" lon="-72.33189">
        <ele>412.38</ele>
      </trkpt>
      <trkpt lat="45.12904" lon="-72.33207">
        <ele>408.55</ele>
      </trkpt>
      <trkpt lat="45.12897" lon="-72.33241">
        <ele>406.54</ele>
      </trkpt>
      <trkpt lat="45.12894" lon="-72.33278">
        <ele>403.41</ele>
      </trkpt>
      <trkpt lat="45.12883" lon="-72.33305">
        <ele>401.97</ele>
      </trkpt>
      <trkpt lat="45.12859" lon="-72.33327">
        <ele>401.38</ele>
      </trkpt>
      <trkpt lat="45.1282" lon="-72.33377">
        <ele>401.89</ele>
      </trkpt>
      <trkpt lat="45.12771" lon="-72.3343">
        <ele>403.2</ele>
      </trkpt>
      <trkpt lat="45.12751" lon="-72.33502">
        <ele>403.76</ele>
      </trkpt>
      <trkpt lat="45.12737" lon="-72.33539">
        <ele>403.97</ele>
      </trkpt>
      <trkpt lat="45.12727" lon="-72.3356">
        <ele>403.99</ele>
      </trkpt>
      <trkpt lat="45.12719" lon="-72.33569">
        <ele>403.99</ele>
      </trkpt>
      <trkpt lat="45.12695" lon="-72.33579">
        <ele>403.99</ele>
      </trkpt>
      <trkpt lat="45.12632" lon="-72.33579">
        <ele>405.43</ele>
      </trkpt>
      <trkpt lat="45.12591" lon="-72.33574">
        <ele>405.62</ele>
      </trkpt>
      <trkpt lat="45.12527" lon="-72.33564">
        <ele>407.11</ele>
      </trkpt>
      <trkpt lat="45.124795" lon="-72.335535">
        <ele>407.32</ele>
      </trkpt>
      <trkpt lat="45.12432" lon="-72.33543">
        <ele>406.17</ele>
      </trkpt>
      <trkpt lat="45.12367" lon="-72.33538">
        <ele>405.96</ele>
      </trkpt>
      <trkpt lat="45.12302" lon="-72.33533">
        <ele>403.79</ele>
      </trkpt>
      <trkpt lat="45.12248" lon="-72.33534">
        <ele>402.84</ele>
      </trkpt>
      <trkpt lat="45.1223" lon="-72.33533">
        <ele>402.84</ele>
      </trkpt>
      <trkpt lat="45.12207" lon="-72.33524">
        <ele>402.48</ele>
      </trkpt>
      <trkpt lat="45.121375" lon="-72.33482">
        <ele>402.45</ele>
      </trkpt>
      <trkpt lat="45.12068" lon="-72.3344">
        <ele>402.88</ele>
      </trkpt>
      <trkpt lat="45.12028" lon="-72.33426">
        <ele>402.14</ele>
      </trkpt>
      <trkpt lat="45.12006" lon="-72.33413">
        <ele>402.37</ele>
      </trkpt>
      <trkpt lat="45.11959" lon="-72.33368">
        <ele>403.47</ele>
      </trkpt>
      <trkpt lat="45.11918" lon="-72.3334">
        <ele>404.12</ele>
      </trkpt>
      <trkpt lat="45.11877" lon="-72.33312">
        <ele>404.21</ele>
      </trkpt>
      <trkpt lat="45.11823" lon="-72.33269">
        <ele>403.7</ele>
      </trkpt>
      <trkpt lat="45.11764" lon="-72.3323">
        <ele>402.55</ele>
      </trkpt>
      <trkpt lat="45.11699" lon="-72.3319">
        <ele>401.28</ele>
      </trkpt>
      <trkpt lat="45.11637" lon="-72.33154">
        <ele>399.49</ele>
      </trkpt>
      <trkpt lat="45.11617" lon="-72.33153">
        <ele>399.17</ele>
      </trkpt>
      <trkpt lat="45.11584" lon="-72.33153">
        <ele>397.51</ele>
      </trkpt>
      <trkpt lat="45.11561" lon="-72.33148">
        <ele>396.68</ele>
      </trkpt>
      <trkpt lat="45.11521" lon="-72.3313">
        <ele>395.86</ele>
      </trkpt>
      <trkpt lat="45.11448" lon="-72.3309">
        <ele>394.14</ele>
      </trkpt>
      <trkpt lat="45.11404" lon="-72.33054">
        <ele>392.56</ele>
      </trkpt>
      <trkpt lat="45.11389" lon="-72.33036">
        <ele>391.27</ele>
      </trkpt>
      <trkpt lat="45.1135" lon="-72.32978">
        <ele>389.72</ele>
      </trkpt>
      <trkpt lat="45.11311" lon="-72.3292">
        <ele>388.37</ele>
      </trkpt>
      <trkpt lat="45.11264" lon="-72.32862">
        <ele>383.59</ele>
      </trkpt>
      <trkpt lat="45.11223" lon="-72.32831">
        <ele>377.73</ele>
      </trkpt>
      <trkpt lat="45.11202" lon="-72.32817">
        <ele>376.73</ele>
      </trkpt>
      <trkpt lat="45.11183" lon="-72.32808">
        <ele>374.53</ele>
      </trkpt>
      <trkpt lat="45.11151" lon="-72.32801">
        <ele>371.12</ele>
      </trkpt>
      <trkpt lat="45.11106" lon="-72.328045">
        <ele>368.07</ele>
      </trkpt>
      <trkpt lat="45.11061" lon="-72.32808">
        <ele>367.16</ele>
      </trkpt>
      <trkpt lat="45.10988" lon="-72.32808">
        <ele>366.86</ele>
      </trkpt>
      <trkpt lat="45.10915" lon="-72.32808">
        <ele>362.86</ele>
      </trkpt>
      <trkpt lat="45.10841" lon="-72.3281267">
        <ele>362.66</ele>
      </trkpt>
      <trkpt lat="45.10767" lon="-72.3281733">
        <ele>363.54</ele>
      </trkpt>
      <trkpt lat="45.10693" lon="-72.32822">
        <ele>362.17</ele>
      </trkpt>
      <trkpt lat="45.1061163" lon="-72.3282513">
        <ele>361.32</ele>
      </trkpt>
      <trkpt lat="45.1053025" lon="-72.3282825">
        <ele>361.04</ele>
      </trkpt>
      <trkpt lat="45.1044888" lon="-72.3283138">
        <ele>362</ele>
      </trkpt>
      <trkpt lat="45.103675" lon="-72.328345">
        <ele>360.46</ele>
      </trkpt>
      <trkpt lat="45.1028613" lon="-72.3283763">
        <ele>358.87</ele>
      </trkpt>
      <trkpt lat="45.1020475" lon="-72.3284075">
        <ele>358.16</ele>
      </trkpt>
      <trkpt lat="45.1012338" lon="-72.3284388">
        <ele>357.21</ele>
      </trkpt>
      <trkpt lat="45.10042" lon="-72.32847">
        <ele>357.14</ele>
      </trkpt>
      <trkpt lat="45.10041" lon="-72.32847">
        <ele>357.13</ele>
      </trkpt>
      <trkpt lat="45.099595" lon="-72.3285">
        <ele>357.21</ele>
      </trkpt>
      <trkpt lat="45.09878" lon="-72.32853">
        <ele>358.55</ele>
      </trkpt>
      <trkpt lat="45.0982" lon="-72.328595">
        <ele>360.4</ele>
      </trkpt>
      <trkpt lat="45.09762" lon="-72.32866">
        <ele>362.75</ele>
      </trkpt>
      <trkpt lat="45.09686" lon="-72.32871">
        <ele>361.07</ele>
      </trkpt>
      <trkpt lat="45.09612" lon="-72.32866">
        <ele>362.98</ele>
      </trkpt>
      <trkpt lat="45.0958" lon="-72.32862">
        <ele>363.54</ele>
      </trkpt>
      <trkpt lat="45.095" lon="-72.32839">
        <ele>364.16</ele>
      </trkpt>
      <trkpt lat="45.09412" lon="-72.32819">
        <ele>365.45</ele>
      </trkpt>
      <trkpt lat="45.09324" lon="-72.32809">
        <ele>365.43</ele>
      </trkpt>
      <trkpt lat="45.0932225" lon="-72.3270275">
        <ele>360.32</ele>
      </trkpt>
      <trkpt lat="45.093205" lon="-72.325965">
        <ele>354.76</ele>
      </trkpt>
      <trkpt lat="45.0931875" lon="-72.3249025">
        <ele>350.33</ele>
      </trkpt>
      <trkpt lat="45.09317" lon="-72.32384">
        <ele>343.96</ele>
      </trkpt>
      <trkpt lat="45.09319" lon="-72.32337">
        <ele>341.65</ele>
      </trkpt>
      <trkpt lat="45.09327" lon="-72.32262">
        <ele>335.6</ele>
      </trkpt>
      <trkpt lat="45.09349" lon="-72.32173">
        <ele>327.73</ele>
      </trkpt>
      <trkpt lat="45.09359" lon="-72.32141">
        <ele>325.91</ele>
      </trkpt>
      <trkpt lat="45.09359" lon="-72.32124">
        <ele>323.42</ele>
      </trkpt>
      <trkpt lat="45.09345" lon="-72.32016">
        <ele>316.79</ele>
      </trkpt>
      <trkpt lat="45.0934533" lon="-72.3193033">
        <ele>312.8</ele>
      </trkpt>
      <trkpt lat="45.0934567" lon="-72.3184467">
        <ele>307.63</ele>
      </trkpt>
      <trkpt lat="45.09346" lon="-72.31759">
        <ele>304.49</ele>
      </trkpt>
      <trkpt lat="45.09348" lon="-72.31637">
        <ele>298.33</ele>
      </trkpt>
      <trkpt lat="45.0935" lon="-72.31515">
        <ele>290.21</ele>
      </trkpt>
      <trkpt lat="45.0935" lon="-72.31516">
        <ele>290.19</ele>
      </trkpt>
      <trkpt lat="45.09352" lon="-72.314275">
        <ele>287.05</ele>
      </trkpt>
      <trkpt lat="45.09354" lon="-72.31339">
        <ele>286.91</ele>
      </trkpt>
      <trkpt lat="45.0936" lon="-72.31246">
        <ele>285.76</ele>
      </trkpt>
      <trkpt lat="45.09367" lon="-72.31188">
        <ele>285.47</ele>
      </trkpt>
      <trkpt lat="45.09375" lon="-72.31152">
        <ele>285.33</ele>
      </trkpt>
      <trkpt lat="45.0941" lon="-72.31062">
        <ele>279.94</ele>
      </trkpt>
      <trkpt lat="45.09421" lon="-72.30946">
        <ele>271.85</ele>
      </trkpt>
      <trkpt lat="45.09433" lon="-72.30879">
        <ele>270.93</ele>
      </trkpt>
      <trkpt lat="45.09458" lon="-72.30767">
        <ele>273.82</ele>
      </trkpt>
      <trkpt lat="45.09475" lon="-72.30663">
        <ele>273.02</ele>
      </trkpt>
      <trkpt lat="45.0949" lon="-72.30601">
        <ele>271.96</ele>
      </trkpt>
      <trkpt lat="45.09439" lon="-72.3061">
        <ele>268.68</ele>
      </trkpt>
      <trkpt lat="45.09385" lon="-72.30611">
        <ele>265.64</ele>
      </trkpt>
      <trkpt lat="45.0931033" lon="-72.3060467">
        <ele>263.59</ele>
      </trkpt>
      <trkpt lat="45.0923567" lon="-72.3059833">
        <ele>262.23</ele>
      </trkpt>
      <trkpt lat="45.09161" lon="-72.30592">
        <ele>258.91</ele>
      </trkpt>
      <trkpt lat="45.0913" lon="-72.30588">
        <ele>257.68</ele>
      </trkpt>
      <trkpt lat="45.091" lon="-72.30579">
        <ele>256.74</ele>
      </trkpt>
      <trkpt lat="45.0903667" lon="-72.3054367">
        <ele>255.89</ele>
      </trkpt>
      <trkpt lat="45.0897333" lon="-72.3050833">
        <ele>255.23</ele>
      </trkpt>
      <trkpt lat="45.0891" lon="-72.30473">
        <ele>252.71</ele>
      </trkpt>
      <trkpt lat="45.0891" lon="-72.30473">
        <ele>252.51</ele>
      </trkpt>
      <trkpt lat="45.08864" lon="-72.30448">
        <ele>250.59</ele>
      </trkpt>
      <trkpt lat="45.08833" lon="-72.30426">
        <ele>250.59</ele>
      </trkpt>
      <trkpt lat="45.08883" lon="-72.30377">
        <ele>247.74</ele>
      </trkpt>
      <trkpt lat="45.08897" lon="-72.30364">
        <ele>247.22</ele>
      </trkpt>
      <trkpt lat="45.08897" lon="-72.30364">
        <ele>247.21</ele>
      </trkpt>
      <trkpt lat="45.08883" lon="-72.30377">
        <ele>247.74</ele>
      </trkpt>
      <trkpt lat="45.08833" lon="-72.30426">
        <ele>250.59</ele>
      </trkpt>
      <trkpt lat="45.08802" lon="-72.30404">
        <ele>250.66</ele>
      </trkpt>
      <trkpt lat="45.08767" lon="-72.30392">
        <ele>251.78</ele>
      </trkpt>
      <trkpt lat="45.08699" lon="-72.30378">
        <ele>260.93</ele>
      </trkpt>
      <trkpt lat="45.08631" lon="-72.30364">
        <ele>267.84</ele>
      </trkpt>
      <trkpt lat="45.08599" lon="-72.3035">
        <ele>271.43</ele>
      </trkpt>
      <trkpt lat="45.08574" lon="-72.30336">
        <ele>273.14</ele>
      </trkpt>
      <trkpt lat="45.08524" lon="-72.30292">
        <ele>276.96</ele>
      </trkpt>
      <trkpt lat="45.0848" lon="-72.30265">
        <ele>281.18</ele>
      </trkpt>
      <trkpt lat="45.08445" lon="-72.30248">
        <ele>284.77</ele>
      </trkpt>
      <trkpt lat="45.0836967" lon="-72.30211">
        <ele>289.65</ele>
      </trkpt>
      <trkpt lat="45.0829433" lon="-72.30174">
        <ele>291.58</ele>
      </trkpt>
      <trkpt lat="45.08219" lon="-72.30137">
        <ele>294.28</ele>
      </trkpt>
      <trkpt lat="45.08152" lon="-72.30104">
        <ele>295.3</ele>
      </trkpt>
      <trkpt lat="45.08123" lon="-72.30095">
        <ele>296.45</ele>
      </trkpt>
      <trkpt lat="45.08053" lon="-72.30086">
        <ele>298.63</ele>
      </trkpt>
      <trkpt lat="45.07984" lon="-72.30104">
        <ele>301.42</ele>
      </trkpt>
      <trkpt lat="45.07953" lon="-72.3012">
        <ele>302.33</ele>
      </trkpt>
      <trkpt lat="45.0787133" lon="-72.3016733">
        <ele>303.04</ele>
      </trkpt>
      <trkpt lat="45.0778967" lon="-72.3021467">
        <ele>304.39</ele>
      </trkpt>
      <trkpt lat="45.07708" lon="-72.30262">
        <ele>307.35</ele>
      </trkpt>
      <trkpt lat="45.07682" lon="-72.30279">
        <ele>309.33</ele>
      </trkpt>
      <trkpt lat="45.07608" lon="-72.30338">
        <ele>316</ele>
      </trkpt>
      <trkpt lat="45.07568" lon="-72.30365">
        <ele>317.89</ele>
      </trkpt>
      <trkpt lat="45.07534" lon="-72.30386">
        <ele>318.33</ele>
      </trkpt>
      <trkpt lat="45.07467" lon="-72.30408">
        <ele>317.47</ele>
      </trkpt>
      <trkpt lat="45.07422" lon="-72.30435">
        <ele>316.25</ele>
      </trkpt>
      <trkpt lat="45.073665" lon="-72.304735">
        <ele>316.18</ele>
      </trkpt>
      <trkpt lat="45.07311" lon="-72.30512">
        <ele>315.95</ele>
      </trkpt>
      <trkpt lat="45.0724175" lon="-72.30555">
        <ele>316.39</ele>
      </trkpt>
      <trkpt lat="45.071725" lon="-72.30598">
        <ele>315.87</ele>
      </trkpt>
      <trkpt lat="45.0710325" lon="-72.30641">
        <ele>315.75</ele>
      </trkpt>
      <trkpt lat="45.07034" lon="-72.30684">
        <ele>317.07</ele>
      </trkpt>
      <trkpt lat="45.06986" lon="-72.307165">
        <ele>318.77</ele>
      </trkpt>
      <trkpt lat="45.06938" lon="-72.30749">
        <ele>319.38</ele>
      </trkpt>
      <trkpt lat="45.06898" lon="-72.3078">
        <ele>320.38</ele>
      </trkpt>
      <trkpt lat="45.06837" lon="-72.308205">
        <ele>321.03</ele>
      </trkpt>
      <trkpt lat="45.06776" lon="-72.30861">
        <ele>320.93</ele>
      </trkpt>
      <trkpt lat="45.0671125" lon="-72.3089925">
        <ele>319.7</ele>
      </trkpt>
      <trkpt lat="45.066465" lon="-72.309375">
        <ele>317.87</ele>
      </trkpt>
      <trkpt lat="45.0658175" lon="-72.3097575">
        <ele>317.16</ele>
      </trkpt>
      <trkpt lat="45.06517" lon="-72.31014">
        <ele>316.76</ele>
      </trkpt>
      <trkpt lat="45.06494" lon="-72.31026">
        <ele>316.61</ele>
      </trkpt>
      <trkpt lat="45.06473" lon="-72.31035">
        <ele>316.5</ele>
      </trkpt>
      <trkpt lat="45.06407" lon="-72.31052">
        <ele>316.38</ele>
      </trkpt>
      <trkpt lat="45.063585" lon="-72.310595">
        <ele>316.69</ele>
      </trkpt>
      <trkpt lat="45.0631" lon="-72.31067">
        <ele>317.03</ele>
      </trkpt>
      <trkpt lat="45.06246" lon="-72.3108">
        <ele>316.57</ele>
      </trkpt>
      <trkpt lat="45.06187" lon="-72.31098">
        <ele>315.41</ele>
      </trkpt>
      <trkpt lat="45.06128" lon="-72.31116">
        <ele>314.52</ele>
      </trkpt>
      <trkpt lat="45.06069" lon="-72.31134">
        <ele>314.57</ele>
      </trkpt>
      <trkpt lat="45.06022" lon="-72.31147">
        <ele>314.97</ele>
      </trkpt>
      <trkpt lat="45.05983" lon="-72.31147">
        <ele>315.74</ele>
      </trkpt>
      <trkpt lat="45.05929" lon="-72.31138">
        <ele>317.54</ele>
      </trkpt>
      <trkpt lat="45.05876" lon="-72.31121">
        <ele>318.26</ele>
      </trkpt>
      <trkpt lat="45.05794" lon="-72.31105">
        <ele>318.88</ele>
      </trkpt>
      <trkpt lat="45.05795" lon="-72.31105">
        <ele>318.71</ele>
      </trkpt>
      <trkpt lat="45.05725" lon="-72.31093">
        <ele>319.13</ele>
      </trkpt>
      <trkpt lat="45.0567" lon="-72.3108">
        <ele>319.83</ele>
      </trkpt>
      <trkpt lat="45.056195" lon="-72.310595">
        <ele>320.29</ele>
      </trkpt>
      <trkpt lat="45.05569" lon="-72.31039">
        <ele>321.21</ele>
      </trkpt>
      <trkpt lat="45.05521" lon="-72.31005">
        <ele>323.95</ele>
      </trkpt>
      <trkpt lat="45.0547" lon="-72.30963">
        <ele>327.27</ele>
      </trkpt>
      <trkpt lat="45.05459" lon="-72.30955">
        <ele>327.67</ele>
      </trkpt>
      <trkpt lat="45.05435" lon="-72.3095">
        <ele>327.56</ele>
      </trkpt>
      <trkpt lat="45.05378" lon="-72.30923">
        <ele>326.76</ele>
      </trkpt>
      <trkpt lat="45.0531233" lon="-72.30885">
        <ele>327.15</ele>
      </trkpt>
      <trkpt lat="45.0524667" lon="-72.30847">
        <ele>327.54</ele>
      </trkpt>
      <trkpt lat="45.05181" lon="-72.30809">
        <ele>327.29</ele>
      </trkpt>
      <trkpt lat="45.05182" lon="-72.309085">
        <ele>319.74</ele>
      </trkpt>
      <trkpt lat="45.05183" lon="-72.31008">
        <ele>315.59</ele>
      </trkpt>
      <trkpt lat="45.051865" lon="-72.31114">
        <ele>314.01</ele>
      </trkpt>
      <trkpt lat="45.0519" lon="-72.3122">
        <ele>309.7</ele>
      </trkpt>
      <trkpt lat="45.05185" lon="-72.31308">
        <ele>305.49</ele>
      </trkpt>
      <trkpt lat="45.05168" lon="-72.31362">
        <ele>300.89</ele>
      </trkpt>
      <trkpt lat="45.0513" lon="-72.314695">
        <ele>296.73</ele>
      </trkpt>
      <trkpt lat="45.05092" lon="-72.31577">
        <ele>296.13</ele>
      </trkpt>
      <trkpt lat="45.05069" lon="-72.31646">
        <ele>294.87</ele>
      </trkpt>
      <trkpt lat="45.05046" lon="-72.31715">
        <ele>292.62</ele>
      </trkpt>
      <trkpt lat="45.05046" lon="-72.31716">
        <ele>292.61</ele>
      </trkpt>
      <trkpt lat="45.0500833" lon="-72.31828">
        <ele>293.78</ele>
      </trkpt>
      <trkpt lat="45.0497067" lon="-72.3194">
        <ele>299.46</ele>
      </trkpt>
      <trkpt lat="45.04933" lon="-72.32052">
        <ele>301.58</ele>
      </trkpt>
      <trkpt lat="45.04893" lon="-72.3216233">
        <ele>302.51</ele>
      </trkpt>
      <trkpt lat="45.04853" lon="-72.3227267">
        <ele>304.06</ele>
      </trkpt>
      <trkpt lat="45.04813" lon="-72.32383">
        <ele>305.71</ele>
      </trkpt>
      <trkpt lat="45.04797" lon="-72.32446">
        <ele>305.22</ele>
      </trkpt>
      <trkpt lat="45.04792" lon="-72.32481">
        <ele>304.95</ele>
      </trkpt>
      <trkpt lat="45.047855" lon="-72.32582">
        <ele>303.72</ele>
      </trkpt>
      <trkpt lat="45.04779" lon="-72.32683">
        <ele>300.97</ele>
      </trkpt>
      <trkpt lat="45.04775" lon="-72.32768">
        <ele>298.64</ele>
      </trkpt>
      <trkpt lat="45.04771" lon="-72.32853">
        <ele>297.71</ele>
      </trkpt>
      <trkpt lat="45.04767" lon="-72.32938">
        <ele>297.66</ele>
      </trkpt>
      <trkpt lat="45.04765" lon="-72.32956">
        <ele>297.87</ele>
      </trkpt>
      <trkpt lat="45.04757" lon="-72.32984">
        <ele>297.87</ele>
      </trkpt>
      <trkpt lat="45.04742" lon="-72.33019">
        <ele>297.69</ele>
      </trkpt>
      <trkpt lat="45.04701" lon="-72.33095">
        <ele>296.57</ele>
      </trkpt>
      <trkpt lat="45.0466" lon="-72.33171">
        <ele>296.28</ele>
      </trkpt>
      <trkpt lat="45.04614" lon="-72.332505">
        <ele>292.43</ele>
      </trkpt>
      <trkpt lat="45.04568" lon="-72.3333">
        <ele>289.94</ele>
      </trkpt>
      <trkpt lat="45.04522" lon="-72.334095">
        <ele>287.85</ele>
      </trkpt>
      <trkpt lat="45.04476" lon="-72.33489">
        <ele>285.47</ele>
      </trkpt>
      <trkpt lat="45.04437" lon="-72.33578">
        <ele>280.04</ele>
      </trkpt>
      <trkpt lat="45.04427" lon="-72.33619">
        <ele>278.5</ele>
      </trkpt>
      <trkpt lat="45.044145" lon="-72.336815">
        <ele>277.01</ele>
      </trkpt>
      <trkpt lat="45.04402" lon="-72.33744">
        <ele>276.31</ele>
      </trkpt>
      <trkpt lat="45.04394" lon="-72.33771">
        <ele>276.04</ele>
      </trkpt>
      <trkpt lat="45.04375" lon="-72.33824">
        <ele>275.12</ele>
      </trkpt>
      <trkpt lat="45.04356" lon="-72.33869">
        <ele>274.82</ele>
      </trkpt>
      <trkpt lat="45.04334" lon="-72.33909">
        <ele>274.73</ele>
      </trkpt>
      <trkpt lat="45.04321" lon="-72.33923">
        <ele>274.4</ele>
      </trkpt>
      <trkpt lat="45.04286" lon="-72.33949">
        <ele>273.37</ele>
      </trkpt>
      <trkpt lat="45.042125" lon="-72.339945">
        <ele>271.58</ele>
      </trkpt>
      <trkpt lat="45.04139" lon="-72.3404">
        <ele>268.5</ele>
      </trkpt>
      <trkpt lat="45.0407567" lon="-72.34083">
        <ele>265.04</ele>
      </trkpt>
      <trkpt lat="45.0401233" lon="-72.34126">
        <ele>263.4</ele>
      </trkpt>
      <trkpt lat="45.03949" lon="-72.34169">
        <ele>263.07</ele>
      </trkpt>
      <trkpt lat="45.03945" lon="-72.34168">
        <ele>263.07</ele>
      </trkpt>
      <trkpt lat="45.03956" lon="-72.34269">
        <ele>260.99</ele>
      </trkpt>
      <trkpt lat="45.03979" lon="-72.34388">
        <ele>256.42</ele>
      </trkpt>
      <trkpt lat="45.0401" lon="-72.3449">
        <ele>255.09</ele>
      </trkpt>
      <trkpt lat="45.0401" lon="-72.3449">
        <ele>255.09</ele>
      </trkpt>
      <trkpt lat="45.04018" lon="-72.34514">
        <ele>254.95</ele>
      </trkpt>
      <trkpt lat="45.040385" lon="-72.345945">
        <ele>253.65</ele>
      </trkpt>
      <trkpt lat="45.04059" lon="-72.34675">
        <ele>251.81</ele>
      </trkpt>
      <trkpt lat="45.0409075" lon="-72.3477025">
        <ele>247.62</ele>
      </trkpt>
      <trkpt lat="45.041225" lon="-72.348655">
        <ele>244.72</ele>
      </trkpt>
      <trkpt lat="45.0415425" lon="-72.3496075">
        <ele>240.03</ele>
      </trkpt>
      <trkpt lat="45.04186" lon="-72.35056">
        <ele>235.57</ele>
      </trkpt>
      <trkpt lat="45.04214" lon="-72.3515">
        <ele>231.56</ele>
      </trkpt>
      <trkpt lat="45.04218" lon="-72.35175">
        <ele>231</ele>
      </trkpt>
      <trkpt lat="45.041715" lon="-72.351735">
        <ele>230.2</ele>
      </trkpt>
      <trkpt lat="45.04125" lon="-72.35172">
        <ele>231.02</ele>
      </trkpt>
      <trkpt lat="45.040505" lon="-72.35172">
        <ele>233.43</ele>
      </trkpt>
      <trkpt lat="45.03976" lon="-72.35172">
        <ele>235.24</ele>
      </trkpt>
      <trkpt lat="45.039015" lon="-72.35172">
        <ele>237.58</ele>
      </trkpt>
      <trkpt lat="45.03827" lon="-72.35172">
        <ele>241.09</ele>
      </trkpt>
      <trkpt lat="45.037765" lon="-72.351745">
        <ele>242.24</ele>
      </trkpt>
      <trkpt lat="45.03726" lon="-72.35177">
        <ele>244.33</ele>
      </trkpt>
      <trkpt lat="45.03689" lon="-72.35172">
        <ele>246.25</ele>
      </trkpt>
      <trkpt lat="45.03629" lon="-72.35168">
        <ele>246.84</ele>
      </trkpt>
      <trkpt lat="45.035475" lon="-72.35168">
        <ele>246.38</ele>
      </trkpt>
      <trkpt lat="45.03466" lon="-72.35168">
        <ele>244</ele>
      </trkpt>
      <trkpt lat="45.0342" lon="-72.351705">
        <ele>242.48</ele>
      </trkpt>
      <trkpt lat="45.03374" lon="-72.35173">
        <ele>241.27</ele>
      </trkpt>
      <trkpt lat="45.033035" lon="-72.35175">
        <ele>239.49</ele>
      </trkpt>
      <trkpt lat="45.03233" lon="-72.35177">
        <ele>238.75</ele>
      </trkpt>
      <trkpt lat="45.0316567" lon="-72.35177">
        <ele>238.96</ele>
      </trkpt>
      <trkpt lat="45.0309833" lon="-72.35177">
        <ele>238.93</ele>
      </trkpt>
      <trkpt lat="45.03031" lon="-72.35177">
        <ele>239.15</ele>
      </trkpt>
      <trkpt lat="45.029785" lon="-72.35178">
        <ele>239.45</ele>
      </trkpt>
      <trkpt lat="45.02926" lon="-72.35179">
        <ele>239.61</ele>
      </trkpt>
      <trkpt lat="45.02925" lon="-72.35179">
        <ele>239.62</ele>
      </trkpt>
      <trkpt lat="45.0285425" lon="-72.3518">
        <ele>239.48</ele>
      </trkpt>
      <trkpt lat="45.027835" lon="-72.35181">
        <ele>238.23</ele>
      </trkpt>
      <trkpt lat="45.0271275" lon="-72.35182">
        <ele>235.04</ele>
      </trkpt>
      <trkpt lat="45.02642" lon="-72.35183">
        <ele>226.57</ele>
      </trkpt>
      <trkpt lat="45.02599" lon="-72.35181">
        <ele>225.81</ele>
      </trkpt>
      <trkpt lat="45.0251675" lon="-72.35185">
        <ele>227.17</ele>
      </trkpt>
      <trkpt lat="45.024345" lon="-72.35189">
        <ele>234.17</ele>
      </trkpt>
      <trkpt lat="45.0235225" lon="-72.35193">
        <ele>237.83</ele>
      </trkpt>
      <trkpt lat="45.0227" lon="-72.35197">
        <ele>238.2</ele>
      </trkpt>
      <trkpt lat="45.02186" lon="-72.35204">
        <ele>237.32</ele>
      </trkpt>
      <trkpt lat="45.02121" lon="-72.35208">
        <ele>238.83</ele>
      </trkpt>
      <trkpt lat="45.02108" lon="-72.35211">
        <ele>239.1</ele>
      </trkpt>
      <trkpt lat="45.02092" lon="-72.35235">
        <ele>238.06</ele>
      </trkpt>
      <trkpt lat="45.020525" lon="-72.35319">
        <ele>236.91</ele>
      </trkpt>
      <trkpt lat="45.02013" lon="-72.35403">
        <ele>236.72</ele>
      </trkpt>
      <trkpt lat="45.0196467" lon="-72.3550967">
        <ele>232.21</ele>
      </trkpt>
      <trkpt lat="45.0191633" lon="-72.3561634">
        <ele>226.45</ele>
      </trkpt>
      <trkpt lat="45.01868" lon="-72.35723">
        <ele>218.35</ele>
      </trkpt>
      <trkpt lat="45.01821" lon="-72.3582025">
        <ele>214.25</ele>
      </trkpt>
      <trkpt lat="45.01774" lon="-72.359175">
        <ele>211.29</ele>
      </trkpt>
      <trkpt lat="45.01727" lon="-72.3601475">
        <ele>207.6</ele>
      </trkpt>
      <trkpt lat="45.0168" lon="-72.36112">
        <ele>204.54</ele>
      </trkpt>
      <trkpt lat="45.0163833" lon="-72.3620167">
        <ele>200.58</ele>
      </trkpt>
      <trkpt lat="45.0159667" lon="-72.3629133">
        <ele>197.04</ele>
      </trkpt>
      <trkpt lat="45.01555" lon="-72.36381">
        <ele>194.38</ele>
      </trkpt>
      <trkpt lat="45.01548" lon="-72.36425">
        <ele>193.41</ele>
      </trkpt>
      <trkpt lat="45.01543" lon="-72.36525">
        <ele>192.62</ele>
      </trkpt>
      <trkpt lat="45.01543" lon="-72.36627">
        <ele>191.78</ele>
      </trkpt>
      <trkpt lat="45.01537" lon="-72.36658">
        <ele>191.66</ele>
      </trkpt>
      <trkpt lat="45.0152" lon="-72.36712">
        <ele>191.46</ele>
      </trkpt>
      <trkpt lat="45.01505" lon="-72.36748">
        <ele>191.28</ele>
      </trkpt>
      <trkpt lat="45.01488" lon="-72.36778">
        <ele>190.62</ele>
      </trkpt>
      <trkpt lat="45.01488" lon="-72.36779">
        <ele>190.62</ele>
      </trkpt>
      <trkpt lat="45.01438" lon="-72.3687">
        <ele>189.87</ele>
      </trkpt>
      <trkpt lat="45.01422" lon="-72.36905">
        <ele>189.05</ele>
      </trkpt>
      <trkpt lat="45.01406" lon="-72.36958">
        <ele>188.71</ele>
      </trkpt>
      <trkpt lat="45.01395" lon="-72.37029">
        <ele>188.21</ele>
      </trkpt>
      <trkpt lat="45.01385" lon="-72.37066">
        <ele>187.68</ele>
      </trkpt>
      <trkpt lat="45.013565" lon="-72.3716">
        <ele>186</ele>
      </trkpt>
      <trkpt lat="45.01328" lon="-72.37254">
        <ele>187.6</ele>
      </trkpt>
      <trkpt lat="45.013" lon="-72.37311">
        <ele>187.28</ele>
      </trkpt>
      <trkpt lat="45.01277" lon="-72.37348">
        <ele>184.22</ele>
      </trkpt>
      <trkpt lat="45.01255" lon="-72.37375">
        <ele>182.54</ele>
      </trkpt>
      <trkpt lat="45.01239" lon="-72.37389">
        <ele>179.97</ele>
      </trkpt>
      <trkpt lat="45.01225" lon="-72.37414">
        <ele>176.9</ele>
      </trkpt>
      <trkpt lat="45.01221" lon="-72.37424">
        <ele>175.94</ele>
      </trkpt>
      <trkpt lat="45.01221" lon="-72.37453">
        <ele>174.51</ele>
      </trkpt>
      <trkpt lat="45.01231" lon="-72.37491">
        <ele>174.59</ele>
      </trkpt>
      <trkpt lat="45.0125" lon="-72.37536">
        <ele>175.21</ele>
      </trkpt>
      <trkpt lat="45.01268" lon="-72.37563">
        <ele>175.77</ele>
      </trkpt>
      <trkpt lat="45.01278" lon="-72.37571">
        <ele>176.64</ele>
      </trkpt>
      <trkpt lat="45.0129" lon="-72.37576">
        <ele>177.06</ele>
      </trkpt>
      <trkpt lat="45.01316" lon="-72.37585">
        <ele>177.52</ele>
      </trkpt>
      <trkpt lat="45.01351" lon="-72.37589">
        <ele>177.32</ele>
      </trkpt>
      <trkpt lat="45.01425" lon="-72.37572">
        <ele>175.36</ele>
      </trkpt>
      <trkpt lat="45.01506" lon="-72.37563">
        <ele>181.71</ele>
      </trkpt>
      <trkpt lat="45.01545" lon="-72.37563">
        <ele>185.31</ele>
      </trkpt>
      <trkpt lat="45.01565" lon="-72.37568">
        <ele>186</ele>
      </trkpt>
      <trkpt lat="45.01613" lon="-72.3759">
        <ele>189.9</ele>
      </trkpt>
      <trkpt lat="45.01681" lon="-72.37631">
        <ele>191.58</ele>
      </trkpt>
      <trkpt lat="45.01754" lon="-72.37693">
        <ele>190.86</ele>
      </trkpt>
      <trkpt lat="45.01777" lon="-72.37706">
        <ele>190.34</ele>
      </trkpt>
      <trkpt lat="45.01858" lon="-72.3776">
        <ele>187.98</ele>
      </trkpt>
      <trkpt lat="45.01939" lon="-72.37814">
        <ele>189.55</ele>
      </trkpt>
      <trkpt lat="45.01996" lon="-72.37858">
        <ele>191.33</ele>
      </trkpt>
      <trkpt lat="45.02053" lon="-72.37902">
        <ele>190.17</ele>
      </trkpt>
      <trkpt lat="45.02099" lon="-72.379495">
        <ele>190.13</ele>
      </trkpt>
      <trkpt lat="45.02145" lon="-72.37997">
        <ele>190.88</ele>
      </trkpt>
      <trkpt lat="45.02188" lon="-72.38036">
        <ele>192.39</ele>
      </trkpt>
      <trkpt lat="45.02222" lon="-72.3806">
        <ele>192.55</ele>
      </trkpt>
      <trkpt lat="45.02272" lon="-72.38083">
        <ele>193.28</ele>
      </trkpt>
      <trkpt lat="45.02289" lon="-72.3809">
        <ele>193.99</ele>
      </trkpt>
      <trkpt lat="45.02312" lon="-72.38089">
        <ele>194.51</ele>
      </trkpt>
      <trkpt lat="45.02361" lon="-72.38092">
        <ele>194.23</ele>
      </trkpt>
      <trkpt lat="45.02392" lon="-72.381">
        <ele>194.94</ele>
      </trkpt>
      <trkpt lat="45.024385" lon="-72.38123">
        <ele>196.09</ele>
      </trkpt>
      <trkpt lat="45.02485" lon="-72.38146">
        <ele>196.09</ele>
      </trkpt>
      <trkpt lat="45.02515" lon="-72.38172">
        <ele>195.93</ele>
      </trkpt>
      <trkpt lat="45.0253" lon="-72.38189">
        <ele>195.98</ele>
      </trkpt>
      <trkpt lat="45.02571" lon="-72.38221">
        <ele>196.72</ele>
      </trkpt>
      <trkpt lat="45.026235" lon="-72.3825">
        <ele>197.63</ele>
      </trkpt>
      <trkpt lat="45.02676" lon="-72.38279">
        <ele>197.73</ele>
      </trkpt>
      <trkpt lat="45.027205" lon="-72.382945">
        <ele>197.41</ele>
      </trkpt>
      <trkpt lat="45.02765" lon="-72.3831">
        <ele>198.49</ele>
      </trkpt>
      <trkpt lat="45.02811" lon="-72.3832">
        <ele>198.97</ele>
      </trkpt>
      <trkpt lat="45.02857" lon="-72.3833">
        <ele>198.66</ele>
      </trkpt>
      <trkpt lat="45.02854" lon="-72.38418">
        <ele>192.84</ele>
      </trkpt>
      <trkpt lat="45.02852" lon="-72.38502">
        <ele>190.17</ele>
      </trkpt>
      <trkpt lat="45.02852" lon="-72.38503">
        <ele>190.16</ele>
      </trkpt>
      <trkpt lat="45.02851" lon="-72.385965">
        <ele>188.27</ele>
      </trkpt>
      <trkpt lat="45.0285" lon="-72.3869">
        <ele>187.76</ele>
      </trkpt>
      <trkpt lat="45.02849" lon="-72.38709">
        <ele>187.49</ele>
      </trkpt>
      <trkpt lat="45.02825" lon="-72.3881775">
        <ele>186.32</ele>
      </trkpt>
      <trkpt lat="45.02801" lon="-72.389265">
        <ele>186.6</ele>
      </trkpt>
      <trkpt lat="45.02777" lon="-72.3903525">
        <ele>186.38</ele>
      </trkpt>
      <trkpt lat="45.02753" lon="-72.39144">
        <ele>185.99</ele>
      </trkpt>
      <trkpt lat="45.02751" lon="-72.39206">
        <ele>185.7</ele>
      </trkpt>
      <trkpt lat="45.0275567" lon="-72.3933133">
        <ele>185.28</ele>
      </trkpt>
      <trkpt lat="45.0276033" lon="-72.3945667">
        <ele>184.48</ele>
      </trkpt>
      <trkpt lat="45.02765" lon="-72.39582">
        <ele>185.51</ele>
      </trkpt>
      <trkpt lat="45.02766" lon="-72.39636">
        <ele>186.06</ele>
      </trkpt>
      <trkpt lat="45.027555" lon="-72.39698">
        <ele>185.97</ele>
      </trkpt>
      <trkpt lat="45.02745" lon="-72.3976">
        <ele>185.76</ele>
      </trkpt>
      <trkpt lat="45.0273133" lon="-72.3987067">
        <ele>185.24</ele>
      </trkpt>
      <trkpt lat="45.0271767" lon="-72.3998133">
        <ele>184.19</ele>
      </trkpt>
      <trkpt lat="45.02704" lon="-72.40092">
        <ele>183.73</ele>
      </trkpt>
      <trkpt lat="45.02694" lon="-72.40184">
        <ele>184.19</ele>
      </trkpt>
      <trkpt lat="45.02684" lon="-72.40276">
        <ele>184.28</ele>
      </trkpt>
      <trkpt lat="45.0268" lon="-72.40374">
        <ele>183.81</ele>
      </trkpt>
      <trkpt lat="45.0267" lon="-72.40486">
        <ele>182.99</ele>
      </trkpt>
      <trkpt lat="45.0265375" lon="-72.4060375">
        <ele>183.44</ele>
      </trkpt>
      <trkpt lat="45.026375" lon="-72.407215">
        <ele>183.74</ele>
      </trkpt>
      <trkpt lat="45.0262125" lon="-72.4083925">
        <ele>182.51</ele>
      </trkpt>
      <trkpt lat="45.02605" lon="-72.40957">
        <ele>183.86</ele>
      </trkpt>
      <trkpt lat="45.025935" lon="-72.41076">
        <ele>183.92</ele>
      </trkpt>
      <trkpt lat="45.02582" lon="-72.41195">
        <ele>183.65</ele>
      </trkpt>
      <trkpt lat="45.02575" lon="-72.412795">
        <ele>183.76</ele>
      </trkpt>
      <trkpt lat="45.02568" lon="-72.41364">
        <ele>183.98</ele>
      </trkpt>
      <trkpt lat="45.02568" lon="-72.41431">
        <ele>183.51</ele>
      </trkpt>
      <trkpt lat="45.02573" lon="-72.41462">
        <ele>183.03</ele>
      </trkpt>
      <trkpt lat="45.02594" lon="-72.4155733">
        <ele>183.07</ele>
      </trkpt>
      <trkpt lat="45.02615" lon="-72.4165267">
        <ele>183.33</ele>
      </trkpt>
      <trkpt lat="45.02636" lon="-72.41748">
        <ele>183.68</ele>
      </trkpt>
      <trkpt lat="45.02641" lon="-72.41807">
        <ele>183.99</ele>
      </trkpt>
      <trkpt lat="45.026515" lon="-72.41905">
        <ele>183.85</ele>
      </trkpt>
      <trkpt lat="45.02662" lon="-72.42003">
        <ele>183.52</ele>
      </trkpt>
      <trkpt lat="45.02671" lon="-72.420775">
        <ele>183.38</ele>
      </trkpt>
      <trkpt lat="45.0268" lon="-72.42152">
        <ele>183.18</ele>
      </trkpt>
      <trkpt lat="45.02688" lon="-72.42237">
        <ele>182.85</ele>
      </trkpt>
      <trkpt lat="45.027" lon="-72.42303">
        <ele>182.45</ele>
      </trkpt>
      <trkpt lat="45.02727" lon="-72.424035">
        <ele>180.97</ele>
      </trkpt>
      <trkpt lat="45.02754" lon="-72.42504">
        <ele>181.26</ele>
      </trkpt>
      <trkpt lat="45.02754" lon="-72.42504">
        <ele>181.27</ele>
      </trkpt>
      <trkpt lat="45.02765" lon="-72.42541">
        <ele>181.33</ele>
      </trkpt>
      <trkpt lat="45.02776" lon="-72.42564">
        <ele>180.56</ele>
      </trkpt>
      <trkpt lat="45.02789" lon="-72.42585">
        <ele>178.76</ele>
      </trkpt>
      <trkpt lat="45.02813" lon="-72.42603">
        <ele>176.53</ele>
      </trkpt>
      <trkpt lat="45.028825" lon="-72.426465">
        <ele>168.25</ele>
      </trkpt>
      <trkpt lat="45.02952" lon="-72.4269">
        <ele>161</ele>
      </trkpt>
      <trkpt lat="45.030155" lon="-72.426215">
        <ele>160.87</ele>
      </trkpt>
      <trkpt lat="45.03079" lon="-72.42553">
        <ele>160.37</ele>
      </trkpt>
      <trkpt lat="45.030935" lon="-72.42621">
        <ele>159.1</ele>
      </trkpt>
      <trkpt lat="45.03108" lon="-72.42689">
        <ele>158.71</ele>
      </trkpt>
      <trkpt lat="45.03114" lon="-72.42747">
        <ele>158.66</ele>
      </trkpt>
      <trkpt lat="45.03116" lon="-72.42802">
        <ele>158.17</ele>
      </trkpt>
      <trkpt lat="45.03107" lon="-72.42873">
        <ele>157.95</ele>
      </trkpt>
      <trkpt lat="45.03097" lon="-72.42913">
        <ele>158.1</ele>
      </trkpt>
      <trkpt lat="45.03085" lon="-72.42949">
        <ele>158.61</ele>
      </trkpt>
      <trkpt lat="45.03069" lon="-72.42989">
        <ele>159.01</ele>
      </trkpt>
      <trkpt lat="45.03035" lon="-72.43056">
        <ele>160.07</ele>
      </trkpt>
      <trkpt lat="45.03018" lon="-72.43096">
        <ele>161.04</ele>
      </trkpt>
      <trkpt lat="45.02992" lon="-72.43177">
        <ele>162.41</ele>
      </trkpt>
      <trkpt lat="45.02984" lon="-72.43222">
        <ele>163.29</ele>
      </trkpt>
      <trkpt lat="45.02982" lon="-72.43267">
        <ele>163.87</ele>
      </trkpt>
      <trkpt lat="45.02987" lon="-72.43316">
        <ele>165.07</ele>
      </trkpt>
      <trkpt lat="45.02991" lon="-72.43345">
        <ele>165.29</ele>
      </trkpt>
      <trkpt lat="45.02991" lon="-72.43345">
        <ele>165.31</ele>
      </trkpt>
      <trkpt lat="45.02995" lon="-72.43365">
        <ele>165.31</ele>
      </trkpt>
      <trkpt lat="45.03004" lon="-72.434">
        <ele>165.31</ele>
      </trkpt>
      <trkpt lat="45.03019" lon="-72.43438">
        <ele>167.6</ele>
      </trkpt>
      <trkpt lat="45.0305" lon="-72.43498">
        <ele>168.57</ele>
      </trkpt>
      <trkpt lat="45.03081" lon="-72.43558">
        <ele>169.51</ele>
      </trkpt>
      <trkpt lat="45.03128" lon="-72.43634">
        <ele>170.51</ele>
      </trkpt>
      <trkpt lat="45.0319" lon="-72.43725">
        <ele>169.13</ele>
      </trkpt>
      <trkpt lat="45.032355" lon="-72.437865">
        <ele>167.87</ele>
      </trkpt>
      <trkpt lat="45.03281" lon="-72.43848">
        <ele>167.07</ele>
      </trkpt>
      <trkpt lat="45.03349" lon="-72.439265">
        <ele>167.26</ele>
      </trkpt>
      <trkpt lat="45.03417" lon="-72.44005">
        <ele>166.41</ele>
      </trkpt>
      <trkpt lat="45.03444" lon="-72.44037">
        <ele>166.34</ele>
      </trkpt>
      <trkpt lat="45.0346" lon="-72.44063">
        <ele>166.66</ele>
      </trkpt>
      <trkpt lat="45.03477" lon="-72.44099">
        <ele>167.4</ele>
      </trkpt>
      <trkpt lat="45.03489" lon="-72.44132">
        <ele>168.22</ele>
      </trkpt>
      <trkpt lat="45.0352" lon="-72.44243">
        <ele>171.69</ele>
      </trkpt>
      <trkpt lat="45.035545" lon="-72.44346">
        <ele>171</ele>
      </trkpt>
      <trkpt lat="45.03589" lon="-72.44449">
        <ele>164.39</ele>
      </trkpt>
      <trkpt lat="45.03597" lon="-72.44484">
        <ele>162.6</ele>
      </trkpt>
      <trkpt lat="45.036085" lon="-72.445575">
        <ele>159.66</ele>
      </trkpt>
      <trkpt lat="45.0362" lon="-72.44631">
        <ele>158.38</ele>
      </trkpt>
      <trkpt lat="45.03631" lon="-72.44687">
        <ele>158.11</ele>
      </trkpt>
      <trkpt lat="45.03646" lon="-72.4474">
        <ele>158.59</ele>
      </trkpt>
      <trkpt lat="45.03667" lon="-72.44794">
        <ele>159.64</ele>
      </trkpt>
      <trkpt lat="45.03685" lon="-72.44834">
        <ele>162.39</ele>
      </trkpt>
      <trkpt lat="45.03708" lon="-72.44873">
        <ele>165.21</ele>
      </trkpt>
      <trkpt lat="45.03761" lon="-72.4495">
        <ele>171.02</ele>
      </trkpt>
      <trkpt lat="45.03814" lon="-72.45027">
        <ele>176.75</ele>
      </trkpt>
      <trkpt lat="45.03869" lon="-72.45089">
        <ele>182.14</ele>
      </trkpt>
      <trkpt lat="45.03907" lon="-72.451245">
        <ele>184.08</ele>
      </trkpt>
      <trkpt lat="45.03945" lon="-72.4516">
        <ele>184.71</ele>
      </trkpt>
      <trkpt lat="45.0396" lon="-72.45175">
        <ele>184.27</ele>
      </trkpt>
      <trkpt lat="45.03981" lon="-72.45206">
        <ele>182.52</ele>
      </trkpt>
      <trkpt lat="45.04012" lon="-72.45268">
        <ele>178.28</ele>
      </trkpt>
      <trkpt lat="45.04049" lon="-72.453705">
        <ele>175.92</ele>
      </trkpt>
      <trkpt lat="45.04086" lon="-72.45473">
        <ele>175.39</ele>
      </trkpt>
      <trkpt lat="45.04137" lon="-72.455675">
        <ele>175.57</ele>
      </trkpt>
      <trkpt lat="45.04188" lon="-72.45662">
        <ele>176.19</ele>
      </trkpt>
      <trkpt lat="45.042195" lon="-72.45716">
        <ele>177.08</ele>
      </trkpt>
      <trkpt lat="45.04251" lon="-72.4577">
        <ele>177.62</ele>
      </trkpt>
      <trkpt lat="45.04281" lon="-72.45818">
        <ele>177.57</ele>
      </trkpt>
      <trkpt lat="45.04313" lon="-72.45854">
        <ele>177.92</ele>
      </trkpt>
      <trkpt lat="45.0434" lon="-72.45881">
        <ele>178.53</ele>
      </trkpt>
      <trkpt lat="45.04407" lon="-72.45935">
        <ele>182.23</ele>
      </trkpt>
      <trkpt lat="45.04447" lon="-72.45957">
        <ele>184.38</ele>
      </trkpt>
      <trkpt lat="45.04486" lon="-72.45975">
        <ele>186.98</ele>
      </trkpt>
      <trkpt lat="45.04521" lon="-72.45981">
        <ele>187.72</ele>
      </trkpt>
      <trkpt lat="45.04585" lon="-72.45989">
        <ele>190.63</ele>
      </trkpt>
      <trkpt lat="45.04658" lon="-72.46003">
        <ele>191.48</ele>
      </trkpt>
      <trkpt lat="45.04677" lon="-72.46013">
        <ele>191.44</ele>
      </trkpt>
      <trkpt lat="45.04713" lon="-72.46038">
        <ele>190.69</ele>
      </trkpt>
      <trkpt lat="45.04752" lon="-72.46075">
        <ele>189.25</ele>
      </trkpt>
      <trkpt lat="45.048025" lon="-72.461435">
        <ele>184.86</ele>
      </trkpt>
      <trkpt lat="45.04853" lon="-72.46212">
        <ele>179.36</ele>
      </trkpt>
      <trkpt lat="45.04889" lon="-72.46252">
        <ele>175.44</ele>
      </trkpt>
      <trkpt lat="45.0494367" lon="-72.4629733">
        <ele>170.15</ele>
      </trkpt>
      <trkpt lat="45.0499833" lon="-72.4634267">
        <ele>162.49</ele>
      </trkpt>
      <trkpt lat="45.05053" lon="-72.46388">
        <ele>158.61</ele>
      </trkpt>
      <trkpt lat="45.05092" lon="-72.46433">
        <ele>157.78</ele>
      </trkpt>
      <trkpt lat="45.05106" lon="-72.46455">
        <ele>157.96</ele>
      </trkpt>
      <trkpt lat="45.05128" lon="-72.46505">
        <ele>158.88</ele>
      </trkpt>
      <trkpt lat="45.0514" lon="-72.46543">
        <ele>159.81</ele>
      </trkpt>
      <trkpt lat="45.05149" lon="-72.46579">
        <ele>161.46</ele>
      </trkpt>
      <trkpt lat="45.05164" lon="-72.466565">
        <ele>165.05</ele>
      </trkpt>
      <trkpt lat="45.05179" lon="-72.46734">
        <ele>167.73</ele>
      </trkpt>
      <trkpt lat="45.05211" lon="-72.46727">
        <ele>167.87</ele>
      </trkpt>
      <trkpt lat="45.05254" lon="-72.46718">
        <ele>168.6</ele>
      </trkpt>
      <trkpt lat="45.05267" lon="-72.46714">
        <ele>169.01</ele>
      </trkpt>
      <trkpt lat="45.05333" lon="-72.46666">
        <ele>170.29</ele>
      </trkpt>
      <trkpt lat="45.05354" lon="-72.4666">
        <ele>170.68</ele>
      </trkpt>
      <trkpt lat="45.05357" lon="-72.4666">
        <ele>170.68</ele>
      </trkpt>
      <trkpt lat="45.05357" lon="-72.4666">
        <ele>170.67</ele>
      </trkpt>
      <trkpt lat="45.05392" lon="-72.46664">
        <ele>171.3</ele>
      </trkpt>
      <trkpt lat="45.05444" lon="-72.46678">
        <ele>171.75</ele>
      </trkpt>
      <trkpt lat="45.05468" lon="-72.46687">
        <ele>172.05</ele>
      </trkpt>
      <trkpt lat="45.05513" lon="-72.46727">
        <ele>173.49</ele>
      </trkpt>
      <trkpt lat="45.05522" lon="-72.46731">
        <ele>173.49</ele>
      </trkpt>
      <trkpt lat="45.05582" lon="-72.46741">
        <ele>177.55</ele>
      </trkpt>
      <trkpt lat="45.05593" lon="-72.46746">
        <ele>177.55</ele>
      </trkpt>
      <trkpt lat="45.05597" lon="-72.46753">
        <ele>178.15</ele>
      </trkpt>
      <trkpt lat="45.05616" lon="-72.46809">
        <ele>180.88</ele>
      </trkpt>
      <trkpt lat="45.05629" lon="-72.46839">
        <ele>182.11</ele>
      </trkpt>
      <trkpt lat="45.05642" lon="-72.46853">
        <ele>182.41</ele>
      </trkpt>
      <trkpt lat="45.05655" lon="-72.46854">
        <ele>182.73</ele>
      </trkpt>
      <trkpt lat="45.05669" lon="-72.46852">
        <ele>182.91</ele>
      </trkpt>
      <trkpt lat="45.057185" lon="-72.46826">
        <ele>184.94</ele>
      </trkpt>
      <trkpt lat="45.05768" lon="-72.468">
        <ele>188.3</ele>
      </trkpt>
      <trkpt lat="45.05811" lon="-72.4677">
        <ele>191.49</ele>
      </trkpt>
      <trkpt lat="45.05854" lon="-72.4674">
        <ele>195.25</ele>
      </trkpt>
      <trkpt lat="45.05882" lon="-72.46727">
        <ele>197.62</ele>
      </trkpt>
      <trkpt lat="45.0594733" lon="-72.4671967">
        <ele>203.12</ele>
      </trkpt>
      <trkpt lat="45.0601267" lon="-72.4671233">
        <ele>206.04</ele>
      </trkpt>
      <trkpt lat="45.06078" lon="-72.46705">
        <ele>211.63</ele>
      </trkpt>
      <trkpt lat="45.06133" lon="-72.467185">
        <ele>215.35</ele>
      </trkpt>
      <trkpt lat="45.06188" lon="-72.46732">
        <ele>215.78</ele>
      </trkpt>
      <trkpt lat="45.06241" lon="-72.46723">
        <ele>214.97</ele>
      </trkpt>
      <trkpt lat="45.06309" lon="-72.46698">
        <ele>216.53</ele>
      </trkpt>
      <trkpt lat="45.06343" lon="-72.46691">
        <ele>217.46</ele>
      </trkpt>
      <trkpt lat="45.06367" lon="-72.46674">
        <ele>217.91</ele>
      </trkpt>
      <trkpt lat="45.06389" lon="-72.46648">
        <ele>218.77</ele>
      </trkpt>
      <trkpt lat="45.064" lon="-72.46633">
        <ele>219.47</ele>
      </trkpt>
      <trkpt lat="45.0641" lon="-72.46607">
        <ele>220.44</ele>
      </trkpt>
      <trkpt lat="45.06433" lon="-72.4653">
        <ele>223.68</ele>
      </trkpt>
      <trkpt lat="45.0647" lon="-72.46449">
        <ele>231.41</ele>
      </trkpt>
      <trkpt lat="45.065" lon="-72.464">
        <ele>234.35</ele>
      </trkpt>
      <trkpt lat="45.06557" lon="-72.46342">
        <ele>235.76</ele>
      </trkpt>
      <trkpt lat="45.06577" lon="-72.46333">
        <ele>236.34</ele>
      </trkpt>
      <trkpt lat="45.06628" lon="-72.46329">
        <ele>236.73</ele>
      </trkpt>
      <trkpt lat="45.06711" lon="-72.46315">
        <ele>237.17</ele>
      </trkpt>
      <trkpt lat="45.06794" lon="-72.46301">
        <ele>240.32</ele>
      </trkpt>
      <trkpt lat="45.06828" lon="-72.46283">
        <ele>243.14</ele>
      </trkpt>
      <trkpt lat="45.06883" lon="-72.46259">
        <ele>247.89</ele>
      </trkpt>
      <trkpt lat="45.06938" lon="-72.46235">
        <ele>250.42</ele>
      </trkpt>
      <trkpt lat="45.06963" lon="-72.46226">
        <ele>250.5</ele>
      </trkpt>
      <trkpt lat="45.07044" lon="-72.46217">
        <ele>247.45</ele>
      </trkpt>
      <trkpt lat="45.07112" lon="-72.46196">
        <ele>242.64</ele>
      </trkpt>
      <trkpt lat="45.07106" lon="-72.46182">
        <ele>242.64</ele>
      </trkpt>
      <trkpt lat="45.0708" lon="-72.46145">
        <ele>239.55</ele>
      </trkpt>
      <trkpt lat="45.0705" lon="-72.46092">
        <ele>237.53</ele>
      </trkpt>
      <trkpt lat="45.07035" lon="-72.46055">
        <ele>237.37</ele>
      </trkpt>
      <trkpt lat="45.07031" lon="-72.46047">
        <ele>237.22</ele>
      </trkpt>
      <trkpt lat="45.0701" lon="-72.45969">
        <ele>238.02</ele>
      </trkpt>
      <trkpt lat="45.06989" lon="-72.45891">
        <ele>242.11</ele>
      </trkpt>
      <trkpt lat="45.06967" lon="-72.45792">
        <ele>249.47</ele>
      </trkpt>
      <trkpt lat="45.06932" lon="-72.45716">
        <ele>254.34</ele>
      </trkpt>
      <trkpt lat="45.06882" lon="-72.45622">
        <ele>259.6</ele>
      </trkpt>
      <trkpt lat="45.06877" lon="-72.45608">
        <ele>259.92</ele>
      </trkpt>
      <trkpt lat="45.06877" lon="-72.45582">
        <ele>260.48</ele>
      </trkpt>
      <trkpt lat="45.06882" lon="-72.45554">
        <ele>261.46</ele>
      </trkpt>
      <trkpt lat="45.06894" lon="-72.45528">
        <ele>263.13</ele>
      </trkpt>
      <trkpt lat="45.06916" lon="-72.45487">
        <ele>266.88</ele>
      </trkpt>
      <trkpt lat="45.0693" lon="-72.45451">
        <ele>271.56</ele>
      </trkpt>
      <trkpt lat="45.06934" lon="-72.4542">
        <ele>274.53</ele>
      </trkpt>
      <trkpt lat="45.06931" lon="-72.45393">
        <ele>275.58</ele>
      </trkpt>
      <trkpt lat="45.06923" lon="-72.45362">
        <ele>279.45</ele>
      </trkpt>
      <trkpt lat="45.06925" lon="-72.45308">
        <ele>283.69</ele>
      </trkpt>
      <trkpt lat="45.06933" lon="-72.45241">
        <ele>287.68</ele>
      </trkpt>
      <trkpt lat="45.0695" lon="-72.45157">
        <ele>292.46</ele>
      </trkpt>
      <trkpt lat="45.0697" lon="-72.45107">
        <ele>294.58</ele>
      </trkpt>
      <trkpt lat="45.0697" lon="-72.45107">
        <ele>294.58</ele>
      </trkpt>
      <trkpt lat="45.06991" lon="-72.450085">
        <ele>300.53</ele>
      </trkpt>
      <trkpt lat="45.07012" lon="-72.4491">
        <ele>307.82</ele>
      </trkpt>
      <trkpt lat="45.07015" lon="-72.44807">
        <ele>310.72</ele>
      </trkpt>
      <trkpt lat="45.07008" lon="-72.44714">
        <ele>314.16</ele>
      </trkpt>
      <trkpt lat="45.07007" lon="-72.44677">
        <ele>316.01</ele>
      </trkpt>
      <trkpt lat="45.070185" lon="-72.445985">
        <ele>323.15</ele>
      </trkpt>
      <trkpt lat="45.0703" lon="-72.4452">
        <ele>325.9</ele>
      </trkpt>
      <trkpt lat="45.07033" lon="-72.44435">
        <ele>330.88</ele>
      </trkpt>
      <trkpt lat="45.07028" lon="-72.44377">
        <ele>335.77</ele>
      </trkpt>
      <trkpt lat="45.0702" lon="-72.4435">
        <ele>340.06</ele>
      </trkpt>
      <trkpt lat="45.07" lon="-72.44297">
        <ele>343.14</ele>
      </trkpt>
      <trkpt lat="45.06995" lon="-72.44278">
        <ele>344.61</ele>
      </trkpt>
      <trkpt lat="45.06996" lon="-72.44243">
        <ele>346.14</ele>
      </trkpt>
      <trkpt lat="45.07008" lon="-72.44216">
        <ele>346.37</ele>
      </trkpt>
      <trkpt lat="45.07022" lon="-72.44193">
        <ele>346.65</ele>
      </trkpt>
      <trkpt lat="45.07065" lon="-72.44104">
        <ele>349.77</ele>
      </trkpt>
      <trkpt lat="45.07095" lon="-72.4405">
        <ele>351.31</ele>
      </trkpt>
      <trkpt lat="45.07104" lon="-72.44028">
        <ele>351.31</ele>
      </trkpt>
      <trkpt lat="45.07108" lon="-72.44006">
        <ele>351.21</ele>
      </trkpt>
      <trkpt lat="45.07106" lon="-72.43973">
        <ele>351.21</ele>
      </trkpt>
      <trkpt lat="45.07099" lon="-72.4394">
        <ele>350.86</ele>
      </trkpt>
      <trkpt lat="45.070805" lon="-72.43874">
        <ele>350.44</ele>
      </trkpt>
      <trkpt lat="45.07062" lon="-72.43808">
        <ele>350.26</ele>
      </trkpt>
      <trkpt lat="45.07056" lon="-72.43764">
        <ele>350.56</ele>
      </trkpt>
      <trkpt lat="45.07054" lon="-72.43714">
        <ele>349.65</ele>
      </trkpt>
      <trkpt lat="45.07065" lon="-72.43629">
        <ele>346.6</ele>
      </trkpt>
      <trkpt lat="45.07079" lon="-72.43581">
        <ele>341.97</ele>
      </trkpt>
      <trkpt lat="45.071185" lon="-72.435095">
        <ele>337.72</ele>
      </trkpt>
      <trkpt lat="45.07158" lon="-72.43438">
        <ele>336.02</ele>
      </trkpt>
      <trkpt lat="45.07168" lon="-72.43414">
        <ele>335.88</ele>
      </trkpt>
      <trkpt lat="45.07182" lon="-72.43351">
        <ele>334.43</ele>
      </trkpt>
      <trkpt lat="45.07181" lon="-72.43324">
        <ele>333.84</ele>
      </trkpt>
      <trkpt lat="45.07178" lon="-72.43302">
        <ele>333.1</ele>
      </trkpt>
      <trkpt lat="45.07159" lon="-72.432">
        <ele>331.72</ele>
      </trkpt>
      <trkpt lat="45.0715" lon="-72.43118">
        <ele>329.61</ele>
      </trkpt>
      <trkpt lat="45.07153" lon="-72.43073">
        <ele>329.11</ele>
      </trkpt>
      <trkpt lat="45.07166" lon="-72.42985">
        <ele>328.84</ele>
      </trkpt>
      <trkpt lat="45.07165" lon="-72.42971">
        <ele>328.84</ele>
      </trkpt>
      <trkpt lat="45.07153" lon="-72.42909">
        <ele>328.67</ele>
      </trkpt>
      <trkpt lat="45.07131" lon="-72.42859">
        <ele>327.06</ele>
      </trkpt>
      <trkpt lat="45.07123" lon="-72.42806">
        <ele>324.86</ele>
      </trkpt>
      <trkpt lat="45.0712" lon="-72.4277">
        <ele>324.12</ele>
      </trkpt>
      <trkpt lat="45.07119" lon="-72.42681">
        <ele>321.28</ele>
      </trkpt>
      <trkpt lat="45.07113" lon="-72.42564">
        <ele>317.28</ele>
      </trkpt>
      <trkpt lat="45.07105" lon="-72.42519">
        <ele>315.51</ele>
      </trkpt>
      <trkpt lat="45.07096" lon="-72.42483">
        <ele>313.6</ele>
      </trkpt>
      <trkpt lat="45.0709" lon="-72.42429">
        <ele>310.72</ele>
      </trkpt>
      <trkpt lat="45.07064" lon="-72.42315">
        <ele>307.61</ele>
      </trkpt>
      <trkpt lat="45.07064" lon="-72.42315">
        <ele>307.61</ele>
      </trkpt>
      <trkpt lat="45.07044" lon="-72.42241">
        <ele>305.78</ele>
      </trkpt>
      <trkpt lat="45.07021" lon="-72.42193">
        <ele>302.17</ele>
      </trkpt>
      <trkpt lat="45.07004" lon="-72.42102">
        <ele>297.24</ele>
      </trkpt>
      <trkpt lat="45.06997" lon="-72.4208">
        <ele>296.71</ele>
      </trkpt>
      <trkpt lat="45.06977" lon="-72.42044">
        <ele>294.85</ele>
      </trkpt>
      <trkpt lat="45.06949" lon="-72.42">
        <ele>291.71</ele>
      </trkpt>
      <trkpt lat="45.06935" lon="-72.41964">
        <ele>289.81</ele>
      </trkpt>
      <trkpt lat="45.06927" lon="-72.41933">
        <ele>288.9</ele>
      </trkpt>
      <trkpt lat="45.06919" lon="-72.4187">
        <ele>286.87</ele>
      </trkpt>
      <trkpt lat="45.06919" lon="-72.41811">
        <ele>284.47</ele>
      </trkpt>
      <trkpt lat="45.0692" lon="-72.41745">
        <ele>282.56</ele>
      </trkpt>
      <trkpt lat="45.06927" lon="-72.41673">
        <ele>279.94</ele>
      </trkpt>
      <trkpt lat="45.06931" lon="-72.41606">
        <ele>278.01</ele>
      </trkpt>
      <trkpt lat="45.06928" lon="-72.41565">
        <ele>278.01</ele>
      </trkpt>
      <trkpt lat="45.06913" lon="-72.41471">
        <ele>274.21</ele>
      </trkpt>
      <trkpt lat="45.06903" lon="-72.41386">
        <ele>273.65</ele>
      </trkpt>
      <trkpt lat="45.06892" lon="-72.41342">
        <ele>273.84</ele>
      </trkpt>
      <trkpt lat="45.06845" lon="-72.41239">
        <ele>269.08</ele>
      </trkpt>
      <trkpt lat="45.06834" lon="-72.41202">
        <ele>266.19</ele>
      </trkpt>
      <trkpt lat="45.06828" lon="-72.41167">
        <ele>262.72</ele>
      </trkpt>
      <trkpt lat="45.06821" lon="-72.41095">
        <ele>259.14</ele>
      </trkpt>
      <trkpt lat="45.06808" lon="-72.41033">
        <ele>255.28</ele>
      </trkpt>
      <trkpt lat="45.0678" lon="-72.40947">
        <ele>250.57</ele>
      </trkpt>
      <trkpt lat="45.06752" lon="-72.40861">
        <ele>246.94</ele>
      </trkpt>
      <trkpt lat="45.06713" lon="-72.408">
        <ele>244.1</ele>
      </trkpt>
      <trkpt lat="45.06706" lon="-72.40796">
        <ele>244.1</ele>
      </trkpt>
      <trkpt lat="45.06647" lon="-72.40782">
        <ele>242.46</ele>
      </trkpt>
      <trkpt lat="45.0662" lon="-72.40773">
        <ele>241.74</ele>
      </trkpt>
      <trkpt lat="45.06578" lon="-72.4075">
        <ele>240.68</ele>
      </trkpt>
      <trkpt lat="45.06493" lon="-72.40715">
        <ele>239.97</ele>
      </trkpt>
      <trkpt lat="45.06454" lon="-72.40696">
        <ele>238.67</ele>
      </trkpt>
      <trkpt lat="45.06377" lon="-72.40654">
        <ele>233.77</ele>
      </trkpt>
      <trkpt lat="45.063" lon="-72.40612">
        <ele>228.59</ele>
      </trkpt>
      <trkpt lat="45.0628" lon="-72.40594">
        <ele>227.25</ele>
      </trkpt>
      <trkpt lat="45.06266" lon="-72.40576">
        <ele>226.1</ele>
      </trkpt>
      <trkpt lat="45.0624" lon="-72.40557">
        <ele>222.6</ele>
      </trkpt>
      <trkpt lat="45.06209" lon="-72.4054">
        <ele>220.82</ele>
      </trkpt>
      <trkpt lat="45.06168" lon="-72.40509">
        <ele>216.18</ele>
      </trkpt>
      <trkpt lat="45.0613" lon="-72.40464">
        <ele>211.83</ele>
      </trkpt>
      <trkpt lat="45.06103" lon="-72.40419">
        <ele>209.75</ele>
      </trkpt>
      <trkpt lat="45.06083" lon="-72.40374">
        <ele>208.51</ele>
      </trkpt>
      <trkpt lat="45.06064" lon="-72.40339">
        <ele>207.95</ele>
      </trkpt>
      <trkpt lat="45.06041" lon="-72.40308">
        <ele>207.28</ele>
      </trkpt>
      <trkpt lat="45.06007" lon="-72.40283">
        <ele>206.44</ele>
      </trkpt>
      <trkpt lat="45.05982" lon="-72.40267">
        <ele>206.14</ele>
      </trkpt>
      <trkpt lat="45.0596" lon="-72.40249">
        <ele>205.93</ele>
      </trkpt>
      <trkpt lat="45.0593" lon="-72.40209">
        <ele>205.5</ele>
      </trkpt>
      <trkpt lat="45.05877" lon="-72.40142">
        <ele>204.53</ele>
      </trkpt>
      <trkpt lat="45.05849" lon="-72.40101">
        <ele>203.93</ele>
      </trkpt>
      <trkpt lat="45.0581" lon="-72.4002">
        <ele>202.96</ele>
      </trkpt>
      <trkpt lat="45.058" lon="-72.39989">
        <ele>202.64</ele>
      </trkpt>
      <trkpt lat="45.05789" lon="-72.39927">
        <ele>201.26</ele>
      </trkpt>
      <trkpt lat="45.05778" lon="-72.39865">
        <ele>200.18</ele>
      </trkpt>
      <trkpt lat="45.05776" lon="-72.39819">
        <ele>199.74</ele>
      </trkpt>
      <trkpt lat="45.057804" lon="-72.39716">
        <ele>198.32</ele>
      </trkpt>
      <trkpt lat="45.057848" lon="-72.39613">
        <ele>196.89</ele>
      </trkpt>
      <trkpt lat="45.057892" lon="-72.3951">
        <ele>196.76</ele>
      </trkpt>
      <trkpt lat="45.057936" lon="-72.39407">
        <ele>196.96</ele>
      </trkpt>
      <trkpt lat="45.05798" lon="-72.39304">
        <ele>195.63</ele>
      </trkpt>
      <trkpt lat="45.05798" lon="-72.39187">
        <ele>195.86</ele>
      </trkpt>
      <trkpt lat="45.057435" lon="-72.3921">
        <ele>196.57</ele>
      </trkpt>
      <trkpt lat="45.05689" lon="-72.39233">
        <ele>196.38</ele>
      </trkpt>
      <trkpt lat="45.05643" lon="-72.39255">
        <ele>195.67</ele>
      </trkpt>
      <trkpt lat="45.05642" lon="-72.39255">
        <ele>195.66</ele>
      </trkpt>
      <trkpt lat="45.05584" lon="-72.39283">
        <ele>194.34</ele>
      </trkpt>
      <trkpt lat="45.05557" lon="-72.39292">
        <ele>193.09</ele>
      </trkpt>
      <trkpt lat="45.05512" lon="-72.39296">
        <ele>191.57</ele>
      </trkpt>
      <trkpt lat="45.05477" lon="-72.39293">
        <ele>190.76</ele>
      </trkpt>
      <trkpt lat="45.05447" lon="-72.39291">
        <ele>190.36</ele>
      </trkpt>
      <trkpt lat="45.05402" lon="-72.39286">
        <ele>190.23</ele>
      </trkpt>
      <trkpt lat="45.05353" lon="-72.39271">
        <ele>190.64</ele>
      </trkpt>
      <trkpt lat="45.05304" lon="-72.3925">
        <ele>190.79</ele>
      </trkpt>
      <trkpt lat="45.05255" lon="-72.39229">
        <ele>191.46</ele>
      </trkpt>
      <trkpt lat="45.0523" lon="-72.3922">
        <ele>192.46</ele>
      </trkpt>
      <trkpt lat="45.05206" lon="-72.39215">
        <ele>193.32</ele>
      </trkpt>
      <trkpt lat="45.05136" lon="-72.392095">
        <ele>194.18</ele>
      </trkpt>
      <trkpt lat="45.05066" lon="-72.39204">
        <ele>193.4</ele>
      </trkpt>
      <trkpt lat="45.0502" lon="-72.39203">
        <ele>192.79</ele>
      </trkpt>
      <trkpt lat="45.04974" lon="-72.39202">
        <ele>190.71</ele>
      </trkpt>
    </trkseg>
  </trk>
</gpx>