<?xml version='1.0' encoding='utf-8'?>
<gpx xmlns="http://www.topografix.com/GPX/1/1" xmlns:xsi="http://www.w3.org/2001/XMLSchema-instance" version="1.1" creator="Gravelle Estrie" xsi:schemaLocation="http://www.topografix.com/GPX/1/1 http://www.topografix.com/GPX/1/1/gpx.xsd">
  <metadata>
    <name>Pork Épic 75km</name>
  </metadata>
  <trk>
    <name>Pork Épic 75km</name>
    <trkseg>
      <trkpt lat="45.04974" lon="-72.39202">
        <ele>190.7</ele>
      </trkpt>
      <trkpt lat="45.04888" lon="-72.39219">
        <ele>184.8</ele>
      </trkpt>
      <trkpt lat="45.04871" lon="-72.39228">
        <ele>180.8</ele>
      </trkpt>
      <trkpt lat="45.04807" lon="-72.39264">
        <ele>174.7</ele>
      </trkpt>
      <trkpt lat="45.047405" lon="-72.39307">
        <ele>165.3</ele>
      </trkpt>
      <trkpt lat="45.04674" lon="-72.3935">
        <ele>158.9</ele>
      </trkpt>
      <trkpt lat="45.04644" lon="-72.3938">
        <ele>157.5</ele>
      </trkpt>
      <trkpt lat="45.04618" lon="-72.39413">
        <ele>157.1</ele>
      </trkpt>
      <trkpt lat="45.04598" lon="-72.39448">
        <ele>157.3</ele>
      </trkpt>
      <trkpt lat="45.04581" lon="-72.39489">
        <ele>157.9</ele>
      </trkpt>
      <trkpt lat="45.045566" lon="-72.39572">
        <ele>158.7</ele>
      </trkpt>
      <trkpt lat="45.045323" lon="-72.39655">
        <ele>159.2</ele>
      </trkpt>
      <trkpt lat="45.04508" lon="-72.39738">
        <ele>159.5</ele>
      </trkpt>
      <trkpt lat="45.04496" lon="-72.3977">
        <ele>159.5</ele>
      </trkpt>
      <trkpt lat="45.04466" lon="-72.39834">
        <ele>158.5</ele>
      </trkpt>
      <trkpt lat="45.04416" lon="-72.399275">
        <ele>157.9</ele>
      </trkpt>
      <trkpt lat="45.04366" lon="-72.40021">
        <ele>164.6</ele>
      </trkpt>
      <trkpt lat="45.04326" lon="-72.40111">
        <ele>169.3</ele>
      </trkpt>
      <trkpt lat="45.042908" lon="-72.402142">
        <ele>167.5</ele>
      </trkpt>
      <trkpt lat="45.042556" lon="-72.403174">
        <ele>163.7</ele>
      </trkpt>
      <trkpt lat="45.042204" lon="-72.404206">
        <ele>161.5</ele>
      </trkpt>
      <trkpt lat="45.041852" lon="-72.405238">
        <ele>160.2</ele>
      </trkpt>
      <trkpt lat="45.0415" lon="-72.40627">
        <ele>160.4</ele>
      </trkpt>
      <trkpt lat="45.04125" lon="-72.40698">
        <ele>161.1</ele>
      </trkpt>
      <trkpt lat="45.041" lon="-72.40769">
        <ele>162.4</ele>
      </trkpt>
      <trkpt lat="45.04076" lon="-72.40823">
        <ele>164</ele>
      </trkpt>
      <trkpt lat="45.040315" lon="-72.40909">
        <ele>166.4</ele>
      </trkpt>
      <trkpt lat="45.03987" lon="-72.40995">
        <ele>166.5</ele>
      </trkpt>
      <trkpt lat="45.039425" lon="-72.41081">
        <ele>167.7</ele>
      </trkpt>
      <trkpt lat="45.03898" lon="-72.41167">
        <ele>170.7</ele>
      </trkpt>
      <trkpt lat="45.03887" lon="-72.41192">
        <ele>171.3</ele>
      </trkpt>
      <trkpt lat="45.03887" lon="-72.41193">
        <ele>171.3</ele>
      </trkpt>
      <trkpt lat="45.038615" lon="-72.41254">
        <ele>172.1</ele>
      </trkpt>
      <trkpt lat="45.03836" lon="-72.41315">
        <ele>173.2</ele>
      </trkpt>
      <trkpt lat="45.03893" lon="-72.41341">
        <ele>176.5</ele>
      </trkpt>
      <trkpt lat="45.039606" lon="-72.413589">
        <ele>182.4</ele>
      </trkpt>
      <trkpt lat="45.040283" lon="-72.413769">
        <ele>190.3</ele>
      </trkpt>
      <trkpt lat="45.04096" lon="-72.41395">
        <ele>195</ele>
      </trkpt>
      <trkpt lat="45.041455" lon="-72.414084">
        <ele>198.6</ele>
      </trkpt>
      <trkpt lat="45.04195" lon="-72.41422">
        <ele>201.9</ele>
      </trkpt>
      <trkpt lat="45.04267" lon="-72.414473">
        <ele>206</ele>
      </trkpt>
      <trkpt lat="45.04339" lon="-72.414726">
        <ele>215.5</ele>
      </trkpt>
      <trkpt lat="45.04411" lon="-72.41498">
        <ele>223.9</ele>
      </trkpt>
      <trkpt lat="45.04441" lon="-72.41503">
        <ele>225.9</ele>
      </trkpt>
      <trkpt lat="45.04455" lon="-72.41502">
        <ele>226.6</ele>
      </trkpt>
      <trkpt lat="45.04493" lon="-72.41489">
        <ele>228.4</ele>
      </trkpt>
      <trkpt lat="45.04579" lon="-72.414626">
        <ele>229.6</ele>
      </trkpt>
      <trkpt lat="45.04665" lon="-72.414363">
        <ele>233.2</ele>
      </trkpt>
      <trkpt lat="45.04751" lon="-72.4141">
        <ele>239</ele>
      </trkpt>
      <trkpt lat="45.0475" lon="-72.4141">
        <ele>239</ele>
      </trkpt>
      <trkpt lat="45.04795" lon="-72.41398">
        <ele>241.2</ele>
      </trkpt>
      <trkpt lat="45.0484" lon="-72.41386">
        <ele>242.7</ele>
      </trkpt>
      <trkpt lat="45.04898" lon="-72.41374">
        <ele>245.2</ele>
      </trkpt>
      <trkpt lat="45.04956" lon="-72.41362">
        <ele>247.8</ele>
      </trkpt>
      <trkpt lat="45.04958" lon="-72.41387">
        <ele>249</ele>
      </trkpt>
      <trkpt lat="45.049617" lon="-72.415079">
        <ele>254</ele>
      </trkpt>
      <trkpt lat="45.049655" lon="-72.416289">
        <ele>257.3</ele>
      </trkpt>
      <trkpt lat="45.049692" lon="-72.417499">
        <ele>261.4</ele>
      </trkpt>
      <trkpt lat="45.04973" lon="-72.41871">
        <ele>265.8</ele>
      </trkpt>
      <trkpt lat="45.04977" lon="-72.419604">
        <ele>272.6</ele>
      </trkpt>
      <trkpt lat="45.04981" lon="-72.4205">
        <ele>278.1</ele>
      </trkpt>
      <trkpt lat="45.049865" lon="-72.421424">
        <ele>281</ele>
      </trkpt>
      <trkpt lat="45.04992" lon="-72.42235">
        <ele>285.2</ele>
      </trkpt>
      <trkpt lat="45.05041" lon="-72.422584">
        <ele>288.4</ele>
      </trkpt>
      <trkpt lat="45.0509" lon="-72.42282">
        <ele>290.8</ele>
      </trkpt>
      <trkpt lat="45.051475" lon="-72.423109">
        <ele>293.7</ele>
      </trkpt>
      <trkpt lat="45.05205" lon="-72.4234">
        <ele>295.4</ele>
      </trkpt>
      <trkpt lat="45.05225" lon="-72.42358">
        <ele>295.7</ele>
      </trkpt>
      <trkpt lat="45.05246" lon="-72.42381">
        <ele>296</ele>
      </trkpt>
      <trkpt lat="45.05282" lon="-72.42417">
        <ele>296.5</ele>
      </trkpt>
      <trkpt lat="45.053395" lon="-72.424569">
        <ele>297.3</ele>
      </trkpt>
      <trkpt lat="45.05397" lon="-72.42497">
        <ele>298.8</ele>
      </trkpt>
      <trkpt lat="45.05411" lon="-72.42506">
        <ele>299.3</ele>
      </trkpt>
      <trkpt lat="45.05452" lon="-72.42541">
        <ele>301.7</ele>
      </trkpt>
      <trkpt lat="45.05491" lon="-72.42587">
        <ele>305.6</ele>
      </trkpt>
      <trkpt lat="45.05516" lon="-72.42612">
        <ele>307</ele>
      </trkpt>
      <trkpt lat="45.05529" lon="-72.42617">
        <ele>307.9</ele>
      </trkpt>
      <trkpt lat="45.05585" lon="-72.426644">
        <ele>311.1</ele>
      </trkpt>
      <trkpt lat="45.05641" lon="-72.42712">
        <ele>315.2</ele>
      </trkpt>
      <trkpt lat="45.056855" lon="-72.427449">
        <ele>317.8</ele>
      </trkpt>
      <trkpt lat="45.0573" lon="-72.42778">
        <ele>319.2</ele>
      </trkpt>
      <trkpt lat="45.05784" lon="-72.428094">
        <ele>320.6</ele>
      </trkpt>
      <trkpt lat="45.05838" lon="-72.42841">
        <ele>321.6</ele>
      </trkpt>
      <trkpt lat="45.058975" lon="-72.428744">
        <ele>322.2</ele>
      </trkpt>
      <trkpt lat="45.05957" lon="-72.42908">
        <ele>322.8</ele>
      </trkpt>
      <trkpt lat="45.060035" lon="-72.429289">
        <ele>324</ele>
      </trkpt>
      <trkpt lat="45.0605" lon="-72.4295">
        <ele>323.8</ele>
      </trkpt>
      <trkpt lat="45.06067" lon="-72.42954">
        <ele>322.2</ele>
      </trkpt>
      <trkpt lat="45.06076" lon="-72.42953">
        <ele>321.7</ele>
      </trkpt>
      <trkpt lat="45.06082" lon="-72.42944">
        <ele>320.6</ele>
      </trkpt>
      <trkpt lat="45.06093" lon="-72.42918">
        <ele>317.5</ele>
      </trkpt>
      <trkpt lat="45.06113" lon="-72.42859">
        <ele>313.4</ele>
      </trkpt>
      <trkpt lat="45.06128" lon="-72.4277">
        <ele>312.3</ele>
      </trkpt>
      <trkpt lat="45.06144" lon="-72.42689">
        <ele>313.5</ele>
      </trkpt>
      <trkpt lat="45.06174" lon="-72.42591">
        <ele>310</ele>
      </trkpt>
      <trkpt lat="45.061855" lon="-72.425235">
        <ele>307</ele>
      </trkpt>
      <trkpt lat="45.06197" lon="-72.42456">
        <ele>303.1</ele>
      </trkpt>
      <trkpt lat="45.06206" lon="-72.42433">
        <ele>303</ele>
      </trkpt>
      <trkpt lat="45.0622" lon="-72.42403">
        <ele>303</ele>
      </trkpt>
      <trkpt lat="45.06269" lon="-72.42322">
        <ele>300.3</ele>
      </trkpt>
      <trkpt lat="45.06306" lon="-72.42272">
        <ele>300.4</ele>
      </trkpt>
      <trkpt lat="45.06317" lon="-72.42259">
        <ele>301</ele>
      </trkpt>
      <trkpt lat="45.06325" lon="-72.42255">
        <ele>301.1</ele>
      </trkpt>
      <trkpt lat="45.06341" lon="-72.42254">
        <ele>301.3</ele>
      </trkpt>
      <trkpt lat="45.064049" lon="-72.422556">
        <ele>302.4</ele>
      </trkpt>
      <trkpt lat="45.064689" lon="-72.422573">
        <ele>304.9</ele>
      </trkpt>
      <trkpt lat="45.06533" lon="-72.42259">
        <ele>304.4</ele>
      </trkpt>
      <trkpt lat="45.06578" lon="-72.422594">
        <ele>305</ele>
      </trkpt>
      <trkpt lat="45.06623" lon="-72.4226">
        <ele>307.4</ele>
      </trkpt>
      <trkpt lat="45.06665" lon="-72.42259">
        <ele>309.9</ele>
      </trkpt>
      <trkpt lat="45.06705" lon="-72.42246">
        <ele>312.3</ele>
      </trkpt>
      <trkpt lat="45.06728" lon="-72.42237">
        <ele>316.4</ele>
      </trkpt>
      <trkpt lat="45.06786" lon="-72.42205">
        <ele>318</ele>
      </trkpt>
      <trkpt lat="45.06798" lon="-72.422">
        <ele>317.5</ele>
      </trkpt>
      <trkpt lat="45.06816" lon="-72.42197">
        <ele>315.9</ele>
      </trkpt>
      <trkpt lat="45.068645" lon="-72.421989">
        <ele>313.9</ele>
      </trkpt>
      <trkpt lat="45.06913" lon="-72.42201">
        <ele>309.9</ele>
      </trkpt>
      <trkpt lat="45.06962" lon="-72.42193">
        <ele>305.4</ele>
      </trkpt>
      <trkpt lat="45.06961" lon="-72.42193">
        <ele>305.5</ele>
      </trkpt>
      <trkpt lat="45.06969" lon="-72.42192">
        <ele>305.5</ele>
      </trkpt>
      <trkpt lat="45.07017" lon="-72.42173">
        <ele>301.1</ele>
      </trkpt>
      <trkpt lat="45.07004" lon="-72.42102">
        <ele>297.2</ele>
      </trkpt>
      <trkpt lat="45.06997" lon="-72.4208">
        <ele>296.7</ele>
      </trkpt>
      <trkpt lat="45.06977" lon="-72.42044">
        <ele>294.8</ele>
      </trkpt>
      <trkpt lat="45.06949" lon="-72.42">
        <ele>291.7</ele>
      </trkpt>
      <trkpt lat="45.06935" lon="-72.41964">
        <ele>289.5</ele>
      </trkpt>
      <trkpt lat="45.06927" lon="-72.41933">
        <ele>288.9</ele>
      </trkpt>
      <trkpt lat="45.06919" lon="-72.4187">
        <ele>286.8</ele>
      </trkpt>
      <trkpt lat="45.06919" lon="-72.41811">
        <ele>284.4</ele>
      </trkpt>
      <trkpt lat="45.0692" lon="-72.41745">
        <ele>282.5</ele>
      </trkpt>
      <trkpt lat="45.06927" lon="-72.41673">
        <ele>279.9</ele>
      </trkpt>
      <trkpt lat="45.06931" lon="-72.41606">
        <ele>278</ele>
      </trkpt>
      <trkpt lat="45.06928" lon="-72.41565">
        <ele>278</ele>
      </trkpt>
      <trkpt lat="45.06913" lon="-72.41471">
        <ele>274.2</ele>
      </trkpt>
      <trkpt lat="45.06903" lon="-72.41386">
        <ele>273.6</ele>
      </trkpt>
      <trkpt lat="45.06892" lon="-72.41342">
        <ele>273.8</ele>
      </trkpt>
      <trkpt lat="45.06845" lon="-72.41239">
        <ele>269</ele>
      </trkpt>
      <trkpt lat="45.06834" lon="-72.41202">
        <ele>266.1</ele>
      </trkpt>
      <trkpt lat="45.06828" lon="-72.41167">
        <ele>262.7</ele>
      </trkpt>
      <trkpt lat="45.06821" lon="-72.41095">
        <ele>259.1</ele>
      </trkpt>
      <trkpt lat="45.06808" lon="-72.41033">
        <ele>255.2</ele>
      </trkpt>
      <trkpt lat="45.0678" lon="-72.409469">
        <ele>250.5</ele>
      </trkpt>
      <trkpt lat="45.06752" lon="-72.40861">
        <ele>246.9</ele>
      </trkpt>
      <trkpt lat="45.06713" lon="-72.408">
        <ele>244.1</ele>
      </trkpt>
      <trkpt lat="45.06706" lon="-72.40796">
        <ele>244.1</ele>
      </trkpt>
      <trkpt lat="45.06647" lon="-72.40782">
        <ele>242.4</ele>
      </trkpt>
      <trkpt lat="45.0662" lon="-72.40773">
        <ele>241.7</ele>
      </trkpt>
      <trkpt lat="45.06578" lon="-72.4075">
        <ele>240.6</ele>
      </trkpt>
      <trkpt lat="45.06493" lon="-72.40715">
        <ele>239.9</ele>
      </trkpt>
      <trkpt lat="45.06454" lon="-72.40696">
        <ele>238.6</ele>
      </trkpt>
      <trkpt lat="45.06377" lon="-72.406539">
        <ele>233.7</ele>
      </trkpt>
      <trkpt lat="45.063" lon="-72.40612">
        <ele>228.5</ele>
      </trkpt>
      <trkpt lat="45.0628" lon="-72.40594">
        <ele>227.2</ele>
      </trkpt>
      <trkpt lat="45.06266" lon="-72.40576">
        <ele>226.1</ele>
      </trkpt>
      <trkpt lat="45.0624" lon="-72.40557">
        <ele>222.6</ele>
      </trkpt>
      <trkpt lat="45.06209" lon="-72.4054">
        <ele>220.8</ele>
      </trkpt>
      <trkpt lat="45.06168" lon="-72.40509">
        <ele>216.1</ele>
      </trkpt>
      <trkpt lat="45.0613" lon="-72.40464">
        <ele>211.8</ele>
      </trkpt>
      <trkpt lat="45.06103" lon="-72.40419">
        <ele>209.7</ele>
      </trkpt>
      <trkpt lat="45.06083" lon="-72.40374">
        <ele>208.5</ele>
      </trkpt>
      <trkpt lat="45.06064" lon="-72.40339">
        <ele>207.6</ele>
      </trkpt>
      <trkpt lat="45.06041" lon="-72.40308">
        <ele>207.2</ele>
      </trkpt>
      <trkpt lat="45.06007" lon="-72.40283">
        <ele>206.4</ele>
      </trkpt>
      <trkpt lat="45.05982" lon="-72.40267">
        <ele>206.1</ele>
      </trkpt>
      <trkpt lat="45.0596" lon="-72.40249">
        <ele>205.9</ele>
      </trkpt>
      <trkpt lat="45.0593" lon="-72.40209">
        <ele>205.5</ele>
      </trkpt>
      <trkpt lat="45.05877" lon="-72.40142">
        <ele>204.5</ele>
      </trkpt>
      <trkpt lat="45.05849" lon="-72.40101">
        <ele>203.9</ele>
      </trkpt>
      <trkpt lat="45.0581" lon="-72.4002">
        <ele>202.9</ele>
      </trkpt>
      <trkpt lat="45.058" lon="-72.39989">
        <ele>202.6</ele>
      </trkpt>
      <trkpt lat="45.05789" lon="-72.399269">
        <ele>201.2</ele>
      </trkpt>
      <trkpt lat="45.05778" lon="-72.39865">
        <ele>200.1</ele>
      </trkpt>
      <trkpt lat="45.05776" lon="-72.39819">
        <ele>199.7</ele>
      </trkpt>
      <trkpt lat="45.057807" lon="-72.397052">
        <ele>197.7</ele>
      </trkpt>
      <trkpt lat="45.057855" lon="-72.395915">
        <ele>196.6</ele>
      </trkpt>
      <trkpt lat="45.057902" lon="-72.394777">
        <ele>197</ele>
      </trkpt>
      <trkpt lat="45.05795" lon="-72.39364">
        <ele>196.2</ele>
      </trkpt>
      <trkpt lat="45.05795" lon="-72.39365">
        <ele>196.2</ele>
      </trkpt>
      <trkpt lat="45.05798" lon="-72.39304">
        <ele>195.6</ele>
      </trkpt>
      <trkpt lat="45.05798" lon="-72.39187">
        <ele>195.8</ele>
      </trkpt>
      <trkpt lat="45.058445" lon="-72.39169">
        <ele>194</ele>
      </trkpt>
      <trkpt lat="45.05891" lon="-72.39151">
        <ele>192.7</ele>
      </trkpt>
      <trkpt lat="45.059415" lon="-72.39135">
        <ele>191.8</ele>
      </trkpt>
      <trkpt lat="45.05992" lon="-72.39119">
        <ele>190.8</ele>
      </trkpt>
      <trkpt lat="45.060772" lon="-72.39096">
        <ele>188.6</ele>
      </trkpt>
      <trkpt lat="45.061625" lon="-72.39073">
        <ele>184.3</ele>
      </trkpt>
      <trkpt lat="45.062477" lon="-72.3905">
        <ele>183.4</ele>
      </trkpt>
      <trkpt lat="45.06333" lon="-72.39027">
        <ele>184</ele>
      </trkpt>
      <trkpt lat="45.06402" lon="-72.390113">
        <ele>183.2</ele>
      </trkpt>
      <trkpt lat="45.06471" lon="-72.389956">
        <ele>182.9</ele>
      </trkpt>
      <trkpt lat="45.0654" lon="-72.3898">
        <ele>185.7</ele>
      </trkpt>
      <trkpt lat="45.066" lon="-72.38967">
        <ele>187.9</ele>
      </trkpt>
      <trkpt lat="45.0666" lon="-72.38954">
        <ele>189.1</ele>
      </trkpt>
      <trkpt lat="45.06748" lon="-72.38932">
        <ele>188.8</ele>
      </trkpt>
      <trkpt lat="45.06836" lon="-72.3891">
        <ele>189.8</ele>
      </trkpt>
      <trkpt lat="45.06924" lon="-72.38888">
        <ele>191</ele>
      </trkpt>
      <trkpt lat="45.06963" lon="-72.38883">
        <ele>191.8</ele>
      </trkpt>
      <trkpt lat="45.07049" lon="-72.38875">
        <ele>192.9</ele>
      </trkpt>
      <trkpt lat="45.07086" lon="-72.38875">
        <ele>193.1</ele>
      </trkpt>
      <trkpt lat="45.07135" lon="-72.38879">
        <ele>193.3</ele>
      </trkpt>
      <trkpt lat="45.07158" lon="-72.38882">
        <ele>193.5</ele>
      </trkpt>
      <trkpt lat="45.072173" lon="-72.388956">
        <ele>192.6</ele>
      </trkpt>
      <trkpt lat="45.072766" lon="-72.389093">
        <ele>190.8</ele>
      </trkpt>
      <trkpt lat="45.07336" lon="-72.38923">
        <ele>188.6</ele>
      </trkpt>
      <trkpt lat="45.07334" lon="-72.38905">
        <ele>188.2</ele>
      </trkpt>
      <trkpt lat="45.0733" lon="-72.38896">
        <ele>188.2</ele>
      </trkpt>
      <trkpt lat="45.07324" lon="-72.38889">
        <ele>187.5</ele>
      </trkpt>
      <trkpt lat="45.07289" lon="-72.3887">
        <ele>186</ele>
      </trkpt>
      <trkpt lat="45.0728" lon="-72.38861">
        <ele>185.4</ele>
      </trkpt>
      <trkpt lat="45.07261" lon="-72.38813">
        <ele>183.1</ele>
      </trkpt>
      <trkpt lat="45.07259" lon="-72.38803">
        <ele>183.1</ele>
      </trkpt>
      <trkpt lat="45.07259" lon="-72.38789">
        <ele>183</ele>
      </trkpt>
      <trkpt lat="45.07266" lon="-72.38758">
        <ele>183.1</ele>
      </trkpt>
      <trkpt lat="45.07299" lon="-72.38702">
        <ele>183.3</ele>
      </trkpt>
      <trkpt lat="45.07339" lon="-72.38622">
        <ele>183.8</ele>
      </trkpt>
      <trkpt lat="45.07358" lon="-72.38581">
        <ele>185.3</ele>
      </trkpt>
      <trkpt lat="45.07358" lon="-72.38582">
        <ele>185.3</ele>
      </trkpt>
      <trkpt lat="45.07407" lon="-72.384755">
        <ele>188.3</ele>
      </trkpt>
      <trkpt lat="45.07456" lon="-72.38369">
        <ele>190</ele>
      </trkpt>
      <trkpt lat="45.07474" lon="-72.38325">
        <ele>191.2</ele>
      </trkpt>
      <trkpt lat="45.07495" lon="-72.38217">
        <ele>194.2</ele>
      </trkpt>
      <trkpt lat="45.07504" lon="-72.3819">
        <ele>194.3</ele>
      </trkpt>
      <trkpt lat="45.07515" lon="-72.38167">
        <ele>194.6</ele>
      </trkpt>
      <trkpt lat="45.07562" lon="-72.38091">
        <ele>197</ele>
      </trkpt>
      <trkpt lat="45.07583" lon="-72.38041">
        <ele>197.7</ele>
      </trkpt>
      <trkpt lat="45.07613" lon="-72.37984">
        <ele>197.5</ele>
      </trkpt>
      <trkpt lat="45.07632" lon="-72.37943">
        <ele>198.5</ele>
      </trkpt>
      <trkpt lat="45.07648" lon="-72.37916">
        <ele>198.3</ele>
      </trkpt>
      <trkpt lat="45.07662" lon="-72.37882">
        <ele>197.4</ele>
      </trkpt>
      <trkpt lat="45.07673" lon="-72.37849">
        <ele>196.7</ele>
      </trkpt>
      <trkpt lat="45.076925" lon="-72.377285">
        <ele>199.1</ele>
      </trkpt>
      <trkpt lat="45.07712" lon="-72.37608">
        <ele>199.4</ele>
      </trkpt>
      <trkpt lat="45.07715" lon="-72.37572">
        <ele>199.7</ele>
      </trkpt>
      <trkpt lat="45.077175" lon="-72.374895">
        <ele>200.9</ele>
      </trkpt>
      <trkpt lat="45.0772" lon="-72.37407">
        <ele>201.1</ele>
      </trkpt>
      <trkpt lat="45.07724" lon="-72.3737">
        <ele>202.2</ele>
      </trkpt>
      <trkpt lat="45.07737" lon="-72.37321">
        <ele>204.7</ele>
      </trkpt>
      <trkpt lat="45.07765" lon="-72.37258">
        <ele>207</ele>
      </trkpt>
      <trkpt lat="45.07786" lon="-72.37228">
        <ele>207.5</ele>
      </trkpt>
      <trkpt lat="45.07835" lon="-72.37169">
        <ele>210.9</ele>
      </trkpt>
      <trkpt lat="45.07848" lon="-72.37147">
        <ele>213.3</ele>
      </trkpt>
      <trkpt lat="45.07853" lon="-72.37133">
        <ele>214.6</ele>
      </trkpt>
      <trkpt lat="45.07852" lon="-72.37066">
        <ele>218.7</ele>
      </trkpt>
      <trkpt lat="45.07854" lon="-72.37035">
        <ele>221.4</ele>
      </trkpt>
      <trkpt lat="45.07868" lon="-72.36919">
        <ele>229.4</ele>
      </trkpt>
      <trkpt lat="45.07878" lon="-72.36887">
        <ele>231.1</ele>
      </trkpt>
      <trkpt lat="45.07885" lon="-72.36878">
        <ele>231.4</ele>
      </trkpt>
      <trkpt lat="45.07898" lon="-72.36868">
        <ele>231.8</ele>
      </trkpt>
      <trkpt lat="45.07952" lon="-72.36841">
        <ele>233.3</ele>
      </trkpt>
      <trkpt lat="45.0801" lon="-72.36793">
        <ele>237</ele>
      </trkpt>
      <trkpt lat="45.08044" lon="-72.3676">
        <ele>238.4</ele>
      </trkpt>
      <trkpt lat="45.08109" lon="-72.36691">
        <ele>242.7</ele>
      </trkpt>
      <trkpt lat="45.08165" lon="-72.366235">
        <ele>245.5</ele>
      </trkpt>
      <trkpt lat="45.08221" lon="-72.36556">
        <ele>248.7</ele>
      </trkpt>
      <trkpt lat="45.08252" lon="-72.36529">
        <ele>249.8</ele>
      </trkpt>
      <trkpt lat="45.08294" lon="-72.36474">
        <ele>250.2</ele>
      </trkpt>
      <trkpt lat="45.08325" lon="-72.36417">
        <ele>250.3</ele>
      </trkpt>
      <trkpt lat="45.08336" lon="-72.36381">
        <ele>251.2</ele>
      </trkpt>
      <trkpt lat="45.08348" lon="-72.36319">
        <ele>252.8</ele>
      </trkpt>
      <trkpt lat="45.08368" lon="-72.36255">
        <ele>256.4</ele>
      </trkpt>
      <trkpt lat="45.08385" lon="-72.3621">
        <ele>259.4</ele>
      </trkpt>
      <trkpt lat="45.084" lon="-72.3618">
        <ele>260.9</ele>
      </trkpt>
      <trkpt lat="45.08427" lon="-72.36143">
        <ele>261.5</ele>
      </trkpt>
      <trkpt lat="45.08457" lon="-72.36108">
        <ele>261.2</ele>
      </trkpt>
      <trkpt lat="45.08474" lon="-72.36094">
        <ele>261.2</ele>
      </trkpt>
      <trkpt lat="45.08494" lon="-72.3608">
        <ele>261.2</ele>
      </trkpt>
      <trkpt lat="45.08537" lon="-72.36018">
        <ele>262.5</ele>
      </trkpt>
      <trkpt lat="45.0858" lon="-72.35956">
        <ele>265.3</ele>
      </trkpt>
      <trkpt lat="45.08593" lon="-72.35933">
        <ele>266</ele>
      </trkpt>
      <trkpt lat="45.08604" lon="-72.35906">
        <ele>267.1</ele>
      </trkpt>
      <trkpt lat="45.08624" lon="-72.35846">
        <ele>268.7</ele>
      </trkpt>
      <trkpt lat="45.08645" lon="-72.35794">
        <ele>271.6</ele>
      </trkpt>
      <trkpt lat="45.08671" lon="-72.35756">
        <ele>273.8</ele>
      </trkpt>
      <trkpt lat="45.08712" lon="-72.357879">
        <ele>273.2</ele>
      </trkpt>
      <trkpt lat="45.08753" lon="-72.3582">
        <ele>272.3</ele>
      </trkpt>
      <trkpt lat="45.08787" lon="-72.35839">
        <ele>272.4</ele>
      </trkpt>
      <trkpt lat="45.08798" lon="-72.35839">
        <ele>272.7</ele>
      </trkpt>
      <trkpt lat="45.08825" lon="-72.35839">
        <ele>274</ele>
      </trkpt>
      <trkpt lat="45.08896" lon="-72.35821">
        <ele>274.2</ele>
      </trkpt>
      <trkpt lat="45.08922" lon="-72.35817">
        <ele>273.3</ele>
      </trkpt>
      <trkpt lat="45.08952" lon="-72.35818">
        <ele>271.1</ele>
      </trkpt>
      <trkpt lat="45.09028" lon="-72.35817">
        <ele>268.7</ele>
      </trkpt>
      <trkpt lat="45.09043" lon="-72.35821">
        <ele>268.7</ele>
      </trkpt>
      <trkpt lat="45.091085" lon="-72.358479">
        <ele>265.6</ele>
      </trkpt>
      <trkpt lat="45.09174" lon="-72.35875">
        <ele>262.9</ele>
      </trkpt>
      <trkpt lat="45.09237" lon="-72.35897">
        <ele>261.4</ele>
      </trkpt>
      <trkpt lat="45.09299" lon="-72.35928">
        <ele>255.5</ele>
      </trkpt>
      <trkpt lat="45.093514" lon="-72.359439">
        <ele>253</ele>
      </trkpt>
      <trkpt lat="45.09404" lon="-72.3596">
        <ele>249.9</ele>
      </trkpt>
      <trkpt lat="45.0945" lon="-72.35978">
        <ele>249.1</ele>
      </trkpt>
      <trkpt lat="45.09502" lon="-72.360024">
        <ele>249.1</ele>
      </trkpt>
      <trkpt lat="45.09554" lon="-72.36027">
        <ele>248.4</ele>
      </trkpt>
      <trkpt lat="45.09626" lon="-72.36067">
        <ele>247.4</ele>
      </trkpt>
      <trkpt lat="45.09694" lon="-72.361074">
        <ele>246.9</ele>
      </trkpt>
      <trkpt lat="45.09762" lon="-72.36148">
        <ele>245.3</ele>
      </trkpt>
      <trkpt lat="45.098186" lon="-72.361776">
        <ele>243.8</ele>
      </trkpt>
      <trkpt lat="45.098753" lon="-72.362073">
        <ele>242.5</ele>
      </trkpt>
      <trkpt lat="45.09932" lon="-72.36237">
        <ele>239.2</ele>
      </trkpt>
      <trkpt lat="45.09994" lon="-72.3626">
        <ele>236.4</ele>
      </trkpt>
      <trkpt lat="45.1004" lon="-72.36278">
        <ele>233.7</ele>
      </trkpt>
      <trkpt lat="45.10082" lon="-72.36291">
        <ele>229</ele>
      </trkpt>
      <trkpt lat="45.10096" lon="-72.36292">
        <ele>226.5</ele>
      </trkpt>
      <trkpt lat="45.10184" lon="-72.36291">
        <ele>222.2</ele>
      </trkpt>
      <trkpt lat="45.10206" lon="-72.36286">
        <ele>224.4</ele>
      </trkpt>
      <trkpt lat="45.10249" lon="-72.36271">
        <ele>230.6</ele>
      </trkpt>
      <trkpt lat="45.103182" lon="-72.362535">
        <ele>238.3</ele>
      </trkpt>
      <trkpt lat="45.103875" lon="-72.36236">
        <ele>245.2</ele>
      </trkpt>
      <trkpt lat="45.104567" lon="-72.362185">
        <ele>252.1</ele>
      </trkpt>
      <trkpt lat="45.10526" lon="-72.36201">
        <ele>255.9</ele>
      </trkpt>
      <trkpt lat="45.10597" lon="-72.36184">
        <ele>256.7</ele>
      </trkpt>
      <trkpt lat="45.10672" lon="-72.361595">
        <ele>260.6</ele>
      </trkpt>
      <trkpt lat="45.10747" lon="-72.36135">
        <ele>268.1</ele>
      </trkpt>
      <trkpt lat="45.10767" lon="-72.36126">
        <ele>269.5</ele>
      </trkpt>
      <trkpt lat="45.108" lon="-72.36101">
        <ele>269.5</ele>
      </trkpt>
      <trkpt lat="45.10819" lon="-72.36085">
        <ele>269.9</ele>
      </trkpt>
      <trkpt lat="45.10882" lon="-72.36027">
        <ele>271.6</ele>
      </trkpt>
      <trkpt lat="45.10929" lon="-72.35977">
        <ele>272.6</ele>
      </trkpt>
      <trkpt lat="45.10992" lon="-72.35929">
        <ele>274.5</ele>
      </trkpt>
      <trkpt lat="45.1103" lon="-72.35915">
        <ele>275.6</ele>
      </trkpt>
      <trkpt lat="45.111" lon="-72.35902">
        <ele>279.1</ele>
      </trkpt>
      <trkpt lat="45.1117" lon="-72.35889">
        <ele>279.8</ele>
      </trkpt>
      <trkpt lat="45.112" lon="-72.35883">
        <ele>280.9</ele>
      </trkpt>
      <trkpt lat="45.11248" lon="-72.35866">
        <ele>285.6</ele>
      </trkpt>
      <trkpt lat="45.113054" lon="-72.35855">
        <ele>290.7</ele>
      </trkpt>
      <trkpt lat="45.11363" lon="-72.35844">
        <ele>293.7</ele>
      </trkpt>
      <trkpt lat="45.11449" lon="-72.35835">
        <ele>293.6</ele>
      </trkpt>
      <trkpt lat="45.11535" lon="-72.35817">
        <ele>295.8</ele>
      </trkpt>
      <trkpt lat="45.116145" lon="-72.3581">
        <ele>297.1</ele>
      </trkpt>
      <trkpt lat="45.11694" lon="-72.35803">
        <ele>295.5</ele>
      </trkpt>
      <trkpt lat="45.117553" lon="-72.357986">
        <ele>296.7</ele>
      </trkpt>
      <trkpt lat="45.118166" lon="-72.357943">
        <ele>298.6</ele>
      </trkpt>
      <trkpt lat="45.11878" lon="-72.3579">
        <ele>301.9</ele>
      </trkpt>
      <trkpt lat="45.119255" lon="-72.3579">
        <ele>300.6</ele>
      </trkpt>
      <trkpt lat="45.11973" lon="-72.3579">
        <ele>297.2</ele>
      </trkpt>
      <trkpt lat="45.12026" lon="-72.357875">
        <ele>295.8</ele>
      </trkpt>
      <trkpt lat="45.12079" lon="-72.35785">
        <ele>293.1</ele>
      </trkpt>
      <trkpt lat="45.121285" lon="-72.35785">
        <ele>292</ele>
      </trkpt>
      <trkpt lat="45.12178" lon="-72.35785">
        <ele>288.3</ele>
      </trkpt>
      <trkpt lat="45.122285" lon="-72.357869">
        <ele>285.6</ele>
      </trkpt>
      <trkpt lat="45.12279" lon="-72.35789">
        <ele>284.4</ele>
      </trkpt>
      <trkpt lat="45.1235" lon="-72.35794">
        <ele>281.7</ele>
      </trkpt>
      <trkpt lat="45.124249" lon="-72.357989">
        <ele>278.6</ele>
      </trkpt>
      <trkpt lat="45.125" lon="-72.35804">
        <ele>276.3</ele>
      </trkpt>
      <trkpt lat="45.125826" lon="-72.358127">
        <ele>273.3</ele>
      </trkpt>
      <trkpt lat="45.126652" lon="-72.358215">
        <ele>270.7</ele>
      </trkpt>
      <trkpt lat="45.127478" lon="-72.358303">
        <ele>267.9</ele>
      </trkpt>
      <trkpt lat="45.128304" lon="-72.358391">
        <ele>266</ele>
      </trkpt>
      <trkpt lat="45.12913" lon="-72.35848">
        <ele>264.8</ele>
      </trkpt>
      <trkpt lat="45.12939" lon="-72.35844">
        <ele>264</ele>
      </trkpt>
      <trkpt lat="45.1301" lon="-72.35839">
        <ele>258.6</ele>
      </trkpt>
      <trkpt lat="45.13062" lon="-72.358325">
        <ele>256.5</ele>
      </trkpt>
      <trkpt lat="45.13114" lon="-72.35826">
        <ele>255.6</ele>
      </trkpt>
      <trkpt lat="45.131645" lon="-72.358215">
        <ele>254.9</ele>
      </trkpt>
      <trkpt lat="45.13215" lon="-72.35817">
        <ele>255.2</ele>
      </trkpt>
      <trkpt lat="45.13245" lon="-72.35818">
        <ele>255.2</ele>
      </trkpt>
      <trkpt lat="45.13309" lon="-72.35867">
        <ele>252.8</ele>
      </trkpt>
      <trkpt lat="45.13322" lon="-72.35883">
        <ele>251.6</ele>
      </trkpt>
      <trkpt lat="45.13349" lon="-72.35902">
        <ele>250.9</ele>
      </trkpt>
      <trkpt lat="45.13384" lon="-72.35911">
        <ele>249.4</ele>
      </trkpt>
      <trkpt lat="45.13429" lon="-72.35919">
        <ele>248.8</ele>
      </trkpt>
      <trkpt lat="45.13511" lon="-72.35921">
        <ele>248.7</ele>
      </trkpt>
      <trkpt lat="45.1353" lon="-72.35925">
        <ele>247.8</ele>
      </trkpt>
      <trkpt lat="45.13547" lon="-72.35933">
        <ele>246.7</ele>
      </trkpt>
      <trkpt lat="45.1359" lon="-72.35964">
        <ele>243.1</ele>
      </trkpt>
      <trkpt lat="45.13606" lon="-72.35983">
        <ele>242.1</ele>
      </trkpt>
      <trkpt lat="45.13623" lon="-72.36018">
        <ele>239</ele>
      </trkpt>
      <trkpt lat="45.13637" lon="-72.36032">
        <ele>237.3</ele>
      </trkpt>
      <trkpt lat="45.13643" lon="-72.36036">
        <ele>236.2</ele>
      </trkpt>
      <trkpt lat="45.13699" lon="-72.36041">
        <ele>233.3</ele>
      </trkpt>
      <trkpt lat="45.137549" lon="-72.360434">
        <ele>232.9</ele>
      </trkpt>
      <trkpt lat="45.13811" lon="-72.36046">
        <ele>231.4</ele>
      </trkpt>
      <trkpt lat="45.13871" lon="-72.360563">
        <ele>231.9</ele>
      </trkpt>
      <trkpt lat="45.13931" lon="-72.360666">
        <ele>233.3</ele>
      </trkpt>
      <trkpt lat="45.13991" lon="-72.36077">
        <ele>232.3</ele>
      </trkpt>
      <trkpt lat="45.1402" lon="-72.36081">
        <ele>230.9</ele>
      </trkpt>
      <trkpt lat="45.1405" lon="-72.36082">
        <ele>230.2</ele>
      </trkpt>
      <trkpt lat="45.14095" lon="-72.3609">
        <ele>228</ele>
      </trkpt>
      <trkpt lat="45.14132" lon="-72.36099">
        <ele>223.2</ele>
      </trkpt>
      <trkpt lat="45.14171" lon="-72.36112">
        <ele>217.8</ele>
      </trkpt>
      <trkpt lat="45.14209" lon="-72.36126">
        <ele>214.2</ele>
      </trkpt>
      <trkpt lat="45.14236" lon="-72.36139">
        <ele>211.7</ele>
      </trkpt>
      <trkpt lat="45.1429" lon="-72.36161">
        <ele>208.3</ele>
      </trkpt>
      <trkpt lat="45.14308" lon="-72.36171">
        <ele>206.8</ele>
      </trkpt>
      <trkpt lat="45.14323" lon="-72.36188">
        <ele>206.4</ele>
      </trkpt>
      <trkpt lat="45.14331" lon="-72.36202">
        <ele>206.3</ele>
      </trkpt>
      <trkpt lat="45.14338" lon="-72.36233">
        <ele>206.1</ele>
      </trkpt>
      <trkpt lat="45.14336" lon="-72.36255">
        <ele>206.2</ele>
      </trkpt>
      <trkpt lat="45.1433" lon="-72.36277">
        <ele>206.2</ele>
      </trkpt>
      <trkpt lat="45.1432" lon="-72.36296">
        <ele>206.2</ele>
      </trkpt>
      <trkpt lat="45.142863" lon="-72.363823">
        <ele>206.1</ele>
      </trkpt>
      <trkpt lat="45.142526" lon="-72.364686">
        <ele>206.4</ele>
      </trkpt>
      <trkpt lat="45.14219" lon="-72.36555">
        <ele>205.5</ele>
      </trkpt>
      <trkpt lat="45.14214" lon="-72.36578">
        <ele>204.4</ele>
      </trkpt>
      <trkpt lat="45.1422" lon="-72.36632">
        <ele>201.7</ele>
      </trkpt>
      <trkpt lat="45.14221" lon="-72.36655">
        <ele>201.1</ele>
      </trkpt>
      <trkpt lat="45.14218" lon="-72.36767">
        <ele>191.3</ele>
      </trkpt>
      <trkpt lat="45.1423" lon="-72.36842">
        <ele>187.7</ele>
      </trkpt>
      <trkpt lat="45.1424" lon="-72.3689">
        <ele>187.7</ele>
      </trkpt>
      <trkpt lat="45.14263" lon="-72.37012">
        <ele>189.1</ele>
      </trkpt>
      <trkpt lat="45.14267" lon="-72.37057">
        <ele>190.2</ele>
      </trkpt>
      <trkpt lat="45.14286" lon="-72.371304">
        <ele>194.1</ele>
      </trkpt>
      <trkpt lat="45.14305" lon="-72.37204">
        <ele>196.1</ele>
      </trkpt>
      <trkpt lat="45.14349" lon="-72.37175">
        <ele>197.5</ele>
      </trkpt>
      <trkpt lat="45.14393" lon="-72.37146">
        <ele>198.1</ele>
      </trkpt>
      <trkpt lat="45.144735" lon="-72.371008">
        <ele>198.6</ele>
      </trkpt>
      <trkpt lat="45.14554" lon="-72.370556">
        <ele>199.9</ele>
      </trkpt>
      <trkpt lat="45.146345" lon="-72.370105">
        <ele>200.6</ele>
      </trkpt>
      <trkpt lat="45.14715" lon="-72.369653">
        <ele>201.9</ele>
      </trkpt>
      <trkpt lat="45.147955" lon="-72.369201">
        <ele>205.1</ele>
      </trkpt>
      <trkpt lat="45.14876" lon="-72.36875">
        <ele>209.6</ele>
      </trkpt>
      <trkpt lat="45.149536" lon="-72.368326">
        <ele>211.5</ele>
      </trkpt>
      <trkpt lat="45.150313" lon="-72.367903">
        <ele>211.7</ele>
      </trkpt>
      <trkpt lat="45.15109" lon="-72.36748">
        <ele>211.1</ele>
      </trkpt>
      <trkpt lat="45.151525" lon="-72.36725">
        <ele>210</ele>
      </trkpt>
      <trkpt lat="45.15196" lon="-72.36702">
        <ele>208.6</ele>
      </trkpt>
      <trkpt lat="45.15232" lon="-72.36692">
        <ele>208.5</ele>
      </trkpt>
      <trkpt lat="45.15264" lon="-72.36686">
        <ele>208.3</ele>
      </trkpt>
      <trkpt lat="45.15288" lon="-72.36685">
        <ele>209</ele>
      </trkpt>
      <trkpt lat="45.1534" lon="-72.36689">
        <ele>213.5</ele>
      </trkpt>
      <trkpt lat="45.15369" lon="-72.36694">
        <ele>215.3</ele>
      </trkpt>
      <trkpt lat="45.154333" lon="-72.367109">
        <ele>217.7</ele>
      </trkpt>
      <trkpt lat="45.154976" lon="-72.367279">
        <ele>218</ele>
      </trkpt>
      <trkpt lat="45.15562" lon="-72.36745">
        <ele>218.2</ele>
      </trkpt>
      <trkpt lat="45.156159" lon="-72.367599">
        <ele>218.5</ele>
      </trkpt>
      <trkpt lat="45.1567" lon="-72.36775">
        <ele>218.5</ele>
      </trkpt>
      <trkpt lat="45.157386" lon="-72.367923">
        <ele>218.9</ele>
      </trkpt>
      <trkpt lat="45.158073" lon="-72.368096">
        <ele>219.2</ele>
      </trkpt>
      <trkpt lat="45.15876" lon="-72.36827">
        <ele>220.1</ele>
      </trkpt>
      <trkpt lat="45.1594" lon="-72.368409">
        <ele>219.5</ele>
      </trkpt>
      <trkpt lat="45.16004" lon="-72.36855">
        <ele>216.9</ele>
      </trkpt>
      <trkpt lat="45.16024" lon="-72.36855">
        <ele>216.4</ele>
      </trkpt>
      <trkpt lat="45.160205" lon="-72.367564">
        <ele>206</ele>
      </trkpt>
      <trkpt lat="45.16017" lon="-72.36658">
        <ele>198.9</ele>
      </trkpt>
      <trkpt lat="45.16008" lon="-72.365814">
        <ele>196.2</ele>
      </trkpt>
      <trkpt lat="45.15999" lon="-72.36505">
        <ele>195.2</ele>
      </trkpt>
      <trkpt lat="45.15997" lon="-72.36469">
        <ele>195</ele>
      </trkpt>
      <trkpt lat="45.15998" lon="-72.36469">
        <ele>195</ele>
      </trkpt>
      <trkpt lat="45.15993" lon="-72.36382">
        <ele>195</ele>
      </trkpt>
      <trkpt lat="45.15991" lon="-72.363029">
        <ele>195.9</ele>
      </trkpt>
      <trkpt lat="45.15989" lon="-72.36224">
        <ele>199.3</ele>
      </trkpt>
      <trkpt lat="45.15995" lon="-72.36171">
        <ele>200.7</ele>
      </trkpt>
      <trkpt lat="45.16004" lon="-72.3614">
        <ele>203.2</ele>
      </trkpt>
      <trkpt lat="45.16003" lon="-72.36126">
        <ele>203.8</ele>
      </trkpt>
      <trkpt lat="45.15974" lon="-72.36064">
        <ele>212</ele>
      </trkpt>
      <trkpt lat="45.15956" lon="-72.36022">
        <ele>217.4</ele>
      </trkpt>
      <trkpt lat="45.15949" lon="-72.35996">
        <ele>219.7</ele>
      </trkpt>
      <trkpt lat="45.15949" lon="-72.35978">
        <ele>220.8</ele>
      </trkpt>
      <trkpt lat="45.15971" lon="-72.35901">
        <ele>224</ele>
      </trkpt>
      <trkpt lat="45.15972" lon="-72.35888">
        <ele>225.9</ele>
      </trkpt>
      <trkpt lat="45.15971" lon="-72.35876">
        <ele>225.9</ele>
      </trkpt>
      <trkpt lat="45.15965" lon="-72.35866">
        <ele>226.5</ele>
      </trkpt>
      <trkpt lat="45.15944" lon="-72.35835">
        <ele>227.7</ele>
      </trkpt>
      <trkpt lat="45.15915" lon="-72.35808">
        <ele>228.8</ele>
      </trkpt>
      <trkpt lat="45.15882" lon="-72.35785">
        <ele>231.5</ele>
      </trkpt>
      <trkpt lat="45.158425" lon="-72.357514">
        <ele>235.2</ele>
      </trkpt>
      <trkpt lat="45.15803" lon="-72.35718">
        <ele>238.1</ele>
      </trkpt>
      <trkpt lat="45.15763" lon="-72.35678">
        <ele>243.8</ele>
      </trkpt>
      <trkpt lat="45.1574" lon="-72.3566">
        <ele>247</ele>
      </trkpt>
      <trkpt lat="45.15724" lon="-72.35651">
        <ele>248.1</ele>
      </trkpt>
      <trkpt lat="45.15687" lon="-72.35637">
        <ele>250.6</ele>
      </trkpt>
      <trkpt lat="45.15669" lon="-72.35628">
        <ele>252.4</ele>
      </trkpt>
      <trkpt lat="45.15653" lon="-72.35612">
        <ele>253.8</ele>
      </trkpt>
      <trkpt lat="45.15612" lon="-72.35565">
        <ele>261.1</ele>
      </trkpt>
      <trkpt lat="45.15599" lon="-72.35544">
        <ele>262.4</ele>
      </trkpt>
      <trkpt lat="45.15588" lon="-72.35525">
        <ele>263.2</ele>
      </trkpt>
      <trkpt lat="45.15554" lon="-72.354494">
        <ele>267.7</ele>
      </trkpt>
      <trkpt lat="45.1552" lon="-72.35374">
        <ele>271.1</ele>
      </trkpt>
      <trkpt lat="45.15478" lon="-72.35292">
        <ele>272.6</ele>
      </trkpt>
      <trkpt lat="45.15457" lon="-72.35252">
        <ele>273</ele>
      </trkpt>
      <trkpt lat="45.15427" lon="-72.35203">
        <ele>273.9</ele>
      </trkpt>
      <trkpt lat="45.15403" lon="-72.35145">
        <ele>276.6</ele>
      </trkpt>
      <trkpt lat="45.15392" lon="-72.3511">
        <ele>277.5</ele>
      </trkpt>
      <trkpt lat="45.1537" lon="-72.35028">
        <ele>282.3</ele>
      </trkpt>
      <trkpt lat="45.15366" lon="-72.35002">
        <ele>285.2</ele>
      </trkpt>
      <trkpt lat="45.15363" lon="-72.34949">
        <ele>288.4</ele>
      </trkpt>
      <trkpt lat="45.15364" lon="-72.34894">
        <ele>293.1</ele>
      </trkpt>
      <trkpt lat="45.15369" lon="-72.34841">
        <ele>297.9</ele>
      </trkpt>
      <trkpt lat="45.15379" lon="-72.34791">
        <ele>305.2</ele>
      </trkpt>
      <trkpt lat="45.15393" lon="-72.34748">
        <ele>307.6</ele>
      </trkpt>
      <trkpt lat="45.154215" lon="-72.346965">
        <ele>312.1</ele>
      </trkpt>
      <trkpt lat="45.1545" lon="-72.34645">
        <ele>316</ele>
      </trkpt>
      <trkpt lat="45.15493" lon="-72.345795">
        <ele>318.8</ele>
      </trkpt>
      <trkpt lat="45.15536" lon="-72.34514">
        <ele>320.9</ele>
      </trkpt>
      <trkpt lat="45.155887" lon="-72.344377">
        <ele>325.1</ele>
      </trkpt>
      <trkpt lat="45.156415" lon="-72.343615">
        <ele>328</ele>
      </trkpt>
      <trkpt lat="45.156942" lon="-72.342852">
        <ele>330.1</ele>
      </trkpt>
      <trkpt lat="45.15747" lon="-72.34209">
        <ele>332.3</ele>
      </trkpt>
      <trkpt lat="45.15794" lon="-72.34133">
        <ele>336.5</ele>
      </trkpt>
      <trkpt lat="45.158493" lon="-72.34038">
        <ele>340.8</ele>
      </trkpt>
      <trkpt lat="45.159046" lon="-72.33943">
        <ele>343.5</ele>
      </trkpt>
      <trkpt lat="45.1596" lon="-72.33848">
        <ele>344.7</ele>
      </trkpt>
      <trkpt lat="45.16005" lon="-72.33767">
        <ele>345.2</ele>
      </trkpt>
      <trkpt lat="45.16027" lon="-72.33722">
        <ele>346.7</ele>
      </trkpt>
      <trkpt lat="45.160585" lon="-72.336485">
        <ele>348.5</ele>
      </trkpt>
      <trkpt lat="45.1609" lon="-72.33575">
        <ele>347.6</ele>
      </trkpt>
      <trkpt lat="45.1609" lon="-72.33576">
        <ele>347.6</ele>
      </trkpt>
      <trkpt lat="45.16104" lon="-72.33539">
        <ele>345.1</ele>
      </trkpt>
      <trkpt lat="45.16132" lon="-72.33449">
        <ele>338</ele>
      </trkpt>
      <trkpt lat="45.1616" lon="-72.33359">
        <ele>335.4</ele>
      </trkpt>
      <trkpt lat="45.16189" lon="-72.33275">
        <ele>335.5</ele>
      </trkpt>
      <trkpt lat="45.16212" lon="-72.33198">
        <ele>336.5</ele>
      </trkpt>
      <trkpt lat="45.16219" lon="-72.33161">
        <ele>335.6</ele>
      </trkpt>
      <trkpt lat="45.16224" lon="-72.33104">
        <ele>330.9</ele>
      </trkpt>
      <trkpt lat="45.16225" lon="-72.33054">
        <ele>328.4</ele>
      </trkpt>
      <trkpt lat="45.16224" lon="-72.329734">
        <ele>329.7</ele>
      </trkpt>
      <trkpt lat="45.16223" lon="-72.32893">
        <ele>333.2</ele>
      </trkpt>
      <trkpt lat="45.16225" lon="-72.32812">
        <ele>334.6</ele>
      </trkpt>
      <trkpt lat="45.16238" lon="-72.3271">
        <ele>331.7</ele>
      </trkpt>
      <trkpt lat="45.162455" lon="-72.325965">
        <ele>324.2</ele>
      </trkpt>
      <trkpt lat="45.16253" lon="-72.32483">
        <ele>318.8</ele>
      </trkpt>
      <trkpt lat="45.16254" lon="-72.32379">
        <ele>313.5</ele>
      </trkpt>
      <trkpt lat="45.16252" lon="-72.32347">
        <ele>311.7</ele>
      </trkpt>
      <trkpt lat="45.16246" lon="-72.32279">
        <ele>309.2</ele>
      </trkpt>
      <trkpt lat="45.16237" lon="-72.32231">
        <ele>307.9</ele>
      </trkpt>
      <trkpt lat="45.162165" lon="-72.321609">
        <ele>307.6</ele>
      </trkpt>
      <trkpt lat="45.16196" lon="-72.32091">
        <ele>308.6</ele>
      </trkpt>
      <trkpt lat="45.161765" lon="-72.320314">
        <ele>308.5</ele>
      </trkpt>
      <trkpt lat="45.16157" lon="-72.31972">
        <ele>308.4</ele>
      </trkpt>
      <trkpt lat="45.16138" lon="-72.31904">
        <ele>308.2</ele>
      </trkpt>
      <trkpt lat="45.161195" lon="-72.318214">
        <ele>307.4</ele>
      </trkpt>
      <trkpt lat="45.16101" lon="-72.31739">
        <ele>305.9</ele>
      </trkpt>
      <trkpt lat="45.16079" lon="-72.31755">
        <ele>307.2</ele>
      </trkpt>
      <trkpt lat="45.16009" lon="-72.31774">
        <ele>312.4</ele>
      </trkpt>
      <trkpt lat="45.15974" lon="-72.31774">
        <ele>315.5</ele>
      </trkpt>
      <trkpt lat="45.158924" lon="-72.317727">
        <ele>325.2</ele>
      </trkpt>
      <trkpt lat="45.158109" lon="-72.317714">
        <ele>331.6</ele>
      </trkpt>
      <trkpt lat="45.157294" lon="-72.317702">
        <ele>335.4</ele>
      </trkpt>
      <trkpt lat="45.15648" lon="-72.31769">
        <ele>336</ele>
      </trkpt>
      <trkpt lat="45.15573" lon="-72.31757">
        <ele>332.9</ele>
      </trkpt>
      <trkpt lat="45.15528" lon="-72.317429">
        <ele>333</ele>
      </trkpt>
      <trkpt lat="45.15483" lon="-72.31729">
        <ele>334.1</ele>
      </trkpt>
      <trkpt lat="45.15418" lon="-72.31716">
        <ele>336.1</ele>
      </trkpt>
      <trkpt lat="45.15361" lon="-72.31725">
        <ele>340.7</ele>
      </trkpt>
      <trkpt lat="45.15315" lon="-72.31738">
        <ele>344.2</ele>
      </trkpt>
      <trkpt lat="45.1526" lon="-72.31746">
        <ele>351.2</ele>
      </trkpt>
      <trkpt lat="45.15232" lon="-72.31752">
        <ele>352.3</ele>
      </trkpt>
      <trkpt lat="45.15184" lon="-72.31774">
        <ele>354.5</ele>
      </trkpt>
      <trkpt lat="45.15183" lon="-72.31774">
        <ele>354.5</ele>
      </trkpt>
      <trkpt lat="45.15104" lon="-72.3181">
        <ele>357.1</ele>
      </trkpt>
      <trkpt lat="45.15025" lon="-72.31846">
        <ele>362.8</ele>
      </trkpt>
      <trkpt lat="45.14991" lon="-72.31868">
        <ele>366.3</ele>
      </trkpt>
      <trkpt lat="45.14984" lon="-72.31872">
        <ele>367.4</ele>
      </trkpt>
      <trkpt lat="45.14969" lon="-72.31872">
        <ele>368.6</ele>
      </trkpt>
      <trkpt lat="45.14946" lon="-72.31868">
        <ele>370.3</ele>
      </trkpt>
      <trkpt lat="45.14922" lon="-72.31868">
        <ele>371.9</ele>
      </trkpt>
      <trkpt lat="45.14902" lon="-72.31872">
        <ele>373.4</ele>
      </trkpt>
      <trkpt lat="45.14847" lon="-72.31895">
        <ele>379.6</ele>
      </trkpt>
      <trkpt lat="45.14827" lon="-72.31908">
        <ele>382.7</ele>
      </trkpt>
      <trkpt lat="45.14815" lon="-72.31917">
        <ele>382.7</ele>
      </trkpt>
      <trkpt lat="45.14792" lon="-72.3194">
        <ele>385.5</ele>
      </trkpt>
      <trkpt lat="45.14784" lon="-72.31952">
        <ele>386.2</ele>
      </trkpt>
      <trkpt lat="45.14752" lon="-72.31984">
        <ele>388.6</ele>
      </trkpt>
      <trkpt lat="45.14727" lon="-72.32002">
        <ele>390.8</ele>
      </trkpt>
      <trkpt lat="45.14651" lon="-72.32038">
        <ele>392.9</ele>
      </trkpt>
      <trkpt lat="45.145706" lon="-72.320666">
        <ele>399.2</ele>
      </trkpt>
      <trkpt lat="45.144903" lon="-72.320953">
        <ele>403.8</ele>
      </trkpt>
      <trkpt lat="45.1441" lon="-72.32124">
        <ele>409.7</ele>
      </trkpt>
      <trkpt lat="45.14322" lon="-72.32141">
        <ele>414.7</ele>
      </trkpt>
      <trkpt lat="45.14255" lon="-72.32154">
        <ele>418.8</ele>
      </trkpt>
      <trkpt lat="45.14178" lon="-72.32185">
        <ele>418.8</ele>
      </trkpt>
      <trkpt lat="45.14145" lon="-72.32204">
        <ele>417.5</ele>
      </trkpt>
      <trkpt lat="45.14101" lon="-72.32243">
        <ele>414.7</ele>
      </trkpt>
      <trkpt lat="45.14064" lon="-72.32271">
        <ele>413.9</ele>
      </trkpt>
      <trkpt lat="45.14044" lon="-72.32284">
        <ele>413.3</ele>
      </trkpt>
      <trkpt lat="45.14016" lon="-72.32307">
        <ele>412.8</ele>
      </trkpt>
      <trkpt lat="45.13997" lon="-72.32325">
        <ele>412.9</ele>
      </trkpt>
      <trkpt lat="45.13943" lon="-72.32369">
        <ele>414.1</ele>
      </trkpt>
      <trkpt lat="45.1389" lon="-72.324">
        <ele>414</ele>
      </trkpt>
      <trkpt lat="45.13845" lon="-72.32419">
        <ele>414.3</ele>
      </trkpt>
      <trkpt lat="45.13788" lon="-72.32433">
        <ele>415.5</ele>
      </trkpt>
      <trkpt lat="45.13756" lon="-72.3244">
        <ele>415.6</ele>
      </trkpt>
      <trkpt lat="45.13686" lon="-72.32446">
        <ele>414.8</ele>
      </trkpt>
      <trkpt lat="45.13625" lon="-72.3245">
        <ele>416.8</ele>
      </trkpt>
      <trkpt lat="45.135784" lon="-72.324459">
        <ele>417.6</ele>
      </trkpt>
      <trkpt lat="45.13532" lon="-72.32442">
        <ele>416.9</ele>
      </trkpt>
      <trkpt lat="45.13492" lon="-72.32446">
        <ele>417.8</ele>
      </trkpt>
      <trkpt lat="45.13415" lon="-72.32468">
        <ele>419.9</ele>
      </trkpt>
      <trkpt lat="45.13363" lon="-72.32486">
        <ele>418.3</ele>
      </trkpt>
      <trkpt lat="45.13352" lon="-72.32495">
        <ele>417.5</ele>
      </trkpt>
      <trkpt lat="45.13333" lon="-72.32512">
        <ele>415.6</ele>
      </trkpt>
      <trkpt lat="45.13314" lon="-72.32544">
        <ele>413.7</ele>
      </trkpt>
      <trkpt lat="45.13274" lon="-72.3262">
        <ele>410.6</ele>
      </trkpt>
      <trkpt lat="45.13231" lon="-72.32692">
        <ele>406.2</ele>
      </trkpt>
      <trkpt lat="45.13192" lon="-72.32768">
        <ele>413.5</ele>
      </trkpt>
      <trkpt lat="45.131575" lon="-72.32815">
        <ele>416.3</ele>
      </trkpt>
      <trkpt lat="45.13123" lon="-72.32862">
        <ele>419.6</ele>
      </trkpt>
      <trkpt lat="45.13108" lon="-72.32898">
        <ele>421</ele>
      </trkpt>
      <trkpt lat="45.13096" lon="-72.32938">
        <ele>421.6</ele>
      </trkpt>
      <trkpt lat="45.13067" lon="-72.32996">
        <ele>425.1</ele>
      </trkpt>
      <trkpt lat="45.13058" lon="-72.33008">
        <ele>426.9</ele>
      </trkpt>
      <trkpt lat="45.13057" lon="-72.33008">
        <ele>426.9</ele>
      </trkpt>
      <trkpt lat="45.13047" lon="-72.33022">
        <ele>428.1</ele>
      </trkpt>
      <trkpt lat="45.13037" lon="-72.33027">
        <ele>428.9</ele>
      </trkpt>
      <trkpt lat="45.13019" lon="-72.33045">
        <ele>428.8</ele>
      </trkpt>
      <trkpt lat="45.13013" lon="-72.33054">
        <ele>428.3</ele>
      </trkpt>
      <trkpt lat="45.13006" lon="-72.33077">
        <ele>426.8</ele>
      </trkpt>
      <trkpt lat="45.12993" lon="-72.33095">
        <ele>425.5</ele>
      </trkpt>
      <trkpt lat="45.12985" lon="-72.33103">
        <ele>424.5</ele>
      </trkpt>
      <trkpt lat="45.12972" lon="-72.33108">
        <ele>422.6</ele>
      </trkpt>
      <trkpt lat="45.12952" lon="-72.33122">
        <ele>419.9</ele>
      </trkpt>
      <trkpt lat="45.1293" lon="-72.33148">
        <ele>415.8</ele>
      </trkpt>
      <trkpt lat="45.1291" lon="-72.33189">
        <ele>412.3</ele>
      </trkpt>
      <trkpt lat="45.12904" lon="-72.33207">
        <ele>408.5</ele>
      </trkpt>
      <trkpt lat="45.12897" lon="-72.33241">
        <ele>406.5</ele>
      </trkpt>
      <trkpt lat="45.12894" lon="-72.33278">
        <ele>403.4</ele>
      </trkpt>
      <trkpt lat="45.12883" lon="-72.33305">
        <ele>401.9</ele>
      </trkpt>
      <trkpt lat="45.12859" lon="-72.33327">
        <ele>401.3</ele>
      </trkpt>
      <trkpt lat="45.1282" lon="-72.33377">
        <ele>401.8</ele>
      </trkpt>
      <trkpt lat="45.12771" lon="-72.3343">
        <ele>403.2</ele>
      </trkpt>
      <trkpt lat="45.12751" lon="-72.33502">
        <ele>403.7</ele>
      </trkpt>
      <trkpt lat="45.12737" lon="-72.33539">
        <ele>403.9</ele>
      </trkpt>
      <trkpt lat="45.12727" lon="-72.3356">
        <ele>403.9</ele>
      </trkpt>
      <trkpt lat="45.12719" lon="-72.33569">
        <ele>403.9</ele>
      </trkpt>
      <trkpt lat="45.12695" lon="-72.33579">
        <ele>403.9</ele>
      </trkpt>
      <trkpt lat="45.12632" lon="-72.33579">
        <ele>405.4</ele>
      </trkpt>
      <trkpt lat="45.12591" lon="-72.33574">
        <ele>405.6</ele>
      </trkpt>
      <trkpt lat="45.12527" lon="-72.33564">
        <ele>407.1</ele>
      </trkpt>
      <trkpt lat="45.124794" lon="-72.335534">
        <ele>407.3</ele>
      </trkpt>
      <trkpt lat="45.12432" lon="-72.33543">
        <ele>406.1</ele>
      </trkpt>
      <trkpt lat="45.12367" lon="-72.335379">
        <ele>405.9</ele>
      </trkpt>
      <trkpt lat="45.12302" lon="-72.33533">
        <ele>403.7</ele>
      </trkpt>
      <trkpt lat="45.12248" lon="-72.33534">
        <ele>402.8</ele>
      </trkpt>
      <trkpt lat="45.1223" lon="-72.33533">
        <ele>402.8</ele>
      </trkpt>
      <trkpt lat="45.12207" lon="-72.33524">
        <ele>402.4</ele>
      </trkpt>
      <trkpt lat="45.121375" lon="-72.334819">
        <ele>402.4</ele>
      </trkpt>
      <trkpt lat="45.12068" lon="-72.3344">
        <ele>402.8</ele>
      </trkpt>
      <trkpt lat="45.12028" lon="-72.33426">
        <ele>402.1</ele>
      </trkpt>
      <trkpt lat="45.12006" lon="-72.33413">
        <ele>402.3</ele>
      </trkpt>
      <trkpt lat="45.11959" lon="-72.33368">
        <ele>403.4</ele>
      </trkpt>
      <trkpt lat="45.11918" lon="-72.333399">
        <ele>404.1</ele>
      </trkpt>
      <trkpt lat="45.11877" lon="-72.33312">
        <ele>404.2</ele>
      </trkpt>
      <trkpt lat="45.11823" lon="-72.33269">
        <ele>403.7</ele>
      </trkpt>
      <trkpt lat="45.11764" lon="-72.3323">
        <ele>402.5</ele>
      </trkpt>
      <trkpt lat="45.11699" lon="-72.3319">
        <ele>401.2</ele>
      </trkpt>
      <trkpt lat="45.11637" lon="-72.33154">
        <ele>399.4</ele>
      </trkpt>
      <trkpt lat="45.11617" lon="-72.33153">
        <ele>399.1</ele>
      </trkpt>
      <trkpt lat="45.11584" lon="-72.33153">
        <ele>397.5</ele>
      </trkpt>
      <trkpt lat="45.11561" lon="-72.33148">
        <ele>396.6</ele>
      </trkpt>
      <trkpt lat="45.11521" lon="-72.3313">
        <ele>395.8</ele>
      </trkpt>
      <trkpt lat="45.11448" lon="-72.3309">
        <ele>394.1</ele>
      </trkpt>
      <trkpt lat="45.11404" lon="-72.33054">
        <ele>392.5</ele>
      </trkpt>
      <trkpt lat="45.11389" lon="-72.33036">
        <ele>391.2</ele>
      </trkpt>
      <trkpt lat="45.1135" lon="-72.329779">
        <ele>389.7</ele>
      </trkpt>
      <trkpt lat="45.11311" lon="-72.3292">
        <ele>388.3</ele>
      </trkpt>
      <trkpt lat="45.11264" lon="-72.32862">
        <ele>383.5</ele>
      </trkpt>
      <trkpt lat="45.11223" lon="-72.32831">
        <ele>377.7</ele>
      </trkpt>
      <trkpt lat="45.11202" lon="-72.32817">
        <ele>376.7</ele>
      </trkpt>
      <trkpt lat="45.11183" lon="-72.32808">
        <ele>374.5</ele>
      </trkpt>
      <trkpt lat="45.11151" lon="-72.32801">
        <ele>371.1</ele>
      </trkpt>
      <trkpt lat="45.11106" lon="-72.328045">
        <ele>368</ele>
      </trkpt>
      <trkpt lat="45.11061" lon="-72.32808">
        <ele>367.1</ele>
      </trkpt>
      <trkpt lat="45.10988" lon="-72.32808">
        <ele>366.8</ele>
      </trkpt>
      <trkpt lat="45.10915" lon="-72.32808">
        <ele>362.8</ele>
      </trkpt>
      <trkpt lat="45.10841" lon="-72.328126">
        <ele>362.6</ele>
      </trkpt>
      <trkpt lat="45.10767" lon="-72.328173">
        <ele>363.5</ele>
      </trkpt>
      <trkpt lat="45.10693" lon="-72.32822">
        <ele>362.1</ele>
      </trkpt>
      <trkpt lat="45.106116" lon="-72.328251">
        <ele>361.3</ele>
      </trkpt>
      <trkpt lat="45.105302" lon="-72.328282">
        <ele>361</ele>
      </trkpt>
      <trkpt lat="45.104488" lon="-72.328313">
        <ele>362</ele>
      </trkpt>
      <trkpt lat="45.103675" lon="-72.328345">
        <ele>360.4</ele>
      </trkpt>
      <trkpt lat="45.102861" lon="-72.328376">
        <ele>358.8</ele>
      </trkpt>
      <trkpt lat="45.102047" lon="-72.328407">
        <ele>358.1</ele>
      </trkpt>
      <trkpt lat="45.101233" lon="-72.328438">
        <ele>357.2</ele>
      </trkpt>
      <trkpt lat="45.10042" lon="-72.32847">
        <ele>357.1</ele>
      </trkpt>
      <trkpt lat="45.10041" lon="-72.32847">
        <ele>357.1</ele>
      </trkpt>
      <trkpt lat="45.099594" lon="-72.3285">
        <ele>357.2</ele>
      </trkpt>
      <trkpt lat="45.09878" lon="-72.32853">
        <ele>358.5</ele>
      </trkpt>
      <trkpt lat="45.098199" lon="-72.328595">
        <ele>360.4</ele>
      </trkpt>
      <trkpt lat="45.09762" lon="-72.32866">
        <ele>362.7</ele>
      </trkpt>
      <trkpt lat="45.09686" lon="-72.32871">
        <ele>361</ele>
      </trkpt>
      <trkpt lat="45.09612" lon="-72.32866">
        <ele>362.9</ele>
      </trkpt>
      <trkpt lat="45.0958" lon="-72.32862">
        <ele>363.5</ele>
      </trkpt>
      <trkpt lat="45.095" lon="-72.32839">
        <ele>364.1</ele>
      </trkpt>
      <trkpt lat="45.09412" lon="-72.32819">
        <ele>365.4</ele>
      </trkpt>
      <trkpt lat="45.09324" lon="-72.32809">
        <ele>365.4</ele>
      </trkpt>
      <trkpt lat="45.093222" lon="-72.327027">
        <ele>360.3</ele>
      </trkpt>
      <trkpt lat="45.093205" lon="-72.325964">
        <ele>354.7</ele>
      </trkpt>
      <trkpt lat="45.093187" lon="-72.324902">
        <ele>350.3</ele>
      </trkpt>
      <trkpt lat="45.09317" lon="-72.32384">
        <ele>343.9</ele>
      </trkpt>
      <trkpt lat="45.09319" lon="-72.32337">
        <ele>341.6</ele>
      </trkpt>
      <trkpt lat="45.09327" lon="-72.32262">
        <ele>335.6</ele>
      </trkpt>
      <trkpt lat="45.09349" lon="-72.32173">
        <ele>327.7</ele>
      </trkpt>
      <trkpt lat="45.09359" lon="-72.32141">
        <ele>325.9</ele>
      </trkpt>
      <trkpt lat="45.09359" lon="-72.32124">
        <ele>323.4</ele>
      </trkpt>
      <trkpt lat="45.09345" lon="-72.32016">
        <ele>316.7</ele>
      </trkpt>
      <trkpt lat="45.093453" lon="-72.319303">
        <ele>312.8</ele>
      </trkpt>
      <trkpt lat="45.093456" lon="-72.318446">
        <ele>307.6</ele>
      </trkpt>
      <trkpt lat="45.09346" lon="-72.31759">
        <ele>304.4</ele>
      </trkpt>
      <trkpt lat="45.09348" lon="-72.31637">
        <ele>298.3</ele>
      </trkpt>
      <trkpt lat="45.0935" lon="-72.31515">
        <ele>290.2</ele>
      </trkpt>
      <trkpt lat="45.0935" lon="-72.31516">
        <ele>290.1</ele>
      </trkpt>
      <trkpt lat="45.09352" lon="-72.314275">
        <ele>287</ele>
      </trkpt>
      <trkpt lat="45.09354" lon="-72.31339">
        <ele>286.9</ele>
      </trkpt>
      <trkpt lat="45.0936" lon="-72.31246">
        <ele>285.7</ele>
      </trkpt>
      <trkpt lat="45.09367" lon="-72.31188">
        <ele>285.4</ele>
      </trkpt>
      <trkpt lat="45.09375" lon="-72.31152">
        <ele>285.3</ele>
      </trkpt>
      <trkpt lat="45.0941" lon="-72.31062">
        <ele>279.9</ele>
      </trkpt>
      <trkpt lat="45.09421" lon="-72.30946">
        <ele>271.8</ele>
      </trkpt>
      <trkpt lat="45.09433" lon="-72.30879">
        <ele>270.9</ele>
      </trkpt>
      <trkpt lat="45.09458" lon="-72.30767">
        <ele>273.8</ele>
      </trkpt>
      <trkpt lat="45.09475" lon="-72.30663">
        <ele>273</ele>
      </trkpt>
      <trkpt lat="45.0949" lon="-72.30601">
        <ele>271.9</ele>
      </trkpt>
      <trkpt lat="45.09439" lon="-72.3061">
        <ele>268.6</ele>
      </trkpt>
      <trkpt lat="45.09385" lon="-72.30611">
        <ele>265.6</ele>
      </trkpt>
      <trkpt lat="45.093103" lon="-72.306046">
        <ele>263.5</ele>
      </trkpt>
      <trkpt lat="45.092356" lon="-72.305983">
        <ele>262.2</ele>
      </trkpt>
      <trkpt lat="45.09161" lon="-72.30592">
        <ele>258.9</ele>
      </trkpt>
      <trkpt lat="45.0913" lon="-72.30588">
        <ele>257.6</ele>
      </trkpt>
      <trkpt lat="45.091" lon="-72.30579">
        <ele>256.7</ele>
      </trkpt>
      <trkpt lat="45.090366" lon="-72.305436">
        <ele>255.8</ele>
      </trkpt>
      <trkpt lat="45.089733" lon="-72.305083">
        <ele>255.2</ele>
      </trkpt>
      <trkpt lat="45.0891" lon="-72.30473">
        <ele>252.7</ele>
      </trkpt>
      <trkpt lat="45.08864" lon="-72.30448">
        <ele>250.7</ele>
      </trkpt>
      <trkpt lat="45.08833" lon="-72.30426">
        <ele>250.6</ele>
      </trkpt>
      <trkpt lat="45.08883" lon="-72.30377">
        <ele>247.7</ele>
      </trkpt>
      <trkpt lat="45.08907" lon="-72.30356">
        <ele>246.9</ele>
      </trkpt>
      <trkpt lat="45.08939" lon="-72.30345">
        <ele>246.6</ele>
      </trkpt>
      <trkpt lat="45.08948" lon="-72.30337">
        <ele>246.6</ele>
      </trkpt>
      <trkpt lat="45.08982" lon="-72.30274">
        <ele>247.3</ele>
      </trkpt>
      <trkpt lat="45.09" lon="-72.30211">
        <ele>248.8</ele>
      </trkpt>
      <trkpt lat="45.090085" lon="-72.301445">
        <ele>249.3</ele>
      </trkpt>
      <trkpt lat="45.09017" lon="-72.30078">
        <ele>248.4</ele>
      </trkpt>
      <trkpt lat="45.09022" lon="-72.30059">
        <ele>248.1</ele>
      </trkpt>
      <trkpt lat="45.09034" lon="-72.30023">
        <ele>247.3</ele>
      </trkpt>
      <trkpt lat="45.09041" lon="-72.30014">
        <ele>246.6</ele>
      </trkpt>
      <trkpt lat="45.09086" lon="-72.29979">
        <ele>243</ele>
      </trkpt>
      <trkpt lat="45.09122" lon="-72.29935">
        <ele>237.7</ele>
      </trkpt>
      <trkpt lat="45.09155" lon="-72.29903">
        <ele>234.9</ele>
      </trkpt>
      <trkpt lat="45.09191" lon="-72.29872">
        <ele>231.6</ele>
      </trkpt>
      <trkpt lat="45.09208" lon="-72.29854">
        <ele>230.2</ele>
      </trkpt>
      <trkpt lat="45.09214" lon="-72.2984">
        <ele>230.2</ele>
      </trkpt>
      <trkpt lat="45.09221" lon="-72.29803">
        <ele>227.7</ele>
      </trkpt>
      <trkpt lat="45.09229" lon="-72.29773">
        <ele>227.1</ele>
      </trkpt>
      <trkpt lat="45.09228" lon="-72.29764">
        <ele>227.1</ele>
      </trkpt>
      <trkpt lat="45.09241" lon="-72.29741">
        <ele>224.9</ele>
      </trkpt>
      <trkpt lat="45.09247" lon="-72.29706">
        <ele>222.4</ele>
      </trkpt>
      <trkpt lat="45.0925" lon="-72.29652">
        <ele>217.8</ele>
      </trkpt>
      <trkpt lat="45.09248" lon="-72.29607">
        <ele>215.6</ele>
      </trkpt>
      <trkpt lat="45.09244" lon="-72.29575">
        <ele>213.7</ele>
      </trkpt>
      <trkpt lat="45.09237" lon="-72.29553">
        <ele>212</ele>
      </trkpt>
      <trkpt lat="45.09207" lon="-72.29513">
        <ele>209.4</ele>
      </trkpt>
      <trkpt lat="45.09207" lon="-72.29504">
        <ele>209.2</ele>
      </trkpt>
      <trkpt lat="45.0921" lon="-72.295">
        <ele>208.9</ele>
      </trkpt>
      <trkpt lat="45.0922" lon="-72.295">
        <ele>208.6</ele>
      </trkpt>
      <trkpt lat="45.09197" lon="-72.29438">
        <ele>208.4</ele>
      </trkpt>
      <trkpt lat="45.0922" lon="-72.295">
        <ele>208.6</ele>
      </trkpt>
      <trkpt lat="45.0921" lon="-72.295">
        <ele>208.9</ele>
      </trkpt>
      <trkpt lat="45.09207" lon="-72.29504">
        <ele>209.2</ele>
      </trkpt>
      <trkpt lat="45.09207" lon="-72.29513">
        <ele>209.7</ele>
      </trkpt>
      <trkpt lat="45.09237" lon="-72.29553">
        <ele>212</ele>
      </trkpt>
      <trkpt lat="45.09244" lon="-72.29575">
        <ele>213.7</ele>
      </trkpt>
      <trkpt lat="45.09248" lon="-72.29607">
        <ele>215.6</ele>
      </trkpt>
      <trkpt lat="45.0925" lon="-72.29652">
        <ele>217.8</ele>
      </trkpt>
      <trkpt lat="45.09247" lon="-72.29706">
        <ele>222.4</ele>
      </trkpt>
      <trkpt lat="45.09241" lon="-72.29741">
        <ele>225.7</ele>
      </trkpt>
      <trkpt lat="45.09228" lon="-72.29764">
        <ele>227.1</ele>
      </trkpt>
      <trkpt lat="45.09229" lon="-72.29773">
        <ele>227.1</ele>
      </trkpt>
      <trkpt lat="45.09221" lon="-72.29803">
        <ele>227.7</ele>
      </trkpt>
      <trkpt lat="45.09214" lon="-72.2984">
        <ele>230.2</ele>
      </trkpt>
      <trkpt lat="45.09208" lon="-72.29854">
        <ele>230.9</ele>
      </trkpt>
      <trkpt lat="45.09191" lon="-72.29872">
        <ele>232.6</ele>
      </trkpt>
      <trkpt lat="45.09155" lon="-72.29903">
        <ele>234.9</ele>
      </trkpt>
      <trkpt lat="45.09122" lon="-72.29935">
        <ele>237.7</ele>
      </trkpt>
      <trkpt lat="45.09086" lon="-72.29979">
        <ele>243</ele>
      </trkpt>
      <trkpt lat="45.09041" lon="-72.30014">
        <ele>247.1</ele>
      </trkpt>
      <trkpt lat="45.09034" lon="-72.30023">
        <ele>247.3</ele>
      </trkpt>
      <trkpt lat="45.09022" lon="-72.30059">
        <ele>248.4</ele>
      </trkpt>
      <trkpt lat="45.09017" lon="-72.30078">
        <ele>248.7</ele>
      </trkpt>
      <trkpt lat="45.090085" lon="-72.301445">
        <ele>249.3</ele>
      </trkpt>
      <trkpt lat="45.09" lon="-72.30211">
        <ele>248.8</ele>
      </trkpt>
      <trkpt lat="45.08982" lon="-72.30274">
        <ele>247.3</ele>
      </trkpt>
      <trkpt lat="45.08948" lon="-72.30337">
        <ele>246.6</ele>
      </trkpt>
      <trkpt lat="45.08939" lon="-72.30345">
        <ele>246.6</ele>
      </trkpt>
      <trkpt lat="45.08907" lon="-72.30356">
        <ele>246.9</ele>
      </trkpt>
      <trkpt lat="45.08883" lon="-72.30377">
        <ele>247.7</ele>
      </trkpt>
      <trkpt lat="45.08833" lon="-72.30426">
        <ele>250.6</ele>
      </trkpt>
      <trkpt lat="45.08802" lon="-72.30404">
        <ele>250.7</ele>
      </trkpt>
      <trkpt lat="45.08787" lon="-72.30399">
        <ele>251.1</ele>
      </trkpt>
      <trkpt lat="45.08767" lon="-72.30392">
        <ele>251.9</ele>
      </trkpt>
      <trkpt lat="45.08699" lon="-72.303779">
        <ele>259.6</ele>
      </trkpt>
      <trkpt lat="45.08631" lon="-72.30364">
        <ele>268.6</ele>
      </trkpt>
      <trkpt lat="45.08599" lon="-72.3035">
        <ele>270.9</ele>
      </trkpt>
      <trkpt lat="45.08574" lon="-72.30336">
        <ele>273.5</ele>
      </trkpt>
      <trkpt lat="45.08524" lon="-72.30292">
        <ele>277.7</ele>
      </trkpt>
      <trkpt lat="45.0848" lon="-72.30265">
        <ele>280.4</ele>
      </trkpt>
      <trkpt lat="45.08445" lon="-72.30248">
        <ele>285.5</ele>
      </trkpt>
      <trkpt lat="45.083696" lon="-72.302109">
        <ele>289.8</ele>
      </trkpt>
      <trkpt lat="45.082943" lon="-72.301739">
        <ele>292.3</ele>
      </trkpt>
      <trkpt lat="45.08219" lon="-72.30137">
        <ele>294.1</ele>
      </trkpt>
      <trkpt lat="45.08152" lon="-72.30104">
        <ele>295.6</ele>
      </trkpt>
      <trkpt lat="45.08123" lon="-72.30095">
        <ele>297</ele>
      </trkpt>
      <trkpt lat="45.08053" lon="-72.30086">
        <ele>298.7</ele>
      </trkpt>
      <trkpt lat="45.07984" lon="-72.30104">
        <ele>301.8</ele>
      </trkpt>
      <trkpt lat="45.07953" lon="-72.3012">
        <ele>302.4</ele>
      </trkpt>
      <trkpt lat="45.078713" lon="-72.301673">
        <ele>302.9</ele>
      </trkpt>
      <trkpt lat="45.077896" lon="-72.302146">
        <ele>304.5</ele>
      </trkpt>
      <trkpt lat="45.07708" lon="-72.30262">
        <ele>307.3</ele>
      </trkpt>
      <trkpt lat="45.07682" lon="-72.30279">
        <ele>309.2</ele>
      </trkpt>
      <trkpt lat="45.07608" lon="-72.30338">
        <ele>316.1</ele>
      </trkpt>
      <trkpt lat="45.07568" lon="-72.30365">
        <ele>318</ele>
      </trkpt>
      <trkpt lat="45.07534" lon="-72.30386">
        <ele>318.4</ele>
      </trkpt>
      <trkpt lat="45.07467" lon="-72.30408">
        <ele>317.6</ele>
      </trkpt>
      <trkpt lat="45.07422" lon="-72.30435">
        <ele>316.5</ele>
      </trkpt>
      <trkpt lat="45.073665" lon="-72.304735">
        <ele>316.1</ele>
      </trkpt>
      <trkpt lat="45.07311" lon="-72.30512">
        <ele>316.1</ele>
      </trkpt>
      <trkpt lat="45.072417" lon="-72.30555">
        <ele>316.3</ele>
      </trkpt>
      <trkpt lat="45.071725" lon="-72.30598">
        <ele>315.7</ele>
      </trkpt>
      <trkpt lat="45.071032" lon="-72.30641">
        <ele>315.6</ele>
      </trkpt>
      <trkpt lat="45.07034" lon="-72.30684">
        <ele>317.2</ele>
      </trkpt>
      <trkpt lat="45.06986" lon="-72.307165">
        <ele>318</ele>
      </trkpt>
      <trkpt lat="45.06938" lon="-72.30749">
        <ele>319.4</ele>
      </trkpt>
      <trkpt lat="45.06898" lon="-72.3078">
        <ele>319.9</ele>
      </trkpt>
      <trkpt lat="45.06837" lon="-72.308205">
        <ele>320.8</ele>
      </trkpt>
      <trkpt lat="45.06776" lon="-72.30861">
        <ele>320.6</ele>
      </trkpt>
      <trkpt lat="45.067112" lon="-72.308992">
        <ele>319.2</ele>
      </trkpt>
      <trkpt lat="45.066465" lon="-72.309375">
        <ele>317.6</ele>
      </trkpt>
      <trkpt lat="45.065817" lon="-72.309757">
        <ele>317</ele>
      </trkpt>
      <trkpt lat="45.06517" lon="-72.31014">
        <ele>316.6</ele>
      </trkpt>
      <trkpt lat="45.06494" lon="-72.31026">
        <ele>316.5</ele>
      </trkpt>
      <trkpt lat="45.06473" lon="-72.31035">
        <ele>316.3</ele>
      </trkpt>
      <trkpt lat="45.06407" lon="-72.31052">
        <ele>316.3</ele>
      </trkpt>
      <trkpt lat="45.063585" lon="-72.310595">
        <ele>316.9</ele>
      </trkpt>
      <trkpt lat="45.0631" lon="-72.31067">
        <ele>316.9</ele>
      </trkpt>
      <trkpt lat="45.06246" lon="-72.3108">
        <ele>316.4</ele>
      </trkpt>
      <trkpt lat="45.06187" lon="-72.31098">
        <ele>315.8</ele>
      </trkpt>
      <trkpt lat="45.06128" lon="-72.31116">
        <ele>314.4</ele>
      </trkpt>
      <trkpt lat="45.06069" lon="-72.31134">
        <ele>314.4</ele>
      </trkpt>
      <trkpt lat="45.06022" lon="-72.31147">
        <ele>314.8</ele>
      </trkpt>
      <trkpt lat="45.05983" lon="-72.31147">
        <ele>315.3</ele>
      </trkpt>
      <trkpt lat="45.05929" lon="-72.31138">
        <ele>317.2</ele>
      </trkpt>
      <trkpt lat="45.05876" lon="-72.31121">
        <ele>318</ele>
      </trkpt>
      <trkpt lat="45.05795" lon="-72.31105">
        <ele>318.7</ele>
      </trkpt>
      <trkpt lat="45.05725" lon="-72.31093">
        <ele>319.1</ele>
      </trkpt>
      <trkpt lat="45.0567" lon="-72.3108">
        <ele>319.8</ele>
      </trkpt>
      <trkpt lat="45.056195" lon="-72.310594">
        <ele>320.2</ele>
      </trkpt>
      <trkpt lat="45.05569" lon="-72.31039">
        <ele>321.2</ele>
      </trkpt>
      <trkpt lat="45.05521" lon="-72.31005">
        <ele>323.9</ele>
      </trkpt>
      <trkpt lat="45.0547" lon="-72.30963">
        <ele>327.2</ele>
      </trkpt>
      <trkpt lat="45.05459" lon="-72.30955">
        <ele>327.6</ele>
      </trkpt>
      <trkpt lat="45.05435" lon="-72.3095">
        <ele>327.5</ele>
      </trkpt>
      <trkpt lat="45.05378" lon="-72.30923">
        <ele>326.7</ele>
      </trkpt>
      <trkpt lat="45.053123" lon="-72.308849">
        <ele>327.1</ele>
      </trkpt>
      <trkpt lat="45.052466" lon="-72.308469">
        <ele>327.5</ele>
      </trkpt>
      <trkpt lat="45.05181" lon="-72.30809">
        <ele>327.2</ele>
      </trkpt>
      <trkpt lat="45.05182" lon="-72.309084">
        <ele>319.7</ele>
      </trkpt>
      <trkpt lat="45.05183" lon="-72.31008">
        <ele>315.5</ele>
      </trkpt>
      <trkpt lat="45.051865" lon="-72.311139">
        <ele>314</ele>
      </trkpt>
      <trkpt lat="45.0519" lon="-72.3122">
        <ele>309.7</ele>
      </trkpt>
      <trkpt lat="45.05185" lon="-72.31308">
        <ele>305.4</ele>
      </trkpt>
      <trkpt lat="45.05168" lon="-72.31362">
        <ele>300.8</ele>
      </trkpt>
      <trkpt lat="45.0513" lon="-72.314695">
        <ele>296.7</ele>
      </trkpt>
      <trkpt lat="45.05092" lon="-72.31577">
        <ele>296.1</ele>
      </trkpt>
      <trkpt lat="45.05069" lon="-72.31646">
        <ele>294.8</ele>
      </trkpt>
      <trkpt lat="45.05046" lon="-72.31715">
        <ele>292.6</ele>
      </trkpt>
      <trkpt lat="45.05046" lon="-72.31716">
        <ele>292.6</ele>
      </trkpt>
      <trkpt lat="45.050083" lon="-72.31828">
        <ele>293.7</ele>
      </trkpt>
      <trkpt lat="45.049706" lon="-72.3194">
        <ele>299.4</ele>
      </trkpt>
      <trkpt lat="45.04933" lon="-72.32052">
        <ele>301.5</ele>
      </trkpt>
      <trkpt lat="45.04893" lon="-72.321623">
        <ele>302.5</ele>
      </trkpt>
      <trkpt lat="45.04853" lon="-72.322726">
        <ele>304</ele>
      </trkpt>
      <trkpt lat="45.04813" lon="-72.32383">
        <ele>305.7</ele>
      </trkpt>
      <trkpt lat="45.04797" lon="-72.32446">
        <ele>305.2</ele>
      </trkpt>
      <trkpt lat="45.04792" lon="-72.32481">
        <ele>304.9</ele>
      </trkpt>
      <trkpt lat="45.047855" lon="-72.32582">
        <ele>303.7</ele>
      </trkpt>
      <trkpt lat="45.04779" lon="-72.32683">
        <ele>300.9</ele>
      </trkpt>
      <trkpt lat="45.04775" lon="-72.32768">
        <ele>298.6</ele>
      </trkpt>
      <trkpt lat="45.04771" lon="-72.32853">
        <ele>297.7</ele>
      </trkpt>
      <trkpt lat="45.04767" lon="-72.32938">
        <ele>297.6</ele>
      </trkpt>
      <trkpt lat="45.04765" lon="-72.32956">
        <ele>297.8</ele>
      </trkpt>
      <trkpt lat="45.04757" lon="-72.32984">
        <ele>297.8</ele>
      </trkpt>
      <trkpt lat="45.04742" lon="-72.33019">
        <ele>297.6</ele>
      </trkpt>
      <trkpt lat="45.04701" lon="-72.33095">
        <ele>296.5</ele>
      </trkpt>
      <trkpt lat="45.0466" lon="-72.33171">
        <ele>296.2</ele>
      </trkpt>
      <trkpt lat="45.04614" lon="-72.332505">
        <ele>292.4</ele>
      </trkpt>
      <trkpt lat="45.04568" lon="-72.3333">
        <ele>289.9</ele>
      </trkpt>
      <trkpt lat="45.04522" lon="-72.334095">
        <ele>287.8</ele>
      </trkpt>
      <trkpt lat="45.04476" lon="-72.33489">
        <ele>285.4</ele>
      </trkpt>
      <trkpt lat="45.04437" lon="-72.33578">
        <ele>280</ele>
      </trkpt>
      <trkpt lat="45.04427" lon="-72.33619">
        <ele>278.5</ele>
      </trkpt>
      <trkpt lat="45.044145" lon="-72.336815">
        <ele>277</ele>
      </trkpt>
      <trkpt lat="45.04402" lon="-72.33744">
        <ele>276.3</ele>
      </trkpt>
      <trkpt lat="45.04394" lon="-72.33771">
        <ele>276</ele>
      </trkpt>
      <trkpt lat="45.04375" lon="-72.33824">
        <ele>275.1</ele>
      </trkpt>
      <trkpt lat="45.04356" lon="-72.33869">
        <ele>274.8</ele>
      </trkpt>
      <trkpt lat="45.04334" lon="-72.33909">
        <ele>274.7</ele>
      </trkpt>
      <trkpt lat="45.04321" lon="-72.33923">
        <ele>274.4</ele>
      </trkpt>
      <trkpt lat="45.04286" lon="-72.33949">
        <ele>273.3</ele>
      </trkpt>
      <trkpt lat="45.042125" lon="-72.339945">
        <ele>271.5</ele>
      </trkpt>
      <trkpt lat="45.04139" lon="-72.3404">
        <ele>268.5</ele>
      </trkpt>
      <trkpt lat="45.040756" lon="-72.34083">
        <ele>265</ele>
      </trkpt>
      <trkpt lat="45.040123" lon="-72.34126">
        <ele>263.4</ele>
      </trkpt>
      <trkpt lat="45.03949" lon="-72.34169">
        <ele>263</ele>
      </trkpt>
      <trkpt lat="45.03945" lon="-72.34168">
        <ele>263</ele>
      </trkpt>
      <trkpt lat="45.03956" lon="-72.34269">
        <ele>260.9</ele>
      </trkpt>
      <trkpt lat="45.03979" lon="-72.34388">
        <ele>256.4</ele>
      </trkpt>
      <trkpt lat="45.0401" lon="-72.3449">
        <ele>255</ele>
      </trkpt>
      <trkpt lat="45.04018" lon="-72.34514">
        <ele>254.9</ele>
      </trkpt>
      <trkpt lat="45.040385" lon="-72.345944">
        <ele>253.6</ele>
      </trkpt>
      <trkpt lat="45.04059" lon="-72.34675">
        <ele>251.8</ele>
      </trkpt>
      <trkpt lat="45.040907" lon="-72.347702">
        <ele>247.6</ele>
      </trkpt>
      <trkpt lat="45.041225" lon="-72.348654">
        <ele>244.7</ele>
      </trkpt>
      <trkpt lat="45.041542" lon="-72.349607">
        <ele>240</ele>
      </trkpt>
      <trkpt lat="45.04186" lon="-72.35056">
        <ele>235.5</ele>
      </trkpt>
      <trkpt lat="45.04214" lon="-72.3515">
        <ele>231.5</ele>
      </trkpt>
      <trkpt lat="45.04218" lon="-72.35175">
        <ele>231</ele>
      </trkpt>
      <trkpt lat="45.041715" lon="-72.351734">
        <ele>230.2</ele>
      </trkpt>
      <trkpt lat="45.04125" lon="-72.35172">
        <ele>231</ele>
      </trkpt>
      <trkpt lat="45.040504" lon="-72.35172">
        <ele>233.4</ele>
      </trkpt>
      <trkpt lat="45.039759" lon="-72.35172">
        <ele>235.2</ele>
      </trkpt>
      <trkpt lat="45.039014" lon="-72.35172">
        <ele>237.5</ele>
      </trkpt>
      <trkpt lat="45.03827" lon="-72.35172">
        <ele>241</ele>
      </trkpt>
      <trkpt lat="45.037765" lon="-72.351745">
        <ele>242.2</ele>
      </trkpt>
      <trkpt lat="45.03726" lon="-72.35177">
        <ele>244.3</ele>
      </trkpt>
      <trkpt lat="45.03689" lon="-72.35172">
        <ele>246.2</ele>
      </trkpt>
      <trkpt lat="45.03629" lon="-72.35168">
        <ele>246.8</ele>
      </trkpt>
      <trkpt lat="45.035474" lon="-72.35168">
        <ele>246.3</ele>
      </trkpt>
      <trkpt lat="45.03466" lon="-72.35168">
        <ele>244</ele>
      </trkpt>
      <trkpt lat="45.034199" lon="-72.351705">
        <ele>242.4</ele>
      </trkpt>
      <trkpt lat="45.03374" lon="-72.35173">
        <ele>241.2</ele>
      </trkpt>
      <trkpt lat="45.033035" lon="-72.35175">
        <ele>239.4</ele>
      </trkpt>
      <trkpt lat="45.03233" lon="-72.35177">
        <ele>238.7</ele>
      </trkpt>
      <trkpt lat="45.031656" lon="-72.35177">
        <ele>238.9</ele>
      </trkpt>
      <trkpt lat="45.030983" lon="-72.35177">
        <ele>238.9</ele>
      </trkpt>
      <trkpt lat="45.03031" lon="-72.35177">
        <ele>239.1</ele>
      </trkpt>
      <trkpt lat="45.029785" lon="-72.35178">
        <ele>239.4</ele>
      </trkpt>
      <trkpt lat="45.02926" lon="-72.35179">
        <ele>239.6</ele>
      </trkpt>
      <trkpt lat="45.02925" lon="-72.35179">
        <ele>239.6</ele>
      </trkpt>
      <trkpt lat="45.028542" lon="-72.3518">
        <ele>239.4</ele>
      </trkpt>
      <trkpt lat="45.027834" lon="-72.35181">
        <ele>238.2</ele>
      </trkpt>
      <trkpt lat="45.027127" lon="-72.35182">
        <ele>235</ele>
      </trkpt>
      <trkpt lat="45.02642" lon="-72.35183">
        <ele>226.5</ele>
      </trkpt>
      <trkpt lat="45.02599" lon="-72.35181">
        <ele>225.8</ele>
      </trkpt>
      <trkpt lat="45.025167" lon="-72.35185">
        <ele>227.1</ele>
      </trkpt>
      <trkpt lat="45.024345" lon="-72.35189">
        <ele>234.1</ele>
      </trkpt>
      <trkpt lat="45.023522" lon="-72.35193">
        <ele>237.8</ele>
      </trkpt>
      <trkpt lat="45.0227" lon="-72.35197">
        <ele>238.2</ele>
      </trkpt>
      <trkpt lat="45.02186" lon="-72.35204">
        <ele>237.3</ele>
      </trkpt>
      <trkpt lat="45.02121" lon="-72.35208">
        <ele>238.8</ele>
      </trkpt>
      <trkpt lat="45.02108" lon="-72.35211">
        <ele>239.1</ele>
      </trkpt>
      <trkpt lat="45.02092" lon="-72.35235">
        <ele>238</ele>
      </trkpt>
      <trkpt lat="45.020525" lon="-72.35319">
        <ele>236.9</ele>
      </trkpt>
      <trkpt lat="45.02013" lon="-72.35403">
        <ele>236.7</ele>
      </trkpt>
      <trkpt lat="45.019646" lon="-72.355096">
        <ele>232.2</ele>
      </trkpt>
      <trkpt lat="45.019163" lon="-72.356163">
        <ele>226.4</ele>
      </trkpt>
      <trkpt lat="45.01868" lon="-72.35723">
        <ele>218.3</ele>
      </trkpt>
      <trkpt lat="45.01821" lon="-72.358202">
        <ele>214.2</ele>
      </trkpt>
      <trkpt lat="45.01774" lon="-72.359175">
        <ele>211.2</ele>
      </trkpt>
      <trkpt lat="45.01727" lon="-72.360147">
        <ele>207.6</ele>
      </trkpt>
      <trkpt lat="45.0168" lon="-72.36112">
        <ele>204.5</ele>
      </trkpt>
      <trkpt lat="45.016383" lon="-72.362016">
        <ele>200.5</ele>
      </trkpt>
      <trkpt lat="45.015966" lon="-72.362913">
        <ele>197</ele>
      </trkpt>
      <trkpt lat="45.01555" lon="-72.36381">
        <ele>194.3</ele>
      </trkpt>
      <trkpt lat="45.01548" lon="-72.36425">
        <ele>193.4</ele>
      </trkpt>
      <trkpt lat="45.01543" lon="-72.36525">
        <ele>192.6</ele>
      </trkpt>
      <trkpt lat="45.01543" lon="-72.36627">
        <ele>191.7</ele>
      </trkpt>
      <trkpt lat="45.01537" lon="-72.36658">
        <ele>191.6</ele>
      </trkpt>
      <trkpt lat="45.0152" lon="-72.36712">
        <ele>191.4</ele>
      </trkpt>
      <trkpt lat="45.01505" lon="-72.36748">
        <ele>191.2</ele>
      </trkpt>
      <trkpt lat="45.01488" lon="-72.36778">
        <ele>190.6</ele>
      </trkpt>
      <trkpt lat="45.01488" lon="-72.36779">
        <ele>190.6</ele>
      </trkpt>
      <trkpt lat="45.01438" lon="-72.3687">
        <ele>189.8</ele>
      </trkpt>
      <trkpt lat="45.01422" lon="-72.36905">
        <ele>189</ele>
      </trkpt>
      <trkpt lat="45.01406" lon="-72.36958">
        <ele>188.7</ele>
      </trkpt>
      <trkpt lat="45.01395" lon="-72.37029">
        <ele>188.2</ele>
      </trkpt>
      <trkpt lat="45.01385" lon="-72.37066">
        <ele>187.6</ele>
      </trkpt>
      <trkpt lat="45.013565" lon="-72.3716">
        <ele>186</ele>
      </trkpt>
      <trkpt lat="45.01328" lon="-72.37254">
        <ele>187.6</ele>
      </trkpt>
      <trkpt lat="45.013" lon="-72.37311">
        <ele>187.2</ele>
      </trkpt>
      <trkpt lat="45.01277" lon="-72.37348">
        <ele>184.2</ele>
      </trkpt>
      <trkpt lat="45.01255" lon="-72.37375">
        <ele>182.5</ele>
      </trkpt>
      <trkpt lat="45.01239" lon="-72.37389">
        <ele>179.9</ele>
      </trkpt>
      <trkpt lat="45.01225" lon="-72.37414">
        <ele>176.9</ele>
      </trkpt>
      <trkpt lat="45.01221" lon="-72.37424">
        <ele>175.9</ele>
      </trkpt>
      <trkpt lat="45.01221" lon="-72.37453">
        <ele>174.5</ele>
      </trkpt>
      <trkpt lat="45.01231" lon="-72.37491">
        <ele>174.5</ele>
      </trkpt>
      <trkpt lat="45.0125" lon="-72.37536">
        <ele>175.2</ele>
      </trkpt>
      <trkpt lat="45.01268" lon="-72.37563">
        <ele>175.7</ele>
      </trkpt>
      <trkpt lat="45.01278" lon="-72.37571">
        <ele>176.6</ele>
      </trkpt>
      <trkpt lat="45.0129" lon="-72.37576">
        <ele>177</ele>
      </trkpt>
      <trkpt lat="45.01316" lon="-72.37585">
        <ele>177.5</ele>
      </trkpt>
      <trkpt lat="45.01351" lon="-72.37589">
        <ele>177.3</ele>
      </trkpt>
      <trkpt lat="45.01425" lon="-72.37572">
        <ele>175.3</ele>
      </trkpt>
      <trkpt lat="45.01506" lon="-72.37563">
        <ele>181.7</ele>
      </trkpt>
      <trkpt lat="45.01545" lon="-72.37563">
        <ele>185.3</ele>
      </trkpt>
      <trkpt lat="45.01565" lon="-72.37568">
        <ele>186</ele>
      </trkpt>
      <trkpt lat="45.01613" lon="-72.3759">
        <ele>189.9</ele>
      </trkpt>
      <trkpt lat="45.01681" lon="-72.37631">
        <ele>191.5</ele>
      </trkpt>
      <trkpt lat="45.01754" lon="-72.37693">
        <ele>190.8</ele>
      </trkpt>
      <trkpt lat="45.01777" lon="-72.37706">
        <ele>190.3</ele>
      </trkpt>
      <trkpt lat="45.01858" lon="-72.377599">
        <ele>187.9</ele>
      </trkpt>
      <trkpt lat="45.01939" lon="-72.37814">
        <ele>189.5</ele>
      </trkpt>
      <trkpt lat="45.01996" lon="-72.378579">
        <ele>191.3</ele>
      </trkpt>
      <trkpt lat="45.02053" lon="-72.37902">
        <ele>190.1</ele>
      </trkpt>
      <trkpt lat="45.02099" lon="-72.379494">
        <ele>190.1</ele>
      </trkpt>
      <trkpt lat="45.02145" lon="-72.37997">
        <ele>190.8</ele>
      </trkpt>
      <trkpt lat="45.02188" lon="-72.38036">
        <ele>192.3</ele>
      </trkpt>
      <trkpt lat="45.02222" lon="-72.3806">
        <ele>192.5</ele>
      </trkpt>
      <trkpt lat="45.02272" lon="-72.38083">
        <ele>193.2</ele>
      </trkpt>
      <trkpt lat="45.02289" lon="-72.3809">
        <ele>193.9</ele>
      </trkpt>
      <trkpt lat="45.02312" lon="-72.38089">
        <ele>194.5</ele>
      </trkpt>
      <trkpt lat="45.02361" lon="-72.38092">
        <ele>194.2</ele>
      </trkpt>
      <trkpt lat="45.02392" lon="-72.381">
        <ele>194.9</ele>
      </trkpt>
      <trkpt lat="45.024385" lon="-72.381229">
        <ele>196</ele>
      </trkpt>
      <trkpt lat="45.02485" lon="-72.38146">
        <ele>196</ele>
      </trkpt>
      <trkpt lat="45.02515" lon="-72.38172">
        <ele>195.9</ele>
      </trkpt>
      <trkpt lat="45.0253" lon="-72.38189">
        <ele>195.9</ele>
      </trkpt>
      <trkpt lat="45.02571" lon="-72.38221">
        <ele>196.7</ele>
      </trkpt>
      <trkpt lat="45.026235" lon="-72.382499">
        <ele>197.6</ele>
      </trkpt>
      <trkpt lat="45.02676" lon="-72.38279">
        <ele>197.7</ele>
      </trkpt>
      <trkpt lat="45.027205" lon="-72.382944">
        <ele>197.4</ele>
      </trkpt>
      <trkpt lat="45.02765" lon="-72.3831">
        <ele>198.4</ele>
      </trkpt>
      <trkpt lat="45.02811" lon="-72.383199">
        <ele>198.9</ele>
      </trkpt>
      <trkpt lat="45.02857" lon="-72.3833">
        <ele>198.6</ele>
      </trkpt>
      <trkpt lat="45.02854" lon="-72.38418">
        <ele>192.8</ele>
      </trkpt>
      <trkpt lat="45.02852" lon="-72.38502">
        <ele>190.1</ele>
      </trkpt>
      <trkpt lat="45.02852" lon="-72.38503">
        <ele>190.1</ele>
      </trkpt>
      <trkpt lat="45.02851" lon="-72.385965">
        <ele>188.2</ele>
      </trkpt>
      <trkpt lat="45.0285" lon="-72.3869">
        <ele>187.7</ele>
      </trkpt>
      <trkpt lat="45.02849" lon="-72.38709">
        <ele>187.4</ele>
      </trkpt>
      <trkpt lat="45.02825" lon="-72.388177">
        <ele>186.3</ele>
      </trkpt>
      <trkpt lat="45.02801" lon="-72.389265">
        <ele>186.6</ele>
      </trkpt>
      <trkpt lat="45.02777" lon="-72.390352">
        <ele>186.3</ele>
      </trkpt>
      <trkpt lat="45.02753" lon="-72.39144">
        <ele>185.9</ele>
      </trkpt>
      <trkpt lat="45.02751" lon="-72.39206">
        <ele>185.7</ele>
      </trkpt>
      <trkpt lat="45.027556" lon="-72.393313">
        <ele>185.2</ele>
      </trkpt>
      <trkpt lat="45.027603" lon="-72.394566">
        <ele>184.4</ele>
      </trkpt>
      <trkpt lat="45.02765" lon="-72.39582">
        <ele>185.5</ele>
      </trkpt>
      <trkpt lat="45.02766" lon="-72.39636">
        <ele>186</ele>
      </trkpt>
      <trkpt lat="45.027555" lon="-72.39698">
        <ele>185.9</ele>
      </trkpt>
      <trkpt lat="45.02745" lon="-72.3976">
        <ele>185.7</ele>
      </trkpt>
      <trkpt lat="45.027313" lon="-72.398706">
        <ele>185.2</ele>
      </trkpt>
      <trkpt lat="45.027176" lon="-72.399813">
        <ele>184.1</ele>
      </trkpt>
      <trkpt lat="45.02704" lon="-72.40092">
        <ele>183.7</ele>
      </trkpt>
      <trkpt lat="45.02694" lon="-72.40184">
        <ele>184.1</ele>
      </trkpt>
      <trkpt lat="45.02684" lon="-72.40276">
        <ele>184.2</ele>
      </trkpt>
      <trkpt lat="45.0268" lon="-72.40374">
        <ele>183.8</ele>
      </trkpt>
      <trkpt lat="45.0267" lon="-72.40486">
        <ele>182.9</ele>
      </trkpt>
      <trkpt lat="45.026537" lon="-72.406037">
        <ele>183.4</ele>
      </trkpt>
      <trkpt lat="45.026375" lon="-72.407215">
        <ele>183.7</ele>
      </trkpt>
      <trkpt lat="45.026212" lon="-72.408392">
        <ele>182.5</ele>
      </trkpt>
      <trkpt lat="45.02605" lon="-72.40957">
        <ele>183.8</ele>
      </trkpt>
      <trkpt lat="45.025935" lon="-72.41076">
        <ele>183.9</ele>
      </trkpt>
      <trkpt lat="45.02582" lon="-72.41195">
        <ele>183.6</ele>
      </trkpt>
      <trkpt lat="45.02575" lon="-72.412795">
        <ele>183.7</ele>
      </trkpt>
      <trkpt lat="45.02568" lon="-72.41364">
        <ele>183.9</ele>
      </trkpt>
      <trkpt lat="45.02568" lon="-72.41431">
        <ele>183.5</ele>
      </trkpt>
      <trkpt lat="45.02573" lon="-72.41462">
        <ele>183</ele>
      </trkpt>
      <trkpt lat="45.02594" lon="-72.415573">
        <ele>183</ele>
      </trkpt>
      <trkpt lat="45.02615" lon="-72.416526">
        <ele>183.3</ele>
      </trkpt>
      <trkpt lat="45.02636" lon="-72.41748">
        <ele>183.6</ele>
      </trkpt>
      <trkpt lat="45.02641" lon="-72.41807">
        <ele>183.9</ele>
      </trkpt>
      <trkpt lat="45.026515" lon="-72.419049">
        <ele>183.8</ele>
      </trkpt>
      <trkpt lat="45.02662" lon="-72.42003">
        <ele>183.5</ele>
      </trkpt>
      <trkpt lat="45.02671" lon="-72.420774">
        <ele>183.3</ele>
      </trkpt>
      <trkpt lat="45.0268" lon="-72.42152">
        <ele>183.1</ele>
      </trkpt>
      <trkpt lat="45.02688" lon="-72.42237">
        <ele>182.8</ele>
      </trkpt>
      <trkpt lat="45.027" lon="-72.42303">
        <ele>182.4</ele>
      </trkpt>
      <trkpt lat="45.02727" lon="-72.424034">
        <ele>180.9</ele>
      </trkpt>
      <trkpt lat="45.02754" lon="-72.42504">
        <ele>181.2</ele>
      </trkpt>
      <trkpt lat="45.02765" lon="-72.42541">
        <ele>181.3</ele>
      </trkpt>
      <trkpt lat="45.02776" lon="-72.42564">
        <ele>180.5</ele>
      </trkpt>
      <trkpt lat="45.02789" lon="-72.42585">
        <ele>178.7</ele>
      </trkpt>
      <trkpt lat="45.02813" lon="-72.42603">
        <ele>176.5</ele>
      </trkpt>
      <trkpt lat="45.028825" lon="-72.426464">
        <ele>168.2</ele>
      </trkpt>
      <trkpt lat="45.02952" lon="-72.4269">
        <ele>161</ele>
      </trkpt>
      <trkpt lat="45.030155" lon="-72.426215">
        <ele>160.8</ele>
      </trkpt>
      <trkpt lat="45.03079" lon="-72.42553">
        <ele>160.3</ele>
      </trkpt>
      <trkpt lat="45.030935" lon="-72.426209">
        <ele>159.1</ele>
      </trkpt>
      <trkpt lat="45.03108" lon="-72.42689">
        <ele>158.7</ele>
      </trkpt>
      <trkpt lat="45.03114" lon="-72.42747">
        <ele>158.6</ele>
      </trkpt>
      <trkpt lat="45.03116" lon="-72.42802">
        <ele>158.1</ele>
      </trkpt>
      <trkpt lat="45.03107" lon="-72.42873">
        <ele>157.9</ele>
      </trkpt>
      <trkpt lat="45.03097" lon="-72.42913">
        <ele>158.1</ele>
      </trkpt>
      <trkpt lat="45.03085" lon="-72.42949">
        <ele>158.6</ele>
      </trkpt>
      <trkpt lat="45.03069" lon="-72.42989">
        <ele>159</ele>
      </trkpt>
      <trkpt lat="45.03035" lon="-72.43056">
        <ele>160</ele>
      </trkpt>
      <trkpt lat="45.03018" lon="-72.43096">
        <ele>161</ele>
      </trkpt>
      <trkpt lat="45.02992" lon="-72.43177">
        <ele>162.4</ele>
      </trkpt>
      <trkpt lat="45.02984" lon="-72.43222">
        <ele>163.2</ele>
      </trkpt>
      <trkpt lat="45.02982" lon="-72.43267">
        <ele>163.8</ele>
      </trkpt>
      <trkpt lat="45.02987" lon="-72.43316">
        <ele>165</ele>
      </trkpt>
      <trkpt lat="45.02991" lon="-72.43345">
        <ele>165.2</ele>
      </trkpt>
      <trkpt lat="45.02995" lon="-72.43365">
        <ele>165.3</ele>
      </trkpt>
      <trkpt lat="45.03004" lon="-72.434">
        <ele>165.3</ele>
      </trkpt>
      <trkpt lat="45.03019" lon="-72.43438">
        <ele>167.6</ele>
      </trkpt>
      <trkpt lat="45.0305" lon="-72.434979">
        <ele>168.5</ele>
      </trkpt>
      <trkpt lat="45.03081" lon="-72.43558">
        <ele>169.5</ele>
      </trkpt>
      <trkpt lat="45.03128" lon="-72.43634">
        <ele>170.5</ele>
      </trkpt>
      <trkpt lat="45.0319" lon="-72.43725">
        <ele>169.1</ele>
      </trkpt>
      <trkpt lat="45.032355" lon="-72.437864">
        <ele>167.8</ele>
      </trkpt>
      <trkpt lat="45.03281" lon="-72.43848">
        <ele>167</ele>
      </trkpt>
      <trkpt lat="45.03349" lon="-72.439264">
        <ele>167.2</ele>
      </trkpt>
      <trkpt lat="45.03417" lon="-72.44005">
        <ele>166.4</ele>
      </trkpt>
      <trkpt lat="45.03444" lon="-72.44037">
        <ele>166.3</ele>
      </trkpt>
      <trkpt lat="45.0346" lon="-72.44063">
        <ele>166.6</ele>
      </trkpt>
      <trkpt lat="45.03477" lon="-72.44099">
        <ele>167.4</ele>
      </trkpt>
      <trkpt lat="45.03489" lon="-72.44132">
        <ele>168.2</ele>
      </trkpt>
      <trkpt lat="45.0352" lon="-72.44243">
        <ele>171.6</ele>
      </trkpt>
      <trkpt lat="45.035545" lon="-72.443459">
        <ele>171</ele>
      </trkpt>
      <trkpt lat="45.03589" lon="-72.44449">
        <ele>164.3</ele>
      </trkpt>
      <trkpt lat="45.03597" lon="-72.44484">
        <ele>162.6</ele>
      </trkpt>
      <trkpt lat="45.036085" lon="-72.445574">
        <ele>159.6</ele>
      </trkpt>
      <trkpt lat="45.0362" lon="-72.44631">
        <ele>158.3</ele>
      </trkpt>
      <trkpt lat="45.03631" lon="-72.44687">
        <ele>158.1</ele>
      </trkpt>
      <trkpt lat="45.03646" lon="-72.4474">
        <ele>158.5</ele>
      </trkpt>
      <trkpt lat="45.03667" lon="-72.44794">
        <ele>159.6</ele>
      </trkpt>
      <trkpt lat="45.03685" lon="-72.44834">
        <ele>162.3</ele>
      </trkpt>
      <trkpt lat="45.03708" lon="-72.44873">
        <ele>165.2</ele>
      </trkpt>
      <trkpt lat="45.03761" lon="-72.449499">
        <ele>171</ele>
      </trkpt>
      <trkpt lat="45.03814" lon="-72.45027">
        <ele>176.7</ele>
      </trkpt>
      <trkpt lat="45.03869" lon="-72.45089">
        <ele>182.1</ele>
      </trkpt>
      <trkpt lat="45.03907" lon="-72.451244">
        <ele>184</ele>
      </trkpt>
      <trkpt lat="45.03945" lon="-72.4516">
        <ele>184.7</ele>
      </trkpt>
      <trkpt lat="45.0396" lon="-72.45175">
        <ele>184.2</ele>
      </trkpt>
      <trkpt lat="45.03981" lon="-72.45206">
        <ele>182.5</ele>
      </trkpt>
      <trkpt lat="45.04012" lon="-72.45268">
        <ele>178.2</ele>
      </trkpt>
      <trkpt lat="45.04049" lon="-72.453704">
        <ele>175.9</ele>
      </trkpt>
      <trkpt lat="45.04086" lon="-72.45473">
        <ele>175.3</ele>
      </trkpt>
      <trkpt lat="45.04137" lon="-72.455674">
        <ele>175.5</ele>
      </trkpt>
      <trkpt lat="45.04188" lon="-72.45662">
        <ele>176.1</ele>
      </trkpt>
      <trkpt lat="45.042195" lon="-72.457159">
        <ele>177</ele>
      </trkpt>
      <trkpt lat="45.04251" lon="-72.4577">
        <ele>177.6</ele>
      </trkpt>
      <trkpt lat="45.04281" lon="-72.45818">
        <ele>177.5</ele>
      </trkpt>
      <trkpt lat="45.04313" lon="-72.45854">
        <ele>177.9</ele>
      </trkpt>
      <trkpt lat="45.0434" lon="-72.45881">
        <ele>178.5</ele>
      </trkpt>
      <trkpt lat="45.04407" lon="-72.45935">
        <ele>182.2</ele>
      </trkpt>
      <trkpt lat="45.04447" lon="-72.45957">
        <ele>184.3</ele>
      </trkpt>
      <trkpt lat="45.04486" lon="-72.45975">
        <ele>186.9</ele>
      </trkpt>
      <trkpt lat="45.04521" lon="-72.45981">
        <ele>187.7</ele>
      </trkpt>
      <trkpt lat="45.04585" lon="-72.45989">
        <ele>190.6</ele>
      </trkpt>
      <trkpt lat="45.04658" lon="-72.46003">
        <ele>191.4</ele>
      </trkpt>
      <trkpt lat="45.04677" lon="-72.46013">
        <ele>191.4</ele>
      </trkpt>
      <trkpt lat="45.04713" lon="-72.46038">
        <ele>190.6</ele>
      </trkpt>
      <trkpt lat="45.04752" lon="-72.46075">
        <ele>189.2</ele>
      </trkpt>
      <trkpt lat="45.048025" lon="-72.461434">
        <ele>184.8</ele>
      </trkpt>
      <trkpt lat="45.04853" lon="-72.46212">
        <ele>179.3</ele>
      </trkpt>
      <trkpt lat="45.04889" lon="-72.46252">
        <ele>175.4</ele>
      </trkpt>
      <trkpt lat="45.049436" lon="-72.462973">
        <ele>170.1</ele>
      </trkpt>
      <trkpt lat="45.049983" lon="-72.463426">
        <ele>162.4</ele>
      </trkpt>
      <trkpt lat="45.05053" lon="-72.46388">
        <ele>158.6</ele>
      </trkpt>
      <trkpt lat="45.05092" lon="-72.46433">
        <ele>157.7</ele>
      </trkpt>
      <trkpt lat="45.05106" lon="-72.46455">
        <ele>157.9</ele>
      </trkpt>
      <trkpt lat="45.05128" lon="-72.46505">
        <ele>158.8</ele>
      </trkpt>
      <trkpt lat="45.0514" lon="-72.46543">
        <ele>159.8</ele>
      </trkpt>
      <trkpt lat="45.05149" lon="-72.46579">
        <ele>161.4</ele>
      </trkpt>
      <trkpt lat="45.05164" lon="-72.466564">
        <ele>165</ele>
      </trkpt>
      <trkpt lat="45.05179" lon="-72.46734">
        <ele>167.7</ele>
      </trkpt>
      <trkpt lat="45.05211" lon="-72.46727">
        <ele>167.8</ele>
      </trkpt>
      <trkpt lat="45.05254" lon="-72.46718">
        <ele>168.6</ele>
      </trkpt>
      <trkpt lat="45.05267" lon="-72.46714">
        <ele>169</ele>
      </trkpt>
      <trkpt lat="45.05333" lon="-72.46666">
        <ele>170.2</ele>
      </trkpt>
      <trkpt lat="45.05354" lon="-72.4666">
        <ele>170.6</ele>
      </trkpt>
      <trkpt lat="45.05357" lon="-72.4666">
        <ele>170.6</ele>
      </trkpt>
      <trkpt lat="45.05392" lon="-72.46664">
        <ele>171.3</ele>
      </trkpt>
      <trkpt lat="45.05444" lon="-72.46678">
        <ele>171.7</ele>
      </trkpt>
      <trkpt lat="45.05468" lon="-72.46687">
        <ele>172</ele>
      </trkpt>
      <trkpt lat="45.05513" lon="-72.46727">
        <ele>173.4</ele>
      </trkpt>
      <trkpt lat="45.05522" lon="-72.46731">
        <ele>173.4</ele>
      </trkpt>
      <trkpt lat="45.05582" lon="-72.46741">
        <ele>177.5</ele>
      </trkpt>
      <trkpt lat="45.05593" lon="-72.46746">
        <ele>177.5</ele>
      </trkpt>
      <trkpt lat="45.05597" lon="-72.46753">
        <ele>178.1</ele>
      </trkpt>
      <trkpt lat="45.05616" lon="-72.46809">
        <ele>180.8</ele>
      </trkpt>
      <trkpt lat="45.05629" lon="-72.46839">
        <ele>182.1</ele>
      </trkpt>
      <trkpt lat="45.05642" lon="-72.46853">
        <ele>182.4</ele>
      </trkpt>
      <trkpt lat="45.05655" lon="-72.46854">
        <ele>182.7</ele>
      </trkpt>
      <trkpt lat="45.05669" lon="-72.46852">
        <ele>182.9</ele>
      </trkpt>
      <trkpt lat="45.057185" lon="-72.46826">
        <ele>184.9</ele>
      </trkpt>
      <trkpt lat="45.05768" lon="-72.468">
        <ele>188.3</ele>
      </trkpt>
      <trkpt lat="45.05811" lon="-72.4677">
        <ele>191.4</ele>
      </trkpt>
      <trkpt lat="45.05854" lon="-72.4674">
        <ele>195.2</ele>
      </trkpt>
      <trkpt lat="45.05882" lon="-72.46727">
        <ele>197.6</ele>
      </trkpt>
      <trkpt lat="45.059473" lon="-72.467196">
        <ele>203.1</ele>
      </trkpt>
      <trkpt lat="45.060126" lon="-72.467123">
        <ele>206</ele>
      </trkpt>
      <trkpt lat="45.06078" lon="-72.46705">
        <ele>211.6</ele>
      </trkpt>
      <trkpt lat="45.06133" lon="-72.467184">
        <ele>215.3</ele>
      </trkpt>
      <trkpt lat="45.06188" lon="-72.46732">
        <ele>215.7</ele>
      </trkpt>
      <trkpt lat="45.06241" lon="-72.46723">
        <ele>214.9</ele>
      </trkpt>
      <trkpt lat="45.06309" lon="-72.46698">
        <ele>216.5</ele>
      </trkpt>
      <trkpt lat="45.06343" lon="-72.46691">
        <ele>217.4</ele>
      </trkpt>
      <trkpt lat="45.06367" lon="-72.46674">
        <ele>217.9</ele>
      </trkpt>
      <trkpt lat="45.06389" lon="-72.46648">
        <ele>218.7</ele>
      </trkpt>
      <trkpt lat="45.064" lon="-72.46633">
        <ele>219.4</ele>
      </trkpt>
      <trkpt lat="45.0641" lon="-72.46607">
        <ele>220.4</ele>
      </trkpt>
      <trkpt lat="45.06433" lon="-72.4653">
        <ele>223.6</ele>
      </trkpt>
      <trkpt lat="45.0647" lon="-72.46449">
        <ele>231.4</ele>
      </trkpt>
      <trkpt lat="45.065" lon="-72.464">
        <ele>234.3</ele>
      </trkpt>
      <trkpt lat="45.06557" lon="-72.46342">
        <ele>235.7</ele>
      </trkpt>
      <trkpt lat="45.06577" lon="-72.46333">
        <ele>236.3</ele>
      </trkpt>
      <trkpt lat="45.06628" lon="-72.46329">
        <ele>236.7</ele>
      </trkpt>
      <trkpt lat="45.06711" lon="-72.46315">
        <ele>237.1</ele>
      </trkpt>
      <trkpt lat="45.06794" lon="-72.46301">
        <ele>240.3</ele>
      </trkpt>
      <trkpt lat="45.06828" lon="-72.46283">
        <ele>243.1</ele>
      </trkpt>
      <trkpt lat="45.06883" lon="-72.46259">
        <ele>247.8</ele>
      </trkpt>
      <trkpt lat="45.06938" lon="-72.46235">
        <ele>250.4</ele>
      </trkpt>
      <trkpt lat="45.06963" lon="-72.46226">
        <ele>250.5</ele>
      </trkpt>
      <trkpt lat="45.07044" lon="-72.46217">
        <ele>247.4</ele>
      </trkpt>
      <trkpt lat="45.07112" lon="-72.46196">
        <ele>242.6</ele>
      </trkpt>
      <trkpt lat="45.07106" lon="-72.46182">
        <ele>242.6</ele>
      </trkpt>
      <trkpt lat="45.0708" lon="-72.46145">
        <ele>239.5</ele>
      </trkpt>
      <trkpt lat="45.0705" lon="-72.46092">
        <ele>237.5</ele>
      </trkpt>
      <trkpt lat="45.07035" lon="-72.46055">
        <ele>237.3</ele>
      </trkpt>
      <trkpt lat="45.07031" lon="-72.46047">
        <ele>237.2</ele>
      </trkpt>
      <trkpt lat="45.0701" lon="-72.459689">
        <ele>238</ele>
      </trkpt>
      <trkpt lat="45.06989" lon="-72.45891">
        <ele>242.1</ele>
      </trkpt>
      <trkpt lat="45.06967" lon="-72.45792">
        <ele>249.4</ele>
      </trkpt>
      <trkpt lat="45.06932" lon="-72.45716">
        <ele>254.3</ele>
      </trkpt>
      <trkpt lat="45.06882" lon="-72.45622">
        <ele>259.5</ele>
      </trkpt>
      <trkpt lat="45.06877" lon="-72.45608">
        <ele>259.9</ele>
      </trkpt>
      <trkpt lat="45.06877" lon="-72.45582">
        <ele>260.4</ele>
      </trkpt>
      <trkpt lat="45.06882" lon="-72.45554">
        <ele>261.4</ele>
      </trkpt>
      <trkpt lat="45.06894" lon="-72.45528">
        <ele>263.1</ele>
      </trkpt>
      <trkpt lat="45.06916" lon="-72.45487">
        <ele>266.8</ele>
      </trkpt>
      <trkpt lat="45.0693" lon="-72.45451">
        <ele>271.5</ele>
      </trkpt>
      <trkpt lat="45.06934" lon="-72.4542">
        <ele>274.5</ele>
      </trkpt>
      <trkpt lat="45.06931" lon="-72.45393">
        <ele>275.5</ele>
      </trkpt>
      <trkpt lat="45.06923" lon="-72.45362">
        <ele>279.4</ele>
      </trkpt>
      <trkpt lat="45.06925" lon="-72.45308">
        <ele>283.6</ele>
      </trkpt>
      <trkpt lat="45.06933" lon="-72.45241">
        <ele>287.6</ele>
      </trkpt>
      <trkpt lat="45.0695" lon="-72.45157">
        <ele>292.4</ele>
      </trkpt>
      <trkpt lat="45.0697" lon="-72.45107">
        <ele>294.5</ele>
      </trkpt>
      <trkpt lat="45.06991" lon="-72.450085">
        <ele>300.5</ele>
      </trkpt>
      <trkpt lat="45.07012" lon="-72.4491">
        <ele>307.8</ele>
      </trkpt>
      <trkpt lat="45.07015" lon="-72.44807">
        <ele>310.7</ele>
      </trkpt>
      <trkpt lat="45.07008" lon="-72.44714">
        <ele>314.1</ele>
      </trkpt>
      <trkpt lat="45.07007" lon="-72.44677">
        <ele>316</ele>
      </trkpt>
      <trkpt lat="45.070185" lon="-72.445985">
        <ele>323.1</ele>
      </trkpt>
      <trkpt lat="45.0703" lon="-72.4452">
        <ele>325.9</ele>
      </trkpt>
      <trkpt lat="45.07033" lon="-72.44435">
        <ele>330.8</ele>
      </trkpt>
      <trkpt lat="45.07028" lon="-72.44377">
        <ele>335.7</ele>
      </trkpt>
      <trkpt lat="45.0702" lon="-72.4435">
        <ele>340</ele>
      </trkpt>
      <trkpt lat="45.07" lon="-72.44297">
        <ele>343.1</ele>
      </trkpt>
      <trkpt lat="45.06995" lon="-72.44278">
        <ele>344.6</ele>
      </trkpt>
      <trkpt lat="45.06996" lon="-72.44243">
        <ele>346.1</ele>
      </trkpt>
      <trkpt lat="45.07008" lon="-72.44216">
        <ele>346.3</ele>
      </trkpt>
      <trkpt lat="45.07022" lon="-72.44193">
        <ele>346.6</ele>
      </trkpt>
      <trkpt lat="45.07065" lon="-72.44104">
        <ele>349.7</ele>
      </trkpt>
      <trkpt lat="45.07095" lon="-72.4405">
        <ele>351.3</ele>
      </trkpt>
      <trkpt lat="45.07104" lon="-72.44028">
        <ele>351.3</ele>
      </trkpt>
      <trkpt lat="45.07108" lon="-72.44006">
        <ele>351.2</ele>
      </trkpt>
      <trkpt lat="45.07106" lon="-72.43973">
        <ele>351.2</ele>
      </trkpt>
      <trkpt lat="45.07099" lon="-72.4394">
        <ele>350.8</ele>
      </trkpt>
      <trkpt lat="45.070805" lon="-72.438739">
        <ele>350.4</ele>
      </trkpt>
      <trkpt lat="45.07062" lon="-72.43808">
        <ele>350.2</ele>
      </trkpt>
      <trkpt lat="45.07056" lon="-72.43764">
        <ele>350.5</ele>
      </trkpt>
      <trkpt lat="45.07054" lon="-72.43714">
        <ele>349.6</ele>
      </trkpt>
      <trkpt lat="45.07065" lon="-72.43629">
        <ele>346.6</ele>
      </trkpt>
      <trkpt lat="45.07079" lon="-72.43581">
        <ele>341.9</ele>
      </trkpt>
      <trkpt lat="45.071185" lon="-72.435095">
        <ele>337.7</ele>
      </trkpt>
      <trkpt lat="45.07158" lon="-72.43438">
        <ele>336</ele>
      </trkpt>
      <trkpt lat="45.07168" lon="-72.43414">
        <ele>335.8</ele>
      </trkpt>
      <trkpt lat="45.07182" lon="-72.43351">
        <ele>334.4</ele>
      </trkpt>
      <trkpt lat="45.07181" lon="-72.43324">
        <ele>333.8</ele>
      </trkpt>
      <trkpt lat="45.07178" lon="-72.43302">
        <ele>333.1</ele>
      </trkpt>
      <trkpt lat="45.07159" lon="-72.432">
        <ele>331.7</ele>
      </trkpt>
      <trkpt lat="45.0715" lon="-72.43118">
        <ele>329.6</ele>
      </trkpt>
      <trkpt lat="45.07153" lon="-72.43073">
        <ele>329.1</ele>
      </trkpt>
      <trkpt lat="45.07166" lon="-72.42985">
        <ele>328.8</ele>
      </trkpt>
      <trkpt lat="45.07165" lon="-72.42971">
        <ele>328.8</ele>
      </trkpt>
      <trkpt lat="45.07153" lon="-72.42909">
        <ele>328.6</ele>
      </trkpt>
      <trkpt lat="45.07131" lon="-72.42859">
        <ele>327</ele>
      </trkpt>
      <trkpt lat="45.07123" lon="-72.42806">
        <ele>324.8</ele>
      </trkpt>
      <trkpt lat="45.0712" lon="-72.4277">
        <ele>324.1</ele>
      </trkpt>
      <trkpt lat="45.07119" lon="-72.42681">
        <ele>321.2</ele>
      </trkpt>
      <trkpt lat="45.07113" lon="-72.42564">
        <ele>317.2</ele>
      </trkpt>
      <trkpt lat="45.07105" lon="-72.42519">
        <ele>315.5</ele>
      </trkpt>
      <trkpt lat="45.07096" lon="-72.42483">
        <ele>313.6</ele>
      </trkpt>
      <trkpt lat="45.0709" lon="-72.42429">
        <ele>310.7</ele>
      </trkpt>
      <trkpt lat="45.07064" lon="-72.42315">
        <ele>307.6</ele>
      </trkpt>
      <trkpt lat="45.07044" lon="-72.42241">
        <ele>305.7</ele>
      </trkpt>
      <trkpt lat="45.07021" lon="-72.42193">
        <ele>302.1</ele>
      </trkpt>
      <trkpt lat="45.07004" lon="-72.42102">
        <ele>297.2</ele>
      </trkpt>
      <trkpt lat="45.06997" lon="-72.4208">
        <ele>296.7</ele>
      </trkpt>
      <trkpt lat="45.06977" lon="-72.42044">
        <ele>294.8</ele>
      </trkpt>
      <trkpt lat="45.06949" lon="-72.42">
        <ele>291.7</ele>
      </trkpt>
      <trkpt lat="45.06935" lon="-72.41964">
        <ele>289.8</ele>
      </trkpt>
      <trkpt lat="45.06927" lon="-72.41933">
        <ele>288.9</ele>
      </trkpt>
      <trkpt lat="45.06919" lon="-72.4187">
        <ele>286.8</ele>
      </trkpt>
      <trkpt lat="45.06919" lon="-72.41811">
        <ele>284.4</ele>
      </trkpt>
      <trkpt lat="45.0692" lon="-72.41745">
        <ele>282.5</ele>
      </trkpt>
      <trkpt lat="45.06927" lon="-72.41673">
        <ele>279.9</ele>
      </trkpt>
      <trkpt lat="45.06931" lon="-72.41606">
        <ele>278</ele>
      </trkpt>
      <trkpt lat="45.06928" lon="-72.41565">
        <ele>278</ele>
      </trkpt>
      <trkpt lat="45.06913" lon="-72.41471">
        <ele>274.2</ele>
      </trkpt>
      <trkpt lat="45.06903" lon="-72.41386">
        <ele>273.6</ele>
      </trkpt>
      <trkpt lat="45.06892" lon="-72.41342">
        <ele>273.8</ele>
      </trkpt>
      <trkpt lat="45.06845" lon="-72.41239">
        <ele>269</ele>
      </trkpt>
      <trkpt lat="45.06834" lon="-72.41202">
        <ele>266.1</ele>
      </trkpt>
      <trkpt lat="45.06828" lon="-72.41167">
        <ele>262.7</ele>
      </trkpt>
      <trkpt lat="45.06821" lon="-72.41095">
        <ele>259.1</ele>
      </trkpt>
      <trkpt lat="45.06808" lon="-72.41033">
        <ele>255.2</ele>
      </trkpt>
      <trkpt lat="45.0678" lon="-72.409469">
        <ele>250.5</ele>
      </trkpt>
      <trkpt lat="45.06752" lon="-72.40861">
        <ele>246.9</ele>
      </trkpt>
      <trkpt lat="45.06713" lon="-72.408">
        <ele>244.1</ele>
      </trkpt>
      <trkpt lat="45.06706" lon="-72.40796">
        <ele>244.1</ele>
      </trkpt>
      <trkpt lat="45.06647" lon="-72.40782">
        <ele>242.4</ele>
      </trkpt>
      <trkpt lat="45.0662" lon="-72.40773">
        <ele>241.7</ele>
      </trkpt>
      <trkpt lat="45.06578" lon="-72.4075">
        <ele>240.6</ele>
      </trkpt>
      <trkpt lat="45.06493" lon="-72.40715">
        <ele>239.9</ele>
      </trkpt>
      <trkpt lat="45.06454" lon="-72.40696">
        <ele>238.6</ele>
      </trkpt>
      <trkpt lat="45.06377" lon="-72.406539">
        <ele>233.7</ele>
      </trkpt>
      <trkpt lat="45.063" lon="-72.40612">
        <ele>228.5</ele>
      </trkpt>
      <trkpt lat="45.0628" lon="-72.40594">
        <ele>227.2</ele>
      </trkpt>
      <trkpt lat="45.06266" lon="-72.40576">
        <ele>226.1</ele>
      </trkpt>
      <trkpt lat="45.0624" lon="-72.40557">
        <ele>222.6</ele>
      </trkpt>
      <trkpt lat="45.06209" lon="-72.4054">
        <ele>220.8</ele>
      </trkpt>
      <trkpt lat="45.06168" lon="-72.40509">
        <ele>216.1</ele>
      </trkpt>
      <trkpt lat="45.0613" lon="-72.40464">
        <ele>211.8</ele>
      </trkpt>
      <trkpt lat="45.06103" lon="-72.40419">
        <ele>209.7</ele>
      </trkpt>
      <trkpt lat="45.06083" lon="-72.40374">
        <ele>208.5</ele>
      </trkpt>
      <trkpt lat="45.06064" lon="-72.40339">
        <ele>207.9</ele>
      </trkpt>
      <trkpt lat="45.06041" lon="-72.40308">
        <ele>207.2</ele>
      </trkpt>
      <trkpt lat="45.06007" lon="-72.40283">
        <ele>206.4</ele>
      </trkpt>
      <trkpt lat="45.05982" lon="-72.40267">
        <ele>206.1</ele>
      </trkpt>
      <trkpt lat="45.0596" lon="-72.40249">
        <ele>205.9</ele>
      </trkpt>
      <trkpt lat="45.0593" lon="-72.40209">
        <ele>205.5</ele>
      </trkpt>
      <trkpt lat="45.05877" lon="-72.40142">
        <ele>204.5</ele>
      </trkpt>
      <trkpt lat="45.05849" lon="-72.40101">
        <ele>203.9</ele>
      </trkpt>
      <trkpt lat="45.0581" lon="-72.4002">
        <ele>202.9</ele>
      </trkpt>
      <trkpt lat="45.058" lon="-72.39989">
        <ele>202.6</ele>
      </trkpt>
      <trkpt lat="45.05789" lon="-72.399269">
        <ele>201.2</ele>
      </trkpt>
      <trkpt lat="45.05778" lon="-72.39865">
        <ele>200.1</ele>
      </trkpt>
      <trkpt lat="45.05776" lon="-72.39819">
        <ele>199.7</ele>
      </trkpt>
      <trkpt lat="45.057804" lon="-72.39716">
        <ele>198.3</ele>
      </trkpt>
      <trkpt lat="45.057848" lon="-72.39613">
        <ele>196.8</ele>
      </trkpt>
      <trkpt lat="45.057892" lon="-72.3951">
        <ele>196.7</ele>
      </trkpt>
      <trkpt lat="45.057936" lon="-72.39407">
        <ele>196.9</ele>
      </trkpt>
      <trkpt lat="45.05798" lon="-72.39304">
        <ele>195.6</ele>
      </trkpt>
      <trkpt lat="45.05798" lon="-72.39187">
        <ele>195.8</ele>
      </trkpt>
      <trkpt lat="45.057435" lon="-72.3921">
        <ele>196.5</ele>
      </trkpt>
      <trkpt lat="45.05689" lon="-72.39233">
        <ele>196.3</ele>
      </trkpt>
      <trkpt lat="45.05643" lon="-72.39255">
        <ele>195.6</ele>
      </trkpt>
      <trkpt lat="45.05642" lon="-72.39255">
        <ele>195.6</ele>
      </trkpt>
      <trkpt lat="45.05584" lon="-72.39283">
        <ele>194.3</ele>
      </trkpt>
      <trkpt lat="45.05557" lon="-72.39292">
        <ele>193</ele>
      </trkpt>
      <trkpt lat="45.05512" lon="-72.39296">
        <ele>191.5</ele>
      </trkpt>
      <trkpt lat="45.05477" lon="-72.39293">
        <ele>190.7</ele>
      </trkpt>
      <trkpt lat="45.05447" lon="-72.39291">
        <ele>190.3</ele>
      </trkpt>
      <trkpt lat="45.05402" lon="-72.39286">
        <ele>190.2</ele>
      </trkpt>
      <trkpt lat="45.05353" lon="-72.39271">
        <ele>190.6</ele>
      </trkpt>
      <trkpt lat="45.05304" lon="-72.392499">
        <ele>190.7</ele>
      </trkpt>
      <trkpt lat="45.05255" lon="-72.39229">
        <ele>191.4</ele>
      </trkpt>
      <trkpt lat="45.0523" lon="-72.3922">
        <ele>192.4</ele>
      </trkpt>
      <trkpt lat="45.05206" lon="-72.39215">
        <ele>193.3</ele>
      </trkpt>
      <trkpt lat="45.051359" lon="-72.392094">
        <ele>194.1</ele>
      </trkpt>
      <trkpt lat="45.05066" lon="-72.39204">
        <ele>193.4</ele>
      </trkpt>
      <trkpt lat="45.050199" lon="-72.392029">
        <ele>192.7</ele>
      </trkpt>
      <trkpt lat="45.04974" lon="-72.39202">
        <ele>190.7</ele>
      </trkpt>
    </trkseg>
  </trk>
</gpx>