<?xml version='1.0' encoding='utf-8'?>
<gpx xmlns="http://www.topografix.com/GPX/1/1" xmlns:xsi="http://www.w3.org/2001/XMLSchema-instance" version="1.1" creator="Gravelle Estrie" xsi:schemaLocation="http://www.topografix.com/GPX/1/1 http://www.topografix.com/GPX/1/1/gpx.xsd">
  <metadata>
    <name>Quittin Time 86km/1220MD+</name>
  </metadata>
  <trk>
    <name>Quittin Time 86km/1220MD+</name>
    <trkseg>
      <trkpt lat="45.34325" lon="-72.64914">
        <ele>133.3</ele>
      </trkpt>
      <trkpt lat="45.34306" lon="-72.64793">
        <ele>134.4</ele>
      </trkpt>
      <trkpt lat="45.342917" lon="-72.646964">
        <ele>133.7</ele>
      </trkpt>
      <trkpt lat="45.342775" lon="-72.645999">
        <ele>133.6</ele>
      </trkpt>
      <trkpt lat="45.342632" lon="-72.645034">
        <ele>133.9</ele>
      </trkpt>
      <trkpt lat="45.34249" lon="-72.64407">
        <ele>134.5</ele>
      </trkpt>
      <trkpt lat="45.34214" lon="-72.64295">
        <ele>135.3</ele>
      </trkpt>
      <trkpt lat="45.34169" lon="-72.64192">
        <ele>136.3</ele>
      </trkpt>
      <trkpt lat="45.34118" lon="-72.640941">
        <ele>137.2</ele>
      </trkpt>
      <trkpt lat="45.34067" lon="-72.639963">
        <ele>138</ele>
      </trkpt>
      <trkpt lat="45.34016" lon="-72.638985">
        <ele>139.2</ele>
      </trkpt>
      <trkpt lat="45.33965" lon="-72.638007">
        <ele>140.9</ele>
      </trkpt>
      <trkpt lat="45.33914" lon="-72.63703">
        <ele>141.6</ele>
      </trkpt>
      <trkpt lat="45.33878" lon="-72.63624">
        <ele>142.4</ele>
      </trkpt>
      <trkpt lat="45.33861" lon="-72.6357">
        <ele>143</ele>
      </trkpt>
      <trkpt lat="45.338455" lon="-72.634874">
        <ele>143.7</ele>
      </trkpt>
      <trkpt lat="45.3383" lon="-72.63405">
        <ele>143.6</ele>
      </trkpt>
      <trkpt lat="45.33816" lon="-72.632839">
        <ele>144</ele>
      </trkpt>
      <trkpt lat="45.33802" lon="-72.63163">
        <ele>144.2</ele>
      </trkpt>
      <trkpt lat="45.33784" lon="-72.630939">
        <ele>144.3</ele>
      </trkpt>
      <trkpt lat="45.33766" lon="-72.63025">
        <ele>144.7</ele>
      </trkpt>
      <trkpt lat="45.33742" lon="-72.629679">
        <ele>144.8</ele>
      </trkpt>
      <trkpt lat="45.33718" lon="-72.62911">
        <ele>145.7</ele>
      </trkpt>
      <trkpt lat="45.336708" lon="-72.628181">
        <ele>146.5</ele>
      </trkpt>
      <trkpt lat="45.336237" lon="-72.627252">
        <ele>147.5</ele>
      </trkpt>
      <trkpt lat="45.335766" lon="-72.626323">
        <ele>147.9</ele>
      </trkpt>
      <trkpt lat="45.335295" lon="-72.625394">
        <ele>148.3</ele>
      </trkpt>
      <trkpt lat="45.334823" lon="-72.624466">
        <ele>148.4</ele>
      </trkpt>
      <trkpt lat="45.334352" lon="-72.623537">
        <ele>148.5</ele>
      </trkpt>
      <trkpt lat="45.333881" lon="-72.622608">
        <ele>148.8</ele>
      </trkpt>
      <trkpt lat="45.33341" lon="-72.62168">
        <ele>151</ele>
      </trkpt>
      <trkpt lat="45.333105" lon="-72.621009">
        <ele>150.7</ele>
      </trkpt>
      <trkpt lat="45.3328" lon="-72.62034">
        <ele>150.5</ele>
      </trkpt>
      <trkpt lat="45.33246" lon="-72.61922">
        <ele>151.1</ele>
      </trkpt>
      <trkpt lat="45.33222" lon="-72.61806">
        <ele>151.3</ele>
      </trkpt>
      <trkpt lat="45.332047" lon="-72.616922">
        <ele>151.9</ele>
      </trkpt>
      <trkpt lat="45.331875" lon="-72.615784">
        <ele>152.8</ele>
      </trkpt>
      <trkpt lat="45.331702" lon="-72.614647">
        <ele>153.3</ele>
      </trkpt>
      <trkpt lat="45.33153" lon="-72.61351">
        <ele>153.8</ele>
      </trkpt>
      <trkpt lat="45.33149" lon="-72.61319">
        <ele>154</ele>
      </trkpt>
      <trkpt lat="45.33128" lon="-72.61229">
        <ele>154.5</ele>
      </trkpt>
      <trkpt lat="45.33098" lon="-72.61143">
        <ele>155.2</ele>
      </trkpt>
      <trkpt lat="45.33063" lon="-72.61067">
        <ele>156.9</ele>
      </trkpt>
      <trkpt lat="45.3303" lon="-72.61009">
        <ele>158</ele>
      </trkpt>
      <trkpt lat="45.32995" lon="-72.60956">
        <ele>158.9</ele>
      </trkpt>
      <trkpt lat="45.329446" lon="-72.608843">
        <ele>159.1</ele>
      </trkpt>
      <trkpt lat="45.328943" lon="-72.608126">
        <ele>159.7</ele>
      </trkpt>
      <trkpt lat="45.32844" lon="-72.60741">
        <ele>160.9</ele>
      </trkpt>
      <trkpt lat="45.32801" lon="-72.6066">
        <ele>161.6</ele>
      </trkpt>
      <trkpt lat="45.32758" lon="-72.60548">
        <ele>162.6</ele>
      </trkpt>
      <trkpt lat="45.327221" lon="-72.604428">
        <ele>164.3</ele>
      </trkpt>
      <trkpt lat="45.326863" lon="-72.603376">
        <ele>165.3</ele>
      </trkpt>
      <trkpt lat="45.326505" lon="-72.602324">
        <ele>166.7</ele>
      </trkpt>
      <trkpt lat="45.326146" lon="-72.601273">
        <ele>167.6</ele>
      </trkpt>
      <trkpt lat="45.325788" lon="-72.600221">
        <ele>168.6</ele>
      </trkpt>
      <trkpt lat="45.32543" lon="-72.59917">
        <ele>169.6</ele>
      </trkpt>
      <trkpt lat="45.32507" lon="-72.598123">
        <ele>170.3</ele>
      </trkpt>
      <trkpt lat="45.32471" lon="-72.597076">
        <ele>171.3</ele>
      </trkpt>
      <trkpt lat="45.32435" lon="-72.59603">
        <ele>172.3</ele>
      </trkpt>
      <trkpt lat="45.3241" lon="-72.59519">
        <ele>173.5</ele>
      </trkpt>
      <trkpt lat="45.32396" lon="-72.59456">
        <ele>174</ele>
      </trkpt>
      <trkpt lat="45.32381" lon="-72.59347">
        <ele>176.1</ele>
      </trkpt>
      <trkpt lat="45.32378" lon="-72.59259">
        <ele>175.3</ele>
      </trkpt>
      <trkpt lat="45.32379" lon="-72.59222">
        <ele>175.2</ele>
      </trkpt>
      <trkpt lat="45.32385" lon="-72.59147">
        <ele>175.4</ele>
      </trkpt>
      <trkpt lat="45.32396" lon="-72.59075">
        <ele>175.9</ele>
      </trkpt>
      <trkpt lat="45.32412" lon="-72.59004">
        <ele>176.5</ele>
      </trkpt>
      <trkpt lat="45.32432" lon="-72.58937">
        <ele>177.4</ele>
      </trkpt>
      <trkpt lat="45.32457" lon="-72.58874">
        <ele>178.4</ele>
      </trkpt>
      <trkpt lat="45.325063" lon="-72.58774">
        <ele>179.4</ele>
      </trkpt>
      <trkpt lat="45.325556" lon="-72.58674">
        <ele>180.8</ele>
      </trkpt>
      <trkpt lat="45.32605" lon="-72.58574">
        <ele>182.3</ele>
      </trkpt>
      <trkpt lat="45.32638" lon="-72.58501">
        <ele>183</ele>
      </trkpt>
      <trkpt lat="45.32671" lon="-72.58386">
        <ele>183.9</ele>
      </trkpt>
      <trkpt lat="45.32688" lon="-72.58287">
        <ele>184.9</ele>
      </trkpt>
      <trkpt lat="45.32692" lon="-72.58251">
        <ele>185.5</ele>
      </trkpt>
      <trkpt lat="45.32697" lon="-72.58165">
        <ele>186.2</ele>
      </trkpt>
      <trkpt lat="45.326928" lon="-72.580505">
        <ele>186.5</ele>
      </trkpt>
      <trkpt lat="45.326886" lon="-72.579361">
        <ele>187.3</ele>
      </trkpt>
      <trkpt lat="45.326844" lon="-72.578217">
        <ele>188.2</ele>
      </trkpt>
      <trkpt lat="45.326802" lon="-72.577073">
        <ele>190</ele>
      </trkpt>
      <trkpt lat="45.32676" lon="-72.57593">
        <ele>191.2</ele>
      </trkpt>
      <trkpt lat="45.32676" lon="-72.57512">
        <ele>192</ele>
      </trkpt>
      <trkpt lat="45.32676" lon="-72.57513">
        <ele>192</ele>
      </trkpt>
      <trkpt lat="45.32677" lon="-72.57486">
        <ele>192</ele>
      </trkpt>
      <trkpt lat="45.32682" lon="-72.57405">
        <ele>193.6</ele>
      </trkpt>
      <trkpt lat="45.32698" lon="-72.57281">
        <ele>195</ele>
      </trkpt>
      <trkpt lat="45.32714" lon="-72.57204">
        <ele>195</ele>
      </trkpt>
      <trkpt lat="45.32732" lon="-72.57132">
        <ele>195.3</ele>
      </trkpt>
      <trkpt lat="45.32756" lon="-72.57056">
        <ele>195.8</ele>
      </trkpt>
      <trkpt lat="45.32787" lon="-72.56972">
        <ele>196.4</ele>
      </trkpt>
      <trkpt lat="45.32836" lon="-72.56872">
        <ele>197.7</ele>
      </trkpt>
      <trkpt lat="45.328881" lon="-72.567735">
        <ele>198.9</ele>
      </trkpt>
      <trkpt lat="45.329403" lon="-72.56675">
        <ele>200.2</ele>
      </trkpt>
      <trkpt lat="45.329925" lon="-72.565765">
        <ele>201.6</ele>
      </trkpt>
      <trkpt lat="45.330446" lon="-72.56478">
        <ele>203.1</ele>
      </trkpt>
      <trkpt lat="45.330968" lon="-72.563795">
        <ele>204.8</ele>
      </trkpt>
      <trkpt lat="45.33149" lon="-72.56281">
        <ele>206.3</ele>
      </trkpt>
      <trkpt lat="45.332011" lon="-72.561825">
        <ele>207.3</ele>
      </trkpt>
      <trkpt lat="45.332533" lon="-72.56084">
        <ele>208.6</ele>
      </trkpt>
      <trkpt lat="45.333055" lon="-72.559855">
        <ele>209.5</ele>
      </trkpt>
      <trkpt lat="45.333576" lon="-72.55887">
        <ele>210.8</ele>
      </trkpt>
      <trkpt lat="45.334098" lon="-72.557885">
        <ele>211.4</ele>
      </trkpt>
      <trkpt lat="45.33462" lon="-72.5569">
        <ele>212</ele>
      </trkpt>
      <trkpt lat="45.33496" lon="-72.55619">
        <ele>212.5</ele>
      </trkpt>
      <trkpt lat="45.33534" lon="-72.55517">
        <ele>212.8</ele>
      </trkpt>
      <trkpt lat="45.3356" lon="-72.55431">
        <ele>213.2</ele>
      </trkpt>
      <trkpt lat="45.335735" lon="-72.55368">
        <ele>213.7</ele>
      </trkpt>
      <trkpt lat="45.33587" lon="-72.55305">
        <ele>213.9</ele>
      </trkpt>
      <trkpt lat="45.33601" lon="-72.55208">
        <ele>214.2</ele>
      </trkpt>
      <trkpt lat="45.336106" lon="-72.551063">
        <ele>214.4</ele>
      </trkpt>
      <trkpt lat="45.336203" lon="-72.550046">
        <ele>214.4</ele>
      </trkpt>
      <trkpt lat="45.3363" lon="-72.54903">
        <ele>214.6</ele>
      </trkpt>
      <trkpt lat="45.336417" lon="-72.547825">
        <ele>214.5</ele>
      </trkpt>
      <trkpt lat="45.336534" lon="-72.54662">
        <ele>214.3</ele>
      </trkpt>
      <trkpt lat="45.336651" lon="-72.545415">
        <ele>214.1</ele>
      </trkpt>
      <trkpt lat="45.336768" lon="-72.54421">
        <ele>213.9</ele>
      </trkpt>
      <trkpt lat="45.336885" lon="-72.543005">
        <ele>213.7</ele>
      </trkpt>
      <trkpt lat="45.337002" lon="-72.5418">
        <ele>213</ele>
      </trkpt>
      <trkpt lat="45.337119" lon="-72.540595">
        <ele>212.3</ele>
      </trkpt>
      <trkpt lat="45.337236" lon="-72.53939">
        <ele>211.7</ele>
      </trkpt>
      <trkpt lat="45.337353" lon="-72.538185">
        <ele>211.2</ele>
      </trkpt>
      <trkpt lat="45.33747" lon="-72.53698">
        <ele>211</ele>
      </trkpt>
      <trkpt lat="45.33747" lon="-72.53699">
        <ele>211</ele>
      </trkpt>
      <trkpt lat="45.337553" lon="-72.536113">
        <ele>211</ele>
      </trkpt>
      <trkpt lat="45.337636" lon="-72.535236">
        <ele>210.7</ele>
      </trkpt>
      <trkpt lat="45.33772" lon="-72.53436">
        <ele>211.3</ele>
      </trkpt>
      <trkpt lat="45.33775" lon="-72.53375">
        <ele>211.2</ele>
      </trkpt>
      <trkpt lat="45.337783" lon="-72.53278">
        <ele>211.3</ele>
      </trkpt>
      <trkpt lat="45.337816" lon="-72.53181">
        <ele>211.8</ele>
      </trkpt>
      <trkpt lat="45.33785" lon="-72.53084">
        <ele>212.2</ele>
      </trkpt>
      <trkpt lat="45.33791" lon="-72.52995">
        <ele>211.9</ele>
      </trkpt>
      <trkpt lat="45.33799" lon="-72.52924">
        <ele>211.8</ele>
      </trkpt>
      <trkpt lat="45.3381" lon="-72.52852">
        <ele>211.6</ele>
      </trkpt>
      <trkpt lat="45.3382" lon="-72.52802">
        <ele>211.6</ele>
      </trkpt>
      <trkpt lat="45.338446" lon="-72.527023">
        <ele>211.3</ele>
      </trkpt>
      <trkpt lat="45.338693" lon="-72.526026">
        <ele>211</ele>
      </trkpt>
      <trkpt lat="45.33894" lon="-72.52503">
        <ele>210.1</ele>
      </trkpt>
      <trkpt lat="45.339095" lon="-72.52423">
        <ele>210.2</ele>
      </trkpt>
      <trkpt lat="45.33925" lon="-72.52343">
        <ele>211.1</ele>
      </trkpt>
      <trkpt lat="45.33949" lon="-72.52342">
        <ele>210.1</ele>
      </trkpt>
      <trkpt lat="45.33975" lon="-72.52337">
        <ele>209.6</ele>
      </trkpt>
      <trkpt lat="45.340485" lon="-72.523165">
        <ele>209.7</ele>
      </trkpt>
      <trkpt lat="45.34122" lon="-72.52296">
        <ele>210.6</ele>
      </trkpt>
      <trkpt lat="45.34196" lon="-72.522765">
        <ele>211.1</ele>
      </trkpt>
      <trkpt lat="45.3427" lon="-72.52257">
        <ele>212.2</ele>
      </trkpt>
      <trkpt lat="45.34276" lon="-72.52252">
        <ele>213.1</ele>
      </trkpt>
      <trkpt lat="45.34285" lon="-72.52194">
        <ele>213.9</ele>
      </trkpt>
      <trkpt lat="45.3429" lon="-72.5218">
        <ele>213.9</ele>
      </trkpt>
      <trkpt lat="45.34295" lon="-72.52174">
        <ele>213.7</ele>
      </trkpt>
      <trkpt lat="45.34367" lon="-72.52158">
        <ele>212.3</ele>
      </trkpt>
      <trkpt lat="45.34382" lon="-72.52157">
        <ele>212.5</ele>
      </trkpt>
      <trkpt lat="45.34387" lon="-72.52126">
        <ele>212.1</ele>
      </trkpt>
      <trkpt lat="45.34387" lon="-72.5208">
        <ele>211.9</ele>
      </trkpt>
      <trkpt lat="45.34381" lon="-72.52037">
        <ele>211.6</ele>
      </trkpt>
      <trkpt lat="45.34368" lon="-72.51976">
        <ele>211.4</ele>
      </trkpt>
      <trkpt lat="45.34365" lon="-72.51948">
        <ele>211.4</ele>
      </trkpt>
      <trkpt lat="45.34364" lon="-72.51925">
        <ele>211.2</ele>
      </trkpt>
      <trkpt lat="45.34365" lon="-72.51894">
        <ele>211.2</ele>
      </trkpt>
      <trkpt lat="45.3438" lon="-72.518066">
        <ele>211.9</ele>
      </trkpt>
      <trkpt lat="45.34395" lon="-72.517193">
        <ele>214.3</ele>
      </trkpt>
      <trkpt lat="45.3441" lon="-72.51632">
        <ele>216.1</ele>
      </trkpt>
      <trkpt lat="45.343356" lon="-72.516055">
        <ele>215.3</ele>
      </trkpt>
      <trkpt lat="45.342612" lon="-72.515791">
        <ele>214.1</ele>
      </trkpt>
      <trkpt lat="45.341868" lon="-72.515527">
        <ele>213.8</ele>
      </trkpt>
      <trkpt lat="45.341124" lon="-72.515263">
        <ele>213.3</ele>
      </trkpt>
      <trkpt lat="45.34038" lon="-72.515">
        <ele>212.1</ele>
      </trkpt>
      <trkpt lat="45.339715" lon="-72.514774">
        <ele>213</ele>
      </trkpt>
      <trkpt lat="45.33905" lon="-72.51455">
        <ele>216.3</ele>
      </trkpt>
      <trkpt lat="45.33891" lon="-72.51452">
        <ele>216.5</ele>
      </trkpt>
      <trkpt lat="45.33865" lon="-72.51451">
        <ele>217.1</ele>
      </trkpt>
      <trkpt lat="45.33853" lon="-72.51444">
        <ele>217.3</ele>
      </trkpt>
      <trkpt lat="45.33841" lon="-72.51428">
        <ele>217.4</ele>
      </trkpt>
      <trkpt lat="45.33836" lon="-72.51415">
        <ele>217.5</ele>
      </trkpt>
      <trkpt lat="45.33819" lon="-72.51338">
        <ele>217.6</ele>
      </trkpt>
      <trkpt lat="45.33802" lon="-72.51347">
        <ele>217.5</ele>
      </trkpt>
      <trkpt lat="45.33797" lon="-72.5134">
        <ele>217.2</ele>
      </trkpt>
      <trkpt lat="45.3377" lon="-72.512294">
        <ele>217.1</ele>
      </trkpt>
      <trkpt lat="45.33743" lon="-72.51119">
        <ele>217.4</ele>
      </trkpt>
      <trkpt lat="45.33663" lon="-72.51156">
        <ele>215</ele>
      </trkpt>
      <trkpt lat="45.336132" lon="-72.510819">
        <ele>213.7</ele>
      </trkpt>
      <trkpt lat="45.335635" lon="-72.510079">
        <ele>213.5</ele>
      </trkpt>
      <trkpt lat="45.335137" lon="-72.509339">
        <ele>212.9</ele>
      </trkpt>
      <trkpt lat="45.33464" lon="-72.5086">
        <ele>212.4</ele>
      </trkpt>
      <trkpt lat="45.3344" lon="-72.50828">
        <ele>212</ele>
      </trkpt>
      <trkpt lat="45.33411" lon="-72.50801">
        <ele>211.5</ele>
      </trkpt>
      <trkpt lat="45.33395" lon="-72.50788">
        <ele>211.4</ele>
      </trkpt>
      <trkpt lat="45.33363" lon="-72.50766">
        <ele>211.2</ele>
      </trkpt>
      <trkpt lat="45.33328" lon="-72.50752">
        <ele>210.7</ele>
      </trkpt>
      <trkpt lat="45.33277" lon="-72.50743">
        <ele>210.6</ele>
      </trkpt>
      <trkpt lat="45.332082" lon="-72.507417">
        <ele>210.8</ele>
      </trkpt>
      <trkpt lat="45.331394" lon="-72.507404">
        <ele>211.4</ele>
      </trkpt>
      <trkpt lat="45.330707" lon="-72.507392">
        <ele>212.4</ele>
      </trkpt>
      <trkpt lat="45.33002" lon="-72.50738">
        <ele>214.1</ele>
      </trkpt>
      <trkpt lat="45.32915" lon="-72.50728">
        <ele>216.3</ele>
      </trkpt>
      <trkpt lat="45.32884" lon="-72.50721">
        <ele>216.6</ele>
      </trkpt>
      <trkpt lat="45.32863" lon="-72.50712">
        <ele>217.1</ele>
      </trkpt>
      <trkpt lat="45.32817" lon="-72.50685">
        <ele>217.8</ele>
      </trkpt>
      <trkpt lat="45.32793" lon="-72.50664">
        <ele>218</ele>
      </trkpt>
      <trkpt lat="45.327196" lon="-72.505903">
        <ele>218.1</ele>
      </trkpt>
      <trkpt lat="45.326463" lon="-72.505166">
        <ele>217.3</ele>
      </trkpt>
      <trkpt lat="45.32573" lon="-72.50443">
        <ele>218.6</ele>
      </trkpt>
      <trkpt lat="45.32556" lon="-72.50427">
        <ele>218.7</ele>
      </trkpt>
      <trkpt lat="45.32497" lon="-72.50377">
        <ele>220.5</ele>
      </trkpt>
      <trkpt lat="45.32472" lon="-72.50363">
        <ele>221.5</ele>
      </trkpt>
      <trkpt lat="45.32425" lon="-72.50341">
        <ele>222.3</ele>
      </trkpt>
      <trkpt lat="45.3238" lon="-72.50331">
        <ele>223</ele>
      </trkpt>
      <trkpt lat="45.323219" lon="-72.503224">
        <ele>223.7</ele>
      </trkpt>
      <trkpt lat="45.32264" lon="-72.50314">
        <ele>224.3</ele>
      </trkpt>
      <trkpt lat="45.32202" lon="-72.50305">
        <ele>225.3</ele>
      </trkpt>
      <trkpt lat="45.32199" lon="-72.50206">
        <ele>226.6</ele>
      </trkpt>
      <trkpt lat="45.32203" lon="-72.50117">
        <ele>227.2</ele>
      </trkpt>
      <trkpt lat="45.32197" lon="-72.50067">
        <ele>228</ele>
      </trkpt>
      <trkpt lat="45.32194" lon="-72.50063">
        <ele>228</ele>
      </trkpt>
      <trkpt lat="45.32177" lon="-72.50053">
        <ele>228.7</ele>
      </trkpt>
      <trkpt lat="45.32173" lon="-72.50045">
        <ele>228.7</ele>
      </trkpt>
      <trkpt lat="45.32176" lon="-72.49964">
        <ele>231.3</ele>
      </trkpt>
      <trkpt lat="45.32182" lon="-72.49955">
        <ele>231.3</ele>
      </trkpt>
      <trkpt lat="45.32204" lon="-72.49957">
        <ele>231.7</ele>
      </trkpt>
      <trkpt lat="45.32207" lon="-72.49955">
        <ele>231.7</ele>
      </trkpt>
      <trkpt lat="45.32209" lon="-72.49925">
        <ele>231.9</ele>
      </trkpt>
      <trkpt lat="45.32212" lon="-72.49919">
        <ele>232</ele>
      </trkpt>
      <trkpt lat="45.32222" lon="-72.4991">
        <ele>232</ele>
      </trkpt>
      <trkpt lat="45.32224" lon="-72.49902">
        <ele>232</ele>
      </trkpt>
      <trkpt lat="45.322325" lon="-72.49817">
        <ele>233.6</ele>
      </trkpt>
      <trkpt lat="45.32241" lon="-72.49732">
        <ele>231.4</ele>
      </trkpt>
      <trkpt lat="45.32245" lon="-72.49718">
        <ele>231.1</ele>
      </trkpt>
      <trkpt lat="45.32275" lon="-72.4966">
        <ele>231.2</ele>
      </trkpt>
      <trkpt lat="45.32282" lon="-72.49633">
        <ele>231.8</ele>
      </trkpt>
      <trkpt lat="45.322923" lon="-72.49517">
        <ele>233</ele>
      </trkpt>
      <trkpt lat="45.323027" lon="-72.49401">
        <ele>232.6</ele>
      </trkpt>
      <trkpt lat="45.323131" lon="-72.49285">
        <ele>232</ele>
      </trkpt>
      <trkpt lat="45.323235" lon="-72.49169">
        <ele>231.4</ele>
      </trkpt>
      <trkpt lat="45.323338" lon="-72.49053">
        <ele>234.3</ele>
      </trkpt>
      <trkpt lat="45.323442" lon="-72.48937">
        <ele>236.6</ele>
      </trkpt>
      <trkpt lat="45.323546" lon="-72.48821">
        <ele>234.8</ele>
      </trkpt>
      <trkpt lat="45.32365" lon="-72.48705">
        <ele>236.7</ele>
      </trkpt>
      <trkpt lat="45.32373" lon="-72.486095">
        <ele>243.5</ele>
      </trkpt>
      <trkpt lat="45.32381" lon="-72.48514">
        <ele>246.2</ele>
      </trkpt>
      <trkpt lat="45.32388" lon="-72.48447">
        <ele>245.4</ele>
      </trkpt>
      <trkpt lat="45.32388" lon="-72.48448">
        <ele>245.4</ele>
      </trkpt>
      <trkpt lat="45.32397" lon="-72.4837">
        <ele>242.6</ele>
      </trkpt>
      <trkpt lat="45.32396" lon="-72.48353">
        <ele>242.4</ele>
      </trkpt>
      <trkpt lat="45.32392" lon="-72.48339">
        <ele>242.3</ele>
      </trkpt>
      <trkpt lat="45.3238" lon="-72.48307">
        <ele>241.3</ele>
      </trkpt>
      <trkpt lat="45.32379" lon="-72.48289">
        <ele>241</ele>
      </trkpt>
      <trkpt lat="45.32385" lon="-72.482065">
        <ele>240.9</ele>
      </trkpt>
      <trkpt lat="45.32391" lon="-72.48124">
        <ele>242.9</ele>
      </trkpt>
      <trkpt lat="45.323155" lon="-72.480884">
        <ele>246</ele>
      </trkpt>
      <trkpt lat="45.3224" lon="-72.48053">
        <ele>251.5</ele>
      </trkpt>
      <trkpt lat="45.32159" lon="-72.480109">
        <ele>252.1</ele>
      </trkpt>
      <trkpt lat="45.32078" lon="-72.47969">
        <ele>257.2</ele>
      </trkpt>
      <trkpt lat="45.3206" lon="-72.47968">
        <ele>258.8</ele>
      </trkpt>
      <trkpt lat="45.31987" lon="-72.47972">
        <ele>267.8</ele>
      </trkpt>
      <trkpt lat="45.31969" lon="-72.4797">
        <ele>270.3</ele>
      </trkpt>
      <trkpt lat="45.31932" lon="-72.47945">
        <ele>273.2</ele>
      </trkpt>
      <trkpt lat="45.318645" lon="-72.478974">
        <ele>274</ele>
      </trkpt>
      <trkpt lat="45.31797" lon="-72.4785">
        <ele>275.8</ele>
      </trkpt>
      <trkpt lat="45.31739" lon="-72.478119">
        <ele>278.9</ele>
      </trkpt>
      <trkpt lat="45.31681" lon="-72.47774">
        <ele>278.8</ele>
      </trkpt>
      <trkpt lat="45.31648" lon="-72.47756">
        <ele>278.8</ele>
      </trkpt>
      <trkpt lat="45.31606" lon="-72.47736">
        <ele>277.9</ele>
      </trkpt>
      <trkpt lat="45.31562" lon="-72.477224">
        <ele>277.5</ele>
      </trkpt>
      <trkpt lat="45.31518" lon="-72.47709">
        <ele>278.8</ele>
      </trkpt>
      <trkpt lat="45.314355" lon="-72.476864">
        <ele>280.6</ele>
      </trkpt>
      <trkpt lat="45.31353" lon="-72.476639">
        <ele>280.5</ele>
      </trkpt>
      <trkpt lat="45.312705" lon="-72.476414">
        <ele>279.4</ele>
      </trkpt>
      <trkpt lat="45.31188" lon="-72.47619">
        <ele>277.5</ele>
      </trkpt>
      <trkpt lat="45.31119" lon="-72.476">
        <ele>273.4</ele>
      </trkpt>
      <trkpt lat="45.310536" lon="-72.475796">
        <ele>270.2</ele>
      </trkpt>
      <trkpt lat="45.309883" lon="-72.475593">
        <ele>266</ele>
      </trkpt>
      <trkpt lat="45.30923" lon="-72.47539">
        <ele>264.1</ele>
      </trkpt>
      <trkpt lat="45.30857" lon="-72.475276">
        <ele>261.9</ele>
      </trkpt>
      <trkpt lat="45.30791" lon="-72.475163">
        <ele>261.6</ele>
      </trkpt>
      <trkpt lat="45.30725" lon="-72.47505">
        <ele>263.1</ele>
      </trkpt>
      <trkpt lat="45.30651" lon="-72.47493">
        <ele>266.2</ele>
      </trkpt>
      <trkpt lat="45.30593" lon="-72.47488">
        <ele>269.5</ele>
      </trkpt>
      <trkpt lat="45.30504" lon="-72.47496">
        <ele>272.3</ele>
      </trkpt>
      <trkpt lat="45.30426" lon="-72.4751">
        <ele>272.4</ele>
      </trkpt>
      <trkpt lat="45.303656" lon="-72.47523">
        <ele>271.5</ele>
      </trkpt>
      <trkpt lat="45.303053" lon="-72.47536">
        <ele>269</ele>
      </trkpt>
      <trkpt lat="45.30245" lon="-72.47549">
        <ele>267.9</ele>
      </trkpt>
      <trkpt lat="45.30218" lon="-72.47552">
        <ele>265.9</ele>
      </trkpt>
      <trkpt lat="45.30195" lon="-72.47551">
        <ele>265.3</ele>
      </trkpt>
      <trkpt lat="45.30172" lon="-72.47546">
        <ele>264.8</ele>
      </trkpt>
      <trkpt lat="45.30126" lon="-72.47516">
        <ele>263.3</ele>
      </trkpt>
      <trkpt lat="45.30057" lon="-72.47453">
        <ele>263.6</ele>
      </trkpt>
      <trkpt lat="45.30006" lon="-72.47397">
        <ele>261.9</ele>
      </trkpt>
      <trkpt lat="45.299387" lon="-72.473292">
        <ele>259.6</ele>
      </trkpt>
      <trkpt lat="45.298715" lon="-72.472614">
        <ele>256</ele>
      </trkpt>
      <trkpt lat="45.298042" lon="-72.471937">
        <ele>254.9</ele>
      </trkpt>
      <trkpt lat="45.29737" lon="-72.47126">
        <ele>254.5</ele>
      </trkpt>
      <trkpt lat="45.296785" lon="-72.470629">
        <ele>253.5</ele>
      </trkpt>
      <trkpt lat="45.2962" lon="-72.47">
        <ele>252.2</ele>
      </trkpt>
      <trkpt lat="45.2955" lon="-72.469298">
        <ele>251</ele>
      </trkpt>
      <trkpt lat="45.2948" lon="-72.468597">
        <ele>249.7</ele>
      </trkpt>
      <trkpt lat="45.2941" lon="-72.467895">
        <ele>249</ele>
      </trkpt>
      <trkpt lat="45.2934" lon="-72.467194">
        <ele>247</ele>
      </trkpt>
      <trkpt lat="45.2927" lon="-72.466492">
        <ele>243.3</ele>
      </trkpt>
      <trkpt lat="45.292" lon="-72.465791">
        <ele>239.7</ele>
      </trkpt>
      <trkpt lat="45.2913" lon="-72.46509">
        <ele>236.6</ele>
      </trkpt>
      <trkpt lat="45.29062" lon="-72.464479">
        <ele>234.8</ele>
      </trkpt>
      <trkpt lat="45.28994" lon="-72.46387">
        <ele>232.3</ele>
      </trkpt>
      <trkpt lat="45.28933" lon="-72.463349">
        <ele>228.2</ele>
      </trkpt>
      <trkpt lat="45.28872" lon="-72.462829">
        <ele>225.5</ele>
      </trkpt>
      <trkpt lat="45.28811" lon="-72.46231">
        <ele>223.2</ele>
      </trkpt>
      <trkpt lat="45.28746" lon="-72.461764">
        <ele>218.4</ele>
      </trkpt>
      <trkpt lat="45.28681" lon="-72.461219">
        <ele>217.8</ele>
      </trkpt>
      <trkpt lat="45.28616" lon="-72.460674">
        <ele>217.9</ele>
      </trkpt>
      <trkpt lat="45.28551" lon="-72.46013">
        <ele>215.8</ele>
      </trkpt>
      <trkpt lat="45.28472" lon="-72.45954">
        <ele>215.5</ele>
      </trkpt>
      <trkpt lat="45.28472" lon="-72.45953">
        <ele>215.5</ele>
      </trkpt>
      <trkpt lat="45.284076" lon="-72.459066">
        <ele>215.3</ele>
      </trkpt>
      <trkpt lat="45.283433" lon="-72.458603">
        <ele>215</ele>
      </trkpt>
      <trkpt lat="45.28279" lon="-72.45814">
        <ele>216.2</ele>
      </trkpt>
      <trkpt lat="45.28221" lon="-72.45769">
        <ele>217.8</ele>
      </trkpt>
      <trkpt lat="45.28152" lon="-72.457039">
        <ele>222.1</ele>
      </trkpt>
      <trkpt lat="45.28083" lon="-72.45639">
        <ele>224.9</ele>
      </trkpt>
      <trkpt lat="45.280233" lon="-72.455866">
        <ele>233.3</ele>
      </trkpt>
      <trkpt lat="45.279636" lon="-72.455343">
        <ele>240.6</ele>
      </trkpt>
      <trkpt lat="45.27904" lon="-72.45482">
        <ele>245</ele>
      </trkpt>
      <trkpt lat="45.27879" lon="-72.45456">
        <ele>247.6</ele>
      </trkpt>
      <trkpt lat="45.27851" lon="-72.45422">
        <ele>250.3</ele>
      </trkpt>
      <trkpt lat="45.27816" lon="-72.45384">
        <ele>251.8</ele>
      </trkpt>
      <trkpt lat="45.27782" lon="-72.45339">
        <ele>254.1</ele>
      </trkpt>
      <trkpt lat="45.277325" lon="-72.452674">
        <ele>259.4</ele>
      </trkpt>
      <trkpt lat="45.27683" lon="-72.45196">
        <ele>266.1</ele>
      </trkpt>
      <trkpt lat="45.27648" lon="-72.45147">
        <ele>268</ele>
      </trkpt>
      <trkpt lat="45.27602" lon="-72.4509">
        <ele>272</ele>
      </trkpt>
      <trkpt lat="45.27588" lon="-72.45076">
        <ele>273.5</ele>
      </trkpt>
      <trkpt lat="45.27558" lon="-72.45053">
        <ele>275.6</ele>
      </trkpt>
      <trkpt lat="45.27485" lon="-72.45016">
        <ele>277.2</ele>
      </trkpt>
      <trkpt lat="45.274152" lon="-72.449847">
        <ele>277.8</ele>
      </trkpt>
      <trkpt lat="45.273454" lon="-72.449535">
        <ele>278.7</ele>
      </trkpt>
      <trkpt lat="45.272756" lon="-72.449223">
        <ele>280.1</ele>
      </trkpt>
      <trkpt lat="45.272058" lon="-72.448911">
        <ele>280.9</ele>
      </trkpt>
      <trkpt lat="45.27136" lon="-72.4486">
        <ele>282.7</ele>
      </trkpt>
      <trkpt lat="45.27099" lon="-72.44839">
        <ele>283.6</ele>
      </trkpt>
      <trkpt lat="45.27065" lon="-72.44813">
        <ele>284.1</ele>
      </trkpt>
      <trkpt lat="45.2703" lon="-72.44779">
        <ele>284</ele>
      </trkpt>
      <trkpt lat="45.26979" lon="-72.447179">
        <ele>281.9</ele>
      </trkpt>
      <trkpt lat="45.26928" lon="-72.446569">
        <ele>278.3</ele>
      </trkpt>
      <trkpt lat="45.26877" lon="-72.44596">
        <ele>276.7</ele>
      </trkpt>
      <trkpt lat="45.26816" lon="-72.44526">
        <ele>275.2</ele>
      </trkpt>
      <trkpt lat="45.26762" lon="-72.44475">
        <ele>275.6</ele>
      </trkpt>
      <trkpt lat="45.267006" lon="-72.444199">
        <ele>276.8</ele>
      </trkpt>
      <trkpt lat="45.266393" lon="-72.443649">
        <ele>277.8</ele>
      </trkpt>
      <trkpt lat="45.26578" lon="-72.4431">
        <ele>279.8</ele>
      </trkpt>
      <trkpt lat="45.26524" lon="-72.44255">
        <ele>282.4</ele>
      </trkpt>
      <trkpt lat="45.26489" lon="-72.44215">
        <ele>283.6</ele>
      </trkpt>
      <trkpt lat="45.26449" lon="-72.44158">
        <ele>285.4</ele>
      </trkpt>
      <trkpt lat="45.26427" lon="-72.44122">
        <ele>286.9</ele>
      </trkpt>
      <trkpt lat="45.26398" lon="-72.44057">
        <ele>289.1</ele>
      </trkpt>
      <trkpt lat="45.263745" lon="-72.439954">
        <ele>291.8</ele>
      </trkpt>
      <trkpt lat="45.26351" lon="-72.43934">
        <ele>294.3</ele>
      </trkpt>
      <trkpt lat="45.26343" lon="-72.43917">
        <ele>294.9</ele>
      </trkpt>
      <trkpt lat="45.26328" lon="-72.439">
        <ele>295.5</ele>
      </trkpt>
      <trkpt lat="45.26314" lon="-72.43893">
        <ele>295.5</ele>
      </trkpt>
      <trkpt lat="45.26255" lon="-72.43891">
        <ele>294.8</ele>
      </trkpt>
      <trkpt lat="45.26185" lon="-72.43895">
        <ele>291.8</ele>
      </trkpt>
      <trkpt lat="45.26115" lon="-72.43899">
        <ele>288.9</ele>
      </trkpt>
      <trkpt lat="45.260595" lon="-72.439005">
        <ele>291</ele>
      </trkpt>
      <trkpt lat="45.26004" lon="-72.43902">
        <ele>292.6</ele>
      </trkpt>
      <trkpt lat="45.25995" lon="-72.437866">
        <ele>297.7</ele>
      </trkpt>
      <trkpt lat="45.25986" lon="-72.436713">
        <ele>305.7</ele>
      </trkpt>
      <trkpt lat="45.25977" lon="-72.43556">
        <ele>310.9</ele>
      </trkpt>
      <trkpt lat="45.2597" lon="-72.434488">
        <ele>314</ele>
      </trkpt>
      <trkpt lat="45.25963" lon="-72.433416">
        <ele>318</ele>
      </trkpt>
      <trkpt lat="45.25956" lon="-72.432344">
        <ele>322</ele>
      </trkpt>
      <trkpt lat="45.25949" lon="-72.431273">
        <ele>327.2</ele>
      </trkpt>
      <trkpt lat="45.25942" lon="-72.430201">
        <ele>336.9</ele>
      </trkpt>
      <trkpt lat="45.25935" lon="-72.42913">
        <ele>344.8</ele>
      </trkpt>
      <trkpt lat="45.25924" lon="-72.427889">
        <ele>354.6</ele>
      </trkpt>
      <trkpt lat="45.25913" lon="-72.426649">
        <ele>366</ele>
      </trkpt>
      <trkpt lat="45.25902" lon="-72.42541">
        <ele>373.5</ele>
      </trkpt>
      <trkpt lat="45.258925" lon="-72.424204">
        <ele>384.4</ele>
      </trkpt>
      <trkpt lat="45.25883" lon="-72.423">
        <ele>399.7</ele>
      </trkpt>
      <trkpt lat="45.25879" lon="-72.422096">
        <ele>410.3</ele>
      </trkpt>
      <trkpt lat="45.25875" lon="-72.421193">
        <ele>417.5</ele>
      </trkpt>
      <trkpt lat="45.25871" lon="-72.42029">
        <ele>423.8</ele>
      </trkpt>
      <trkpt lat="45.258742" lon="-72.419123">
        <ele>428</ele>
      </trkpt>
      <trkpt lat="45.258774" lon="-72.417956">
        <ele>433.3</ele>
      </trkpt>
      <trkpt lat="45.258806" lon="-72.416789">
        <ele>436.1</ele>
      </trkpt>
      <trkpt lat="45.258838" lon="-72.415622">
        <ele>437.4</ele>
      </trkpt>
      <trkpt lat="45.25887" lon="-72.414455">
        <ele>436.3</ele>
      </trkpt>
      <trkpt lat="45.258902" lon="-72.413288">
        <ele>430.2</ele>
      </trkpt>
      <trkpt lat="45.258934" lon="-72.412121">
        <ele>419.9</ele>
      </trkpt>
      <trkpt lat="45.258966" lon="-72.410954">
        <ele>414.8</ele>
      </trkpt>
      <trkpt lat="45.258998" lon="-72.409787">
        <ele>412.4</ele>
      </trkpt>
      <trkpt lat="45.25903" lon="-72.40862">
        <ele>407</ele>
      </trkpt>
      <trkpt lat="45.259067" lon="-72.407491">
        <ele>407.8</ele>
      </trkpt>
      <trkpt lat="45.259104" lon="-72.406362">
        <ele>411.6</ele>
      </trkpt>
      <trkpt lat="45.259141" lon="-72.405234">
        <ele>414.5</ele>
      </trkpt>
      <trkpt lat="45.259178" lon="-72.404105">
        <ele>413.3</ele>
      </trkpt>
      <trkpt lat="45.259215" lon="-72.402977">
        <ele>415.5</ele>
      </trkpt>
      <trkpt lat="45.259252" lon="-72.401848">
        <ele>416</ele>
      </trkpt>
      <trkpt lat="45.25929" lon="-72.40072">
        <ele>415.1</ele>
      </trkpt>
      <trkpt lat="45.259313" lon="-72.399726">
        <ele>413.6</ele>
      </trkpt>
      <trkpt lat="45.259336" lon="-72.398733">
        <ele>412.1</ele>
      </trkpt>
      <trkpt lat="45.25936" lon="-72.39774">
        <ele>411.2</ele>
      </trkpt>
      <trkpt lat="45.259374" lon="-72.396602">
        <ele>410.4</ele>
      </trkpt>
      <trkpt lat="45.259388" lon="-72.395465">
        <ele>409.7</ele>
      </trkpt>
      <trkpt lat="45.259402" lon="-72.394328">
        <ele>408.1</ele>
      </trkpt>
      <trkpt lat="45.259417" lon="-72.393191">
        <ele>404.1</ele>
      </trkpt>
      <trkpt lat="45.259431" lon="-72.392054">
        <ele>400.5</ele>
      </trkpt>
      <trkpt lat="45.259445" lon="-72.390917">
        <ele>397.4</ele>
      </trkpt>
      <trkpt lat="45.25946" lon="-72.38978">
        <ele>390.8</ele>
      </trkpt>
      <trkpt lat="45.25953" lon="-72.38955">
        <ele>389.2</ele>
      </trkpt>
      <trkpt lat="45.25965" lon="-72.38934">
        <ele>386.1</ele>
      </trkpt>
      <trkpt lat="45.260367" lon="-72.388602">
        <ele>376.3</ele>
      </trkpt>
      <trkpt lat="45.261085" lon="-72.387865">
        <ele>366.8</ele>
      </trkpt>
      <trkpt lat="45.261802" lon="-72.387127">
        <ele>354.5</ele>
      </trkpt>
      <trkpt lat="45.26252" lon="-72.38639">
        <ele>346.2</ele>
      </trkpt>
      <trkpt lat="45.263027" lon="-72.385635">
        <ele>335</ele>
      </trkpt>
      <trkpt lat="45.263535" lon="-72.38488">
        <ele>321.2</ele>
      </trkpt>
      <trkpt lat="45.264042" lon="-72.384125">
        <ele>310.2</ele>
      </trkpt>
      <trkpt lat="45.26455" lon="-72.38337">
        <ele>302.5</ele>
      </trkpt>
      <trkpt lat="45.26458" lon="-72.38329">
        <ele>302.1</ele>
      </trkpt>
      <trkpt lat="45.26457" lon="-72.38329">
        <ele>302.1</ele>
      </trkpt>
      <trkpt lat="45.26465" lon="-72.3831">
        <ele>301.1</ele>
      </trkpt>
      <trkpt lat="45.26484" lon="-72.38194">
        <ele>295.6</ele>
      </trkpt>
      <trkpt lat="45.26489" lon="-72.38176">
        <ele>295</ele>
      </trkpt>
      <trkpt lat="45.265" lon="-72.38146">
        <ele>293.9</ele>
      </trkpt>
      <trkpt lat="45.26509" lon="-72.38136">
        <ele>293.2</ele>
      </trkpt>
      <trkpt lat="45.26519" lon="-72.38128">
        <ele>293</ele>
      </trkpt>
      <trkpt lat="45.2653" lon="-72.38123">
        <ele>292.6</ele>
      </trkpt>
      <trkpt lat="45.26552" lon="-72.38119">
        <ele>291.5</ele>
      </trkpt>
      <trkpt lat="45.26591" lon="-72.38109">
        <ele>291.8</ele>
      </trkpt>
      <trkpt lat="45.2663" lon="-72.38096">
        <ele>292.6</ele>
      </trkpt>
      <trkpt lat="45.26627" lon="-72.38066">
        <ele>291.5</ele>
      </trkpt>
      <trkpt lat="45.26594" lon="-72.3806">
        <ele>287.5</ele>
      </trkpt>
      <trkpt lat="45.26582" lon="-72.38055">
        <ele>287.1</ele>
      </trkpt>
      <trkpt lat="45.26549" lon="-72.38032">
        <ele>284.8</ele>
      </trkpt>
      <trkpt lat="45.26527" lon="-72.37997">
        <ele>282.8</ele>
      </trkpt>
      <trkpt lat="45.264825" lon="-72.379009">
        <ele>279.5</ele>
      </trkpt>
      <trkpt lat="45.26438" lon="-72.37805">
        <ele>278.6</ele>
      </trkpt>
      <trkpt lat="45.263895" lon="-72.377039">
        <ele>276.8</ele>
      </trkpt>
      <trkpt lat="45.26341" lon="-72.37603">
        <ele>275.4</ele>
      </trkpt>
      <trkpt lat="45.26311" lon="-72.37549">
        <ele>274.8</ele>
      </trkpt>
      <trkpt lat="45.26278" lon="-72.37501">
        <ele>274.1</ele>
      </trkpt>
      <trkpt lat="45.2626" lon="-72.37482">
        <ele>274.1</ele>
      </trkpt>
      <trkpt lat="45.26219" lon="-72.37443">
        <ele>274.9</ele>
      </trkpt>
      <trkpt lat="45.26169" lon="-72.37402">
        <ele>274.5</ele>
      </trkpt>
      <trkpt lat="45.26147" lon="-72.37379">
        <ele>274.6</ele>
      </trkpt>
      <trkpt lat="45.26124" lon="-72.37348">
        <ele>274</ele>
      </trkpt>
      <trkpt lat="45.26114" lon="-72.37326">
        <ele>272.5</ele>
      </trkpt>
      <trkpt lat="45.26077" lon="-72.37218">
        <ele>270</ele>
      </trkpt>
      <trkpt lat="45.26061" lon="-72.37179">
        <ele>268.7</ele>
      </trkpt>
      <trkpt lat="45.2602" lon="-72.3712">
        <ele>267.3</ele>
      </trkpt>
      <trkpt lat="45.26005" lon="-72.37097">
        <ele>267.3</ele>
      </trkpt>
      <trkpt lat="45.25966" lon="-72.37047">
        <ele>267.4</ele>
      </trkpt>
      <trkpt lat="45.25928" lon="-72.36994">
        <ele>267.5</ele>
      </trkpt>
      <trkpt lat="45.258885" lon="-72.369204">
        <ele>266.7</ele>
      </trkpt>
      <trkpt lat="45.25849" lon="-72.36847">
        <ele>266.9</ele>
      </trkpt>
      <trkpt lat="45.25818" lon="-72.36801">
        <ele>267.8</ele>
      </trkpt>
      <trkpt lat="45.25793" lon="-72.36775">
        <ele>267.8</ele>
      </trkpt>
      <trkpt lat="45.257505" lon="-72.367419">
        <ele>268</ele>
      </trkpt>
      <trkpt lat="45.25708" lon="-72.36709">
        <ele>268.6</ele>
      </trkpt>
      <trkpt lat="45.25688" lon="-72.36691">
        <ele>269.2</ele>
      </trkpt>
      <trkpt lat="45.25666" lon="-72.36659">
        <ele>270.5</ele>
      </trkpt>
      <trkpt lat="45.25635" lon="-72.36579">
        <ele>269.7</ele>
      </trkpt>
      <trkpt lat="45.25627" lon="-72.36564">
        <ele>268.9</ele>
      </trkpt>
      <trkpt lat="45.25618" lon="-72.36551">
        <ele>268.9</ele>
      </trkpt>
      <trkpt lat="45.25607" lon="-72.36542">
        <ele>268.3</ele>
      </trkpt>
      <trkpt lat="45.25595" lon="-72.36533">
        <ele>267.4</ele>
      </trkpt>
      <trkpt lat="45.255535" lon="-72.365084">
        <ele>266</ele>
      </trkpt>
      <trkpt lat="45.25512" lon="-72.36484">
        <ele>265.4</ele>
      </trkpt>
      <trkpt lat="45.25501" lon="-72.36479">
        <ele>265.4</ele>
      </trkpt>
      <trkpt lat="45.2548" lon="-72.36476">
        <ele>265.4</ele>
      </trkpt>
      <trkpt lat="45.25396" lon="-72.3647">
        <ele>263.3</ele>
      </trkpt>
      <trkpt lat="45.25363" lon="-72.36475">
        <ele>262.7</ele>
      </trkpt>
      <trkpt lat="45.253019" lon="-72.36493">
        <ele>262.1</ele>
      </trkpt>
      <trkpt lat="45.25241" lon="-72.36511">
        <ele>262.3</ele>
      </trkpt>
      <trkpt lat="45.25212" lon="-72.36515">
        <ele>262.7</ele>
      </trkpt>
      <trkpt lat="45.25197" lon="-72.36511">
        <ele>263</ele>
      </trkpt>
      <trkpt lat="45.25169" lon="-72.36501">
        <ele>264</ele>
      </trkpt>
      <trkpt lat="45.251025" lon="-72.364439">
        <ele>263.4</ele>
      </trkpt>
      <trkpt lat="45.25036" lon="-72.36387">
        <ele>262.3</ele>
      </trkpt>
      <trkpt lat="45.24987" lon="-72.36372">
        <ele>261.8</ele>
      </trkpt>
      <trkpt lat="45.24964" lon="-72.36363">
        <ele>261.5</ele>
      </trkpt>
      <trkpt lat="45.24945" lon="-72.36349">
        <ele>261.5</ele>
      </trkpt>
      <trkpt lat="45.24895" lon="-72.36286">
        <ele>260.9</ele>
      </trkpt>
      <trkpt lat="45.24854" lon="-72.36224">
        <ele>261</ele>
      </trkpt>
      <trkpt lat="45.24808" lon="-72.36148">
        <ele>263.9</ele>
      </trkpt>
      <trkpt lat="45.24745" lon="-72.36104">
        <ele>263.3</ele>
      </trkpt>
      <trkpt lat="45.24739" lon="-72.36099">
        <ele>263.6</ele>
      </trkpt>
      <trkpt lat="45.24724" lon="-72.36072">
        <ele>265.4</ele>
      </trkpt>
      <trkpt lat="45.24678" lon="-72.36014">
        <ele>268.3</ele>
      </trkpt>
      <trkpt lat="45.24646" lon="-72.35986">
        <ele>271.2</ele>
      </trkpt>
      <trkpt lat="45.24621" lon="-72.35968">
        <ele>272.8</ele>
      </trkpt>
      <trkpt lat="45.24595" lon="-72.35937">
        <ele>274.6</ele>
      </trkpt>
      <trkpt lat="45.24532" lon="-72.35867">
        <ele>276.4</ele>
      </trkpt>
      <trkpt lat="45.24463" lon="-72.35799">
        <ele>264.7</ele>
      </trkpt>
      <trkpt lat="45.24396" lon="-72.3575">
        <ele>254.3</ele>
      </trkpt>
      <trkpt lat="45.24349" lon="-72.35728">
        <ele>248.8</ele>
      </trkpt>
      <trkpt lat="45.24335" lon="-72.35724">
        <ele>247.7</ele>
      </trkpt>
      <trkpt lat="45.242549" lon="-72.357164">
        <ele>244.9</ele>
      </trkpt>
      <trkpt lat="45.24175" lon="-72.35709">
        <ele>245.3</ele>
      </trkpt>
      <trkpt lat="45.24159" lon="-72.35709">
        <ele>245.6</ele>
      </trkpt>
      <trkpt lat="45.24142" lon="-72.35706">
        <ele>245.6</ele>
      </trkpt>
      <trkpt lat="45.240699" lon="-72.3571">
        <ele>246.8</ele>
      </trkpt>
      <trkpt lat="45.23998" lon="-72.35714">
        <ele>248.7</ele>
      </trkpt>
      <trkpt lat="45.239243" lon="-72.357183">
        <ele>247.1</ele>
      </trkpt>
      <trkpt lat="45.238506" lon="-72.357226">
        <ele>245.1</ele>
      </trkpt>
      <trkpt lat="45.23777" lon="-72.35727">
        <ele>244.6</ele>
      </trkpt>
      <trkpt lat="45.237085" lon="-72.357204">
        <ele>245.3</ele>
      </trkpt>
      <trkpt lat="45.2364" lon="-72.35714">
        <ele>244.4</ele>
      </trkpt>
      <trkpt lat="45.23599" lon="-72.35714">
        <ele>243.8</ele>
      </trkpt>
      <trkpt lat="45.23552" lon="-72.35722">
        <ele>244.2</ele>
      </trkpt>
      <trkpt lat="45.23505" lon="-72.3573">
        <ele>245</ele>
      </trkpt>
      <trkpt lat="45.234495" lon="-72.35742">
        <ele>243.3</ele>
      </trkpt>
      <trkpt lat="45.23394" lon="-72.35754">
        <ele>242.6</ele>
      </trkpt>
      <trkpt lat="45.233479" lon="-72.357605">
        <ele>243.4</ele>
      </trkpt>
      <trkpt lat="45.23302" lon="-72.35767">
        <ele>243.6</ele>
      </trkpt>
      <trkpt lat="45.23285" lon="-72.35771">
        <ele>243.9</ele>
      </trkpt>
      <trkpt lat="45.23258" lon="-72.35777">
        <ele>243.9</ele>
      </trkpt>
      <trkpt lat="45.23213" lon="-72.35803">
        <ele>244</ele>
      </trkpt>
      <trkpt lat="45.23193" lon="-72.35813">
        <ele>244.2</ele>
      </trkpt>
      <trkpt lat="45.23182" lon="-72.35817">
        <ele>244.4</ele>
      </trkpt>
      <trkpt lat="45.23169" lon="-72.35813">
        <ele>244.4</ele>
      </trkpt>
      <trkpt lat="45.2315" lon="-72.35803">
        <ele>244.7</ele>
      </trkpt>
      <trkpt lat="45.23127" lon="-72.35782">
        <ele>245.2</ele>
      </trkpt>
      <trkpt lat="45.23109" lon="-72.35759">
        <ele>246.1</ele>
      </trkpt>
      <trkpt lat="45.231" lon="-72.3575">
        <ele>247.6</ele>
      </trkpt>
      <trkpt lat="45.23067" lon="-72.35727">
        <ele>248.4</ele>
      </trkpt>
      <trkpt lat="45.23053" lon="-72.35713">
        <ele>248.6</ele>
      </trkpt>
      <trkpt lat="45.23043" lon="-72.35696">
        <ele>248.5</ele>
      </trkpt>
      <trkpt lat="45.23033" lon="-72.35665">
        <ele>248.4</ele>
      </trkpt>
      <trkpt lat="45.23024" lon="-72.3562">
        <ele>247.7</ele>
      </trkpt>
      <trkpt lat="45.23016" lon="-72.35597">
        <ele>246.8</ele>
      </trkpt>
      <trkpt lat="45.23002" lon="-72.3558">
        <ele>245</ele>
      </trkpt>
      <trkpt lat="45.22934" lon="-72.3553">
        <ele>242.5</ele>
      </trkpt>
      <trkpt lat="45.22888" lon="-72.35481">
        <ele>242.4</ele>
      </trkpt>
      <trkpt lat="45.22871" lon="-72.35454">
        <ele>242.4</ele>
      </trkpt>
      <trkpt lat="45.22843" lon="-72.35377">
        <ele>242.3</ele>
      </trkpt>
      <trkpt lat="45.22837" lon="-72.35365">
        <ele>242.5</ele>
      </trkpt>
      <trkpt lat="45.22821" lon="-72.3535">
        <ele>243.1</ele>
      </trkpt>
      <trkpt lat="45.22812" lon="-72.35346">
        <ele>243.1</ele>
      </trkpt>
      <trkpt lat="45.22775" lon="-72.35338">
        <ele>243.6</ele>
      </trkpt>
      <trkpt lat="45.22759" lon="-72.35337">
        <ele>243.5</ele>
      </trkpt>
      <trkpt lat="45.22735" lon="-72.35338">
        <ele>243.6</ele>
      </trkpt>
      <trkpt lat="45.22704" lon="-72.35352">
        <ele>244.2</ele>
      </trkpt>
      <trkpt lat="45.2269" lon="-72.35365">
        <ele>244.8</ele>
      </trkpt>
      <trkpt lat="45.22664" lon="-72.35374">
        <ele>245.8</ele>
      </trkpt>
      <trkpt lat="45.22647" lon="-72.35379">
        <ele>246.7</ele>
      </trkpt>
      <trkpt lat="45.22611" lon="-72.35382">
        <ele>248.8</ele>
      </trkpt>
      <trkpt lat="45.22557" lon="-72.35377">
        <ele>249.9</ele>
      </trkpt>
      <trkpt lat="45.224775" lon="-72.353599">
        <ele>247.2</ele>
      </trkpt>
      <trkpt lat="45.22398" lon="-72.35343">
        <ele>245.6</ele>
      </trkpt>
      <trkpt lat="45.22311" lon="-72.35322">
        <ele>241.6</ele>
      </trkpt>
      <trkpt lat="45.2226" lon="-72.35311">
        <ele>239.7</ele>
      </trkpt>
      <trkpt lat="45.2224" lon="-72.3531">
        <ele>239.4</ele>
      </trkpt>
      <trkpt lat="45.22205" lon="-72.3531">
        <ele>238.9</ele>
      </trkpt>
      <trkpt lat="45.22172" lon="-72.35311">
        <ele>238.3</ele>
      </trkpt>
      <trkpt lat="45.220845" lon="-72.353345">
        <ele>238.2</ele>
      </trkpt>
      <trkpt lat="45.21997" lon="-72.35358">
        <ele>238.5</ele>
      </trkpt>
      <trkpt lat="45.21996" lon="-72.35358">
        <ele>238.5</ele>
      </trkpt>
      <trkpt lat="45.21985" lon="-72.3536">
        <ele>238.5</ele>
      </trkpt>
      <trkpt lat="45.21932" lon="-72.35356">
        <ele>238.3</ele>
      </trkpt>
      <trkpt lat="45.21914" lon="-72.35356">
        <ele>238.3</ele>
      </trkpt>
      <trkpt lat="45.2189" lon="-72.3536">
        <ele>238.1</ele>
      </trkpt>
      <trkpt lat="45.21851" lon="-72.35378">
        <ele>238.8</ele>
      </trkpt>
      <trkpt lat="45.21821" lon="-72.35396">
        <ele>239.5</ele>
      </trkpt>
      <trkpt lat="45.21775" lon="-72.35418">
        <ele>239.4</ele>
      </trkpt>
      <trkpt lat="45.21765" lon="-72.35427">
        <ele>239.4</ele>
      </trkpt>
      <trkpt lat="45.21738" lon="-72.35436">
        <ele>239.8</ele>
      </trkpt>
      <trkpt lat="45.21689" lon="-72.35446">
        <ele>241.1</ele>
      </trkpt>
      <trkpt lat="45.21621" lon="-72.35476">
        <ele>240.3</ele>
      </trkpt>
      <trkpt lat="45.21607" lon="-72.35478">
        <ele>239.4</ele>
      </trkpt>
      <trkpt lat="45.21546" lon="-72.3549">
        <ele>238.5</ele>
      </trkpt>
      <trkpt lat="45.21523" lon="-72.35492">
        <ele>238.5</ele>
      </trkpt>
      <trkpt lat="45.21514" lon="-72.3549">
        <ele>238.5</ele>
      </trkpt>
      <trkpt lat="45.2149" lon="-72.35479">
        <ele>238.1</ele>
      </trkpt>
      <trkpt lat="45.21462" lon="-72.35454">
        <ele>237.9</ele>
      </trkpt>
      <trkpt lat="45.21444" lon="-72.35427">
        <ele>237.3</ele>
      </trkpt>
      <trkpt lat="45.21427" lon="-72.35387">
        <ele>237</ele>
      </trkpt>
      <trkpt lat="45.21407" lon="-72.35405">
        <ele>236.7</ele>
      </trkpt>
      <trkpt lat="45.21347" lon="-72.35449">
        <ele>236.8</ele>
      </trkpt>
      <trkpt lat="45.21325" lon="-72.35459">
        <ele>237.4</ele>
      </trkpt>
      <trkpt lat="45.21268" lon="-72.3548">
        <ele>239.5</ele>
      </trkpt>
      <trkpt lat="45.21226" lon="-72.35489">
        <ele>240.2</ele>
      </trkpt>
      <trkpt lat="45.21192" lon="-72.35489">
        <ele>240.8</ele>
      </trkpt>
      <trkpt lat="45.21161" lon="-72.35508">
        <ele>240.4</ele>
      </trkpt>
      <trkpt lat="45.211044" lon="-72.355145">
        <ele>238.2</ele>
      </trkpt>
      <trkpt lat="45.21048" lon="-72.35521">
        <ele>238.4</ele>
      </trkpt>
      <trkpt lat="45.20993" lon="-72.35535">
        <ele>237.9</ele>
      </trkpt>
      <trkpt lat="45.20992" lon="-72.35535">
        <ele>237.9</ele>
      </trkpt>
      <trkpt lat="45.20986" lon="-72.35536">
        <ele>237.9</ele>
      </trkpt>
      <trkpt lat="45.20971" lon="-72.35548">
        <ele>237.7</ele>
      </trkpt>
      <trkpt lat="45.20927" lon="-72.355905">
        <ele>237.6</ele>
      </trkpt>
      <trkpt lat="45.20883" lon="-72.35633">
        <ele>238</ele>
      </trkpt>
      <trkpt lat="45.20855" lon="-72.3565">
        <ele>238.8</ele>
      </trkpt>
      <trkpt lat="45.20839" lon="-72.3565">
        <ele>239.5</ele>
      </trkpt>
      <trkpt lat="45.2081" lon="-72.35646">
        <ele>240.2</ele>
      </trkpt>
      <trkpt lat="45.20772" lon="-72.35633">
        <ele>239.8</ele>
      </trkpt>
      <trkpt lat="45.20706" lon="-72.35611">
        <ele>239.8</ele>
      </trkpt>
      <trkpt lat="45.2068" lon="-72.35605">
        <ele>240</ele>
      </trkpt>
      <trkpt lat="45.20646" lon="-72.35598">
        <ele>240</ele>
      </trkpt>
      <trkpt lat="45.20578" lon="-72.35595">
        <ele>239.9</ele>
      </trkpt>
      <trkpt lat="45.20574" lon="-72.35576">
        <ele>239.6</ele>
      </trkpt>
      <trkpt lat="45.2052" lon="-72.35592">
        <ele>239.5</ele>
      </trkpt>
      <trkpt lat="45.20496" lon="-72.35594">
        <ele>239.3</ele>
      </trkpt>
      <trkpt lat="45.204409" lon="-72.35596">
        <ele>238.6</ele>
      </trkpt>
      <trkpt lat="45.20386" lon="-72.35598">
        <ele>237.7</ele>
      </trkpt>
      <trkpt lat="45.20385" lon="-72.35598">
        <ele>237.7</ele>
      </trkpt>
      <trkpt lat="45.20331" lon="-72.356">
        <ele>237.4</ele>
      </trkpt>
      <trkpt lat="45.20277" lon="-72.35602">
        <ele>236.6</ele>
      </trkpt>
      <trkpt lat="45.201979" lon="-72.356055">
        <ele>235.2</ele>
      </trkpt>
      <trkpt lat="45.20119" lon="-72.35609">
        <ele>236.8</ele>
      </trkpt>
      <trkpt lat="45.20073" lon="-72.357">
        <ele>237.2</ele>
      </trkpt>
      <trkpt lat="45.20041" lon="-72.35773">
        <ele>238.7</ele>
      </trkpt>
      <trkpt lat="45.20041" lon="-72.35774">
        <ele>238.8</ele>
      </trkpt>
      <trkpt lat="45.20029" lon="-72.35803">
        <ele>239.1</ele>
      </trkpt>
      <trkpt lat="45.20024" lon="-72.3583">
        <ele>239.8</ele>
      </trkpt>
      <trkpt lat="45.20021" lon="-72.35857">
        <ele>240.6</ele>
      </trkpt>
      <trkpt lat="45.20024" lon="-72.35885">
        <ele>240.6</ele>
      </trkpt>
      <trkpt lat="45.20033" lon="-72.35912">
        <ele>240.8</ele>
      </trkpt>
      <trkpt lat="45.20067" lon="-72.35982">
        <ele>243.9</ele>
      </trkpt>
      <trkpt lat="45.20091" lon="-72.36045">
        <ele>247.7</ele>
      </trkpt>
      <trkpt lat="45.20095" lon="-72.36072">
        <ele>247.9</ele>
      </trkpt>
      <trkpt lat="45.20095" lon="-72.36094">
        <ele>247.7</ele>
      </trkpt>
      <trkpt lat="45.20089" lon="-72.36153">
        <ele>246.9</ele>
      </trkpt>
      <trkpt lat="45.20072" lon="-72.36245">
        <ele>247.3</ele>
      </trkpt>
      <trkpt lat="45.20055" lon="-72.36337">
        <ele>255.1</ele>
      </trkpt>
      <trkpt lat="45.20055" lon="-72.3635">
        <ele>256.3</ele>
      </trkpt>
      <trkpt lat="45.20052" lon="-72.36372">
        <ele>258</ele>
      </trkpt>
      <trkpt lat="45.20053" lon="-72.36399">
        <ele>260</ele>
      </trkpt>
      <trkpt lat="45.20058" lon="-72.36421">
        <ele>261.4</ele>
      </trkpt>
      <trkpt lat="45.2008" lon="-72.3647">
        <ele>265</ele>
      </trkpt>
      <trkpt lat="45.201005" lon="-72.365304">
        <ele>267.2</ele>
      </trkpt>
      <trkpt lat="45.20121" lon="-72.36591">
        <ele>268.8</ele>
      </trkpt>
      <trkpt lat="45.20158" lon="-72.36677">
        <ele>271</ele>
      </trkpt>
      <trkpt lat="45.20173" lon="-72.36721">
        <ele>272.1</ele>
      </trkpt>
      <trkpt lat="45.20172" lon="-72.36735">
        <ele>272.5</ele>
      </trkpt>
      <trkpt lat="45.20152" lon="-72.36819">
        <ele>278.9</ele>
      </trkpt>
      <trkpt lat="45.20151" lon="-72.3685">
        <ele>280.6</ele>
      </trkpt>
      <trkpt lat="45.20157" lon="-72.36886">
        <ele>282.7</ele>
      </trkpt>
      <trkpt lat="45.20172" lon="-72.36945">
        <ele>285.1</ele>
      </trkpt>
      <trkpt lat="45.20173" lon="-72.36976">
        <ele>288.3</ele>
      </trkpt>
      <trkpt lat="45.201695" lon="-72.37054">
        <ele>291.1</ele>
      </trkpt>
      <trkpt lat="45.20166" lon="-72.37132">
        <ele>297.2</ele>
      </trkpt>
      <trkpt lat="45.2019" lon="-72.37245">
        <ele>302.6</ele>
      </trkpt>
      <trkpt lat="45.2019" lon="-72.37339">
        <ele>307.8</ele>
      </trkpt>
      <trkpt lat="45.20194" lon="-72.37375">
        <ele>308.9</ele>
      </trkpt>
      <trkpt lat="45.20202" lon="-72.37424">
        <ele>312.2</ele>
      </trkpt>
      <trkpt lat="45.20226" lon="-72.37536">
        <ele>320.6</ele>
      </trkpt>
      <trkpt lat="45.20237" lon="-72.37563">
        <ele>322.2</ele>
      </trkpt>
      <trkpt lat="45.2025" lon="-72.37581">
        <ele>322.8</ele>
      </trkpt>
      <trkpt lat="45.20261" lon="-72.37608">
        <ele>323.5</ele>
      </trkpt>
      <trkpt lat="45.20267" lon="-72.37639">
        <ele>324.6</ele>
      </trkpt>
      <trkpt lat="45.20266" lon="-72.37733">
        <ele>329</ele>
      </trkpt>
      <trkpt lat="45.20269" lon="-72.37819">
        <ele>331.7</ele>
      </trkpt>
      <trkpt lat="45.20275" lon="-72.37858">
        <ele>333.6</ele>
      </trkpt>
      <trkpt lat="45.20277" lon="-72.37868">
        <ele>333.6</ele>
      </trkpt>
      <trkpt lat="45.20285" lon="-72.37892">
        <ele>334.6</ele>
      </trkpt>
      <trkpt lat="45.20314" lon="-72.37961">
        <ele>337.1</ele>
      </trkpt>
      <trkpt lat="45.2032" lon="-72.37984">
        <ele>338.1</ele>
      </trkpt>
      <trkpt lat="45.20334" lon="-72.38083">
        <ele>343.8</ele>
      </trkpt>
      <trkpt lat="45.20345" lon="-72.38118">
        <ele>345</ele>
      </trkpt>
      <trkpt lat="45.2039" lon="-72.382029">
        <ele>349.2</ele>
      </trkpt>
      <trkpt lat="45.20435" lon="-72.38288">
        <ele>350.7</ele>
      </trkpt>
      <trkpt lat="45.20447" lon="-72.38319">
        <ele>352.5</ele>
      </trkpt>
      <trkpt lat="45.204655" lon="-72.384104">
        <ele>361.2</ele>
      </trkpt>
      <trkpt lat="45.20484" lon="-72.38502">
        <ele>367.1</ele>
      </trkpt>
      <trkpt lat="45.20493" lon="-72.38597">
        <ele>371.5</ele>
      </trkpt>
      <trkpt lat="45.205" lon="-72.38615">
        <ele>372.7</ele>
      </trkpt>
      <trkpt lat="45.20536" lon="-72.386634">
        <ele>378.1</ele>
      </trkpt>
      <trkpt lat="45.20572" lon="-72.38712">
        <ele>379.5</ele>
      </trkpt>
      <trkpt lat="45.20596" lon="-72.38745">
        <ele>379.9</ele>
      </trkpt>
      <trkpt lat="45.2064" lon="-72.388144">
        <ele>382.9</ele>
      </trkpt>
      <trkpt lat="45.20684" lon="-72.38884">
        <ele>382.8</ele>
      </trkpt>
      <trkpt lat="45.207426" lon="-72.389389">
        <ele>382.3</ele>
      </trkpt>
      <trkpt lat="45.208013" lon="-72.389939">
        <ele>386.2</ele>
      </trkpt>
      <trkpt lat="45.2086" lon="-72.39049">
        <ele>386.2</ele>
      </trkpt>
      <trkpt lat="45.20927" lon="-72.39126">
        <ele>378.8</ele>
      </trkpt>
      <trkpt lat="45.20938" lon="-72.39147">
        <ele>378.2</ele>
      </trkpt>
      <trkpt lat="45.20948" lon="-72.39175">
        <ele>378.3</ele>
      </trkpt>
      <trkpt lat="45.20955" lon="-72.39219">
        <ele>379.4</ele>
      </trkpt>
      <trkpt lat="45.20957" lon="-72.39256">
        <ele>380.6</ele>
      </trkpt>
      <trkpt lat="45.20953" lon="-72.39354">
        <ele>382.4</ele>
      </trkpt>
      <trkpt lat="45.20937" lon="-72.39479">
        <ele>379.3</ele>
      </trkpt>
      <trkpt lat="45.20939" lon="-72.39506">
        <ele>378.7</ele>
      </trkpt>
      <trkpt lat="45.20948" lon="-72.39569">
        <ele>379.4</ele>
      </trkpt>
      <trkpt lat="45.20952" lon="-72.39658">
        <ele>378.4</ele>
      </trkpt>
      <trkpt lat="45.20946" lon="-72.39705">
        <ele>377.6</ele>
      </trkpt>
      <trkpt lat="45.20922" lon="-72.39797">
        <ele>373.2</ele>
      </trkpt>
      <trkpt lat="45.2092" lon="-72.39828">
        <ele>367.7</ele>
      </trkpt>
      <trkpt lat="45.209245" lon="-72.399509">
        <ele>354.7</ele>
      </trkpt>
      <trkpt lat="45.20929" lon="-72.40074">
        <ele>344.5</ele>
      </trkpt>
      <trkpt lat="45.20935" lon="-72.40119">
        <ele>340.9</ele>
      </trkpt>
      <trkpt lat="45.20945" lon="-72.40142">
        <ele>339.3</ele>
      </trkpt>
      <trkpt lat="45.20965" lon="-72.40173">
        <ele>336.6</ele>
      </trkpt>
      <trkpt lat="45.20996" lon="-72.40204">
        <ele>335</ele>
      </trkpt>
      <trkpt lat="45.21008" lon="-72.4021">
        <ele>334.2</ele>
      </trkpt>
      <trkpt lat="45.21064" lon="-72.4025">
        <ele>333.1</ele>
      </trkpt>
      <trkpt lat="45.21079" lon="-72.40267">
        <ele>333.3</ele>
      </trkpt>
      <trkpt lat="45.21107" lon="-72.40307">
        <ele>334.7</ele>
      </trkpt>
      <trkpt lat="45.21123" lon="-72.40334">
        <ele>334.9</ele>
      </trkpt>
      <trkpt lat="45.21145" lon="-72.40379">
        <ele>335.3</ele>
      </trkpt>
      <trkpt lat="45.21167" lon="-72.40442">
        <ele>335.2</ele>
      </trkpt>
      <trkpt lat="45.21168" lon="-72.40442">
        <ele>335.2</ele>
      </trkpt>
      <trkpt lat="45.21201" lon="-72.40527">
        <ele>333.7</ele>
      </trkpt>
      <trkpt lat="45.21233" lon="-72.4063">
        <ele>330.5</ele>
      </trkpt>
      <trkpt lat="45.21248" lon="-72.4072">
        <ele>328.1</ele>
      </trkpt>
      <trkpt lat="45.212513" lon="-72.408346">
        <ele>323.6</ele>
      </trkpt>
      <trkpt lat="45.212546" lon="-72.409493">
        <ele>320.9</ele>
      </trkpt>
      <trkpt lat="45.21258" lon="-72.41064">
        <ele>320.7</ele>
      </trkpt>
      <trkpt lat="45.21258" lon="-72.4113">
        <ele>320.8</ele>
      </trkpt>
      <trkpt lat="45.21255" lon="-72.41207">
        <ele>320.8</ele>
      </trkpt>
      <trkpt lat="45.21248" lon="-72.41247">
        <ele>320.3</ele>
      </trkpt>
      <trkpt lat="45.21237" lon="-72.41293">
        <ele>319.6</ele>
      </trkpt>
      <trkpt lat="45.21219" lon="-72.41345">
        <ele>318.3</ele>
      </trkpt>
      <trkpt lat="45.21202" lon="-72.41377">
        <ele>317.8</ele>
      </trkpt>
      <trkpt lat="45.21165" lon="-72.4144">
        <ele>316.3</ele>
      </trkpt>
      <trkpt lat="45.21128" lon="-72.41503">
        <ele>314.8</ele>
      </trkpt>
      <trkpt lat="45.21078" lon="-72.416">
        <ele>313.4</ele>
      </trkpt>
      <trkpt lat="45.21059" lon="-72.41639">
        <ele>314.6</ele>
      </trkpt>
      <trkpt lat="45.21041" lon="-72.41686">
        <ele>315.1</ele>
      </trkpt>
      <trkpt lat="45.21032" lon="-72.41722">
        <ele>314.8</ele>
      </trkpt>
      <trkpt lat="45.21028" lon="-72.41767">
        <ele>313.8</ele>
      </trkpt>
      <trkpt lat="45.21026" lon="-72.41829">
        <ele>313.3</ele>
      </trkpt>
      <trkpt lat="45.21028" lon="-72.41884">
        <ele>313.9</ele>
      </trkpt>
      <trkpt lat="45.210383" lon="-72.420076">
        <ele>313.4</ele>
      </trkpt>
      <trkpt lat="45.210486" lon="-72.421313">
        <ele>308.4</ele>
      </trkpt>
      <trkpt lat="45.21059" lon="-72.42255">
        <ele>306.2</ele>
      </trkpt>
      <trkpt lat="45.210695" lon="-72.423719">
        <ele>304.7</ele>
      </trkpt>
      <trkpt lat="45.2108" lon="-72.42489">
        <ele>301.8</ele>
      </trkpt>
      <trkpt lat="45.21081" lon="-72.4255">
        <ele>300.4</ele>
      </trkpt>
      <trkpt lat="45.21076" lon="-72.42617">
        <ele>301.3</ele>
      </trkpt>
      <trkpt lat="45.21062" lon="-72.42707">
        <ele>305</ele>
      </trkpt>
      <trkpt lat="45.21056" lon="-72.42734">
        <ele>306.4</ele>
      </trkpt>
      <trkpt lat="45.21044" lon="-72.42775">
        <ele>306.9</ele>
      </trkpt>
      <trkpt lat="45.21014" lon="-72.42846">
        <ele>304.5</ele>
      </trkpt>
      <trkpt lat="45.209785" lon="-72.4292">
        <ele>300.5</ele>
      </trkpt>
      <trkpt lat="45.20943" lon="-72.42994">
        <ele>300.2</ele>
      </trkpt>
      <trkpt lat="45.20908" lon="-72.43073">
        <ele>301.3</ele>
      </trkpt>
      <trkpt lat="45.20899" lon="-72.43097">
        <ele>301.1</ele>
      </trkpt>
      <trkpt lat="45.20889" lon="-72.43137">
        <ele>299.6</ele>
      </trkpt>
      <trkpt lat="45.20877" lon="-72.432">
        <ele>296.3</ele>
      </trkpt>
      <trkpt lat="45.20865" lon="-72.43263">
        <ele>291.4</ele>
      </trkpt>
      <trkpt lat="45.2086" lon="-72.43307">
        <ele>289.8</ele>
      </trkpt>
      <trkpt lat="45.20859" lon="-72.43348">
        <ele>285.1</ele>
      </trkpt>
      <trkpt lat="45.208673" lon="-72.434429">
        <ele>280.6</ele>
      </trkpt>
      <trkpt lat="45.208756" lon="-72.435379">
        <ele>275.8</ele>
      </trkpt>
      <trkpt lat="45.20884" lon="-72.43633">
        <ele>269.4</ele>
      </trkpt>
      <trkpt lat="45.20887" lon="-72.43683">
        <ele>268.1</ele>
      </trkpt>
      <trkpt lat="45.20897" lon="-72.437589">
        <ele>266.8</ele>
      </trkpt>
      <trkpt lat="45.20907" lon="-72.43835">
        <ele>266.7</ele>
      </trkpt>
      <trkpt lat="45.20908" lon="-72.43863">
        <ele>266.6</ele>
      </trkpt>
      <trkpt lat="45.20903" lon="-72.43921">
        <ele>264.6</ele>
      </trkpt>
      <trkpt lat="45.208863" lon="-72.440296">
        <ele>262.8</ele>
      </trkpt>
      <trkpt lat="45.208696" lon="-72.441383">
        <ele>261.8</ele>
      </trkpt>
      <trkpt lat="45.20853" lon="-72.44247">
        <ele>261.8</ele>
      </trkpt>
      <trkpt lat="45.20838" lon="-72.44305">
        <ele>261.5</ele>
      </trkpt>
      <trkpt lat="45.20813" lon="-72.44381">
        <ele>262.3</ele>
      </trkpt>
      <trkpt lat="45.20794" lon="-72.44471">
        <ele>262.8</ele>
      </trkpt>
      <trkpt lat="45.20775" lon="-72.44543">
        <ele>261.3</ele>
      </trkpt>
      <trkpt lat="45.2076" lon="-72.44588">
        <ele>260.4</ele>
      </trkpt>
      <trkpt lat="45.207256" lon="-72.44676">
        <ele>252.4</ele>
      </trkpt>
      <trkpt lat="45.206913" lon="-72.44764">
        <ele>248.9</ele>
      </trkpt>
      <trkpt lat="45.20657" lon="-72.44852">
        <ele>243.3</ele>
      </trkpt>
      <trkpt lat="45.20641" lon="-72.449">
        <ele>240.4</ele>
      </trkpt>
      <trkpt lat="45.20623" lon="-72.449625">
        <ele>232.7</ele>
      </trkpt>
      <trkpt lat="45.20605" lon="-72.45025">
        <ele>229.2</ele>
      </trkpt>
      <trkpt lat="45.20604" lon="-72.45025">
        <ele>229.2</ele>
      </trkpt>
      <trkpt lat="45.20597" lon="-72.45053">
        <ele>228</ele>
      </trkpt>
      <trkpt lat="45.20587" lon="-72.45098">
        <ele>226</ele>
      </trkpt>
      <trkpt lat="45.20572" lon="-72.45183">
        <ele>225.6</ele>
      </trkpt>
      <trkpt lat="45.2056" lon="-72.452615">
        <ele>225.8</ele>
      </trkpt>
      <trkpt lat="45.20548" lon="-72.4534">
        <ele>225.9</ele>
      </trkpt>
      <trkpt lat="45.20548" lon="-72.45371">
        <ele>225.8</ele>
      </trkpt>
      <trkpt lat="45.20552" lon="-72.45393">
        <ele>225.7</ele>
      </trkpt>
      <trkpt lat="45.20561" lon="-72.45425">
        <ele>225.7</ele>
      </trkpt>
      <trkpt lat="45.20602" lon="-72.4551">
        <ele>224.4</ele>
      </trkpt>
      <trkpt lat="45.20609" lon="-72.45532">
        <ele>224.1</ele>
      </trkpt>
      <trkpt lat="45.20622" lon="-72.45631">
        <ele>223.2</ele>
      </trkpt>
      <trkpt lat="45.20627" lon="-72.45653">
        <ele>222.9</ele>
      </trkpt>
      <trkpt lat="45.20649" lon="-72.45725">
        <ele>222.8</ele>
      </trkpt>
      <trkpt lat="45.20653" lon="-72.45746">
        <ele>222.9</ele>
      </trkpt>
      <trkpt lat="45.20655" lon="-72.45774">
        <ele>223.2</ele>
      </trkpt>
      <trkpt lat="45.20658" lon="-72.458389">
        <ele>223.7</ele>
      </trkpt>
      <trkpt lat="45.20661" lon="-72.45904">
        <ele>226.1</ele>
      </trkpt>
      <trkpt lat="45.20661" lon="-72.45934">
        <ele>227.2</ele>
      </trkpt>
      <trkpt lat="45.206475" lon="-72.460015">
        <ele>227.7</ele>
      </trkpt>
      <trkpt lat="45.20634" lon="-72.46069">
        <ele>227.7</ele>
      </trkpt>
      <trkpt lat="45.206175" lon="-72.461885">
        <ele>228.5</ele>
      </trkpt>
      <trkpt lat="45.20601" lon="-72.46308">
        <ele>231.3</ele>
      </trkpt>
      <trkpt lat="45.20601" lon="-72.46309">
        <ele>231.4</ele>
      </trkpt>
      <trkpt lat="45.20597" lon="-72.46339">
        <ele>231.9</ele>
      </trkpt>
      <trkpt lat="45.20598" lon="-72.46375">
        <ele>231.8</ele>
      </trkpt>
      <trkpt lat="45.20614" lon="-72.46477">
        <ele>232.3</ele>
      </trkpt>
      <trkpt lat="45.20615" lon="-72.46499">
        <ele>232.1</ele>
      </trkpt>
      <trkpt lat="45.20616" lon="-72.46563">
        <ele>229.7</ele>
      </trkpt>
      <trkpt lat="45.20625" lon="-72.46639">
        <ele>223.4</ele>
      </trkpt>
      <trkpt lat="45.20626" lon="-72.46666">
        <ele>221.8</ele>
      </trkpt>
      <trkpt lat="45.20584" lon="-72.46643">
        <ele>222</ele>
      </trkpt>
      <trkpt lat="45.205173" lon="-72.465979">
        <ele>222.1</ele>
      </trkpt>
      <trkpt lat="45.204506" lon="-72.465529">
        <ele>222.9</ele>
      </trkpt>
      <trkpt lat="45.20384" lon="-72.46508">
        <ele>224.3</ele>
      </trkpt>
      <trkpt lat="45.20342" lon="-72.46481">
        <ele>225.8</ele>
      </trkpt>
      <trkpt lat="45.20293" lon="-72.46434">
        <ele>227.2</ele>
      </trkpt>
      <trkpt lat="45.20258" lon="-72.46396">
        <ele>228.4</ele>
      </trkpt>
      <trkpt lat="45.20201" lon="-72.463114">
        <ele>230.4</ele>
      </trkpt>
      <trkpt lat="45.20144" lon="-72.46227">
        <ele>233.9</ele>
      </trkpt>
      <trkpt lat="45.20102" lon="-72.46177">
        <ele>234.5</ele>
      </trkpt>
      <trkpt lat="45.20052" lon="-72.46135">
        <ele>236.1</ele>
      </trkpt>
      <trkpt lat="45.20032" lon="-72.46123">
        <ele>237.2</ele>
      </trkpt>
      <trkpt lat="45.199745" lon="-72.460964">
        <ele>239.1</ele>
      </trkpt>
      <trkpt lat="45.19917" lon="-72.4607">
        <ele>240.8</ele>
      </trkpt>
      <trkpt lat="45.19861" lon="-72.4603">
        <ele>244.2</ele>
      </trkpt>
      <trkpt lat="45.19839" lon="-72.46002">
        <ele>245.8</ele>
      </trkpt>
      <trkpt lat="45.19818" lon="-72.45971">
        <ele>246.2</ele>
      </trkpt>
      <trkpt lat="45.19797" lon="-72.45927">
        <ele>247</ele>
      </trkpt>
      <trkpt lat="45.19785" lon="-72.45894">
        <ele>246.7</ele>
      </trkpt>
      <trkpt lat="45.19763" lon="-72.45831">
        <ele>245.3</ele>
      </trkpt>
      <trkpt lat="45.19691" lon="-72.45881">
        <ele>243.1</ele>
      </trkpt>
      <trkpt lat="45.19672" lon="-72.45898">
        <ele>244.1</ele>
      </trkpt>
      <trkpt lat="45.19653" lon="-72.45917">
        <ele>244.8</ele>
      </trkpt>
      <trkpt lat="45.19623" lon="-72.45954">
        <ele>245.7</ele>
      </trkpt>
      <trkpt lat="45.1961" lon="-72.45962">
        <ele>246.3</ele>
      </trkpt>
      <trkpt lat="45.19598" lon="-72.45966">
        <ele>246.3</ele>
      </trkpt>
      <trkpt lat="45.19553" lon="-72.45966">
        <ele>247.2</ele>
      </trkpt>
      <trkpt lat="45.19538" lon="-72.45971">
        <ele>247.8</ele>
      </trkpt>
      <trkpt lat="45.19525" lon="-72.45979">
        <ele>248.8</ele>
      </trkpt>
      <trkpt lat="45.19504" lon="-72.45997">
        <ele>251.3</ele>
      </trkpt>
      <trkpt lat="45.19479" lon="-72.46021">
        <ele>255.9</ele>
      </trkpt>
      <trkpt lat="45.19441" lon="-72.46051">
        <ele>258.9</ele>
      </trkpt>
      <trkpt lat="45.19401" lon="-72.46091">
        <ele>262.3</ele>
      </trkpt>
      <trkpt lat="45.19372" lon="-72.46136">
        <ele>267.3</ele>
      </trkpt>
      <trkpt lat="45.19347" lon="-72.46178">
        <ele>269.1</ele>
      </trkpt>
      <trkpt lat="45.19327" lon="-72.46234">
        <ele>272.8</ele>
      </trkpt>
      <trkpt lat="45.19327" lon="-72.46235">
        <ele>272.9</ele>
      </trkpt>
      <trkpt lat="45.19282" lon="-72.4633">
        <ele>280.8</ele>
      </trkpt>
      <trkpt lat="45.19265" lon="-72.46356">
        <ele>283</ele>
      </trkpt>
      <trkpt lat="45.192073" lon="-72.46423">
        <ele>289.3</ele>
      </trkpt>
      <trkpt lat="45.191496" lon="-72.4649">
        <ele>297.7</ele>
      </trkpt>
      <trkpt lat="45.19092" lon="-72.46557">
        <ele>307.6</ele>
      </trkpt>
      <trkpt lat="45.19061" lon="-72.46585">
        <ele>313.8</ele>
      </trkpt>
      <trkpt lat="45.19023" lon="-72.46611">
        <ele>320.7</ele>
      </trkpt>
      <trkpt lat="45.18999" lon="-72.46624">
        <ele>324.2</ele>
      </trkpt>
      <trkpt lat="45.18978" lon="-72.4663">
        <ele>325.7</ele>
      </trkpt>
      <trkpt lat="45.18962" lon="-72.4663">
        <ele>326.3</ele>
      </trkpt>
      <trkpt lat="45.18884" lon="-72.46624">
        <ele>321.5</ele>
      </trkpt>
      <trkpt lat="45.18868" lon="-72.4662">
        <ele>321.3</ele>
      </trkpt>
      <trkpt lat="45.18842" lon="-72.46602">
        <ele>321.8</ele>
      </trkpt>
      <trkpt lat="45.18793" lon="-72.46565">
        <ele>324.9</ele>
      </trkpt>
      <trkpt lat="45.1876" lon="-72.46548">
        <ele>326</ele>
      </trkpt>
      <trkpt lat="45.18732" lon="-72.46544">
        <ele>326.5</ele>
      </trkpt>
      <trkpt lat="45.18695" lon="-72.46543">
        <ele>327.4</ele>
      </trkpt>
      <trkpt lat="45.18662" lon="-72.46544">
        <ele>327.3</ele>
      </trkpt>
      <trkpt lat="45.18617" lon="-72.46535">
        <ele>326</ele>
      </trkpt>
      <trkpt lat="45.18593" lon="-72.46526">
        <ele>324.4</ele>
      </trkpt>
      <trkpt lat="45.18581" lon="-72.4653">
        <ele>323.9</ele>
      </trkpt>
      <trkpt lat="45.185215" lon="-72.46557">
        <ele>326.3</ele>
      </trkpt>
      <trkpt lat="45.18462" lon="-72.46584">
        <ele>329.4</ele>
      </trkpt>
      <trkpt lat="45.18453" lon="-72.46593">
        <ele>329.8</ele>
      </trkpt>
      <trkpt lat="45.18432" lon="-72.46624">
        <ele>330.4</ele>
      </trkpt>
      <trkpt lat="45.18417" lon="-72.46642">
        <ele>330.9</ele>
      </trkpt>
      <trkpt lat="45.18347" lon="-72.46719">
        <ele>341.7</ele>
      </trkpt>
      <trkpt lat="45.18332" lon="-72.46741">
        <ele>342.6</ele>
      </trkpt>
      <trkpt lat="45.183005" lon="-72.467945">
        <ele>345</ele>
      </trkpt>
      <trkpt lat="45.18269" lon="-72.46848">
        <ele>345.9</ele>
      </trkpt>
      <trkpt lat="45.18227" lon="-72.46893">
        <ele>346.5</ele>
      </trkpt>
      <trkpt lat="45.18198" lon="-72.4692">
        <ele>346.1</ele>
      </trkpt>
      <trkpt lat="45.18142" lon="-72.46983">
        <ele>344.9</ele>
      </trkpt>
      <trkpt lat="45.181025" lon="-72.470555">
        <ele>342</ele>
      </trkpt>
      <trkpt lat="45.18063" lon="-72.47128">
        <ele>340.7</ele>
      </trkpt>
      <trkpt lat="45.18054" lon="-72.47144">
        <ele>340.4</ele>
      </trkpt>
      <trkpt lat="45.18029" lon="-72.47174">
        <ele>340</ele>
      </trkpt>
      <trkpt lat="45.17997" lon="-72.47202">
        <ele>339.4</ele>
      </trkpt>
      <trkpt lat="45.17986" lon="-72.47211">
        <ele>338.8</ele>
      </trkpt>
      <trkpt lat="45.17967" lon="-72.47212">
        <ele>337.8</ele>
      </trkpt>
      <trkpt lat="45.17955" lon="-72.4721">
        <ele>337.8</ele>
      </trkpt>
      <trkpt lat="45.17943" lon="-72.47201">
        <ele>337</ele>
      </trkpt>
      <trkpt lat="45.17931" lon="-72.47189">
        <ele>336.8</ele>
      </trkpt>
      <trkpt lat="45.17916" lon="-72.47166">
        <ele>337.1</ele>
      </trkpt>
      <trkpt lat="45.17909" lon="-72.47152">
        <ele>337.5</ele>
      </trkpt>
      <trkpt lat="45.17905" lon="-72.47135">
        <ele>337.8</ele>
      </trkpt>
      <trkpt lat="45.17901" lon="-72.47071">
        <ele>339.6</ele>
      </trkpt>
      <trkpt lat="45.17898" lon="-72.4705">
        <ele>341</ele>
      </trkpt>
      <trkpt lat="45.1789" lon="-72.47032">
        <ele>341.7</ele>
      </trkpt>
      <trkpt lat="45.17879" lon="-72.47014">
        <ele>341.8</ele>
      </trkpt>
      <trkpt lat="45.17865" lon="-72.47">
        <ele>341.4</ele>
      </trkpt>
      <trkpt lat="45.17849" lon="-72.46988">
        <ele>341</ele>
      </trkpt>
      <trkpt lat="45.17833" lon="-72.46979">
        <ele>341</ele>
      </trkpt>
      <trkpt lat="45.17818" lon="-72.46977">
        <ele>340.4</ele>
      </trkpt>
      <trkpt lat="45.17806" lon="-72.46978">
        <ele>340</ele>
      </trkpt>
      <trkpt lat="45.17789" lon="-72.46987">
        <ele>339</ele>
      </trkpt>
      <trkpt lat="45.177323" lon="-72.47029">
        <ele>335.6</ele>
      </trkpt>
      <trkpt lat="45.176756" lon="-72.47071">
        <ele>332.8</ele>
      </trkpt>
      <trkpt lat="45.17619" lon="-72.47113">
        <ele>332.3</ele>
      </trkpt>
      <trkpt lat="45.17606" lon="-72.47127">
        <ele>332</ele>
      </trkpt>
      <trkpt lat="45.17579" lon="-72.47166">
        <ele>330.1</ele>
      </trkpt>
      <trkpt lat="45.17559" lon="-72.47206">
        <ele>328.4</ele>
      </trkpt>
      <trkpt lat="45.17535" lon="-72.47274">
        <ele>324.2</ele>
      </trkpt>
      <trkpt lat="45.1751" lon="-72.47333">
        <ele>322.6</ele>
      </trkpt>
      <trkpt lat="45.17484" lon="-72.47381">
        <ele>319.6</ele>
      </trkpt>
      <trkpt lat="45.17464" lon="-72.47413">
        <ele>317.3</ele>
      </trkpt>
      <trkpt lat="45.17443" lon="-72.47436">
        <ele>314.8</ele>
      </trkpt>
      <trkpt lat="45.17397" lon="-72.4748">
        <ele>313.8</ele>
      </trkpt>
      <trkpt lat="45.17377" lon="-72.47488">
        <ele>314</ele>
      </trkpt>
      <trkpt lat="45.17311" lon="-72.4747">
        <ele>315.5</ele>
      </trkpt>
      <trkpt lat="45.17254" lon="-72.47461">
        <ele>315.7</ele>
      </trkpt>
      <trkpt lat="45.17231" lon="-72.47462">
        <ele>315.3</ele>
      </trkpt>
      <trkpt lat="45.1723" lon="-72.47462">
        <ele>315.3</ele>
      </trkpt>
      <trkpt lat="45.17186" lon="-72.4747">
        <ele>314.6</ele>
      </trkpt>
      <trkpt lat="45.17168" lon="-72.47475">
        <ele>314.6</ele>
      </trkpt>
      <trkpt lat="45.17149" lon="-72.47484">
        <ele>314.4</ele>
      </trkpt>
      <trkpt lat="45.17132" lon="-72.47497">
        <ele>313.9</ele>
      </trkpt>
      <trkpt lat="45.170766" lon="-72.475556">
        <ele>311</ele>
      </trkpt>
      <trkpt lat="45.170213" lon="-72.476143">
        <ele>309.3</ele>
      </trkpt>
      <trkpt lat="45.16966" lon="-72.47673">
        <ele>308</ele>
      </trkpt>
      <trkpt lat="45.169183" lon="-72.477276">
        <ele>307.5</ele>
      </trkpt>
      <trkpt lat="45.168706" lon="-72.477823">
        <ele>305.7</ele>
      </trkpt>
      <trkpt lat="45.16823" lon="-72.47837">
        <ele>303.9</ele>
      </trkpt>
      <trkpt lat="45.167665" lon="-72.479075">
        <ele>301.3</ele>
      </trkpt>
      <trkpt lat="45.1671" lon="-72.47978">
        <ele>300.5</ele>
      </trkpt>
      <trkpt lat="45.16707" lon="-72.48079">
        <ele>300.4</ele>
      </trkpt>
      <trkpt lat="45.16694" lon="-72.48169">
        <ele>301.6</ele>
      </trkpt>
      <trkpt lat="45.166975" lon="-72.482774">
        <ele>302.4</ele>
      </trkpt>
      <trkpt lat="45.16701" lon="-72.483859">
        <ele>300.5</ele>
      </trkpt>
      <trkpt lat="45.167045" lon="-72.484944">
        <ele>301.4</ele>
      </trkpt>
      <trkpt lat="45.16708" lon="-72.48603">
        <ele>292.2</ele>
      </trkpt>
      <trkpt lat="45.1672" lon="-72.48706">
        <ele>290.4</ele>
      </trkpt>
      <trkpt lat="45.16739" lon="-72.488074">
        <ele>293.2</ele>
      </trkpt>
      <trkpt lat="45.16758" lon="-72.489089">
        <ele>295.4</ele>
      </trkpt>
      <trkpt lat="45.16777" lon="-72.490104">
        <ele>297.2</ele>
      </trkpt>
      <trkpt lat="45.16796" lon="-72.49112">
        <ele>295.2</ele>
      </trkpt>
      <trkpt lat="45.16815" lon="-72.492114">
        <ele>297</ele>
      </trkpt>
      <trkpt lat="45.16834" lon="-72.49311">
        <ele>300.9</ele>
      </trkpt>
      <trkpt lat="45.16851" lon="-72.49417">
        <ele>300.4</ele>
      </trkpt>
      <trkpt lat="45.16857" lon="-72.494814">
        <ele>300.1</ele>
      </trkpt>
      <trkpt lat="45.16863" lon="-72.49546">
        <ele>299.6</ele>
      </trkpt>
      <trkpt lat="45.16874" lon="-72.49637">
        <ele>296.2</ele>
      </trkpt>
      <trkpt lat="45.168945" lon="-72.497284">
        <ele>288</ele>
      </trkpt>
      <trkpt lat="45.16915" lon="-72.4982">
        <ele>289.2</ele>
      </trkpt>
      <trkpt lat="45.169205" lon="-72.498909">
        <ele>291.7</ele>
      </trkpt>
      <trkpt lat="45.16926" lon="-72.49962">
        <ele>295.3</ele>
      </trkpt>
      <trkpt lat="45.1693" lon="-72.500554">
        <ele>297.1</ele>
      </trkpt>
      <trkpt lat="45.16934" lon="-72.50149">
        <ele>297</ele>
      </trkpt>
      <trkpt lat="45.16947" lon="-72.50234">
        <ele>295.5</ele>
      </trkpt>
      <trkpt lat="45.169754" lon="-72.503475">
        <ele>291.7</ele>
      </trkpt>
      <trkpt lat="45.170038" lon="-72.504611">
        <ele>286.1</ele>
      </trkpt>
      <trkpt lat="45.170322" lon="-72.505747">
        <ele>282.9</ele>
      </trkpt>
      <trkpt lat="45.170606" lon="-72.506883">
        <ele>274.1</ele>
      </trkpt>
      <trkpt lat="45.17089" lon="-72.50802">
        <ele>271</ele>
      </trkpt>
      <trkpt lat="45.17122" lon="-72.50918">
        <ele>273</ele>
      </trkpt>
      <trkpt lat="45.17157" lon="-72.51012">
        <ele>270.6</ele>
      </trkpt>
      <trkpt lat="45.171815" lon="-72.510699">
        <ele>266</ele>
      </trkpt>
      <trkpt lat="45.17206" lon="-72.51128">
        <ele>263.1</ele>
      </trkpt>
      <trkpt lat="45.17246" lon="-72.511954">
        <ele>262.1</ele>
      </trkpt>
      <trkpt lat="45.17286" lon="-72.51263">
        <ele>264.5</ele>
      </trkpt>
      <trkpt lat="45.17326" lon="-72.51316">
        <ele>267.2</ele>
      </trkpt>
      <trkpt lat="45.17361" lon="-72.51356">
        <ele>269.3</ele>
      </trkpt>
      <trkpt lat="45.174187" lon="-72.514154">
        <ele>272.4</ele>
      </trkpt>
      <trkpt lat="45.174765" lon="-72.514749">
        <ele>273.8</ele>
      </trkpt>
      <trkpt lat="45.175342" lon="-72.515344">
        <ele>276.1</ele>
      </trkpt>
      <trkpt lat="45.17592" lon="-72.51594">
        <ele>279</ele>
      </trkpt>
      <trkpt lat="45.17608" lon="-72.51613">
        <ele>279</ele>
      </trkpt>
      <trkpt lat="45.17624" lon="-72.51649">
        <ele>278.6</ele>
      </trkpt>
      <trkpt lat="45.17635" lon="-72.51704">
        <ele>278.7</ele>
      </trkpt>
      <trkpt lat="45.17705" lon="-72.51706">
        <ele>273.9</ele>
      </trkpt>
      <trkpt lat="45.17763" lon="-72.517035">
        <ele>273</ele>
      </trkpt>
      <trkpt lat="45.17821" lon="-72.51701">
        <ele>277.1</ele>
      </trkpt>
      <trkpt lat="45.178892" lon="-72.51701">
        <ele>286.2</ele>
      </trkpt>
      <trkpt lat="45.179575" lon="-72.51701">
        <ele>286.4</ele>
      </trkpt>
      <trkpt lat="45.180257" lon="-72.51701">
        <ele>288.8</ele>
      </trkpt>
      <trkpt lat="45.18094" lon="-72.51701">
        <ele>290.1</ele>
      </trkpt>
      <trkpt lat="45.18165" lon="-72.51697">
        <ele>291.8</ele>
      </trkpt>
      <trkpt lat="45.18236" lon="-72.51693">
        <ele>297</ele>
      </trkpt>
      <trkpt lat="45.183105" lon="-72.516917">
        <ele>293.1</ele>
      </trkpt>
      <trkpt lat="45.18385" lon="-72.516905">
        <ele>286</ele>
      </trkpt>
      <trkpt lat="45.184595" lon="-72.516892">
        <ele>274.6</ele>
      </trkpt>
      <trkpt lat="45.18534" lon="-72.51688">
        <ele>272.8</ele>
      </trkpt>
      <trkpt lat="45.186228" lon="-72.516838">
        <ele>282.2</ele>
      </trkpt>
      <trkpt lat="45.187116" lon="-72.516796">
        <ele>287.5</ele>
      </trkpt>
      <trkpt lat="45.188004" lon="-72.516754">
        <ele>287.6</ele>
      </trkpt>
      <trkpt lat="45.188892" lon="-72.516712">
        <ele>287.5</ele>
      </trkpt>
      <trkpt lat="45.18978" lon="-72.51667">
        <ele>295.3</ele>
      </trkpt>
      <trkpt lat="45.18977" lon="-72.51667">
        <ele>295.1</ele>
      </trkpt>
      <trkpt lat="45.190651" lon="-72.51663">
        <ele>296.5</ele>
      </trkpt>
      <trkpt lat="45.191533" lon="-72.51659">
        <ele>286.3</ele>
      </trkpt>
      <trkpt lat="45.192415" lon="-72.51655">
        <ele>283.8</ele>
      </trkpt>
      <trkpt lat="45.193296" lon="-72.51651">
        <ele>294.7</ele>
      </trkpt>
      <trkpt lat="45.194178" lon="-72.51647">
        <ele>307.6</ele>
      </trkpt>
      <trkpt lat="45.19506" lon="-72.51643">
        <ele>316.1</ele>
      </trkpt>
      <trkpt lat="45.195896" lon="-72.516416">
        <ele>323.5</ele>
      </trkpt>
      <trkpt lat="45.196733" lon="-72.516403">
        <ele>334.1</ele>
      </trkpt>
      <trkpt lat="45.19757" lon="-72.51639">
        <ele>344.4</ele>
      </trkpt>
      <trkpt lat="45.1984" lon="-72.516363">
        <ele>344.2</ele>
      </trkpt>
      <trkpt lat="45.199229" lon="-72.516336">
        <ele>345.2</ele>
      </trkpt>
      <trkpt lat="45.20006" lon="-72.51631">
        <ele>345.8</ele>
      </trkpt>
      <trkpt lat="45.20027" lon="-72.51639">
        <ele>344.2</ele>
      </trkpt>
      <trkpt lat="45.20041" lon="-72.5167">
        <ele>339.2</ele>
      </trkpt>
      <trkpt lat="45.2006" lon="-72.517304">
        <ele>333.7</ele>
      </trkpt>
      <trkpt lat="45.20079" lon="-72.51791">
        <ele>325.7</ele>
      </trkpt>
      <trkpt lat="45.2009" lon="-72.51819">
        <ele>322.9</ele>
      </trkpt>
      <trkpt lat="45.20113" lon="-72.51858">
        <ele>319.8</ele>
      </trkpt>
      <trkpt lat="45.20144" lon="-72.51892">
        <ele>317.9</ele>
      </trkpt>
      <trkpt lat="45.20194" lon="-72.517862">
        <ele>314</ele>
      </trkpt>
      <trkpt lat="45.20244" lon="-72.516805">
        <ele>313.3</ele>
      </trkpt>
      <trkpt lat="45.20294" lon="-72.515747">
        <ele>313.5</ele>
      </trkpt>
      <trkpt lat="45.20344" lon="-72.51469">
        <ele>308.3</ele>
      </trkpt>
      <trkpt lat="45.203892" lon="-72.513705">
        <ele>300.7</ele>
      </trkpt>
      <trkpt lat="45.204345" lon="-72.51272">
        <ele>298.6</ele>
      </trkpt>
      <trkpt lat="45.204797" lon="-72.511735">
        <ele>296</ele>
      </trkpt>
      <trkpt lat="45.20525" lon="-72.51075">
        <ele>290.8</ele>
      </trkpt>
      <trkpt lat="45.20538" lon="-72.51053">
        <ele>287.5</ele>
      </trkpt>
      <trkpt lat="45.20596" lon="-72.50996">
        <ele>279.3</ele>
      </trkpt>
      <trkpt lat="45.20596" lon="-72.50997">
        <ele>279.5</ele>
      </trkpt>
      <trkpt lat="45.206505" lon="-72.509465">
        <ele>270</ele>
      </trkpt>
      <trkpt lat="45.20705" lon="-72.50896">
        <ele>262</ele>
      </trkpt>
      <trkpt lat="45.20765" lon="-72.50842">
        <ele>251.2</ele>
      </trkpt>
      <trkpt lat="45.20808" lon="-72.50812">
        <ele>246.3</ele>
      </trkpt>
      <trkpt lat="45.20858" lon="-72.508663">
        <ele>240.1</ele>
      </trkpt>
      <trkpt lat="45.20908" lon="-72.509206">
        <ele>236.2</ele>
      </trkpt>
      <trkpt lat="45.20958" lon="-72.50975">
        <ele>232.6</ele>
      </trkpt>
      <trkpt lat="45.20985" lon="-72.51">
        <ele>228.5</ele>
      </trkpt>
      <trkpt lat="45.21035" lon="-72.510484">
        <ele>225.6</ele>
      </trkpt>
      <trkpt lat="45.21085" lon="-72.51097">
        <ele>224.3</ele>
      </trkpt>
      <trkpt lat="45.21125" lon="-72.51128">
        <ele>219.2</ele>
      </trkpt>
      <trkpt lat="45.21147" lon="-72.51137">
        <ele>217.3</ele>
      </trkpt>
      <trkpt lat="45.21215" lon="-72.51156">
        <ele>212.7</ele>
      </trkpt>
      <trkpt lat="45.2124" lon="-72.51158">
        <ele>211.1</ele>
      </trkpt>
      <trkpt lat="45.21308" lon="-72.51151">
        <ele>209.8</ele>
      </trkpt>
      <trkpt lat="45.21299" lon="-72.51153">
        <ele>210.1</ele>
      </trkpt>
      <trkpt lat="45.213449" lon="-72.511455">
        <ele>208.3</ele>
      </trkpt>
      <trkpt lat="45.21391" lon="-72.51138">
        <ele>207.9</ele>
      </trkpt>
      <trkpt lat="45.21454" lon="-72.5113">
        <ele>207</ele>
      </trkpt>
      <trkpt lat="45.21517" lon="-72.51122">
        <ele>207.3</ele>
      </trkpt>
      <trkpt lat="45.21543" lon="-72.51115">
        <ele>207.7</ele>
      </trkpt>
      <trkpt lat="45.21563" lon="-72.51107">
        <ele>208</ele>
      </trkpt>
      <trkpt lat="45.21588" lon="-72.51092">
        <ele>208.9</ele>
      </trkpt>
      <trkpt lat="45.216335" lon="-72.510615">
        <ele>208.8</ele>
      </trkpt>
      <trkpt lat="45.21679" lon="-72.51031">
        <ele>206.4</ele>
      </trkpt>
      <trkpt lat="45.21746" lon="-72.50982">
        <ele>206.4</ele>
      </trkpt>
      <trkpt lat="45.21806" lon="-72.50957">
        <ele>208</ele>
      </trkpt>
      <trkpt lat="45.21805" lon="-72.50957">
        <ele>208</ele>
      </trkpt>
      <trkpt lat="45.21856" lon="-72.50936">
        <ele>213.9</ele>
      </trkpt>
      <trkpt lat="45.21876" lon="-72.50927">
        <ele>216.2</ele>
      </trkpt>
      <trkpt lat="45.21898" lon="-72.5091">
        <ele>217.4</ele>
      </trkpt>
      <trkpt lat="45.21913" lon="-72.50986">
        <ele>215.6</ele>
      </trkpt>
      <trkpt lat="45.21933" lon="-72.51052">
        <ele>214.8</ele>
      </trkpt>
      <trkpt lat="45.219625" lon="-72.511229">
        <ele>212.5</ele>
      </trkpt>
      <trkpt lat="45.21992" lon="-72.51194">
        <ele>212</ele>
      </trkpt>
      <trkpt lat="45.2202" lon="-72.512539">
        <ele>212.4</ele>
      </trkpt>
      <trkpt lat="45.22048" lon="-72.51314">
        <ele>212</ele>
      </trkpt>
      <trkpt lat="45.220856" lon="-72.513996">
        <ele>209.8</ele>
      </trkpt>
      <trkpt lat="45.221233" lon="-72.514853">
        <ele>210</ele>
      </trkpt>
      <trkpt lat="45.22161" lon="-72.51571">
        <ele>209.2</ele>
      </trkpt>
      <trkpt lat="45.2218" lon="-72.51627">
        <ele>208.9</ele>
      </trkpt>
      <trkpt lat="45.22187" lon="-72.51661">
        <ele>208.9</ele>
      </trkpt>
      <trkpt lat="45.2219" lon="-72.51696">
        <ele>209</ele>
      </trkpt>
      <trkpt lat="45.221915" lon="-72.517859">
        <ele>209.3</ele>
      </trkpt>
      <trkpt lat="45.22193" lon="-72.51876">
        <ele>209.9</ele>
      </trkpt>
      <trkpt lat="45.22196" lon="-72.51894">
        <ele>209.8</ele>
      </trkpt>
      <trkpt lat="45.22202" lon="-72.51912">
        <ele>209.7</ele>
      </trkpt>
      <trkpt lat="45.22217" lon="-72.51952">
        <ele>209.1</ele>
      </trkpt>
      <trkpt lat="45.22241" lon="-72.5201">
        <ele>208.5</ele>
      </trkpt>
      <trkpt lat="45.22265" lon="-72.52095">
        <ele>208.1</ele>
      </trkpt>
      <trkpt lat="45.22274" lon="-72.5214">
        <ele>207.9</ele>
      </trkpt>
      <trkpt lat="45.22278" lon="-72.52248">
        <ele>206.8</ele>
      </trkpt>
      <trkpt lat="45.22276" lon="-72.52292">
        <ele>206.3</ele>
      </trkpt>
      <trkpt lat="45.22267" lon="-72.5232">
        <ele>205.5</ele>
      </trkpt>
      <trkpt lat="45.22245" lon="-72.52355">
        <ele>204.2</ele>
      </trkpt>
      <trkpt lat="45.22176" lon="-72.52429">
        <ele>201.9</ele>
      </trkpt>
      <trkpt lat="45.221345" lon="-72.5247">
        <ele>201.9</ele>
      </trkpt>
      <trkpt lat="45.22093" lon="-72.52511">
        <ele>202.7</ele>
      </trkpt>
      <trkpt lat="45.22121" lon="-72.526117">
        <ele>202.2</ele>
      </trkpt>
      <trkpt lat="45.22149" lon="-72.527124">
        <ele>201.8</ele>
      </trkpt>
      <trkpt lat="45.22177" lon="-72.528132">
        <ele>202.2</ele>
      </trkpt>
      <trkpt lat="45.22205" lon="-72.52914">
        <ele>202.7</ele>
      </trkpt>
      <trkpt lat="45.22218" lon="-72.52972">
        <ele>202.8</ele>
      </trkpt>
      <trkpt lat="45.22227" lon="-72.53042">
        <ele>202.8</ele>
      </trkpt>
      <trkpt lat="45.222296" lon="-72.531279">
        <ele>202.6</ele>
      </trkpt>
      <trkpt lat="45.222323" lon="-72.532139">
        <ele>202.4</ele>
      </trkpt>
      <trkpt lat="45.22235" lon="-72.533">
        <ele>202.1</ele>
      </trkpt>
      <trkpt lat="45.22231" lon="-72.53398">
        <ele>201.2</ele>
      </trkpt>
      <trkpt lat="45.222315" lon="-72.534619">
        <ele>199.7</ele>
      </trkpt>
      <trkpt lat="45.22232" lon="-72.53526">
        <ele>199.6</ele>
      </trkpt>
      <trkpt lat="45.22236" lon="-72.536203">
        <ele>201</ele>
      </trkpt>
      <trkpt lat="45.2224" lon="-72.537146">
        <ele>208.5</ele>
      </trkpt>
      <trkpt lat="45.22244" lon="-72.53809">
        <ele>211.7</ele>
      </trkpt>
      <trkpt lat="45.22244" lon="-72.53821">
        <ele>211.9</ele>
      </trkpt>
      <trkpt lat="45.22246" lon="-72.53855">
        <ele>212.3</ele>
      </trkpt>
      <trkpt lat="45.22263" lon="-72.53954">
        <ele>218.8</ele>
      </trkpt>
      <trkpt lat="45.22259" lon="-72.53977">
        <ele>219.7</ele>
      </trkpt>
      <trkpt lat="45.22248" lon="-72.54007">
        <ele>222.2</ele>
      </trkpt>
      <trkpt lat="45.22232" lon="-72.54042">
        <ele>224</ele>
      </trkpt>
      <trkpt lat="45.22203" lon="-72.54096">
        <ele>228.4</ele>
      </trkpt>
      <trkpt lat="45.22193" lon="-72.5411">
        <ele>231.1</ele>
      </trkpt>
      <trkpt lat="45.22159" lon="-72.54145">
        <ele>233.7</ele>
      </trkpt>
      <trkpt lat="45.22148" lon="-72.54159">
        <ele>237.6</ele>
      </trkpt>
      <trkpt lat="45.22141" lon="-72.54174">
        <ele>237.6</ele>
      </trkpt>
      <trkpt lat="45.22136" lon="-72.54209">
        <ele>239.9</ele>
      </trkpt>
      <trkpt lat="45.22139" lon="-72.5424">
        <ele>242.3</ele>
      </trkpt>
      <trkpt lat="45.22154" lon="-72.5428">
        <ele>244.2</ele>
      </trkpt>
      <trkpt lat="45.22198" lon="-72.543529">
        <ele>248.2</ele>
      </trkpt>
      <trkpt lat="45.22242" lon="-72.54426">
        <ele>252.8</ele>
      </trkpt>
      <trkpt lat="45.22258" lon="-72.54459">
        <ele>254.1</ele>
      </trkpt>
      <trkpt lat="45.2226" lon="-72.54465">
        <ele>254.8</ele>
      </trkpt>
      <trkpt lat="45.222635" lon="-72.545894">
        <ele>255.7</ele>
      </trkpt>
      <trkpt lat="45.22267" lon="-72.54714">
        <ele>253</ele>
      </trkpt>
      <trkpt lat="45.222683" lon="-72.548249">
        <ele>254.8</ele>
      </trkpt>
      <trkpt lat="45.222696" lon="-72.549359">
        <ele>258.5</ele>
      </trkpt>
      <trkpt lat="45.22271" lon="-72.55047">
        <ele>263.2</ele>
      </trkpt>
      <trkpt lat="45.222755" lon="-72.551114">
        <ele>268</ele>
      </trkpt>
      <trkpt lat="45.2228" lon="-72.55176">
        <ele>273.4</ele>
      </trkpt>
      <trkpt lat="45.2233" lon="-72.55188">
        <ele>275.9</ele>
      </trkpt>
      <trkpt lat="45.22355" lon="-72.55189">
        <ele>276.8</ele>
      </trkpt>
      <trkpt lat="45.224035" lon="-72.55187">
        <ele>278.3</ele>
      </trkpt>
      <trkpt lat="45.22452" lon="-72.55185">
        <ele>278.1</ele>
      </trkpt>
      <trkpt lat="45.22471" lon="-72.55184">
        <ele>278.1</ele>
      </trkpt>
      <trkpt lat="45.22524" lon="-72.55167">
        <ele>276.2</ele>
      </trkpt>
      <trkpt lat="45.22523" lon="-72.55167">
        <ele>276.2</ele>
      </trkpt>
      <trkpt lat="45.22585" lon="-72.551473">
        <ele>275.6</ele>
      </trkpt>
      <trkpt lat="45.22647" lon="-72.551276">
        <ele>275.8</ele>
      </trkpt>
      <trkpt lat="45.22709" lon="-72.55108">
        <ele>275.3</ele>
      </trkpt>
      <trkpt lat="45.227792" lon="-72.550842">
        <ele>273.9</ele>
      </trkpt>
      <trkpt lat="45.228494" lon="-72.550604">
        <ele>274.8</ele>
      </trkpt>
      <trkpt lat="45.229196" lon="-72.550366">
        <ele>277.9</ele>
      </trkpt>
      <trkpt lat="45.229898" lon="-72.550128">
        <ele>283.1</ele>
      </trkpt>
      <trkpt lat="45.2306" lon="-72.54989">
        <ele>285.3</ele>
      </trkpt>
      <trkpt lat="45.23135" lon="-72.54971">
        <ele>287.5</ele>
      </trkpt>
      <trkpt lat="45.23181" lon="-72.54965">
        <ele>287.5</ele>
      </trkpt>
      <trkpt lat="45.232655" lon="-72.549764">
        <ele>284.6</ele>
      </trkpt>
      <trkpt lat="45.2335" lon="-72.54988">
        <ele>280.7</ele>
      </trkpt>
      <trkpt lat="45.234375" lon="-72.549989">
        <ele>273.8</ele>
      </trkpt>
      <trkpt lat="45.23525" lon="-72.5501">
        <ele>268.3</ele>
      </trkpt>
      <trkpt lat="45.23525" lon="-72.55081">
        <ele>267.8</ele>
      </trkpt>
      <trkpt lat="45.23522" lon="-72.55091">
        <ele>267.9</ele>
      </trkpt>
      <trkpt lat="45.23513" lon="-72.55108">
        <ele>268.6</ele>
      </trkpt>
      <trkpt lat="45.23495" lon="-72.55131">
        <ele>271</ele>
      </trkpt>
      <trkpt lat="45.23492" lon="-72.5514">
        <ele>271</ele>
      </trkpt>
      <trkpt lat="45.23492" lon="-72.5523">
        <ele>273.9</ele>
      </trkpt>
      <trkpt lat="45.23492" lon="-72.5532">
        <ele>277.6</ele>
      </trkpt>
      <trkpt lat="45.23493" lon="-72.55359">
        <ele>280</ele>
      </trkpt>
      <trkpt lat="45.235" lon="-72.55399">
        <ele>281.4</ele>
      </trkpt>
      <trkpt lat="45.23514" lon="-72.55427">
        <ele>281.3</ele>
      </trkpt>
      <trkpt lat="45.23529" lon="-72.5545">
        <ele>280</ele>
      </trkpt>
      <trkpt lat="45.23544" lon="-72.55458">
        <ele>278.8</ele>
      </trkpt>
      <trkpt lat="45.23555" lon="-72.55462">
        <ele>277.8</ele>
      </trkpt>
      <trkpt lat="45.23579" lon="-72.55462">
        <ele>274.7</ele>
      </trkpt>
      <trkpt lat="45.236" lon="-72.55459">
        <ele>271.3</ele>
      </trkpt>
      <trkpt lat="45.23617" lon="-72.55453">
        <ele>268.4</ele>
      </trkpt>
      <trkpt lat="45.23639" lon="-72.55441">
        <ele>265.8</ele>
      </trkpt>
      <trkpt lat="45.2369" lon="-72.554005">
        <ele>261.8</ele>
      </trkpt>
      <trkpt lat="45.23741" lon="-72.5536">
        <ele>256.6</ele>
      </trkpt>
      <trkpt lat="45.23752" lon="-72.55355">
        <ele>255.2</ele>
      </trkpt>
      <trkpt lat="45.23765" lon="-72.55354">
        <ele>253.9</ele>
      </trkpt>
      <trkpt lat="45.23827" lon="-72.55351">
        <ele>250.5</ele>
      </trkpt>
      <trkpt lat="45.2387" lon="-72.55353">
        <ele>249</ele>
      </trkpt>
      <trkpt lat="45.239209" lon="-72.553554">
        <ele>245.9</ele>
      </trkpt>
      <trkpt lat="45.23972" lon="-72.55358">
        <ele>242.7</ele>
      </trkpt>
      <trkpt lat="45.240383" lon="-72.553619">
        <ele>237.2</ele>
      </trkpt>
      <trkpt lat="45.241046" lon="-72.553659">
        <ele>232.9</ele>
      </trkpt>
      <trkpt lat="45.24171" lon="-72.5537">
        <ele>225.3</ele>
      </trkpt>
      <trkpt lat="45.24226" lon="-72.55375">
        <ele>221.5</ele>
      </trkpt>
      <trkpt lat="45.24279" lon="-72.55376">
        <ele>216.3</ele>
      </trkpt>
      <trkpt lat="45.24335" lon="-72.55381">
        <ele>212</ele>
      </trkpt>
      <trkpt lat="45.2441" lon="-72.55391">
        <ele>206.4</ele>
      </trkpt>
      <trkpt lat="45.244605" lon="-72.553944">
        <ele>204.5</ele>
      </trkpt>
      <trkpt lat="45.24511" lon="-72.55398">
        <ele>202.8</ele>
      </trkpt>
      <trkpt lat="45.24568" lon="-72.55404">
        <ele>201</ele>
      </trkpt>
      <trkpt lat="45.24613" lon="-72.55404">
        <ele>199.8</ele>
      </trkpt>
      <trkpt lat="45.24641" lon="-72.55395">
        <ele>199.9</ele>
      </trkpt>
      <trkpt lat="45.24659" lon="-72.55382">
        <ele>200.1</ele>
      </trkpt>
      <trkpt lat="45.247323" lon="-72.554306">
        <ele>201.4</ele>
      </trkpt>
      <trkpt lat="45.248056" lon="-72.554793">
        <ele>200.3</ele>
      </trkpt>
      <trkpt lat="45.24879" lon="-72.55528">
        <ele>200.3</ele>
      </trkpt>
      <trkpt lat="45.24942" lon="-72.55564">
        <ele>200.2</ele>
      </trkpt>
      <trkpt lat="45.24965" lon="-72.55565">
        <ele>200.4</ele>
      </trkpt>
      <trkpt lat="45.250493" lon="-72.555646">
        <ele>202.5</ele>
      </trkpt>
      <trkpt lat="45.251336" lon="-72.555643">
        <ele>203.3</ele>
      </trkpt>
      <trkpt lat="45.25218" lon="-72.55564">
        <ele>203.9</ele>
      </trkpt>
      <trkpt lat="45.25217" lon="-72.55564">
        <ele>203.9</ele>
      </trkpt>
      <trkpt lat="45.25247" lon="-72.55564">
        <ele>204.4</ele>
      </trkpt>
      <trkpt lat="45.2533" lon="-72.555601">
        <ele>207.5</ele>
      </trkpt>
      <trkpt lat="45.25413" lon="-72.555562">
        <ele>207</ele>
      </trkpt>
      <trkpt lat="45.25496" lon="-72.555523">
        <ele>207.3</ele>
      </trkpt>
      <trkpt lat="45.25579" lon="-72.555484">
        <ele>207.3</ele>
      </trkpt>
      <trkpt lat="45.25662" lon="-72.555445">
        <ele>209.7</ele>
      </trkpt>
      <trkpt lat="45.25745" lon="-72.555406">
        <ele>212.1</ele>
      </trkpt>
      <trkpt lat="45.25828" lon="-72.555367">
        <ele>217.1</ele>
      </trkpt>
      <trkpt lat="45.25911" lon="-72.555328">
        <ele>220.9</ele>
      </trkpt>
      <trkpt lat="45.25994" lon="-72.55529">
        <ele>222</ele>
      </trkpt>
      <trkpt lat="45.26006" lon="-72.55535">
        <ele>222.1</ele>
      </trkpt>
      <trkpt lat="45.26011" lon="-72.55556">
        <ele>222.1</ele>
      </trkpt>
      <trkpt lat="45.26012" lon="-72.55596">
        <ele>222.3</ele>
      </trkpt>
      <trkpt lat="45.26007" lon="-72.557181">
        <ele>222.5</ele>
      </trkpt>
      <trkpt lat="45.26002" lon="-72.558402">
        <ele>222.8</ele>
      </trkpt>
      <trkpt lat="45.25997" lon="-72.559624">
        <ele>221.2</ele>
      </trkpt>
      <trkpt lat="45.25992" lon="-72.560845">
        <ele>218.9</ele>
      </trkpt>
      <trkpt lat="45.25987" lon="-72.562067">
        <ele>213</ele>
      </trkpt>
      <trkpt lat="45.25982" lon="-72.563288">
        <ele>210.2</ele>
      </trkpt>
      <trkpt lat="45.25977" lon="-72.56451">
        <ele>207.8</ele>
      </trkpt>
      <trkpt lat="45.25973" lon="-72.565715">
        <ele>204.4</ele>
      </trkpt>
      <trkpt lat="45.25969" lon="-72.56692">
        <ele>202.2</ele>
      </trkpt>
      <trkpt lat="45.25965" lon="-72.568125">
        <ele>201.3</ele>
      </trkpt>
      <trkpt lat="45.25961" lon="-72.56933">
        <ele>200.2</ele>
      </trkpt>
      <trkpt lat="45.25957" lon="-72.570535">
        <ele>201.3</ele>
      </trkpt>
      <trkpt lat="45.25953" lon="-72.57174">
        <ele>201.2</ele>
      </trkpt>
      <trkpt lat="45.25953" lon="-72.57175">
        <ele>201.2</ele>
      </trkpt>
      <trkpt lat="45.25949" lon="-72.57292">
        <ele>201.6</ele>
      </trkpt>
      <trkpt lat="45.25945" lon="-72.57409">
        <ele>202.6</ele>
      </trkpt>
      <trkpt lat="45.25941" lon="-72.57526">
        <ele>203.6</ele>
      </trkpt>
      <trkpt lat="45.25935" lon="-72.57598">
        <ele>204.5</ele>
      </trkpt>
      <trkpt lat="45.25944" lon="-72.57625">
        <ele>204.8</ele>
      </trkpt>
      <trkpt lat="45.25962" lon="-72.57647">
        <ele>204.8</ele>
      </trkpt>
      <trkpt lat="45.260479" lon="-72.576455">
        <ele>203.6</ele>
      </trkpt>
      <trkpt lat="45.26134" lon="-72.57644">
        <ele>203</ele>
      </trkpt>
      <trkpt lat="45.262152" lon="-72.576433">
        <ele>202.5</ele>
      </trkpt>
      <trkpt lat="45.262964" lon="-72.576426">
        <ele>201.7</ele>
      </trkpt>
      <trkpt lat="45.263776" lon="-72.576419">
        <ele>203</ele>
      </trkpt>
      <trkpt lat="45.264588" lon="-72.576412">
        <ele>202.4</ele>
      </trkpt>
      <trkpt lat="45.2654" lon="-72.576405">
        <ele>200.1</ele>
      </trkpt>
      <trkpt lat="45.266212" lon="-72.576398">
        <ele>198.9</ele>
      </trkpt>
      <trkpt lat="45.267024" lon="-72.576391">
        <ele>198.4</ele>
      </trkpt>
      <trkpt lat="45.267836" lon="-72.576384">
        <ele>197.7</ele>
      </trkpt>
      <trkpt lat="45.268647" lon="-72.576377">
        <ele>197.9</ele>
      </trkpt>
      <trkpt lat="45.26946" lon="-72.57637">
        <ele>199.8</ele>
      </trkpt>
      <trkpt lat="45.270303" lon="-72.57637">
        <ele>200.7</ele>
      </trkpt>
      <trkpt lat="45.271146" lon="-72.57637">
        <ele>200.6</ele>
      </trkpt>
      <trkpt lat="45.27199" lon="-72.57637">
        <ele>201.9</ele>
      </trkpt>
      <trkpt lat="45.272744" lon="-72.57633">
        <ele>203</ele>
      </trkpt>
      <trkpt lat="45.2735" lon="-72.57629">
        <ele>206</ele>
      </trkpt>
      <trkpt lat="45.274348" lon="-72.576256">
        <ele>206.2</ele>
      </trkpt>
      <trkpt lat="45.275196" lon="-72.576222">
        <ele>208.8</ele>
      </trkpt>
      <trkpt lat="45.276044" lon="-72.576188">
        <ele>207.6</ele>
      </trkpt>
      <trkpt lat="45.276892" lon="-72.576154">
        <ele>207.3</ele>
      </trkpt>
      <trkpt lat="45.27774" lon="-72.57612">
        <ele>205.6</ele>
      </trkpt>
      <trkpt lat="45.278588" lon="-72.576086">
        <ele>204.6</ele>
      </trkpt>
      <trkpt lat="45.279436" lon="-72.576052">
        <ele>202.9</ele>
      </trkpt>
      <trkpt lat="45.280284" lon="-72.576018">
        <ele>203.1</ele>
      </trkpt>
      <trkpt lat="45.281132" lon="-72.575984">
        <ele>202</ele>
      </trkpt>
      <trkpt lat="45.28198" lon="-72.57595">
        <ele>201.3</ele>
      </trkpt>
      <trkpt lat="45.282826" lon="-72.57592">
        <ele>200.9</ele>
      </trkpt>
      <trkpt lat="45.283671" lon="-72.57589">
        <ele>199.6</ele>
      </trkpt>
      <trkpt lat="45.284517" lon="-72.57586">
        <ele>197.7</ele>
      </trkpt>
      <trkpt lat="45.285363" lon="-72.57583">
        <ele>194.8</ele>
      </trkpt>
      <trkpt lat="45.28621" lon="-72.5758">
        <ele>190.4</ele>
      </trkpt>
      <trkpt lat="45.28672" lon="-72.575755">
        <ele>188.8</ele>
      </trkpt>
      <trkpt lat="45.28723" lon="-72.57571">
        <ele>187.1</ele>
      </trkpt>
      <trkpt lat="45.28795" lon="-72.575666">
        <ele>185.6</ele>
      </trkpt>
      <trkpt lat="45.28867" lon="-72.575623">
        <ele>185.7</ele>
      </trkpt>
      <trkpt lat="45.28939" lon="-72.57558">
        <ele>185.7</ele>
      </trkpt>
      <trkpt lat="45.28938" lon="-72.57558">
        <ele>185.7</ele>
      </trkpt>
      <trkpt lat="45.290149" lon="-72.57553">
        <ele>183.6</ele>
      </trkpt>
      <trkpt lat="45.29092" lon="-72.57548">
        <ele>184.2</ele>
      </trkpt>
      <trkpt lat="45.29096" lon="-72.57621">
        <ele>183.1</ele>
      </trkpt>
      <trkpt lat="45.29102" lon="-72.57675">
        <ele>182.4</ele>
      </trkpt>
      <trkpt lat="45.29111" lon="-72.5774">
        <ele>181.5</ele>
      </trkpt>
      <trkpt lat="45.291331" lon="-72.578586">
        <ele>177.7</ele>
      </trkpt>
      <trkpt lat="45.291553" lon="-72.579773">
        <ele>172.5</ele>
      </trkpt>
      <trkpt lat="45.291775" lon="-72.580959">
        <ele>169.6</ele>
      </trkpt>
      <trkpt lat="45.291996" lon="-72.582146">
        <ele>168.3</ele>
      </trkpt>
      <trkpt lat="45.292218" lon="-72.583333">
        <ele>170</ele>
      </trkpt>
      <trkpt lat="45.29244" lon="-72.58452">
        <ele>171.2</ele>
      </trkpt>
      <trkpt lat="45.29254" lon="-72.58497">
        <ele>170.9</ele>
      </trkpt>
      <trkpt lat="45.29276" lon="-72.58585">
        <ele>165.2</ele>
      </trkpt>
      <trkpt lat="45.29295" lon="-72.586459">
        <ele>162.7</ele>
      </trkpt>
      <trkpt lat="45.29314" lon="-72.58707">
        <ele>162.1</ele>
      </trkpt>
      <trkpt lat="45.29338" lon="-72.587659">
        <ele>163.4</ele>
      </trkpt>
      <trkpt lat="45.29362" lon="-72.58825">
        <ele>165.3</ele>
      </trkpt>
      <trkpt lat="45.294007" lon="-72.589154">
        <ele>168.2</ele>
      </trkpt>
      <trkpt lat="45.294395" lon="-72.590059">
        <ele>169.3</ele>
      </trkpt>
      <trkpt lat="45.294782" lon="-72.590964">
        <ele>168.8</ele>
      </trkpt>
      <trkpt lat="45.29517" lon="-72.59187">
        <ele>169</ele>
      </trkpt>
      <trkpt lat="45.29552" lon="-72.59268">
        <ele>169.9</ele>
      </trkpt>
      <trkpt lat="45.29564" lon="-72.59307">
        <ele>170.3</ele>
      </trkpt>
      <trkpt lat="45.29573" lon="-72.59344">
        <ele>170.4</ele>
      </trkpt>
      <trkpt lat="45.29583" lon="-72.5943">
        <ele>171.4</ele>
      </trkpt>
      <trkpt lat="45.296484" lon="-72.59427">
        <ele>170.6</ele>
      </trkpt>
      <trkpt lat="45.29714" lon="-72.59424">
        <ele>170.3</ele>
      </trkpt>
      <trkpt lat="45.29747" lon="-72.59415">
        <ele>169.7</ele>
      </trkpt>
      <trkpt lat="45.29825" lon="-72.59375">
        <ele>166.4</ele>
      </trkpt>
      <trkpt lat="45.29854" lon="-72.59362">
        <ele>164.1</ele>
      </trkpt>
      <trkpt lat="45.2988" lon="-72.59352">
        <ele>162.1</ele>
      </trkpt>
      <trkpt lat="45.29924" lon="-72.59343">
        <ele>156.5</ele>
      </trkpt>
      <trkpt lat="45.29972" lon="-72.59339">
        <ele>152.9</ele>
      </trkpt>
      <trkpt lat="45.30029" lon="-72.59348">
        <ele>149</ele>
      </trkpt>
      <trkpt lat="45.300815" lon="-72.593659">
        <ele>148</ele>
      </trkpt>
      <trkpt lat="45.30134" lon="-72.59384">
        <ele>146.1</ele>
      </trkpt>
      <trkpt lat="45.30156" lon="-72.5939">
        <ele>144.8</ele>
      </trkpt>
      <trkpt lat="45.30191" lon="-72.59394">
        <ele>143.7</ele>
      </trkpt>
      <trkpt lat="45.30241" lon="-72.59402">
        <ele>143</ele>
      </trkpt>
      <trkpt lat="45.30275" lon="-72.59402">
        <ele>143.5</ele>
      </trkpt>
      <trkpt lat="45.303329" lon="-72.59398">
        <ele>145.8</ele>
      </trkpt>
      <trkpt lat="45.30391" lon="-72.59394">
        <ele>147.9</ele>
      </trkpt>
      <trkpt lat="45.30468" lon="-72.59387">
        <ele>152.1</ele>
      </trkpt>
      <trkpt lat="45.30545" lon="-72.5938">
        <ele>154.8</ele>
      </trkpt>
      <trkpt lat="45.30544" lon="-72.5938">
        <ele>154.8</ele>
      </trkpt>
      <trkpt lat="45.306053" lon="-72.593753">
        <ele>156.8</ele>
      </trkpt>
      <trkpt lat="45.306666" lon="-72.593706">
        <ele>157.8</ele>
      </trkpt>
      <trkpt lat="45.30728" lon="-72.59366">
        <ele>159.2</ele>
      </trkpt>
      <trkpt lat="45.30728" lon="-72.594579">
        <ele>157.6</ele>
      </trkpt>
      <trkpt lat="45.30728" lon="-72.5955">
        <ele>156.1</ele>
      </trkpt>
      <trkpt lat="45.308034" lon="-72.595467">
        <ele>154.5</ele>
      </trkpt>
      <trkpt lat="45.308789" lon="-72.595435">
        <ele>156</ele>
      </trkpt>
      <trkpt lat="45.309544" lon="-72.595402">
        <ele>156.4</ele>
      </trkpt>
      <trkpt lat="45.3103" lon="-72.59537">
        <ele>156.2</ele>
      </trkpt>
      <trkpt lat="45.310926" lon="-72.595336">
        <ele>156.9</ele>
      </trkpt>
      <trkpt lat="45.311553" lon="-72.595303">
        <ele>158.2</ele>
      </trkpt>
      <trkpt lat="45.31218" lon="-72.59527">
        <ele>159.3</ele>
      </trkpt>
      <trkpt lat="45.312895" lon="-72.595255">
        <ele>161.9</ele>
      </trkpt>
      <trkpt lat="45.31361" lon="-72.59524">
        <ele>162.1</ele>
      </trkpt>
      <trkpt lat="45.314486" lon="-72.5952">
        <ele>159.8</ele>
      </trkpt>
      <trkpt lat="45.315363" lon="-72.59516">
        <ele>160.4</ele>
      </trkpt>
      <trkpt lat="45.31624" lon="-72.59512">
        <ele>160.8</ele>
      </trkpt>
      <trkpt lat="45.31705" lon="-72.59511">
        <ele>159.8</ele>
      </trkpt>
      <trkpt lat="45.31716" lon="-72.59509">
        <ele>159.8</ele>
      </trkpt>
      <trkpt lat="45.31736" lon="-72.59505">
        <ele>160.1</ele>
      </trkpt>
      <trkpt lat="45.31754" lon="-72.59489">
        <ele>160.2</ele>
      </trkpt>
      <trkpt lat="45.31777" lon="-72.5946">
        <ele>160.6</ele>
      </trkpt>
      <trkpt lat="45.31812" lon="-72.59404">
        <ele>161.5</ele>
      </trkpt>
      <trkpt lat="45.31847" lon="-72.59348">
        <ele>162</ele>
      </trkpt>
      <trkpt lat="45.31864" lon="-72.5933">
        <ele>162</ele>
      </trkpt>
      <trkpt lat="45.31882" lon="-72.59317">
        <ele>161.8</ele>
      </trkpt>
      <trkpt lat="45.31902" lon="-72.59308">
        <ele>161.8</ele>
      </trkpt>
      <trkpt lat="45.31923" lon="-72.59308">
        <ele>161.9</ele>
      </trkpt>
      <trkpt lat="45.319863" lon="-72.593116">
        <ele>164.8</ele>
      </trkpt>
      <trkpt lat="45.320496" lon="-72.593153">
        <ele>168.2</ele>
      </trkpt>
      <trkpt lat="45.32113" lon="-72.59319">
        <ele>170.7</ele>
      </trkpt>
      <trkpt lat="45.32202" lon="-72.593239">
        <ele>172.3</ele>
      </trkpt>
      <trkpt lat="45.32291" lon="-72.593289">
        <ele>175.4</ele>
      </trkpt>
      <trkpt lat="45.3238" lon="-72.59334">
        <ele>176.1</ele>
      </trkpt>
      <trkpt lat="45.324696" lon="-72.593406">
        <ele>180</ele>
      </trkpt>
      <trkpt lat="45.325593" lon="-72.593473">
        <ele>183.2</ele>
      </trkpt>
      <trkpt lat="45.32649" lon="-72.59354">
        <ele>184.5</ele>
      </trkpt>
      <trkpt lat="45.32695" lon="-72.59352">
        <ele>185.1</ele>
      </trkpt>
      <trkpt lat="45.32783" lon="-72.59332">
        <ele>189</ele>
      </trkpt>
      <trkpt lat="45.32871" lon="-72.59312">
        <ele>196.3</ele>
      </trkpt>
      <trkpt lat="45.32894" lon="-72.593964">
        <ele>197.7</ele>
      </trkpt>
      <trkpt lat="45.32917" lon="-72.59481">
        <ele>198.9</ele>
      </trkpt>
      <trkpt lat="45.329482" lon="-72.595975">
        <ele>202.2</ele>
      </trkpt>
      <trkpt lat="45.329794" lon="-72.597141">
        <ele>202.1</ele>
      </trkpt>
      <trkpt lat="45.330106" lon="-72.598307">
        <ele>201.7</ele>
      </trkpt>
      <trkpt lat="45.330418" lon="-72.599473">
        <ele>199.4</ele>
      </trkpt>
      <trkpt lat="45.33073" lon="-72.60064">
        <ele>196.3</ele>
      </trkpt>
      <trkpt lat="45.33084" lon="-72.601">
        <ele>195.9</ele>
      </trkpt>
      <trkpt lat="45.33107" lon="-72.6017">
        <ele>195.7</ele>
      </trkpt>
      <trkpt lat="45.331295" lon="-72.602274">
        <ele>195.2</ele>
      </trkpt>
      <trkpt lat="45.33152" lon="-72.60285">
        <ele>194.3</ele>
      </trkpt>
      <trkpt lat="45.33165" lon="-72.60302">
        <ele>194.7</ele>
      </trkpt>
      <trkpt lat="45.33173" lon="-72.60307">
        <ele>195.1</ele>
      </trkpt>
      <trkpt lat="45.33192" lon="-72.60311">
        <ele>196.2</ele>
      </trkpt>
      <trkpt lat="45.33249" lon="-72.603129">
        <ele>200.1</ele>
      </trkpt>
      <trkpt lat="45.33306" lon="-72.60315">
        <ele>202</ele>
      </trkpt>
      <trkpt lat="45.33317" lon="-72.60316">
        <ele>202</ele>
      </trkpt>
      <trkpt lat="45.33332" lon="-72.6033">
        <ele>201.8</ele>
      </trkpt>
      <trkpt lat="45.33337" lon="-72.60342">
        <ele>201.5</ele>
      </trkpt>
      <trkpt lat="45.33347" lon="-72.60445">
        <ele>198.4</ele>
      </trkpt>
      <trkpt lat="45.33348" lon="-72.6053">
        <ele>195.1</ele>
      </trkpt>
      <trkpt lat="45.33351" lon="-72.60615">
        <ele>190.6</ele>
      </trkpt>
      <trkpt lat="45.3336" lon="-72.60726">
        <ele>184.8</ele>
      </trkpt>
      <trkpt lat="45.33369" lon="-72.60817">
        <ele>181.3</ele>
      </trkpt>
      <trkpt lat="45.33374" lon="-72.609104">
        <ele>178.5</ele>
      </trkpt>
      <trkpt lat="45.33379" lon="-72.61004">
        <ele>176.6</ele>
      </trkpt>
      <trkpt lat="45.33383" lon="-72.61036">
        <ele>176.1</ele>
      </trkpt>
      <trkpt lat="45.3339" lon="-72.61059">
        <ele>175.7</ele>
      </trkpt>
      <trkpt lat="45.33345" lon="-72.61063">
        <ele>170.1</ele>
      </trkpt>
      <trkpt lat="45.33265" lon="-72.61059">
        <ele>163.5</ele>
      </trkpt>
      <trkpt lat="45.33232" lon="-72.61053">
        <ele>161.3</ele>
      </trkpt>
      <trkpt lat="45.33208" lon="-72.61041">
        <ele>160.6</ele>
      </trkpt>
      <trkpt lat="45.3319" lon="-72.61027">
        <ele>160.5</ele>
      </trkpt>
      <trkpt lat="45.33181" lon="-72.61015">
        <ele>160.6</ele>
      </trkpt>
      <trkpt lat="45.33156" lon="-72.60979">
        <ele>161.8</ele>
      </trkpt>
      <trkpt lat="45.33138" lon="-72.60964">
        <ele>162.3</ele>
      </trkpt>
      <trkpt lat="45.33114" lon="-72.60956">
        <ele>162.5</ele>
      </trkpt>
      <trkpt lat="45.33052" lon="-72.60951">
        <ele>161.6</ele>
      </trkpt>
      <trkpt lat="45.33029" lon="-72.60952">
        <ele>160.6</ele>
      </trkpt>
      <trkpt lat="45.33016" lon="-72.6096">
        <ele>159.8</ele>
      </trkpt>
      <trkpt lat="45.33005" lon="-72.6097">
        <ele>158.9</ele>
      </trkpt>
      <trkpt lat="45.3303" lon="-72.61009">
        <ele>158</ele>
      </trkpt>
      <trkpt lat="45.33063" lon="-72.61067">
        <ele>156.9</ele>
      </trkpt>
      <trkpt lat="45.33098" lon="-72.61143">
        <ele>155.2</ele>
      </trkpt>
      <trkpt lat="45.33128" lon="-72.61229">
        <ele>154.5</ele>
      </trkpt>
      <trkpt lat="45.33149" lon="-72.61319">
        <ele>154</ele>
      </trkpt>
      <trkpt lat="45.331672" lon="-72.614407">
        <ele>153.3</ele>
      </trkpt>
      <trkpt lat="45.331855" lon="-72.615624">
        <ele>152.8</ele>
      </trkpt>
      <trkpt lat="45.332037" lon="-72.616842">
        <ele>151.9</ele>
      </trkpt>
      <trkpt lat="45.33222" lon="-72.61806">
        <ele>151.3</ele>
      </trkpt>
      <trkpt lat="45.33246" lon="-72.61922">
        <ele>151.1</ele>
      </trkpt>
      <trkpt lat="45.3328" lon="-72.62034">
        <ele>150.5</ele>
      </trkpt>
      <trkpt lat="45.33307" lon="-72.620934">
        <ele>150.6</ele>
      </trkpt>
      <trkpt lat="45.33334" lon="-72.62153">
        <ele>151</ele>
      </trkpt>
      <trkpt lat="45.33382" lon="-72.622477">
        <ele>149.1</ele>
      </trkpt>
      <trkpt lat="45.3343" lon="-72.623424">
        <ele>148.5</ele>
      </trkpt>
      <trkpt lat="45.33478" lon="-72.624372">
        <ele>148.4</ele>
      </trkpt>
      <trkpt lat="45.33526" lon="-72.625319">
        <ele>148.3</ele>
      </trkpt>
      <trkpt lat="45.33574" lon="-72.626267">
        <ele>147.9</ele>
      </trkpt>
      <trkpt lat="45.33622" lon="-72.627214">
        <ele>147.5</ele>
      </trkpt>
      <trkpt lat="45.3367" lon="-72.628162">
        <ele>146.5</ele>
      </trkpt>
      <trkpt lat="45.33718" lon="-72.62911">
        <ele>145.7</ele>
      </trkpt>
      <trkpt lat="45.33742" lon="-72.629679">
        <ele>144.8</ele>
      </trkpt>
      <trkpt lat="45.33766" lon="-72.63025">
        <ele>144.7</ele>
      </trkpt>
      <trkpt lat="45.33784" lon="-72.630939">
        <ele>144.3</ele>
      </trkpt>
      <trkpt lat="45.33802" lon="-72.63163">
        <ele>144.2</ele>
      </trkpt>
      <trkpt lat="45.33816" lon="-72.632839">
        <ele>144</ele>
      </trkpt>
      <trkpt lat="45.3383" lon="-72.63405">
        <ele>143.6</ele>
      </trkpt>
      <trkpt lat="45.338455" lon="-72.634874">
        <ele>143.7</ele>
      </trkpt>
      <trkpt lat="45.33861" lon="-72.6357">
        <ele>143</ele>
      </trkpt>
      <trkpt lat="45.33878" lon="-72.63624">
        <ele>142.4</ele>
      </trkpt>
      <trkpt lat="45.33914" lon="-72.63703">
        <ele>141.6</ele>
      </trkpt>
      <trkpt lat="45.33965" lon="-72.638007">
        <ele>140.7</ele>
      </trkpt>
      <trkpt lat="45.34016" lon="-72.638985">
        <ele>139.2</ele>
      </trkpt>
      <trkpt lat="45.34067" lon="-72.639963">
        <ele>138</ele>
      </trkpt>
      <trkpt lat="45.34118" lon="-72.640941">
        <ele>137.2</ele>
      </trkpt>
      <trkpt lat="45.34169" lon="-72.64192">
        <ele>136.2</ele>
      </trkpt>
      <trkpt lat="45.34214" lon="-72.64295">
        <ele>135.3</ele>
      </trkpt>
      <trkpt lat="45.34249" lon="-72.64407">
        <ele>134.5</ele>
      </trkpt>
      <trkpt lat="45.342632" lon="-72.645034">
        <ele>133.9</ele>
      </trkpt>
      <trkpt lat="45.342775" lon="-72.645999">
        <ele>133.6</ele>
      </trkpt>
      <trkpt lat="45.342917" lon="-72.646964">
        <ele>133.7</ele>
      </trkpt>
      <trkpt lat="45.34306" lon="-72.64793">
        <ele>134.4</ele>
      </trkpt>
      <trkpt lat="45.34325" lon="-72.64914">
        <ele>133.3</ele>
      </trkpt>
    </trkseg>
  </trk>
</gpx>