<?xml version='1.0' encoding='utf-8'?>
<gpx xmlns="http://www.topografix.com/GPX/1/1" xmlns:xsi="http://www.w3.org/2001/XMLSchema-instance" version="1.1" creator="Gravelle Estrie" xsi:schemaLocation="http://www.topografix.com/GPX/1/1 http://www.topografix.com/GPX/1/1/gpx.xsd">
  <metadata>
    <name>Sloom</name>
  </metadata>
  <trk>
    <name>Sloom</name>
    <trkseg>
      <trkpt lat="45.16965" lon="-72.04328">
        <ele>170.21</ele>
      </trkpt>
      <trkpt lat="45.16923" lon="-72.0423225">
        <ele>170.61</ele>
      </trkpt>
      <trkpt lat="45.16881" lon="-72.041365">
        <ele>170.84</ele>
      </trkpt>
      <trkpt lat="45.16839" lon="-72.0404075">
        <ele>171.17</ele>
      </trkpt>
      <trkpt lat="45.16797" lon="-72.03945">
        <ele>171.54</ele>
      </trkpt>
      <trkpt lat="45.16784" lon="-72.03931">
        <ele>171.54</ele>
      </trkpt>
      <trkpt lat="45.16763" lon="-72.03914">
        <ele>171.67</ele>
      </trkpt>
      <trkpt lat="45.16763" lon="-72.03914">
        <ele>171.67</ele>
      </trkpt>
      <trkpt lat="45.16778" lon="-72.03886">
        <ele>171.4</ele>
      </trkpt>
      <trkpt lat="45.16783" lon="-72.03855">
        <ele>170.66</ele>
      </trkpt>
      <trkpt lat="45.16786" lon="-72.03853">
        <ele>170.66</ele>
      </trkpt>
      <trkpt lat="45.16778" lon="-72.0384">
        <ele>170.6</ele>
      </trkpt>
      <trkpt lat="45.16769" lon="-72.03836">
        <ele>170.6</ele>
      </trkpt>
      <trkpt lat="45.16769" lon="-72.03836">
        <ele>170.6</ele>
      </trkpt>
      <trkpt lat="45.16707" lon="-72.03811">
        <ele>170.65</ele>
      </trkpt>
      <trkpt lat="45.16645" lon="-72.03786">
        <ele>170.9</ele>
      </trkpt>
      <trkpt lat="45.16562" lon="-72.03755">
        <ele>170.57</ele>
      </trkpt>
      <trkpt lat="45.16562" lon="-72.03755">
        <ele>170.57</ele>
      </trkpt>
      <trkpt lat="45.16477" lon="-72.037245">
        <ele>169.73</ele>
      </trkpt>
      <trkpt lat="45.16392" lon="-72.03694">
        <ele>169.1</ele>
      </trkpt>
      <trkpt lat="45.16345" lon="-72.03681">
        <ele>168.88</ele>
      </trkpt>
      <trkpt lat="45.16316" lon="-72.03677">
        <ele>168.51</ele>
      </trkpt>
      <trkpt lat="45.16294" lon="-72.03677">
        <ele>168.28</ele>
      </trkpt>
      <trkpt lat="45.16271" lon="-72.0368">
        <ele>167.92</ele>
      </trkpt>
      <trkpt lat="45.1627" lon="-72.0368">
        <ele>167.92</ele>
      </trkpt>
      <trkpt lat="45.16232" lon="-72.03685">
        <ele>167.98</ele>
      </trkpt>
      <trkpt lat="45.16223" lon="-72.0368">
        <ele>167.98</ele>
      </trkpt>
      <trkpt lat="45.16198" lon="-72.03639">
        <ele>168.46</ele>
      </trkpt>
      <trkpt lat="45.16194" lon="-72.03635">
        <ele>168.46</ele>
      </trkpt>
      <trkpt lat="45.16187" lon="-72.03633">
        <ele>168.55</ele>
      </trkpt>
      <trkpt lat="45.16199" lon="-72.03659">
        <ele>168.56</ele>
      </trkpt>
      <trkpt lat="45.16219" lon="-72.0369">
        <ele>168.69</ele>
      </trkpt>
      <trkpt lat="45.16168" lon="-72.03712">
        <ele>167.4</ele>
      </trkpt>
      <trkpt lat="45.16142" lon="-72.03725">
        <ele>167.06</ele>
      </trkpt>
      <trkpt lat="45.16121" lon="-72.03739">
        <ele>166.42</ele>
      </trkpt>
      <trkpt lat="45.16075" lon="-72.03779">
        <ele>166.08</ele>
      </trkpt>
      <trkpt lat="45.16058" lon="-72.03796">
        <ele>166.01</ele>
      </trkpt>
      <trkpt lat="45.16058" lon="-72.03797">
        <ele>166.01</ele>
      </trkpt>
      <trkpt lat="45.16075" lon="-72.03779">
        <ele>166.08</ele>
      </trkpt>
      <trkpt lat="45.16121" lon="-72.03739">
        <ele>166.42</ele>
      </trkpt>
      <trkpt lat="45.16142" lon="-72.03725">
        <ele>167.06</ele>
      </trkpt>
      <trkpt lat="45.16168" lon="-72.03712">
        <ele>167.4</ele>
      </trkpt>
      <trkpt lat="45.16219" lon="-72.0369">
        <ele>168.69</ele>
      </trkpt>
      <trkpt lat="45.16199" lon="-72.03659">
        <ele>168.56</ele>
      </trkpt>
      <trkpt lat="45.16187" lon="-72.03633">
        <ele>168.55</ele>
      </trkpt>
      <trkpt lat="45.16146" lon="-72.03645">
        <ele>167.32</ele>
      </trkpt>
      <trkpt lat="45.16085" lon="-72.03675">
        <ele>166.25</ele>
      </trkpt>
      <trkpt lat="45.16077" lon="-72.03682">
        <ele>166.26</ele>
      </trkpt>
      <trkpt lat="45.16067" lon="-72.03694">
        <ele>166.26</ele>
      </trkpt>
      <trkpt lat="45.16048" lon="-72.03725">
        <ele>166.03</ele>
      </trkpt>
      <trkpt lat="45.16022" lon="-72.03776">
        <ele>165.81</ele>
      </trkpt>
      <trkpt lat="45.16028" lon="-72.03806">
        <ele>165.82</ele>
      </trkpt>
      <trkpt lat="45.16028" lon="-72.03827">
        <ele>166.06</ele>
      </trkpt>
      <trkpt lat="45.15969" lon="-72.0388975">
        <ele>165.53</ele>
      </trkpt>
      <trkpt lat="45.1591" lon="-72.039525">
        <ele>165.18</ele>
      </trkpt>
      <trkpt lat="45.15851" lon="-72.0401525">
        <ele>165.21</ele>
      </trkpt>
      <trkpt lat="45.15792" lon="-72.04078">
        <ele>165.4</ele>
      </trkpt>
      <trkpt lat="45.15792" lon="-72.04079">
        <ele>165.4</ele>
      </trkpt>
      <trkpt lat="45.15731" lon="-72.0414375">
        <ele>165.64</ele>
      </trkpt>
      <trkpt lat="45.1567" lon="-72.042085">
        <ele>165.99</ele>
      </trkpt>
      <trkpt lat="45.15609" lon="-72.0427325">
        <ele>166.19</ele>
      </trkpt>
      <trkpt lat="45.15548" lon="-72.04338">
        <ele>166.62</ele>
      </trkpt>
      <trkpt lat="45.15519" lon="-72.04378">
        <ele>166.71</ele>
      </trkpt>
      <trkpt lat="45.1549" lon="-72.04424">
        <ele>166.32</ele>
      </trkpt>
      <trkpt lat="45.1544075" lon="-72.0451575">
        <ele>166.22</ele>
      </trkpt>
      <trkpt lat="45.153915" lon="-72.046075">
        <ele>166.09</ele>
      </trkpt>
      <trkpt lat="45.1534225" lon="-72.0469925">
        <ele>165.9</ele>
      </trkpt>
      <trkpt lat="45.15293" lon="-72.04791">
        <ele>166.02</ele>
      </trkpt>
      <trkpt lat="45.15255" lon="-72.04853">
        <ele>165.81</ele>
      </trkpt>
      <trkpt lat="45.15214" lon="-72.04911">
        <ele>165.79</ele>
      </trkpt>
      <trkpt lat="45.15164" lon="-72.04965">
        <ele>165.98</ele>
      </trkpt>
      <trkpt lat="45.15101" lon="-72.05018">
        <ele>166.32</ele>
      </trkpt>
      <trkpt lat="45.15051" lon="-72.05045">
        <ele>166.36</ele>
      </trkpt>
      <trkpt lat="45.15003" lon="-72.05068">
        <ele>166.01</ele>
      </trkpt>
      <trkpt lat="45.14916" lon="-72.0509825">
        <ele>165.68</ele>
      </trkpt>
      <trkpt lat="45.14829" lon="-72.051285">
        <ele>165.81</ele>
      </trkpt>
      <trkpt lat="45.14742" lon="-72.0515875">
        <ele>166.27</ele>
      </trkpt>
      <trkpt lat="45.14655" lon="-72.05189">
        <ele>167.08</ele>
      </trkpt>
      <trkpt lat="45.14581" lon="-72.05198">
        <ele>167.05</ele>
      </trkpt>
      <trkpt lat="45.14517" lon="-72.051975">
        <ele>166.78</ele>
      </trkpt>
      <trkpt lat="45.14453" lon="-72.05197">
        <ele>166.67</ele>
      </trkpt>
      <trkpt lat="45.14453" lon="-72.05197">
        <ele>166.67</ele>
      </trkpt>
      <trkpt lat="45.14377" lon="-72.05194">
        <ele>167</ele>
      </trkpt>
      <trkpt lat="45.14301" lon="-72.05191">
        <ele>167.19</ele>
      </trkpt>
      <trkpt lat="45.14225" lon="-72.05188">
        <ele>167.17</ele>
      </trkpt>
      <trkpt lat="45.1414383" lon="-72.0518517">
        <ele>167.31</ele>
      </trkpt>
      <trkpt lat="45.1406267" lon="-72.0518233">
        <ele>167.76</ele>
      </trkpt>
      <trkpt lat="45.139815" lon="-72.051795">
        <ele>168.34</ele>
      </trkpt>
      <trkpt lat="45.1390033" lon="-72.0517667">
        <ele>168.53</ele>
      </trkpt>
      <trkpt lat="45.1381917" lon="-72.0517383">
        <ele>168.78</ele>
      </trkpt>
      <trkpt lat="45.13738" lon="-72.05171">
        <ele>168.89</ele>
      </trkpt>
      <trkpt lat="45.13699" lon="-72.05171">
        <ele>168.46</ele>
      </trkpt>
      <trkpt lat="45.1366" lon="-72.05176">
        <ele>167.98</ele>
      </trkpt>
      <trkpt lat="45.13621" lon="-72.05185">
        <ele>167.8</ele>
      </trkpt>
      <trkpt lat="45.13581" lon="-72.05202">
        <ele>167.77</ele>
      </trkpt>
      <trkpt lat="45.13541" lon="-72.0522">
        <ele>167.99</ele>
      </trkpt>
      <trkpt lat="45.13477" lon="-72.05265">
        <ele>168.26</ele>
      </trkpt>
      <trkpt lat="45.13443" lon="-72.05292">
        <ele>168.23</ele>
      </trkpt>
      <trkpt lat="45.13372" lon="-72.0537">
        <ele>167.86</ele>
      </trkpt>
      <trkpt lat="45.13318" lon="-72.0543325">
        <ele>167.45</ele>
      </trkpt>
      <trkpt lat="45.13264" lon="-72.054965">
        <ele>167.07</ele>
      </trkpt>
      <trkpt lat="45.1321" lon="-72.0555975">
        <ele>167.11</ele>
      </trkpt>
      <trkpt lat="45.13156" lon="-72.05623">
        <ele>166.93</ele>
      </trkpt>
      <trkpt lat="45.13094" lon="-72.056935">
        <ele>166.81</ele>
      </trkpt>
      <trkpt lat="45.13032" lon="-72.05764">
        <ele>166.85</ele>
      </trkpt>
      <trkpt lat="45.13031" lon="-72.05764">
        <ele>166.86</ele>
      </trkpt>
      <trkpt lat="45.1296383" lon="-72.0584067">
        <ele>166.94</ele>
      </trkpt>
      <trkpt lat="45.1289667" lon="-72.0591734">
        <ele>167.04</ele>
      </trkpt>
      <trkpt lat="45.128295" lon="-72.0599401">
        <ele>167.75</ele>
      </trkpt>
      <trkpt lat="45.1276234" lon="-72.0607067">
        <ele>168.64</ele>
      </trkpt>
      <trkpt lat="45.1269517" lon="-72.0614734">
        <ele>169.84</ele>
      </trkpt>
      <trkpt lat="45.12628" lon="-72.06224">
        <ele>169.84</ele>
      </trkpt>
      <trkpt lat="45.12577" lon="-72.06284">
        <ele>169.72</ele>
      </trkpt>
      <trkpt lat="45.1250756" lon="-72.0636356">
        <ele>168.7</ele>
      </trkpt>
      <trkpt lat="45.1243811" lon="-72.0644312">
        <ele>168.45</ele>
      </trkpt>
      <trkpt lat="45.1236867" lon="-72.0652268">
        <ele>168.84</ele>
      </trkpt>
      <trkpt lat="45.1229923" lon="-72.0660224">
        <ele>169.62</ele>
      </trkpt>
      <trkpt lat="45.1222978" lon="-72.066818">
        <ele>169.01</ele>
      </trkpt>
      <trkpt lat="45.1216034" lon="-72.0676135">
        <ele>168.69</ele>
      </trkpt>
      <trkpt lat="45.1209089" lon="-72.068409">
        <ele>168.65</ele>
      </trkpt>
      <trkpt lat="45.1202145" lon="-72.0692045">
        <ele>168.95</ele>
      </trkpt>
      <trkpt lat="45.11952" lon="-72.07">
        <ele>169.73</ele>
      </trkpt>
      <trkpt lat="45.11892" lon="-72.07073">
        <ele>169.46</ele>
      </trkpt>
      <trkpt lat="45.11859" lon="-72.07115">
        <ele>169.73</ele>
      </trkpt>
      <trkpt lat="45.11816" lon="-72.07177">
        <ele>169.04</ele>
      </trkpt>
      <trkpt lat="45.11773" lon="-72.07239">
        <ele>169.29</ele>
      </trkpt>
      <trkpt lat="45.1173" lon="-72.07301">
        <ele>169.38</ele>
      </trkpt>
      <trkpt lat="45.11729" lon="-72.07301">
        <ele>169.38</ele>
      </trkpt>
      <trkpt lat="45.11689" lon="-72.0736">
        <ele>169.53</ele>
      </trkpt>
      <trkpt lat="45.11646" lon="-72.074185">
        <ele>169.67</ele>
      </trkpt>
      <trkpt lat="45.11603" lon="-72.07477">
        <ele>169.83</ele>
      </trkpt>
      <trkpt lat="45.11576" lon="-72.07508">
        <ele>169.71</ele>
      </trkpt>
      <trkpt lat="45.1150825" lon="-72.0758301">
        <ele>169.64</ele>
      </trkpt>
      <trkpt lat="45.114405" lon="-72.0765801">
        <ele>169.71</ele>
      </trkpt>
      <trkpt lat="45.1137275" lon="-72.0773301">
        <ele>169.74</ele>
      </trkpt>
      <trkpt lat="45.11305" lon="-72.0780801">
        <ele>169.94</ele>
      </trkpt>
      <trkpt lat="45.1123725" lon="-72.0788301">
        <ele>169.91</ele>
      </trkpt>
      <trkpt lat="45.111695" lon="-72.0795801">
        <ele>169.71</ele>
      </trkpt>
      <trkpt lat="45.1110175" lon="-72.0803301">
        <ele>169.96</ele>
      </trkpt>
      <trkpt lat="45.11034" lon="-72.08108">
        <ele>170.82</ele>
      </trkpt>
      <trkpt lat="45.10965" lon="-72.08171">
        <ele>172.96</ele>
      </trkpt>
      <trkpt lat="45.10926" lon="-72.08198">
        <ele>173.05</ele>
      </trkpt>
      <trkpt lat="45.10876" lon="-72.0822">
        <ele>172.82</ele>
      </trkpt>
      <trkpt lat="45.1078967" lon="-72.0824617">
        <ele>172.54</ele>
      </trkpt>
      <trkpt lat="45.1070333" lon="-72.0827234">
        <ele>173.54</ele>
      </trkpt>
      <trkpt lat="45.10617" lon="-72.082985">
        <ele>173.61</ele>
      </trkpt>
      <trkpt lat="45.1053067" lon="-72.0832467">
        <ele>174.3</ele>
      </trkpt>
      <trkpt lat="45.1044433" lon="-72.0835084">
        <ele>173.97</ele>
      </trkpt>
      <trkpt lat="45.10358" lon="-72.08377">
        <ele>173.7</ele>
      </trkpt>
      <trkpt lat="45.1031" lon="-72.08395">
        <ele>174</ele>
      </trkpt>
      <trkpt lat="45.10278" lon="-72.08409">
        <ele>173.97</ele>
      </trkpt>
      <trkpt lat="45.10278" lon="-72.0841">
        <ele>173.97</ele>
      </trkpt>
      <trkpt lat="45.10242" lon="-72.08431">
        <ele>173.45</ele>
      </trkpt>
      <trkpt lat="45.10174" lon="-72.08484">
        <ele>173.03</ele>
      </trkpt>
      <trkpt lat="45.101" lon="-72.0854833">
        <ele>173.28</ele>
      </trkpt>
      <trkpt lat="45.10026" lon="-72.0861267">
        <ele>173.41</ele>
      </trkpt>
      <trkpt lat="45.09952" lon="-72.08677">
        <ele>173.64</ele>
      </trkpt>
      <trkpt lat="45.09889" lon="-72.0872875">
        <ele>173.77</ele>
      </trkpt>
      <trkpt lat="45.09826" lon="-72.087805">
        <ele>173.82</ele>
      </trkpt>
      <trkpt lat="45.09763" lon="-72.0883225">
        <ele>173.94</ele>
      </trkpt>
      <trkpt lat="45.097" lon="-72.08884">
        <ele>174.04</ele>
      </trkpt>
      <trkpt lat="45.0962543" lon="-72.0894643">
        <ele>173.86</ele>
      </trkpt>
      <trkpt lat="45.0955086" lon="-72.0900887">
        <ele>173.83</ele>
      </trkpt>
      <trkpt lat="45.0947629" lon="-72.090713">
        <ele>174</ele>
      </trkpt>
      <trkpt lat="45.0940172" lon="-72.0913372">
        <ele>174.26</ele>
      </trkpt>
      <trkpt lat="45.0932714" lon="-72.0919615">
        <ele>174.1</ele>
      </trkpt>
      <trkpt lat="45.0925257" lon="-72.0925858">
        <ele>174.32</ele>
      </trkpt>
      <trkpt lat="45.09178" lon="-72.09321">
        <ele>174.88</ele>
      </trkpt>
      <trkpt lat="45.0910825" lon="-72.0936925">
        <ele>175.05</ele>
      </trkpt>
      <trkpt lat="45.090385" lon="-72.094175">
        <ele>175.4</ele>
      </trkpt>
      <trkpt lat="45.0896875" lon="-72.0946575">
        <ele>175.54</ele>
      </trkpt>
      <trkpt lat="45.08899" lon="-72.09514">
        <ele>175.6</ele>
      </trkpt>
      <trkpt lat="45.0885" lon="-72.09554">
        <ele>175.71</ele>
      </trkpt>
      <trkpt lat="45.08814" lon="-72.09586">
        <ele>175.87</ele>
      </trkpt>
      <trkpt lat="45.08744" lon="-72.0965934">
        <ele>175.93</ele>
      </trkpt>
      <trkpt lat="45.08674" lon="-72.0973267">
        <ele>176.06</ele>
      </trkpt>
      <trkpt lat="45.08604" lon="-72.09806">
        <ele>176.3</ele>
      </trkpt>
      <trkpt lat="45.08542" lon="-72.0988">
        <ele>176.78</ele>
      </trkpt>
      <trkpt lat="45.08498" lon="-72.0993833">
        <ele>177.02</ele>
      </trkpt>
      <trkpt lat="45.08454" lon="-72.0999667">
        <ele>177.25</ele>
      </trkpt>
      <trkpt lat="45.0841" lon="-72.10055">
        <ele>176.38</ele>
      </trkpt>
      <trkpt lat="45.08374" lon="-72.10092">
        <ele>175.98</ele>
      </trkpt>
      <trkpt lat="45.08332" lon="-72.10123">
        <ele>175.92</ele>
      </trkpt>
      <trkpt lat="45.08268" lon="-72.10155">
        <ele>176.23</ele>
      </trkpt>
      <trkpt lat="45.08231" lon="-72.10181">
        <ele>176.55</ele>
      </trkpt>
      <trkpt lat="45.08175" lon="-72.10236">
        <ele>176.87</ele>
      </trkpt>
      <trkpt lat="45.08152" lon="-72.10265">
        <ele>176.88</ele>
      </trkpt>
      <trkpt lat="45.08133" lon="-72.10293">
        <ele>176.78</ele>
      </trkpt>
      <trkpt lat="45.08107" lon="-72.10342">
        <ele>177.04</ele>
      </trkpt>
      <trkpt lat="45.080648" lon="-72.104342">
        <ele>177.4</ele>
      </trkpt>
      <trkpt lat="45.080226" lon="-72.105264">
        <ele>177.51</ele>
      </trkpt>
      <trkpt lat="45.079804" lon="-72.106186">
        <ele>177.15</ele>
      </trkpt>
      <trkpt lat="45.079382" lon="-72.107108">
        <ele>177.09</ele>
      </trkpt>
      <trkpt lat="45.07896" lon="-72.10803">
        <ele>177.27</ele>
      </trkpt>
      <trkpt lat="45.07863" lon="-72.10857">
        <ele>177.31</ele>
      </trkpt>
      <trkpt lat="45.07831" lon="-72.10897">
        <ele>177.32</ele>
      </trkpt>
      <trkpt lat="45.07802" lon="-72.10928">
        <ele>177.53</ele>
      </trkpt>
      <trkpt lat="45.07776" lon="-72.10947">
        <ele>177.31</ele>
      </trkpt>
      <trkpt lat="45.07733" lon="-72.10974">
        <ele>177.47</ele>
      </trkpt>
      <trkpt lat="45.07669" lon="-72.11009">
        <ele>177.19</ele>
      </trkpt>
      <trkpt lat="45.0760533" lon="-72.1104667">
        <ele>177.02</ele>
      </trkpt>
      <trkpt lat="45.0754167" lon="-72.1108433">
        <ele>176.8</ele>
      </trkpt>
      <trkpt lat="45.07478" lon="-72.11122">
        <ele>177.23</ele>
      </trkpt>
      <trkpt lat="45.07422" lon="-72.11153">
        <ele>177.58</ele>
      </trkpt>
      <trkpt lat="45.07366" lon="-72.11184">
        <ele>178.06</ele>
      </trkpt>
      <trkpt lat="45.07366" lon="-72.11185">
        <ele>178.07</ele>
      </trkpt>
      <trkpt lat="45.07301" lon="-72.1122">
        <ele>178.99</ele>
      </trkpt>
      <trkpt lat="45.07264" lon="-72.11243">
        <ele>179.53</ele>
      </trkpt>
      <trkpt lat="45.07205" lon="-72.112335">
        <ele>180.95</ele>
      </trkpt>
      <trkpt lat="45.07146" lon="-72.11224">
        <ele>179.64</ele>
      </trkpt>
      <trkpt lat="45.07131" lon="-72.11215">
        <ele>179.44</ele>
      </trkpt>
      <trkpt lat="45.07092" lon="-72.11183">
        <ele>180.52</ele>
      </trkpt>
      <trkpt lat="45.07077" lon="-72.11168">
        <ele>180.56</ele>
      </trkpt>
      <trkpt lat="45.07067" lon="-72.11161">
        <ele>182.72</ele>
      </trkpt>
      <trkpt lat="45.07053" lon="-72.11158">
        <ele>182.72</ele>
      </trkpt>
      <trkpt lat="45.06993" lon="-72.11175">
        <ele>195.55</ele>
      </trkpt>
      <trkpt lat="45.06961" lon="-72.11175">
        <ele>201.26</ele>
      </trkpt>
      <trkpt lat="45.06904" lon="-72.11157">
        <ele>210.41</ele>
      </trkpt>
      <trkpt lat="45.06863" lon="-72.11148">
        <ele>218.29</ele>
      </trkpt>
      <trkpt lat="45.06793" lon="-72.11122">
        <ele>230.46</ele>
      </trkpt>
      <trkpt lat="45.06708" lon="-72.11081">
        <ele>243.8</ele>
      </trkpt>
      <trkpt lat="45.066215" lon="-72.110475">
        <ele>253.83</ele>
      </trkpt>
      <trkpt lat="45.06535" lon="-72.11014">
        <ele>269.07</ele>
      </trkpt>
      <trkpt lat="45.06517" lon="-72.11004">
        <ele>270.79</ele>
      </trkpt>
      <trkpt lat="45.06473" lon="-72.10969">
        <ele>274.18</ele>
      </trkpt>
      <trkpt lat="45.064045" lon="-72.109085">
        <ele>280.65</ele>
      </trkpt>
      <trkpt lat="45.06336" lon="-72.10848">
        <ele>285.92</ele>
      </trkpt>
      <trkpt lat="45.062865" lon="-72.108025">
        <ele>289.31</ele>
      </trkpt>
      <trkpt lat="45.06237" lon="-72.10757">
        <ele>289.7</ele>
      </trkpt>
      <trkpt lat="45.06237" lon="-72.10757">
        <ele>289.69</ele>
      </trkpt>
      <trkpt lat="45.06199" lon="-72.10719">
        <ele>292.51</ele>
      </trkpt>
      <trkpt lat="45.06179" lon="-72.10705">
        <ele>294.54</ele>
      </trkpt>
      <trkpt lat="45.06158" lon="-72.10696">
        <ele>295.7</ele>
      </trkpt>
      <trkpt lat="45.06085" lon="-72.10682">
        <ele>296.88</ele>
      </trkpt>
      <trkpt lat="45.06049" lon="-72.10679">
        <ele>296.75</ele>
      </trkpt>
      <trkpt lat="45.06024" lon="-72.10683">
        <ele>296.49</ele>
      </trkpt>
      <trkpt lat="45.05978" lon="-72.10696">
        <ele>294.7</ele>
      </trkpt>
      <trkpt lat="45.05958" lon="-72.10709">
        <ele>292.07</ele>
      </trkpt>
      <trkpt lat="45.058895" lon="-72.10758">
        <ele>288.02</ele>
      </trkpt>
      <trkpt lat="45.05821" lon="-72.10807">
        <ele>291.83</ele>
      </trkpt>
      <trkpt lat="45.0575275" lon="-72.10862">
        <ele>298.98</ele>
      </trkpt>
      <trkpt lat="45.056845" lon="-72.10917">
        <ele>302.79</ele>
      </trkpt>
      <trkpt lat="45.0561625" lon="-72.10972">
        <ele>305.75</ele>
      </trkpt>
      <trkpt lat="45.05548" lon="-72.11027">
        <ele>310.72</ele>
      </trkpt>
      <trkpt lat="45.05485" lon="-72.111055">
        <ele>310.88</ele>
      </trkpt>
      <trkpt lat="45.05422" lon="-72.11184">
        <ele>305.76</ele>
      </trkpt>
      <trkpt lat="45.05387" lon="-72.11215">
        <ele>303.1</ele>
      </trkpt>
      <trkpt lat="45.05329" lon="-72.11261">
        <ele>300.09</ele>
      </trkpt>
      <trkpt lat="45.05302" lon="-72.11291">
        <ele>299.32</ele>
      </trkpt>
      <trkpt lat="45.0524933" lon="-72.1136733">
        <ele>294.9</ele>
      </trkpt>
      <trkpt lat="45.0519667" lon="-72.1144367">
        <ele>291.28</ele>
      </trkpt>
      <trkpt lat="45.05144" lon="-72.1152">
        <ele>288.61</ele>
      </trkpt>
      <trkpt lat="45.05119" lon="-72.11543">
        <ele>288.06</ele>
      </trkpt>
      <trkpt lat="45.05084" lon="-72.11564">
        <ele>288.13</ele>
      </trkpt>
      <trkpt lat="45.05066" lon="-72.11569">
        <ele>288.96</ele>
      </trkpt>
      <trkpt lat="45.050155" lon="-72.11567">
        <ele>291.54</ele>
      </trkpt>
      <trkpt lat="45.04965" lon="-72.11565">
        <ele>295.87</ele>
      </trkpt>
      <trkpt lat="45.0487725" lon="-72.115635">
        <ele>297.96</ele>
      </trkpt>
      <trkpt lat="45.047895" lon="-72.11562">
        <ele>297.38</ele>
      </trkpt>
      <trkpt lat="45.0470175" lon="-72.115605">
        <ele>298.5</ele>
      </trkpt>
      <trkpt lat="45.04614" lon="-72.11559">
        <ele>297.75</ele>
      </trkpt>
      <trkpt lat="45.04614" lon="-72.11559">
        <ele>297.74</ele>
      </trkpt>
      <trkpt lat="45.04542" lon="-72.115575">
        <ele>296.83</ele>
      </trkpt>
      <trkpt lat="45.0447" lon="-72.11556">
        <ele>300.71</ele>
      </trkpt>
      <trkpt lat="45.04436" lon="-72.11551">
        <ele>299.14</ele>
      </trkpt>
      <trkpt lat="45.0441" lon="-72.1154">
        <ele>298.06</ele>
      </trkpt>
      <trkpt lat="45.043295" lon="-72.11496">
        <ele>295.4</ele>
      </trkpt>
      <trkpt lat="45.04249" lon="-72.11452">
        <ele>290.1</ele>
      </trkpt>
      <trkpt lat="45.04181" lon="-72.11426">
        <ele>285.11</ele>
      </trkpt>
      <trkpt lat="45.04129" lon="-72.11413">
        <ele>280.12</ele>
      </trkpt>
      <trkpt lat="45.04077" lon="-72.114">
        <ele>277.65</ele>
      </trkpt>
      <trkpt lat="45.0401633" lon="-72.1139067">
        <ele>270.71</ele>
      </trkpt>
      <trkpt lat="45.0395567" lon="-72.1138133">
        <ele>266.95</ele>
      </trkpt>
      <trkpt lat="45.03895" lon="-72.11372">
        <ele>268.52</ele>
      </trkpt>
      <trkpt lat="45.038415" lon="-72.11361">
        <ele>270.69</ele>
      </trkpt>
      <trkpt lat="45.03788" lon="-72.1135">
        <ele>274.59</ele>
      </trkpt>
      <trkpt lat="45.037115" lon="-72.11326">
        <ele>281.48</ele>
      </trkpt>
      <trkpt lat="45.03635" lon="-72.11302">
        <ele>282.04</ele>
      </trkpt>
      <trkpt lat="45.03547" lon="-72.11287">
        <ele>282.3</ele>
      </trkpt>
      <trkpt lat="45.03515" lon="-72.11288">
        <ele>281.47</ele>
      </trkpt>
      <trkpt lat="45.03493" lon="-72.11287">
        <ele>281.39</ele>
      </trkpt>
      <trkpt lat="45.03446" lon="-72.11279">
        <ele>283.33</ele>
      </trkpt>
      <trkpt lat="45.03423" lon="-72.11269">
        <ele>286.44</ele>
      </trkpt>
      <trkpt lat="45.03376" lon="-72.1126">
        <ele>288.43</ele>
      </trkpt>
      <trkpt lat="45.03329" lon="-72.11251">
        <ele>289.45</ele>
      </trkpt>
      <trkpt lat="45.03254" lon="-72.11227">
        <ele>292.2</ele>
      </trkpt>
      <trkpt lat="45.03254" lon="-72.11227">
        <ele>292.22</ele>
      </trkpt>
      <trkpt lat="45.0317" lon="-72.11202">
        <ele>294.34</ele>
      </trkpt>
      <trkpt lat="45.03146" lon="-72.11192">
        <ele>295.6</ele>
      </trkpt>
      <trkpt lat="45.0311" lon="-72.11174">
        <ele>297.26</ele>
      </trkpt>
      <trkpt lat="45.03087" lon="-72.11154">
        <ele>298.69</ele>
      </trkpt>
      <trkpt lat="45.03068" lon="-72.11243">
        <ele>288.44</ele>
      </trkpt>
      <trkpt lat="45.03049" lon="-72.11332">
        <ele>284.8</ele>
      </trkpt>
      <trkpt lat="45.03031" lon="-72.114215">
        <ele>283.18</ele>
      </trkpt>
      <trkpt lat="45.03013" lon="-72.11511">
        <ele>279.25</ele>
      </trkpt>
      <trkpt lat="45.03004" lon="-72.11541">
        <ele>277.82</ele>
      </trkpt>
      <trkpt lat="45.02984" lon="-72.11569">
        <ele>273.88</ele>
      </trkpt>
      <trkpt lat="45.02974" lon="-72.11577">
        <ele>273.2</ele>
      </trkpt>
      <trkpt lat="45.02974" lon="-72.11578">
        <ele>273.14</ele>
      </trkpt>
      <trkpt lat="45.02958" lon="-72.11592">
        <ele>271.6</ele>
      </trkpt>
      <trkpt lat="45.02891" lon="-72.11636">
        <ele>266.9</ele>
      </trkpt>
      <trkpt lat="45.02848" lon="-72.11672">
        <ele>265.45</ele>
      </trkpt>
      <trkpt lat="45.0280867" lon="-72.1173667">
        <ele>259.46</ele>
      </trkpt>
      <trkpt lat="45.0276933" lon="-72.1180133">
        <ele>250.46</ele>
      </trkpt>
      <trkpt lat="45.0273" lon="-72.11866">
        <ele>244.56</ele>
      </trkpt>
      <trkpt lat="45.02683" lon="-72.11824">
        <ele>246.32</ele>
      </trkpt>
      <trkpt lat="45.0263" lon="-72.11788">
        <ele>248.61</ele>
      </trkpt>
      <trkpt lat="45.0259" lon="-72.1177">
        <ele>251.41</ele>
      </trkpt>
      <trkpt lat="45.02566" lon="-72.11765">
        <ele>251.41</ele>
      </trkpt>
      <trkpt lat="45.02524" lon="-72.11758">
        <ele>253.44</ele>
      </trkpt>
      <trkpt lat="45.02446" lon="-72.11751">
        <ele>255.21</ele>
      </trkpt>
      <trkpt lat="45.0241" lon="-72.11744">
        <ele>255.95</ele>
      </trkpt>
      <trkpt lat="45.02362" lon="-72.11731">
        <ele>256.28</ele>
      </trkpt>
      <trkpt lat="45.02299" lon="-72.11703">
        <ele>257.82</ele>
      </trkpt>
      <trkpt lat="45.02243" lon="-72.11674">
        <ele>258.99</ele>
      </trkpt>
      <trkpt lat="45.02243" lon="-72.11673">
        <ele>259.01</ele>
      </trkpt>
      <trkpt lat="45.02202" lon="-72.11651">
        <ele>259.9</ele>
      </trkpt>
      <trkpt lat="45.02137" lon="-72.11613">
        <ele>260.17</ele>
      </trkpt>
      <trkpt lat="45.02074" lon="-72.11568">
        <ele>260.28</ele>
      </trkpt>
      <trkpt lat="45.02011" lon="-72.11523">
        <ele>260.71</ele>
      </trkpt>
      <trkpt lat="45.01999" lon="-72.11613">
        <ele>260.09</ele>
      </trkpt>
      <trkpt lat="45.019905" lon="-72.117125">
        <ele>263.58</ele>
      </trkpt>
      <trkpt lat="45.01982" lon="-72.11812">
        <ele>268.36</ele>
      </trkpt>
      <trkpt lat="45.01971" lon="-72.11878">
        <ele>268.45</ele>
      </trkpt>
      <trkpt lat="45.019475" lon="-72.11972">
        <ele>269.93</ele>
      </trkpt>
      <trkpt lat="45.01924" lon="-72.12066">
        <ele>274.36</ele>
      </trkpt>
      <trkpt lat="45.01899" lon="-72.1214">
        <ele>279.33</ele>
      </trkpt>
      <trkpt lat="45.01874" lon="-72.12214">
        <ele>280.94</ele>
      </trkpt>
      <trkpt lat="45.018565" lon="-72.12285">
        <ele>282.12</ele>
      </trkpt>
      <trkpt lat="45.01839" lon="-72.12356">
        <ele>281.44</ele>
      </trkpt>
      <trkpt lat="45.018285" lon="-72.12421">
        <ele>281.66</ele>
      </trkpt>
      <trkpt lat="45.01818" lon="-72.12486">
        <ele>280</ele>
      </trkpt>
      <trkpt lat="45.01812" lon="-72.12504">
        <ele>279.99</ele>
      </trkpt>
      <trkpt lat="45.01808" lon="-72.12508">
        <ele>279.99</ele>
      </trkpt>
      <trkpt lat="45.01796" lon="-72.12514">
        <ele>280.49</ele>
      </trkpt>
      <trkpt lat="45.01765" lon="-72.12509">
        <ele>280.99</ele>
      </trkpt>
      <trkpt lat="45.0175" lon="-72.12505">
        <ele>281.17</ele>
      </trkpt>
      <trkpt lat="45.0175" lon="-72.12505">
        <ele>281.17</ele>
      </trkpt>
      <trkpt lat="45.01716" lon="-72.12494">
        <ele>280.59</ele>
      </trkpt>
      <trkpt lat="45.01669" lon="-72.12482">
        <ele>280.92</ele>
      </trkpt>
      <trkpt lat="45.016" lon="-72.12478">
        <ele>282.28</ele>
      </trkpt>
      <trkpt lat="45.01581" lon="-72.12465">
        <ele>282.64</ele>
      </trkpt>
      <trkpt lat="45.01542" lon="-72.12413">
        <ele>282.76</ele>
      </trkpt>
      <trkpt lat="45.01503" lon="-72.12361">
        <ele>279.35</ele>
      </trkpt>
      <trkpt lat="45.01492" lon="-72.12352">
        <ele>278.98</ele>
      </trkpt>
      <trkpt lat="45.01482" lon="-72.12352">
        <ele>278.68</ele>
      </trkpt>
      <trkpt lat="45.01439" lon="-72.12353">
        <ele>278.04</ele>
      </trkpt>
      <trkpt lat="45.01405" lon="-72.12348">
        <ele>278.18</ele>
      </trkpt>
      <trkpt lat="45.01394" lon="-72.12339">
        <ele>278.28</ele>
      </trkpt>
      <trkpt lat="45.01367" lon="-72.1229">
        <ele>278.79</ele>
      </trkpt>
      <trkpt lat="45.01327" lon="-72.12178">
        <ele>272.58</ele>
      </trkpt>
      <trkpt lat="45.01288" lon="-72.12088">
        <ele>271.87</ele>
      </trkpt>
      <trkpt lat="45.012535" lon="-72.11992">
        <ele>272.27</ele>
      </trkpt>
      <trkpt lat="45.01219" lon="-72.11896">
        <ele>271.31</ele>
      </trkpt>
      <trkpt lat="45.01185" lon="-72.118285">
        <ele>270.44</ele>
      </trkpt>
      <trkpt lat="45.01151" lon="-72.11761">
        <ele>272.66</ele>
      </trkpt>
      <trkpt lat="45.01132" lon="-72.1173">
        <ele>272.04</ele>
      </trkpt>
      <trkpt lat="45.01111" lon="-72.11705">
        <ele>269.7</ele>
      </trkpt>
      <trkpt lat="45.01034" lon="-72.11663">
        <ele>275.11</ele>
      </trkpt>
      <trkpt lat="45.00961" lon="-72.11614">
        <ele>275.69</ele>
      </trkpt>
      <trkpt lat="45.00931" lon="-72.11606">
        <ele>273.8</ele>
      </trkpt>
      <trkpt lat="45.00907" lon="-72.11608">
        <ele>271.61</ele>
      </trkpt>
      <trkpt lat="45.00874" lon="-72.11618">
        <ele>267.05</ele>
      </trkpt>
      <trkpt lat="45.00836" lon="-72.11649">
        <ele>263.05</ele>
      </trkpt>
      <trkpt lat="45.00879" lon="-72.11747">
        <ele>260.82</ele>
      </trkpt>
      <trkpt lat="45.00879" lon="-72.11747">
        <ele>260.8</ele>
      </trkpt>
      <trkpt lat="45.009035" lon="-72.118045">
        <ele>260.28</ele>
      </trkpt>
      <trkpt lat="45.00928" lon="-72.11862">
        <ele>259.83</ele>
      </trkpt>
      <trkpt lat="45.00941" lon="-72.11904">
        <ele>259.67</ele>
      </trkpt>
      <trkpt lat="45.00945" lon="-72.11932">
        <ele>258.43</ele>
      </trkpt>
      <trkpt lat="45.00948" lon="-72.1198">
        <ele>258.04</ele>
      </trkpt>
      <trkpt lat="45.0094" lon="-72.12076">
        <ele>257.21</ele>
      </trkpt>
      <trkpt lat="45.00936" lon="-72.121845">
        <ele>255.7</ele>
      </trkpt>
      <trkpt lat="45.00932" lon="-72.12293">
        <ele>254.46</ele>
      </trkpt>
      <trkpt lat="45.00928" lon="-72.124015">
        <ele>253.13</ele>
      </trkpt>
      <trkpt lat="45.00924" lon="-72.1251">
        <ele>251.7</ele>
      </trkpt>
      <trkpt lat="45.0091825" lon="-72.1262975">
        <ele>250.73</ele>
      </trkpt>
      <trkpt lat="45.009125" lon="-72.127495">
        <ele>249.71</ele>
      </trkpt>
      <trkpt lat="45.0090675" lon="-72.1286925">
        <ele>248.72</ele>
      </trkpt>
      <trkpt lat="45.00901" lon="-72.12989">
        <ele>247.72</ele>
      </trkpt>
      <trkpt lat="45.00897" lon="-72.13037">
        <ele>247.03</ele>
      </trkpt>
      <trkpt lat="45.00874" lon="-72.13112">
        <ele>246.01</ele>
      </trkpt>
      <trkpt lat="45.00856" lon="-72.13149">
        <ele>245.54</ele>
      </trkpt>
      <trkpt lat="45.00838" lon="-72.13176">
        <ele>245.26</ele>
      </trkpt>
      <trkpt lat="45.00816" lon="-72.13198">
        <ele>244.92</ele>
      </trkpt>
      <trkpt lat="45.00758" lon="-72.13239">
        <ele>244.05</ele>
      </trkpt>
      <trkpt lat="45.00724" lon="-72.13257">
        <ele>244.12</ele>
      </trkpt>
      <trkpt lat="45.00685" lon="-72.13288">
        <ele>243.07</ele>
      </trkpt>
      <trkpt lat="45.00663" lon="-72.13316">
        <ele>242.69</ele>
      </trkpt>
      <trkpt lat="45.0065" lon="-72.13346">
        <ele>242.55</ele>
      </trkpt>
      <trkpt lat="45.00643" lon="-72.13369">
        <ele>242.57</ele>
      </trkpt>
      <trkpt lat="45.00641" lon="-72.13396">
        <ele>242.54</ele>
      </trkpt>
      <trkpt lat="45.00642" lon="-72.13458">
        <ele>242.1</ele>
      </trkpt>
      <trkpt lat="45.00646" lon="-72.13489">
        <ele>241.75</ele>
      </trkpt>
      <trkpt lat="45.00668" lon="-72.13598">
        <ele>240.81</ele>
      </trkpt>
      <trkpt lat="45.0068267" lon="-72.1369333">
        <ele>240.24</ele>
      </trkpt>
      <trkpt lat="45.0069733" lon="-72.1378867">
        <ele>239.39</ele>
      </trkpt>
      <trkpt lat="45.00712" lon="-72.13884">
        <ele>238.47</ele>
      </trkpt>
      <trkpt lat="45.00735" lon="-72.13987">
        <ele>237.54</ele>
      </trkpt>
      <trkpt lat="45.00766" lon="-72.14086">
        <ele>237.03</ele>
      </trkpt>
      <trkpt lat="45.00766" lon="-72.14086">
        <ele>237.02</ele>
      </trkpt>
      <trkpt lat="45.0079" lon="-72.14159">
        <ele>236.61</ele>
      </trkpt>
      <trkpt lat="45.00819" lon="-72.142615">
        <ele>235.34</ele>
      </trkpt>
      <trkpt lat="45.00848" lon="-72.14364">
        <ele>235.6</ele>
      </trkpt>
      <trkpt lat="45.0092325" lon="-72.1441225">
        <ele>234.44</ele>
      </trkpt>
      <trkpt lat="45.009985" lon="-72.144605">
        <ele>233.73</ele>
      </trkpt>
      <trkpt lat="45.0107375" lon="-72.1450875">
        <ele>232.88</ele>
      </trkpt>
      <trkpt lat="45.01149" lon="-72.14557">
        <ele>232.18</ele>
      </trkpt>
      <trkpt lat="45.0114534" lon="-72.1467233">
        <ele>231.29</ele>
      </trkpt>
      <trkpt lat="45.0114167" lon="-72.1478767">
        <ele>230.72</ele>
      </trkpt>
      <trkpt lat="45.0113801" lon="-72.14903">
        <ele>230.3</ele>
      </trkpt>
      <trkpt lat="45.0113434" lon="-72.1501833">
        <ele>229.5</ele>
      </trkpt>
      <trkpt lat="45.0113067" lon="-72.1513367">
        <ele>229.11</ele>
      </trkpt>
      <trkpt lat="45.01127" lon="-72.15249">
        <ele>228.78</ele>
      </trkpt>
      <trkpt lat="45.0109533" lon="-72.1534167">
        <ele>228.5</ele>
      </trkpt>
      <trkpt lat="45.0106367" lon="-72.1543433">
        <ele>227.45</ele>
      </trkpt>
      <trkpt lat="45.01032" lon="-72.15527">
        <ele>227.3</ele>
      </trkpt>
      <trkpt lat="45.0100512" lon="-72.1564278">
        <ele>226.73</ele>
      </trkpt>
      <trkpt lat="45.0097823" lon="-72.1575856">
        <ele>224.94</ele>
      </trkpt>
      <trkpt lat="45.0095134" lon="-72.1587434">
        <ele>224.73</ele>
      </trkpt>
      <trkpt lat="45.0092446" lon="-72.1599012">
        <ele>223.56</ele>
      </trkpt>
      <trkpt lat="45.0089757" lon="-72.161059">
        <ele>222.43</ele>
      </trkpt>
      <trkpt lat="45.0087068" lon="-72.1622168">
        <ele>221.39</ele>
      </trkpt>
      <trkpt lat="45.0084379" lon="-72.1633745">
        <ele>220.13</ele>
      </trkpt>
      <trkpt lat="45.0081689" lon="-72.1645323">
        <ele>218.96</ele>
      </trkpt>
      <trkpt lat="45.0079" lon="-72.16569">
        <ele>217.79</ele>
      </trkpt>
      <trkpt lat="45.0079" lon="-72.1657">
        <ele>217.78</ele>
      </trkpt>
      <trkpt lat="45.0076667" lon="-72.1667167">
        <ele>216.88</ele>
      </trkpt>
      <trkpt lat="45.0074333" lon="-72.1677333">
        <ele>216.56</ele>
      </trkpt>
      <trkpt lat="45.0072" lon="-72.16875">
        <ele>216.97</ele>
      </trkpt>
      <trkpt lat="45.00706" lon="-72.16923">
        <ele>217</ele>
      </trkpt>
      <trkpt lat="45.00692" lon="-72.1696">
        <ele>216.7</ele>
      </trkpt>
      <trkpt lat="45.00673" lon="-72.17">
        <ele>217.01</ele>
      </trkpt>
      <trkpt lat="45.0065" lon="-72.17035">
        <ele>217.59</ele>
      </trkpt>
      <trkpt lat="45.00607" lon="-72.17108">
        <ele>218.24</ele>
      </trkpt>
      <trkpt lat="45.00608" lon="-72.17143">
        <ele>218.25</ele>
      </trkpt>
      <trkpt lat="45.00618" lon="-72.17201">
        <ele>217.79</ele>
      </trkpt>
      <trkpt lat="45.00652" lon="-72.17299">
        <ele>214.88</ele>
      </trkpt>
      <trkpt lat="45.00671" lon="-72.1734">
        <ele>214.59</ele>
      </trkpt>
      <trkpt lat="45.00685" lon="-72.17362">
        <ele>214.75</ele>
      </trkpt>
      <trkpt lat="45.00709" lon="-72.17385">
        <ele>215.19</ele>
      </trkpt>
      <trkpt lat="45.00723" lon="-72.17394">
        <ele>215.69</ele>
      </trkpt>
      <trkpt lat="45.00737" lon="-72.17399">
        <ele>216.24</ele>
      </trkpt>
      <trkpt lat="45.00805" lon="-72.1741775">
        <ele>220.53</ele>
      </trkpt>
      <trkpt lat="45.00873" lon="-72.174365">
        <ele>224.34</ele>
      </trkpt>
      <trkpt lat="45.00941" lon="-72.1745525">
        <ele>224.91</ele>
      </trkpt>
      <trkpt lat="45.01009" lon="-72.17474">
        <ele>227.83</ele>
      </trkpt>
      <trkpt lat="45.01" lon="-72.17472">
        <ele>227.5</ele>
      </trkpt>
      <trkpt lat="45.01048" lon="-72.174855">
        <ele>229.6</ele>
      </trkpt>
      <trkpt lat="45.01096" lon="-72.17499">
        <ele>231.34</ele>
      </trkpt>
      <trkpt lat="45.01098" lon="-72.175965">
        <ele>238.52</ele>
      </trkpt>
      <trkpt lat="45.011" lon="-72.17694">
        <ele>246.96</ele>
      </trkpt>
      <trkpt lat="45.01099" lon="-72.1780267">
        <ele>251.55</ele>
      </trkpt>
      <trkpt lat="45.01098" lon="-72.1791133">
        <ele>256.08</ele>
      </trkpt>
      <trkpt lat="45.01097" lon="-72.1802">
        <ele>257.57</ele>
      </trkpt>
      <trkpt lat="45.01102" lon="-72.18067">
        <ele>257.51</ele>
      </trkpt>
      <trkpt lat="45.01098" lon="-72.18142">
        <ele>256.74</ele>
      </trkpt>
      <trkpt lat="45.01094" lon="-72.18217">
        <ele>258.84</ele>
      </trkpt>
      <trkpt lat="45.01095" lon="-72.1823">
        <ele>259.43</ele>
      </trkpt>
      <trkpt lat="45.0109375" lon="-72.1834375">
        <ele>265.5</ele>
      </trkpt>
      <trkpt lat="45.0109251" lon="-72.184575">
        <ele>267.5</ele>
      </trkpt>
      <trkpt lat="45.0109126" lon="-72.1857125">
        <ele>261.71</ele>
      </trkpt>
      <trkpt lat="45.0109001" lon="-72.18685">
        <ele>252.99</ele>
      </trkpt>
      <trkpt lat="45.0108876" lon="-72.1879875">
        <ele>247.67</ele>
      </trkpt>
      <trkpt lat="45.0108751" lon="-72.189125">
        <ele>245.2</ele>
      </trkpt>
      <trkpt lat="45.0108625" lon="-72.1902625">
        <ele>245.42</ele>
      </trkpt>
      <trkpt lat="45.01085" lon="-72.1914">
        <ele>247.1</ele>
      </trkpt>
      <trkpt lat="45.01086" lon="-72.1917">
        <ele>248.19</ele>
      </trkpt>
      <trkpt lat="45.01105" lon="-72.19265">
        <ele>239.2</ele>
      </trkpt>
      <trkpt lat="45.01109" lon="-72.19314">
        <ele>234.3</ele>
      </trkpt>
      <trkpt lat="45.01101" lon="-72.19421">
        <ele>226.73</ele>
      </trkpt>
      <trkpt lat="45.01084" lon="-72.19497">
        <ele>219.69</ele>
      </trkpt>
      <trkpt lat="45.01074" lon="-72.19605">
        <ele>217.44</ele>
      </trkpt>
      <trkpt lat="45.01074" lon="-72.19606">
        <ele>217.45</ele>
      </trkpt>
      <trkpt lat="45.01073" lon="-72.19619">
        <ele>217.33</ele>
      </trkpt>
      <trkpt lat="45.01058" lon="-72.19691">
        <ele>216.18</ele>
      </trkpt>
      <trkpt lat="45.01059" lon="-72.19775">
        <ele>216.17</ele>
      </trkpt>
      <trkpt lat="45.01062" lon="-72.19842">
        <ele>216.31</ele>
      </trkpt>
      <trkpt lat="45.01065" lon="-72.19909">
        <ele>216.38</ele>
      </trkpt>
      <trkpt lat="45.01066" lon="-72.1999733">
        <ele>216.41</ele>
      </trkpt>
      <trkpt lat="45.01067" lon="-72.2008567">
        <ele>217.93</ele>
      </trkpt>
      <trkpt lat="45.01068" lon="-72.20174">
        <ele>219.12</ele>
      </trkpt>
      <trkpt lat="45.01075" lon="-72.20231">
        <ele>220.58</ele>
      </trkpt>
      <trkpt lat="45.01081" lon="-72.20254">
        <ele>221.5</ele>
      </trkpt>
      <trkpt lat="45.01125" lon="-72.20354">
        <ele>228.01</ele>
      </trkpt>
      <trkpt lat="45.01174" lon="-72.20447">
        <ele>234.54</ele>
      </trkpt>
      <trkpt lat="45.01203" lon="-72.20518">
        <ele>240.39</ele>
      </trkpt>
      <trkpt lat="45.01211" lon="-72.20554">
        <ele>243.82</ele>
      </trkpt>
      <trkpt lat="45.01206" lon="-72.20599">
        <ele>249.28</ele>
      </trkpt>
      <trkpt lat="45.01205" lon="-72.2063">
        <ele>252.27</ele>
      </trkpt>
      <trkpt lat="45.0121" lon="-72.20644">
        <ele>252.27</ele>
      </trkpt>
      <trkpt lat="45.01218" lon="-72.20653">
        <ele>254.74</ele>
      </trkpt>
      <trkpt lat="45.01231" lon="-72.20662">
        <ele>256.19</ele>
      </trkpt>
      <trkpt lat="45.01258" lon="-72.20673">
        <ele>257.8</ele>
      </trkpt>
      <trkpt lat="45.01321" lon="-72.20694">
        <ele>261.12</ele>
      </trkpt>
      <trkpt lat="45.01404" lon="-72.20716">
        <ele>255.07</ele>
      </trkpt>
      <trkpt lat="45.01443" lon="-72.20729">
        <ele>254.18</ele>
      </trkpt>
      <trkpt lat="45.01474" lon="-72.20747">
        <ele>252.1</ele>
      </trkpt>
      <trkpt lat="45.01524" lon="-72.207655">
        <ele>246.72</ele>
      </trkpt>
      <trkpt lat="45.01574" lon="-72.20784">
        <ele>240.33</ele>
      </trkpt>
      <trkpt lat="45.01599" lon="-72.20796">
        <ele>237.36</ele>
      </trkpt>
      <trkpt lat="45.01649" lon="-72.20824">
        <ele>235.08</ele>
      </trkpt>
      <trkpt lat="45.01688" lon="-72.20851">
        <ele>235.15</ele>
      </trkpt>
      <trkpt lat="45.01744" lon="-72.20899">
        <ele>234.85</ele>
      </trkpt>
      <trkpt lat="45.01793" lon="-72.209355">
        <ele>234.16</ele>
      </trkpt>
      <trkpt lat="45.01842" lon="-72.20972">
        <ele>233.76</ele>
      </trkpt>
      <trkpt lat="45.019055" lon="-72.21028">
        <ele>232.08</ele>
      </trkpt>
      <trkpt lat="45.01969" lon="-72.21084">
        <ele>228.03</ele>
      </trkpt>
      <trkpt lat="45.02004" lon="-72.2111">
        <ele>227.31</ele>
      </trkpt>
      <trkpt lat="45.02045" lon="-72.211365">
        <ele>226.32</ele>
      </trkpt>
      <trkpt lat="45.02086" lon="-72.21163">
        <ele>225.19</ele>
      </trkpt>
      <trkpt lat="45.02108" lon="-72.21167">
        <ele>224.96</ele>
      </trkpt>
      <trkpt lat="45.02128" lon="-72.21216">
        <ele>222.5</ele>
      </trkpt>
      <trkpt lat="45.02138" lon="-72.21231">
        <ele>221.37</ele>
      </trkpt>
      <trkpt lat="45.021775" lon="-72.212845">
        <ele>216.83</ele>
      </trkpt>
      <trkpt lat="45.02217" lon="-72.21338">
        <ele>214.43</ele>
      </trkpt>
      <trkpt lat="45.02241" lon="-72.21361">
        <ele>213.66</ele>
      </trkpt>
      <trkpt lat="45.02287" lon="-72.21397">
        <ele>212.38</ele>
      </trkpt>
      <trkpt lat="45.0232" lon="-72.21414">
        <ele>212.34</ele>
      </trkpt>
      <trkpt lat="45.02366" lon="-72.21427">
        <ele>213.58</ele>
      </trkpt>
      <trkpt lat="45.02447" lon="-72.2143">
        <ele>214.69</ele>
      </trkpt>
      <trkpt lat="45.02514" lon="-72.21422">
        <ele>216.14</ele>
      </trkpt>
      <trkpt lat="45.02583" lon="-72.2141467">
        <ele>217.5</ele>
      </trkpt>
      <trkpt lat="45.02652" lon="-72.2140733">
        <ele>220.44</ele>
      </trkpt>
      <trkpt lat="45.02721" lon="-72.214">
        <ele>222.87</ele>
      </trkpt>
      <trkpt lat="45.02757" lon="-72.21392">
        <ele>223.97</ele>
      </trkpt>
      <trkpt lat="45.028" lon="-72.21391">
        <ele>226.18</ele>
      </trkpt>
      <trkpt lat="45.02833" lon="-72.21391">
        <ele>227.35</ele>
      </trkpt>
      <trkpt lat="45.0288" lon="-72.21405">
        <ele>229.54</ele>
      </trkpt>
      <trkpt lat="45.02942" lon="-72.21442">
        <ele>230.51</ele>
      </trkpt>
      <trkpt lat="45.02974" lon="-72.21472">
        <ele>230.37</ele>
      </trkpt>
      <trkpt lat="45.02998" lon="-72.21504">
        <ele>229.14</ele>
      </trkpt>
      <trkpt lat="45.03013" lon="-72.2153">
        <ele>228.62</ele>
      </trkpt>
      <trkpt lat="45.03055" lon="-72.21615">
        <ele>223.39</ele>
      </trkpt>
      <trkpt lat="45.03055" lon="-72.21615">
        <ele>223.45</ele>
      </trkpt>
      <trkpt lat="45.03082" lon="-72.21671">
        <ele>221.02</ele>
      </trkpt>
      <trkpt lat="45.03109" lon="-72.21727">
        <ele>219.66</ele>
      </trkpt>
      <trkpt lat="45.03146" lon="-72.21795">
        <ele>218.4</ele>
      </trkpt>
      <trkpt lat="45.03168" lon="-72.21826">
        <ele>217.9</ele>
      </trkpt>
      <trkpt lat="45.03188" lon="-72.21844">
        <ele>217.74</ele>
      </trkpt>
      <trkpt lat="45.03209" lon="-72.21854">
        <ele>217.65</ele>
      </trkpt>
      <trkpt lat="45.03262" lon="-72.21875">
        <ele>217.57</ele>
      </trkpt>
      <trkpt lat="45.033055" lon="-72.218975">
        <ele>218.23</ele>
      </trkpt>
      <trkpt lat="45.03349" lon="-72.2192">
        <ele>219.75</ele>
      </trkpt>
      <trkpt lat="45.03382" lon="-72.21942">
        <ele>220.67</ele>
      </trkpt>
      <trkpt lat="45.0343433" lon="-72.21987">
        <ele>224.54</ele>
      </trkpt>
      <trkpt lat="45.0348667" lon="-72.22032">
        <ele>228.7</ele>
      </trkpt>
      <trkpt lat="45.03539" lon="-72.22077">
        <ele>231.64</ele>
      </trkpt>
      <trkpt lat="45.03564" lon="-72.22103">
        <ele>232.29</ele>
      </trkpt>
      <trkpt lat="45.036095" lon="-72.221545">
        <ele>233.23</ele>
      </trkpt>
      <trkpt lat="45.03655" lon="-72.22206">
        <ele>234.29</ele>
      </trkpt>
      <trkpt lat="45.0367" lon="-72.22224">
        <ele>235.2</ele>
      </trkpt>
      <trkpt lat="45.03705" lon="-72.222845">
        <ele>236.03</ele>
      </trkpt>
      <trkpt lat="45.0374" lon="-72.22345">
        <ele>231</ele>
      </trkpt>
      <trkpt lat="45.03781" lon="-72.22426">
        <ele>225.69</ele>
      </trkpt>
      <trkpt lat="45.03832" lon="-72.22519">
        <ele>222.96</ele>
      </trkpt>
      <trkpt lat="45.03863" lon="-72.22585">
        <ele>221.96</ele>
      </trkpt>
      <trkpt lat="45.03894" lon="-72.22651">
        <ele>217.83</ele>
      </trkpt>
      <trkpt lat="45.03922" lon="-72.22703">
        <ele>211.81</ele>
      </trkpt>
      <trkpt lat="45.03928" lon="-72.22709">
        <ele>211.49</ele>
      </trkpt>
      <trkpt lat="45.03944" lon="-72.22726">
        <ele>210.69</ele>
      </trkpt>
      <trkpt lat="45.03984" lon="-72.22744">
        <ele>210.75</ele>
      </trkpt>
      <trkpt lat="45.04059" lon="-72.22775">
        <ele>213.1</ele>
      </trkpt>
      <trkpt lat="45.04107" lon="-72.22798">
        <ele>221.21</ele>
      </trkpt>
      <trkpt lat="45.04126" lon="-72.22803">
        <ele>222.51</ele>
      </trkpt>
      <trkpt lat="45.04168" lon="-72.22806">
        <ele>227.93</ele>
      </trkpt>
      <trkpt lat="45.04198" lon="-72.22804">
        <ele>231</ele>
      </trkpt>
      <trkpt lat="45.04226" lon="-72.22797">
        <ele>233.82</ele>
      </trkpt>
      <trkpt lat="45.04282" lon="-72.22785">
        <ele>236.49</ele>
      </trkpt>
      <trkpt lat="45.04337" lon="-72.227775">
        <ele>236.48</ele>
      </trkpt>
      <trkpt lat="45.04392" lon="-72.2277">
        <ele>237.39</ele>
      </trkpt>
      <trkpt lat="45.04439" lon="-72.22762">
        <ele>235.25</ele>
      </trkpt>
      <trkpt lat="45.04472" lon="-72.22749">
        <ele>233.27</ele>
      </trkpt>
      <trkpt lat="45.0454" lon="-72.227175">
        <ele>231.88</ele>
      </trkpt>
      <trkpt lat="45.04608" lon="-72.22686">
        <ele>236.43</ele>
      </trkpt>
      <trkpt lat="45.0467775" lon="-72.2265725">
        <ele>240</ele>
      </trkpt>
      <trkpt lat="45.047475" lon="-72.226285">
        <ele>249.12</ele>
      </trkpt>
      <trkpt lat="45.0481725" lon="-72.2259975">
        <ele>253.81</ele>
      </trkpt>
      <trkpt lat="45.04887" lon="-72.22571">
        <ele>255.97</ele>
      </trkpt>
      <trkpt lat="45.04945" lon="-72.225455">
        <ele>260.53</ele>
      </trkpt>
      <trkpt lat="45.05003" lon="-72.2252">
        <ele>264.33</ele>
      </trkpt>
      <trkpt lat="45.05059" lon="-72.22502">
        <ele>266.06</ele>
      </trkpt>
      <trkpt lat="45.05131" lon="-72.22483">
        <ele>263.79</ele>
      </trkpt>
      <trkpt lat="45.052" lon="-72.22454">
        <ele>259.45</ele>
      </trkpt>
      <trkpt lat="45.05272" lon="-72.22421">
        <ele>261.5</ele>
      </trkpt>
      <trkpt lat="45.05331" lon="-72.22386">
        <ele>264.88</ele>
      </trkpt>
      <trkpt lat="45.0539" lon="-72.22351">
        <ele>264.75</ele>
      </trkpt>
      <trkpt lat="45.05461" lon="-72.22315">
        <ele>262.88</ele>
      </trkpt>
      <trkpt lat="45.05461" lon="-72.22316">
        <ele>262.89</ele>
      </trkpt>
      <trkpt lat="45.05503" lon="-72.223">
        <ele>260.06</ele>
      </trkpt>
      <trkpt lat="45.05562" lon="-72.22287">
        <ele>252.72</ele>
      </trkpt>
      <trkpt lat="45.056305" lon="-72.222585">
        <ele>242.6</ele>
      </trkpt>
      <trkpt lat="45.05699" lon="-72.2223">
        <ele>237.74</ele>
      </trkpt>
      <trkpt lat="45.05756" lon="-72.22202">
        <ele>237.5</ele>
      </trkpt>
      <trkpt lat="45.0581" lon="-72.22171">
        <ele>239.17</ele>
      </trkpt>
      <trkpt lat="45.05844" lon="-72.22143">
        <ele>239.91</ele>
      </trkpt>
      <trkpt lat="45.05893" lon="-72.22078">
        <ele>241.1</ele>
      </trkpt>
      <trkpt lat="45.05909" lon="-72.22062">
        <ele>241.33</ele>
      </trkpt>
      <trkpt lat="45.05939" lon="-72.22041">
        <ele>244.53</ele>
      </trkpt>
      <trkpt lat="45.05978" lon="-72.22014">
        <ele>249.45</ele>
      </trkpt>
      <trkpt lat="45.060375" lon="-72.21978">
        <ele>256.32</ele>
      </trkpt>
      <trkpt lat="45.06097" lon="-72.21942">
        <ele>260.35</ele>
      </trkpt>
      <trkpt lat="45.06167" lon="-72.21902">
        <ele>262.95</ele>
      </trkpt>
      <trkpt lat="45.06237" lon="-72.21862">
        <ele>266.23</ele>
      </trkpt>
      <trkpt lat="45.062905" lon="-72.218285">
        <ele>267.09</ele>
      </trkpt>
      <trkpt lat="45.06344" lon="-72.21795">
        <ele>267.81</ele>
      </trkpt>
      <trkpt lat="45.06387" lon="-72.217635">
        <ele>268.27</ele>
      </trkpt>
      <trkpt lat="45.0643" lon="-72.21732">
        <ele>269.19</ele>
      </trkpt>
      <trkpt lat="45.06461" lon="-72.21704">
        <ele>269.52</ele>
      </trkpt>
      <trkpt lat="45.06514" lon="-72.2166">
        <ele>269.91</ele>
      </trkpt>
      <trkpt lat="45.06582" lon="-72.21611">
        <ele>270.4</ele>
      </trkpt>
      <trkpt lat="45.06648" lon="-72.215525">
        <ele>270.82</ele>
      </trkpt>
      <trkpt lat="45.06714" lon="-72.21494">
        <ele>268.63</ele>
      </trkpt>
      <trkpt lat="45.06762" lon="-72.21454">
        <ele>267.57</ele>
      </trkpt>
      <trkpt lat="45.06817" lon="-72.213985">
        <ele>267.14</ele>
      </trkpt>
      <trkpt lat="45.06872" lon="-72.21343">
        <ele>261.27</ele>
      </trkpt>
      <trkpt lat="45.06914" lon="-72.213045">
        <ele>260.72</ele>
      </trkpt>
      <trkpt lat="45.06956" lon="-72.21266">
        <ele>266.33</ele>
      </trkpt>
      <trkpt lat="45.0700833" lon="-72.2122167">
        <ele>270.72</ele>
      </trkpt>
      <trkpt lat="45.0706067" lon="-72.2117733">
        <ele>273.96</ele>
      </trkpt>
      <trkpt lat="45.07113" lon="-72.21133">
        <ele>276.32</ele>
      </trkpt>
      <trkpt lat="45.07158" lon="-72.211015">
        <ele>276.69</ele>
      </trkpt>
      <trkpt lat="45.07203" lon="-72.2107">
        <ele>276.1</ele>
      </trkpt>
      <trkpt lat="45.07277" lon="-72.21024">
        <ele>275.01</ele>
      </trkpt>
      <trkpt lat="45.073375" lon="-72.209875">
        <ele>274.12</ele>
      </trkpt>
      <trkpt lat="45.07398" lon="-72.20951">
        <ele>271.91</ele>
      </trkpt>
      <trkpt lat="45.07474" lon="-72.20912">
        <ele>270.35</ele>
      </trkpt>
      <trkpt lat="45.07521" lon="-72.20883">
        <ele>270.03</ele>
      </trkpt>
      <trkpt lat="45.07568" lon="-72.20854">
        <ele>270.39</ele>
      </trkpt>
      <trkpt lat="45.07613" lon="-72.20825">
        <ele>271.23</ele>
      </trkpt>
      <trkpt lat="45.07658" lon="-72.20796">
        <ele>271.9</ele>
      </trkpt>
      <trkpt lat="45.0772867" lon="-72.2074833">
        <ele>272.19</ele>
      </trkpt>
      <trkpt lat="45.0779933" lon="-72.2070067">
        <ele>271.65</ele>
      </trkpt>
      <trkpt lat="45.0787" lon="-72.20653">
        <ele>270.71</ele>
      </trkpt>
      <trkpt lat="45.079175" lon="-72.20616">
        <ele>269.39</ele>
      </trkpt>
      <trkpt lat="45.07965" lon="-72.20579">
        <ele>268.62</ele>
      </trkpt>
      <trkpt lat="45.07984" lon="-72.20559">
        <ele>268.42</ele>
      </trkpt>
      <trkpt lat="45.08007" lon="-72.20528">
        <ele>268.35</ele>
      </trkpt>
      <trkpt lat="45.08021" lon="-72.205">
        <ele>268.3</ele>
      </trkpt>
      <trkpt lat="45.08033" lon="-72.20465">
        <ele>268.57</ele>
      </trkpt>
      <trkpt lat="45.0805733" lon="-72.20375">
        <ele>268.11</ele>
      </trkpt>
      <trkpt lat="45.0808167" lon="-72.20285">
        <ele>266.3</ele>
      </trkpt>
      <trkpt lat="45.08106" lon="-72.20195">
        <ele>265.46</ele>
      </trkpt>
      <trkpt lat="45.081315" lon="-72.201075">
        <ele>264.91</ele>
      </trkpt>
      <trkpt lat="45.08157" lon="-72.2002">
        <ele>265.06</ele>
      </trkpt>
      <trkpt lat="45.08156" lon="-72.2002">
        <ele>265.05</ele>
      </trkpt>
      <trkpt lat="45.0817" lon="-72.19961">
        <ele>265.54</ele>
      </trkpt>
      <trkpt lat="45.08175" lon="-72.1991">
        <ele>266.18</ele>
      </trkpt>
      <trkpt lat="45.08169" lon="-72.19791">
        <ele>265.8</ele>
      </trkpt>
      <trkpt lat="45.08227" lon="-72.19766">
        <ele>263.36</ele>
      </trkpt>
      <trkpt lat="45.08278" lon="-72.19751">
        <ele>261.72</ele>
      </trkpt>
      <trkpt lat="45.08329" lon="-72.19736">
        <ele>259.51</ele>
      </trkpt>
      <trkpt lat="45.08376" lon="-72.19714">
        <ele>259.13</ele>
      </trkpt>
      <trkpt lat="45.08444" lon="-72.19699">
        <ele>259.06</ele>
      </trkpt>
      <trkpt lat="45.0851533" lon="-72.19659">
        <ele>257.69</ele>
      </trkpt>
      <trkpt lat="45.0858667" lon="-72.19619">
        <ele>257.39</ele>
      </trkpt>
      <trkpt lat="45.08658" lon="-72.19579">
        <ele>260.06</ele>
      </trkpt>
      <trkpt lat="45.08705" lon="-72.1955">
        <ele>260.77</ele>
      </trkpt>
      <trkpt lat="45.0877333" lon="-72.19499">
        <ele>259.74</ele>
      </trkpt>
      <trkpt lat="45.0884167" lon="-72.19448">
        <ele>258.2</ele>
      </trkpt>
      <trkpt lat="45.0891" lon="-72.19397">
        <ele>256.12</ele>
      </trkpt>
      <trkpt lat="45.0895867" lon="-72.1949933">
        <ele>247.45</ele>
      </trkpt>
      <trkpt lat="45.0900733" lon="-72.1960166">
        <ele>238.54</ele>
      </trkpt>
      <trkpt lat="45.09056" lon="-72.19704">
        <ele>230.22</ele>
      </trkpt>
      <trkpt lat="45.09056" lon="-72.19704">
        <ele>230.19</ele>
      </trkpt>
      <trkpt lat="45.091045" lon="-72.198065">
        <ele>221.95</ele>
      </trkpt>
      <trkpt lat="45.09153" lon="-72.19909">
        <ele>216.51</ele>
      </trkpt>
      <trkpt lat="45.09177" lon="-72.19942">
        <ele>215.53</ele>
      </trkpt>
      <trkpt lat="45.09196" lon="-72.19965">
        <ele>214.72</ele>
      </trkpt>
      <trkpt lat="45.09233" lon="-72.20002">
        <ele>214.95</ele>
      </trkpt>
      <trkpt lat="45.09248" lon="-72.20013">
        <ele>214.97</ele>
      </trkpt>
      <trkpt lat="45.0928" lon="-72.2003">
        <ele>215.25</ele>
      </trkpt>
      <trkpt lat="45.09314" lon="-72.20044">
        <ele>215.62</ele>
      </trkpt>
      <trkpt lat="45.0935" lon="-72.20053">
        <ele>216.3</ele>
      </trkpt>
      <trkpt lat="45.09394" lon="-72.20049">
        <ele>218.54</ele>
      </trkpt>
      <trkpt lat="45.09429" lon="-72.20041">
        <ele>218.54</ele>
      </trkpt>
      <trkpt lat="45.09435" lon="-72.20063">
        <ele>219.13</ele>
      </trkpt>
      <trkpt lat="45.09441" lon="-72.20108">
        <ele>221.14</ele>
      </trkpt>
      <trkpt lat="45.09439" lon="-72.20138">
        <ele>223.18</ele>
      </trkpt>
      <trkpt lat="45.09428" lon="-72.20183">
        <ele>225</ele>
      </trkpt>
      <trkpt lat="45.0942" lon="-72.20205">
        <ele>225.54</ele>
      </trkpt>
      <trkpt lat="45.09403" lon="-72.20264">
        <ele>226.33</ele>
      </trkpt>
      <trkpt lat="45.09393" lon="-72.20286">
        <ele>226.47</ele>
      </trkpt>
      <trkpt lat="45.09378" lon="-72.20303">
        <ele>226.54</ele>
      </trkpt>
      <trkpt lat="45.09413" lon="-72.20365">
        <ele>232.81</ele>
      </trkpt>
      <trkpt lat="45.09418" lon="-72.20393">
        <ele>234.73</ele>
      </trkpt>
      <trkpt lat="45.09416" lon="-72.20412">
        <ele>235.96</ele>
      </trkpt>
      <trkpt lat="45.09404" lon="-72.20442">
        <ele>239.15</ele>
      </trkpt>
      <trkpt lat="45.09352" lon="-72.20545">
        <ele>247.06</ele>
      </trkpt>
      <trkpt lat="45.09328" lon="-72.206125">
        <ele>255.55</ele>
      </trkpt>
      <trkpt lat="45.09304" lon="-72.2068">
        <ele>261.46</ele>
      </trkpt>
      <trkpt lat="45.09279" lon="-72.207385">
        <ele>266.16</ele>
      </trkpt>
      <trkpt lat="45.09254" lon="-72.20797">
        <ele>271.31</ele>
      </trkpt>
      <trkpt lat="45.09214" lon="-72.20872">
        <ele>277.28</ele>
      </trkpt>
      <trkpt lat="45.09205" lon="-72.20899">
        <ele>281.03</ele>
      </trkpt>
      <trkpt lat="45.092" lon="-72.20934">
        <ele>283.92</ele>
      </trkpt>
      <trkpt lat="45.092" lon="-72.20962">
        <ele>284.94</ele>
      </trkpt>
      <trkpt lat="45.09211" lon="-72.21042">
        <ele>288.83</ele>
      </trkpt>
      <trkpt lat="45.09234" lon="-72.211565">
        <ele>296.27</ele>
      </trkpt>
      <trkpt lat="45.09257" lon="-72.21271">
        <ele>309.48</ele>
      </trkpt>
      <trkpt lat="45.09275" lon="-72.2134">
        <ele>314.71</ele>
      </trkpt>
      <trkpt lat="45.09275" lon="-72.2134">
        <ele>314.72</ele>
      </trkpt>
      <trkpt lat="45.093" lon="-72.21432">
        <ele>320.23</ele>
      </trkpt>
      <trkpt lat="45.0932" lon="-72.21486">
        <ele>325.7</ele>
      </trkpt>
      <trkpt lat="45.09248" lon="-72.2155075">
        <ele>327.2</ele>
      </trkpt>
      <trkpt lat="45.09176" lon="-72.216155">
        <ele>325.06</ele>
      </trkpt>
      <trkpt lat="45.09104" lon="-72.2168025">
        <ele>324.13</ele>
      </trkpt>
      <trkpt lat="45.09032" lon="-72.21745">
        <ele>331.19</ele>
      </trkpt>
      <trkpt lat="45.089685" lon="-72.217985">
        <ele>334</ele>
      </trkpt>
      <trkpt lat="45.08905" lon="-72.21852">
        <ele>331.83</ele>
      </trkpt>
      <trkpt lat="45.0884525" lon="-72.2189725">
        <ele>331.6</ele>
      </trkpt>
      <trkpt lat="45.087855" lon="-72.219425">
        <ele>334.47</ele>
      </trkpt>
      <trkpt lat="45.0872575" lon="-72.2198775">
        <ele>335.75</ele>
      </trkpt>
      <trkpt lat="45.08666" lon="-72.22033">
        <ele>337.28</ele>
      </trkpt>
      <trkpt lat="45.08616" lon="-72.22085">
        <ele>334.96</ele>
      </trkpt>
      <trkpt lat="45.08587" lon="-72.22121">
        <ele>333.48</ele>
      </trkpt>
      <trkpt lat="45.085415" lon="-72.22199">
        <ele>333.28</ele>
      </trkpt>
      <trkpt lat="45.08496" lon="-72.22277">
        <ele>332.93</ele>
      </trkpt>
      <trkpt lat="45.084505" lon="-72.22355">
        <ele>331.8</ele>
      </trkpt>
      <trkpt lat="45.08405" lon="-72.22433">
        <ele>334.74</ele>
      </trkpt>
      <trkpt lat="45.08405" lon="-72.22434">
        <ele>334.72</ele>
      </trkpt>
      <trkpt lat="45.083725" lon="-72.2249">
        <ele>339.17</ele>
      </trkpt>
      <trkpt lat="45.0834" lon="-72.22546">
        <ele>342.78</ele>
      </trkpt>
      <trkpt lat="45.08314" lon="-72.226">
        <ele>345.42</ele>
      </trkpt>
      <trkpt lat="45.08304" lon="-72.22628">
        <ele>346.01</ele>
      </trkpt>
      <trkpt lat="45.08296" lon="-72.22668">
        <ele>346.18</ele>
      </trkpt>
      <trkpt lat="45.08291" lon="-72.22735">
        <ele>346.67</ele>
      </trkpt>
      <trkpt lat="45.08296" lon="-72.22784">
        <ele>347.88</ele>
      </trkpt>
      <trkpt lat="45.08311" lon="-72.22842">
        <ele>350.65</ele>
      </trkpt>
      <trkpt lat="45.08336" lon="-72.22897">
        <ele>354.15</ele>
      </trkpt>
      <trkpt lat="45.08345" lon="-72.22913">
        <ele>355.07</ele>
      </trkpt>
      <trkpt lat="45.08357" lon="-72.22923">
        <ele>355.57</ele>
      </trkpt>
      <trkpt lat="45.08399" lon="-72.22945">
        <ele>356.91</ele>
      </trkpt>
      <trkpt lat="45.08426" lon="-72.22964">
        <ele>358.2</ele>
      </trkpt>
      <trkpt lat="45.08441" lon="-72.2298">
        <ele>359.17</ele>
      </trkpt>
      <trkpt lat="45.08454" lon="-72.22995">
        <ele>360.11</ele>
      </trkpt>
      <trkpt lat="45.084785" lon="-72.23052">
        <ele>364.97</ele>
      </trkpt>
      <trkpt lat="45.08503" lon="-72.23109">
        <ele>368.09</ele>
      </trkpt>
      <trkpt lat="45.08513" lon="-72.23133">
        <ele>368.42</ele>
      </trkpt>
      <trkpt lat="45.08519" lon="-72.23155">
        <ele>368.45</ele>
      </trkpt>
      <trkpt lat="45.08523" lon="-72.23178">
        <ele>368.35</ele>
      </trkpt>
      <trkpt lat="45.08525" lon="-72.23243">
        <ele>367.64</ele>
      </trkpt>
      <trkpt lat="45.08527" lon="-72.23308">
        <ele>367.53</ele>
      </trkpt>
      <trkpt lat="45.085265" lon="-72.2340975">
        <ele>368.47</ele>
      </trkpt>
      <trkpt lat="45.08526" lon="-72.235115">
        <ele>367.81</ele>
      </trkpt>
      <trkpt lat="45.085255" lon="-72.2361325">
        <ele>367.48</ele>
      </trkpt>
      <trkpt lat="45.08525" lon="-72.23715">
        <ele>365.99</ele>
      </trkpt>
      <trkpt lat="45.08529" lon="-72.238404">
        <ele>365.76</ele>
      </trkpt>
      <trkpt lat="45.08533" lon="-72.239658">
        <ele>362.94</ele>
      </trkpt>
      <trkpt lat="45.08537" lon="-72.240912">
        <ele>354.33</ele>
      </trkpt>
      <trkpt lat="45.08541" lon="-72.242166">
        <ele>354.25</ele>
      </trkpt>
      <trkpt lat="45.08545" lon="-72.24342">
        <ele>357.67</ele>
      </trkpt>
      <trkpt lat="45.0854633" lon="-72.24436">
        <ele>362.87</ele>
      </trkpt>
      <trkpt lat="45.0854767" lon="-72.2453">
        <ele>368.06</ele>
      </trkpt>
      <trkpt lat="45.08549" lon="-72.24624">
        <ele>374.38</ele>
      </trkpt>
      <trkpt lat="45.08554" lon="-72.24655">
        <ele>375.13</ele>
      </trkpt>
      <trkpt lat="45.08555" lon="-72.2475333">
        <ele>374.12</ele>
      </trkpt>
      <trkpt lat="45.08556" lon="-72.2485167">
        <ele>368.93</ele>
      </trkpt>
      <trkpt lat="45.08557" lon="-72.2495">
        <ele>362.54</ele>
      </trkpt>
      <trkpt lat="45.08558" lon="-72.25067">
        <ele>356.01</ele>
      </trkpt>
      <trkpt lat="45.08568" lon="-72.25145">
        <ele>352.71</ele>
      </trkpt>
      <trkpt lat="45.086295" lon="-72.251415">
        <ele>347.92</ele>
      </trkpt>
      <trkpt lat="45.08691" lon="-72.25138">
        <ele>346.46</ele>
      </trkpt>
      <trkpt lat="45.0874" lon="-72.251365">
        <ele>344.75</ele>
      </trkpt>
      <trkpt lat="45.08789" lon="-72.25135">
        <ele>343.26</ele>
      </trkpt>
      <trkpt lat="45.088495" lon="-72.25137">
        <ele>341.77</ele>
      </trkpt>
      <trkpt lat="45.0891" lon="-72.25139">
        <ele>338.57</ele>
      </trkpt>
      <trkpt lat="45.08961" lon="-72.25141">
        <ele>334.86</ele>
      </trkpt>
      <trkpt lat="45.09012" lon="-72.25143">
        <ele>332.76</ele>
      </trkpt>
      <trkpt lat="45.09074" lon="-72.25152">
        <ele>330.28</ele>
      </trkpt>
      <trkpt lat="45.09104" lon="-72.25152">
        <ele>329.69</ele>
      </trkpt>
      <trkpt lat="45.09104" lon="-72.25152">
        <ele>329.69</ele>
      </trkpt>
      <trkpt lat="45.09124" lon="-72.25152">
        <ele>329.34</ele>
      </trkpt>
      <trkpt lat="45.0917" lon="-72.25147">
        <ele>328.31</ele>
      </trkpt>
      <trkpt lat="45.09238" lon="-72.25143">
        <ele>326.49</ele>
      </trkpt>
      <trkpt lat="45.09293" lon="-72.25147">
        <ele>323.04</ele>
      </trkpt>
      <trkpt lat="45.09367" lon="-72.25157">
        <ele>318.37</ele>
      </trkpt>
      <trkpt lat="45.094515" lon="-72.251595">
        <ele>309.43</ele>
      </trkpt>
      <trkpt lat="45.09536" lon="-72.25162">
        <ele>302.25</ele>
      </trkpt>
      <trkpt lat="45.09623" lon="-72.25157">
        <ele>288.77</ele>
      </trkpt>
      <trkpt lat="45.09698" lon="-72.251588">
        <ele>289.84</ele>
      </trkpt>
      <trkpt lat="45.09773" lon="-72.251606">
        <ele>287.39</ele>
      </trkpt>
      <trkpt lat="45.09848" lon="-72.251624">
        <ele>290.58</ele>
      </trkpt>
      <trkpt lat="45.09923" lon="-72.251642">
        <ele>297.1</ele>
      </trkpt>
      <trkpt lat="45.09998" lon="-72.25166">
        <ele>299.07</ele>
      </trkpt>
      <trkpt lat="45.10064" lon="-72.25173">
        <ele>296.78</ele>
      </trkpt>
      <trkpt lat="45.1013" lon="-72.2518">
        <ele>291.17</ele>
      </trkpt>
      <trkpt lat="45.10148" lon="-72.25179">
        <ele>289.91</ele>
      </trkpt>
      <trkpt lat="45.10173" lon="-72.2517">
        <ele>288.87</ele>
      </trkpt>
      <trkpt lat="45.10189" lon="-72.25167">
        <ele>288.65</ele>
      </trkpt>
      <trkpt lat="45.10209" lon="-72.25166">
        <ele>287.85</ele>
      </trkpt>
      <trkpt lat="45.10245" lon="-72.25171">
        <ele>287.83</ele>
      </trkpt>
      <trkpt lat="45.103025" lon="-72.251725">
        <ele>287.98</ele>
      </trkpt>
      <trkpt lat="45.1036" lon="-72.25174">
        <ele>286.89</ele>
      </trkpt>
      <trkpt lat="45.10398" lon="-72.25189">
        <ele>285.62</ele>
      </trkpt>
      <trkpt lat="45.10432" lon="-72.25215">
        <ele>284.68</ele>
      </trkpt>
      <trkpt lat="45.1045" lon="-72.2522">
        <ele>284.34</ele>
      </trkpt>
      <trkpt lat="45.105" lon="-72.25219">
        <ele>282.99</ele>
      </trkpt>
      <trkpt lat="45.10527" lon="-72.2521">
        <ele>281.67</ele>
      </trkpt>
      <trkpt lat="45.10546" lon="-72.25206">
        <ele>280.52</ele>
      </trkpt>
      <trkpt lat="45.10575" lon="-72.25184">
        <ele>279.87</ele>
      </trkpt>
      <trkpt lat="45.1059" lon="-72.25176">
        <ele>279.69</ele>
      </trkpt>
      <trkpt lat="45.10617" lon="-72.25175">
        <ele>279.2</ele>
      </trkpt>
      <trkpt lat="45.10685" lon="-72.25179">
        <ele>277.63</ele>
      </trkpt>
      <trkpt lat="45.1071" lon="-72.25183">
        <ele>277.93</ele>
      </trkpt>
      <trkpt lat="45.10762" lon="-72.25196">
        <ele>276.85</ele>
      </trkpt>
      <trkpt lat="45.10831" lon="-72.25246">
        <ele>270.66</ele>
      </trkpt>
      <trkpt lat="45.10836" lon="-72.25246">
        <ele>270.21</ele>
      </trkpt>
      <trkpt lat="45.10854" lon="-72.25246">
        <ele>267.98</ele>
      </trkpt>
      <trkpt lat="45.10873" lon="-72.25241">
        <ele>264.79</ele>
      </trkpt>
      <trkpt lat="45.10941" lon="-72.25215">
        <ele>258.12</ele>
      </trkpt>
      <trkpt lat="45.10965" lon="-72.25207">
        <ele>256.66</ele>
      </trkpt>
      <trkpt lat="45.1101" lon="-72.25206">
        <ele>253.31</ele>
      </trkpt>
      <trkpt lat="45.11055" lon="-72.25205">
        <ele>247.45</ele>
      </trkpt>
      <trkpt lat="45.11119" lon="-72.25215">
        <ele>242.81</ele>
      </trkpt>
      <trkpt lat="45.111885" lon="-72.252175">
        <ele>240.64</ele>
      </trkpt>
      <trkpt lat="45.11258" lon="-72.2522">
        <ele>240.45</ele>
      </trkpt>
      <trkpt lat="45.1133" lon="-72.2522">
        <ele>239.93</ele>
      </trkpt>
      <trkpt lat="45.11412" lon="-72.25215">
        <ele>238.92</ele>
      </trkpt>
      <trkpt lat="45.11459" lon="-72.25206">
        <ele>239.28</ele>
      </trkpt>
      <trkpt lat="45.11501" lon="-72.25202">
        <ele>241.01</ele>
      </trkpt>
      <trkpt lat="45.11531" lon="-72.25202">
        <ele>243.94</ele>
      </trkpt>
      <trkpt lat="45.11579" lon="-72.25206">
        <ele>247.29</ele>
      </trkpt>
      <trkpt lat="45.11663" lon="-72.25203">
        <ele>245.59</ele>
      </trkpt>
      <trkpt lat="45.11698" lon="-72.25205">
        <ele>242.31</ele>
      </trkpt>
      <trkpt lat="45.11732" lon="-72.25201">
        <ele>238.57</ele>
      </trkpt>
      <trkpt lat="45.11752" lon="-72.25196">
        <ele>236.83</ele>
      </trkpt>
      <trkpt lat="45.11772" lon="-72.25185">
        <ele>235.43</ele>
      </trkpt>
      <trkpt lat="45.11824" lon="-72.25152">
        <ele>235.77</ele>
      </trkpt>
      <trkpt lat="45.11899" lon="-72.25095">
        <ele>237.25</ele>
      </trkpt>
      <trkpt lat="45.11957" lon="-72.25049">
        <ele>230.85</ele>
      </trkpt>
      <trkpt lat="45.11994" lon="-72.25028">
        <ele>227.68</ele>
      </trkpt>
      <trkpt lat="45.12016" lon="-72.25023">
        <ele>226.66</ele>
      </trkpt>
      <trkpt lat="45.12047" lon="-72.25022">
        <ele>226.24</ele>
      </trkpt>
      <trkpt lat="45.12091" lon="-72.25033">
        <ele>227.85</ele>
      </trkpt>
      <trkpt lat="45.12146" lon="-72.25058">
        <ele>234.35</ele>
      </trkpt>
      <trkpt lat="45.12168" lon="-72.25072">
        <ele>237.13</ele>
      </trkpt>
      <trkpt lat="45.12205" lon="-72.25108">
        <ele>240.44</ele>
      </trkpt>
      <trkpt lat="45.12243" lon="-72.25131">
        <ele>242.23</ele>
      </trkpt>
      <trkpt lat="45.12276" lon="-72.25147">
        <ele>246.21</ele>
      </trkpt>
      <trkpt lat="45.12323" lon="-72.251495">
        <ele>254.09</ele>
      </trkpt>
      <trkpt lat="45.1237" lon="-72.25152">
        <ele>258.53</ele>
      </trkpt>
      <trkpt lat="45.12395" lon="-72.25162">
        <ele>263.52</ele>
      </trkpt>
      <trkpt lat="45.12437" lon="-72.25185">
        <ele>267.43</ele>
      </trkpt>
      <trkpt lat="45.1245" lon="-72.25195">
        <ele>268.4</ele>
      </trkpt>
      <trkpt lat="45.12472" lon="-72.25205">
        <ele>269.37</ele>
      </trkpt>
      <trkpt lat="45.12494" lon="-72.25207">
        <ele>270.38</ele>
      </trkpt>
      <trkpt lat="45.125825" lon="-72.2521">
        <ele>274.99</ele>
      </trkpt>
      <trkpt lat="45.12671" lon="-72.25213">
        <ele>276.62</ele>
      </trkpt>
      <trkpt lat="45.127525" lon="-72.252105">
        <ele>278.35</ele>
      </trkpt>
      <trkpt lat="45.12834" lon="-72.25208">
        <ele>280.33</ele>
      </trkpt>
      <trkpt lat="45.12896" lon="-72.251945">
        <ele>280.52</ele>
      </trkpt>
      <trkpt lat="45.12958" lon="-72.25181">
        <ele>281.14</ele>
      </trkpt>
      <trkpt lat="45.130315" lon="-72.25162">
        <ele>282.06</ele>
      </trkpt>
      <trkpt lat="45.13105" lon="-72.25143">
        <ele>281.18</ele>
      </trkpt>
      <trkpt lat="45.13172" lon="-72.2513">
        <ele>273.86</ele>
      </trkpt>
      <trkpt lat="45.1322" lon="-72.25117">
        <ele>270.51</ele>
      </trkpt>
      <trkpt lat="45.13256" lon="-72.25112">
        <ele>268.03</ele>
      </trkpt>
      <trkpt lat="45.1331" lon="-72.25117">
        <ele>266.71</ele>
      </trkpt>
      <trkpt lat="45.13355" lon="-72.251275">
        <ele>262.16</ele>
      </trkpt>
      <trkpt lat="45.134" lon="-72.25138">
        <ele>260.79</ele>
      </trkpt>
      <trkpt lat="45.134" lon="-72.25138">
        <ele>260.86</ele>
      </trkpt>
      <trkpt lat="45.13479" lon="-72.25157">
        <ele>254.42</ele>
      </trkpt>
      <trkpt lat="45.1353" lon="-72.25166">
        <ele>250.3</ele>
      </trkpt>
      <trkpt lat="45.1357" lon="-72.25166">
        <ele>242.88</ele>
      </trkpt>
      <trkpt lat="45.13646" lon="-72.25171">
        <ele>238.04</ele>
      </trkpt>
      <trkpt lat="45.136945" lon="-72.251725">
        <ele>231.62</ele>
      </trkpt>
      <trkpt lat="45.13743" lon="-72.25174">
        <ele>227.68</ele>
      </trkpt>
      <trkpt lat="45.13782" lon="-72.2517">
        <ele>225</ele>
      </trkpt>
      <trkpt lat="45.13815" lon="-72.25174">
        <ele>220.77</ele>
      </trkpt>
      <trkpt lat="45.13837" lon="-72.25179">
        <ele>218.52</ele>
      </trkpt>
      <trkpt lat="45.13895" lon="-72.25207">
        <ele>213.82</ele>
      </trkpt>
      <trkpt lat="45.13923" lon="-72.25242">
        <ele>212.56</ele>
      </trkpt>
      <trkpt lat="45.139235" lon="-72.253555">
        <ele>212.21</ele>
      </trkpt>
      <trkpt lat="45.13924" lon="-72.25469">
        <ele>212.41</ele>
      </trkpt>
      <trkpt lat="45.13923" lon="-72.25547">
        <ele>212.22</ele>
      </trkpt>
      <trkpt lat="45.13925" lon="-72.25558">
        <ele>211.93</ele>
      </trkpt>
      <trkpt lat="45.13925" lon="-72.25558">
        <ele>211.93</ele>
      </trkpt>
      <trkpt lat="45.13932" lon="-72.25561">
        <ele>211.82</ele>
      </trkpt>
      <trkpt lat="45.1397" lon="-72.25561">
        <ele>211.82</ele>
      </trkpt>
      <trkpt lat="45.13975" lon="-72.25556">
        <ele>212.01</ele>
      </trkpt>
      <trkpt lat="45.13978" lon="-72.25548">
        <ele>212.01</ele>
      </trkpt>
      <trkpt lat="45.13976" lon="-72.2547">
        <ele>212.67</ele>
      </trkpt>
      <trkpt lat="45.139725" lon="-72.25392">
        <ele>213.27</ele>
      </trkpt>
      <trkpt lat="45.13969" lon="-72.25314">
        <ele>213.87</ele>
      </trkpt>
      <trkpt lat="45.13973" lon="-72.25292">
        <ele>213.56</ele>
      </trkpt>
      <trkpt lat="45.13985" lon="-72.25277">
        <ele>213.22</ele>
      </trkpt>
      <trkpt lat="45.14002" lon="-72.25269">
        <ele>213.85</ele>
      </trkpt>
      <trkpt lat="45.14059" lon="-72.25235">
        <ele>217.54</ele>
      </trkpt>
      <trkpt lat="45.14019" lon="-72.25127">
        <ele>218.89</ele>
      </trkpt>
      <trkpt lat="45.14019" lon="-72.25127">
        <ele>218.88</ele>
      </trkpt>
      <trkpt lat="45.14006" lon="-72.25067">
        <ele>222.27</ele>
      </trkpt>
      <trkpt lat="45.13976" lon="-72.24982">
        <ele>227.45</ele>
      </trkpt>
      <trkpt lat="45.13968" lon="-72.24901">
        <ele>228.46</ele>
      </trkpt>
      <trkpt lat="45.13963" lon="-72.2481167">
        <ele>229.16</ele>
      </trkpt>
      <trkpt lat="45.13958" lon="-72.2472233">
        <ele>230.96</ele>
      </trkpt>
      <trkpt lat="45.13953" lon="-72.24633">
        <ele>234.64</ele>
      </trkpt>
      <trkpt lat="45.13946" lon="-72.2455">
        <ele>236.17</ele>
      </trkpt>
      <trkpt lat="45.13939" lon="-72.24467">
        <ele>236.5</ele>
      </trkpt>
      <trkpt lat="45.13921" lon="-72.24346">
        <ele>239.01</ele>
      </trkpt>
      <trkpt lat="45.13902" lon="-72.242365">
        <ele>242.15</ele>
      </trkpt>
      <trkpt lat="45.13883" lon="-72.24127">
        <ele>247.64</ele>
      </trkpt>
      <trkpt lat="45.13875" lon="-72.24091">
        <ele>250.8</ele>
      </trkpt>
      <trkpt lat="45.13864" lon="-72.24055">
        <ele>253.18</ele>
      </trkpt>
      <trkpt lat="45.13843" lon="-72.24001">
        <ele>256.98</ele>
      </trkpt>
      <trkpt lat="45.13826" lon="-72.23966">
        <ele>257.63</ele>
      </trkpt>
      <trkpt lat="45.1379" lon="-72.239">
        <ele>256.01</ele>
      </trkpt>
      <trkpt lat="45.13754" lon="-72.23834">
        <ele>254.78</ele>
      </trkpt>
      <trkpt lat="45.13733" lon="-72.23796">
        <ele>254.42</ele>
      </trkpt>
      <trkpt lat="45.13702" lon="-72.23733">
        <ele>254.61</ele>
      </trkpt>
      <trkpt lat="45.13696" lon="-72.2372">
        <ele>254.61</ele>
      </trkpt>
      <trkpt lat="45.13696" lon="-72.2372">
        <ele>254.62</ele>
      </trkpt>
      <trkpt lat="45.13676" lon="-72.23662">
        <ele>255.27</ele>
      </trkpt>
      <trkpt lat="45.13656" lon="-72.23604">
        <ele>256.97</ele>
      </trkpt>
      <trkpt lat="45.13641" lon="-72.23549">
        <ele>260.04</ele>
      </trkpt>
      <trkpt lat="45.13638" lon="-72.2343">
        <ele>263.43</ele>
      </trkpt>
      <trkpt lat="45.13559" lon="-72.23425">
        <ele>264.03</ele>
      </trkpt>
      <trkpt lat="45.13504" lon="-72.23429">
        <ele>264.76</ele>
      </trkpt>
      <trkpt lat="45.13446" lon="-72.23441">
        <ele>265.59</ele>
      </trkpt>
      <trkpt lat="45.13401" lon="-72.234525">
        <ele>266.86</ele>
      </trkpt>
      <trkpt lat="45.13356" lon="-72.23464">
        <ele>268.16</ele>
      </trkpt>
      <trkpt lat="45.13293" lon="-72.23478">
        <ele>268.24</ele>
      </trkpt>
      <trkpt lat="45.13257" lon="-72.23482">
        <ele>267.7</ele>
      </trkpt>
      <trkpt lat="45.13198" lon="-72.23488">
        <ele>266.6</ele>
      </trkpt>
      <trkpt lat="45.13197" lon="-72.23488">
        <ele>266.59</ele>
      </trkpt>
      <trkpt lat="45.131485" lon="-72.234925">
        <ele>265.01</ele>
      </trkpt>
      <trkpt lat="45.131" lon="-72.23497">
        <ele>263.88</ele>
      </trkpt>
      <trkpt lat="45.13051" lon="-72.23412">
        <ele>259.84</ele>
      </trkpt>
      <trkpt lat="45.13002" lon="-72.23327">
        <ele>255.53</ele>
      </trkpt>
      <trkpt lat="45.12969" lon="-72.2328">
        <ele>252.4</ele>
      </trkpt>
      <trkpt lat="45.12936" lon="-72.23233">
        <ele>250.98</ele>
      </trkpt>
      <trkpt lat="45.12917" lon="-72.23213">
        <ele>250.46</ele>
      </trkpt>
      <trkpt lat="45.129" lon="-72.23196">
        <ele>250.27</ele>
      </trkpt>
      <trkpt lat="45.1284767" lon="-72.2315267">
        <ele>251.77</ele>
      </trkpt>
      <trkpt lat="45.1279533" lon="-72.2310933">
        <ele>254.37</ele>
      </trkpt>
      <trkpt lat="45.12743" lon="-72.23066">
        <ele>259.68</ele>
      </trkpt>
      <trkpt lat="45.1267525" lon="-72.2300275">
        <ele>265.86</ele>
      </trkpt>
      <trkpt lat="45.126075" lon="-72.229395">
        <ele>269.72</ele>
      </trkpt>
      <trkpt lat="45.1253975" lon="-72.2287625">
        <ele>280.13</ele>
      </trkpt>
      <trkpt lat="45.12472" lon="-72.22813">
        <ele>286.07</ele>
      </trkpt>
      <trkpt lat="45.12472" lon="-72.22813">
        <ele>286.11</ele>
      </trkpt>
      <trkpt lat="45.12405" lon="-72.2275">
        <ele>293.21</ele>
      </trkpt>
      <trkpt lat="45.1242133" lon="-72.2266267">
        <ele>293.94</ele>
      </trkpt>
      <trkpt lat="45.1243767" lon="-72.2257533">
        <ele>294.19</ele>
      </trkpt>
      <trkpt lat="45.12454" lon="-72.22488">
        <ele>299.69</ele>
      </trkpt>
      <trkpt lat="45.1247575" lon="-72.2239075">
        <ele>302.6</ele>
      </trkpt>
      <trkpt lat="45.124975" lon="-72.222935">
        <ele>303.66</ele>
      </trkpt>
      <trkpt lat="45.1251925" lon="-72.2219625">
        <ele>306.93</ele>
      </trkpt>
      <trkpt lat="45.12541" lon="-72.22099">
        <ele>308.79</ele>
      </trkpt>
      <trkpt lat="45.1256075" lon="-72.2200275">
        <ele>308.81</ele>
      </trkpt>
      <trkpt lat="45.125805" lon="-72.219065">
        <ele>309.01</ele>
      </trkpt>
      <trkpt lat="45.1260025" lon="-72.2181025">
        <ele>308.19</ele>
      </trkpt>
      <trkpt lat="45.1262" lon="-72.21714">
        <ele>307.69</ele>
      </trkpt>
      <trkpt lat="45.1264258" lon="-72.2159129">
        <ele>312.85</ele>
      </trkpt>
      <trkpt lat="45.1266515" lon="-72.2146858">
        <ele>315.27</ele>
      </trkpt>
      <trkpt lat="45.1268772" lon="-72.2134586">
        <ele>316.85</ele>
      </trkpt>
      <trkpt lat="45.1271029" lon="-72.2122315">
        <ele>320.13</ele>
      </trkpt>
      <trkpt lat="45.1273286" lon="-72.2110043">
        <ele>326</ele>
      </trkpt>
      <trkpt lat="45.1275543" lon="-72.2097772">
        <ele>329.65</ele>
      </trkpt>
      <trkpt lat="45.12778" lon="-72.20855">
        <ele>334.52</ele>
      </trkpt>
      <trkpt lat="45.12784" lon="-72.207855">
        <ele>337.72</ele>
      </trkpt>
      <trkpt lat="45.1279" lon="-72.20716">
        <ele>340.21</ele>
      </trkpt>
      <trkpt lat="45.12791" lon="-72.20652">
        <ele>341.99</ele>
      </trkpt>
      <trkpt lat="45.12792" lon="-72.20588">
        <ele>342.79</ele>
      </trkpt>
      <trkpt lat="45.1279" lon="-72.20519">
        <ele>342.42</ele>
      </trkpt>
      <trkpt lat="45.12788" lon="-72.20483">
        <ele>342.43</ele>
      </trkpt>
      <trkpt lat="45.12783" lon="-72.20447">
        <ele>342.72</ele>
      </trkpt>
      <trkpt lat="45.12776" lon="-72.20414">
        <ele>342.76</ele>
      </trkpt>
      <trkpt lat="45.12768" lon="-72.20384">
        <ele>343.12</ele>
      </trkpt>
      <trkpt lat="45.12757" lon="-72.20357">
        <ele>343.02</ele>
      </trkpt>
      <trkpt lat="45.127245" lon="-72.20285">
        <ele>342.65</ele>
      </trkpt>
      <trkpt lat="45.12692" lon="-72.20213">
        <ele>343.7</ele>
      </trkpt>
      <trkpt lat="45.1265567" lon="-72.2011633">
        <ele>343.89</ele>
      </trkpt>
      <trkpt lat="45.1261933" lon="-72.2001967">
        <ele>345.06</ele>
      </trkpt>
      <trkpt lat="45.12583" lon="-72.19923">
        <ele>345.44</ele>
      </trkpt>
      <trkpt lat="45.12556" lon="-72.1984233">
        <ele>346.04</ele>
      </trkpt>
      <trkpt lat="45.12529" lon="-72.1976167">
        <ele>348.79</ele>
      </trkpt>
      <trkpt lat="45.12502" lon="-72.19681">
        <ele>352.91</ele>
      </trkpt>
      <trkpt lat="45.12489" lon="-72.19637">
        <ele>350.69</ele>
      </trkpt>
      <trkpt lat="45.12468" lon="-72.1952">
        <ele>345.38</ele>
      </trkpt>
      <trkpt lat="45.12447" lon="-72.19403">
        <ele>338.86</ele>
      </trkpt>
      <trkpt lat="45.12437" lon="-72.1936">
        <ele>336.93</ele>
      </trkpt>
      <trkpt lat="45.12419" lon="-72.19318">
        <ele>334.51</ele>
      </trkpt>
      <trkpt lat="45.12398" lon="-72.19282">
        <ele>332.01</ele>
      </trkpt>
      <trkpt lat="45.12378" lon="-72.19257">
        <ele>328.46</ele>
      </trkpt>
      <trkpt lat="45.12349" lon="-72.19239">
        <ele>324.67</ele>
      </trkpt>
      <trkpt lat="45.12349" lon="-72.19239">
        <ele>324.72</ele>
      </trkpt>
      <trkpt lat="45.12312" lon="-72.1922">
        <ele>319.42</ele>
      </trkpt>
      <trkpt lat="45.12278" lon="-72.19207">
        <ele>316.28</ele>
      </trkpt>
      <trkpt lat="45.12209" lon="-72.1918867">
        <ele>309.7</ele>
      </trkpt>
      <trkpt lat="45.1214" lon="-72.1917033">
        <ele>301.28</ele>
      </trkpt>
      <trkpt lat="45.12071" lon="-72.19152">
        <ele>293.94</ele>
      </trkpt>
      <trkpt lat="45.11991" lon="-72.19135">
        <ele>287.38</ele>
      </trkpt>
      <trkpt lat="45.11966" lon="-72.19122">
        <ele>285.12</ele>
      </trkpt>
      <trkpt lat="45.11946" lon="-72.19105">
        <ele>283.7</ele>
      </trkpt>
      <trkpt lat="45.1193" lon="-72.19081">
        <ele>281.71</ele>
      </trkpt>
      <trkpt lat="45.11904" lon="-72.19023">
        <ele>275.38</ele>
      </trkpt>
      <trkpt lat="45.11882" lon="-72.18946">
        <ele>268.22</ele>
      </trkpt>
      <trkpt lat="45.11878" lon="-72.18899">
        <ele>265.25</ele>
      </trkpt>
      <trkpt lat="45.118745" lon="-72.18818">
        <ele>261.65</ele>
      </trkpt>
      <trkpt lat="45.11871" lon="-72.18737">
        <ele>254.4</ele>
      </trkpt>
      <trkpt lat="45.1185867" lon="-72.18622">
        <ele>247.04</ele>
      </trkpt>
      <trkpt lat="45.1184633" lon="-72.18507">
        <ele>239.64</ele>
      </trkpt>
      <trkpt lat="45.11834" lon="-72.18392">
        <ele>233.65</ele>
      </trkpt>
      <trkpt lat="45.11827" lon="-72.18344">
        <ele>231.81</ele>
      </trkpt>
      <trkpt lat="45.11819" lon="-72.18308">
        <ele>230.5</ele>
      </trkpt>
      <trkpt lat="45.11795" lon="-72.1824">
        <ele>225.98</ele>
      </trkpt>
      <trkpt lat="45.11783" lon="-72.18214">
        <ele>225.98</ele>
      </trkpt>
      <trkpt lat="45.11757" lon="-72.181575">
        <ele>223.97</ele>
      </trkpt>
      <trkpt lat="45.11731" lon="-72.18101">
        <ele>222.3</ele>
      </trkpt>
      <trkpt lat="45.117035" lon="-72.180455">
        <ele>220.85</ele>
      </trkpt>
      <trkpt lat="45.11676" lon="-72.1799">
        <ele>219.43</ele>
      </trkpt>
      <trkpt lat="45.11659" lon="-72.17953">
        <ele>218.74</ele>
      </trkpt>
      <trkpt lat="45.11645" lon="-72.17899">
        <ele>218.29</ele>
      </trkpt>
      <trkpt lat="45.11644" lon="-72.17873">
        <ele>217.78</ele>
      </trkpt>
      <trkpt lat="45.11653" lon="-72.17754">
        <ele>216.02</ele>
      </trkpt>
      <trkpt lat="45.11662" lon="-72.17635">
        <ele>215.33</ele>
      </trkpt>
      <trkpt lat="45.11664" lon="-72.17546">
        <ele>216.75</ele>
      </trkpt>
      <trkpt lat="45.11667" lon="-72.17532">
        <ele>216.77</ele>
      </trkpt>
      <trkpt lat="45.1167" lon="-72.17523">
        <ele>216.75</ele>
      </trkpt>
      <trkpt lat="45.11676" lon="-72.17519">
        <ele>216.43</ele>
      </trkpt>
      <trkpt lat="45.11718" lon="-72.17514">
        <ele>214.89</ele>
      </trkpt>
      <trkpt lat="45.11739" lon="-72.17506">
        <ele>214.5</ele>
      </trkpt>
      <trkpt lat="45.11757" lon="-72.17497">
        <ele>214.22</ele>
      </trkpt>
      <trkpt lat="45.118075" lon="-72.1745">
        <ele>214.04</ele>
      </trkpt>
      <trkpt lat="45.11858" lon="-72.17403">
        <ele>214.19</ele>
      </trkpt>
      <trkpt lat="45.11889" lon="-72.1738">
        <ele>214.67</ele>
      </trkpt>
      <trkpt lat="45.11929" lon="-72.17362">
        <ele>215.04</ele>
      </trkpt>
      <trkpt lat="45.119845" lon="-72.173515">
        <ele>216.02</ele>
      </trkpt>
      <trkpt lat="45.1204" lon="-72.17341">
        <ele>218.04</ele>
      </trkpt>
      <trkpt lat="45.12082" lon="-72.17331">
        <ele>219.44</ele>
      </trkpt>
      <trkpt lat="45.12133" lon="-72.17313">
        <ele>219.86</ele>
      </trkpt>
      <trkpt lat="45.12206" lon="-72.17274">
        <ele>221.29</ele>
      </trkpt>
      <trkpt lat="45.12272" lon="-72.17234">
        <ele>222.76</ele>
      </trkpt>
      <trkpt lat="45.12351" lon="-72.17179">
        <ele>222.87</ele>
      </trkpt>
      <trkpt lat="45.1240433" lon="-72.1712833">
        <ele>222.43</ele>
      </trkpt>
      <trkpt lat="45.1245767" lon="-72.1707767">
        <ele>221.15</ele>
      </trkpt>
      <trkpt lat="45.12511" lon="-72.17027">
        <ele>220.74</ele>
      </trkpt>
      <trkpt lat="45.12551" lon="-72.17">
        <ele>221.12</ele>
      </trkpt>
      <trkpt lat="45.12593" lon="-72.16977">
        <ele>221.48</ele>
      </trkpt>
      <trkpt lat="45.12625" lon="-72.16964">
        <ele>221.78</ele>
      </trkpt>
      <trkpt lat="45.12636" lon="-72.16961">
        <ele>221.78</ele>
      </trkpt>
      <trkpt lat="45.12636" lon="-72.16962">
        <ele>221.77</ele>
      </trkpt>
      <trkpt lat="45.1266" lon="-72.16955">
        <ele>222.01</ele>
      </trkpt>
      <trkpt lat="45.1273" lon="-72.16946">
        <ele>222.1</ele>
      </trkpt>
      <trkpt lat="45.1278" lon="-72.16945">
        <ele>222.43</ele>
      </trkpt>
      <trkpt lat="45.12825" lon="-72.169485">
        <ele>222.35</ele>
      </trkpt>
      <trkpt lat="45.1287" lon="-72.16952">
        <ele>222.75</ele>
      </trkpt>
      <trkpt lat="45.12939" lon="-72.1696">
        <ele>224.15</ele>
      </trkpt>
      <trkpt lat="45.13026" lon="-72.16966">
        <ele>229.28</ele>
      </trkpt>
      <trkpt lat="45.1308" lon="-72.16964">
        <ele>233.21</ele>
      </trkpt>
      <trkpt lat="45.1311" lon="-72.16955">
        <ele>236.85</ele>
      </trkpt>
      <trkpt lat="45.13139" lon="-72.16945">
        <ele>237.43</ele>
      </trkpt>
      <trkpt lat="45.13163" lon="-72.16932">
        <ele>238.22</ele>
      </trkpt>
      <trkpt lat="45.13181" lon="-72.16919">
        <ele>239.47</ele>
      </trkpt>
      <trkpt lat="45.13245" lon="-72.16869">
        <ele>243.89</ele>
      </trkpt>
      <trkpt lat="45.13276" lon="-72.16847">
        <ele>246</ele>
      </trkpt>
      <trkpt lat="45.13341" lon="-72.16797">
        <ele>249.22</ele>
      </trkpt>
      <trkpt lat="45.13369" lon="-72.16768">
        <ele>250.14</ele>
      </trkpt>
      <trkpt lat="45.1339" lon="-72.16744">
        <ele>251.52</ele>
      </trkpt>
      <trkpt lat="45.13428" lon="-72.16691">
        <ele>253.73</ele>
      </trkpt>
      <trkpt lat="45.13457" lon="-72.16641">
        <ele>254.76</ele>
      </trkpt>
      <trkpt lat="45.13473" lon="-72.16602">
        <ele>255.35</ele>
      </trkpt>
      <trkpt lat="45.13494" lon="-72.16539">
        <ele>255.99</ele>
      </trkpt>
      <trkpt lat="45.1352367" lon="-72.1642167">
        <ele>256.4</ele>
      </trkpt>
      <trkpt lat="45.1355333" lon="-72.1630433">
        <ele>257.43</ele>
      </trkpt>
      <trkpt lat="45.13583" lon="-72.16187">
        <ele>257.73</ele>
      </trkpt>
      <trkpt lat="45.13618" lon="-72.1607">
        <ele>256.89</ele>
      </trkpt>
      <trkpt lat="45.13648" lon="-72.15988">
        <ele>255.02</ele>
      </trkpt>
      <trkpt lat="45.13671" lon="-72.15933">
        <ele>252.84</ele>
      </trkpt>
      <trkpt lat="45.13694" lon="-72.15885">
        <ele>250.67</ele>
      </trkpt>
      <trkpt lat="45.13744" lon="-72.157935">
        <ele>248.19</ele>
      </trkpt>
      <trkpt lat="45.13794" lon="-72.15702">
        <ele>246.31</ele>
      </trkpt>
      <trkpt lat="45.138325" lon="-72.15636">
        <ele>245.74</ele>
      </trkpt>
      <trkpt lat="45.13871" lon="-72.1557">
        <ele>245.46</ele>
      </trkpt>
      <trkpt lat="45.13918" lon="-72.15495">
        <ele>245</ele>
      </trkpt>
      <trkpt lat="45.13937" lon="-72.15472">
        <ele>245.06</ele>
      </trkpt>
      <trkpt lat="45.13961" lon="-72.15446">
        <ele>245.18</ele>
      </trkpt>
      <trkpt lat="45.14029" lon="-72.15389">
        <ele>245.76</ele>
      </trkpt>
      <trkpt lat="45.140875" lon="-72.153465">
        <ele>246.35</ele>
      </trkpt>
      <trkpt lat="45.14146" lon="-72.15304">
        <ele>246.83</ele>
      </trkpt>
      <trkpt lat="45.1422" lon="-72.152475">
        <ele>247.47</ele>
      </trkpt>
      <trkpt lat="45.14294" lon="-72.15191">
        <ele>247.89</ele>
      </trkpt>
      <trkpt lat="45.143485" lon="-72.15148">
        <ele>248.02</ele>
      </trkpt>
      <trkpt lat="45.14403" lon="-72.15105">
        <ele>249.61</ele>
      </trkpt>
      <trkpt lat="45.14468" lon="-72.1505167">
        <ele>252.77</ele>
      </trkpt>
      <trkpt lat="45.14533" lon="-72.1499833">
        <ele>255.5</ele>
      </trkpt>
      <trkpt lat="45.14598" lon="-72.14945">
        <ele>259.82</ele>
      </trkpt>
      <trkpt lat="45.1467025" lon="-72.1488775">
        <ele>262.81</ele>
      </trkpt>
      <trkpt lat="45.147425" lon="-72.148305">
        <ele>267.06</ele>
      </trkpt>
      <trkpt lat="45.1481475" lon="-72.1477325">
        <ele>271.4</ele>
      </trkpt>
      <trkpt lat="45.14887" lon="-72.14716">
        <ele>276.33</ele>
      </trkpt>
      <trkpt lat="45.14948" lon="-72.14681">
        <ele>280.58</ele>
      </trkpt>
      <trkpt lat="45.15032" lon="-72.1466">
        <ele>284.25</ele>
      </trkpt>
      <trkpt lat="45.15092" lon="-72.14658">
        <ele>284.61</ele>
      </trkpt>
      <trkpt lat="45.15152" lon="-72.14664">
        <ele>283.21</ele>
      </trkpt>
      <trkpt lat="45.15212" lon="-72.1467">
        <ele>280.31</ele>
      </trkpt>
      <trkpt lat="45.15284" lon="-72.14666">
        <ele>275.79</ele>
      </trkpt>
      <trkpt lat="45.1532" lon="-72.14658">
        <ele>270.68</ele>
      </trkpt>
      <trkpt lat="45.15357" lon="-72.14645">
        <ele>270.68</ele>
      </trkpt>
      <trkpt lat="45.15417" lon="-72.14618">
        <ele>265.07</ele>
      </trkpt>
      <trkpt lat="45.15479" lon="-72.14592">
        <ele>262.94</ele>
      </trkpt>
      <trkpt lat="45.1548175" lon="-72.1447275">
        <ele>267.69</ele>
      </trkpt>
      <trkpt lat="45.154845" lon="-72.143535">
        <ele>275.59</ele>
      </trkpt>
      <trkpt lat="45.1548725" lon="-72.1423425">
        <ele>285.53</ele>
      </trkpt>
      <trkpt lat="45.1549" lon="-72.14115">
        <ele>291.86</ele>
      </trkpt>
      <trkpt lat="45.1549" lon="-72.14116">
        <ele>291.84</ele>
      </trkpt>
      <trkpt lat="45.15493" lon="-72.139975">
        <ele>297.91</ele>
      </trkpt>
      <trkpt lat="45.15496" lon="-72.13879">
        <ele>303.13</ele>
      </trkpt>
      <trkpt lat="45.154995" lon="-72.137945">
        <ele>305.57</ele>
      </trkpt>
      <trkpt lat="45.15503" lon="-72.1371">
        <ele>305.82</ele>
      </trkpt>
      <trkpt lat="45.15509" lon="-72.13678">
        <ele>305.96</ele>
      </trkpt>
      <trkpt lat="45.1553817" lon="-72.1357484">
        <ele>307.4</ele>
      </trkpt>
      <trkpt lat="45.1556734" lon="-72.1347167">
        <ele>310.49</ele>
      </trkpt>
      <trkpt lat="45.155965" lon="-72.133685">
        <ele>314.63</ele>
      </trkpt>
      <trkpt lat="45.1562567" lon="-72.1326534">
        <ele>318.07</ele>
      </trkpt>
      <trkpt lat="45.1565484" lon="-72.1316217">
        <ele>320.33</ele>
      </trkpt>
      <trkpt lat="45.15684" lon="-72.13059">
        <ele>322.1</ele>
      </trkpt>
      <trkpt lat="45.15713" lon="-72.129505">
        <ele>325.52</ele>
      </trkpt>
      <trkpt lat="45.15742" lon="-72.12842">
        <ele>330.32</ele>
      </trkpt>
      <trkpt lat="45.157595" lon="-72.127585">
        <ele>331.61</ele>
      </trkpt>
      <trkpt lat="45.15777" lon="-72.12675">
        <ele>333.36</ele>
      </trkpt>
      <trkpt lat="45.15807" lon="-72.12558">
        <ele>334.41</ele>
      </trkpt>
      <trkpt lat="45.15816" lon="-72.12509">
        <ele>334.98</ele>
      </trkpt>
      <trkpt lat="45.15831" lon="-72.1242233">
        <ele>335.32</ele>
      </trkpt>
      <trkpt lat="45.15846" lon="-72.1233567">
        <ele>338.69</ele>
      </trkpt>
      <trkpt lat="45.15861" lon="-72.12249">
        <ele>342.43</ele>
      </trkpt>
      <trkpt lat="45.158755" lon="-72.121795">
        <ele>344.51</ele>
      </trkpt>
      <trkpt lat="45.1589" lon="-72.1211">
        <ele>347.01</ele>
      </trkpt>
      <trkpt lat="45.15917" lon="-72.12017">
        <ele>351.94</ele>
      </trkpt>
      <trkpt lat="45.15946" lon="-72.11958">
        <ele>354.23</ele>
      </trkpt>
      <trkpt lat="45.15979" lon="-72.11878">
        <ele>356.32</ele>
      </trkpt>
      <trkpt lat="45.16015" lon="-72.11807">
        <ele>357.92</ele>
      </trkpt>
      <trkpt lat="45.16058" lon="-72.11747">
        <ele>359.21</ele>
      </trkpt>
      <trkpt lat="45.16107" lon="-72.11698">
        <ele>358.07</ele>
      </trkpt>
      <trkpt lat="45.16156" lon="-72.11649">
        <ele>358.17</ele>
      </trkpt>
      <trkpt lat="45.16222" lon="-72.11605">
        <ele>358.09</ele>
      </trkpt>
      <trkpt lat="45.16286" lon="-72.1156633">
        <ele>357.7</ele>
      </trkpt>
      <trkpt lat="45.1635" lon="-72.1152767">
        <ele>359.44</ele>
      </trkpt>
      <trkpt lat="45.16414" lon="-72.11489">
        <ele>360.06</ele>
      </trkpt>
      <trkpt lat="45.16427" lon="-72.11475">
        <ele>359.98</ele>
      </trkpt>
      <trkpt lat="45.16442" lon="-72.11465">
        <ele>359.96</ele>
      </trkpt>
      <trkpt lat="45.1650475" lon="-72.1142175">
        <ele>359.63</ele>
      </trkpt>
      <trkpt lat="45.165675" lon="-72.113785">
        <ele>360.94</ele>
      </trkpt>
      <trkpt lat="45.1663025" lon="-72.1133525">
        <ele>365.57</ele>
      </trkpt>
      <trkpt lat="45.16693" lon="-72.11292">
        <ele>372.41</ele>
      </trkpt>
      <trkpt lat="45.16718" lon="-72.11273">
        <ele>373.78</ele>
      </trkpt>
      <trkpt lat="45.16739" lon="-72.11245">
        <ele>374.12</ele>
      </trkpt>
      <trkpt lat="45.16802" lon="-72.11157">
        <ele>369.56</ele>
      </trkpt>
      <trkpt lat="45.16862" lon="-72.11064">
        <ele>365.23</ele>
      </trkpt>
      <trkpt lat="45.169135" lon="-72.110005">
        <ele>362.54</ele>
      </trkpt>
      <trkpt lat="45.16965" lon="-72.10937">
        <ele>357.13</ele>
      </trkpt>
      <trkpt lat="45.17014" lon="-72.1088">
        <ele>352.32</ele>
      </trkpt>
      <trkpt lat="45.17053" lon="-72.10844">
        <ele>348.23</ele>
      </trkpt>
      <trkpt lat="45.17078" lon="-72.10812">
        <ele>343.86</ele>
      </trkpt>
      <trkpt lat="45.17134" lon="-72.10758">
        <ele>337.53</ele>
      </trkpt>
      <trkpt lat="45.171925" lon="-72.10698">
        <ele>330.35</ele>
      </trkpt>
      <trkpt lat="45.17251" lon="-72.10638">
        <ele>322.47</ele>
      </trkpt>
      <trkpt lat="45.173095" lon="-72.10578">
        <ele>321.75</ele>
      </trkpt>
      <trkpt lat="45.17368" lon="-72.10518">
        <ele>322.55</ele>
      </trkpt>
      <trkpt lat="45.17406" lon="-72.10476">
        <ele>324.9</ele>
      </trkpt>
      <trkpt lat="45.17461" lon="-72.10396">
        <ele>331.55</ele>
      </trkpt>
      <trkpt lat="45.17491" lon="-72.10338">
        <ele>336.46</ele>
      </trkpt>
      <trkpt lat="45.17534" lon="-72.10253">
        <ele>338.67</ele>
      </trkpt>
      <trkpt lat="45.1756" lon="-72.10181">
        <ele>339.67</ele>
      </trkpt>
      <trkpt lat="45.175865" lon="-72.101245">
        <ele>340.92</ele>
      </trkpt>
      <trkpt lat="45.17613" lon="-72.10068">
        <ele>340.58</ele>
      </trkpt>
      <trkpt lat="45.17625" lon="-72.10051">
        <ele>340.44</ele>
      </trkpt>
      <trkpt lat="45.17692" lon="-72.09997">
        <ele>339.62</ele>
      </trkpt>
      <trkpt lat="45.17726" lon="-72.09957">
        <ele>338.83</ele>
      </trkpt>
      <trkpt lat="45.17763" lon="-72.099">
        <ele>338.2</ele>
      </trkpt>
      <trkpt lat="45.17799" lon="-72.09832">
        <ele>333.77</ele>
      </trkpt>
      <trkpt lat="45.17839" lon="-72.09761">
        <ele>329.54</ele>
      </trkpt>
      <trkpt lat="45.17875" lon="-72.09703">
        <ele>322.84</ele>
      </trkpt>
      <trkpt lat="45.17898" lon="-72.09653">
        <ele>321.46</ele>
      </trkpt>
      <trkpt lat="45.17925" lon="-72.09612">
        <ele>318.45</ele>
      </trkpt>
      <trkpt lat="45.179565" lon="-72.09552">
        <ele>314.2</ele>
      </trkpt>
      <trkpt lat="45.17988" lon="-72.09492">
        <ele>311.54</ele>
      </trkpt>
      <trkpt lat="45.18022" lon="-72.0943">
        <ele>309.87</ele>
      </trkpt>
      <trkpt lat="45.18041" lon="-72.09403">
        <ele>308.58</ele>
      </trkpt>
      <trkpt lat="45.18058" lon="-72.09384">
        <ele>307.13</ele>
      </trkpt>
      <trkpt lat="45.18078" lon="-72.09367">
        <ele>305</ele>
      </trkpt>
      <trkpt lat="45.18087" lon="-72.09366">
        <ele>303.72</ele>
      </trkpt>
      <trkpt lat="45.18111" lon="-72.09348">
        <ele>299.64</ele>
      </trkpt>
      <trkpt lat="45.18154" lon="-72.0933">
        <ele>296.95</ele>
      </trkpt>
      <trkpt lat="45.18153" lon="-72.0933">
        <ele>296.97</ele>
      </trkpt>
      <trkpt lat="45.18162" lon="-72.09326">
        <ele>295.26</ele>
      </trkpt>
      <trkpt lat="45.18193" lon="-72.09303">
        <ele>291.96</ele>
      </trkpt>
      <trkpt lat="45.18204" lon="-72.09291">
        <ele>287.78</ele>
      </trkpt>
      <trkpt lat="45.18232" lon="-72.09269">
        <ele>283.3</ele>
      </trkpt>
      <trkpt lat="45.1828" lon="-72.09223">
        <ele>277.95</ele>
      </trkpt>
      <trkpt lat="45.183135" lon="-72.091805">
        <ele>274.94</ele>
      </trkpt>
      <trkpt lat="45.18347" lon="-72.09138">
        <ele>270.09</ele>
      </trkpt>
      <trkpt lat="45.18405" lon="-72.090575">
        <ele>260.93</ele>
      </trkpt>
      <trkpt lat="45.18463" lon="-72.08977">
        <ele>256.14</ele>
      </trkpt>
      <trkpt lat="45.18478" lon="-72.08959">
        <ele>254.21</ele>
      </trkpt>
      <trkpt lat="45.18549" lon="-72.08904">
        <ele>244.56</ele>
      </trkpt>
      <trkpt lat="45.18624" lon="-72.08858">
        <ele>235.33</ele>
      </trkpt>
      <trkpt lat="45.18698" lon="-72.08819">
        <ele>227.03</ele>
      </trkpt>
      <trkpt lat="45.18695" lon="-72.08785">
        <ele>226.82</ele>
      </trkpt>
      <trkpt lat="45.18693" lon="-72.08726">
        <ele>225.28</ele>
      </trkpt>
      <trkpt lat="45.1869675" lon="-72.086095">
        <ele>222.14</ele>
      </trkpt>
      <trkpt lat="45.187005" lon="-72.08493">
        <ele>218.73</ele>
      </trkpt>
      <trkpt lat="45.1870425" lon="-72.083765">
        <ele>215.54</ele>
      </trkpt>
      <trkpt lat="45.18708" lon="-72.0826">
        <ele>214.12</ele>
      </trkpt>
      <trkpt lat="45.18706" lon="-72.08136">
        <ele>213.5</ele>
      </trkpt>
      <trkpt lat="45.18701" lon="-72.08087">
        <ele>213.55</ele>
      </trkpt>
      <trkpt lat="45.186795" lon="-72.0797925">
        <ele>213.91</ele>
      </trkpt>
      <trkpt lat="45.18658" lon="-72.078715">
        <ele>213.88</ele>
      </trkpt>
      <trkpt lat="45.186365" lon="-72.0776375">
        <ele>212.9</ele>
      </trkpt>
      <trkpt lat="45.18615" lon="-72.07656">
        <ele>210.47</ele>
      </trkpt>
      <trkpt lat="45.18615" lon="-72.07656">
        <ele>210.48</ele>
      </trkpt>
      <trkpt lat="45.1859133" lon="-72.07538">
        <ele>207.39</ele>
      </trkpt>
      <trkpt lat="45.1856767" lon="-72.0742">
        <ele>205.36</ele>
      </trkpt>
      <trkpt lat="45.18544" lon="-72.07302">
        <ele>202.04</ele>
      </trkpt>
      <trkpt lat="45.18534" lon="-72.07257">
        <ele>201.27</ele>
      </trkpt>
      <trkpt lat="45.18524" lon="-72.07226">
        <ele>200.27</ele>
      </trkpt>
      <trkpt lat="45.18493" lon="-72.07155">
        <ele>197.71</ele>
      </trkpt>
      <trkpt lat="45.18473" lon="-72.07123">
        <ele>195.94</ele>
      </trkpt>
      <trkpt lat="45.18441" lon="-72.07087">
        <ele>193.39</ele>
      </trkpt>
      <trkpt lat="45.18414" lon="-72.07064">
        <ele>190.97</ele>
      </trkpt>
      <trkpt lat="45.18383" lon="-72.07043">
        <ele>188.71</ele>
      </trkpt>
      <trkpt lat="45.18345" lon="-72.07025">
        <ele>187.34</ele>
      </trkpt>
      <trkpt lat="45.18309" lon="-72.07017">
        <ele>184.05</ele>
      </trkpt>
      <trkpt lat="45.18265" lon="-72.0702">
        <ele>182.34</ele>
      </trkpt>
      <trkpt lat="45.18233" lon="-72.07024">
        <ele>179.71</ele>
      </trkpt>
      <trkpt lat="45.1815425" lon="-72.07043">
        <ele>174.94</ele>
      </trkpt>
      <trkpt lat="45.180755" lon="-72.07062">
        <ele>170.38</ele>
      </trkpt>
      <trkpt lat="45.1799675" lon="-72.07081">
        <ele>168.28</ele>
      </trkpt>
      <trkpt lat="45.17918" lon="-72.071">
        <ele>169.38</ele>
      </trkpt>
      <trkpt lat="45.17875" lon="-72.071">
        <ele>169.73</ele>
      </trkpt>
      <trkpt lat="45.17853" lon="-72.07096">
        <ele>170.26</ele>
      </trkpt>
      <trkpt lat="45.17828" lon="-72.07087">
        <ele>170.52</ele>
      </trkpt>
      <trkpt lat="45.17801" lon="-72.07069">
        <ele>170.82</ele>
      </trkpt>
      <trkpt lat="45.17776" lon="-72.07047">
        <ele>170.89</ele>
      </trkpt>
      <trkpt lat="45.17713" lon="-72.0697">
        <ele>170.03</ele>
      </trkpt>
      <trkpt lat="45.1765" lon="-72.06893">
        <ele>170.06</ele>
      </trkpt>
      <trkpt lat="45.17587" lon="-72.06816">
        <ele>170.22</ele>
      </trkpt>
      <trkpt lat="45.17524" lon="-72.06739">
        <ele>171.87</ele>
      </trkpt>
      <trkpt lat="45.17487" lon="-72.0668">
        <ele>172.96</ele>
      </trkpt>
      <trkpt lat="45.1746" lon="-72.06618">
        <ele>173.31</ele>
      </trkpt>
      <trkpt lat="45.1745" lon="-72.06585">
        <ele>173.22</ele>
      </trkpt>
      <trkpt lat="45.17435" lon="-72.06514">
        <ele>172.46</ele>
      </trkpt>
      <trkpt lat="45.17429" lon="-72.06473">
        <ele>171.57</ele>
      </trkpt>
      <trkpt lat="45.17427" lon="-72.06435">
        <ele>171.2</ele>
      </trkpt>
      <trkpt lat="45.17433" lon="-72.06336">
        <ele>171.47</ele>
      </trkpt>
      <trkpt lat="45.17443" lon="-72.062725">
        <ele>173.48</ele>
      </trkpt>
      <trkpt lat="45.17453" lon="-72.06209">
        <ele>176.92</ele>
      </trkpt>
      <trkpt lat="45.17457" lon="-72.06174">
        <ele>177.91</ele>
      </trkpt>
      <trkpt lat="45.17459" lon="-72.06143">
        <ele>178.92</ele>
      </trkpt>
      <trkpt lat="45.17458" lon="-72.06093">
        <ele>180.06</ele>
      </trkpt>
      <trkpt lat="45.17445" lon="-72.06035">
        <ele>180.45</ele>
      </trkpt>
      <trkpt lat="45.17435" lon="-72.06008">
        <ele>180.19</ele>
      </trkpt>
      <trkpt lat="45.17425" lon="-72.05987">
        <ele>179.63</ele>
      </trkpt>
      <trkpt lat="45.1741" lon="-72.05964">
        <ele>178.99</ele>
      </trkpt>
      <trkpt lat="45.17375" lon="-72.05919">
        <ele>176.57</ele>
      </trkpt>
      <trkpt lat="45.17359" lon="-72.05893">
        <ele>174.67</ele>
      </trkpt>
      <trkpt lat="45.17345" lon="-72.05866">
        <ele>173.37</ele>
      </trkpt>
      <trkpt lat="45.17333" lon="-72.05829">
        <ele>171.3</ele>
      </trkpt>
      <trkpt lat="45.17327" lon="-72.05802">
        <ele>171.14</ele>
      </trkpt>
      <trkpt lat="45.17325" lon="-72.05744">
        <ele>170.36</ele>
      </trkpt>
      <trkpt lat="45.17329" lon="-72.05717">
        <ele>170.16</ele>
      </trkpt>
      <trkpt lat="45.17344" lon="-72.056525">
        <ele>169.04</ele>
      </trkpt>
      <trkpt lat="45.17359" lon="-72.05588">
        <ele>166.01</ele>
      </trkpt>
      <trkpt lat="45.17367" lon="-72.05538">
        <ele>164.76</ele>
      </trkpt>
      <trkpt lat="45.17367" lon="-72.05511">
        <ele>164.61</ele>
      </trkpt>
      <trkpt lat="45.17358" lon="-72.0545">
        <ele>163.85</ele>
      </trkpt>
      <trkpt lat="45.1735" lon="-72.05422">
        <ele>163.85</ele>
      </trkpt>
      <trkpt lat="45.1734" lon="-72.05399">
        <ele>163.62</ele>
      </trkpt>
      <trkpt lat="45.1730233" lon="-72.0532867">
        <ele>163.74</ele>
      </trkpt>
      <trkpt lat="45.1726467" lon="-72.0525833">
        <ele>164.02</ele>
      </trkpt>
      <trkpt lat="45.17227" lon="-72.05188">
        <ele>164.36</ele>
      </trkpt>
      <trkpt lat="45.17173" lon="-72.05091">
        <ele>164.09</ele>
      </trkpt>
      <trkpt lat="45.17146" lon="-72.05032">
        <ele>164.28</ele>
      </trkpt>
      <trkpt lat="45.17136" lon="-72.05">
        <ele>164.26</ele>
      </trkpt>
      <trkpt lat="45.17131" lon="-72.0497">
        <ele>164.28</ele>
      </trkpt>
      <trkpt lat="45.171235" lon="-72.048745">
        <ele>164.42</ele>
      </trkpt>
      <trkpt lat="45.17116" lon="-72.04779">
        <ele>165.49</ele>
      </trkpt>
      <trkpt lat="45.17106" lon="-72.04701">
        <ele>168.9</ele>
      </trkpt>
      <trkpt lat="45.17092" lon="-72.04653">
        <ele>169.27</ele>
      </trkpt>
      <trkpt lat="45.1706333" lon="-72.04577">
        <ele>168.98</ele>
      </trkpt>
      <trkpt lat="45.1703467" lon="-72.04501">
        <ele>169.16</ele>
      </trkpt>
      <trkpt lat="45.17006" lon="-72.04425">
        <ele>169.88</ele>
      </trkpt>
      <trkpt lat="45.16971" lon="-72.04342">
        <ele>170.15</ele>
      </trkpt>
    </trkseg>
  </trk>
</gpx>