<?xml version='1.0' encoding='utf-8'?>
<gpx xmlns="http://www.topografix.com/GPX/1/1" xmlns:xsi="http://www.w3.org/2001/XMLSchema-instance" version="1.1" creator="Gravelle Estrie" xsi:schemaLocation="http://www.topografix.com/GPX/1/1 http://www.topografix.com/GPX/1/1/gpx.xsd">
  <metadata>
    <name>Soleil Bleu</name>
  </metadata>
  <trk>
    <name>Soleil Bleu</name>
    <trkseg>
      <trkpt lat="45.31762" lon="-72.65243">
        <ele>125.58</ele>
      </trkpt>
      <trkpt lat="45.31749" lon="-72.65335">
        <ele>125.08</ele>
      </trkpt>
      <trkpt lat="45.3172833" lon="-72.6543133">
        <ele>124.8</ele>
      </trkpt>
      <trkpt lat="45.3170767" lon="-72.6552767">
        <ele>124.82</ele>
      </trkpt>
      <trkpt lat="45.31687" lon="-72.65624">
        <ele>124.96</ele>
      </trkpt>
      <trkpt lat="45.31681" lon="-72.65693">
        <ele>126.22</ele>
      </trkpt>
      <trkpt lat="45.31675" lon="-72.6571">
        <ele>126.18</ele>
      </trkpt>
      <trkpt lat="45.3159" lon="-72.65714">
        <ele>127.19</ele>
      </trkpt>
      <trkpt lat="45.31505" lon="-72.65718">
        <ele>131.07</ele>
      </trkpt>
      <trkpt lat="45.31499" lon="-72.65788">
        <ele>130.48</ele>
      </trkpt>
      <trkpt lat="45.31499" lon="-72.65789">
        <ele>130.48</ele>
      </trkpt>
      <trkpt lat="45.31496" lon="-72.65822">
        <ele>130.57</ele>
      </trkpt>
      <trkpt lat="45.31485" lon="-72.65845">
        <ele>130.67</ele>
      </trkpt>
      <trkpt lat="45.31478" lon="-72.65867">
        <ele>130.5</ele>
      </trkpt>
      <trkpt lat="45.31473" lon="-72.65898">
        <ele>130.15</ele>
      </trkpt>
      <trkpt lat="45.31473" lon="-72.65921">
        <ele>130.1</ele>
      </trkpt>
      <trkpt lat="45.31469" lon="-72.65928">
        <ele>130.08</ele>
      </trkpt>
      <trkpt lat="45.31448" lon="-72.65939">
        <ele>130.2</ele>
      </trkpt>
      <trkpt lat="45.31437" lon="-72.65956">
        <ele>130.22</ele>
      </trkpt>
      <trkpt lat="45.31413" lon="-72.6606">
        <ele>129.5</ele>
      </trkpt>
      <trkpt lat="45.31387" lon="-72.66135">
        <ele>129.18</ele>
      </trkpt>
      <trkpt lat="45.31387" lon="-72.66136">
        <ele>129.18</ele>
      </trkpt>
      <trkpt lat="45.3134" lon="-72.66242">
        <ele>129.42</ele>
      </trkpt>
      <trkpt lat="45.31304" lon="-72.663395">
        <ele>128.98</ele>
      </trkpt>
      <trkpt lat="45.31268" lon="-72.66437">
        <ele>127.59</ele>
      </trkpt>
      <trkpt lat="45.31232" lon="-72.665345">
        <ele>126.56</ele>
      </trkpt>
      <trkpt lat="45.31196" lon="-72.66632">
        <ele>125.27</ele>
      </trkpt>
      <trkpt lat="45.31155" lon="-72.6673">
        <ele>125.83</ele>
      </trkpt>
      <trkpt lat="45.31125" lon="-72.66838">
        <ele>125.86</ele>
      </trkpt>
      <trkpt lat="45.31089" lon="-72.6692325">
        <ele>125.05</ele>
      </trkpt>
      <trkpt lat="45.31053" lon="-72.670085">
        <ele>124.4</ele>
      </trkpt>
      <trkpt lat="45.31017" lon="-72.6709375">
        <ele>124.23</ele>
      </trkpt>
      <trkpt lat="45.30981" lon="-72.67179">
        <ele>124.46</ele>
      </trkpt>
      <trkpt lat="45.30957" lon="-72.67223">
        <ele>124.21</ele>
      </trkpt>
      <trkpt lat="45.30927" lon="-72.6726">
        <ele>123.97</ele>
      </trkpt>
      <trkpt lat="45.30913" lon="-72.67291">
        <ele>123.44</ele>
      </trkpt>
      <trkpt lat="45.309" lon="-72.67324">
        <ele>123.49</ele>
      </trkpt>
      <trkpt lat="45.309" lon="-72.67325">
        <ele>123.5</ele>
      </trkpt>
      <trkpt lat="45.30882" lon="-72.67375">
        <ele>123.47</ele>
      </trkpt>
      <trkpt lat="45.30881" lon="-72.67385">
        <ele>123.47</ele>
      </trkpt>
      <trkpt lat="45.30885" lon="-72.67394">
        <ele>122.26</ele>
      </trkpt>
      <trkpt lat="45.30945" lon="-72.67479">
        <ele>119.85</ele>
      </trkpt>
      <trkpt lat="45.3096" lon="-72.67488">
        <ele>119.62</ele>
      </trkpt>
      <trkpt lat="45.3097" lon="-72.67501">
        <ele>118.81</ele>
      </trkpt>
      <trkpt lat="45.30982" lon="-72.67519">
        <ele>118.81</ele>
      </trkpt>
      <trkpt lat="45.3099" lon="-72.67541">
        <ele>118.36</ele>
      </trkpt>
      <trkpt lat="45.31018" lon="-72.67591">
        <ele>117.37</ele>
      </trkpt>
      <trkpt lat="45.31028" lon="-72.67613">
        <ele>117.19</ele>
      </trkpt>
      <trkpt lat="45.31029" lon="-72.67622">
        <ele>117.16</ele>
      </trkpt>
      <trkpt lat="45.31026" lon="-72.6763">
        <ele>117.16</ele>
      </trkpt>
      <trkpt lat="45.31013" lon="-72.67644">
        <ele>117.25</ele>
      </trkpt>
      <trkpt lat="45.31006" lon="-72.67662">
        <ele>117.25</ele>
      </trkpt>
      <trkpt lat="45.31001" lon="-72.67662">
        <ele>117.25</ele>
      </trkpt>
      <trkpt lat="45.30997" lon="-72.67658">
        <ele>117.25</ele>
      </trkpt>
      <trkpt lat="45.30984" lon="-72.67626">
        <ele>117.5</ele>
      </trkpt>
      <trkpt lat="45.30967" lon="-72.67594">
        <ele>118.01</ele>
      </trkpt>
      <trkpt lat="45.30955" lon="-72.67578">
        <ele>118.14</ele>
      </trkpt>
      <trkpt lat="45.30939" lon="-72.67578">
        <ele>118.26</ele>
      </trkpt>
      <trkpt lat="45.30892" lon="-72.6761">
        <ele>119.47</ele>
      </trkpt>
      <trkpt lat="45.30891" lon="-72.6761">
        <ele>119.5</ele>
      </trkpt>
      <trkpt lat="45.30869" lon="-72.67626">
        <ele>120.02</ele>
      </trkpt>
      <trkpt lat="45.30859" lon="-72.67626">
        <ele>120.02</ele>
      </trkpt>
      <trkpt lat="45.30835" lon="-72.67596">
        <ele>120.49</ele>
      </trkpt>
      <trkpt lat="45.30825" lon="-72.676">
        <ele>120.49</ele>
      </trkpt>
      <trkpt lat="45.3079233" lon="-72.6768367">
        <ele>119.97</ele>
      </trkpt>
      <trkpt lat="45.3075967" lon="-72.6776733">
        <ele>118.86</ele>
      </trkpt>
      <trkpt lat="45.30727" lon="-72.67851">
        <ele>118.12</ele>
      </trkpt>
      <trkpt lat="45.3071" lon="-72.67881">
        <ele>118.08</ele>
      </trkpt>
      <trkpt lat="45.30671" lon="-72.6792">
        <ele>118.65</ele>
      </trkpt>
      <trkpt lat="45.30632" lon="-72.67959">
        <ele>120.36</ele>
      </trkpt>
      <trkpt lat="45.30638" lon="-72.67972">
        <ele>120.3</ele>
      </trkpt>
      <trkpt lat="45.3064" lon="-72.67988">
        <ele>119.87</ele>
      </trkpt>
      <trkpt lat="45.30638" lon="-72.67999">
        <ele>119.87</ele>
      </trkpt>
      <trkpt lat="45.30589" lon="-72.68101">
        <ele>118.68</ele>
      </trkpt>
      <trkpt lat="45.30565" lon="-72.68163">
        <ele>118.18</ele>
      </trkpt>
      <trkpt lat="45.30565" lon="-72.68164">
        <ele>118.18</ele>
      </trkpt>
      <trkpt lat="45.3056" lon="-72.68177">
        <ele>118.18</ele>
      </trkpt>
      <trkpt lat="45.30538" lon="-72.68217">
        <ele>118.14</ele>
      </trkpt>
      <trkpt lat="45.30533" lon="-72.6825">
        <ele>118.14</ele>
      </trkpt>
      <trkpt lat="45.30513" lon="-72.68302">
        <ele>117.84</ele>
      </trkpt>
      <trkpt lat="45.3051" lon="-72.68325">
        <ele>117.69</ele>
      </trkpt>
      <trkpt lat="45.30481" lon="-72.68387">
        <ele>116.73</ele>
      </trkpt>
      <trkpt lat="45.30477" lon="-72.68402">
        <ele>116.73</ele>
      </trkpt>
      <trkpt lat="45.30456" lon="-72.6846">
        <ele>116.58</ele>
      </trkpt>
      <trkpt lat="45.30435" lon="-72.68508">
        <ele>116.4</ele>
      </trkpt>
      <trkpt lat="45.30433" lon="-72.68517">
        <ele>116.4</ele>
      </trkpt>
      <trkpt lat="45.30435" lon="-72.68523">
        <ele>116.4</ele>
      </trkpt>
      <trkpt lat="45.30448" lon="-72.68536">
        <ele>115.69</ele>
      </trkpt>
      <trkpt lat="45.3042" lon="-72.68611">
        <ele>115.15</ele>
      </trkpt>
      <trkpt lat="45.30419" lon="-72.68616">
        <ele>115.02</ele>
      </trkpt>
      <trkpt lat="45.30423" lon="-72.68633">
        <ele>114.67</ele>
      </trkpt>
      <trkpt lat="45.30438" lon="-72.68647">
        <ele>114.5</ele>
      </trkpt>
      <trkpt lat="45.30443" lon="-72.68664">
        <ele>114.37</ele>
      </trkpt>
      <trkpt lat="45.30447" lon="-72.68748">
        <ele>114.06</ele>
      </trkpt>
      <trkpt lat="45.30451" lon="-72.68832">
        <ele>113.79</ele>
      </trkpt>
      <trkpt lat="45.3045" lon="-72.68854">
        <ele>113.74</ele>
      </trkpt>
      <trkpt lat="45.30453" lon="-72.6893">
        <ele>113.34</ele>
      </trkpt>
      <trkpt lat="45.30444" lon="-72.68955">
        <ele>113.36</ele>
      </trkpt>
      <trkpt lat="45.30432" lon="-72.6897">
        <ele>113.46</ele>
      </trkpt>
      <trkpt lat="45.30407" lon="-72.68978">
        <ele>113.8</ele>
      </trkpt>
      <trkpt lat="45.30387" lon="-72.6897">
        <ele>113.8</ele>
      </trkpt>
      <trkpt lat="45.30366" lon="-72.68956">
        <ele>113.98</ele>
      </trkpt>
      <trkpt lat="45.3033" lon="-72.68957">
        <ele>114.81</ele>
      </trkpt>
      <trkpt lat="45.30312" lon="-72.68956">
        <ele>115.25</ele>
      </trkpt>
      <trkpt lat="45.30296" lon="-72.68947">
        <ele>116.33</ele>
      </trkpt>
      <trkpt lat="45.3028" lon="-72.68933">
        <ele>116.72</ele>
      </trkpt>
      <trkpt lat="45.30259" lon="-72.68925">
        <ele>117.33</ele>
      </trkpt>
      <trkpt lat="45.30243" lon="-72.68926">
        <ele>118.2</ele>
      </trkpt>
      <trkpt lat="45.30227" lon="-72.68935">
        <ele>118.72</ele>
      </trkpt>
      <trkpt lat="45.30218" lon="-72.68948">
        <ele>118.68</ele>
      </trkpt>
      <trkpt lat="45.30215" lon="-72.68978">
        <ele>118.4</ele>
      </trkpt>
      <trkpt lat="45.30215" lon="-72.69037">
        <ele>117.64</ele>
      </trkpt>
      <trkpt lat="45.30218" lon="-72.69091">
        <ele>116.64</ele>
      </trkpt>
      <trkpt lat="45.30231" lon="-72.69175">
        <ele>114.08</ele>
      </trkpt>
      <trkpt lat="45.30232" lon="-72.69189">
        <ele>113.83</ele>
      </trkpt>
      <trkpt lat="45.30229" lon="-72.69202">
        <ele>113.47</ele>
      </trkpt>
      <trkpt lat="45.30221" lon="-72.6922">
        <ele>113.05</ele>
      </trkpt>
      <trkpt lat="45.30202" lon="-72.69238">
        <ele>112.72</ele>
      </trkpt>
      <trkpt lat="45.30179" lon="-72.69269">
        <ele>112.59</ele>
      </trkpt>
      <trkpt lat="45.30172" lon="-72.69274">
        <ele>112.59</ele>
      </trkpt>
      <trkpt lat="45.30156" lon="-72.69278">
        <ele>112.77</ele>
      </trkpt>
      <trkpt lat="45.30147" lon="-72.69274">
        <ele>112.96</ele>
      </trkpt>
      <trkpt lat="45.30087" lon="-72.69207">
        <ele>115.23</ele>
      </trkpt>
      <trkpt lat="45.30082" lon="-72.69203">
        <ele>115.23</ele>
      </trkpt>
      <trkpt lat="45.30075" lon="-72.69203">
        <ele>115.51</ele>
      </trkpt>
      <trkpt lat="45.30064" lon="-72.69226">
        <ele>115.68</ele>
      </trkpt>
      <trkpt lat="45.30033" lon="-72.69281">
        <ele>115.45</ele>
      </trkpt>
      <trkpt lat="45.30002" lon="-72.69336">
        <ele>115.01</ele>
      </trkpt>
      <trkpt lat="45.30001" lon="-72.69336">
        <ele>115</ele>
      </trkpt>
      <trkpt lat="45.29962" lon="-72.69406">
        <ele>114.79</ele>
      </trkpt>
      <trkpt lat="45.29923" lon="-72.69476">
        <ele>115.29</ele>
      </trkpt>
      <trkpt lat="45.29909" lon="-72.6949">
        <ele>115.79</ele>
      </trkpt>
      <trkpt lat="45.29877" lon="-72.69516">
        <ele>116.68</ele>
      </trkpt>
      <trkpt lat="45.29841" lon="-72.6957">
        <ele>116.66</ele>
      </trkpt>
      <trkpt lat="45.29804" lon="-72.696345">
        <ele>116.16</ele>
      </trkpt>
      <trkpt lat="45.29767" lon="-72.69699">
        <ele>115.45</ele>
      </trkpt>
      <trkpt lat="45.29765" lon="-72.69722">
        <ele>114.75</ele>
      </trkpt>
      <trkpt lat="45.29778" lon="-72.69771">
        <ele>113.68</ele>
      </trkpt>
      <trkpt lat="45.29785" lon="-72.69781">
        <ele>113.26</ele>
      </trkpt>
      <trkpt lat="45.29819" lon="-72.69811">
        <ele>111.84</ele>
      </trkpt>
      <trkpt lat="45.29835" lon="-72.69829">
        <ele>111.22</ele>
      </trkpt>
      <trkpt lat="45.29869" lon="-72.69874">
        <ele>110.07</ele>
      </trkpt>
      <trkpt lat="45.29889" lon="-72.69916">
        <ele>109.55</ele>
      </trkpt>
      <trkpt lat="45.29889" lon="-72.69916">
        <ele>109.56</ele>
      </trkpt>
      <trkpt lat="45.2992567" lon="-72.6999033">
        <ele>108.86</ele>
      </trkpt>
      <trkpt lat="45.2996233" lon="-72.7006467">
        <ele>108.49</ele>
      </trkpt>
      <trkpt lat="45.29999" lon="-72.70139">
        <ele>109.36</ele>
      </trkpt>
      <trkpt lat="45.30024" lon="-72.70197">
        <ele>110.14</ele>
      </trkpt>
      <trkpt lat="45.30035" lon="-72.70246">
        <ele>110.67</ele>
      </trkpt>
      <trkpt lat="45.30036" lon="-72.70272">
        <ele>111.68</ele>
      </trkpt>
      <trkpt lat="45.30034" lon="-72.70293">
        <ele>111.93</ele>
      </trkpt>
      <trkpt lat="45.29949" lon="-72.70295">
        <ele>111.31</ele>
      </trkpt>
      <trkpt lat="45.29948" lon="-72.70295">
        <ele>111.31</ele>
      </trkpt>
      <trkpt lat="45.298752" lon="-72.702962">
        <ele>110.93</ele>
      </trkpt>
      <trkpt lat="45.298024" lon="-72.702974">
        <ele>110.47</ele>
      </trkpt>
      <trkpt lat="45.297296" lon="-72.702986">
        <ele>110.27</ele>
      </trkpt>
      <trkpt lat="45.296568" lon="-72.702998">
        <ele>110.54</ele>
      </trkpt>
      <trkpt lat="45.29584" lon="-72.70301">
        <ele>111.26</ele>
      </trkpt>
      <trkpt lat="45.29584" lon="-72.70395">
        <ele>109.23</ele>
      </trkpt>
      <trkpt lat="45.29584" lon="-72.70396">
        <ele>109.23</ele>
      </trkpt>
      <trkpt lat="45.29581" lon="-72.70411">
        <ele>109.23</ele>
      </trkpt>
      <trkpt lat="45.29575" lon="-72.70419">
        <ele>108.14</ele>
      </trkpt>
      <trkpt lat="45.29568" lon="-72.70421">
        <ele>108.14</ele>
      </trkpt>
      <trkpt lat="45.29558" lon="-72.7042">
        <ele>107.52</ele>
      </trkpt>
      <trkpt lat="45.2949" lon="-72.70398">
        <ele>106.39</ele>
      </trkpt>
      <trkpt lat="45.29468" lon="-72.70393">
        <ele>107.15</ele>
      </trkpt>
      <trkpt lat="45.29448" lon="-72.70393">
        <ele>108.53</ele>
      </trkpt>
      <trkpt lat="45.29431" lon="-72.70394">
        <ele>108.53</ele>
      </trkpt>
      <trkpt lat="45.293735" lon="-72.70411">
        <ele>109.89</ele>
      </trkpt>
      <trkpt lat="45.29316" lon="-72.70428">
        <ele>109.98</ele>
      </trkpt>
      <trkpt lat="45.29297" lon="-72.70442">
        <ele>110.33</ele>
      </trkpt>
      <trkpt lat="45.29288" lon="-72.70452">
        <ele>110.44</ele>
      </trkpt>
      <trkpt lat="45.2928" lon="-72.70469">
        <ele>110.48</ele>
      </trkpt>
      <trkpt lat="45.29273" lon="-72.70502">
        <ele>110.14</ele>
      </trkpt>
      <trkpt lat="45.29267" lon="-72.70572">
        <ele>108.77</ele>
      </trkpt>
      <trkpt lat="45.29261" lon="-72.70586">
        <ele>108.39</ele>
      </trkpt>
      <trkpt lat="45.29244" lon="-72.70608">
        <ele>107.91</ele>
      </trkpt>
      <trkpt lat="45.29191" lon="-72.70662">
        <ele>107.7</ele>
      </trkpt>
      <trkpt lat="45.29145" lon="-72.70681">
        <ele>108.04</ele>
      </trkpt>
      <trkpt lat="45.2911" lon="-72.70693">
        <ele>108.41</ele>
      </trkpt>
      <trkpt lat="45.2906" lon="-72.70694">
        <ele>109.27</ele>
      </trkpt>
      <trkpt lat="45.29021" lon="-72.70703">
        <ele>109.93</ele>
      </trkpt>
      <trkpt lat="45.289815" lon="-72.70739">
        <ele>110.02</ele>
      </trkpt>
      <trkpt lat="45.28942" lon="-72.70775">
        <ele>109.93</ele>
      </trkpt>
      <trkpt lat="45.288805" lon="-72.70837">
        <ele>109.53</ele>
      </trkpt>
      <trkpt lat="45.28819" lon="-72.70899">
        <ele>109.19</ele>
      </trkpt>
      <trkpt lat="45.2881" lon="-72.70892">
        <ele>109.29</ele>
      </trkpt>
      <trkpt lat="45.28795" lon="-72.70887">
        <ele>109.56</ele>
      </trkpt>
      <trkpt lat="45.28774" lon="-72.70904">
        <ele>109.79</ele>
      </trkpt>
      <trkpt lat="45.28767" lon="-72.70918">
        <ele>109.58</ele>
      </trkpt>
      <trkpt lat="45.2876" lon="-72.70927">
        <ele>109.58</ele>
      </trkpt>
      <trkpt lat="45.2876" lon="-72.70928">
        <ele>109.57</ele>
      </trkpt>
      <trkpt lat="45.28715" lon="-72.7098">
        <ele>109.28</ele>
      </trkpt>
      <trkpt lat="45.28685" lon="-72.7102">
        <ele>109.43</ele>
      </trkpt>
      <trkpt lat="45.28672" lon="-72.71039">
        <ele>109.65</ele>
      </trkpt>
      <trkpt lat="45.28661" lon="-72.71069">
        <ele>109.9</ele>
      </trkpt>
      <trkpt lat="45.2866" lon="-72.71078">
        <ele>109.88</ele>
      </trkpt>
      <trkpt lat="45.28663" lon="-72.71092">
        <ele>109.75</ele>
      </trkpt>
      <trkpt lat="45.28668" lon="-72.71105">
        <ele>109.75</ele>
      </trkpt>
      <trkpt lat="45.28682" lon="-72.71119">
        <ele>109.11</ele>
      </trkpt>
      <trkpt lat="45.28695" lon="-72.71119">
        <ele>108.87</ele>
      </trkpt>
      <trkpt lat="45.2871" lon="-72.71128">
        <ele>108.11</ele>
      </trkpt>
      <trkpt lat="45.2872" lon="-72.71145">
        <ele>107.86</ele>
      </trkpt>
      <trkpt lat="45.28723" lon="-72.71155">
        <ele>107.86</ele>
      </trkpt>
      <trkpt lat="45.28723" lon="-72.71163">
        <ele>107.86</ele>
      </trkpt>
      <trkpt lat="45.28718" lon="-72.71186">
        <ele>107.95</ele>
      </trkpt>
      <trkpt lat="45.28708" lon="-72.71213">
        <ele>107.77</ele>
      </trkpt>
      <trkpt lat="45.28708" lon="-72.71258">
        <ele>107.44</ele>
      </trkpt>
      <trkpt lat="45.28705" lon="-72.71271">
        <ele>107.09</ele>
      </trkpt>
      <trkpt lat="45.287" lon="-72.7128">
        <ele>107.04</ele>
      </trkpt>
      <trkpt lat="45.28675" lon="-72.71294">
        <ele>107.25</ele>
      </trkpt>
      <trkpt lat="45.28647" lon="-72.71334">
        <ele>107.47</ele>
      </trkpt>
      <trkpt lat="45.2864" lon="-72.71351">
        <ele>107.49</ele>
      </trkpt>
      <trkpt lat="45.28634" lon="-72.71374">
        <ele>107.41</ele>
      </trkpt>
      <trkpt lat="45.2862" lon="-72.71401">
        <ele>107.4</ele>
      </trkpt>
      <trkpt lat="45.28607" lon="-72.7144">
        <ele>107.62</ele>
      </trkpt>
      <trkpt lat="45.28595" lon="-72.71463">
        <ele>107.65</ele>
      </trkpt>
      <trkpt lat="45.28588" lon="-72.71485">
        <ele>107.56</ele>
      </trkpt>
      <trkpt lat="45.28579" lon="-72.7153">
        <ele>107.29</ele>
      </trkpt>
      <trkpt lat="45.28563" lon="-72.71584">
        <ele>106.92</ele>
      </trkpt>
      <trkpt lat="45.28524" lon="-72.7167">
        <ele>106.57</ele>
      </trkpt>
      <trkpt lat="45.2851" lon="-72.71696">
        <ele>106.45</ele>
      </trkpt>
      <trkpt lat="45.28479" lon="-72.71732">
        <ele>106.58</ele>
      </trkpt>
      <trkpt lat="45.28462" lon="-72.71741">
        <ele>106.66</ele>
      </trkpt>
      <trkpt lat="45.28449" lon="-72.71745">
        <ele>106.87</ele>
      </trkpt>
      <trkpt lat="45.28442" lon="-72.7175">
        <ele>106.99</ele>
      </trkpt>
      <trkpt lat="45.28435" lon="-72.71764">
        <ele>107.14</ele>
      </trkpt>
      <trkpt lat="45.2843" lon="-72.71782">
        <ele>107.64</ele>
      </trkpt>
      <trkpt lat="45.28433" lon="-72.71828">
        <ele>107.37</ele>
      </trkpt>
      <trkpt lat="45.28432" lon="-72.71875">
        <ele>106.55</ele>
      </trkpt>
      <trkpt lat="45.28429" lon="-72.71885">
        <ele>106.52</ele>
      </trkpt>
      <trkpt lat="45.28408" lon="-72.7191">
        <ele>106.47</ele>
      </trkpt>
      <trkpt lat="45.28404" lon="-72.71929">
        <ele>106.16</ele>
      </trkpt>
      <trkpt lat="45.2838" lon="-72.71969">
        <ele>106.21</ele>
      </trkpt>
      <trkpt lat="45.28361" lon="-72.72015">
        <ele>106.03</ele>
      </trkpt>
      <trkpt lat="45.28358" lon="-72.72076">
        <ele>105.39</ele>
      </trkpt>
      <trkpt lat="45.28355" lon="-72.72089">
        <ele>105.44</ele>
      </trkpt>
      <trkpt lat="45.2833" lon="-72.72157">
        <ele>106.05</ele>
      </trkpt>
      <trkpt lat="45.28305" lon="-72.72193">
        <ele>106.28</ele>
      </trkpt>
      <trkpt lat="45.28295" lon="-72.72194">
        <ele>106.28</ele>
      </trkpt>
      <trkpt lat="45.28286" lon="-72.72198">
        <ele>106.41</ele>
      </trkpt>
      <trkpt lat="45.28283" lon="-72.72206">
        <ele>106.42</ele>
      </trkpt>
      <trkpt lat="45.28283" lon="-72.72215">
        <ele>106.4</ele>
      </trkpt>
      <trkpt lat="45.28287" lon="-72.7222">
        <ele>106.4</ele>
      </trkpt>
      <trkpt lat="45.28314" lon="-72.7222">
        <ele>106.12</ele>
      </trkpt>
      <trkpt lat="45.28326" lon="-72.72224">
        <ele>106.08</ele>
      </trkpt>
      <trkpt lat="45.28329" lon="-72.72233">
        <ele>106.08</ele>
      </trkpt>
      <trkpt lat="45.28331" lon="-72.72256">
        <ele>106.01</ele>
      </trkpt>
      <trkpt lat="45.28337" lon="-72.72269">
        <ele>106.01</ele>
      </trkpt>
      <trkpt lat="45.28361" lon="-72.72292">
        <ele>105.66</ele>
      </trkpt>
      <trkpt lat="45.28383" lon="-72.72333">
        <ele>105.58</ele>
      </trkpt>
      <trkpt lat="45.28393" lon="-72.72359">
        <ele>105.68</ele>
      </trkpt>
      <trkpt lat="45.28393" lon="-72.72389">
        <ele>105.89</ele>
      </trkpt>
      <trkpt lat="45.28362" lon="-72.72488">
        <ele>104.65</ele>
      </trkpt>
      <trkpt lat="45.2833467" lon="-72.7256567">
        <ele>103.68</ele>
      </trkpt>
      <trkpt lat="45.2830733" lon="-72.7264333">
        <ele>103.13</ele>
      </trkpt>
      <trkpt lat="45.2828" lon="-72.72721">
        <ele>103.02</ele>
      </trkpt>
      <trkpt lat="45.282565" lon="-72.72791">
        <ele>103.13</ele>
      </trkpt>
      <trkpt lat="45.28233" lon="-72.72861">
        <ele>103.25</ele>
      </trkpt>
      <trkpt lat="45.28221" lon="-72.72882">
        <ele>103.21</ele>
      </trkpt>
      <trkpt lat="45.2815525" lon="-72.7294575">
        <ele>103.29</ele>
      </trkpt>
      <trkpt lat="45.280895" lon="-72.730095">
        <ele>103.39</ele>
      </trkpt>
      <trkpt lat="45.2802375" lon="-72.7307325">
        <ele>102.78</ele>
      </trkpt>
      <trkpt lat="45.27958" lon="-72.73137">
        <ele>102.93</ele>
      </trkpt>
      <trkpt lat="45.27944" lon="-72.73147">
        <ele>103.12</ele>
      </trkpt>
      <trkpt lat="45.27928" lon="-72.73147">
        <ele>103.43</ele>
      </trkpt>
      <trkpt lat="45.27856" lon="-72.73161">
        <ele>104.34</ele>
      </trkpt>
      <trkpt lat="45.27829" lon="-72.7317">
        <ele>104.38</ele>
      </trkpt>
      <trkpt lat="45.2774933" lon="-72.73207">
        <ele>104.63</ele>
      </trkpt>
      <trkpt lat="45.2766967" lon="-72.73244">
        <ele>104.33</ele>
      </trkpt>
      <trkpt lat="45.2759" lon="-72.73281">
        <ele>102.64</ele>
      </trkpt>
      <trkpt lat="45.27573" lon="-72.73294">
        <ele>102.44</ele>
      </trkpt>
      <trkpt lat="45.27562" lon="-72.73304">
        <ele>102.44</ele>
      </trkpt>
      <trkpt lat="45.2755" lon="-72.73326">
        <ele>102.26</ele>
      </trkpt>
      <trkpt lat="45.27513" lon="-72.73402">
        <ele>101.52</ele>
      </trkpt>
      <trkpt lat="45.27481" lon="-72.734645">
        <ele>101.57</ele>
      </trkpt>
      <trkpt lat="45.27449" lon="-72.73527">
        <ele>103.24</ele>
      </trkpt>
      <trkpt lat="45.27431" lon="-72.7355">
        <ele>103.72</ele>
      </trkpt>
      <trkpt lat="45.27419" lon="-72.73559">
        <ele>103.99</ele>
      </trkpt>
      <trkpt lat="45.27408" lon="-72.73564">
        <ele>104.13</ele>
      </trkpt>
      <trkpt lat="45.2732067" lon="-72.73558">
        <ele>104.39</ele>
      </trkpt>
      <trkpt lat="45.2723333" lon="-72.73552">
        <ele>104.84</ele>
      </trkpt>
      <trkpt lat="45.27146" lon="-72.73546">
        <ele>105.12</ele>
      </trkpt>
      <trkpt lat="45.27146" lon="-72.73546">
        <ele>105.13</ele>
      </trkpt>
      <trkpt lat="45.270735" lon="-72.73541">
        <ele>105.38</ele>
      </trkpt>
      <trkpt lat="45.27001" lon="-72.73536">
        <ele>104.2</ele>
      </trkpt>
      <trkpt lat="45.269215" lon="-72.73533">
        <ele>103.08</ele>
      </trkpt>
      <trkpt lat="45.26842" lon="-72.7353">
        <ele>102.25</ele>
      </trkpt>
      <trkpt lat="45.26816" lon="-72.73536">
        <ele>102.85</ele>
      </trkpt>
      <trkpt lat="45.267306" lon="-72.735586">
        <ele>105.26</ele>
      </trkpt>
      <trkpt lat="45.266452" lon="-72.735812">
        <ele>103.65</ele>
      </trkpt>
      <trkpt lat="45.265598" lon="-72.736038">
        <ele>101.15</ele>
      </trkpt>
      <trkpt lat="45.264744" lon="-72.736264">
        <ele>101.8</ele>
      </trkpt>
      <trkpt lat="45.26389" lon="-72.73649">
        <ele>104.17</ele>
      </trkpt>
      <trkpt lat="45.26311" lon="-72.73666">
        <ele>105.81</ele>
      </trkpt>
      <trkpt lat="45.26269" lon="-72.73666">
        <ele>106.31</ele>
      </trkpt>
      <trkpt lat="45.26207" lon="-72.73657">
        <ele>107.14</ele>
      </trkpt>
      <trkpt lat="45.261605" lon="-72.73648">
        <ele>108.13</ele>
      </trkpt>
      <trkpt lat="45.26114" lon="-72.73639">
        <ele>108.51</ele>
      </trkpt>
      <trkpt lat="45.260565" lon="-72.73623">
        <ele>109.23</ele>
      </trkpt>
      <trkpt lat="45.25999" lon="-72.73607">
        <ele>109.95</ele>
      </trkpt>
      <trkpt lat="45.259225" lon="-72.735805">
        <ele>110.89</ele>
      </trkpt>
      <trkpt lat="45.25846" lon="-72.73554">
        <ele>111.82</ele>
      </trkpt>
      <trkpt lat="45.257775" lon="-72.73527">
        <ele>113.87</ele>
      </trkpt>
      <trkpt lat="45.25709" lon="-72.735">
        <ele>117.4</ele>
      </trkpt>
      <trkpt lat="45.25627" lon="-72.73459">
        <ele>123.33</ele>
      </trkpt>
      <trkpt lat="45.2556" lon="-72.7343">
        <ele>126.43</ele>
      </trkpt>
      <trkpt lat="45.25548" lon="-72.73433">
        <ele>126.65</ele>
      </trkpt>
      <trkpt lat="45.2553" lon="-72.73388">
        <ele>127.05</ele>
      </trkpt>
      <trkpt lat="45.25514" lon="-72.73339">
        <ele>127.29</ele>
      </trkpt>
      <trkpt lat="45.2551" lon="-72.73319">
        <ele>127.28</ele>
      </trkpt>
      <trkpt lat="45.25438" lon="-72.733832">
        <ele>127.3</ele>
      </trkpt>
      <trkpt lat="45.25366" lon="-72.734474">
        <ele>125.35</ele>
      </trkpt>
      <trkpt lat="45.25294" lon="-72.735116">
        <ele>121.39</ele>
      </trkpt>
      <trkpt lat="45.25222" lon="-72.735758">
        <ele>117.47</ele>
      </trkpt>
      <trkpt lat="45.2515" lon="-72.7364">
        <ele>113.78</ele>
      </trkpt>
      <trkpt lat="45.2515" lon="-72.73641">
        <ele>113.76</ele>
      </trkpt>
      <trkpt lat="45.2507625" lon="-72.7370775">
        <ele>110.83</ele>
      </trkpt>
      <trkpt lat="45.250025" lon="-72.737745">
        <ele>106.78</ele>
      </trkpt>
      <trkpt lat="45.2492875" lon="-72.7384125">
        <ele>104.76</ele>
      </trkpt>
      <trkpt lat="45.24855" lon="-72.73908">
        <ele>104.13</ele>
      </trkpt>
      <trkpt lat="45.24822" lon="-72.7393">
        <ele>104.74</ele>
      </trkpt>
      <trkpt lat="45.24793" lon="-72.7394">
        <ele>106.12</ele>
      </trkpt>
      <trkpt lat="45.24761" lon="-72.73944">
        <ele>106.73</ele>
      </trkpt>
      <trkpt lat="45.2468" lon="-72.73931">
        <ele>107.89</ele>
      </trkpt>
      <trkpt lat="45.24599" lon="-72.73918">
        <ele>108.4</ele>
      </trkpt>
      <trkpt lat="45.2453933" lon="-72.7390567">
        <ele>109.71</ele>
      </trkpt>
      <trkpt lat="45.2447967" lon="-72.7389333">
        <ele>111.94</ele>
      </trkpt>
      <trkpt lat="45.2442" lon="-72.73881">
        <ele>112.49</ele>
      </trkpt>
      <trkpt lat="45.24364" lon="-72.73876">
        <ele>113.1</ele>
      </trkpt>
      <trkpt lat="45.24325" lon="-72.73874">
        <ele>112.7</ele>
      </trkpt>
      <trkpt lat="45.2431575" lon="-72.7375125">
        <ele>107.88</ele>
      </trkpt>
      <trkpt lat="45.243065" lon="-72.736285">
        <ele>104.06</ele>
      </trkpt>
      <trkpt lat="45.2429725" lon="-72.7350575">
        <ele>103.19</ele>
      </trkpt>
      <trkpt lat="45.24288" lon="-72.73383">
        <ele>103.19</ele>
      </trkpt>
      <trkpt lat="45.2428" lon="-72.73326">
        <ele>102.83</ele>
      </trkpt>
      <trkpt lat="45.24273" lon="-72.73298">
        <ele>102.23</ele>
      </trkpt>
      <trkpt lat="45.24263" lon="-72.73272">
        <ele>102.02</ele>
      </trkpt>
      <trkpt lat="45.24237" lon="-72.73232">
        <ele>101.83</ele>
      </trkpt>
      <trkpt lat="45.241834" lon="-72.731584">
        <ele>102.29</ele>
      </trkpt>
      <trkpt lat="45.241298" lon="-72.730848">
        <ele>102.21</ele>
      </trkpt>
      <trkpt lat="45.240762" lon="-72.730112">
        <ele>102.38</ele>
      </trkpt>
      <trkpt lat="45.240226" lon="-72.729376">
        <ele>104.26</ele>
      </trkpt>
      <trkpt lat="45.23969" lon="-72.72864">
        <ele>108.87</ele>
      </trkpt>
      <trkpt lat="45.2390667" lon="-72.7278066">
        <ele>116.34</ele>
      </trkpt>
      <trkpt lat="45.2384433" lon="-72.7269733">
        <ele>118.27</ele>
      </trkpt>
      <trkpt lat="45.23782" lon="-72.72614">
        <ele>116.3</ele>
      </trkpt>
      <trkpt lat="45.23729" lon="-72.725445">
        <ele>119.4</ele>
      </trkpt>
      <trkpt lat="45.23676" lon="-72.72475">
        <ele>123.78</ele>
      </trkpt>
      <trkpt lat="45.23623" lon="-72.724055">
        <ele>125.37</ele>
      </trkpt>
      <trkpt lat="45.2357" lon="-72.72336">
        <ele>126.74</ele>
      </trkpt>
      <trkpt lat="45.23552" lon="-72.72309">
        <ele>127.48</ele>
      </trkpt>
      <trkpt lat="45.23543" lon="-72.72283">
        <ele>127.48</ele>
      </trkpt>
      <trkpt lat="45.23538" lon="-72.72261">
        <ele>128.46</ele>
      </trkpt>
      <trkpt lat="45.23527" lon="-72.72136">
        <ele>131.43</ele>
      </trkpt>
      <trkpt lat="45.23521" lon="-72.72082">
        <ele>132</ele>
      </trkpt>
      <trkpt lat="45.23518" lon="-72.72071">
        <ele>132</ele>
      </trkpt>
      <trkpt lat="45.23481" lon="-72.720025">
        <ele>133.02</ele>
      </trkpt>
      <trkpt lat="45.23444" lon="-72.71934">
        <ele>134.27</ele>
      </trkpt>
      <trkpt lat="45.23422" lon="-72.71901">
        <ele>133.41</ele>
      </trkpt>
      <trkpt lat="45.23403" lon="-72.71884">
        <ele>132.23</ele>
      </trkpt>
      <trkpt lat="45.23365" lon="-72.71856">
        <ele>130.92</ele>
      </trkpt>
      <trkpt lat="45.23365" lon="-72.71856">
        <ele>130.9</ele>
      </trkpt>
      <trkpt lat="45.232985" lon="-72.71805">
        <ele>128.8</ele>
      </trkpt>
      <trkpt lat="45.23232" lon="-72.71754">
        <ele>126.45</ele>
      </trkpt>
      <trkpt lat="45.23217" lon="-72.7174">
        <ele>125.78</ele>
      </trkpt>
      <trkpt lat="45.23205" lon="-72.71722">
        <ele>125.38</ele>
      </trkpt>
      <trkpt lat="45.23167" lon="-72.71624">
        <ele>123.45</ele>
      </trkpt>
      <trkpt lat="45.23122" lon="-72.71526">
        <ele>120.7</ele>
      </trkpt>
      <trkpt lat="45.2311" lon="-72.7149">
        <ele>118.59</ele>
      </trkpt>
      <trkpt lat="45.23098" lon="-72.71432">
        <ele>116.99</ele>
      </trkpt>
      <trkpt lat="45.230925" lon="-72.713225">
        <ele>119.42</ele>
      </trkpt>
      <trkpt lat="45.23087" lon="-72.71213">
        <ele>125.63</ele>
      </trkpt>
      <trkpt lat="45.23081" lon="-72.71133">
        <ele>127.28</ele>
      </trkpt>
      <trkpt lat="45.23069" lon="-72.71042">
        <ele>127.89</ele>
      </trkpt>
      <trkpt lat="45.23052" lon="-72.709595">
        <ele>127.29</ele>
      </trkpt>
      <trkpt lat="45.23035" lon="-72.70877">
        <ele>127.55</ele>
      </trkpt>
      <trkpt lat="45.23002" lon="-72.70787">
        <ele>129.59</ele>
      </trkpt>
      <trkpt lat="45.22968" lon="-72.70711">
        <ele>129.51</ele>
      </trkpt>
      <trkpt lat="45.22925" lon="-72.70622">
        <ele>126.33</ele>
      </trkpt>
      <trkpt lat="45.22905" lon="-72.70587">
        <ele>125.73</ele>
      </trkpt>
      <trkpt lat="45.22896" lon="-72.70562">
        <ele>125.32</ele>
      </trkpt>
      <trkpt lat="45.22891" lon="-72.7047133">
        <ele>126.44</ele>
      </trkpt>
      <trkpt lat="45.22886" lon="-72.7038067">
        <ele>130.03</ele>
      </trkpt>
      <trkpt lat="45.22881" lon="-72.7029">
        <ele>135.34</ele>
      </trkpt>
      <trkpt lat="45.22874" lon="-72.70263">
        <ele>136.94</ele>
      </trkpt>
      <trkpt lat="45.22856" lon="-72.70232">
        <ele>136.62</ele>
      </trkpt>
      <trkpt lat="45.22849" lon="-72.70218">
        <ele>135.49</ele>
      </trkpt>
      <trkpt lat="45.2284" lon="-72.70175">
        <ele>132.55</ele>
      </trkpt>
      <trkpt lat="45.22831" lon="-72.70081">
        <ele>129.98</ele>
      </trkpt>
      <trkpt lat="45.228255" lon="-72.70004">
        <ele>128.26</ele>
      </trkpt>
      <trkpt lat="45.2282" lon="-72.69927">
        <ele>126.08</ele>
      </trkpt>
      <trkpt lat="45.22815" lon="-72.698065">
        <ele>124.8</ele>
      </trkpt>
      <trkpt lat="45.2281" lon="-72.69686">
        <ele>123.93</ele>
      </trkpt>
      <trkpt lat="45.2280233" lon="-72.6959067">
        <ele>124.78</ele>
      </trkpt>
      <trkpt lat="45.2279467" lon="-72.6949533">
        <ele>125.79</ele>
      </trkpt>
      <trkpt lat="45.22787" lon="-72.694">
        <ele>127.27</ele>
      </trkpt>
      <trkpt lat="45.2278" lon="-72.69292">
        <ele>124.98</ele>
      </trkpt>
      <trkpt lat="45.22773" lon="-72.69184">
        <ele>119.51</ele>
      </trkpt>
      <trkpt lat="45.22769" lon="-72.69162">
        <ele>116.76</ele>
      </trkpt>
      <trkpt lat="45.22738" lon="-72.69055">
        <ele>110.81</ele>
      </trkpt>
      <trkpt lat="45.22719" lon="-72.6896133">
        <ele>114.02</ele>
      </trkpt>
      <trkpt lat="45.227" lon="-72.6886767">
        <ele>116.4</ele>
      </trkpt>
      <trkpt lat="45.22681" lon="-72.68774">
        <ele>117.86</ele>
      </trkpt>
      <trkpt lat="45.22661" lon="-72.68687">
        <ele>119.15</ele>
      </trkpt>
      <trkpt lat="45.2265" lon="-72.68607">
        <ele>121.9</ele>
      </trkpt>
      <trkpt lat="45.22653" lon="-72.6851">
        <ele>127.09</ele>
      </trkpt>
      <trkpt lat="45.2265" lon="-72.68482">
        <ele>127.79</ele>
      </trkpt>
      <trkpt lat="45.22643" lon="-72.6845">
        <ele>127.82</ele>
      </trkpt>
      <trkpt lat="45.22633" lon="-72.68424">
        <ele>127.73</ele>
      </trkpt>
      <trkpt lat="45.22633" lon="-72.68424">
        <ele>127.73</ele>
      </trkpt>
      <trkpt lat="45.22601" lon="-72.68329">
        <ele>127.02</ele>
      </trkpt>
      <trkpt lat="45.22577" lon="-72.68266">
        <ele>126.97</ele>
      </trkpt>
      <trkpt lat="45.22544" lon="-72.68184">
        <ele>126.01</ele>
      </trkpt>
      <trkpt lat="45.22511" lon="-72.68102">
        <ele>125.73</ele>
      </trkpt>
      <trkpt lat="45.22478" lon="-72.6803">
        <ele>125.76</ele>
      </trkpt>
      <trkpt lat="45.22445" lon="-72.67958">
        <ele>126.09</ele>
      </trkpt>
      <trkpt lat="45.22442" lon="-72.67944">
        <ele>127.07</ele>
      </trkpt>
      <trkpt lat="45.22418" lon="-72.678885">
        <ele>127.67</ele>
      </trkpt>
      <trkpt lat="45.22394" lon="-72.67833">
        <ele>129.3</ele>
      </trkpt>
      <trkpt lat="45.22362" lon="-72.677655">
        <ele>130.39</ele>
      </trkpt>
      <trkpt lat="45.2233" lon="-72.67698">
        <ele>130.42</ele>
      </trkpt>
      <trkpt lat="45.22307" lon="-72.67644">
        <ele>130.3</ele>
      </trkpt>
      <trkpt lat="45.2228275" lon="-72.6753425">
        <ele>131.21</ele>
      </trkpt>
      <trkpt lat="45.222585" lon="-72.674245">
        <ele>131.47</ele>
      </trkpt>
      <trkpt lat="45.2223425" lon="-72.6731475">
        <ele>130.17</ele>
      </trkpt>
      <trkpt lat="45.2221" lon="-72.67205">
        <ele>131.25</ele>
      </trkpt>
      <trkpt lat="45.2219" lon="-72.67132">
        <ele>137.38</ele>
      </trkpt>
      <trkpt lat="45.2216267" lon="-72.6704767">
        <ele>142.81</ele>
      </trkpt>
      <trkpt lat="45.2213533" lon="-72.6696333">
        <ele>146.87</ele>
      </trkpt>
      <trkpt lat="45.22108" lon="-72.66879">
        <ele>154.5</ele>
      </trkpt>
      <trkpt lat="45.22101" lon="-72.66834">
        <ele>159.21</ele>
      </trkpt>
      <trkpt lat="45.221" lon="-72.66816">
        <ele>160.6</ele>
      </trkpt>
      <trkpt lat="45.22107" lon="-72.667375">
        <ele>163.56</ele>
      </trkpt>
      <trkpt lat="45.22114" lon="-72.66659">
        <ele>164.17</ele>
      </trkpt>
      <trkpt lat="45.22115" lon="-72.66615">
        <ele>166.48</ele>
      </trkpt>
      <trkpt lat="45.22112" lon="-72.66574">
        <ele>170.03</ele>
      </trkpt>
      <trkpt lat="45.22113" lon="-72.66511">
        <ele>176.33</ele>
      </trkpt>
      <trkpt lat="45.221205" lon="-72.66435">
        <ele>178.63</ele>
      </trkpt>
      <trkpt lat="45.22128" lon="-72.66359">
        <ele>178.91</ele>
      </trkpt>
      <trkpt lat="45.2213067" lon="-72.66273">
        <ele>179.66</ele>
      </trkpt>
      <trkpt lat="45.2213333" lon="-72.66187">
        <ele>183.53</ele>
      </trkpt>
      <trkpt lat="45.22136" lon="-72.66101">
        <ele>190.51</ele>
      </trkpt>
      <trkpt lat="45.22142" lon="-72.66033">
        <ele>194.56</ele>
      </trkpt>
      <trkpt lat="45.22153" lon="-72.65956">
        <ele>198</ele>
      </trkpt>
      <trkpt lat="45.22162" lon="-72.65856">
        <ele>201.1</ele>
      </trkpt>
      <trkpt lat="45.22166" lon="-72.65783">
        <ele>199.21</ele>
      </trkpt>
      <trkpt lat="45.221645" lon="-72.657085">
        <ele>197.88</ele>
      </trkpt>
      <trkpt lat="45.22163" lon="-72.65634">
        <ele>197.8</ele>
      </trkpt>
      <trkpt lat="45.22166" lon="-72.65588">
        <ele>198.09</ele>
      </trkpt>
      <trkpt lat="45.221765" lon="-72.65492">
        <ele>197.58</ele>
      </trkpt>
      <trkpt lat="45.22187" lon="-72.65396">
        <ele>199.57</ele>
      </trkpt>
      <trkpt lat="45.22197" lon="-72.65334">
        <ele>202.33</ele>
      </trkpt>
      <trkpt lat="45.22218" lon="-72.65231">
        <ele>204.86</ele>
      </trkpt>
      <trkpt lat="45.22227" lon="-72.65201">
        <ele>206.08</ele>
      </trkpt>
      <trkpt lat="45.22253" lon="-72.65138">
        <ele>212.54</ele>
      </trkpt>
      <trkpt lat="45.22257" lon="-72.65123">
        <ele>213.63</ele>
      </trkpt>
      <trkpt lat="45.22258" lon="-72.65105">
        <ele>214.78</ele>
      </trkpt>
      <trkpt lat="45.22253" lon="-72.6503">
        <ele>214.56</ele>
      </trkpt>
      <trkpt lat="45.22241" lon="-72.64958">
        <ele>212.56</ele>
      </trkpt>
      <trkpt lat="45.22227" lon="-72.64895">
        <ele>212.53</ele>
      </trkpt>
      <trkpt lat="45.22225" lon="-72.6485">
        <ele>212.41</ele>
      </trkpt>
      <trkpt lat="45.22225" lon="-72.6485">
        <ele>212.41</ele>
      </trkpt>
      <trkpt lat="45.22224" lon="-72.64823">
        <ele>212.3</ele>
      </trkpt>
      <trkpt lat="45.22225" lon="-72.64731">
        <ele>213.37</ele>
      </trkpt>
      <trkpt lat="45.22221" lon="-72.64663">
        <ele>215.93</ele>
      </trkpt>
      <trkpt lat="45.22223" lon="-72.64577">
        <ele>219.75</ele>
      </trkpt>
      <trkpt lat="45.22244" lon="-72.64475">
        <ele>221.04</ele>
      </trkpt>
      <trkpt lat="45.22245" lon="-72.64385">
        <ele>216.99</ele>
      </trkpt>
      <trkpt lat="45.22248" lon="-72.64347">
        <ele>215.49</ele>
      </trkpt>
      <trkpt lat="45.2217733" lon="-72.64382">
        <ele>210.32</ele>
      </trkpt>
      <trkpt lat="45.2210667" lon="-72.64417">
        <ele>203.93</ele>
      </trkpt>
      <trkpt lat="45.22036" lon="-72.64452">
        <ele>200.46</ele>
      </trkpt>
      <trkpt lat="45.21966" lon="-72.64488">
        <ele>194.75</ele>
      </trkpt>
      <trkpt lat="45.21896" lon="-72.64524">
        <ele>193.45</ele>
      </trkpt>
      <trkpt lat="45.21826" lon="-72.6456">
        <ele>191.33</ele>
      </trkpt>
      <trkpt lat="45.21757" lon="-72.64599">
        <ele>188.62</ele>
      </trkpt>
      <trkpt lat="45.216875" lon="-72.64638">
        <ele>186.65</ele>
      </trkpt>
      <trkpt lat="45.21618" lon="-72.64677">
        <ele>182.43</ele>
      </trkpt>
      <trkpt lat="45.2155267" lon="-72.6471567">
        <ele>176.12</ele>
      </trkpt>
      <trkpt lat="45.2148733" lon="-72.6475433">
        <ele>170.56</ele>
      </trkpt>
      <trkpt lat="45.21422" lon="-72.64793">
        <ele>165.38</ele>
      </trkpt>
      <trkpt lat="45.213455" lon="-72.648375">
        <ele>165.73</ele>
      </trkpt>
      <trkpt lat="45.21269" lon="-72.64882">
        <ele>172.6</ele>
      </trkpt>
      <trkpt lat="45.211925" lon="-72.649265">
        <ele>177.43</ele>
      </trkpt>
      <trkpt lat="45.21116" lon="-72.64971">
        <ele>179.62</ele>
      </trkpt>
      <trkpt lat="45.21098" lon="-72.64981">
        <ele>180.53</ele>
      </trkpt>
      <trkpt lat="45.21068" lon="-72.65007">
        <ele>181.29</ele>
      </trkpt>
      <trkpt lat="45.21061" lon="-72.65011">
        <ele>181.69</ele>
      </trkpt>
      <trkpt lat="45.21043" lon="-72.65016">
        <ele>182.35</ele>
      </trkpt>
      <trkpt lat="45.20958" lon="-72.650255">
        <ele>187.89</ele>
      </trkpt>
      <trkpt lat="45.20873" lon="-72.65035">
        <ele>190.5</ele>
      </trkpt>
      <trkpt lat="45.20858" lon="-72.65039">
        <ele>190.7</ele>
      </trkpt>
      <trkpt lat="45.20826" lon="-72.65042">
        <ele>190.26</ele>
      </trkpt>
      <trkpt lat="45.20804" lon="-72.65039">
        <ele>189.62</ele>
      </trkpt>
      <trkpt lat="45.20743" lon="-72.650405">
        <ele>186.83</ele>
      </trkpt>
      <trkpt lat="45.20682" lon="-72.65042">
        <ele>184.8</ele>
      </trkpt>
      <trkpt lat="45.20642" lon="-72.65039">
        <ele>184.28</ele>
      </trkpt>
      <trkpt lat="45.205575" lon="-72.650445">
        <ele>183.47</ele>
      </trkpt>
      <trkpt lat="45.20473" lon="-72.6505">
        <ele>185.29</ele>
      </trkpt>
      <trkpt lat="45.203885" lon="-72.650555">
        <ele>187</ele>
      </trkpt>
      <trkpt lat="45.20304" lon="-72.65061">
        <ele>188.71</ele>
      </trkpt>
      <trkpt lat="45.2022067" lon="-72.6506267">
        <ele>185.83</ele>
      </trkpt>
      <trkpt lat="45.2013733" lon="-72.6506433">
        <ele>183.95</ele>
      </trkpt>
      <trkpt lat="45.20054" lon="-72.65066">
        <ele>182.97</ele>
      </trkpt>
      <trkpt lat="45.19989" lon="-72.6507167">
        <ele>179.86</ele>
      </trkpt>
      <trkpt lat="45.19924" lon="-72.6507733">
        <ele>175.25</ele>
      </trkpt>
      <trkpt lat="45.19859" lon="-72.65083">
        <ele>173.99</ele>
      </trkpt>
      <trkpt lat="45.19799" lon="-72.65086">
        <ele>173.38</ele>
      </trkpt>
      <trkpt lat="45.19798" lon="-72.65086">
        <ele>173.38</ele>
      </trkpt>
      <trkpt lat="45.197186" lon="-72.6509">
        <ele>172.38</ele>
      </trkpt>
      <trkpt lat="45.196392" lon="-72.65094">
        <ele>171.02</ele>
      </trkpt>
      <trkpt lat="45.195598" lon="-72.65098">
        <ele>169.1</ele>
      </trkpt>
      <trkpt lat="45.194804" lon="-72.65102">
        <ele>167.44</ele>
      </trkpt>
      <trkpt lat="45.19401" lon="-72.65106">
        <ele>167.29</ele>
      </trkpt>
      <trkpt lat="45.193155" lon="-72.6511117">
        <ele>166.21</ele>
      </trkpt>
      <trkpt lat="45.1923" lon="-72.6511633">
        <ele>165.06</ele>
      </trkpt>
      <trkpt lat="45.191445" lon="-72.651215">
        <ele>162.21</ele>
      </trkpt>
      <trkpt lat="45.19059" lon="-72.6512667">
        <ele>156.09</ele>
      </trkpt>
      <trkpt lat="45.189735" lon="-72.6513183">
        <ele>154.12</ele>
      </trkpt>
      <trkpt lat="45.18888" lon="-72.65137">
        <ele>152</ele>
      </trkpt>
      <trkpt lat="45.188025" lon="-72.651415">
        <ele>152.8</ele>
      </trkpt>
      <trkpt lat="45.18717" lon="-72.65146">
        <ele>159</ele>
      </trkpt>
      <trkpt lat="45.186315" lon="-72.651505">
        <ele>166.48</ele>
      </trkpt>
      <trkpt lat="45.18546" lon="-72.65155">
        <ele>167.01</ele>
      </trkpt>
      <trkpt lat="45.18505" lon="-72.6516">
        <ele>164.86</ele>
      </trkpt>
      <trkpt lat="45.18473" lon="-72.65169">
        <ele>163.53</ele>
      </trkpt>
      <trkpt lat="45.18463" lon="-72.65174">
        <ele>163.25</ele>
      </trkpt>
      <trkpt lat="45.1844" lon="-72.65178">
        <ele>162.73</ele>
      </trkpt>
      <trkpt lat="45.18406" lon="-72.65168">
        <ele>161.34</ele>
      </trkpt>
      <trkpt lat="45.18399" lon="-72.65168">
        <ele>161</ele>
      </trkpt>
      <trkpt lat="45.18387" lon="-72.65164">
        <ele>158.97</ele>
      </trkpt>
      <trkpt lat="45.1835" lon="-72.6516">
        <ele>156.27</ele>
      </trkpt>
      <trkpt lat="45.18321" lon="-72.65164">
        <ele>153.22</ele>
      </trkpt>
      <trkpt lat="45.182745" lon="-72.651645">
        <ele>146.38</ele>
      </trkpt>
      <trkpt lat="45.18228" lon="-72.65165">
        <ele>142.08</ele>
      </trkpt>
      <trkpt lat="45.181755" lon="-72.65169">
        <ele>137.96</ele>
      </trkpt>
      <trkpt lat="45.18123" lon="-72.65173">
        <ele>135.47</ele>
      </trkpt>
      <trkpt lat="45.180615" lon="-72.651755">
        <ele>140.05</ele>
      </trkpt>
      <trkpt lat="45.18" lon="-72.65178">
        <ele>142.93</ele>
      </trkpt>
      <trkpt lat="45.180255" lon="-72.65066">
        <ele>141.73</ele>
      </trkpt>
      <trkpt lat="45.18051" lon="-72.64954">
        <ele>138.72</ele>
      </trkpt>
      <trkpt lat="45.18058" lon="-72.64936">
        <ele>138.48</ele>
      </trkpt>
      <trkpt lat="45.18095" lon="-72.64885">
        <ele>136.78</ele>
      </trkpt>
      <trkpt lat="45.18132" lon="-72.64834">
        <ele>134.2</ele>
      </trkpt>
      <trkpt lat="45.18173" lon="-72.6477">
        <ele>132.47</ele>
      </trkpt>
      <trkpt lat="45.18206" lon="-72.64717">
        <ele>132.24</ele>
      </trkpt>
      <trkpt lat="45.18239" lon="-72.64664">
        <ele>133.01</ele>
      </trkpt>
      <trkpt lat="45.18259" lon="-72.64628">
        <ele>133.36</ele>
      </trkpt>
      <trkpt lat="45.18265" lon="-72.64613">
        <ele>133.05</ele>
      </trkpt>
      <trkpt lat="45.18271" lon="-72.64581">
        <ele>132.26</ele>
      </trkpt>
      <trkpt lat="45.18271" lon="-72.64523">
        <ele>129.64</ele>
      </trkpt>
      <trkpt lat="45.18267" lon="-72.644455">
        <ele>127.59</ele>
      </trkpt>
      <trkpt lat="45.18263" lon="-72.64368">
        <ele>126.89</ele>
      </trkpt>
      <trkpt lat="45.18263" lon="-72.64368">
        <ele>126.9</ele>
      </trkpt>
      <trkpt lat="45.182572" lon="-72.64246">
        <ele>126.73</ele>
      </trkpt>
      <trkpt lat="45.182514" lon="-72.64124">
        <ele>127.58</ele>
      </trkpt>
      <trkpt lat="45.182456" lon="-72.64002">
        <ele>130.15</ele>
      </trkpt>
      <trkpt lat="45.182398" lon="-72.6388">
        <ele>132</ele>
      </trkpt>
      <trkpt lat="45.18234" lon="-72.63758">
        <ele>135.14</ele>
      </trkpt>
      <trkpt lat="45.1823033" lon="-72.6365967">
        <ele>135.43</ele>
      </trkpt>
      <trkpt lat="45.1822667" lon="-72.6356133">
        <ele>136.91</ele>
      </trkpt>
      <trkpt lat="45.18223" lon="-72.63463">
        <ele>137.55</ele>
      </trkpt>
      <trkpt lat="45.18222" lon="-72.63378">
        <ele>140</ele>
      </trkpt>
      <trkpt lat="45.18226" lon="-72.63324">
        <ele>144.13</ele>
      </trkpt>
      <trkpt lat="45.18226" lon="-72.63292">
        <ele>146.3</ele>
      </trkpt>
      <trkpt lat="45.18219" lon="-72.6323">
        <ele>150.27</ele>
      </trkpt>
      <trkpt lat="45.18201" lon="-72.63167">
        <ele>150.38</ele>
      </trkpt>
      <trkpt lat="45.18187" lon="-72.63135">
        <ele>149.44</ele>
      </trkpt>
      <trkpt lat="45.18159" lon="-72.63082">
        <ele>149</ele>
      </trkpt>
      <trkpt lat="45.18146" lon="-72.63065">
        <ele>149.26</ele>
      </trkpt>
      <trkpt lat="45.1813" lon="-72.6305">
        <ele>149.3</ele>
      </trkpt>
      <trkpt lat="45.18073" lon="-72.63002">
        <ele>148.56</ele>
      </trkpt>
      <trkpt lat="45.18046" lon="-72.6297">
        <ele>147.51</ele>
      </trkpt>
      <trkpt lat="45.18039" lon="-72.62952">
        <ele>146.58</ele>
      </trkpt>
      <trkpt lat="45.18034" lon="-72.62931">
        <ele>145.77</ele>
      </trkpt>
      <trkpt lat="45.1803" lon="-72.62872">
        <ele>143.36</ele>
      </trkpt>
      <trkpt lat="45.18032" lon="-72.62836">
        <ele>140.08</ele>
      </trkpt>
      <trkpt lat="45.18038" lon="-72.62795">
        <ele>138.35</ele>
      </trkpt>
      <trkpt lat="45.180545" lon="-72.626855">
        <ele>142.51</ele>
      </trkpt>
      <trkpt lat="45.18071" lon="-72.62576">
        <ele>150.96</ele>
      </trkpt>
      <trkpt lat="45.18076" lon="-72.62553">
        <ele>151.25</ele>
      </trkpt>
      <trkpt lat="45.18098" lon="-72.62496">
        <ele>150.09</ele>
      </trkpt>
      <trkpt lat="45.18128" lon="-72.624065">
        <ele>145.91</ele>
      </trkpt>
      <trkpt lat="45.18158" lon="-72.62317">
        <ele>147.06</ele>
      </trkpt>
      <trkpt lat="45.18174" lon="-72.62285">
        <ele>149.27</ele>
      </trkpt>
      <trkpt lat="45.182155" lon="-72.622325">
        <ele>151.32</ele>
      </trkpt>
      <trkpt lat="45.18257" lon="-72.6218">
        <ele>154.94</ele>
      </trkpt>
      <trkpt lat="45.18257" lon="-72.62181">
        <ele>154.89</ele>
      </trkpt>
      <trkpt lat="45.18324" lon="-72.620995">
        <ele>162.33</ele>
      </trkpt>
      <trkpt lat="45.18391" lon="-72.62018">
        <ele>162.14</ele>
      </trkpt>
      <trkpt lat="45.1836233" lon="-72.6189833">
        <ele>159.79</ele>
      </trkpt>
      <trkpt lat="45.1833367" lon="-72.6177867">
        <ele>157.39</ele>
      </trkpt>
      <trkpt lat="45.18305" lon="-72.61659">
        <ele>156.54</ele>
      </trkpt>
      <trkpt lat="45.1828175" lon="-72.61558">
        <ele>162.04</ele>
      </trkpt>
      <trkpt lat="45.182585" lon="-72.61457">
        <ele>165.25</ele>
      </trkpt>
      <trkpt lat="45.1823525" lon="-72.61356">
        <ele>167.25</ele>
      </trkpt>
      <trkpt lat="45.18212" lon="-72.61255">
        <ele>173.93</ele>
      </trkpt>
      <trkpt lat="45.18202" lon="-72.61161">
        <ele>181.85</ele>
      </trkpt>
      <trkpt lat="45.181975" lon="-72.610915">
        <ele>189.4</ele>
      </trkpt>
      <trkpt lat="45.18193" lon="-72.61022">
        <ele>193.9</ele>
      </trkpt>
      <trkpt lat="45.181895" lon="-72.60948">
        <ele>196</ele>
      </trkpt>
      <trkpt lat="45.18186" lon="-72.60874">
        <ele>196.08</ele>
      </trkpt>
      <trkpt lat="45.18182" lon="-72.6083">
        <ele>195.96</ele>
      </trkpt>
      <trkpt lat="45.181665" lon="-72.60718">
        <ele>193.95</ele>
      </trkpt>
      <trkpt lat="45.18151" lon="-72.60606">
        <ele>197.67</ele>
      </trkpt>
      <trkpt lat="45.18141" lon="-72.60557">
        <ele>198.46</ele>
      </trkpt>
      <trkpt lat="45.18133" lon="-72.60526">
        <ele>198.71</ele>
      </trkpt>
      <trkpt lat="45.18121" lon="-72.60499">
        <ele>198.68</ele>
      </trkpt>
      <trkpt lat="45.18075" lon="-72.60415">
        <ele>199.17</ele>
      </trkpt>
      <trkpt lat="45.180445" lon="-72.6035">
        <ele>198.45</ele>
      </trkpt>
      <trkpt lat="45.18014" lon="-72.60285">
        <ele>198.01</ele>
      </trkpt>
      <trkpt lat="45.18001" lon="-72.60247">
        <ele>197.25</ele>
      </trkpt>
      <trkpt lat="45.18001" lon="-72.60247">
        <ele>197.25</ele>
      </trkpt>
      <trkpt lat="45.17981" lon="-72.60194">
        <ele>195.62</ele>
      </trkpt>
      <trkpt lat="45.17953" lon="-72.60145">
        <ele>193.36</ele>
      </trkpt>
      <trkpt lat="45.1794" lon="-72.60115">
        <ele>192.95</ele>
      </trkpt>
      <trkpt lat="45.17924" lon="-72.60047">
        <ele>192.44</ele>
      </trkpt>
      <trkpt lat="45.17908" lon="-72.59999">
        <ele>192.35</ele>
      </trkpt>
      <trkpt lat="45.17892" lon="-72.59962">
        <ele>192.12</ele>
      </trkpt>
      <trkpt lat="45.1789" lon="-72.59952">
        <ele>192.12</ele>
      </trkpt>
      <trkpt lat="45.17885" lon="-72.59908">
        <ele>191.72</ele>
      </trkpt>
      <trkpt lat="45.17895" lon="-72.59832">
        <ele>195.55</ele>
      </trkpt>
      <trkpt lat="45.17895" lon="-72.598">
        <ele>196.91</ele>
      </trkpt>
      <trkpt lat="45.17888" lon="-72.59743">
        <ele>197.94</ele>
      </trkpt>
      <trkpt lat="45.17867" lon="-72.596595">
        <ele>201.13</ele>
      </trkpt>
      <trkpt lat="45.17846" lon="-72.59576">
        <ele>203.01</ele>
      </trkpt>
      <trkpt lat="45.1784" lon="-72.59541">
        <ele>203.38</ele>
      </trkpt>
      <trkpt lat="45.17837" lon="-72.59492">
        <ele>204.27</ele>
      </trkpt>
      <trkpt lat="45.17837" lon="-72.59447">
        <ele>204.96</ele>
      </trkpt>
      <trkpt lat="45.17845" lon="-72.59375">
        <ele>207.85</ele>
      </trkpt>
      <trkpt lat="45.17857" lon="-72.59331">
        <ele>212.17</ele>
      </trkpt>
      <trkpt lat="45.17893" lon="-72.59218">
        <ele>217.63</ele>
      </trkpt>
      <trkpt lat="45.17924" lon="-72.5915">
        <ele>221.01</ele>
      </trkpt>
      <trkpt lat="45.179495" lon="-72.590835">
        <ele>223.06</ele>
      </trkpt>
      <trkpt lat="45.17975" lon="-72.59017">
        <ele>224.44</ele>
      </trkpt>
      <trkpt lat="45.17997" lon="-72.58968">
        <ele>225.67</ele>
      </trkpt>
      <trkpt lat="45.18023" lon="-72.58927">
        <ele>226.29</ele>
      </trkpt>
      <trkpt lat="45.18063" lon="-72.58873">
        <ele>229.03</ele>
      </trkpt>
      <trkpt lat="45.18116" lon="-72.58803">
        <ele>234.34</ele>
      </trkpt>
      <trkpt lat="45.18131" lon="-72.58789">
        <ele>235.19</ele>
      </trkpt>
      <trkpt lat="45.18191" lon="-72.58739">
        <ele>237.14</ele>
      </trkpt>
      <trkpt lat="45.182575" lon="-72.58697">
        <ele>238.75</ele>
      </trkpt>
      <trkpt lat="45.18324" lon="-72.58655">
        <ele>238.32</ele>
      </trkpt>
      <trkpt lat="45.183645" lon="-72.586255">
        <ele>237.86</ele>
      </trkpt>
      <trkpt lat="45.18405" lon="-72.58596">
        <ele>238.56</ele>
      </trkpt>
      <trkpt lat="45.18448" lon="-72.5856">
        <ele>240.29</ele>
      </trkpt>
      <trkpt lat="45.18491" lon="-72.58524">
        <ele>242.14</ele>
      </trkpt>
      <trkpt lat="45.18554" lon="-72.58466">
        <ele>240.67</ele>
      </trkpt>
      <trkpt lat="45.18623" lon="-72.58396">
        <ele>239.11</ele>
      </trkpt>
      <trkpt lat="45.18692" lon="-72.5832601">
        <ele>238.81</ele>
      </trkpt>
      <trkpt lat="45.18761" lon="-72.5825601">
        <ele>238.85</ele>
      </trkpt>
      <trkpt lat="45.1883" lon="-72.5818601">
        <ele>235.32</ele>
      </trkpt>
      <trkpt lat="45.18899" lon="-72.58116">
        <ele>231.17</ele>
      </trkpt>
      <trkpt lat="45.18968" lon="-72.58046">
        <ele>227.03</ele>
      </trkpt>
      <trkpt lat="45.18996" lon="-72.58014">
        <ele>224.46</ele>
      </trkpt>
      <trkpt lat="45.19048" lon="-72.5793767">
        <ele>218.27</ele>
      </trkpt>
      <trkpt lat="45.191" lon="-72.5786133">
        <ele>216.43</ele>
      </trkpt>
      <trkpt lat="45.19152" lon="-72.57785">
        <ele>215.51</ele>
      </trkpt>
      <trkpt lat="45.192" lon="-72.5771733">
        <ele>213.31</ele>
      </trkpt>
      <trkpt lat="45.19248" lon="-72.5764967">
        <ele>211.31</ele>
      </trkpt>
      <trkpt lat="45.19296" lon="-72.57582">
        <ele>211.64</ele>
      </trkpt>
      <trkpt lat="45.19297" lon="-72.57582">
        <ele>211.65</ele>
      </trkpt>
      <trkpt lat="45.19326" lon="-72.5754">
        <ele>212.17</ele>
      </trkpt>
      <trkpt lat="45.19348" lon="-72.57503">
        <ele>212.83</ele>
      </trkpt>
      <trkpt lat="45.19381" lon="-72.57437">
        <ele>212.97</ele>
      </trkpt>
      <trkpt lat="45.19399" lon="-72.57388">
        <ele>211.31</ele>
      </trkpt>
      <trkpt lat="45.19402" lon="-72.57364">
        <ele>210.58</ele>
      </trkpt>
      <trkpt lat="45.19402" lon="-72.57289">
        <ele>206.51</ele>
      </trkpt>
      <trkpt lat="45.194" lon="-72.5727">
        <ele>206.27</ele>
      </trkpt>
      <trkpt lat="45.19392" lon="-72.57244">
        <ele>206.24</ele>
      </trkpt>
      <trkpt lat="45.19396" lon="-72.5724">
        <ele>206.24</ele>
      </trkpt>
      <trkpt lat="45.19399" lon="-72.57234">
        <ele>206.14</ele>
      </trkpt>
      <trkpt lat="45.19405" lon="-72.57181">
        <ele>206.55</ele>
      </trkpt>
      <trkpt lat="45.19412" lon="-72.57173">
        <ele>206.68</ele>
      </trkpt>
      <trkpt lat="45.19379" lon="-72.57101">
        <ele>208.18</ele>
      </trkpt>
      <trkpt lat="45.19366" lon="-72.57078">
        <ele>208.37</ele>
      </trkpt>
      <trkpt lat="45.19317" lon="-72.56998">
        <ele>208.45</ele>
      </trkpt>
      <trkpt lat="45.19302" lon="-72.56979">
        <ele>207.62</ele>
      </trkpt>
      <trkpt lat="45.19261" lon="-72.56935">
        <ele>204.69</ele>
      </trkpt>
      <trkpt lat="45.19234" lon="-72.56902">
        <ele>204.55</ele>
      </trkpt>
      <trkpt lat="45.19199" lon="-72.5685">
        <ele>205</ele>
      </trkpt>
      <trkpt lat="45.19175" lon="-72.56805">
        <ele>205.51</ele>
      </trkpt>
      <trkpt lat="45.1914233" lon="-72.56731">
        <ele>204.54</ele>
      </trkpt>
      <trkpt lat="45.1910967" lon="-72.56657">
        <ele>204.82</ele>
      </trkpt>
      <trkpt lat="45.19077" lon="-72.56583">
        <ele>205.74</ele>
      </trkpt>
      <trkpt lat="45.19077" lon="-72.56583">
        <ele>205.74</ele>
      </trkpt>
      <trkpt lat="45.19053" lon="-72.56527">
        <ele>206.08</ele>
      </trkpt>
      <trkpt lat="45.19123" lon="-72.564765">
        <ele>205.66</ele>
      </trkpt>
      <trkpt lat="45.19193" lon="-72.56426">
        <ele>204.26</ele>
      </trkpt>
      <trkpt lat="45.192335" lon="-72.5639">
        <ele>202.81</ele>
      </trkpt>
      <trkpt lat="45.19274" lon="-72.56354">
        <ele>202.17</ele>
      </trkpt>
      <trkpt lat="45.19273" lon="-72.56355">
        <ele>202.17</ele>
      </trkpt>
      <trkpt lat="45.193" lon="-72.56331">
        <ele>202.12</ele>
      </trkpt>
      <trkpt lat="45.193" lon="-72.56331">
        <ele>202.12</ele>
      </trkpt>
      <trkpt lat="45.19299" lon="-72.56331">
        <ele>202.12</ele>
      </trkpt>
      <trkpt lat="45.19299" lon="-72.56331">
        <ele>201.87</ele>
      </trkpt>
      <trkpt lat="45.1926567" lon="-72.56234">
        <ele>202.8</ele>
      </trkpt>
      <trkpt lat="45.1923233" lon="-72.56137">
        <ele>202.83</ele>
      </trkpt>
      <trkpt lat="45.19199" lon="-72.5604">
        <ele>202.81</ele>
      </trkpt>
      <trkpt lat="45.19194" lon="-72.56038">
        <ele>205.07</ele>
      </trkpt>
      <trkpt lat="45.19202" lon="-72.56014">
        <ele>204.88</ele>
      </trkpt>
      <trkpt lat="45.1926667" lon="-72.55934">
        <ele>203.59</ele>
      </trkpt>
      <trkpt lat="45.1933133" lon="-72.55854">
        <ele>203.13</ele>
      </trkpt>
      <trkpt lat="45.19396" lon="-72.55774">
        <ele>203.01</ele>
      </trkpt>
      <trkpt lat="45.19396" lon="-72.55775">
        <ele>203.01</ele>
      </trkpt>
      <trkpt lat="45.19451" lon="-72.55707">
        <ele>203.08</ele>
      </trkpt>
      <trkpt lat="45.19506" lon="-72.55639">
        <ele>203</ele>
      </trkpt>
      <trkpt lat="45.19561" lon="-72.55571">
        <ele>203.4</ele>
      </trkpt>
      <trkpt lat="45.19616" lon="-72.55503">
        <ele>203.93</ele>
      </trkpt>
      <trkpt lat="45.19671" lon="-72.55435">
        <ele>204.81</ele>
      </trkpt>
      <trkpt lat="45.1973586" lon="-72.5535386">
        <ele>205.35</ele>
      </trkpt>
      <trkpt lat="45.1980072" lon="-72.5527272">
        <ele>207.01</ele>
      </trkpt>
      <trkpt lat="45.1986557" lon="-72.5519158">
        <ele>208.39</ele>
      </trkpt>
      <trkpt lat="45.1993043" lon="-72.5511044">
        <ele>210.07</ele>
      </trkpt>
      <trkpt lat="45.1999529" lon="-72.5502929">
        <ele>211.23</ele>
      </trkpt>
      <trkpt lat="45.2006014" lon="-72.5494815">
        <ele>211.08</ele>
      </trkpt>
      <trkpt lat="45.20125" lon="-72.54867">
        <ele>211.25</ele>
      </trkpt>
      <trkpt lat="45.201835" lon="-72.547905">
        <ele>211.58</ele>
      </trkpt>
      <trkpt lat="45.20242" lon="-72.54714">
        <ele>212.48</ele>
      </trkpt>
      <trkpt lat="45.20302" lon="-72.54665">
        <ele>212.15</ele>
      </trkpt>
      <trkpt lat="45.20383" lon="-72.54615">
        <ele>212.29</ele>
      </trkpt>
      <trkpt lat="45.20457" lon="-72.54557">
        <ele>213.23</ele>
      </trkpt>
      <trkpt lat="45.20496" lon="-72.54513">
        <ele>213.09</ele>
      </trkpt>
      <trkpt lat="45.20542" lon="-72.54442">
        <ele>213.36</ele>
      </trkpt>
      <trkpt lat="45.20562" lon="-72.54406">
        <ele>213.2</ele>
      </trkpt>
      <trkpt lat="45.20588" lon="-72.54342">
        <ele>213.08</ele>
      </trkpt>
      <trkpt lat="45.2062243" lon="-72.5424029">
        <ele>213.64</ele>
      </trkpt>
      <trkpt lat="45.2065686" lon="-72.5413858">
        <ele>214.87</ele>
      </trkpt>
      <trkpt lat="45.2069129" lon="-72.5403686">
        <ele>215.97</ele>
      </trkpt>
      <trkpt lat="45.2072572" lon="-72.5393515">
        <ele>216.31</ele>
      </trkpt>
      <trkpt lat="45.2076015" lon="-72.5383343">
        <ele>215.86</ele>
      </trkpt>
      <trkpt lat="45.2079457" lon="-72.5373172">
        <ele>215.38</ele>
      </trkpt>
      <trkpt lat="45.20829" lon="-72.5363">
        <ele>215.74</ele>
      </trkpt>
      <trkpt lat="45.20828" lon="-72.53632">
        <ele>215.72</ele>
      </trkpt>
      <trkpt lat="45.20843" lon="-72.53589">
        <ele>216.03</ele>
      </trkpt>
      <trkpt lat="45.209275" lon="-72.535895">
        <ele>216.53</ele>
      </trkpt>
      <trkpt lat="45.21012" lon="-72.5359">
        <ele>211.34</ele>
      </trkpt>
      <trkpt lat="45.2109" lon="-72.53593">
        <ele>207.35</ele>
      </trkpt>
      <trkpt lat="45.21093" lon="-72.53572">
        <ele>207.38</ele>
      </trkpt>
      <trkpt lat="45.21093" lon="-72.53573">
        <ele>207.38</ele>
      </trkpt>
      <trkpt lat="45.2109" lon="-72.53593">
        <ele>207.35</ele>
      </trkpt>
      <trkpt lat="45.21155" lon="-72.53595">
        <ele>206.82</ele>
      </trkpt>
      <trkpt lat="45.21173" lon="-72.534905">
        <ele>206.07</ele>
      </trkpt>
      <trkpt lat="45.21191" lon="-72.53386">
        <ele>205.44</ele>
      </trkpt>
      <trkpt lat="45.21191" lon="-72.53386">
        <ele>207.75</ele>
      </trkpt>
      <trkpt lat="45.212585" lon="-72.5339">
        <ele>206.5</ele>
      </trkpt>
      <trkpt lat="45.21326" lon="-72.53394">
        <ele>204.88</ele>
      </trkpt>
      <trkpt lat="45.21333" lon="-72.53403">
        <ele>205.62</ele>
      </trkpt>
      <trkpt lat="45.2135233" lon="-72.5329333">
        <ele>203.66</ele>
      </trkpt>
      <trkpt lat="45.2137167" lon="-72.5318367">
        <ele>204.79</ele>
      </trkpt>
      <trkpt lat="45.21391" lon="-72.53074">
        <ele>206.93</ele>
      </trkpt>
      <trkpt lat="45.21408" lon="-72.52969">
        <ele>207.32</ele>
      </trkpt>
      <trkpt lat="45.2142367" lon="-72.5285767">
        <ele>206.82</ele>
      </trkpt>
      <trkpt lat="45.2143933" lon="-72.5274633">
        <ele>205.51</ele>
      </trkpt>
      <trkpt lat="45.21455" lon="-72.52635">
        <ele>206.09</ele>
      </trkpt>
      <trkpt lat="45.21469" lon="-72.52564">
        <ele>207.76</ele>
      </trkpt>
      <trkpt lat="45.21479" lon="-72.52534">
        <ele>208.73</ele>
      </trkpt>
      <trkpt lat="45.21487" lon="-72.52516">
        <ele>208.98</ele>
      </trkpt>
      <trkpt lat="45.21487" lon="-72.52516">
        <ele>208.96</ele>
      </trkpt>
      <trkpt lat="45.21512" lon="-72.52472">
        <ele>210.48</ele>
      </trkpt>
      <trkpt lat="45.21566" lon="-72.523955">
        <ele>211.94</ele>
      </trkpt>
      <trkpt lat="45.2162" lon="-72.52319">
        <ele>212.63</ele>
      </trkpt>
      <trkpt lat="45.21647" lon="-72.5227">
        <ele>212.7</ele>
      </trkpt>
      <trkpt lat="45.21658" lon="-72.52239">
        <ele>212.51</ele>
      </trkpt>
      <trkpt lat="45.21673" lon="-72.52189">
        <ele>212.44</ele>
      </trkpt>
      <trkpt lat="45.21683" lon="-72.52126">
        <ele>212.26</ele>
      </trkpt>
      <trkpt lat="45.21696" lon="-72.520275">
        <ele>212.08</ele>
      </trkpt>
      <trkpt lat="45.21709" lon="-72.51929">
        <ele>212.57</ele>
      </trkpt>
      <trkpt lat="45.21719" lon="-72.51836">
        <ele>213.83</ele>
      </trkpt>
      <trkpt lat="45.2172" lon="-72.51806">
        <ele>214.28</ele>
      </trkpt>
      <trkpt lat="45.21717" lon="-72.51763">
        <ele>214.71</ele>
      </trkpt>
      <trkpt lat="45.21709" lon="-72.51715">
        <ele>214.92</ele>
      </trkpt>
      <trkpt lat="45.21682" lon="-72.51616">
        <ele>213.74</ele>
      </trkpt>
      <trkpt lat="45.21678" lon="-72.51581">
        <ele>212.94</ele>
      </trkpt>
      <trkpt lat="45.216705" lon="-72.51459">
        <ele>209.01</ele>
      </trkpt>
      <trkpt lat="45.21663" lon="-72.51337">
        <ele>211.61</ele>
      </trkpt>
      <trkpt lat="45.21663" lon="-72.51337">
        <ele>211.61</ele>
      </trkpt>
      <trkpt lat="45.21657" lon="-72.5124267">
        <ele>210.81</ele>
      </trkpt>
      <trkpt lat="45.21651" lon="-72.5114833">
        <ele>210.1</ele>
      </trkpt>
      <trkpt lat="45.21645" lon="-72.51054">
        <ele>208.68</ele>
      </trkpt>
      <trkpt lat="45.21679" lon="-72.51031">
        <ele>206.54</ele>
      </trkpt>
      <trkpt lat="45.21746" lon="-72.50982">
        <ele>206.04</ele>
      </trkpt>
      <trkpt lat="45.21801" lon="-72.50959">
        <ele>207.45</ele>
      </trkpt>
      <trkpt lat="45.21856" lon="-72.50936">
        <ele>214.46</ele>
      </trkpt>
      <trkpt lat="45.21876" lon="-72.50927">
        <ele>216.2</ele>
      </trkpt>
      <trkpt lat="45.21898" lon="-72.5091">
        <ele>217.46</ele>
      </trkpt>
      <trkpt lat="45.21898" lon="-72.5091">
        <ele>217.53</ele>
      </trkpt>
      <trkpt lat="45.21913" lon="-72.50986">
        <ele>215.69</ele>
      </trkpt>
      <trkpt lat="45.21933" lon="-72.51052">
        <ele>214.81</ele>
      </trkpt>
      <trkpt lat="45.219625" lon="-72.51123">
        <ele>212.8</ele>
      </trkpt>
      <trkpt lat="45.21992" lon="-72.51194">
        <ele>212.13</ele>
      </trkpt>
      <trkpt lat="45.2202" lon="-72.51254">
        <ele>212.61</ele>
      </trkpt>
      <trkpt lat="45.22048" lon="-72.51314">
        <ele>212.32</ele>
      </trkpt>
      <trkpt lat="45.2208567" lon="-72.5139967">
        <ele>210.09</ele>
      </trkpt>
      <trkpt lat="45.2212333" lon="-72.5148533">
        <ele>210.23</ele>
      </trkpt>
      <trkpt lat="45.22161" lon="-72.51571">
        <ele>209.4</ele>
      </trkpt>
      <trkpt lat="45.22181" lon="-72.51627">
        <ele>209.05</ele>
      </trkpt>
      <trkpt lat="45.22188" lon="-72.51695">
        <ele>209.14</ele>
      </trkpt>
      <trkpt lat="45.22192" lon="-72.51694">
        <ele>209.11</ele>
      </trkpt>
      <trkpt lat="45.2219" lon="-72.51676">
        <ele>209.08</ele>
      </trkpt>
      <trkpt lat="45.22251" lon="-72.51583">
        <ele>208.19</ele>
      </trkpt>
      <trkpt lat="45.22312" lon="-72.5149">
        <ele>207.46</ele>
      </trkpt>
      <trkpt lat="45.22312" lon="-72.51491">
        <ele>207.47</ele>
      </trkpt>
      <trkpt lat="45.22362" lon="-72.5141467">
        <ele>206.74</ele>
      </trkpt>
      <trkpt lat="45.22412" lon="-72.5133833">
        <ele>205.89</ele>
      </trkpt>
      <trkpt lat="45.22462" lon="-72.51262">
        <ele>203.72</ele>
      </trkpt>
      <trkpt lat="45.225" lon="-72.51191">
        <ele>202.64</ele>
      </trkpt>
      <trkpt lat="45.22535" lon="-72.51097">
        <ele>202.25</ele>
      </trkpt>
      <trkpt lat="45.22545" lon="-72.51048">
        <ele>202.23</ele>
      </trkpt>
      <trkpt lat="45.22558" lon="-72.50927">
        <ele>201.82</ele>
      </trkpt>
      <trkpt lat="45.22559" lon="-72.50852">
        <ele>202.15</ele>
      </trkpt>
      <trkpt lat="45.22553" lon="-72.507355">
        <ele>202.28</ele>
      </trkpt>
      <trkpt lat="45.22547" lon="-72.50619">
        <ele>202.21</ele>
      </trkpt>
      <trkpt lat="45.2254" lon="-72.50551">
        <ele>201.99</ele>
      </trkpt>
      <trkpt lat="45.22539" lon="-72.50511">
        <ele>202.01</ele>
      </trkpt>
      <trkpt lat="45.22542" lon="-72.50462">
        <ele>202.21</ele>
      </trkpt>
      <trkpt lat="45.22542" lon="-72.50463">
        <ele>202.21</ele>
      </trkpt>
      <trkpt lat="45.22545" lon="-72.5044">
        <ele>202.31</ele>
      </trkpt>
      <trkpt lat="45.22579" lon="-72.50337">
        <ele>202.49</ele>
      </trkpt>
      <trkpt lat="45.22579" lon="-72.50318">
        <ele>202.39</ele>
      </trkpt>
      <trkpt lat="45.22575" lon="-72.50297">
        <ele>202.04</ele>
      </trkpt>
      <trkpt lat="45.22588" lon="-72.50264">
        <ele>202.01</ele>
      </trkpt>
      <trkpt lat="45.22607" lon="-72.50232">
        <ele>202.16</ele>
      </trkpt>
      <trkpt lat="45.22665" lon="-72.50152">
        <ele>201.91</ele>
      </trkpt>
      <trkpt lat="45.2272433" lon="-72.5006367">
        <ele>201.46</ele>
      </trkpt>
      <trkpt lat="45.2278367" lon="-72.4997534">
        <ele>201.69</ele>
      </trkpt>
      <trkpt lat="45.22843" lon="-72.49887">
        <ele>201.33</ele>
      </trkpt>
      <trkpt lat="45.22874" lon="-72.49843">
        <ele>201.16</ele>
      </trkpt>
      <trkpt lat="45.2289" lon="-72.49822">
        <ele>200.83</ele>
      </trkpt>
      <trkpt lat="45.22918" lon="-72.49798">
        <ele>201.52</ele>
      </trkpt>
      <trkpt lat="45.22975" lon="-72.49762">
        <ele>201.97</ele>
      </trkpt>
      <trkpt lat="45.230445" lon="-72.497265">
        <ele>201.74</ele>
      </trkpt>
      <trkpt lat="45.23114" lon="-72.49691">
        <ele>201.68</ele>
      </trkpt>
      <trkpt lat="45.23183" lon="-72.49651">
        <ele>202.8</ele>
      </trkpt>
      <trkpt lat="45.23232" lon="-72.49616">
        <ele>203.95</ele>
      </trkpt>
      <trkpt lat="45.2330775" lon="-72.495585">
        <ele>203.88</ele>
      </trkpt>
      <trkpt lat="45.233835" lon="-72.49501">
        <ele>204.21</ele>
      </trkpt>
      <trkpt lat="45.2345925" lon="-72.494435">
        <ele>203.78</ele>
      </trkpt>
      <trkpt lat="45.23535" lon="-72.49386">
        <ele>204.4</ele>
      </trkpt>
      <trkpt lat="45.2359133" lon="-72.49346">
        <ele>204.55</ele>
      </trkpt>
      <trkpt lat="45.2364767" lon="-72.49306">
        <ele>204.6</ele>
      </trkpt>
      <trkpt lat="45.23704" lon="-72.49266">
        <ele>204.45</ele>
      </trkpt>
      <trkpt lat="45.23704" lon="-72.49267">
        <ele>204.45</ele>
      </trkpt>
      <trkpt lat="45.23733" lon="-72.49247">
        <ele>204.18</ele>
      </trkpt>
      <trkpt lat="45.2380967" lon="-72.49201">
        <ele>203.44</ele>
      </trkpt>
      <trkpt lat="45.2388633" lon="-72.49155">
        <ele>203.18</ele>
      </trkpt>
      <trkpt lat="45.23963" lon="-72.49109">
        <ele>203.43</ele>
      </trkpt>
      <trkpt lat="45.23993" lon="-72.49082">
        <ele>203.48</ele>
      </trkpt>
      <trkpt lat="45.24017" lon="-72.49051">
        <ele>203.46</ele>
      </trkpt>
      <trkpt lat="45.24074" lon="-72.48968">
        <ele>202.96</ele>
      </trkpt>
      <trkpt lat="45.24131" lon="-72.48885">
        <ele>202.97</ele>
      </trkpt>
      <trkpt lat="45.24184" lon="-72.488115">
        <ele>203.7</ele>
      </trkpt>
      <trkpt lat="45.24237" lon="-72.48738">
        <ele>203.91</ele>
      </trkpt>
      <trkpt lat="45.24246" lon="-72.4872">
        <ele>204.22</ele>
      </trkpt>
      <trkpt lat="45.24286" lon="-72.48679">
        <ele>204.04</ele>
      </trkpt>
      <trkpt lat="45.24328" lon="-72.48639">
        <ele>204.42</ele>
      </trkpt>
      <trkpt lat="45.24363" lon="-72.48613">
        <ele>204.64</ele>
      </trkpt>
      <trkpt lat="45.244055" lon="-72.48588">
        <ele>204.97</ele>
      </trkpt>
      <trkpt lat="45.24448" lon="-72.48563">
        <ele>205.14</ele>
      </trkpt>
      <trkpt lat="45.24477" lon="-72.4855">
        <ele>205.34</ele>
      </trkpt>
      <trkpt lat="45.24562" lon="-72.4853">
        <ele>205.45</ele>
      </trkpt>
      <trkpt lat="45.24604" lon="-72.48528">
        <ele>205.22</ele>
      </trkpt>
      <trkpt lat="45.2468133" lon="-72.4853683">
        <ele>203.99</ele>
      </trkpt>
      <trkpt lat="45.2475867" lon="-72.4854567">
        <ele>203.34</ele>
      </trkpt>
      <trkpt lat="45.24836" lon="-72.485545">
        <ele>203.12</ele>
      </trkpt>
      <trkpt lat="45.2491333" lon="-72.4856333">
        <ele>202.38</ele>
      </trkpt>
      <trkpt lat="45.2499067" lon="-72.4857217">
        <ele>200.46</ele>
      </trkpt>
      <trkpt lat="45.25068" lon="-72.48581">
        <ele>200.13</ele>
      </trkpt>
      <trkpt lat="45.25138" lon="-72.48591">
        <ele>200.68</ele>
      </trkpt>
      <trkpt lat="45.25171" lon="-72.48524">
        <ele>200.61</ele>
      </trkpt>
      <trkpt lat="45.25225" lon="-72.48428">
        <ele>201.34</ele>
      </trkpt>
      <trkpt lat="45.25232" lon="-72.48411">
        <ele>201.31</ele>
      </trkpt>
      <trkpt lat="45.25238" lon="-72.48384">
        <ele>201.33</ele>
      </trkpt>
      <trkpt lat="45.25235" lon="-72.48263">
        <ele>201.8</ele>
      </trkpt>
      <trkpt lat="45.25232" lon="-72.48142">
        <ele>203.03</ele>
      </trkpt>
      <trkpt lat="45.25237" lon="-72.4811">
        <ele>203.61</ele>
      </trkpt>
      <trkpt lat="45.25237" lon="-72.48112">
        <ele>203.58</ele>
      </trkpt>
      <trkpt lat="45.2525" lon="-72.48034">
        <ele>205.22</ele>
      </trkpt>
      <trkpt lat="45.25271" lon="-72.479515">
        <ele>206.49</ele>
      </trkpt>
      <trkpt lat="45.25292" lon="-72.47869">
        <ele>207.14</ele>
      </trkpt>
      <trkpt lat="45.25305" lon="-72.47789">
        <ele>207.71</ele>
      </trkpt>
      <trkpt lat="45.25308" lon="-72.47724">
        <ele>208.06</ele>
      </trkpt>
      <trkpt lat="45.25311" lon="-72.47659">
        <ele>208.93</ele>
      </trkpt>
      <trkpt lat="45.2531" lon="-72.47542">
        <ele>210.39</ele>
      </trkpt>
      <trkpt lat="45.253145" lon="-72.47477">
        <ele>210.58</ele>
      </trkpt>
      <trkpt lat="45.25319" lon="-72.47412">
        <ele>210.86</ele>
      </trkpt>
      <trkpt lat="45.25326" lon="-72.47372">
        <ele>211.17</ele>
      </trkpt>
      <trkpt lat="45.25339" lon="-72.47314">
        <ele>212.12</ele>
      </trkpt>
      <trkpt lat="45.25356" lon="-72.4726">
        <ele>213.08</ele>
      </trkpt>
      <trkpt lat="45.25399" lon="-72.47171">
        <ele>215.28</ele>
      </trkpt>
      <trkpt lat="45.2544625" lon="-72.470645">
        <ele>216.26</ele>
      </trkpt>
      <trkpt lat="45.254935" lon="-72.46958">
        <ele>217.45</ele>
      </trkpt>
      <trkpt lat="45.2554075" lon="-72.468515">
        <ele>218.35</ele>
      </trkpt>
      <trkpt lat="45.25588" lon="-72.46745">
        <ele>220.02</ele>
      </trkpt>
      <trkpt lat="45.25606" lon="-72.46722">
        <ele>220.1</ele>
      </trkpt>
      <trkpt lat="45.25623" lon="-72.4671">
        <ele>220.1</ele>
      </trkpt>
      <trkpt lat="45.25638" lon="-72.46705">
        <ele>219.99</ele>
      </trkpt>
      <trkpt lat="45.25659" lon="-72.46704">
        <ele>219.99</ele>
      </trkpt>
      <trkpt lat="45.2572" lon="-72.467135">
        <ele>219.17</ele>
      </trkpt>
      <trkpt lat="45.25781" lon="-72.46723">
        <ele>216.99</ele>
      </trkpt>
      <trkpt lat="45.25824" lon="-72.46724">
        <ele>217.25</ele>
      </trkpt>
      <trkpt lat="45.25898" lon="-72.46718">
        <ele>220.87</ele>
      </trkpt>
      <trkpt lat="45.25945" lon="-72.46712">
        <ele>222.19</ele>
      </trkpt>
      <trkpt lat="45.25992" lon="-72.46706">
        <ele>222.77</ele>
      </trkpt>
      <trkpt lat="45.26052" lon="-72.466965">
        <ele>224.34</ele>
      </trkpt>
      <trkpt lat="45.26112" lon="-72.46687">
        <ele>225.74</ele>
      </trkpt>
      <trkpt lat="45.26192" lon="-72.46669">
        <ele>229.47</ele>
      </trkpt>
      <trkpt lat="45.26232" lon="-72.46655">
        <ele>228.61</ele>
      </trkpt>
      <trkpt lat="45.2627" lon="-72.46634">
        <ele>229.32</ele>
      </trkpt>
      <trkpt lat="45.263235" lon="-72.46589">
        <ele>232.73</ele>
      </trkpt>
      <trkpt lat="45.26377" lon="-72.46544">
        <ele>236.85</ele>
      </trkpt>
      <trkpt lat="45.26403" lon="-72.46528">
        <ele>237.89</ele>
      </trkpt>
      <trkpt lat="45.26458" lon="-72.4651">
        <ele>237.7</ele>
      </trkpt>
      <trkpt lat="45.26458" lon="-72.46511">
        <ele>237.71</ele>
      </trkpt>
      <trkpt lat="45.2653633" lon="-72.4648533">
        <ele>237.34</ele>
      </trkpt>
      <trkpt lat="45.2661467" lon="-72.4645967">
        <ele>237</ele>
      </trkpt>
      <trkpt lat="45.26693" lon="-72.46434">
        <ele>235.24</ele>
      </trkpt>
      <trkpt lat="45.267775" lon="-72.464015">
        <ele>231.15</ele>
      </trkpt>
      <trkpt lat="45.26862" lon="-72.46369">
        <ele>225.19</ele>
      </trkpt>
      <trkpt lat="45.26947" lon="-72.4633333">
        <ele>228.93</ele>
      </trkpt>
      <trkpt lat="45.27032" lon="-72.4629767">
        <ele>229.36</ele>
      </trkpt>
      <trkpt lat="45.27117" lon="-72.46262">
        <ele>231.08</ele>
      </trkpt>
      <trkpt lat="45.2718267" lon="-72.46235">
        <ele>232.18</ele>
      </trkpt>
      <trkpt lat="45.2724833" lon="-72.46208">
        <ele>232.2</ele>
      </trkpt>
      <trkpt lat="45.27314" lon="-72.46181">
        <ele>232.48</ele>
      </trkpt>
      <trkpt lat="45.27371" lon="-72.46156">
        <ele>233.5</ele>
      </trkpt>
      <trkpt lat="45.274225" lon="-72.46135">
        <ele>233.83</ele>
      </trkpt>
      <trkpt lat="45.27474" lon="-72.46114">
        <ele>233.58</ele>
      </trkpt>
      <trkpt lat="45.27551" lon="-72.4608375">
        <ele>233.3</ele>
      </trkpt>
      <trkpt lat="45.27628" lon="-72.460535">
        <ele>234.14</ele>
      </trkpt>
      <trkpt lat="45.27705" lon="-72.4602325">
        <ele>233.64</ele>
      </trkpt>
      <trkpt lat="45.27782" lon="-72.45993">
        <ele>230.3</ele>
      </trkpt>
      <trkpt lat="45.2785833" lon="-72.45962">
        <ele>228.41</ele>
      </trkpt>
      <trkpt lat="45.2793467" lon="-72.45931">
        <ele>226.82</ele>
      </trkpt>
      <trkpt lat="45.28011" lon="-72.459">
        <ele>221.54</ele>
      </trkpt>
      <trkpt lat="45.28094" lon="-72.45863">
        <ele>219.52</ele>
      </trkpt>
      <trkpt lat="45.28177" lon="-72.45826">
        <ele>218.45</ele>
      </trkpt>
      <trkpt lat="45.28222" lon="-72.45809">
        <ele>217.91</ele>
      </trkpt>
      <trkpt lat="45.28246" lon="-72.45801">
        <ele>216.52</ele>
      </trkpt>
      <trkpt lat="45.28252" lon="-72.45794">
        <ele>216.16</ele>
      </trkpt>
      <trkpt lat="45.2833033" lon="-72.45851">
        <ele>214.76</ele>
      </trkpt>
      <trkpt lat="45.2840867" lon="-72.45908">
        <ele>214.97</ele>
      </trkpt>
      <trkpt lat="45.28487" lon="-72.45965">
        <ele>215.11</ele>
      </trkpt>
      <trkpt lat="45.28551" lon="-72.46013">
        <ele>215.18</ele>
      </trkpt>
      <trkpt lat="45.28613" lon="-72.46066">
        <ele>216.88</ele>
      </trkpt>
      <trkpt lat="45.28613" lon="-72.46065">
        <ele>216.87</ele>
      </trkpt>
      <trkpt lat="45.28679" lon="-72.4612033">
        <ele>217.19</ele>
      </trkpt>
      <trkpt lat="45.28745" lon="-72.4617567">
        <ele>217.7</ele>
      </trkpt>
      <trkpt lat="45.28811" lon="-72.46231">
        <ele>222.62</ele>
      </trkpt>
      <trkpt lat="45.28872" lon="-72.46283">
        <ele>224.96</ele>
      </trkpt>
      <trkpt lat="45.28933" lon="-72.46335">
        <ele>227.42</ele>
      </trkpt>
      <trkpt lat="45.28994" lon="-72.46387">
        <ele>231.67</ele>
      </trkpt>
      <trkpt lat="45.29062" lon="-72.46448">
        <ele>233.91</ele>
      </trkpt>
      <trkpt lat="45.2913" lon="-72.46509">
        <ele>236.7</ele>
      </trkpt>
      <trkpt lat="45.291895" lon="-72.4656875">
        <ele>238.46</ele>
      </trkpt>
      <trkpt lat="45.29249" lon="-72.466285">
        <ele>240.8</ele>
      </trkpt>
      <trkpt lat="45.293085" lon="-72.4668825">
        <ele>245.13</ele>
      </trkpt>
      <trkpt lat="45.29368" lon="-72.46748">
        <ele>247.32</ele>
      </trkpt>
      <trkpt lat="45.29368" lon="-72.46748">
        <ele>247.33</ele>
      </trkpt>
      <trkpt lat="45.29431" lon="-72.46811">
        <ele>248.77</ele>
      </trkpt>
      <trkpt lat="45.29494" lon="-72.46874">
        <ele>249.66</ele>
      </trkpt>
      <trkpt lat="45.29557" lon="-72.46937">
        <ele>250.69</ele>
      </trkpt>
      <trkpt lat="45.2962" lon="-72.47">
        <ele>251.55</ele>
      </trkpt>
      <trkpt lat="45.296785" lon="-72.47063">
        <ele>253.12</ele>
      </trkpt>
      <trkpt lat="45.29737" lon="-72.47126">
        <ele>254.38</ele>
      </trkpt>
      <trkpt lat="45.2980425" lon="-72.4719375">
        <ele>254.57</ele>
      </trkpt>
      <trkpt lat="45.298715" lon="-72.472615">
        <ele>255.66</ele>
      </trkpt>
      <trkpt lat="45.2993875" lon="-72.4732925">
        <ele>259</ele>
      </trkpt>
      <trkpt lat="45.30006" lon="-72.47397">
        <ele>260.85</ele>
      </trkpt>
      <trkpt lat="45.30057" lon="-72.47453">
        <ele>262.52</ele>
      </trkpt>
      <trkpt lat="45.30126" lon="-72.47516">
        <ele>262.41</ele>
      </trkpt>
      <trkpt lat="45.30172" lon="-72.47546">
        <ele>263.63</ele>
      </trkpt>
      <trkpt lat="45.30195" lon="-72.47551">
        <ele>264.46</ele>
      </trkpt>
      <trkpt lat="45.30218" lon="-72.47552">
        <ele>266.07</ele>
      </trkpt>
      <trkpt lat="45.30245" lon="-72.47549">
        <ele>266.83</ele>
      </trkpt>
      <trkpt lat="45.3030533" lon="-72.47536">
        <ele>268.39</ele>
      </trkpt>
      <trkpt lat="45.3036567" lon="-72.47523">
        <ele>271.25</ele>
      </trkpt>
      <trkpt lat="45.30426" lon="-72.4751">
        <ele>273.19</ele>
      </trkpt>
      <trkpt lat="45.30504" lon="-72.47496">
        <ele>273.03</ele>
      </trkpt>
      <trkpt lat="45.30563" lon="-72.47489">
        <ele>270.85</ele>
      </trkpt>
      <trkpt lat="45.30598" lon="-72.47489">
        <ele>267.54</ele>
      </trkpt>
      <trkpt lat="45.30651" lon="-72.47493">
        <ele>265.88</ele>
      </trkpt>
      <trkpt lat="45.30725" lon="-72.47505">
        <ele>262.29</ele>
      </trkpt>
      <trkpt lat="45.30791" lon="-72.4751633">
        <ele>260.51</ele>
      </trkpt>
      <trkpt lat="45.30857" lon="-72.4752767">
        <ele>261.37</ele>
      </trkpt>
      <trkpt lat="45.30923" lon="-72.47539">
        <ele>263.68</ele>
      </trkpt>
      <trkpt lat="45.3098833" lon="-72.4755933">
        <ele>265.55</ele>
      </trkpt>
      <trkpt lat="45.3105367" lon="-72.4757967">
        <ele>270.2</ele>
      </trkpt>
      <trkpt lat="45.31119" lon="-72.476">
        <ele>273</ele>
      </trkpt>
      <trkpt lat="45.31178" lon="-72.476165">
        <ele>277.46</ele>
      </trkpt>
      <trkpt lat="45.31237" lon="-72.47633">
        <ele>278.89</ele>
      </trkpt>
      <trkpt lat="45.31237" lon="-72.47633">
        <ele>278.89</ele>
      </trkpt>
      <trkpt lat="45.3130725" lon="-72.47652">
        <ele>278.67</ele>
      </trkpt>
      <trkpt lat="45.313775" lon="-72.47671">
        <ele>280.04</ele>
      </trkpt>
      <trkpt lat="45.3144775" lon="-72.4769">
        <ele>279.65</ele>
      </trkpt>
      <trkpt lat="45.31518" lon="-72.47709">
        <ele>278.55</ele>
      </trkpt>
      <trkpt lat="45.31562" lon="-72.477225">
        <ele>277.11</ele>
      </trkpt>
      <trkpt lat="45.31606" lon="-72.47736">
        <ele>277.56</ele>
      </trkpt>
      <trkpt lat="45.31648" lon="-72.47756">
        <ele>278.42</ele>
      </trkpt>
      <trkpt lat="45.31681" lon="-72.47774">
        <ele>278.23</ele>
      </trkpt>
      <trkpt lat="45.31739" lon="-72.47812">
        <ele>278.13</ele>
      </trkpt>
      <trkpt lat="45.31797" lon="-72.4785">
        <ele>275.07</ele>
      </trkpt>
      <trkpt lat="45.318645" lon="-72.478975">
        <ele>273.53</ele>
      </trkpt>
      <trkpt lat="45.31932" lon="-72.47945">
        <ele>273.15</ele>
      </trkpt>
      <trkpt lat="45.31969" lon="-72.4797">
        <ele>269.88</ele>
      </trkpt>
      <trkpt lat="45.31987" lon="-72.47972">
        <ele>267.69</ele>
      </trkpt>
      <trkpt lat="45.3206" lon="-72.47968">
        <ele>259.2</ele>
      </trkpt>
      <trkpt lat="45.32078" lon="-72.47969">
        <ele>257.81</ele>
      </trkpt>
      <trkpt lat="45.32159" lon="-72.48011">
        <ele>251.97</ele>
      </trkpt>
      <trkpt lat="45.3224" lon="-72.48053">
        <ele>251.47</ele>
      </trkpt>
      <trkpt lat="45.323155" lon="-72.480885">
        <ele>245.99</ele>
      </trkpt>
      <trkpt lat="45.32391" lon="-72.48124">
        <ele>243.04</ele>
      </trkpt>
      <trkpt lat="45.32385" lon="-72.482065">
        <ele>240.92</ele>
      </trkpt>
      <trkpt lat="45.32379" lon="-72.48289">
        <ele>241.25</ele>
      </trkpt>
      <trkpt lat="45.3238" lon="-72.48307">
        <ele>241.56</ele>
      </trkpt>
      <trkpt lat="45.32392" lon="-72.48339">
        <ele>242.42</ele>
      </trkpt>
      <trkpt lat="45.32396" lon="-72.48353">
        <ele>242.59</ele>
      </trkpt>
      <trkpt lat="45.32397" lon="-72.4837">
        <ele>242.81</ele>
      </trkpt>
      <trkpt lat="45.32389" lon="-72.48442">
        <ele>245.6</ele>
      </trkpt>
      <trkpt lat="45.32381" lon="-72.48514">
        <ele>246.79</ele>
      </trkpt>
      <trkpt lat="45.32373" lon="-72.4860733">
        <ele>243.69</ele>
      </trkpt>
      <trkpt lat="45.32365" lon="-72.4870067">
        <ele>237.23</ele>
      </trkpt>
      <trkpt lat="45.32357" lon="-72.48794">
        <ele>234</ele>
      </trkpt>
      <trkpt lat="45.32357" lon="-72.48795">
        <ele>233.99</ele>
      </trkpt>
      <trkpt lat="45.3234629" lon="-72.4891472">
        <ele>235.17</ele>
      </trkpt>
      <trkpt lat="45.3233558" lon="-72.4903443">
        <ele>235.4</ele>
      </trkpt>
      <trkpt lat="45.3232486" lon="-72.4915415">
        <ele>231.21</ele>
      </trkpt>
      <trkpt lat="45.3231415" lon="-72.4927386">
        <ele>231.18</ele>
      </trkpt>
      <trkpt lat="45.3230343" lon="-72.4939357">
        <ele>231.81</ele>
      </trkpt>
      <trkpt lat="45.3229272" lon="-72.4951329">
        <ele>232.85</ele>
      </trkpt>
      <trkpt lat="45.32282" lon="-72.49633">
        <ele>232</ele>
      </trkpt>
      <trkpt lat="45.32275" lon="-72.4966">
        <ele>231.51</ele>
      </trkpt>
      <trkpt lat="45.32245" lon="-72.49718">
        <ele>230.01</ele>
      </trkpt>
      <trkpt lat="45.32241" lon="-72.49732">
        <ele>230.25</ele>
      </trkpt>
      <trkpt lat="45.322325" lon="-72.49817">
        <ele>233.8</ele>
      </trkpt>
      <trkpt lat="45.32224" lon="-72.49902">
        <ele>231.87</ele>
      </trkpt>
      <trkpt lat="45.32222" lon="-72.4991">
        <ele>232.17</ele>
      </trkpt>
      <trkpt lat="45.32212" lon="-72.49919">
        <ele>232.17</ele>
      </trkpt>
      <trkpt lat="45.32209" lon="-72.49925">
        <ele>232.24</ele>
      </trkpt>
      <trkpt lat="45.32207" lon="-72.49955">
        <ele>232.06</ele>
      </trkpt>
      <trkpt lat="45.32204" lon="-72.49957">
        <ele>232.06</ele>
      </trkpt>
      <trkpt lat="45.32182" lon="-72.49955">
        <ele>231.59</ele>
      </trkpt>
      <trkpt lat="45.32176" lon="-72.49964">
        <ele>231.59</ele>
      </trkpt>
      <trkpt lat="45.32173" lon="-72.50045">
        <ele>229.84</ele>
      </trkpt>
      <trkpt lat="45.32177" lon="-72.50053">
        <ele>228.49</ele>
      </trkpt>
      <trkpt lat="45.32194" lon="-72.50063">
        <ele>228.07</ele>
      </trkpt>
      <trkpt lat="45.32197" lon="-72.50067">
        <ele>227.91</ele>
      </trkpt>
      <trkpt lat="45.32203" lon="-72.50117">
        <ele>227.17</ele>
      </trkpt>
      <trkpt lat="45.32199" lon="-72.50206">
        <ele>226.34</ele>
      </trkpt>
      <trkpt lat="45.32202" lon="-72.50305">
        <ele>225.47</ele>
      </trkpt>
      <trkpt lat="45.32291" lon="-72.50318">
        <ele>224.16</ele>
      </trkpt>
      <trkpt lat="45.3238" lon="-72.50331">
        <ele>223.42</ele>
      </trkpt>
      <trkpt lat="45.32425" lon="-72.50341">
        <ele>222.53</ele>
      </trkpt>
      <trkpt lat="45.32434" lon="-72.50346">
        <ele>222.37</ele>
      </trkpt>
      <trkpt lat="45.32434" lon="-72.50346">
        <ele>222.39</ele>
      </trkpt>
      <trkpt lat="45.32472" lon="-72.50363">
        <ele>221.93</ele>
      </trkpt>
      <trkpt lat="45.32497" lon="-72.50377">
        <ele>220.77</ele>
      </trkpt>
      <trkpt lat="45.32556" lon="-72.50427">
        <ele>218.86</ele>
      </trkpt>
      <trkpt lat="45.3261525" lon="-72.5048625">
        <ele>217.71</ele>
      </trkpt>
      <trkpt lat="45.326745" lon="-72.505455">
        <ele>217.61</ele>
      </trkpt>
      <trkpt lat="45.3273375" lon="-72.5060475">
        <ele>218.12</ele>
      </trkpt>
      <trkpt lat="45.32793" lon="-72.50664">
        <ele>218.19</ele>
      </trkpt>
      <trkpt lat="45.32817" lon="-72.50685">
        <ele>217.97</ele>
      </trkpt>
      <trkpt lat="45.32863" lon="-72.50712">
        <ele>217.42</ele>
      </trkpt>
      <trkpt lat="45.32884" lon="-72.50721">
        <ele>216.88</ele>
      </trkpt>
      <trkpt lat="45.32915" lon="-72.50728">
        <ele>216.43</ele>
      </trkpt>
      <trkpt lat="45.33002" lon="-72.50738">
        <ele>213.92</ele>
      </trkpt>
      <trkpt lat="45.3307075" lon="-72.5073925">
        <ele>212.44</ele>
      </trkpt>
      <trkpt lat="45.331395" lon="-72.507405">
        <ele>211.67</ele>
      </trkpt>
      <trkpt lat="45.3320825" lon="-72.5074175">
        <ele>210.98</ele>
      </trkpt>
      <trkpt lat="45.33277" lon="-72.50743">
        <ele>210.78</ele>
      </trkpt>
      <trkpt lat="45.33328" lon="-72.50752">
        <ele>211.09</ele>
      </trkpt>
      <trkpt lat="45.33363" lon="-72.50766">
        <ele>211.46</ele>
      </trkpt>
      <trkpt lat="45.33395" lon="-72.50788">
        <ele>211.68</ele>
      </trkpt>
      <trkpt lat="45.33411" lon="-72.50801">
        <ele>211.84</ele>
      </trkpt>
      <trkpt lat="45.3344" lon="-72.50828">
        <ele>212.37</ele>
      </trkpt>
      <trkpt lat="45.33464" lon="-72.5086">
        <ele>212.62</ele>
      </trkpt>
      <trkpt lat="45.33514" lon="-72.50934">
        <ele>213.24</ele>
      </trkpt>
      <trkpt lat="45.33564" lon="-72.51008">
        <ele>213.61</ele>
      </trkpt>
      <trkpt lat="45.33564" lon="-72.51008">
        <ele>213.6</ele>
      </trkpt>
      <trkpt lat="45.336135" lon="-72.51082">
        <ele>213.74</ele>
      </trkpt>
      <trkpt lat="45.33663" lon="-72.51156">
        <ele>215.08</ele>
      </trkpt>
      <trkpt lat="45.33743" lon="-72.51119">
        <ele>217.54</ele>
      </trkpt>
      <trkpt lat="45.3377" lon="-72.512295">
        <ele>216.88</ele>
      </trkpt>
      <trkpt lat="45.33797" lon="-72.5134">
        <ele>217.26</ele>
      </trkpt>
      <trkpt lat="45.33802" lon="-72.51347">
        <ele>217.72</ele>
      </trkpt>
      <trkpt lat="45.33819" lon="-72.51338">
        <ele>217.72</ele>
      </trkpt>
      <trkpt lat="45.33836" lon="-72.51415">
        <ele>217.53</ele>
      </trkpt>
      <trkpt lat="45.33841" lon="-72.51428">
        <ele>217.44</ele>
      </trkpt>
      <trkpt lat="45.33853" lon="-72.51444">
        <ele>217.32</ele>
      </trkpt>
      <trkpt lat="45.33865" lon="-72.51451">
        <ele>216.75</ele>
      </trkpt>
      <trkpt lat="45.33891" lon="-72.51452">
        <ele>216.47</ele>
      </trkpt>
      <trkpt lat="45.33905" lon="-72.51455">
        <ele>216.16</ele>
      </trkpt>
      <trkpt lat="45.3399" lon="-72.51484">
        <ele>212.46</ele>
      </trkpt>
      <trkpt lat="45.3399" lon="-72.51484">
        <ele>212.47</ele>
      </trkpt>
      <trkpt lat="45.340735" lon="-72.51513">
        <ele>212.59</ele>
      </trkpt>
      <trkpt lat="45.34157" lon="-72.51542">
        <ele>213.78</ele>
      </trkpt>
      <trkpt lat="45.3424133" lon="-72.51572">
        <ele>213.76</ele>
      </trkpt>
      <trkpt lat="45.3432567" lon="-72.51602">
        <ele>215</ele>
      </trkpt>
      <trkpt lat="45.3441" lon="-72.51632">
        <ele>216.32</ele>
      </trkpt>
      <trkpt lat="45.3442" lon="-72.5163">
        <ele>216.16</ele>
      </trkpt>
      <trkpt lat="45.34455" lon="-72.51643">
        <ele>215.46</ele>
      </trkpt>
      <trkpt lat="45.34488" lon="-72.51659">
        <ele>214.42</ele>
      </trkpt>
      <trkpt lat="45.34524" lon="-72.51671">
        <ele>214.08</ele>
      </trkpt>
      <trkpt lat="45.34579" lon="-72.5169">
        <ele>214.08</ele>
      </trkpt>
      <trkpt lat="45.346" lon="-72.51696">
        <ele>213.97</ele>
      </trkpt>
      <trkpt lat="45.34621" lon="-72.51697">
        <ele>213.92</ele>
      </trkpt>
      <trkpt lat="45.347024" lon="-72.51668">
        <ele>214.58</ele>
      </trkpt>
      <trkpt lat="45.347838" lon="-72.51639">
        <ele>214.32</ele>
      </trkpt>
      <trkpt lat="45.348652" lon="-72.5161">
        <ele>213.53</ele>
      </trkpt>
      <trkpt lat="45.349466" lon="-72.51581">
        <ele>212.89</ele>
      </trkpt>
      <trkpt lat="45.35028" lon="-72.51552">
        <ele>211.96</ele>
      </trkpt>
      <trkpt lat="45.35044" lon="-72.51544">
        <ele>211.82</ele>
      </trkpt>
      <trkpt lat="45.35032" lon="-72.51432">
        <ele>210.09</ele>
      </trkpt>
      <trkpt lat="45.35028" lon="-72.51364">
        <ele>207.36</ele>
      </trkpt>
      <trkpt lat="45.3508" lon="-72.51343">
        <ele>206.47</ele>
      </trkpt>
      <trkpt lat="45.35107" lon="-72.5133">
        <ele>206.08</ele>
      </trkpt>
      <trkpt lat="45.35186" lon="-72.51278">
        <ele>205.73</ele>
      </trkpt>
      <trkpt lat="45.35265" lon="-72.51226">
        <ele>206.27</ele>
      </trkpt>
      <trkpt lat="45.35293" lon="-72.51209">
        <ele>206.4</ele>
      </trkpt>
      <trkpt lat="45.35327" lon="-72.51196">
        <ele>206.39</ele>
      </trkpt>
      <trkpt lat="45.35398" lon="-72.51178">
        <ele>206.04</ele>
      </trkpt>
      <trkpt lat="45.35425" lon="-72.51177">
        <ele>205.94</ele>
      </trkpt>
      <trkpt lat="45.35461" lon="-72.51177">
        <ele>205.87</ele>
      </trkpt>
      <trkpt lat="45.3552875" lon="-72.5118175">
        <ele>205.87</ele>
      </trkpt>
      <trkpt lat="45.355965" lon="-72.511865">
        <ele>205.83</ele>
      </trkpt>
      <trkpt lat="45.3566425" lon="-72.5119125">
        <ele>205.69</ele>
      </trkpt>
      <trkpt lat="45.35732" lon="-72.51196">
        <ele>205.91</ele>
      </trkpt>
      <trkpt lat="45.35779" lon="-72.51195">
        <ele>206.29</ele>
      </trkpt>
      <trkpt lat="45.35815" lon="-72.51191">
        <ele>206.43</ele>
      </trkpt>
      <trkpt lat="45.35814" lon="-72.51191">
        <ele>206.43</ele>
      </trkpt>
      <trkpt lat="45.3588033" lon="-72.5118467">
        <ele>206.43</ele>
      </trkpt>
      <trkpt lat="45.3594667" lon="-72.5117833">
        <ele>206.63</ele>
      </trkpt>
      <trkpt lat="45.36013" lon="-72.51172">
        <ele>207.31</ele>
      </trkpt>
      <trkpt lat="45.360765" lon="-72.511665">
        <ele>207.93</ele>
      </trkpt>
      <trkpt lat="45.3614" lon="-72.51161">
        <ele>208.54</ele>
      </trkpt>
      <trkpt lat="45.36163" lon="-72.51155">
        <ele>209.2</ele>
      </trkpt>
      <trkpt lat="45.36175" lon="-72.51164">
        <ele>209.43</ele>
      </trkpt>
      <trkpt lat="45.36183" lon="-72.51173">
        <ele>209.34</ele>
      </trkpt>
      <trkpt lat="45.3619" lon="-72.51173">
        <ele>209.26</ele>
      </trkpt>
      <trkpt lat="45.36195" lon="-72.51173">
        <ele>209.26</ele>
      </trkpt>
      <trkpt lat="45.36215" lon="-72.5116">
        <ele>208.62</ele>
      </trkpt>
      <trkpt lat="45.36219" lon="-72.5116">
        <ele>208.44</ele>
      </trkpt>
      <trkpt lat="45.3630407" lon="-72.5115653">
        <ele>207.56</ele>
      </trkpt>
      <trkpt lat="45.3638913" lon="-72.5115307">
        <ele>207.27</ele>
      </trkpt>
      <trkpt lat="45.364742" lon="-72.511496">
        <ele>207.27</ele>
      </trkpt>
      <trkpt lat="45.3655927" lon="-72.5114614">
        <ele>206.96</ele>
      </trkpt>
      <trkpt lat="45.3664433" lon="-72.5114267">
        <ele>206.42</ele>
      </trkpt>
      <trkpt lat="45.367294" lon="-72.511392">
        <ele>206.3</ele>
      </trkpt>
      <trkpt lat="45.3681447" lon="-72.5113574">
        <ele>206.03</ele>
      </trkpt>
      <trkpt lat="45.3689953" lon="-72.5113227">
        <ele>206.05</ele>
      </trkpt>
      <trkpt lat="45.369846" lon="-72.511288">
        <ele>206.14</ele>
      </trkpt>
      <trkpt lat="45.3706967" lon="-72.5112534">
        <ele>205.92</ele>
      </trkpt>
      <trkpt lat="45.3715473" lon="-72.5112187">
        <ele>205.98</ele>
      </trkpt>
      <trkpt lat="45.372398" lon="-72.511184">
        <ele>206.23</ele>
      </trkpt>
      <trkpt lat="45.3732487" lon="-72.5111493">
        <ele>206.5</ele>
      </trkpt>
      <trkpt lat="45.3740993" lon="-72.5111147">
        <ele>206.94</ele>
      </trkpt>
      <trkpt lat="45.37495" lon="-72.51108">
        <ele>207.63</ele>
      </trkpt>
      <trkpt lat="45.37541" lon="-72.51105">
        <ele>208.42</ele>
      </trkpt>
      <trkpt lat="45.37565" lon="-72.51101">
        <ele>208.6</ele>
      </trkpt>
      <trkpt lat="45.37627" lon="-72.51079">
        <ele>208.66</ele>
      </trkpt>
      <trkpt lat="45.37659" lon="-72.51061">
        <ele>208.39</ele>
      </trkpt>
      <trkpt lat="45.37692" lon="-72.51039">
        <ele>208.08</ele>
      </trkpt>
      <trkpt lat="45.37714" lon="-72.51021">
        <ele>207.9</ele>
      </trkpt>
      <trkpt lat="45.37743" lon="-72.5099">
        <ele>207.56</ele>
      </trkpt>
      <trkpt lat="45.37769" lon="-72.50959">
        <ele>207</ele>
      </trkpt>
      <trkpt lat="45.37789" lon="-72.50932">
        <ele>206.79</ele>
      </trkpt>
      <trkpt lat="45.37828" lon="-72.50864">
        <ele>206.79</ele>
      </trkpt>
      <trkpt lat="45.37858" lon="-72.50806">
        <ele>206.9</ele>
      </trkpt>
      <trkpt lat="45.37888" lon="-72.50748">
        <ele>206.91</ele>
      </trkpt>
      <trkpt lat="45.37908" lon="-72.50712">
        <ele>207.14</ele>
      </trkpt>
      <trkpt lat="45.37945" lon="-72.50658">
        <ele>207.25</ele>
      </trkpt>
      <trkpt lat="45.37956" lon="-72.50644">
        <ele>207.24</ele>
      </trkpt>
      <trkpt lat="45.37991" lon="-72.50605">
        <ele>207.58</ele>
      </trkpt>
      <trkpt lat="45.38019" lon="-72.50578">
        <ele>207.82</ele>
      </trkpt>
      <trkpt lat="45.38086" lon="-72.50524">
        <ele>206.97</ele>
      </trkpt>
      <trkpt lat="45.38145" lon="-72.50488">
        <ele>205.78</ele>
      </trkpt>
      <trkpt lat="45.381885" lon="-72.504565">
        <ele>205.2</ele>
      </trkpt>
      <trkpt lat="45.38232" lon="-72.50425">
        <ele>204.19</ele>
      </trkpt>
      <trkpt lat="45.3828833" lon="-72.5038633">
        <ele>202.57</ele>
      </trkpt>
      <trkpt lat="45.3834467" lon="-72.5034767">
        <ele>201.66</ele>
      </trkpt>
      <trkpt lat="45.38401" lon="-72.50309">
        <ele>201.24</ele>
      </trkpt>
      <trkpt lat="45.38444" lon="-72.50282">
        <ele>200.72</ele>
      </trkpt>
      <trkpt lat="45.38527" lon="-72.50241">
        <ele>199.02</ele>
      </trkpt>
      <trkpt lat="45.3861" lon="-72.502">
        <ele>197.53</ele>
      </trkpt>
      <trkpt lat="45.38609" lon="-72.502">
        <ele>197.55</ele>
      </trkpt>
      <trkpt lat="45.38651" lon="-72.5018">
        <ele>197.03</ele>
      </trkpt>
      <trkpt lat="45.387245" lon="-72.50148">
        <ele>196.89</ele>
      </trkpt>
      <trkpt lat="45.38798" lon="-72.50116">
        <ele>197.5</ele>
      </trkpt>
      <trkpt lat="45.38816" lon="-72.50104">
        <ele>198.07</ele>
      </trkpt>
      <trkpt lat="45.38828" lon="-72.50089">
        <ele>197.79</ele>
      </trkpt>
      <trkpt lat="45.3887" lon="-72.5008">
        <ele>197.05</ele>
      </trkpt>
      <trkpt lat="45.38951" lon="-72.5004">
        <ele>197.22</ele>
      </trkpt>
      <trkpt lat="45.39032" lon="-72.5000875">
        <ele>197.2</ele>
      </trkpt>
      <trkpt lat="45.39113" lon="-72.499775">
        <ele>197.57</ele>
      </trkpt>
      <trkpt lat="45.39194" lon="-72.4994625">
        <ele>198.66</ele>
      </trkpt>
      <trkpt lat="45.39275" lon="-72.49915">
        <ele>199.06</ele>
      </trkpt>
      <trkpt lat="45.39316" lon="-72.49903">
        <ele>199.85</ele>
      </trkpt>
      <trkpt lat="45.39339" lon="-72.49898">
        <ele>200.06</ele>
      </trkpt>
      <trkpt lat="45.3937" lon="-72.49898">
        <ele>200.35</ele>
      </trkpt>
      <trkpt lat="45.3941" lon="-72.49906">
        <ele>200.11</ele>
      </trkpt>
      <trkpt lat="45.39426" lon="-72.49911">
        <ele>200.11</ele>
      </trkpt>
      <trkpt lat="45.3946" lon="-72.49928">
        <ele>199.43</ele>
      </trkpt>
      <trkpt lat="45.3949" lon="-72.49951">
        <ele>198.62</ele>
      </trkpt>
      <trkpt lat="45.39531" lon="-72.49996">
        <ele>197.66</ele>
      </trkpt>
      <trkpt lat="45.39544" lon="-72.50014">
        <ele>197.06</ele>
      </trkpt>
      <trkpt lat="45.39568" lon="-72.50058">
        <ele>196.48</ele>
      </trkpt>
      <trkpt lat="45.39596" lon="-72.50129">
        <ele>195.84</ele>
      </trkpt>
      <trkpt lat="45.3961867" lon="-72.5021433">
        <ele>195.13</ele>
      </trkpt>
      <trkpt lat="45.3964133" lon="-72.5029967">
        <ele>194.32</ele>
      </trkpt>
      <trkpt lat="45.39664" lon="-72.50385">
        <ele>193.56</ele>
      </trkpt>
      <trkpt lat="45.39679" lon="-72.50434">
        <ele>193.17</ele>
      </trkpt>
      <trkpt lat="45.39718" lon="-72.50546">
        <ele>192.74</ele>
      </trkpt>
      <trkpt lat="45.39743" lon="-72.50609">
        <ele>192.04</ele>
      </trkpt>
      <trkpt lat="45.39779" lon="-72.50685">
        <ele>191.72</ele>
      </trkpt>
      <trkpt lat="45.39819" lon="-72.50762">
        <ele>191.2</ele>
      </trkpt>
      <trkpt lat="45.39858" lon="-72.50828">
        <ele>189.9</ele>
      </trkpt>
      <trkpt lat="45.3991133" lon="-72.5090867">
        <ele>188.29</ele>
      </trkpt>
      <trkpt lat="45.3996467" lon="-72.5098933">
        <ele>186.92</ele>
      </trkpt>
      <trkpt lat="45.40018" lon="-72.5107">
        <ele>185.12</ele>
      </trkpt>
      <trkpt lat="45.40047" lon="-72.51098">
        <ele>184.91</ele>
      </trkpt>
      <trkpt lat="45.40053" lon="-72.5111">
        <ele>185.09</ele>
      </trkpt>
      <trkpt lat="45.40054" lon="-72.51141">
        <ele>184.84</ele>
      </trkpt>
      <trkpt lat="45.40057" lon="-72.51147">
        <ele>184.27</ele>
      </trkpt>
      <trkpt lat="45.40081" lon="-72.51182">
        <ele>183.47</ele>
      </trkpt>
      <trkpt lat="45.40101" lon="-72.512">
        <ele>182.78</ele>
      </trkpt>
      <trkpt lat="45.40113" lon="-72.51214">
        <ele>182.46</ele>
      </trkpt>
      <trkpt lat="45.4016575" lon="-72.512935">
        <ele>181.35</ele>
      </trkpt>
      <trkpt lat="45.402185" lon="-72.51373">
        <ele>180.65</ele>
      </trkpt>
      <trkpt lat="45.4027125" lon="-72.514525">
        <ele>179.38</ele>
      </trkpt>
      <trkpt lat="45.40324" lon="-72.51532">
        <ele>178.59</ele>
      </trkpt>
      <trkpt lat="45.4036" lon="-72.51599">
        <ele>177.97</ele>
      </trkpt>
      <trkpt lat="45.40381" lon="-72.51648">
        <ele>177.43</ele>
      </trkpt>
      <trkpt lat="45.40409" lon="-72.51746">
        <ele>176.35</ele>
      </trkpt>
      <trkpt lat="45.40436" lon="-72.51866">
        <ele>174.57</ele>
      </trkpt>
      <trkpt lat="45.40456" lon="-72.5197">
        <ele>172.63</ele>
      </trkpt>
      <trkpt lat="45.404725" lon="-72.520665">
        <ele>171</ele>
      </trkpt>
      <trkpt lat="45.40489" lon="-72.52163">
        <ele>170.3</ele>
      </trkpt>
      <trkpt lat="45.40501" lon="-72.52216">
        <ele>169.59</ele>
      </trkpt>
      <trkpt lat="45.40514" lon="-72.52261">
        <ele>169.33</ele>
      </trkpt>
      <trkpt lat="45.40533" lon="-72.52311">
        <ele>168.71</ele>
      </trkpt>
      <trkpt lat="45.40552" lon="-72.52351">
        <ele>168.26</ele>
      </trkpt>
      <trkpt lat="45.40581" lon="-72.524">
        <ele>167.49</ele>
      </trkpt>
      <trkpt lat="45.40613" lon="-72.52444">
        <ele>167.23</ele>
      </trkpt>
      <trkpt lat="45.40635" lon="-72.52467">
        <ele>167.05</ele>
      </trkpt>
      <trkpt lat="45.40684" lon="-72.52511">
        <ele>166.92</ele>
      </trkpt>
      <trkpt lat="45.40741" lon="-72.52553">
        <ele>165.97</ele>
      </trkpt>
      <trkpt lat="45.407935" lon="-72.525885">
        <ele>165.63</ele>
      </trkpt>
      <trkpt lat="45.40846" lon="-72.52624">
        <ele>165.28</ele>
      </trkpt>
      <trkpt lat="45.40886" lon="-72.52655">
        <ele>165.22</ele>
      </trkpt>
      <trkpt lat="45.40926" lon="-72.52686">
        <ele>165.25</ele>
      </trkpt>
      <trkpt lat="45.40992" lon="-72.52736">
        <ele>164.43</ele>
      </trkpt>
      <trkpt lat="45.41048" lon="-72.52787">
        <ele>165.08</ele>
      </trkpt>
      <trkpt lat="45.41087" lon="-72.52834">
        <ele>163.4</ele>
      </trkpt>
      <trkpt lat="45.41124" lon="-72.52886">
        <ele>162.95</ele>
      </trkpt>
      <trkpt lat="45.41161" lon="-72.52938">
        <ele>162.84</ele>
      </trkpt>
      <trkpt lat="45.412096" lon="-72.530166">
        <ele>163.13</ele>
      </trkpt>
      <trkpt lat="45.412582" lon="-72.530952">
        <ele>163.31</ele>
      </trkpt>
      <trkpt lat="45.413068" lon="-72.531738">
        <ele>163.61</ele>
      </trkpt>
      <trkpt lat="45.413554" lon="-72.532524">
        <ele>163.81</ele>
      </trkpt>
      <trkpt lat="45.41404" lon="-72.53331">
        <ele>164.41</ele>
      </trkpt>
      <trkpt lat="45.41457" lon="-72.53414">
        <ele>164.42</ele>
      </trkpt>
      <trkpt lat="45.41457" lon="-72.53414">
        <ele>164.42</ele>
      </trkpt>
      <trkpt lat="45.414885" lon="-72.53462">
        <ele>164.45</ele>
      </trkpt>
      <trkpt lat="45.4152" lon="-72.5351">
        <ele>164.19</ele>
      </trkpt>
      <trkpt lat="45.41554" lon="-72.53568">
        <ele>164.02</ele>
      </trkpt>
      <trkpt lat="45.415895" lon="-72.536395">
        <ele>164.27</ele>
      </trkpt>
      <trkpt lat="45.41625" lon="-72.53711">
        <ele>164.21</ele>
      </trkpt>
      <trkpt lat="45.4166133" lon="-72.5380967">
        <ele>163.28</ele>
      </trkpt>
      <trkpt lat="45.4169767" lon="-72.5390833">
        <ele>162.5</ele>
      </trkpt>
      <trkpt lat="45.41734" lon="-72.54007">
        <ele>162.19</ele>
      </trkpt>
      <trkpt lat="45.41776" lon="-72.541165">
        <ele>161.35</ele>
      </trkpt>
      <trkpt lat="45.41818" lon="-72.54226">
        <ele>162.55</ele>
      </trkpt>
      <trkpt lat="45.41854" lon="-72.54342">
        <ele>161.97</ele>
      </trkpt>
      <trkpt lat="45.41868" lon="-72.54405">
        <ele>162</ele>
      </trkpt>
      <trkpt lat="45.41883" lon="-72.5449">
        <ele>161.95</ele>
      </trkpt>
      <trkpt lat="45.4189233" lon="-72.5457667">
        <ele>161.86</ele>
      </trkpt>
      <trkpt lat="45.4190167" lon="-72.5466333">
        <ele>161.67</ele>
      </trkpt>
      <trkpt lat="45.41911" lon="-72.5475">
        <ele>161.56</ele>
      </trkpt>
      <trkpt lat="45.41925" lon="-72.54866">
        <ele>161.77</ele>
      </trkpt>
      <trkpt lat="45.419305" lon="-72.549355">
        <ele>161.82</ele>
      </trkpt>
      <trkpt lat="45.41936" lon="-72.55005">
        <ele>162.11</ele>
      </trkpt>
      <trkpt lat="45.41947" lon="-72.55087">
        <ele>162.72</ele>
      </trkpt>
      <trkpt lat="45.41936" lon="-72.55086">
        <ele>162.28</ele>
      </trkpt>
      <trkpt lat="45.41911" lon="-72.55073">
        <ele>160.38</ele>
      </trkpt>
      <trkpt lat="45.41902" lon="-72.55073">
        <ele>159.93</ele>
      </trkpt>
      <trkpt lat="45.41894" lon="-72.55077">
        <ele>158.96</ele>
      </trkpt>
      <trkpt lat="45.41883" lon="-72.55086">
        <ele>156.95</ele>
      </trkpt>
      <trkpt lat="45.41878" lon="-72.551">
        <ele>156.15</ele>
      </trkpt>
      <trkpt lat="45.4187" lon="-72.55135">
        <ele>154.35</ele>
      </trkpt>
      <trkpt lat="45.41866" lon="-72.55176">
        <ele>153.15</ele>
      </trkpt>
      <trkpt lat="45.41869" lon="-72.55194">
        <ele>152.59</ele>
      </trkpt>
      <trkpt lat="45.41882" lon="-72.55233">
        <ele>152.39</ele>
      </trkpt>
      <trkpt lat="45.41882" lon="-72.55238">
        <ele>152.65</ele>
      </trkpt>
      <trkpt lat="45.41856" lon="-72.55253">
        <ele>152.61</ele>
      </trkpt>
      <trkpt lat="45.41848" lon="-72.55265">
        <ele>152.42</ele>
      </trkpt>
      <trkpt lat="45.41845" lon="-72.55292">
        <ele>151.99</ele>
      </trkpt>
      <trkpt lat="45.41849" lon="-72.55305">
        <ele>151.78</ele>
      </trkpt>
      <trkpt lat="45.41856" lon="-72.55319">
        <ele>151.31</ele>
      </trkpt>
      <trkpt lat="45.41871" lon="-72.55333">
        <ele>151.03</ele>
      </trkpt>
      <trkpt lat="45.41885" lon="-72.55351">
        <ele>150.77</ele>
      </trkpt>
      <trkpt lat="45.41906" lon="-72.55391">
        <ele>150.32</ele>
      </trkpt>
      <trkpt lat="45.41916" lon="-72.55404">
        <ele>150.32</ele>
      </trkpt>
      <trkpt lat="45.41926" lon="-72.55413">
        <ele>150.13</ele>
      </trkpt>
      <trkpt lat="45.41934" lon="-72.55417">
        <ele>150.05</ele>
      </trkpt>
      <trkpt lat="45.41947" lon="-72.55426">
        <ele>149.92</ele>
      </trkpt>
      <trkpt lat="45.41968" lon="-72.5545">
        <ele>149.67</ele>
      </trkpt>
      <trkpt lat="45.41981" lon="-72.55462">
        <ele>149.5</ele>
      </trkpt>
      <trkpt lat="45.42013" lon="-72.55471">
        <ele>149.24</ele>
      </trkpt>
      <trkpt lat="45.4203" lon="-72.55471">
        <ele>149.24</ele>
      </trkpt>
      <trkpt lat="45.42042" lon="-72.55476">
        <ele>149.24</ele>
      </trkpt>
      <trkpt lat="45.42057" lon="-72.55485">
        <ele>148.71</ele>
      </trkpt>
      <trkpt lat="45.4209" lon="-72.55534">
        <ele>148.42</ele>
      </trkpt>
      <trkpt lat="45.42101" lon="-72.55553">
        <ele>148.34</ele>
      </trkpt>
      <trkpt lat="45.42105" lon="-72.55575">
        <ele>147.99</ele>
      </trkpt>
      <trkpt lat="45.42111" lon="-72.55655">
        <ele>147.66</ele>
      </trkpt>
      <trkpt lat="45.42129" lon="-72.55731">
        <ele>147.11</ele>
      </trkpt>
      <trkpt lat="45.4213" lon="-72.55748">
        <ele>147.04</ele>
      </trkpt>
      <trkpt lat="45.42126" lon="-72.5578">
        <ele>146.95</ele>
      </trkpt>
      <trkpt lat="45.42113" lon="-72.55824">
        <ele>146.55</ele>
      </trkpt>
      <trkpt lat="45.42112" lon="-72.55838">
        <ele>146.46</ele>
      </trkpt>
      <trkpt lat="45.4212" lon="-72.55909">
        <ele>146.42</ele>
      </trkpt>
      <trkpt lat="45.4212" lon="-72.55932">
        <ele>146.53</ele>
      </trkpt>
      <trkpt lat="45.42115" lon="-72.55946">
        <ele>146.66</ele>
      </trkpt>
      <trkpt lat="45.42106" lon="-72.55964">
        <ele>147.03</ele>
      </trkpt>
      <trkpt lat="45.42102" lon="-72.55977">
        <ele>147.15</ele>
      </trkpt>
      <trkpt lat="45.42101" lon="-72.55987">
        <ele>147.18</ele>
      </trkpt>
      <trkpt lat="45.4212" lon="-72.56103">
        <ele>149.12</ele>
      </trkpt>
      <trkpt lat="45.42126" lon="-72.56201">
        <ele>152.91</ele>
      </trkpt>
      <trkpt lat="45.42132" lon="-72.56219">
        <ele>153.24</ele>
      </trkpt>
      <trkpt lat="45.42166" lon="-72.56282">
        <ele>153.65</ele>
      </trkpt>
      <trkpt lat="45.42196" lon="-72.56358">
        <ele>152.97</ele>
      </trkpt>
      <trkpt lat="45.42219" lon="-72.56435">
        <ele>154.1</ele>
      </trkpt>
      <trkpt lat="45.42233" lon="-72.56474">
        <ele>154.4</ele>
      </trkpt>
      <trkpt lat="45.42274" lon="-72.56546">
        <ele>151.7</ele>
      </trkpt>
      <trkpt lat="45.42294" lon="-72.56599">
        <ele>149.03</ele>
      </trkpt>
      <trkpt lat="45.42342" lon="-72.56702">
        <ele>146.81</ele>
      </trkpt>
      <trkpt lat="45.42348" lon="-72.56729">
        <ele>146.63</ele>
      </trkpt>
      <trkpt lat="45.4235" lon="-72.56773">
        <ele>147.39</ele>
      </trkpt>
      <trkpt lat="45.42347" lon="-72.56797">
        <ele>147.9</ele>
      </trkpt>
      <trkpt lat="45.42337" lon="-72.56851">
        <ele>149.7</ele>
      </trkpt>
      <trkpt lat="45.42336" lon="-72.56899">
        <ele>150.28</ele>
      </trkpt>
      <trkpt lat="45.42334" lon="-72.56922">
        <ele>150.25</ele>
      </trkpt>
      <trkpt lat="45.42336" lon="-72.5694">
        <ele>149.93</ele>
      </trkpt>
      <trkpt lat="45.42339" lon="-72.56955">
        <ele>149.68</ele>
      </trkpt>
      <trkpt lat="45.42339" lon="-72.56955">
        <ele>149.71</ele>
      </trkpt>
      <trkpt lat="45.42357" lon="-72.5702">
        <ele>148.28</ele>
      </trkpt>
      <trkpt lat="45.42361" lon="-72.57069">
        <ele>148.3</ele>
      </trkpt>
      <trkpt lat="45.42355" lon="-72.57118">
        <ele>148.69</ele>
      </trkpt>
      <trkpt lat="45.42335" lon="-72.57186">
        <ele>149.87</ele>
      </trkpt>
      <trkpt lat="45.42337" lon="-72.57235">
        <ele>149.5</ele>
      </trkpt>
      <trkpt lat="45.42337" lon="-72.57314">
        <ele>149.94</ele>
      </trkpt>
      <trkpt lat="45.42337" lon="-72.57393">
        <ele>151.76</ele>
      </trkpt>
      <trkpt lat="45.42335" lon="-72.57436">
        <ele>151.99</ele>
      </trkpt>
      <trkpt lat="45.42337" lon="-72.57455">
        <ele>151.69</ele>
      </trkpt>
      <trkpt lat="45.42347" lon="-72.57486">
        <ele>150.71</ele>
      </trkpt>
      <trkpt lat="45.42372" lon="-72.57539">
        <ele>147.4</ele>
      </trkpt>
      <trkpt lat="45.42375" lon="-72.57553">
        <ele>146.94</ele>
      </trkpt>
      <trkpt lat="45.42375" lon="-72.57566">
        <ele>146.77</ele>
      </trkpt>
      <trkpt lat="45.42367" lon="-72.57602">
        <ele>146.89</ele>
      </trkpt>
      <trkpt lat="45.42362" lon="-72.57616">
        <ele>147.43</ele>
      </trkpt>
      <trkpt lat="45.42357" lon="-72.57625">
        <ele>148.15</ele>
      </trkpt>
      <trkpt lat="45.42328" lon="-72.57656">
        <ele>148.95</ele>
      </trkpt>
      <trkpt lat="45.42316" lon="-72.57687">
        <ele>150.01</ele>
      </trkpt>
      <trkpt lat="45.42302" lon="-72.57751">
        <ele>150.45</ele>
      </trkpt>
      <trkpt lat="45.423" lon="-72.57777">
        <ele>150.74</ele>
      </trkpt>
      <trkpt lat="45.42292" lon="-72.57827">
        <ele>151.12</ele>
      </trkpt>
      <trkpt lat="45.4229" lon="-72.57866">
        <ele>150.4</ele>
      </trkpt>
      <trkpt lat="45.42286" lon="-72.5788">
        <ele>150.21</ele>
      </trkpt>
      <trkpt lat="45.42278" lon="-72.57897">
        <ele>149.84</ele>
      </trkpt>
      <trkpt lat="45.42274" lon="-72.5791">
        <ele>149.84</ele>
      </trkpt>
      <trkpt lat="45.42272" lon="-72.57925">
        <ele>149.73</ele>
      </trkpt>
      <trkpt lat="45.42272" lon="-72.57947">
        <ele>149.71</ele>
      </trkpt>
      <trkpt lat="45.42269" lon="-72.5796">
        <ele>149.86</ele>
      </trkpt>
      <trkpt lat="45.42263" lon="-72.57969">
        <ele>150.17</ele>
      </trkpt>
      <trkpt lat="45.42225" lon="-72.5801">
        <ele>152.66</ele>
      </trkpt>
      <trkpt lat="45.42218" lon="-72.58023">
        <ele>152.82</ele>
      </trkpt>
      <trkpt lat="45.42193" lon="-72.58108">
        <ele>153.09</ele>
      </trkpt>
      <trkpt lat="45.42191" lon="-72.58131">
        <ele>153.06</ele>
      </trkpt>
      <trkpt lat="45.42196" lon="-72.5818">
        <ele>152.64</ele>
      </trkpt>
      <trkpt lat="45.42195" lon="-72.58202">
        <ele>152.66</ele>
      </trkpt>
      <trkpt lat="45.42184" lon="-72.58247">
        <ele>152.99</ele>
      </trkpt>
      <trkpt lat="45.42184" lon="-72.58265">
        <ele>152.65</ele>
      </trkpt>
      <trkpt lat="45.42191" lon="-72.58305">
        <ele>151.67</ele>
      </trkpt>
      <trkpt lat="45.42191" lon="-72.58327">
        <ele>150.42</ele>
      </trkpt>
      <trkpt lat="45.42186" lon="-72.58349">
        <ele>150.02</ele>
      </trkpt>
      <trkpt lat="45.42183" lon="-72.58372">
        <ele>149.57</ele>
      </trkpt>
      <trkpt lat="45.42185" lon="-72.58443">
        <ele>146</ele>
      </trkpt>
      <trkpt lat="45.42184" lon="-72.58475">
        <ele>145.51</ele>
      </trkpt>
      <trkpt lat="45.42197" lon="-72.58552">
        <ele>146.54</ele>
      </trkpt>
      <trkpt lat="45.4222" lon="-72.58601">
        <ele>147.13</ele>
      </trkpt>
      <trkpt lat="45.42225" lon="-72.58641">
        <ele>148.13</ele>
      </trkpt>
      <trkpt lat="45.42223" lon="-72.58721">
        <ele>148.46</ele>
      </trkpt>
      <trkpt lat="45.42228" lon="-72.58739">
        <ele>148.1</ele>
      </trkpt>
      <trkpt lat="45.42273" lon="-72.58843">
        <ele>146.14</ele>
      </trkpt>
      <trkpt lat="45.42276" lon="-72.58865">
        <ele>146.08</ele>
      </trkpt>
      <trkpt lat="45.42276" lon="-72.58905">
        <ele>146.21</ele>
      </trkpt>
      <trkpt lat="45.4227" lon="-72.58918">
        <ele>146.55</ele>
      </trkpt>
      <trkpt lat="45.42259" lon="-72.58932">
        <ele>146.8</ele>
      </trkpt>
      <trkpt lat="45.42231" lon="-72.58959">
        <ele>147.96</ele>
      </trkpt>
      <trkpt lat="45.42187" lon="-72.58976">
        <ele>149.7</ele>
      </trkpt>
      <trkpt lat="45.42156" lon="-72.58977">
        <ele>150.38</ele>
      </trkpt>
      <trkpt lat="45.42143" lon="-72.58981">
        <ele>150.98</ele>
      </trkpt>
      <trkpt lat="45.42131" lon="-72.5899">
        <ele>151.2</ele>
      </trkpt>
      <trkpt lat="45.42125" lon="-72.59">
        <ele>151.33</ele>
      </trkpt>
      <trkpt lat="45.42122" lon="-72.59012">
        <ele>151.38</ele>
      </trkpt>
      <trkpt lat="45.42123" lon="-72.5904">
        <ele>151.35</ele>
      </trkpt>
      <trkpt lat="45.42121" lon="-72.59057">
        <ele>151.43</ele>
      </trkpt>
      <trkpt lat="45.42116" lon="-72.59071">
        <ele>151.43</ele>
      </trkpt>
      <trkpt lat="45.42096" lon="-72.59092">
        <ele>151.64</ele>
      </trkpt>
      <trkpt lat="45.42059" lon="-72.59174">
        <ele>152.75</ele>
      </trkpt>
      <trkpt lat="45.42039" lon="-72.59205">
        <ele>153.53</ele>
      </trkpt>
      <trkpt lat="45.42026" lon="-72.5926">
        <ele>153.42</ele>
      </trkpt>
      <trkpt lat="45.42024" lon="-72.59281">
        <ele>153.1</ele>
      </trkpt>
      <trkpt lat="45.42026" lon="-72.59309">
        <ele>152.46</ele>
      </trkpt>
      <trkpt lat="45.42037" lon="-72.59358">
        <ele>150.4</ele>
      </trkpt>
      <trkpt lat="45.4206" lon="-72.59429">
        <ele>145.66</ele>
      </trkpt>
      <trkpt lat="45.42074" lon="-72.59483">
        <ele>145.59</ele>
      </trkpt>
      <trkpt lat="45.42105" lon="-72.59518">
        <ele>146.72</ele>
      </trkpt>
      <trkpt lat="45.42136" lon="-72.59536">
        <ele>146.81</ele>
      </trkpt>
      <trkpt lat="45.42161" lon="-72.59568">
        <ele>147.39</ele>
      </trkpt>
      <trkpt lat="45.42179" lon="-72.5958">
        <ele>147.6</ele>
      </trkpt>
      <trkpt lat="45.42234" lon="-72.59618">
        <ele>148.41</ele>
      </trkpt>
      <trkpt lat="45.42243" lon="-72.59639">
        <ele>149.31</ele>
      </trkpt>
      <trkpt lat="45.42247" lon="-72.59662">
        <ele>149.41</ele>
      </trkpt>
      <trkpt lat="45.42246" lon="-72.59685">
        <ele>148.59</ele>
      </trkpt>
      <trkpt lat="45.42241" lon="-72.59702">
        <ele>147.23</ele>
      </trkpt>
      <trkpt lat="45.42194" lon="-72.59796">
        <ele>146.74</ele>
      </trkpt>
      <trkpt lat="45.4219" lon="-72.59841">
        <ele>147.15</ele>
      </trkpt>
      <trkpt lat="45.42182" lon="-72.59872">
        <ele>147.82</ele>
      </trkpt>
      <trkpt lat="45.42168" lon="-72.59886">
        <ele>147.62</ele>
      </trkpt>
      <trkpt lat="45.42146" lon="-72.59899">
        <ele>146.81</ele>
      </trkpt>
      <trkpt lat="45.42114" lon="-72.59931">
        <ele>146.52</ele>
      </trkpt>
      <trkpt lat="45.42107" lon="-72.59948">
        <ele>146.63</ele>
      </trkpt>
      <trkpt lat="45.42105" lon="-72.59962">
        <ele>146.62</ele>
      </trkpt>
      <trkpt lat="45.42109" lon="-72.59979">
        <ele>146.52</ele>
      </trkpt>
      <trkpt lat="45.42134" lon="-72.60024">
        <ele>146.82</ele>
      </trkpt>
      <trkpt lat="45.42138" lon="-72.60038">
        <ele>147.15</ele>
      </trkpt>
      <trkpt lat="45.42138" lon="-72.60056">
        <ele>147.8</ele>
      </trkpt>
      <trkpt lat="45.4213" lon="-72.60069">
        <ele>148.15</ele>
      </trkpt>
      <trkpt lat="45.4212" lon="-72.60082">
        <ele>148.34</ele>
      </trkpt>
      <trkpt lat="45.42108" lon="-72.60091">
        <ele>148.26</ele>
      </trkpt>
      <trkpt lat="45.42079" lon="-72.60105">
        <ele>148.26</ele>
      </trkpt>
      <trkpt lat="45.42067" lon="-72.60114">
        <ele>147.57</ele>
      </trkpt>
      <trkpt lat="45.42054" lon="-72.60136">
        <ele>147.57</ele>
      </trkpt>
      <trkpt lat="45.4204" lon="-72.60164">
        <ele>147.44</ele>
      </trkpt>
      <trkpt lat="45.42033" lon="-72.60226">
        <ele>147.11</ele>
      </trkpt>
      <trkpt lat="45.42024" lon="-72.60249">
        <ele>147.11</ele>
      </trkpt>
      <trkpt lat="45.41999" lon="-72.60292">
        <ele>146.91</ele>
      </trkpt>
      <trkpt lat="45.41985" lon="-72.6036">
        <ele>146.98</ele>
      </trkpt>
      <trkpt lat="45.41978" lon="-72.60379">
        <ele>146.98</ele>
      </trkpt>
      <trkpt lat="45.4198" lon="-72.60418">
        <ele>146.91</ele>
      </trkpt>
      <trkpt lat="45.41979" lon="-72.60431">
        <ele>147.07</ele>
      </trkpt>
      <trkpt lat="45.41967" lon="-72.60454">
        <ele>147.96</ele>
      </trkpt>
      <trkpt lat="45.41962" lon="-72.60476">
        <ele>148.39</ele>
      </trkpt>
      <trkpt lat="45.41966" lon="-72.60503">
        <ele>148.15</ele>
      </trkpt>
      <trkpt lat="45.41979" lon="-72.60536">
        <ele>147.25</ele>
      </trkpt>
      <trkpt lat="45.4198" lon="-72.60553">
        <ele>147.07</ele>
      </trkpt>
      <trkpt lat="45.41972" lon="-72.6062">
        <ele>145.89</ele>
      </trkpt>
      <trkpt lat="45.41968" lon="-72.60637">
        <ele>145.77</ele>
      </trkpt>
      <trkpt lat="45.41955" lon="-72.60651">
        <ele>145.51</ele>
      </trkpt>
      <trkpt lat="45.4192" lon="-72.60673">
        <ele>146.12</ele>
      </trkpt>
      <trkpt lat="45.41908" lon="-72.60678">
        <ele>146.81</ele>
      </trkpt>
      <trkpt lat="45.41876" lon="-72.60678">
        <ele>148.73</ele>
      </trkpt>
      <trkpt lat="45.41856" lon="-72.60682">
        <ele>149.61</ele>
      </trkpt>
      <trkpt lat="45.41833" lon="-72.60696">
        <ele>149.85</ele>
      </trkpt>
      <trkpt lat="45.41815" lon="-72.60714">
        <ele>150.01</ele>
      </trkpt>
      <trkpt lat="45.41766" lon="-72.60806">
        <ele>150.46</ele>
      </trkpt>
      <trkpt lat="45.41765" lon="-72.60807">
        <ele>150.49</ele>
      </trkpt>
      <trkpt lat="45.41741" lon="-72.60857">
        <ele>151.56</ele>
      </trkpt>
      <trkpt lat="45.41737" lon="-72.60879">
        <ele>151.4</ele>
      </trkpt>
      <trkpt lat="45.4175" lon="-72.60933">
        <ele>148.69</ele>
      </trkpt>
      <trkpt lat="45.41754" lon="-72.6102">
        <ele>147.41</ele>
      </trkpt>
      <trkpt lat="45.41747" lon="-72.61035">
        <ele>147.46</ele>
      </trkpt>
      <trkpt lat="45.41749" lon="-72.61047">
        <ele>147.46</ele>
      </trkpt>
      <trkpt lat="45.418143" lon="-72.6112159">
        <ele>148.03</ele>
      </trkpt>
      <trkpt lat="45.418796" lon="-72.6119619">
        <ele>148.37</ele>
      </trkpt>
      <trkpt lat="45.4194491" lon="-72.6127078">
        <ele>148.32</ele>
      </trkpt>
      <trkpt lat="45.4201021" lon="-72.6134538">
        <ele>148.53</ele>
      </trkpt>
      <trkpt lat="45.4207551" lon="-72.6141998">
        <ele>148.39</ele>
      </trkpt>
      <trkpt lat="45.4214081" lon="-72.6149458">
        <ele>148.15</ele>
      </trkpt>
      <trkpt lat="45.4220611" lon="-72.6156918">
        <ele>148.16</ele>
      </trkpt>
      <trkpt lat="45.422714" lon="-72.6164379">
        <ele>148.19</ele>
      </trkpt>
      <trkpt lat="45.423367" lon="-72.6171839">
        <ele>148.11</ele>
      </trkpt>
      <trkpt lat="45.42402" lon="-72.61793">
        <ele>148.34</ele>
      </trkpt>
      <trkpt lat="45.42412" lon="-72.61802">
        <ele>148.16</ele>
      </trkpt>
      <trkpt lat="45.42426" lon="-72.61806">
        <ele>148.36</ele>
      </trkpt>
      <trkpt lat="45.42478" lon="-72.61797">
        <ele>149.09</ele>
      </trkpt>
      <trkpt lat="45.42499" lon="-72.61807">
        <ele>150.25</ele>
      </trkpt>
      <trkpt lat="45.42538" lon="-72.6184">
        <ele>151.31</ele>
      </trkpt>
      <trkpt lat="45.42538" lon="-72.6184">
        <ele>151.3</ele>
      </trkpt>
      <trkpt lat="45.42547" lon="-72.61847">
        <ele>151.73</ele>
      </trkpt>
      <trkpt lat="45.42575" lon="-72.61861">
        <ele>152.96</ele>
      </trkpt>
      <trkpt lat="45.42584" lon="-72.61859">
        <ele>152.96</ele>
      </trkpt>
      <trkpt lat="45.42588" lon="-72.61855">
        <ele>153.2</ele>
      </trkpt>
      <trkpt lat="45.42597" lon="-72.61841">
        <ele>153.45</ele>
      </trkpt>
      <trkpt lat="45.42598" lon="-72.61851">
        <ele>153.79</ele>
      </trkpt>
      <trkpt lat="45.42601" lon="-72.61857">
        <ele>153.79</ele>
      </trkpt>
      <trkpt lat="45.42615" lon="-72.61869">
        <ele>153.92</ele>
      </trkpt>
      <trkpt lat="45.42628" lon="-72.61873">
        <ele>153.92</ele>
      </trkpt>
      <trkpt lat="45.42636" lon="-72.61878">
        <ele>153.92</ele>
      </trkpt>
      <trkpt lat="45.42643" lon="-72.61905">
        <ele>153.82</ele>
      </trkpt>
      <trkpt lat="45.42641" lon="-72.61919">
        <ele>153.82</ele>
      </trkpt>
      <trkpt lat="45.42623" lon="-72.61971">
        <ele>154.48</ele>
      </trkpt>
      <trkpt lat="45.42618" lon="-72.6199">
        <ele>155.28</ele>
      </trkpt>
      <trkpt lat="45.42619" lon="-72.62007">
        <ele>155.65</ele>
      </trkpt>
      <trkpt lat="45.42625" lon="-72.62026">
        <ele>155.63</ele>
      </trkpt>
      <trkpt lat="45.42625" lon="-72.62031">
        <ele>155.47</ele>
      </trkpt>
      <trkpt lat="45.42598" lon="-72.62076">
        <ele>152.74</ele>
      </trkpt>
      <trkpt lat="45.42598" lon="-72.62077">
        <ele>152.72</ele>
      </trkpt>
      <trkpt lat="45.42578" lon="-72.62111">
        <ele>151.36</ele>
      </trkpt>
      <trkpt lat="45.42569" lon="-72.62124">
        <ele>151.1</ele>
      </trkpt>
      <trkpt lat="45.42559" lon="-72.62133">
        <ele>151.1</ele>
      </trkpt>
      <trkpt lat="45.42533" lon="-72.62142">
        <ele>150.77</ele>
      </trkpt>
      <trkpt lat="45.42518" lon="-72.62146">
        <ele>150.52</ele>
      </trkpt>
      <trkpt lat="45.42501" lon="-72.62142">
        <ele>149.81</ele>
      </trkpt>
      <trkpt lat="45.42481" lon="-72.6215">
        <ele>149.66</ele>
      </trkpt>
      <trkpt lat="45.42463" lon="-72.62164">
        <ele>149.53</ele>
      </trkpt>
      <trkpt lat="45.42438" lon="-72.62191">
        <ele>149.62</ele>
      </trkpt>
      <trkpt lat="45.424" lon="-72.62211">
        <ele>149.34</ele>
      </trkpt>
      <trkpt lat="45.42348" lon="-72.62254">
        <ele>145.63</ele>
      </trkpt>
      <trkpt lat="45.42268" lon="-72.62299">
        <ele>141.49</ele>
      </trkpt>
      <trkpt lat="45.42258" lon="-72.62299">
        <ele>141.3</ele>
      </trkpt>
      <trkpt lat="45.42258" lon="-72.62299">
        <ele>141.28</ele>
      </trkpt>
      <trkpt lat="45.42219" lon="-72.62294">
        <ele>140.08</ele>
      </trkpt>
      <trkpt lat="45.42208" lon="-72.62294">
        <ele>139.38</ele>
      </trkpt>
      <trkpt lat="45.42176" lon="-72.62299">
        <ele>137.93</ele>
      </trkpt>
      <trkpt lat="45.42155" lon="-72.62294">
        <ele>137.53</ele>
      </trkpt>
      <trkpt lat="45.42114" lon="-72.62276">
        <ele>136.7</ele>
      </trkpt>
      <trkpt lat="45.42082" lon="-72.62268">
        <ele>136.63</ele>
      </trkpt>
      <trkpt lat="45.42074" lon="-72.62272">
        <ele>136.63</ele>
      </trkpt>
      <trkpt lat="45.4207" lon="-72.62276">
        <ele>136.63</ele>
      </trkpt>
      <trkpt lat="45.42064" lon="-72.62304">
        <ele>136.88</ele>
      </trkpt>
      <trkpt lat="45.42063" lon="-72.6232">
        <ele>136.77</ele>
      </trkpt>
      <trkpt lat="45.42052" lon="-72.62338">
        <ele>134.69</ele>
      </trkpt>
      <trkpt lat="45.42024" lon="-72.62343">
        <ele>133.46</ele>
      </trkpt>
      <trkpt lat="45.42017" lon="-72.62348">
        <ele>132.79</ele>
      </trkpt>
      <trkpt lat="45.41959" lon="-72.62398">
        <ele>131.6</ele>
      </trkpt>
      <trkpt lat="45.41947" lon="-72.62406">
        <ele>131.4</ele>
      </trkpt>
      <trkpt lat="45.41932" lon="-72.62411">
        <ele>131.4</ele>
      </trkpt>
      <trkpt lat="45.41917" lon="-72.62411">
        <ele>131.24</ele>
      </trkpt>
      <trkpt lat="45.41906" lon="-72.62406">
        <ele>131.16</ele>
      </trkpt>
      <trkpt lat="45.41887" lon="-72.62393">
        <ele>131.16</ele>
      </trkpt>
      <trkpt lat="45.41877" lon="-72.62393">
        <ele>131.16</ele>
      </trkpt>
      <trkpt lat="45.41869" lon="-72.62394">
        <ele>131.01</ele>
      </trkpt>
      <trkpt lat="45.41852" lon="-72.6241">
        <ele>131.01</ele>
      </trkpt>
      <trkpt lat="45.41842" lon="-72.62425">
        <ele>131</ele>
      </trkpt>
      <trkpt lat="45.41832" lon="-72.6245">
        <ele>131.04</ele>
      </trkpt>
      <trkpt lat="45.41828" lon="-72.62465">
        <ele>130.97</ele>
      </trkpt>
      <trkpt lat="45.41826" lon="-72.62483">
        <ele>130.97</ele>
      </trkpt>
      <trkpt lat="45.41834" lon="-72.625655">
        <ele>130.93</ele>
      </trkpt>
      <trkpt lat="45.41842" lon="-72.62648">
        <ele>130.86</ele>
      </trkpt>
      <trkpt lat="45.418455" lon="-72.62715">
        <ele>130.58</ele>
      </trkpt>
      <trkpt lat="45.41849" lon="-72.62782">
        <ele>130.53</ele>
      </trkpt>
      <trkpt lat="45.41873" lon="-72.62889">
        <ele>129.12</ele>
      </trkpt>
      <trkpt lat="45.41878" lon="-72.62934">
        <ele>128.76</ele>
      </trkpt>
      <trkpt lat="45.41878" lon="-72.62961">
        <ele>128.81</ele>
      </trkpt>
      <trkpt lat="45.41875" lon="-72.62984">
        <ele>128.94</ele>
      </trkpt>
      <trkpt lat="45.41866" lon="-72.63011">
        <ele>129.67</ele>
      </trkpt>
      <trkpt lat="45.41859" lon="-72.63024">
        <ele>130.29</ele>
      </trkpt>
      <trkpt lat="45.41849" lon="-72.63037">
        <ele>131.17</ele>
      </trkpt>
      <trkpt lat="45.41827" lon="-72.63053">
        <ele>131.71</ele>
      </trkpt>
      <trkpt lat="45.41812" lon="-72.63059">
        <ele>130.94</ele>
      </trkpt>
      <trkpt lat="45.41739" lon="-72.63061">
        <ele>127.26</ele>
      </trkpt>
      <trkpt lat="45.41666" lon="-72.63063">
        <ele>125.21</ele>
      </trkpt>
      <trkpt lat="45.41665" lon="-72.63063">
        <ele>125.21</ele>
      </trkpt>
      <trkpt lat="45.41603" lon="-72.63064">
        <ele>124.35</ele>
      </trkpt>
      <trkpt lat="45.41598" lon="-72.63069">
        <ele>124.35</ele>
      </trkpt>
      <trkpt lat="45.41596" lon="-72.63078">
        <ele>124.35</ele>
      </trkpt>
      <trkpt lat="45.41595" lon="-72.63118">
        <ele>124.17</ele>
      </trkpt>
      <trkpt lat="45.4159" lon="-72.63162">
        <ele>123.98</ele>
      </trkpt>
      <trkpt lat="45.415805" lon="-72.63261">
        <ele>123.36</ele>
      </trkpt>
      <trkpt lat="45.41571" lon="-72.6336">
        <ele>124.17</ele>
      </trkpt>
      <trkpt lat="45.41567" lon="-72.63369">
        <ele>124.17</ele>
      </trkpt>
      <trkpt lat="45.41521" lon="-72.634155">
        <ele>123.01</ele>
      </trkpt>
      <trkpt lat="45.41475" lon="-72.63462">
        <ele>122.84</ele>
      </trkpt>
      <trkpt lat="45.4147" lon="-72.63468">
        <ele>123.05</ele>
      </trkpt>
      <trkpt lat="45.41453" lon="-72.63534">
        <ele>123.11</ele>
      </trkpt>
      <trkpt lat="45.4144" lon="-72.63601">
        <ele>123.33</ele>
      </trkpt>
      <trkpt lat="45.41397" lon="-72.63674">
        <ele>122.77</ele>
      </trkpt>
      <trkpt lat="45.41394" lon="-72.63691">
        <ele>122.7</ele>
      </trkpt>
      <trkpt lat="45.41407" lon="-72.63749">
        <ele>123.17</ele>
      </trkpt>
      <trkpt lat="45.41413" lon="-72.63816">
        <ele>123.18</ele>
      </trkpt>
      <trkpt lat="45.41408" lon="-72.63928">
        <ele>121.49</ele>
      </trkpt>
      <trkpt lat="45.41403" lon="-72.6404">
        <ele>118.96</ele>
      </trkpt>
      <trkpt lat="45.41401" lon="-72.64054">
        <ele>118.96</ele>
      </trkpt>
      <trkpt lat="45.41394" lon="-72.64072">
        <ele>118.71</ele>
      </trkpt>
      <trkpt lat="45.413375" lon="-72.64147">
        <ele>118.29</ele>
      </trkpt>
      <trkpt lat="45.41281" lon="-72.64222">
        <ele>118.1</ele>
      </trkpt>
      <trkpt lat="45.41275" lon="-72.64237">
        <ele>118</ele>
      </trkpt>
      <trkpt lat="45.4127" lon="-72.64251">
        <ele>118</ele>
      </trkpt>
      <trkpt lat="45.41261" lon="-72.64308">
        <ele>117.98</ele>
      </trkpt>
      <trkpt lat="45.41255" lon="-72.64331">
        <ele>118.17</ele>
      </trkpt>
      <trkpt lat="45.41243" lon="-72.64357">
        <ele>118.17</ele>
      </trkpt>
      <trkpt lat="45.41243" lon="-72.64358">
        <ele>118.18</ele>
      </trkpt>
      <trkpt lat="45.41217" lon="-72.64417">
        <ele>118.29</ele>
      </trkpt>
      <trkpt lat="45.41214" lon="-72.6443">
        <ele>118.29</ele>
      </trkpt>
      <trkpt lat="45.4121" lon="-72.64492">
        <ele>118.15</ele>
      </trkpt>
      <trkpt lat="45.41211" lon="-72.64501">
        <ele>118.15</ele>
      </trkpt>
      <trkpt lat="45.41216" lon="-72.64516">
        <ele>118.15</ele>
      </trkpt>
      <trkpt lat="45.41234" lon="-72.64546">
        <ele>118.03</ele>
      </trkpt>
      <trkpt lat="45.41249" lon="-72.64565">
        <ele>117.96</ele>
      </trkpt>
      <trkpt lat="45.4131" lon="-72.64623">
        <ele>118.37</ele>
      </trkpt>
      <trkpt lat="45.41333" lon="-72.64658">
        <ele>119.96</ele>
      </trkpt>
      <trkpt lat="45.41339" lon="-72.64671">
        <ele>119.96</ele>
      </trkpt>
      <trkpt lat="45.41343" lon="-72.64685">
        <ele>120.29</ele>
      </trkpt>
      <trkpt lat="45.41345" lon="-72.64731">
        <ele>121.05</ele>
      </trkpt>
      <trkpt lat="45.41344" lon="-72.64752">
        <ele>121.17</ele>
      </trkpt>
      <trkpt lat="45.41338" lon="-72.64784">
        <ele>121.24</ele>
      </trkpt>
      <trkpt lat="45.4132" lon="-72.64844">
        <ele>121.08</ele>
      </trkpt>
      <trkpt lat="45.41302" lon="-72.64904">
        <ele>120.56</ele>
      </trkpt>
      <trkpt lat="45.41298" lon="-72.64932">
        <ele>120.2</ele>
      </trkpt>
      <trkpt lat="45.41304" lon="-72.65008">
        <ele>119.6</ele>
      </trkpt>
      <trkpt lat="45.4131" lon="-72.65084">
        <ele>119.23</ele>
      </trkpt>
      <trkpt lat="45.4131" lon="-72.65116">
        <ele>119.32</ele>
      </trkpt>
      <trkpt lat="45.41308" lon="-72.65132">
        <ele>119.59</ele>
      </trkpt>
      <trkpt lat="45.41301" lon="-72.65145">
        <ele>119.59</ele>
      </trkpt>
      <trkpt lat="45.41252" lon="-72.65209">
        <ele>119.55</ele>
      </trkpt>
      <trkpt lat="45.4122" lon="-72.65282">
        <ele>119.28</ele>
      </trkpt>
      <trkpt lat="45.41183" lon="-72.65352">
        <ele>119.37</ele>
      </trkpt>
      <trkpt lat="45.41176" lon="-72.6537">
        <ele>119.35</ele>
      </trkpt>
      <trkpt lat="45.41173" lon="-72.65383">
        <ele>119.35</ele>
      </trkpt>
      <trkpt lat="45.41164" lon="-72.65456">
        <ele>119.59</ele>
      </trkpt>
      <trkpt lat="45.41139" lon="-72.65571">
        <ele>119.09</ele>
      </trkpt>
      <trkpt lat="45.41096" lon="-72.65683">
        <ele>118.83</ele>
      </trkpt>
      <trkpt lat="45.41086" lon="-72.65706">
        <ele>118.68</ele>
      </trkpt>
      <trkpt lat="45.41027" lon="-72.658">
        <ele>118.04</ele>
      </trkpt>
      <trkpt lat="45.40987" lon="-72.65904">
        <ele>117.84</ele>
      </trkpt>
      <trkpt lat="45.40982" lon="-72.65921">
        <ele>117.84</ele>
      </trkpt>
      <trkpt lat="45.40967" lon="-72.659975">
        <ele>117.66</ele>
      </trkpt>
      <trkpt lat="45.40952" lon="-72.66074">
        <ele>117.94</ele>
      </trkpt>
      <trkpt lat="45.4094" lon="-72.66118">
        <ele>117.97</ele>
      </trkpt>
      <trkpt lat="45.40918" lon="-72.66185">
        <ele>118.09</ele>
      </trkpt>
      <trkpt lat="45.40876" lon="-72.6627">
        <ele>117.86</ele>
      </trkpt>
      <trkpt lat="45.40832" lon="-72.66365">
        <ele>118</ele>
      </trkpt>
      <trkpt lat="45.40807" lon="-72.66399">
        <ele>117.9</ele>
      </trkpt>
      <trkpt lat="45.40807" lon="-72.664">
        <ele>117.9</ele>
      </trkpt>
      <trkpt lat="45.407665" lon="-72.66456">
        <ele>117.82</ele>
      </trkpt>
      <trkpt lat="45.40726" lon="-72.66512">
        <ele>117.94</ele>
      </trkpt>
      <trkpt lat="45.40675" lon="-72.66544">
        <ele>117.65</ele>
      </trkpt>
      <trkpt lat="45.40628" lon="-72.66588">
        <ele>118.04</ele>
      </trkpt>
      <trkpt lat="45.40616" lon="-72.66605">
        <ele>118.16</ele>
      </trkpt>
      <trkpt lat="45.40615" lon="-72.66615">
        <ele>118.22</ele>
      </trkpt>
      <trkpt lat="45.40618" lon="-72.66718">
        <ele>118.58</ele>
      </trkpt>
      <trkpt lat="45.40621" lon="-72.66821">
        <ele>118.81</ele>
      </trkpt>
      <trkpt lat="45.4062" lon="-72.66838">
        <ele>119.02</ele>
      </trkpt>
      <trkpt lat="45.40615" lon="-72.6687">
        <ele>119.39</ele>
      </trkpt>
      <trkpt lat="45.40615" lon="-72.66923">
        <ele>119.55</ele>
      </trkpt>
      <trkpt lat="45.40625" lon="-72.67035">
        <ele>120.14</ele>
      </trkpt>
      <trkpt lat="45.4062867" lon="-72.6713367">
        <ele>120.44</ele>
      </trkpt>
      <trkpt lat="45.4063233" lon="-72.6723233">
        <ele>119.84</ele>
      </trkpt>
      <trkpt lat="45.40636" lon="-72.67331">
        <ele>119.05</ele>
      </trkpt>
      <trkpt lat="45.40641" lon="-72.67344">
        <ele>119.05</ele>
      </trkpt>
      <trkpt lat="45.40646" lon="-72.67344">
        <ele>119.05</ele>
      </trkpt>
      <trkpt lat="45.40694" lon="-72.6734">
        <ele>118.86</ele>
      </trkpt>
      <trkpt lat="45.40742" lon="-72.67336">
        <ele>119.44</ele>
      </trkpt>
      <trkpt lat="45.407515" lon="-72.67434">
        <ele>118.31</ele>
      </trkpt>
      <trkpt lat="45.40761" lon="-72.67532">
        <ele>117.89</ele>
      </trkpt>
      <trkpt lat="45.40763" lon="-72.67617">
        <ele>117.46</ele>
      </trkpt>
      <trkpt lat="45.4076" lon="-72.67684">
        <ele>117.62</ele>
      </trkpt>
      <trkpt lat="45.40753" lon="-72.67706">
        <ele>117.63</ele>
      </trkpt>
      <trkpt lat="45.40742" lon="-72.67725">
        <ele>117.63</ele>
      </trkpt>
      <trkpt lat="45.40705" lon="-72.67762">
        <ele>117.97</ele>
      </trkpt>
      <trkpt lat="45.40687" lon="-72.67783">
        <ele>118.11</ele>
      </trkpt>
      <trkpt lat="45.40682" lon="-72.67793">
        <ele>118.07</ele>
      </trkpt>
      <trkpt lat="45.40674" lon="-72.67841">
        <ele>118.49</ele>
      </trkpt>
      <trkpt lat="45.40666" lon="-72.67859">
        <ele>119.07</ele>
      </trkpt>
      <trkpt lat="45.40658" lon="-72.67864">
        <ele>119.07</ele>
      </trkpt>
      <trkpt lat="45.40639" lon="-72.67869">
        <ele>119.49</ele>
      </trkpt>
      <trkpt lat="45.4061" lon="-72.67886">
        <ele>119.62</ele>
      </trkpt>
      <trkpt lat="45.40602" lon="-72.67893">
        <ele>119.58</ele>
      </trkpt>
      <trkpt lat="45.40601" lon="-72.67893">
        <ele>119.58</ele>
      </trkpt>
      <trkpt lat="45.40596" lon="-72.67899">
        <ele>119.58</ele>
      </trkpt>
      <trkpt lat="45.405635" lon="-72.679465">
        <ele>119.26</ele>
      </trkpt>
      <trkpt lat="45.40531" lon="-72.67994">
        <ele>119.19</ele>
      </trkpt>
      <trkpt lat="45.40491" lon="-72.6806">
        <ele>119.01</ele>
      </trkpt>
      <trkpt lat="45.4047" lon="-72.6811">
        <ele>118.96</ele>
      </trkpt>
      <trkpt lat="45.40421" lon="-72.68101">
        <ele>118.67</ele>
      </trkpt>
      <trkpt lat="45.40389" lon="-72.68102">
        <ele>118.46</ele>
      </trkpt>
      <trkpt lat="45.4032" lon="-72.68136">
        <ele>118.36</ele>
      </trkpt>
      <trkpt lat="45.40271" lon="-72.6815">
        <ele>118.52</ele>
      </trkpt>
      <trkpt lat="45.40254" lon="-72.68154">
        <ele>118.52</ele>
      </trkpt>
      <trkpt lat="45.40237" lon="-72.68146">
        <ele>118.62</ele>
      </trkpt>
      <trkpt lat="45.40226" lon="-72.68138">
        <ele>119.03</ele>
      </trkpt>
      <trkpt lat="45.40189" lon="-72.68098">
        <ele>119.23</ele>
      </trkpt>
      <trkpt lat="45.40189" lon="-72.68098">
        <ele>119.23</ele>
      </trkpt>
      <trkpt lat="45.40167" lon="-72.68074">
        <ele>119.31</ele>
      </trkpt>
      <trkpt lat="45.40144" lon="-72.68053">
        <ele>119.07</ele>
      </trkpt>
      <trkpt lat="45.40096" lon="-72.68043">
        <ele>118.4</ele>
      </trkpt>
      <trkpt lat="45.4005" lon="-72.68034">
        <ele>118.25</ele>
      </trkpt>
      <trkpt lat="45.40039" lon="-72.68035">
        <ele>118.39</ele>
      </trkpt>
      <trkpt lat="45.40031" lon="-72.68043">
        <ele>118.39</ele>
      </trkpt>
      <trkpt lat="45.40028" lon="-72.68052">
        <ele>118.39</ele>
      </trkpt>
      <trkpt lat="45.40028" lon="-72.68065">
        <ele>118.53</ele>
      </trkpt>
      <trkpt lat="45.400505" lon="-72.68186">
        <ele>119.35</ele>
      </trkpt>
      <trkpt lat="45.40073" lon="-72.68307">
        <ele>118.91</ele>
      </trkpt>
      <trkpt lat="45.40086" lon="-72.68396">
        <ele>119.02</ele>
      </trkpt>
      <trkpt lat="45.40095" lon="-72.68495">
        <ele>118.65</ele>
      </trkpt>
      <trkpt lat="45.40098" lon="-72.68607">
        <ele>118.73</ele>
      </trkpt>
      <trkpt lat="45.40096" lon="-72.68696">
        <ele>119.11</ele>
      </trkpt>
      <trkpt lat="45.400905" lon="-72.687725">
        <ele>118.77</ele>
      </trkpt>
      <trkpt lat="45.40085" lon="-72.68849">
        <ele>119.05</ele>
      </trkpt>
      <trkpt lat="45.40073" lon="-72.68826">
        <ele>119.11</ele>
      </trkpt>
      <trkpt lat="45.40069" lon="-72.68804">
        <ele>119.11</ele>
      </trkpt>
      <trkpt lat="45.400735" lon="-72.68724">
        <ele>119.08</ele>
      </trkpt>
      <trkpt lat="45.40078" lon="-72.68644">
        <ele>118.72</ele>
      </trkpt>
      <trkpt lat="45.400755" lon="-72.68565">
        <ele>118.56</ele>
      </trkpt>
      <trkpt lat="45.40073" lon="-72.68486">
        <ele>118.81</ele>
      </trkpt>
      <trkpt lat="45.40069" lon="-72.68441">
        <ele>119.06</ele>
      </trkpt>
      <trkpt lat="45.40058" lon="-72.68334">
        <ele>119.19</ele>
      </trkpt>
      <trkpt lat="45.40037" lon="-72.68217">
        <ele>118.22</ele>
      </trkpt>
      <trkpt lat="45.4002" lon="-72.68137">
        <ele>117.82</ele>
      </trkpt>
      <trkpt lat="45.4" lon="-72.68061">
        <ele>117.77</ele>
      </trkpt>
      <trkpt lat="45.39966" lon="-72.67959">
        <ele>117.86</ele>
      </trkpt>
      <trkpt lat="45.3994" lon="-72.67896">
        <ele>117.71</ele>
      </trkpt>
      <trkpt lat="45.39924" lon="-72.67864">
        <ele>117.64</ele>
      </trkpt>
      <trkpt lat="45.39924" lon="-72.67864">
        <ele>117.64</ele>
      </trkpt>
      <trkpt lat="45.39909" lon="-72.67832">
        <ele>117.6</ele>
      </trkpt>
      <trkpt lat="45.39872" lon="-72.67774">
        <ele>117.52</ele>
      </trkpt>
      <trkpt lat="45.39817" lon="-72.67698">
        <ele>118.3</ele>
      </trkpt>
      <trkpt lat="45.39793" lon="-72.67671">
        <ele>118.46</ele>
      </trkpt>
      <trkpt lat="45.397385" lon="-72.67613">
        <ele>117.68</ele>
      </trkpt>
      <trkpt lat="45.39684" lon="-72.67555">
        <ele>117.48</ele>
      </trkpt>
      <trkpt lat="45.3962233" lon="-72.6748616">
        <ele>117.29</ele>
      </trkpt>
      <trkpt lat="45.3956067" lon="-72.6741733">
        <ele>117.14</ele>
      </trkpt>
      <trkpt lat="45.39499" lon="-72.6734849">
        <ele>117.33</ele>
      </trkpt>
      <trkpt lat="45.3943733" lon="-72.6727966">
        <ele>117.63</ele>
      </trkpt>
      <trkpt lat="45.3937567" lon="-72.6721083">
        <ele>118</ele>
      </trkpt>
      <trkpt lat="45.39314" lon="-72.67142">
        <ele>119.6</ele>
      </trkpt>
      <trkpt lat="45.39277" lon="-72.67103">
        <ele>118.86</ele>
      </trkpt>
      <trkpt lat="45.39208" lon="-72.67039">
        <ele>118.4</ele>
      </trkpt>
      <trkpt lat="45.39155" lon="-72.67">
        <ele>118.23</ele>
      </trkpt>
      <trkpt lat="45.39097" lon="-72.66964">
        <ele>117.94</ele>
      </trkpt>
      <trkpt lat="45.39048" lon="-72.66941">
        <ele>118.31</ele>
      </trkpt>
      <trkpt lat="45.390025" lon="-72.669255">
        <ele>118.65</ele>
      </trkpt>
      <trkpt lat="45.38957" lon="-72.6691">
        <ele>119.44</ele>
      </trkpt>
      <trkpt lat="45.38949" lon="-72.66905">
        <ele>119.44</ele>
      </trkpt>
      <trkpt lat="45.38943" lon="-72.66897">
        <ele>120.07</ele>
      </trkpt>
      <trkpt lat="45.38938" lon="-72.66893">
        <ele>120.07</ele>
      </trkpt>
      <trkpt lat="45.38922" lon="-72.66907">
        <ele>120.07</ele>
      </trkpt>
      <trkpt lat="45.38916" lon="-72.6691">
        <ele>119.72</ele>
      </trkpt>
      <trkpt lat="45.38908" lon="-72.66905">
        <ele>119.39</ele>
      </trkpt>
      <trkpt lat="45.389" lon="-72.66901">
        <ele>119.25</ele>
      </trkpt>
      <trkpt lat="45.38837" lon="-72.66899">
        <ele>118.05</ele>
      </trkpt>
      <trkpt lat="45.38774" lon="-72.66897">
        <ele>117.51</ele>
      </trkpt>
      <trkpt lat="45.38707" lon="-72.66906">
        <ele>116.86</ele>
      </trkpt>
      <trkpt lat="45.38628" lon="-72.669235">
        <ele>116.92</ele>
      </trkpt>
      <trkpt lat="45.38549" lon="-72.66941">
        <ele>117.71</ele>
      </trkpt>
      <trkpt lat="45.38548" lon="-72.66941">
        <ele>117.72</ele>
      </trkpt>
      <trkpt lat="45.38487" lon="-72.66955">
        <ele>118.2</ele>
      </trkpt>
      <trkpt lat="45.38433" lon="-72.66959">
        <ele>118.76</ele>
      </trkpt>
      <trkpt lat="45.38386" lon="-72.66955">
        <ele>119.81</ele>
      </trkpt>
      <trkpt lat="45.38349" lon="-72.66947">
        <ele>120.98</ele>
      </trkpt>
      <trkpt lat="45.3826029" lon="-72.6693029">
        <ele>119.93</ele>
      </trkpt>
      <trkpt lat="45.3817158" lon="-72.6691357">
        <ele>119.78</ele>
      </trkpt>
      <trkpt lat="45.3808288" lon="-72.6689686">
        <ele>119.48</ele>
      </trkpt>
      <trkpt lat="45.3799417" lon="-72.6688015">
        <ele>119.31</ele>
      </trkpt>
      <trkpt lat="45.3790546" lon="-72.6686343">
        <ele>119.01</ele>
      </trkpt>
      <trkpt lat="45.3781675" lon="-72.6684672">
        <ele>118.91</ele>
      </trkpt>
      <trkpt lat="45.3772804" lon="-72.6683001">
        <ele>119.02</ele>
      </trkpt>
      <trkpt lat="45.3763933" lon="-72.668133">
        <ele>119.38</ele>
      </trkpt>
      <trkpt lat="45.3755063" lon="-72.6679659">
        <ele>120.11</ele>
      </trkpt>
      <trkpt lat="45.3746192" lon="-72.6677988">
        <ele>120.61</ele>
      </trkpt>
      <trkpt lat="45.3737321" lon="-72.6676317">
        <ele>121.3</ele>
      </trkpt>
      <trkpt lat="45.372845" lon="-72.6674646">
        <ele>122.57</ele>
      </trkpt>
      <trkpt lat="45.3719579" lon="-72.6672975">
        <ele>123.36</ele>
      </trkpt>
      <trkpt lat="45.3710709" lon="-72.6671305">
        <ele>124.7</ele>
      </trkpt>
      <trkpt lat="45.3701838" lon="-72.6669634">
        <ele>125.06</ele>
      </trkpt>
      <trkpt lat="45.3692967" lon="-72.6667963">
        <ele>125.42</ele>
      </trkpt>
      <trkpt lat="45.3684096" lon="-72.6666293">
        <ele>125.59</ele>
      </trkpt>
      <trkpt lat="45.3675225" lon="-72.6664622">
        <ele>125.75</ele>
      </trkpt>
      <trkpt lat="45.3666354" lon="-72.6662952">
        <ele>126.03</ele>
      </trkpt>
      <trkpt lat="45.3657483" lon="-72.6661281">
        <ele>126.24</ele>
      </trkpt>
      <trkpt lat="45.3648613" lon="-72.6659611">
        <ele>126.32</ele>
      </trkpt>
      <trkpt lat="45.3639742" lon="-72.6657941">
        <ele>126.51</ele>
      </trkpt>
      <trkpt lat="45.3630871" lon="-72.665627">
        <ele>126.47</ele>
      </trkpt>
      <trkpt lat="45.3622" lon="-72.66546">
        <ele>126.73</ele>
      </trkpt>
      <trkpt lat="45.36145" lon="-72.66534">
        <ele>126.12</ele>
      </trkpt>
      <trkpt lat="45.36067" lon="-72.66516">
        <ele>125.49</ele>
      </trkpt>
      <trkpt lat="45.35989" lon="-72.66498">
        <ele>125.15</ele>
      </trkpt>
      <trkpt lat="45.35936" lon="-72.66479">
        <ele>125.95</ele>
      </trkpt>
      <trkpt lat="45.35872" lon="-72.66446">
        <ele>125.04</ele>
      </trkpt>
      <trkpt lat="45.35808" lon="-72.66413">
        <ele>124.42</ele>
      </trkpt>
      <trkpt lat="45.3573233" lon="-72.6635733">
        <ele>124.13</ele>
      </trkpt>
      <trkpt lat="45.3565667" lon="-72.6630166">
        <ele>123.8</ele>
      </trkpt>
      <trkpt lat="45.35581" lon="-72.6624599">
        <ele>123.2</ele>
      </trkpt>
      <trkpt lat="45.3550534" lon="-72.6619032">
        <ele>123.41</ele>
      </trkpt>
      <trkpt lat="45.3542967" lon="-72.6613465">
        <ele>124.24</ele>
      </trkpt>
      <trkpt lat="45.35354" lon="-72.6607899">
        <ele>124.79</ele>
      </trkpt>
      <trkpt lat="45.3527834" lon="-72.6602332">
        <ele>125.09</ele>
      </trkpt>
      <trkpt lat="45.3520267" lon="-72.6596766">
        <ele>125.26</ele>
      </trkpt>
      <trkpt lat="45.35127" lon="-72.65912">
        <ele>125.78</ele>
      </trkpt>
      <trkpt lat="45.3505129" lon="-72.65857">
        <ele>126.11</ele>
      </trkpt>
      <trkpt lat="45.3497557" lon="-72.6580199">
        <ele>127.25</ele>
      </trkpt>
      <trkpt lat="45.3489986" lon="-72.6574699">
        <ele>127.43</ele>
      </trkpt>
      <trkpt lat="45.3482414" lon="-72.6569199">
        <ele>128.7</ele>
      </trkpt>
      <trkpt lat="45.3474843" lon="-72.6563699">
        <ele>128.96</ele>
      </trkpt>
      <trkpt lat="45.3467272" lon="-72.65582">
        <ele>129.33</ele>
      </trkpt>
      <trkpt lat="45.34597" lon="-72.65527">
        <ele>130.61</ele>
      </trkpt>
      <trkpt lat="45.34541" lon="-72.65478">
        <ele>130.56</ele>
      </trkpt>
      <trkpt lat="45.34508" lon="-72.65442">
        <ele>130.17</ele>
      </trkpt>
      <trkpt lat="45.34508" lon="-72.65442">
        <ele>130.17</ele>
      </trkpt>
      <trkpt lat="45.34488" lon="-72.65419">
        <ele>130.11</ele>
      </trkpt>
      <trkpt lat="45.34442" lon="-72.65348">
        <ele>130.09</ele>
      </trkpt>
      <trkpt lat="45.344" lon="-72.65257">
        <ele>130.3</ele>
      </trkpt>
      <trkpt lat="45.34369" lon="-72.6516">
        <ele>131.78</ele>
      </trkpt>
      <trkpt lat="45.34351" lon="-72.65058">
        <ele>132.7</ele>
      </trkpt>
      <trkpt lat="45.34333" lon="-72.64956">
        <ele>132.87</ele>
      </trkpt>
      <trkpt lat="45.34315" lon="-72.64854">
        <ele>133.48</ele>
      </trkpt>
      <trkpt lat="45.34302" lon="-72.64859">
        <ele>133.76</ele>
      </trkpt>
      <trkpt lat="45.34272" lon="-72.64847">
        <ele>135.67</ele>
      </trkpt>
      <trkpt lat="45.34248" lon="-72.64854">
        <ele>137.76</ele>
      </trkpt>
      <trkpt lat="45.34229" lon="-72.64851">
        <ele>137.64</ele>
      </trkpt>
      <trkpt lat="45.34201" lon="-72.64849">
        <ele>136.91</ele>
      </trkpt>
      <trkpt lat="45.34189" lon="-72.64851">
        <ele>136.91</ele>
      </trkpt>
      <trkpt lat="45.34185" lon="-72.6486">
        <ele>136.93</ele>
      </trkpt>
      <trkpt lat="45.34179" lon="-72.649">
        <ele>136.98</ele>
      </trkpt>
      <trkpt lat="45.34175" lon="-72.64904">
        <ele>136.97</ele>
      </trkpt>
      <trkpt lat="45.34166" lon="-72.64909">
        <ele>136.86</ele>
      </trkpt>
      <trkpt lat="45.34142" lon="-72.6491">
        <ele>136.29</ele>
      </trkpt>
      <trkpt lat="45.341" lon="-72.64904">
        <ele>137.04</ele>
      </trkpt>
      <trkpt lat="45.34088" lon="-72.64909">
        <ele>137.12</ele>
      </trkpt>
      <trkpt lat="45.34063" lon="-72.64926">
        <ele>136.83</ele>
      </trkpt>
      <trkpt lat="45.34062" lon="-72.64926">
        <ele>136.75</ele>
      </trkpt>
      <trkpt lat="45.34057" lon="-72.64931">
        <ele>136.6</ele>
      </trkpt>
      <trkpt lat="45.34045" lon="-72.64935">
        <ele>136.6</ele>
      </trkpt>
      <trkpt lat="45.34029" lon="-72.64931">
        <ele>136.07</ele>
      </trkpt>
      <trkpt lat="45.34017" lon="-72.64927">
        <ele>136.02</ele>
      </trkpt>
      <trkpt lat="45.34005" lon="-72.64926">
        <ele>136.02</ele>
      </trkpt>
      <trkpt lat="45.3396" lon="-72.64931">
        <ele>136.26</ele>
      </trkpt>
      <trkpt lat="45.33943" lon="-72.64931">
        <ele>135.92</ele>
      </trkpt>
      <trkpt lat="45.33918" lon="-72.64923">
        <ele>134.32</ele>
      </trkpt>
      <trkpt lat="45.33907" lon="-72.64914">
        <ele>134.32</ele>
      </trkpt>
      <trkpt lat="45.33897" lon="-72.6491">
        <ele>131.95</ele>
      </trkpt>
      <trkpt lat="45.33888" lon="-72.64913">
        <ele>131.95</ele>
      </trkpt>
      <trkpt lat="45.33876" lon="-72.64922">
        <ele>130.98</ele>
      </trkpt>
      <trkpt lat="45.33868" lon="-72.64922">
        <ele>130.42</ele>
      </trkpt>
      <trkpt lat="45.33849" lon="-72.64913">
        <ele>129.31</ele>
      </trkpt>
      <trkpt lat="45.33841" lon="-72.6491">
        <ele>129.11</ele>
      </trkpt>
      <trkpt lat="45.33828" lon="-72.64931">
        <ele>129.42</ele>
      </trkpt>
      <trkpt lat="45.33824" lon="-72.64932">
        <ele>129.42</ele>
      </trkpt>
      <trkpt lat="45.33819" lon="-72.64931">
        <ele>129.82</ele>
      </trkpt>
      <trkpt lat="45.33818" lon="-72.64922">
        <ele>130.17</ele>
      </trkpt>
      <trkpt lat="45.3382" lon="-72.64901">
        <ele>130.42</ele>
      </trkpt>
      <trkpt lat="45.33809" lon="-72.649">
        <ele>130.55</ele>
      </trkpt>
      <trkpt lat="45.33803" lon="-72.64901">
        <ele>130.55</ele>
      </trkpt>
      <trkpt lat="45.3379" lon="-72.64886">
        <ele>130.33</ele>
      </trkpt>
      <trkpt lat="45.33778" lon="-72.64882">
        <ele>130.32</ele>
      </trkpt>
      <trkpt lat="45.33726" lon="-72.64886">
        <ele>131.57</ele>
      </trkpt>
      <trkpt lat="45.33712" lon="-72.64885">
        <ele>131.84</ele>
      </trkpt>
      <trkpt lat="45.33649" lon="-72.64896">
        <ele>131.84</ele>
      </trkpt>
      <trkpt lat="45.33641" lon="-72.64901">
        <ele>131.44</ele>
      </trkpt>
      <trkpt lat="45.3364" lon="-72.64908">
        <ele>130.91</ele>
      </trkpt>
      <trkpt lat="45.33657" lon="-72.64971">
        <ele>127.61</ele>
      </trkpt>
      <trkpt lat="45.33674" lon="-72.65034">
        <ele>125.66</ele>
      </trkpt>
      <trkpt lat="45.33673" lon="-72.65043">
        <ele>124.83</ele>
      </trkpt>
      <trkpt lat="45.33668" lon="-72.65048">
        <ele>124.83</ele>
      </trkpt>
      <trkpt lat="45.33641" lon="-72.65061">
        <ele>124.59</ele>
      </trkpt>
      <trkpt lat="45.33639" lon="-72.65065">
        <ele>124.59</ele>
      </trkpt>
      <trkpt lat="45.33651" lon="-72.65111">
        <ele>123.29</ele>
      </trkpt>
      <trkpt lat="45.33652" lon="-72.6512">
        <ele>122.95</ele>
      </trkpt>
      <trkpt lat="45.33651" lon="-72.65124">
        <ele>122.95</ele>
      </trkpt>
      <trkpt lat="45.33642" lon="-72.65128">
        <ele>122.62</ele>
      </trkpt>
      <trkpt lat="45.33604" lon="-72.65137">
        <ele>122.54</ele>
      </trkpt>
      <trkpt lat="45.33575" lon="-72.65159">
        <ele>122.11</ele>
      </trkpt>
      <trkpt lat="45.33546" lon="-72.65162">
        <ele>121.32</ele>
      </trkpt>
      <trkpt lat="45.3351" lon="-72.65168">
        <ele>120.3</ele>
      </trkpt>
      <trkpt lat="45.33506" lon="-72.65172">
        <ele>120.08</ele>
      </trkpt>
      <trkpt lat="45.33506" lon="-72.65178">
        <ele>120.08</ele>
      </trkpt>
      <trkpt lat="45.33447" lon="-72.65191">
        <ele>117.69</ele>
      </trkpt>
      <trkpt lat="45.33438" lon="-72.65182">
        <ele>117.43</ele>
      </trkpt>
      <trkpt lat="45.33431" lon="-72.65164">
        <ele>117.1</ele>
      </trkpt>
      <trkpt lat="45.33424" lon="-72.65155">
        <ele>117.1</ele>
      </trkpt>
      <trkpt lat="45.33388" lon="-72.6512">
        <ele>116.41</ele>
      </trkpt>
      <trkpt lat="45.3338" lon="-72.65107">
        <ele>116.25</ele>
      </trkpt>
      <trkpt lat="45.33375" lon="-72.65102">
        <ele>116.25</ele>
      </trkpt>
      <trkpt lat="45.33369" lon="-72.65101">
        <ele>116.25</ele>
      </trkpt>
      <trkpt lat="45.33362" lon="-72.65101">
        <ele>116.25</ele>
      </trkpt>
      <trkpt lat="45.33353" lon="-72.65106">
        <ele>115.77</ele>
      </trkpt>
      <trkpt lat="45.33348" lon="-72.65105">
        <ele>115.77</ele>
      </trkpt>
      <trkpt lat="45.33316" lon="-72.65083">
        <ele>115.54</ele>
      </trkpt>
      <trkpt lat="45.33303" lon="-72.65088">
        <ele>115.31</ele>
      </trkpt>
      <trkpt lat="45.33287" lon="-72.65101">
        <ele>115.23</ele>
      </trkpt>
      <trkpt lat="45.33279" lon="-72.65101">
        <ele>115.31</ele>
      </trkpt>
      <trkpt lat="45.33275" lon="-72.65097">
        <ele>115.31</ele>
      </trkpt>
      <trkpt lat="45.33265" lon="-72.65083">
        <ele>115.44</ele>
      </trkpt>
      <trkpt lat="45.33255" lon="-72.64972">
        <ele>115.85</ele>
      </trkpt>
      <trkpt lat="45.3325" lon="-72.64959">
        <ele>115.39</ele>
      </trkpt>
      <trkpt lat="45.33243" lon="-72.64954">
        <ele>115.39</ele>
      </trkpt>
      <trkpt lat="45.33221" lon="-72.64954">
        <ele>114.56</ele>
      </trkpt>
      <trkpt lat="45.33209" lon="-72.64945">
        <ele>114</ele>
      </trkpt>
      <trkpt lat="45.33197" lon="-72.64944">
        <ele>113.84</ele>
      </trkpt>
      <trkpt lat="45.33136" lon="-72.6494">
        <ele>114.22</ele>
      </trkpt>
      <trkpt lat="45.3311" lon="-72.64936">
        <ele>114.92</ele>
      </trkpt>
      <trkpt lat="45.33067" lon="-72.64932">
        <ele>116.54</ele>
      </trkpt>
      <trkpt lat="45.33054" lon="-72.6494">
        <ele>116.76</ele>
      </trkpt>
      <trkpt lat="45.33039" lon="-72.64957">
        <ele>117.03</ele>
      </trkpt>
      <trkpt lat="45.33034" lon="-72.64958">
        <ele>117.34</ele>
      </trkpt>
      <trkpt lat="45.33006" lon="-72.64949">
        <ele>117.25</ele>
      </trkpt>
      <trkpt lat="45.32987" lon="-72.64954">
        <ele>116.57</ele>
      </trkpt>
      <trkpt lat="45.32977" lon="-72.6495">
        <ele>116.38</ele>
      </trkpt>
      <trkpt lat="45.32958" lon="-72.64931">
        <ele>116.62</ele>
      </trkpt>
      <trkpt lat="45.3295" lon="-72.64929">
        <ele>116.58</ele>
      </trkpt>
      <trkpt lat="45.32939" lon="-72.64928">
        <ele>116.58</ele>
      </trkpt>
      <trkpt lat="45.32935" lon="-72.64931">
        <ele>116.49</ele>
      </trkpt>
      <trkpt lat="45.32921" lon="-72.64949">
        <ele>116.38</ele>
      </trkpt>
      <trkpt lat="45.32902" lon="-72.64958">
        <ele>116.54</ele>
      </trkpt>
      <trkpt lat="45.3288" lon="-72.64989">
        <ele>116.44</ele>
      </trkpt>
      <trkpt lat="45.32859" lon="-72.65004">
        <ele>116.37</ele>
      </trkpt>
      <trkpt lat="45.32817" lon="-72.65057">
        <ele>116.62</ele>
      </trkpt>
      <trkpt lat="45.32809" lon="-72.65065">
        <ele>116.92</ele>
      </trkpt>
      <trkpt lat="45.32799" lon="-72.65065">
        <ele>116.92</ele>
      </trkpt>
      <trkpt lat="45.32798" lon="-72.65065">
        <ele>116.96</ele>
      </trkpt>
      <trkpt lat="45.32784" lon="-72.65065">
        <ele>117.41</ele>
      </trkpt>
      <trkpt lat="45.32743" lon="-72.65083">
        <ele>117.72</ele>
      </trkpt>
      <trkpt lat="45.32721" lon="-72.65098">
        <ele>117.81</ele>
      </trkpt>
      <trkpt lat="45.3269" lon="-72.65137">
        <ele>118.48</ele>
      </trkpt>
      <trkpt lat="45.32684" lon="-72.65137">
        <ele>118.47</ele>
      </trkpt>
      <trkpt lat="45.3268" lon="-72.65136">
        <ele>118.47</ele>
      </trkpt>
      <trkpt lat="45.32654" lon="-72.65106">
        <ele>117.47</ele>
      </trkpt>
      <trkpt lat="45.32623" lon="-72.65039">
        <ele>119</ele>
      </trkpt>
      <trkpt lat="45.32613" lon="-72.65025">
        <ele>119.45</ele>
      </trkpt>
      <trkpt lat="45.32579" lon="-72.64994">
        <ele>120.51</ele>
      </trkpt>
      <trkpt lat="45.32564" lon="-72.64963">
        <ele>120.83</ele>
      </trkpt>
      <trkpt lat="45.32551" lon="-72.64949">
        <ele>120.81</ele>
      </trkpt>
      <trkpt lat="45.32522" lon="-72.64923">
        <ele>119.63</ele>
      </trkpt>
      <trkpt lat="45.32502" lon="-72.6491">
        <ele>119.39</ele>
      </trkpt>
      <trkpt lat="45.32487" lon="-72.64895">
        <ele>119.38</ele>
      </trkpt>
      <trkpt lat="45.32476" lon="-72.64891">
        <ele>119.23</ele>
      </trkpt>
      <trkpt lat="45.32465" lon="-72.64892">
        <ele>119.26</ele>
      </trkpt>
      <trkpt lat="45.32457" lon="-72.649">
        <ele>119.36</ele>
      </trkpt>
      <trkpt lat="45.32453" lon="-72.64913">
        <ele>119.7</ele>
      </trkpt>
      <trkpt lat="45.32454" lon="-72.64944">
        <ele>120.35</ele>
      </trkpt>
      <trkpt lat="45.3245" lon="-72.64959">
        <ele>120.86</ele>
      </trkpt>
      <trkpt lat="45.32445" lon="-72.64971">
        <ele>121.16</ele>
      </trkpt>
      <trkpt lat="45.32432" lon="-72.64985">
        <ele>122.66</ele>
      </trkpt>
      <trkpt lat="45.32422" lon="-72.6498">
        <ele>123</ele>
      </trkpt>
      <trkpt lat="45.32414" lon="-72.64957">
        <ele>123.25</ele>
      </trkpt>
      <trkpt lat="45.32408" lon="-72.64949">
        <ele>123.25</ele>
      </trkpt>
      <trkpt lat="45.32402" lon="-72.64945">
        <ele>123.34</ele>
      </trkpt>
      <trkpt lat="45.32362" lon="-72.6494">
        <ele>123.88</ele>
      </trkpt>
      <trkpt lat="45.32318" lon="-72.64918">
        <ele>124.42</ele>
      </trkpt>
      <trkpt lat="45.32302" lon="-72.64901">
        <ele>124.85</ele>
      </trkpt>
      <trkpt lat="45.32285" lon="-72.64867">
        <ele>125.06</ele>
      </trkpt>
      <trkpt lat="45.32226" lon="-72.64851">
        <ele>122.15</ele>
      </trkpt>
      <trkpt lat="45.322" lon="-72.64837">
        <ele>120.52</ele>
      </trkpt>
      <trkpt lat="45.32156" lon="-72.64824">
        <ele>119.72</ele>
      </trkpt>
      <trkpt lat="45.32138" lon="-72.64807">
        <ele>119.7</ele>
      </trkpt>
      <trkpt lat="45.32091" lon="-72.64788">
        <ele>120.53</ele>
      </trkpt>
      <trkpt lat="45.32086" lon="-72.6478">
        <ele>120.53</ele>
      </trkpt>
      <trkpt lat="45.32085" lon="-72.64775">
        <ele>120.53</ele>
      </trkpt>
      <trkpt lat="45.32074" lon="-72.64772">
        <ele>120.55</ele>
      </trkpt>
      <trkpt lat="45.320475" lon="-72.648245">
        <ele>120.88</ele>
      </trkpt>
      <trkpt lat="45.32021" lon="-72.64877">
        <ele>122.22</ele>
      </trkpt>
      <trkpt lat="45.32007" lon="-72.64913">
        <ele>123.85</ele>
      </trkpt>
      <trkpt lat="45.31992" lon="-72.64933">
        <ele>125.25</ele>
      </trkpt>
      <trkpt lat="45.31973" lon="-72.64995">
        <ele>129.1</ele>
      </trkpt>
      <trkpt lat="45.31954" lon="-72.650705">
        <ele>130.23</ele>
      </trkpt>
      <trkpt lat="45.31935" lon="-72.65146">
        <ele>130.48</ele>
      </trkpt>
      <trkpt lat="45.31924" lon="-72.65145">
        <ele>130.49</ele>
      </trkpt>
      <trkpt lat="45.319" lon="-72.65132">
        <ele>130.28</ele>
      </trkpt>
      <trkpt lat="45.31891" lon="-72.65124">
        <ele>130.08</ele>
      </trkpt>
      <trkpt lat="45.31855" lon="-72.65106">
        <ele>128.98</ele>
      </trkpt>
      <trkpt lat="45.31815" lon="-72.65088">
        <ele>126.96</ele>
      </trkpt>
      <trkpt lat="45.31808" lon="-72.65092">
        <ele>126.96</ele>
      </trkpt>
      <trkpt lat="45.31805" lon="-72.65097">
        <ele>126.67</ele>
      </trkpt>
      <trkpt lat="45.317905" lon="-72.651685">
        <ele>126.79</ele>
      </trkpt>
      <trkpt lat="45.31776" lon="-72.6524">
        <ele>125.77</ele>
      </trkpt>
      <trkpt lat="45.31771" lon="-72.65245">
        <ele>125.77</ele>
      </trkpt>
      <trkpt lat="45.31762" lon="-72.65243">
        <ele>125.58</ele>
      </trkpt>
    </trkseg>
  </trk>
</gpx>