<?xml version='1.0' encoding='utf-8'?>
<gpx xmlns="http://www.topografix.com/GPX/1/1" xmlns:xsi="http://www.w3.org/2001/XMLSchema-instance" version="1.1" creator="Gravelle Estrie" xsi:schemaLocation="http://www.topografix.com/GPX/1/1 http://www.topografix.com/GPX/1/1/gpx.xsd">
  <metadata>
    <name>Stayin' Alive 76km / 1375MD+</name>
  </metadata>
  <trk>
    <name>Stayin' Alive 76km / 1375MD+</name>
    <trkseg>
      <trkpt lat="45.1695" lon="-72.04284">
        <ele>170.74</ele>
      </trkpt>
      <trkpt lat="45.16913" lon="-72.04196">
        <ele>170.99</ele>
      </trkpt>
      <trkpt lat="45.1687433" lon="-72.0411167">
        <ele>171.08</ele>
      </trkpt>
      <trkpt lat="45.1683567" lon="-72.0402733">
        <ele>171.28</ele>
      </trkpt>
      <trkpt lat="45.16797" lon="-72.03943">
        <ele>171.47</ele>
      </trkpt>
      <trkpt lat="45.16815" lon="-72.03929">
        <ele>171.32</ele>
      </trkpt>
      <trkpt lat="45.1686" lon="-72.03908">
        <ele>171.47</ele>
      </trkpt>
      <trkpt lat="45.16858" lon="-72.03872">
        <ele>172.02</ele>
      </trkpt>
      <trkpt lat="45.16831" lon="-72.03875">
        <ele>171.98</ele>
      </trkpt>
      <trkpt lat="45.16824" lon="-72.03873">
        <ele>172.01</ele>
      </trkpt>
      <trkpt lat="45.16819" lon="-72.03868">
        <ele>172.01</ele>
      </trkpt>
      <trkpt lat="45.16816" lon="-72.03861">
        <ele>172.01</ele>
      </trkpt>
      <trkpt lat="45.16801" lon="-72.03857">
        <ele>172.06</ele>
      </trkpt>
      <trkpt lat="45.16801" lon="-72.03857">
        <ele>172.06</ele>
      </trkpt>
      <trkpt lat="45.16786" lon="-72.03853">
        <ele>172.19</ele>
      </trkpt>
      <trkpt lat="45.16778" lon="-72.0384">
        <ele>172.19</ele>
      </trkpt>
      <trkpt lat="45.16728" lon="-72.03819">
        <ele>172.36</ele>
      </trkpt>
      <trkpt lat="45.1666233" lon="-72.0379367">
        <ele>172.5</ele>
      </trkpt>
      <trkpt lat="45.1659667" lon="-72.0376833">
        <ele>172.69</ele>
      </trkpt>
      <trkpt lat="45.16531" lon="-72.03743">
        <ele>172.23</ele>
      </trkpt>
      <trkpt lat="45.164615" lon="-72.037185">
        <ele>171.35</ele>
      </trkpt>
      <trkpt lat="45.16392" lon="-72.03694">
        <ele>170.77</ele>
      </trkpt>
      <trkpt lat="45.16345" lon="-72.03681">
        <ele>170.2</ele>
      </trkpt>
      <trkpt lat="45.16316" lon="-72.03677">
        <ele>169.7</ele>
      </trkpt>
      <trkpt lat="45.16294" lon="-72.03677">
        <ele>169.7</ele>
      </trkpt>
      <trkpt lat="45.16253" lon="-72.03683">
        <ele>169.14</ele>
      </trkpt>
      <trkpt lat="45.16251" lon="-72.03683">
        <ele>169.13</ele>
      </trkpt>
      <trkpt lat="45.16232" lon="-72.03685">
        <ele>169.06</ele>
      </trkpt>
      <trkpt lat="45.16223" lon="-72.0368">
        <ele>168.94</ele>
      </trkpt>
      <trkpt lat="45.16198" lon="-72.03639">
        <ele>168.91</ele>
      </trkpt>
      <trkpt lat="45.16194" lon="-72.03635">
        <ele>168.91</ele>
      </trkpt>
      <trkpt lat="45.16187" lon="-72.03633">
        <ele>168.82</ele>
      </trkpt>
      <trkpt lat="45.16163" lon="-72.03541">
        <ele>169.3</ele>
      </trkpt>
      <trkpt lat="45.16136" lon="-72.03465">
        <ele>170.21</ele>
      </trkpt>
      <trkpt lat="45.16127" lon="-72.03445">
        <ele>170.89</ele>
      </trkpt>
      <trkpt lat="45.16093" lon="-72.03398">
        <ele>172.4</ele>
      </trkpt>
      <trkpt lat="45.16055" lon="-72.0337">
        <ele>173.02</ele>
      </trkpt>
      <trkpt lat="45.159855" lon="-72.03326">
        <ele>173.76</ele>
      </trkpt>
      <trkpt lat="45.15916" lon="-72.03282">
        <ele>174.37</ele>
      </trkpt>
      <trkpt lat="45.15904" lon="-72.0327">
        <ele>174.37</ele>
      </trkpt>
      <trkpt lat="45.1583286" lon="-72.0321028">
        <ele>174.56</ele>
      </trkpt>
      <trkpt lat="45.1576172" lon="-72.0315056">
        <ele>174.55</ele>
      </trkpt>
      <trkpt lat="45.1569057" lon="-72.0309085">
        <ele>176.2</ele>
      </trkpt>
      <trkpt lat="45.1561943" lon="-72.0303113">
        <ele>180.51</ele>
      </trkpt>
      <trkpt lat="45.1554829" lon="-72.0297142">
        <ele>187.26</ele>
      </trkpt>
      <trkpt lat="45.1547714" lon="-72.0291171">
        <ele>190.35</ele>
      </trkpt>
      <trkpt lat="45.15406" lon="-72.02852">
        <ele>198.77</ele>
      </trkpt>
      <trkpt lat="45.15349" lon="-72.02803">
        <ele>201.7</ele>
      </trkpt>
      <trkpt lat="45.15304" lon="-72.02758">
        <ele>204.7</ele>
      </trkpt>
      <trkpt lat="45.15263" lon="-72.02713">
        <ele>207.78</ele>
      </trkpt>
      <trkpt lat="45.15215" lon="-72.02646">
        <ele>209.67</ele>
      </trkpt>
      <trkpt lat="45.15196" lon="-72.02617">
        <ele>210.19</ele>
      </trkpt>
      <trkpt lat="45.15183" lon="-72.02633">
        <ele>209.74</ele>
      </trkpt>
      <trkpt lat="45.15178" lon="-72.02636">
        <ele>209.63</ele>
      </trkpt>
      <trkpt lat="45.1517" lon="-72.02633">
        <ele>209.5</ele>
      </trkpt>
      <trkpt lat="45.1511167" lon="-72.02602">
        <ele>209.78</ele>
      </trkpt>
      <trkpt lat="45.1505333" lon="-72.02571">
        <ele>210.1</ele>
      </trkpt>
      <trkpt lat="45.14995" lon="-72.0254">
        <ele>212.07</ele>
      </trkpt>
      <trkpt lat="45.14996" lon="-72.0254">
        <ele>212.07</ele>
      </trkpt>
      <trkpt lat="45.14931" lon="-72.025015">
        <ele>214.56</ele>
      </trkpt>
      <trkpt lat="45.14866" lon="-72.02463">
        <ele>216.71</ele>
      </trkpt>
      <trkpt lat="45.14851" lon="-72.02449">
        <ele>217.26</ele>
      </trkpt>
      <trkpt lat="45.14788" lon="-72.0237367">
        <ele>217.03</ele>
      </trkpt>
      <trkpt lat="45.14725" lon="-72.0229833">
        <ele>221.11</ele>
      </trkpt>
      <trkpt lat="45.14662" lon="-72.02223">
        <ele>224.36</ele>
      </trkpt>
      <trkpt lat="45.14662" lon="-72.02222">
        <ele>224.36</ele>
      </trkpt>
      <trkpt lat="45.14621" lon="-72.02172">
        <ele>228.68</ele>
      </trkpt>
      <trkpt lat="45.14577" lon="-72.02128">
        <ele>231.25</ele>
      </trkpt>
      <trkpt lat="45.14565" lon="-72.02122">
        <ele>231.25</ele>
      </trkpt>
      <trkpt lat="45.1454" lon="-72.02116">
        <ele>231.99</ele>
      </trkpt>
      <trkpt lat="45.14526" lon="-72.02114">
        <ele>231.97</ele>
      </trkpt>
      <trkpt lat="45.14444" lon="-72.02113">
        <ele>233.38</ele>
      </trkpt>
      <trkpt lat="45.1438" lon="-72.02118">
        <ele>234.65</ele>
      </trkpt>
      <trkpt lat="45.14334" lon="-72.02118">
        <ele>235.28</ele>
      </trkpt>
      <trkpt lat="45.14288" lon="-72.02118">
        <ele>236.41</ele>
      </trkpt>
      <trkpt lat="45.14234" lon="-72.02123">
        <ele>237.87</ele>
      </trkpt>
      <trkpt lat="45.14152" lon="-72.02125">
        <ele>238.27</ele>
      </trkpt>
      <trkpt lat="45.1407" lon="-72.02127">
        <ele>238.66</ele>
      </trkpt>
      <trkpt lat="45.13995" lon="-72.02126">
        <ele>237.67</ele>
      </trkpt>
      <trkpt lat="45.139055" lon="-72.02122">
        <ele>234.99</ele>
      </trkpt>
      <trkpt lat="45.13816" lon="-72.02118">
        <ele>232.82</ele>
      </trkpt>
      <trkpt lat="45.13779" lon="-72.02113">
        <ele>231.92</ele>
      </trkpt>
      <trkpt lat="45.13729" lon="-72.021">
        <ele>232.4</ele>
      </trkpt>
      <trkpt lat="45.13685" lon="-72.02092">
        <ele>234.29</ele>
      </trkpt>
      <trkpt lat="45.13637" lon="-72.02082">
        <ele>235.59</ele>
      </trkpt>
      <trkpt lat="45.13571" lon="-72.02073">
        <ele>236.13</ele>
      </trkpt>
      <trkpt lat="45.13521" lon="-72.02054">
        <ele>236.02</ele>
      </trkpt>
      <trkpt lat="45.13449" lon="-72.02019">
        <ele>237.84</ele>
      </trkpt>
      <trkpt lat="45.13417" lon="-72.02007">
        <ele>238.29</ele>
      </trkpt>
      <trkpt lat="45.13362" lon="-72.01993">
        <ele>240.03</ele>
      </trkpt>
      <trkpt lat="45.13307" lon="-72.01979">
        <ele>241.02</ele>
      </trkpt>
      <trkpt lat="45.13236" lon="-72.01965">
        <ele>241.75</ele>
      </trkpt>
      <trkpt lat="45.13178" lon="-72.019605">
        <ele>242.64</ele>
      </trkpt>
      <trkpt lat="45.1312" lon="-72.01956">
        <ele>243.18</ele>
      </trkpt>
      <trkpt lat="45.1307" lon="-72.01948">
        <ele>243.74</ele>
      </trkpt>
      <trkpt lat="45.13063" lon="-72.01951">
        <ele>243.74</ele>
      </trkpt>
      <trkpt lat="45.130115" lon="-72.01945">
        <ele>244.15</ele>
      </trkpt>
      <trkpt lat="45.1296" lon="-72.01939">
        <ele>244.74</ele>
      </trkpt>
      <trkpt lat="45.12878" lon="-72.01938">
        <ele>245.49</ele>
      </trkpt>
      <trkpt lat="45.128" lon="-72.01948">
        <ele>246.31</ele>
      </trkpt>
      <trkpt lat="45.1271313" lon="-72.0195413">
        <ele>247.54</ele>
      </trkpt>
      <trkpt lat="45.1262625" lon="-72.0196025">
        <ele>249.15</ele>
      </trkpt>
      <trkpt lat="45.1253938" lon="-72.0196638">
        <ele>250.93</ele>
      </trkpt>
      <trkpt lat="45.124525" lon="-72.019725">
        <ele>253.28</ele>
      </trkpt>
      <trkpt lat="45.1236563" lon="-72.0197863">
        <ele>254.62</ele>
      </trkpt>
      <trkpt lat="45.1227875" lon="-72.0198475">
        <ele>256.71</ele>
      </trkpt>
      <trkpt lat="45.1219188" lon="-72.0199088">
        <ele>259.14</ele>
      </trkpt>
      <trkpt lat="45.12105" lon="-72.01997">
        <ele>263.68</ele>
      </trkpt>
      <trkpt lat="45.12044" lon="-72.019965">
        <ele>266.43</ele>
      </trkpt>
      <trkpt lat="45.11983" lon="-72.01996">
        <ele>269.07</ele>
      </trkpt>
      <trkpt lat="45.11963" lon="-72.01997">
        <ele>269.7</ele>
      </trkpt>
      <trkpt lat="45.11914" lon="-72.01992">
        <ele>271.42</ele>
      </trkpt>
      <trkpt lat="45.11838" lon="-72.019794">
        <ele>272.85</ele>
      </trkpt>
      <trkpt lat="45.11762" lon="-72.019668">
        <ele>274.15</ele>
      </trkpt>
      <trkpt lat="45.11686" lon="-72.019542">
        <ele>275.74</ele>
      </trkpt>
      <trkpt lat="45.1161" lon="-72.019416">
        <ele>277.65</ele>
      </trkpt>
      <trkpt lat="45.11534" lon="-72.01929">
        <ele>280.02</ele>
      </trkpt>
      <trkpt lat="45.114835" lon="-72.019305">
        <ele>280.92</ele>
      </trkpt>
      <trkpt lat="45.11433" lon="-72.01932">
        <ele>279.91</ele>
      </trkpt>
      <trkpt lat="45.11351" lon="-72.01931">
        <ele>281.37</ele>
      </trkpt>
      <trkpt lat="45.11301" lon="-72.01926">
        <ele>284.17</ele>
      </trkpt>
      <trkpt lat="45.11278" lon="-72.01917">
        <ele>284.63</ele>
      </trkpt>
      <trkpt lat="45.11191" lon="-72.01889">
        <ele>285.69</ele>
      </trkpt>
      <trkpt lat="45.11104" lon="-72.01861">
        <ele>286.7</ele>
      </trkpt>
      <trkpt lat="45.11017" lon="-72.01833">
        <ele>289.99</ele>
      </trkpt>
      <trkpt lat="45.1093" lon="-72.01805">
        <ele>292.08</ele>
      </trkpt>
      <trkpt lat="45.10875" lon="-72.017845">
        <ele>292.62</ele>
      </trkpt>
      <trkpt lat="45.1082" lon="-72.01764">
        <ele>292.84</ele>
      </trkpt>
      <trkpt lat="45.10793" lon="-72.01757">
        <ele>292.9</ele>
      </trkpt>
      <trkpt lat="45.10784" lon="-72.01756">
        <ele>292.71</ele>
      </trkpt>
      <trkpt lat="45.1076" lon="-72.01763">
        <ele>292.09</ele>
      </trkpt>
      <trkpt lat="45.10689" lon="-72.01788">
        <ele>292.54</ele>
      </trkpt>
      <trkpt lat="45.10618" lon="-72.01813">
        <ele>295.09</ele>
      </trkpt>
      <trkpt lat="45.10549" lon="-72.018315">
        <ele>296.14</ele>
      </trkpt>
      <trkpt lat="45.1048" lon="-72.0185">
        <ele>295.69</ele>
      </trkpt>
      <trkpt lat="45.10401" lon="-72.01881">
        <ele>300.32</ele>
      </trkpt>
      <trkpt lat="45.10322" lon="-72.01912">
        <ele>304.82</ele>
      </trkpt>
      <trkpt lat="45.10243" lon="-72.01943">
        <ele>308.57</ele>
      </trkpt>
      <trkpt lat="45.101755" lon="-72.019655">
        <ele>310.91</ele>
      </trkpt>
      <trkpt lat="45.10108" lon="-72.01988">
        <ele>311.8</ele>
      </trkpt>
      <trkpt lat="45.1004433" lon="-72.0200467">
        <ele>312.3</ele>
      </trkpt>
      <trkpt lat="45.0998067" lon="-72.0202133">
        <ele>314.57</ele>
      </trkpt>
      <trkpt lat="45.09917" lon="-72.02038">
        <ele>315.31</ele>
      </trkpt>
      <trkpt lat="45.09861" lon="-72.020575">
        <ele>315.07</ele>
      </trkpt>
      <trkpt lat="45.09805" lon="-72.02077">
        <ele>313.34</ele>
      </trkpt>
      <trkpt lat="45.0973467" lon="-72.02094">
        <ele>315.31</ele>
      </trkpt>
      <trkpt lat="45.0966433" lon="-72.02111">
        <ele>316.07</ele>
      </trkpt>
      <trkpt lat="45.09594" lon="-72.02128">
        <ele>318.36</ele>
      </trkpt>
      <trkpt lat="45.09522" lon="-72.02149">
        <ele>320.18</ele>
      </trkpt>
      <trkpt lat="45.09476" lon="-72.021575">
        <ele>319.94</ele>
      </trkpt>
      <trkpt lat="45.0943" lon="-72.02166">
        <ele>319.68</ele>
      </trkpt>
      <trkpt lat="45.09379" lon="-72.02181">
        <ele>320.23</ele>
      </trkpt>
      <trkpt lat="45.09378" lon="-72.02181">
        <ele>320.24</ele>
      </trkpt>
      <trkpt lat="45.09318" lon="-72.02199">
        <ele>321.18</ele>
      </trkpt>
      <trkpt lat="45.09258" lon="-72.02217">
        <ele>323.04</ele>
      </trkpt>
      <trkpt lat="45.09212" lon="-72.02229">
        <ele>324.8</ele>
      </trkpt>
      <trkpt lat="45.09162" lon="-72.02232">
        <ele>327.32</ele>
      </trkpt>
      <trkpt lat="45.09112" lon="-72.02235">
        <ele>329.79</ele>
      </trkpt>
      <trkpt lat="45.09059" lon="-72.022325">
        <ele>331.94</ele>
      </trkpt>
      <trkpt lat="45.09006" lon="-72.0223">
        <ele>334.48</ele>
      </trkpt>
      <trkpt lat="45.089395" lon="-72.0223">
        <ele>335.83</ele>
      </trkpt>
      <trkpt lat="45.08873" lon="-72.0223">
        <ele>338.14</ele>
      </trkpt>
      <trkpt lat="45.08847" lon="-72.02231">
        <ele>338.23</ele>
      </trkpt>
      <trkpt lat="45.0883" lon="-72.02235">
        <ele>338.16</ele>
      </trkpt>
      <trkpt lat="45.0881" lon="-72.02261">
        <ele>338.34</ele>
      </trkpt>
      <trkpt lat="45.087675" lon="-72.02299">
        <ele>339.9</ele>
      </trkpt>
      <trkpt lat="45.08725" lon="-72.02337">
        <ele>341.92</ele>
      </trkpt>
      <trkpt lat="45.086835" lon="-72.023865">
        <ele>343.87</ele>
      </trkpt>
      <trkpt lat="45.08642" lon="-72.02436">
        <ele>346.09</ele>
      </trkpt>
      <trkpt lat="45.08597" lon="-72.02477">
        <ele>348.18</ele>
      </trkpt>
      <trkpt lat="45.08525" lon="-72.02529">
        <ele>351.35</ele>
      </trkpt>
      <trkpt lat="45.08453" lon="-72.02581">
        <ele>352.04</ele>
      </trkpt>
      <trkpt lat="45.08381" lon="-72.02633">
        <ele>350.48</ele>
      </trkpt>
      <trkpt lat="45.08309" lon="-72.02685">
        <ele>348.85</ele>
      </trkpt>
      <trkpt lat="45.082355" lon="-72.027325">
        <ele>340.26</ele>
      </trkpt>
      <trkpt lat="45.08162" lon="-72.0278">
        <ele>335.94</ele>
      </trkpt>
      <trkpt lat="45.08105" lon="-72.02814">
        <ele>339.63</ele>
      </trkpt>
      <trkpt lat="45.08048" lon="-72.02848">
        <ele>348.58</ele>
      </trkpt>
      <trkpt lat="45.079778" lon="-72.02888">
        <ele>355.96</ele>
      </trkpt>
      <trkpt lat="45.079076" lon="-72.02928">
        <ele>359.92</ele>
      </trkpt>
      <trkpt lat="45.078374" lon="-72.02968">
        <ele>365.84</ele>
      </trkpt>
      <trkpt lat="45.077672" lon="-72.03008">
        <ele>368.93</ele>
      </trkpt>
      <trkpt lat="45.07697" lon="-72.03048">
        <ele>370.41</ele>
      </trkpt>
      <trkpt lat="45.07625" lon="-72.03073">
        <ele>367.83</ele>
      </trkpt>
      <trkpt lat="45.07553" lon="-72.03098">
        <ele>370.09</ele>
      </trkpt>
      <trkpt lat="45.07502" lon="-72.03114">
        <ele>373.47</ele>
      </trkpt>
      <trkpt lat="45.07451" lon="-72.0313">
        <ele>375.11</ele>
      </trkpt>
      <trkpt lat="45.07378" lon="-72.0316">
        <ele>372.39</ele>
      </trkpt>
      <trkpt lat="45.07305" lon="-72.0319">
        <ele>371.15</ele>
      </trkpt>
      <trkpt lat="45.07279" lon="-72.03206">
        <ele>370.95</ele>
      </trkpt>
      <trkpt lat="45.07209" lon="-72.03259">
        <ele>375.21</ele>
      </trkpt>
      <trkpt lat="45.07137" lon="-72.03318">
        <ele>381.62</ele>
      </trkpt>
      <trkpt lat="45.07065" lon="-72.03377">
        <ele>385.78</ele>
      </trkpt>
      <trkpt lat="45.07018" lon="-72.03407">
        <ele>388.09</ele>
      </trkpt>
      <trkpt lat="45.06983" lon="-72.03425">
        <ele>389.49</ele>
      </trkpt>
      <trkpt lat="45.06953" lon="-72.03433">
        <ele>391.05</ele>
      </trkpt>
      <trkpt lat="45.06884" lon="-72.034535">
        <ele>392.87</ele>
      </trkpt>
      <trkpt lat="45.06815" lon="-72.03474">
        <ele>394.86</ele>
      </trkpt>
      <trkpt lat="45.0673967" lon="-72.03501">
        <ele>398.28</ele>
      </trkpt>
      <trkpt lat="45.0666433" lon="-72.03528">
        <ele>398.14</ele>
      </trkpt>
      <trkpt lat="45.06589" lon="-72.03555">
        <ele>398.32</ele>
      </trkpt>
      <trkpt lat="45.06535" lon="-72.03568">
        <ele>400.39</ele>
      </trkpt>
      <trkpt lat="45.06462" lon="-72.03582">
        <ele>406.58</ele>
      </trkpt>
      <trkpt lat="45.06409" lon="-72.03581">
        <ele>409.08</ele>
      </trkpt>
      <trkpt lat="45.06336" lon="-72.03589">
        <ele>413.36</ele>
      </trkpt>
      <trkpt lat="45.06309" lon="-72.03605">
        <ele>413.64</ele>
      </trkpt>
      <trkpt lat="45.06279" lon="-72.03635">
        <ele>413.11</ele>
      </trkpt>
      <trkpt lat="45.06208" lon="-72.036805">
        <ele>412.2</ele>
      </trkpt>
      <trkpt lat="45.06137" lon="-72.03726">
        <ele>414.59</ele>
      </trkpt>
      <trkpt lat="45.0605575" lon="-72.037725">
        <ele>418.02</ele>
      </trkpt>
      <trkpt lat="45.059745" lon="-72.03819">
        <ele>420.65</ele>
      </trkpt>
      <trkpt lat="45.0589325" lon="-72.038655">
        <ele>420.95</ele>
      </trkpt>
      <trkpt lat="45.05812" lon="-72.03912">
        <ele>423.2</ele>
      </trkpt>
      <trkpt lat="45.0576" lon="-72.03948">
        <ele>424.86</ele>
      </trkpt>
      <trkpt lat="45.05681" lon="-72.04007">
        <ele>424.11</ele>
      </trkpt>
      <trkpt lat="45.05611" lon="-72.04071">
        <ele>424.58</ele>
      </trkpt>
      <trkpt lat="45.055535" lon="-72.04131">
        <ele>422.05</ele>
      </trkpt>
      <trkpt lat="45.05496" lon="-72.04191">
        <ele>419.76</ele>
      </trkpt>
      <trkpt lat="45.05482" lon="-72.04208">
        <ele>418.55</ele>
      </trkpt>
      <trkpt lat="45.05479" lon="-72.0421">
        <ele>418.33</ele>
      </trkpt>
      <trkpt lat="45.05413" lon="-72.04289">
        <ele>409.33</ele>
      </trkpt>
      <trkpt lat="45.05373" lon="-72.04327">
        <ele>405.53</ele>
      </trkpt>
      <trkpt lat="45.05333" lon="-72.04365">
        <ele>403.79</ele>
      </trkpt>
      <trkpt lat="45.0525367" lon="-72.0442267">
        <ele>402.78</ele>
      </trkpt>
      <trkpt lat="45.0517433" lon="-72.0448033">
        <ele>401.28</ele>
      </trkpt>
      <trkpt lat="45.05095" lon="-72.04538">
        <ele>399.99</ele>
      </trkpt>
      <trkpt lat="45.05051" lon="-72.04568">
        <ele>399.25</ele>
      </trkpt>
      <trkpt lat="45.05007" lon="-72.04598">
        <ele>398.62</ele>
      </trkpt>
      <trkpt lat="45.0494967" lon="-72.04632">
        <ele>396.97</ele>
      </trkpt>
      <trkpt lat="45.0489233" lon="-72.04666">
        <ele>394.27</ele>
      </trkpt>
      <trkpt lat="45.04835" lon="-72.047">
        <ele>392.35</ele>
      </trkpt>
      <trkpt lat="45.04756" lon="-72.04729">
        <ele>388.77</ele>
      </trkpt>
      <trkpt lat="45.04743" lon="-72.04732">
        <ele>388.15</ele>
      </trkpt>
      <trkpt lat="45.046615" lon="-72.04735">
        <ele>382.58</ele>
      </trkpt>
      <trkpt lat="45.0458" lon="-72.04738">
        <ele>382.11</ele>
      </trkpt>
      <trkpt lat="45.04562" lon="-72.04741">
        <ele>382.9</ele>
      </trkpt>
      <trkpt lat="45.044725" lon="-72.047455">
        <ele>379.33</ele>
      </trkpt>
      <trkpt lat="45.04383" lon="-72.0475">
        <ele>377.48</ele>
      </trkpt>
      <trkpt lat="45.042935" lon="-72.047545">
        <ele>378.1</ele>
      </trkpt>
      <trkpt lat="45.04204" lon="-72.04759">
        <ele>384.53</ele>
      </trkpt>
      <trkpt lat="45.04152" lon="-72.047565">
        <ele>387.44</ele>
      </trkpt>
      <trkpt lat="45.041" lon="-72.04754">
        <ele>386.3</ele>
      </trkpt>
      <trkpt lat="45.040505" lon="-72.047565">
        <ele>386.15</ele>
      </trkpt>
      <trkpt lat="45.04001" lon="-72.04759">
        <ele>386.1</ele>
      </trkpt>
      <trkpt lat="45.039475" lon="-72.047595">
        <ele>385.73</ele>
      </trkpt>
      <trkpt lat="45.03894" lon="-72.0476">
        <ele>384.31</ele>
      </trkpt>
      <trkpt lat="45.03829" lon="-72.04765">
        <ele>383.29</ele>
      </trkpt>
      <trkpt lat="45.03774" lon="-72.04786">
        <ele>382.75</ele>
      </trkpt>
      <trkpt lat="45.03745" lon="-72.04804">
        <ele>382.67</ele>
      </trkpt>
      <trkpt lat="45.03684" lon="-72.04835">
        <ele>381.86</ele>
      </trkpt>
      <trkpt lat="45.03622" lon="-72.0488">
        <ele>378.04</ele>
      </trkpt>
      <trkpt lat="45.03555" lon="-72.04935">
        <ele>373.99</ele>
      </trkpt>
      <trkpt lat="45.03528" lon="-72.04965">
        <ele>372.18</ele>
      </trkpt>
      <trkpt lat="45.03521" lon="-72.04978">
        <ele>371.62</ele>
      </trkpt>
      <trkpt lat="45.03482" lon="-72.05023">
        <ele>370.1</ele>
      </trkpt>
      <trkpt lat="45.03443" lon="-72.05068">
        <ele>367.14</ele>
      </trkpt>
      <trkpt lat="45.03443" lon="-72.05068">
        <ele>367.17</ele>
      </trkpt>
      <trkpt lat="45.033985" lon="-72.051195">
        <ele>362.95</ele>
      </trkpt>
      <trkpt lat="45.03354" lon="-72.05171">
        <ele>360.91</ele>
      </trkpt>
      <trkpt lat="45.03316" lon="-72.05212">
        <ele>360.43</ele>
      </trkpt>
      <trkpt lat="45.03301" lon="-72.05231">
        <ele>360.18</ele>
      </trkpt>
      <trkpt lat="45.03287" lon="-72.05256">
        <ele>359.07</ele>
      </trkpt>
      <trkpt lat="45.0328" lon="-72.05282">
        <ele>358.19</ele>
      </trkpt>
      <trkpt lat="45.03278" lon="-72.05305">
        <ele>356.71</ele>
      </trkpt>
      <trkpt lat="45.0327867" lon="-72.05393">
        <ele>351.43</ele>
      </trkpt>
      <trkpt lat="45.0327933" lon="-72.05481">
        <ele>350.14</ele>
      </trkpt>
      <trkpt lat="45.0328" lon="-72.05569">
        <ele>347.46</ele>
      </trkpt>
      <trkpt lat="45.03288" lon="-72.05646">
        <ele>340.55</ele>
      </trkpt>
      <trkpt lat="45.03288" lon="-72.05727">
        <ele>333.92</ele>
      </trkpt>
      <trkpt lat="45.03288" lon="-72.05808">
        <ele>330.29</ele>
      </trkpt>
      <trkpt lat="45.03287" lon="-72.05887">
        <ele>329.78</ele>
      </trkpt>
      <trkpt lat="45.03285" lon="-72.05923">
        <ele>330.54</ele>
      </trkpt>
      <trkpt lat="45.03281" lon="-72.05946">
        <ele>331.4</ele>
      </trkpt>
      <trkpt lat="45.03271" lon="-72.05981">
        <ele>331.96</ele>
      </trkpt>
      <trkpt lat="45.032375" lon="-72.060595">
        <ele>332.17</ele>
      </trkpt>
      <trkpt lat="45.03204" lon="-72.06138">
        <ele>331.32</ele>
      </trkpt>
      <trkpt lat="45.03198" lon="-72.06165">
        <ele>330.7</ele>
      </trkpt>
      <trkpt lat="45.03198" lon="-72.06196">
        <ele>329.47</ele>
      </trkpt>
      <trkpt lat="45.03205" lon="-72.06229">
        <ele>328.52</ele>
      </trkpt>
      <trkpt lat="45.03233" lon="-72.063065">
        <ele>326.62</ele>
      </trkpt>
      <trkpt lat="45.03261" lon="-72.06384">
        <ele>326.22</ele>
      </trkpt>
      <trkpt lat="45.032775" lon="-72.064495">
        <ele>325.95</ele>
      </trkpt>
      <trkpt lat="45.03294" lon="-72.06515">
        <ele>325.54</ele>
      </trkpt>
      <trkpt lat="45.03302" lon="-72.06595">
        <ele>324.47</ele>
      </trkpt>
      <trkpt lat="45.03305" lon="-72.06681">
        <ele>322.08</ele>
      </trkpt>
      <trkpt lat="45.03301" lon="-72.06733">
        <ele>321.56</ele>
      </trkpt>
      <trkpt lat="45.03289" lon="-72.06761">
        <ele>321.69</ele>
      </trkpt>
      <trkpt lat="45.03255" lon="-72.06805">
        <ele>322.31</ele>
      </trkpt>
      <trkpt lat="45.03193" lon="-72.068625">
        <ele>323.28</ele>
      </trkpt>
      <trkpt lat="45.03131" lon="-72.0692">
        <ele>322.27</ele>
      </trkpt>
      <trkpt lat="45.03058" lon="-72.06975">
        <ele>321.57</ele>
      </trkpt>
      <trkpt lat="45.02985" lon="-72.070265">
        <ele>321.87</ele>
      </trkpt>
      <trkpt lat="45.02912" lon="-72.07078">
        <ele>321.69</ele>
      </trkpt>
      <trkpt lat="45.02835" lon="-72.07139">
        <ele>321.3</ele>
      </trkpt>
      <trkpt lat="45.02796" lon="-72.07173">
        <ele>321</ele>
      </trkpt>
      <trkpt lat="45.02765" lon="-72.07208">
        <ele>320.5</ele>
      </trkpt>
      <trkpt lat="45.02734" lon="-72.07249">
        <ele>320.01</ele>
      </trkpt>
      <trkpt lat="45.026985" lon="-72.073035">
        <ele>319.79</ele>
      </trkpt>
      <trkpt lat="45.02663" lon="-72.07358">
        <ele>320.07</ele>
      </trkpt>
      <trkpt lat="45.026265" lon="-72.07411">
        <ele>321.68</ele>
      </trkpt>
      <trkpt lat="45.0259" lon="-72.07464">
        <ele>321.89</ele>
      </trkpt>
      <trkpt lat="45.02557" lon="-72.07522">
        <ele>321.59</ele>
      </trkpt>
      <trkpt lat="45.02524" lon="-72.0758">
        <ele>320.92</ele>
      </trkpt>
      <trkpt lat="45.02493" lon="-72.07637">
        <ele>321.69</ele>
      </trkpt>
      <trkpt lat="45.02466" lon="-72.07696">
        <ele>324.41</ele>
      </trkpt>
      <trkpt lat="45.02447" lon="-72.07763">
        <ele>326.88</ele>
      </trkpt>
      <trkpt lat="45.024315" lon="-72.078675">
        <ele>328.05</ele>
      </trkpt>
      <trkpt lat="45.02416" lon="-72.07972">
        <ele>326.55</ele>
      </trkpt>
      <trkpt lat="45.0240372" lon="-72.0808843">
        <ele>325.43</ele>
      </trkpt>
      <trkpt lat="45.0239143" lon="-72.0820486">
        <ele>327.36</ele>
      </trkpt>
      <trkpt lat="45.0237915" lon="-72.0832129">
        <ele>329.26</ele>
      </trkpt>
      <trkpt lat="45.0236686" lon="-72.0843772">
        <ele>329.43</ele>
      </trkpt>
      <trkpt lat="45.0235458" lon="-72.0855415">
        <ele>329.5</ele>
      </trkpt>
      <trkpt lat="45.0234229" lon="-72.0867057">
        <ele>328.97</ele>
      </trkpt>
      <trkpt lat="45.0233" lon="-72.08787">
        <ele>328.66</ele>
      </trkpt>
      <trkpt lat="45.02326" lon="-72.08864">
        <ele>328.77</ele>
      </trkpt>
      <trkpt lat="45.022475" lon="-72.089185">
        <ele>329.52</ele>
      </trkpt>
      <trkpt lat="45.02169" lon="-72.0897301">
        <ele>329.25</ele>
      </trkpt>
      <trkpt lat="45.020905" lon="-72.0902751">
        <ele>328.3</ele>
      </trkpt>
      <trkpt lat="45.02012" lon="-72.0908201">
        <ele>327.64</ele>
      </trkpt>
      <trkpt lat="45.019335" lon="-72.091365">
        <ele>326.81</ele>
      </trkpt>
      <trkpt lat="45.01855" lon="-72.09191">
        <ele>326.25</ele>
      </trkpt>
      <trkpt lat="45.0188133" lon="-72.0928033">
        <ele>325.73</ele>
      </trkpt>
      <trkpt lat="45.0190767" lon="-72.0936967">
        <ele>323.86</ele>
      </trkpt>
      <trkpt lat="45.01934" lon="-72.09459">
        <ele>321.24</ele>
      </trkpt>
      <trkpt lat="45.01965" lon="-72.0955">
        <ele>316.55</ele>
      </trkpt>
      <trkpt lat="45.01978" lon="-72.09616">
        <ele>311.81</ele>
      </trkpt>
      <trkpt lat="45.01989" lon="-72.09734">
        <ele>308.47</ele>
      </trkpt>
      <trkpt lat="45.02" lon="-72.09852">
        <ele>303.88</ele>
      </trkpt>
      <trkpt lat="45.02005" lon="-72.09967">
        <ele>300.23</ele>
      </trkpt>
      <trkpt lat="45.0201" lon="-72.10082">
        <ele>297.65</ele>
      </trkpt>
      <trkpt lat="45.0201" lon="-72.10082">
        <ele>297.65</ele>
      </trkpt>
      <trkpt lat="45.02016" lon="-72.10181">
        <ele>295.04</ele>
      </trkpt>
      <trkpt lat="45.02022" lon="-72.1028">
        <ele>295.94</ele>
      </trkpt>
      <trkpt lat="45.02025" lon="-72.10365">
        <ele>296.26</ele>
      </trkpt>
      <trkpt lat="45.020215" lon="-72.10434">
        <ele>295.57</ele>
      </trkpt>
      <trkpt lat="45.02018" lon="-72.10503">
        <ele>294.91</ele>
      </trkpt>
      <trkpt lat="45.02019" lon="-72.10563">
        <ele>294.76</ele>
      </trkpt>
      <trkpt lat="45.02024" lon="-72.10659">
        <ele>291.7</ele>
      </trkpt>
      <trkpt lat="45.02033" lon="-72.10722">
        <ele>289.48</ele>
      </trkpt>
      <trkpt lat="45.02042" lon="-72.10785">
        <ele>287.94</ele>
      </trkpt>
      <trkpt lat="45.02052" lon="-72.10875">
        <ele>285.55</ele>
      </trkpt>
      <trkpt lat="45.02055" lon="-72.109405">
        <ele>284.31</ele>
      </trkpt>
      <trkpt lat="45.02058" lon="-72.11006">
        <ele>282.29</ele>
      </trkpt>
      <trkpt lat="45.020585" lon="-72.110795">
        <ele>279.34</ele>
      </trkpt>
      <trkpt lat="45.02059" lon="-72.11153">
        <ele>272.26</ele>
      </trkpt>
      <trkpt lat="45.02051" lon="-72.11269">
        <ele>265.39</ele>
      </trkpt>
      <trkpt lat="45.0203767" lon="-72.1135367">
        <ele>262.33</ele>
      </trkpt>
      <trkpt lat="45.0202433" lon="-72.1143833">
        <ele>260.28</ele>
      </trkpt>
      <trkpt lat="45.02011" lon="-72.11523">
        <ele>259.61</ele>
      </trkpt>
      <trkpt lat="45.01999" lon="-72.11613">
        <ele>260.74</ele>
      </trkpt>
      <trkpt lat="45.019905" lon="-72.117125">
        <ele>265.84</ele>
      </trkpt>
      <trkpt lat="45.01982" lon="-72.11812">
        <ele>268.25</ele>
      </trkpt>
      <trkpt lat="45.01971" lon="-72.11878">
        <ele>268.74</ele>
      </trkpt>
      <trkpt lat="45.019475" lon="-72.11972">
        <ele>270.3</ele>
      </trkpt>
      <trkpt lat="45.01924" lon="-72.12066">
        <ele>276.25</ele>
      </trkpt>
      <trkpt lat="45.01899" lon="-72.1214">
        <ele>281.41</ele>
      </trkpt>
      <trkpt lat="45.01874" lon="-72.12214">
        <ele>283.8</ele>
      </trkpt>
      <trkpt lat="45.018565" lon="-72.12285">
        <ele>285.6</ele>
      </trkpt>
      <trkpt lat="45.01839" lon="-72.12356">
        <ele>285.87</ele>
      </trkpt>
      <trkpt lat="45.0183" lon="-72.12411">
        <ele>286.45</ele>
      </trkpt>
      <trkpt lat="45.0183" lon="-72.12412">
        <ele>286.45</ele>
      </trkpt>
      <trkpt lat="45.01818" lon="-72.12486">
        <ele>285.69</ele>
      </trkpt>
      <trkpt lat="45.01812" lon="-72.12504">
        <ele>285.48</ele>
      </trkpt>
      <trkpt lat="45.01808" lon="-72.12508">
        <ele>285.48</ele>
      </trkpt>
      <trkpt lat="45.01796" lon="-72.12514">
        <ele>285.48</ele>
      </trkpt>
      <trkpt lat="45.01765" lon="-72.12509">
        <ele>285.1</ele>
      </trkpt>
      <trkpt lat="45.01716" lon="-72.12494">
        <ele>284.37</ele>
      </trkpt>
      <trkpt lat="45.01669" lon="-72.12482">
        <ele>285.15</ele>
      </trkpt>
      <trkpt lat="45.016" lon="-72.12478">
        <ele>288.36</ele>
      </trkpt>
      <trkpt lat="45.01581" lon="-72.12465">
        <ele>288.83</ele>
      </trkpt>
      <trkpt lat="45.01542" lon="-72.12413">
        <ele>290.04</ele>
      </trkpt>
      <trkpt lat="45.01503" lon="-72.12361">
        <ele>288.33</ele>
      </trkpt>
      <trkpt lat="45.01492" lon="-72.12352">
        <ele>287.92</ele>
      </trkpt>
      <trkpt lat="45.01482" lon="-72.12352">
        <ele>287.78</ele>
      </trkpt>
      <trkpt lat="45.01439" lon="-72.12353">
        <ele>287.88</ele>
      </trkpt>
      <trkpt lat="45.01405" lon="-72.12348">
        <ele>288.63</ele>
      </trkpt>
      <trkpt lat="45.01394" lon="-72.12339">
        <ele>289.23</ele>
      </trkpt>
      <trkpt lat="45.01367" lon="-72.1229">
        <ele>290.57</ele>
      </trkpt>
      <trkpt lat="45.01327" lon="-72.12178">
        <ele>286.44</ele>
      </trkpt>
      <trkpt lat="45.01288" lon="-72.12088">
        <ele>286.94</ele>
      </trkpt>
      <trkpt lat="45.012535" lon="-72.11992">
        <ele>289.32</ele>
      </trkpt>
      <trkpt lat="45.01219" lon="-72.11896">
        <ele>289.86</ele>
      </trkpt>
      <trkpt lat="45.01185" lon="-72.118285">
        <ele>290.39</ele>
      </trkpt>
      <trkpt lat="45.01151" lon="-72.11761">
        <ele>293.49</ele>
      </trkpt>
      <trkpt lat="45.01132" lon="-72.1173">
        <ele>293.63</ele>
      </trkpt>
      <trkpt lat="45.01111" lon="-72.11705">
        <ele>291.69</ele>
      </trkpt>
      <trkpt lat="45.01034" lon="-72.11663">
        <ele>283.49</ele>
      </trkpt>
      <trkpt lat="45.00974" lon="-72.11624">
        <ele>277.64</ele>
      </trkpt>
      <trkpt lat="45.00974" lon="-72.11623">
        <ele>277.58</ele>
      </trkpt>
      <trkpt lat="45.00961" lon="-72.11614">
        <ele>276.05</ele>
      </trkpt>
      <trkpt lat="45.00931" lon="-72.11606">
        <ele>272.1</ele>
      </trkpt>
      <trkpt lat="45.00907" lon="-72.11608">
        <ele>268.99</ele>
      </trkpt>
      <trkpt lat="45.00874" lon="-72.11618">
        <ele>265.86</ele>
      </trkpt>
      <trkpt lat="45.00836" lon="-72.11649">
        <ele>263.27</ele>
      </trkpt>
      <trkpt lat="45.00882" lon="-72.117555">
        <ele>261.07</ele>
      </trkpt>
      <trkpt lat="45.00928" lon="-72.11862">
        <ele>259.65</ele>
      </trkpt>
      <trkpt lat="45.00941" lon="-72.11904">
        <ele>259.32</ele>
      </trkpt>
      <trkpt lat="45.00947" lon="-72.11957">
        <ele>258.72</ele>
      </trkpt>
      <trkpt lat="45.00948" lon="-72.1198">
        <ele>258.46</ele>
      </trkpt>
      <trkpt lat="45.0094" lon="-72.12076">
        <ele>256.88</ele>
      </trkpt>
      <trkpt lat="45.00936" lon="-72.121845">
        <ele>255.76</ele>
      </trkpt>
      <trkpt lat="45.00932" lon="-72.12293">
        <ele>254.6</ele>
      </trkpt>
      <trkpt lat="45.00928" lon="-72.124015">
        <ele>253.26</ele>
      </trkpt>
      <trkpt lat="45.00924" lon="-72.1251">
        <ele>251.94</ele>
      </trkpt>
      <trkpt lat="45.009185" lon="-72.1262375">
        <ele>250.92</ele>
      </trkpt>
      <trkpt lat="45.00913" lon="-72.127375">
        <ele>249.98</ele>
      </trkpt>
      <trkpt lat="45.009075" lon="-72.1285125">
        <ele>248.8</ele>
      </trkpt>
      <trkpt lat="45.00902" lon="-72.12965">
        <ele>247.78</ele>
      </trkpt>
      <trkpt lat="45.00902" lon="-72.12966">
        <ele>247.78</ele>
      </trkpt>
      <trkpt lat="45.00897" lon="-72.13037">
        <ele>247.21</ele>
      </trkpt>
      <trkpt lat="45.00874" lon="-72.13112">
        <ele>246.19</ele>
      </trkpt>
      <trkpt lat="45.00856" lon="-72.13149">
        <ele>246.11</ele>
      </trkpt>
      <trkpt lat="45.00838" lon="-72.13176">
        <ele>245.84</ele>
      </trkpt>
      <trkpt lat="45.00816" lon="-72.13198">
        <ele>245.36</ele>
      </trkpt>
      <trkpt lat="45.00758" lon="-72.13239">
        <ele>244.46</ele>
      </trkpt>
      <trkpt lat="45.00724" lon="-72.13257">
        <ele>244.48</ele>
      </trkpt>
      <trkpt lat="45.00685" lon="-72.13288">
        <ele>243.61</ele>
      </trkpt>
      <trkpt lat="45.00663" lon="-72.13316">
        <ele>243.04</ele>
      </trkpt>
      <trkpt lat="45.0065" lon="-72.13346">
        <ele>242.93</ele>
      </trkpt>
      <trkpt lat="45.00643" lon="-72.13369">
        <ele>242.9</ele>
      </trkpt>
      <trkpt lat="45.00641" lon="-72.13396">
        <ele>242.94</ele>
      </trkpt>
      <trkpt lat="45.00642" lon="-72.13458">
        <ele>242.55</ele>
      </trkpt>
      <trkpt lat="45.00646" lon="-72.13489">
        <ele>242.32</ele>
      </trkpt>
      <trkpt lat="45.00668" lon="-72.13598">
        <ele>241.37</ele>
      </trkpt>
      <trkpt lat="45.0068267" lon="-72.1369333">
        <ele>240.67</ele>
      </trkpt>
      <trkpt lat="45.0069733" lon="-72.1378867">
        <ele>239.95</ele>
      </trkpt>
      <trkpt lat="45.00712" lon="-72.13884">
        <ele>238.96</ele>
      </trkpt>
      <trkpt lat="45.00735" lon="-72.13987">
        <ele>238.05</ele>
      </trkpt>
      <trkpt lat="45.007625" lon="-72.14073">
        <ele>237.64</ele>
      </trkpt>
      <trkpt lat="45.0079" lon="-72.14159">
        <ele>237.02</ele>
      </trkpt>
      <trkpt lat="45.00819" lon="-72.142615">
        <ele>235.38</ele>
      </trkpt>
      <trkpt lat="45.00848" lon="-72.14364">
        <ele>235.48</ele>
      </trkpt>
      <trkpt lat="45.0092325" lon="-72.1441225">
        <ele>234.23</ele>
      </trkpt>
      <trkpt lat="45.009985" lon="-72.144605">
        <ele>233.34</ele>
      </trkpt>
      <trkpt lat="45.0107375" lon="-72.1450875">
        <ele>232.53</ele>
      </trkpt>
      <trkpt lat="45.01149" lon="-72.14557">
        <ele>232.08</ele>
      </trkpt>
      <trkpt lat="45.0114534" lon="-72.1467233">
        <ele>231.41</ele>
      </trkpt>
      <trkpt lat="45.0114167" lon="-72.1478767">
        <ele>230.99</ele>
      </trkpt>
      <trkpt lat="45.0113801" lon="-72.14903">
        <ele>230.39</ele>
      </trkpt>
      <trkpt lat="45.0113434" lon="-72.1501833">
        <ele>230.12</ele>
      </trkpt>
      <trkpt lat="45.0113067" lon="-72.1513367">
        <ele>229.83</ele>
      </trkpt>
      <trkpt lat="45.01127" lon="-72.15249">
        <ele>229.55</ele>
      </trkpt>
      <trkpt lat="45.01124" lon="-72.153565">
        <ele>229.18</ele>
      </trkpt>
      <trkpt lat="45.01121" lon="-72.15464">
        <ele>228.86</ele>
      </trkpt>
      <trkpt lat="45.01118" lon="-72.155715">
        <ele>228.35</ele>
      </trkpt>
      <trkpt lat="45.01115" lon="-72.15679">
        <ele>227.35</ele>
      </trkpt>
      <trkpt lat="45.0111334" lon="-72.1580467">
        <ele>225.97</ele>
      </trkpt>
      <trkpt lat="45.0111167" lon="-72.1593033">
        <ele>225.8</ele>
      </trkpt>
      <trkpt lat="45.0111001" lon="-72.16056">
        <ele>223.87</ele>
      </trkpt>
      <trkpt lat="45.0110834" lon="-72.1618167">
        <ele>220.02</ele>
      </trkpt>
      <trkpt lat="45.0110667" lon="-72.1630733">
        <ele>221.81</ele>
      </trkpt>
      <trkpt lat="45.01105" lon="-72.16433">
        <ele>230.32</ele>
      </trkpt>
      <trkpt lat="45.01105" lon="-72.16434">
        <ele>230.39</ele>
      </trkpt>
      <trkpt lat="45.0110329" lon="-72.1654943">
        <ele>241.03</ele>
      </trkpt>
      <trkpt lat="45.0110158" lon="-72.1666486">
        <ele>246.43</ele>
      </trkpt>
      <trkpt lat="45.0109986" lon="-72.1678029">
        <ele>247.48</ele>
      </trkpt>
      <trkpt lat="45.0109815" lon="-72.1689571">
        <ele>242.93</ele>
      </trkpt>
      <trkpt lat="45.0109643" lon="-72.1701114">
        <ele>241.38</ele>
      </trkpt>
      <trkpt lat="45.0109472" lon="-72.1712657">
        <ele>234.94</ele>
      </trkpt>
      <trkpt lat="45.01093" lon="-72.17242">
        <ele>229.09</ele>
      </trkpt>
      <trkpt lat="45.0109475" lon="-72.17355">
        <ele>228.3</ele>
      </trkpt>
      <trkpt lat="45.010965" lon="-72.17468">
        <ele>232.37</ele>
      </trkpt>
      <trkpt lat="45.0109825" lon="-72.17581">
        <ele>238.04</ele>
      </trkpt>
      <trkpt lat="45.011" lon="-72.17694">
        <ele>247.33</ele>
      </trkpt>
      <trkpt lat="45.01099" lon="-72.1780267">
        <ele>253.39</ele>
      </trkpt>
      <trkpt lat="45.01098" lon="-72.1791133">
        <ele>256.49</ele>
      </trkpt>
      <trkpt lat="45.01097" lon="-72.1802">
        <ele>257.81</ele>
      </trkpt>
      <trkpt lat="45.01102" lon="-72.18067">
        <ele>257.63</ele>
      </trkpt>
      <trkpt lat="45.01098" lon="-72.18142">
        <ele>257.19</ele>
      </trkpt>
      <trkpt lat="45.01094" lon="-72.18217">
        <ele>260.2</ele>
      </trkpt>
      <trkpt lat="45.01095" lon="-72.1823">
        <ele>260.2</ele>
      </trkpt>
      <trkpt lat="45.0109375" lon="-72.1834375">
        <ele>265.54</ele>
      </trkpt>
      <trkpt lat="45.0109251" lon="-72.184575">
        <ele>266.97</ele>
      </trkpt>
      <trkpt lat="45.0109126" lon="-72.1857125">
        <ele>261.64</ele>
      </trkpt>
      <trkpt lat="45.0109001" lon="-72.18685">
        <ele>254.4</ele>
      </trkpt>
      <trkpt lat="45.0108876" lon="-72.1879875">
        <ele>247.91</ele>
      </trkpt>
      <trkpt lat="45.0108751" lon="-72.189125">
        <ele>244.86</ele>
      </trkpt>
      <trkpt lat="45.0108625" lon="-72.1902625">
        <ele>244.18</ele>
      </trkpt>
      <trkpt lat="45.01085" lon="-72.1914">
        <ele>245.05</ele>
      </trkpt>
      <trkpt lat="45.01086" lon="-72.1917">
        <ele>245.63</ele>
      </trkpt>
      <trkpt lat="45.01105" lon="-72.19265">
        <ele>237.39</ele>
      </trkpt>
      <trkpt lat="45.01109" lon="-72.19314">
        <ele>234.45</ele>
      </trkpt>
      <trkpt lat="45.01101" lon="-72.19421">
        <ele>224.7</ele>
      </trkpt>
      <trkpt lat="45.01084" lon="-72.19497">
        <ele>219.16</ele>
      </trkpt>
      <trkpt lat="45.01073" lon="-72.19619">
        <ele>217.52</ele>
      </trkpt>
      <trkpt lat="45.01058" lon="-72.19691">
        <ele>216.91</ele>
      </trkpt>
      <trkpt lat="45.01059" lon="-72.19775">
        <ele>216.76</ele>
      </trkpt>
      <trkpt lat="45.01062" lon="-72.19842">
        <ele>216.73</ele>
      </trkpt>
      <trkpt lat="45.01065" lon="-72.19909">
        <ele>216.8</ele>
      </trkpt>
      <trkpt lat="45.01066" lon="-72.1999733">
        <ele>216.91</ele>
      </trkpt>
      <trkpt lat="45.01067" lon="-72.2008567">
        <ele>217.91</ele>
      </trkpt>
      <trkpt lat="45.01068" lon="-72.20174">
        <ele>219.72</ele>
      </trkpt>
      <trkpt lat="45.01075" lon="-72.20231">
        <ele>221.26</ele>
      </trkpt>
      <trkpt lat="45.01081" lon="-72.20254">
        <ele>222.35</ele>
      </trkpt>
      <trkpt lat="45.01125" lon="-72.20354">
        <ele>229.01</ele>
      </trkpt>
      <trkpt lat="45.01174" lon="-72.20447">
        <ele>236.61</ele>
      </trkpt>
      <trkpt lat="45.01203" lon="-72.20518">
        <ele>241.69</ele>
      </trkpt>
      <trkpt lat="45.01211" lon="-72.20554">
        <ele>245.88</ele>
      </trkpt>
      <trkpt lat="45.01206" lon="-72.20599">
        <ele>253.26</ele>
      </trkpt>
      <trkpt lat="45.01205" lon="-72.2063">
        <ele>253.26</ele>
      </trkpt>
      <trkpt lat="45.0121" lon="-72.20644">
        <ele>255.11</ele>
      </trkpt>
      <trkpt lat="45.01218" lon="-72.20653">
        <ele>256.15</ele>
      </trkpt>
      <trkpt lat="45.01231" lon="-72.20662">
        <ele>257.4</ele>
      </trkpt>
      <trkpt lat="45.01258" lon="-72.20673">
        <ele>259.11</ele>
      </trkpt>
      <trkpt lat="45.01321" lon="-72.20694">
        <ele>262.02</ele>
      </trkpt>
      <trkpt lat="45.01404" lon="-72.20716">
        <ele>256.02</ele>
      </trkpt>
      <trkpt lat="45.01443" lon="-72.20729">
        <ele>253.57</ele>
      </trkpt>
      <trkpt lat="45.01474" lon="-72.20747">
        <ele>251.34</ele>
      </trkpt>
      <trkpt lat="45.01524" lon="-72.207655">
        <ele>244.87</ele>
      </trkpt>
      <trkpt lat="45.01574" lon="-72.20784">
        <ele>238.92</ele>
      </trkpt>
      <trkpt lat="45.01599" lon="-72.20796">
        <ele>236.36</ele>
      </trkpt>
      <trkpt lat="45.01649" lon="-72.20824">
        <ele>234.13</ele>
      </trkpt>
      <trkpt lat="45.01682" lon="-72.20848">
        <ele>234.17</ele>
      </trkpt>
      <trkpt lat="45.01682" lon="-72.20848">
        <ele>234.16</ele>
      </trkpt>
      <trkpt lat="45.01744" lon="-72.20899">
        <ele>233.79</ele>
      </trkpt>
      <trkpt lat="45.01793" lon="-72.209355">
        <ele>233.27</ele>
      </trkpt>
      <trkpt lat="45.01842" lon="-72.20972">
        <ele>232.74</ele>
      </trkpt>
      <trkpt lat="45.019055" lon="-72.21028">
        <ele>231.34</ele>
      </trkpt>
      <trkpt lat="45.01969" lon="-72.21084">
        <ele>227.24</ele>
      </trkpt>
      <trkpt lat="45.02004" lon="-72.2111">
        <ele>226.54</ele>
      </trkpt>
      <trkpt lat="45.02045" lon="-72.211365">
        <ele>225.95</ele>
      </trkpt>
      <trkpt lat="45.02086" lon="-72.21163">
        <ele>224.71</ele>
      </trkpt>
      <trkpt lat="45.02108" lon="-72.21167">
        <ele>224.44</ele>
      </trkpt>
      <trkpt lat="45.02128" lon="-72.21216">
        <ele>222.11</ele>
      </trkpt>
      <trkpt lat="45.02138" lon="-72.21231">
        <ele>221.39</ele>
      </trkpt>
      <trkpt lat="45.021775" lon="-72.212845">
        <ele>216.55</ele>
      </trkpt>
      <trkpt lat="45.02217" lon="-72.21338">
        <ele>214.14</ele>
      </trkpt>
      <trkpt lat="45.02241" lon="-72.21361">
        <ele>213.42</ele>
      </trkpt>
      <trkpt lat="45.02287" lon="-72.21397">
        <ele>212.46</ele>
      </trkpt>
      <trkpt lat="45.0232" lon="-72.21414">
        <ele>212.44</ele>
      </trkpt>
      <trkpt lat="45.02366" lon="-72.21427">
        <ele>212.95</ele>
      </trkpt>
      <trkpt lat="45.02447" lon="-72.2143">
        <ele>214.95</ele>
      </trkpt>
      <trkpt lat="45.02514" lon="-72.21422">
        <ele>216.68</ele>
      </trkpt>
      <trkpt lat="45.02583" lon="-72.2141467">
        <ele>218.4</ele>
      </trkpt>
      <trkpt lat="45.02652" lon="-72.2140733">
        <ele>220.42</ele>
      </trkpt>
      <trkpt lat="45.02721" lon="-72.214">
        <ele>222.9</ele>
      </trkpt>
      <trkpt lat="45.02757" lon="-72.21392">
        <ele>224.22</ele>
      </trkpt>
      <trkpt lat="45.028" lon="-72.21391">
        <ele>225.53</ele>
      </trkpt>
      <trkpt lat="45.02833" lon="-72.21391">
        <ele>227.79</ele>
      </trkpt>
      <trkpt lat="45.0288" lon="-72.21405">
        <ele>229.71</ele>
      </trkpt>
      <trkpt lat="45.02942" lon="-72.21442">
        <ele>230.75</ele>
      </trkpt>
      <trkpt lat="45.02974" lon="-72.21472">
        <ele>230.43</ele>
      </trkpt>
      <trkpt lat="45.02998" lon="-72.21504">
        <ele>229.56</ele>
      </trkpt>
      <trkpt lat="45.03013" lon="-72.2153">
        <ele>228.92</ele>
      </trkpt>
      <trkpt lat="45.03051" lon="-72.2160767">
        <ele>224.36</ele>
      </trkpt>
      <trkpt lat="45.03089" lon="-72.2168533">
        <ele>221.06</ele>
      </trkpt>
      <trkpt lat="45.03127" lon="-72.21763">
        <ele>219.77</ele>
      </trkpt>
      <trkpt lat="45.03146" lon="-72.21795">
        <ele>218.88</ele>
      </trkpt>
      <trkpt lat="45.03168" lon="-72.21826">
        <ele>218.36</ele>
      </trkpt>
      <trkpt lat="45.03188" lon="-72.21844">
        <ele>218.21</ele>
      </trkpt>
      <trkpt lat="45.03209" lon="-72.21854">
        <ele>218</ele>
      </trkpt>
      <trkpt lat="45.03262" lon="-72.21875">
        <ele>217.92</ele>
      </trkpt>
      <trkpt lat="45.033055" lon="-72.218975">
        <ele>218.96</ele>
      </trkpt>
      <trkpt lat="45.03349" lon="-72.2192">
        <ele>219.86</ele>
      </trkpt>
      <trkpt lat="45.03382" lon="-72.21942">
        <ele>221.74</ele>
      </trkpt>
      <trkpt lat="45.0343433" lon="-72.21987">
        <ele>225.13</ele>
      </trkpt>
      <trkpt lat="45.0348667" lon="-72.22032">
        <ele>229.08</ele>
      </trkpt>
      <trkpt lat="45.03539" lon="-72.22077">
        <ele>231.87</ele>
      </trkpt>
      <trkpt lat="45.03564" lon="-72.22103">
        <ele>232.63</ele>
      </trkpt>
      <trkpt lat="45.036095" lon="-72.221545">
        <ele>233.96</ele>
      </trkpt>
      <trkpt lat="45.03655" lon="-72.22206">
        <ele>235.04</ele>
      </trkpt>
      <trkpt lat="45.0367" lon="-72.22224">
        <ele>235.98</ele>
      </trkpt>
      <trkpt lat="45.03705" lon="-72.222845">
        <ele>236.22</ele>
      </trkpt>
      <trkpt lat="45.0374" lon="-72.22345">
        <ele>230.01</ele>
      </trkpt>
      <trkpt lat="45.03781" lon="-72.22426">
        <ele>226.24</ele>
      </trkpt>
      <trkpt lat="45.03832" lon="-72.22519">
        <ele>223.21</ele>
      </trkpt>
      <trkpt lat="45.03863" lon="-72.22585">
        <ele>221.94</ele>
      </trkpt>
      <trkpt lat="45.03894" lon="-72.22651">
        <ele>217.73</ele>
      </trkpt>
      <trkpt lat="45.03922" lon="-72.22703">
        <ele>212.05</ele>
      </trkpt>
      <trkpt lat="45.03944" lon="-72.22726">
        <ele>210.9</ele>
      </trkpt>
      <trkpt lat="45.03959" lon="-72.22733">
        <ele>210.84</ele>
      </trkpt>
      <trkpt lat="45.04009" lon="-72.22754">
        <ele>210.82</ele>
      </trkpt>
      <trkpt lat="45.04059" lon="-72.22775">
        <ele>214.01</ele>
      </trkpt>
      <trkpt lat="45.04107" lon="-72.22798">
        <ele>219.08</ele>
      </trkpt>
      <trkpt lat="45.04126" lon="-72.22803">
        <ele>223.92</ele>
      </trkpt>
      <trkpt lat="45.04168" lon="-72.22806">
        <ele>228.47</ele>
      </trkpt>
      <trkpt lat="45.04198" lon="-72.22804">
        <ele>231.66</ele>
      </trkpt>
      <trkpt lat="45.04226" lon="-72.22797">
        <ele>234.08</ele>
      </trkpt>
      <trkpt lat="45.04282" lon="-72.22785">
        <ele>237.13</ele>
      </trkpt>
      <trkpt lat="45.04337" lon="-72.227775">
        <ele>237.02</ele>
      </trkpt>
      <trkpt lat="45.04392" lon="-72.2277">
        <ele>237.58</ele>
      </trkpt>
      <trkpt lat="45.04439" lon="-72.22762">
        <ele>235.73</ele>
      </trkpt>
      <trkpt lat="45.04472" lon="-72.22749">
        <ele>233.34</ele>
      </trkpt>
      <trkpt lat="45.0454" lon="-72.227175">
        <ele>232.25</ele>
      </trkpt>
      <trkpt lat="45.04608" lon="-72.22686">
        <ele>237.06</ele>
      </trkpt>
      <trkpt lat="45.04683" lon="-72.226546">
        <ele>241.84</ele>
      </trkpt>
      <trkpt lat="45.04758" lon="-72.226232">
        <ele>250.15</ele>
      </trkpt>
      <trkpt lat="45.04833" lon="-72.225918">
        <ele>254.6</ele>
      </trkpt>
      <trkpt lat="45.04908" lon="-72.225604">
        <ele>257.94</ele>
      </trkpt>
      <trkpt lat="45.04983" lon="-72.22529">
        <ele>263.63</ele>
      </trkpt>
      <trkpt lat="45.05027" lon="-72.22512">
        <ele>265.39</ele>
      </trkpt>
      <trkpt lat="45.05079" lon="-72.224975">
        <ele>266.17</ele>
      </trkpt>
      <trkpt lat="45.05131" lon="-72.22483">
        <ele>263.85</ele>
      </trkpt>
      <trkpt lat="45.05169" lon="-72.22467">
        <ele>260.42</ele>
      </trkpt>
      <trkpt lat="45.05168" lon="-72.22467">
        <ele>260.45</ele>
      </trkpt>
      <trkpt lat="45.052" lon="-72.22454">
        <ele>259.81</ele>
      </trkpt>
      <trkpt lat="45.05272" lon="-72.22421">
        <ele>262.47</ele>
      </trkpt>
      <trkpt lat="45.05331" lon="-72.22386">
        <ele>264.68</ele>
      </trkpt>
      <trkpt lat="45.0539" lon="-72.22351">
        <ele>264.73</ele>
      </trkpt>
      <trkpt lat="45.05463" lon="-72.22314">
        <ele>262.62</ele>
      </trkpt>
      <trkpt lat="45.05503" lon="-72.223">
        <ele>260.21</ele>
      </trkpt>
      <trkpt lat="45.05562" lon="-72.22287">
        <ele>253.21</ele>
      </trkpt>
      <trkpt lat="45.056305" lon="-72.222585">
        <ele>242.73</ele>
      </trkpt>
      <trkpt lat="45.05699" lon="-72.2223">
        <ele>238.2</ele>
      </trkpt>
      <trkpt lat="45.05756" lon="-72.22202">
        <ele>238.02</ele>
      </trkpt>
      <trkpt lat="45.0581" lon="-72.22171">
        <ele>239.48</ele>
      </trkpt>
      <trkpt lat="45.05844" lon="-72.22143">
        <ele>240.17</ele>
      </trkpt>
      <trkpt lat="45.05893" lon="-72.22078">
        <ele>241.13</ele>
      </trkpt>
      <trkpt lat="45.05909" lon="-72.22062">
        <ele>241.48</ele>
      </trkpt>
      <trkpt lat="45.05939" lon="-72.22041">
        <ele>244.18</ele>
      </trkpt>
      <trkpt lat="45.05978" lon="-72.22014">
        <ele>249.86</ele>
      </trkpt>
      <trkpt lat="45.060375" lon="-72.21978">
        <ele>256.2</ele>
      </trkpt>
      <trkpt lat="45.06097" lon="-72.21942">
        <ele>259.25</ele>
      </trkpt>
      <trkpt lat="45.06167" lon="-72.21902">
        <ele>263.15</ele>
      </trkpt>
      <trkpt lat="45.06237" lon="-72.21862">
        <ele>266.31</ele>
      </trkpt>
      <trkpt lat="45.062905" lon="-72.218285">
        <ele>267.12</ele>
      </trkpt>
      <trkpt lat="45.06344" lon="-72.21795">
        <ele>268.17</ele>
      </trkpt>
      <trkpt lat="45.06387" lon="-72.217635">
        <ele>268.8</ele>
      </trkpt>
      <trkpt lat="45.0643" lon="-72.21732">
        <ele>269.25</ele>
      </trkpt>
      <trkpt lat="45.06461" lon="-72.21704">
        <ele>269.85</ele>
      </trkpt>
      <trkpt lat="45.06514" lon="-72.2166">
        <ele>270.38</ele>
      </trkpt>
      <trkpt lat="45.06582" lon="-72.21611">
        <ele>270.96</ele>
      </trkpt>
      <trkpt lat="45.06648" lon="-72.215525">
        <ele>271.41</ele>
      </trkpt>
      <trkpt lat="45.06714" lon="-72.21494">
        <ele>269.72</ele>
      </trkpt>
      <trkpt lat="45.06762" lon="-72.21454">
        <ele>268.37</ele>
      </trkpt>
      <trkpt lat="45.06817" lon="-72.213985">
        <ele>268.03</ele>
      </trkpt>
      <trkpt lat="45.06872" lon="-72.21343">
        <ele>262.66</ele>
      </trkpt>
      <trkpt lat="45.06914" lon="-72.213045">
        <ele>262.27</ele>
      </trkpt>
      <trkpt lat="45.06956" lon="-72.21266">
        <ele>267.07</ele>
      </trkpt>
      <trkpt lat="45.0700833" lon="-72.2122167">
        <ele>270.14</ele>
      </trkpt>
      <trkpt lat="45.0706067" lon="-72.2117733">
        <ele>273.91</ele>
      </trkpt>
      <trkpt lat="45.07113" lon="-72.21133">
        <ele>276.17</ele>
      </trkpt>
      <trkpt lat="45.07158" lon="-72.211015">
        <ele>276.43</ele>
      </trkpt>
      <trkpt lat="45.07203" lon="-72.2107">
        <ele>275.77</ele>
      </trkpt>
      <trkpt lat="45.07277" lon="-72.21024">
        <ele>275.04</ele>
      </trkpt>
      <trkpt lat="45.073375" lon="-72.209875">
        <ele>274.06</ele>
      </trkpt>
      <trkpt lat="45.07398" lon="-72.20951">
        <ele>272.24</ele>
      </trkpt>
      <trkpt lat="45.07474" lon="-72.20912">
        <ele>270.59</ele>
      </trkpt>
      <trkpt lat="45.07521" lon="-72.20883">
        <ele>270.13</ele>
      </trkpt>
      <trkpt lat="45.07568" lon="-72.20854">
        <ele>270.54</ele>
      </trkpt>
      <trkpt lat="45.07613" lon="-72.20825">
        <ele>271.56</ele>
      </trkpt>
      <trkpt lat="45.07658" lon="-72.20796">
        <ele>272.33</ele>
      </trkpt>
      <trkpt lat="45.0772867" lon="-72.2074833">
        <ele>272.7</ele>
      </trkpt>
      <trkpt lat="45.0779933" lon="-72.2070067">
        <ele>272.23</ele>
      </trkpt>
      <trkpt lat="45.0787" lon="-72.20653">
        <ele>271.24</ele>
      </trkpt>
      <trkpt lat="45.079175" lon="-72.20616">
        <ele>269.84</ele>
      </trkpt>
      <trkpt lat="45.07965" lon="-72.20579">
        <ele>269.29</ele>
      </trkpt>
      <trkpt lat="45.07984" lon="-72.20559">
        <ele>268.94</ele>
      </trkpt>
      <trkpt lat="45.08007" lon="-72.20528">
        <ele>268.8</ele>
      </trkpt>
      <trkpt lat="45.08021" lon="-72.205">
        <ele>268.81</ele>
      </trkpt>
      <trkpt lat="45.08033" lon="-72.20465">
        <ele>268.96</ele>
      </trkpt>
      <trkpt lat="45.0805733" lon="-72.20375">
        <ele>268.57</ele>
      </trkpt>
      <trkpt lat="45.0808167" lon="-72.20285">
        <ele>266.81</ele>
      </trkpt>
      <trkpt lat="45.08106" lon="-72.20195">
        <ele>265.75</ele>
      </trkpt>
      <trkpt lat="45.08131" lon="-72.2011">
        <ele>265.22</ele>
      </trkpt>
      <trkpt lat="45.08156" lon="-72.20025">
        <ele>265.47</ele>
      </trkpt>
      <trkpt lat="45.0817" lon="-72.19961">
        <ele>266.04</ele>
      </trkpt>
      <trkpt lat="45.08175" lon="-72.1991">
        <ele>266.56</ele>
      </trkpt>
      <trkpt lat="45.08169" lon="-72.19791">
        <ele>265.96</ele>
      </trkpt>
      <trkpt lat="45.08227" lon="-72.19766">
        <ele>263.34</ele>
      </trkpt>
      <trkpt lat="45.08278" lon="-72.19751">
        <ele>262.19</ele>
      </trkpt>
      <trkpt lat="45.08329" lon="-72.19736">
        <ele>259.32</ele>
      </trkpt>
      <trkpt lat="45.08376" lon="-72.19714">
        <ele>259.25</ele>
      </trkpt>
      <trkpt lat="45.08437" lon="-72.19699">
        <ele>259.09</ele>
      </trkpt>
      <trkpt lat="45.08455" lon="-72.19692">
        <ele>259.03</ele>
      </trkpt>
      <trkpt lat="45.08531" lon="-72.1965">
        <ele>257.64</ele>
      </trkpt>
      <trkpt lat="45.0853" lon="-72.1965">
        <ele>257.64</ele>
      </trkpt>
      <trkpt lat="45.08594" lon="-72.196145">
        <ele>257.87</ele>
      </trkpt>
      <trkpt lat="45.08658" lon="-72.19579">
        <ele>259.87</ele>
      </trkpt>
      <trkpt lat="45.08705" lon="-72.1955">
        <ele>260.93</ele>
      </trkpt>
      <trkpt lat="45.0877333" lon="-72.19499">
        <ele>259.48</ele>
      </trkpt>
      <trkpt lat="45.0884167" lon="-72.19448">
        <ele>258.5</ele>
      </trkpt>
      <trkpt lat="45.0891" lon="-72.19397">
        <ele>256.15</ele>
      </trkpt>
      <trkpt lat="45.089586" lon="-72.194994">
        <ele>248.26</ele>
      </trkpt>
      <trkpt lat="45.090072" lon="-72.1960179">
        <ele>236.34</ele>
      </trkpt>
      <trkpt lat="45.090558" lon="-72.1970419">
        <ele>229.74</ele>
      </trkpt>
      <trkpt lat="45.091044" lon="-72.198066">
        <ele>221.06</ele>
      </trkpt>
      <trkpt lat="45.09153" lon="-72.19909">
        <ele>215.91</ele>
      </trkpt>
      <trkpt lat="45.09177" lon="-72.19942">
        <ele>214.8</ele>
      </trkpt>
      <trkpt lat="45.09196" lon="-72.19965">
        <ele>214.44</ele>
      </trkpt>
      <trkpt lat="45.09233" lon="-72.20002">
        <ele>214.74</ele>
      </trkpt>
      <trkpt lat="45.09248" lon="-72.20013">
        <ele>214.82</ele>
      </trkpt>
      <trkpt lat="45.0928" lon="-72.2003">
        <ele>215.13</ele>
      </trkpt>
      <trkpt lat="45.09314" lon="-72.20044">
        <ele>215.35</ele>
      </trkpt>
      <trkpt lat="45.0935" lon="-72.20053">
        <ele>216.04</ele>
      </trkpt>
      <trkpt lat="45.09394" lon="-72.20049">
        <ele>216.97</ele>
      </trkpt>
      <trkpt lat="45.09429" lon="-72.20041">
        <ele>218.38</ele>
      </trkpt>
      <trkpt lat="45.09435" lon="-72.20063">
        <ele>219.4</ele>
      </trkpt>
      <trkpt lat="45.09441" lon="-72.20108">
        <ele>220.73</ele>
      </trkpt>
      <trkpt lat="45.09439" lon="-72.20138">
        <ele>223.03</ele>
      </trkpt>
      <trkpt lat="45.09428" lon="-72.20183">
        <ele>224.36</ele>
      </trkpt>
      <trkpt lat="45.0942" lon="-72.20205">
        <ele>224.99</ele>
      </trkpt>
      <trkpt lat="45.09403" lon="-72.20264">
        <ele>225.94</ele>
      </trkpt>
      <trkpt lat="45.09393" lon="-72.20286">
        <ele>226.72</ele>
      </trkpt>
      <trkpt lat="45.09378" lon="-72.20303">
        <ele>226.94</ele>
      </trkpt>
      <trkpt lat="45.09413" lon="-72.20365">
        <ele>233</ele>
      </trkpt>
      <trkpt lat="45.09418" lon="-72.20393">
        <ele>235.92</ele>
      </trkpt>
      <trkpt lat="45.09416" lon="-72.20412">
        <ele>235.92</ele>
      </trkpt>
      <trkpt lat="45.09404" lon="-72.20442">
        <ele>238.95</ele>
      </trkpt>
      <trkpt lat="45.09352" lon="-72.20545">
        <ele>247.77</ele>
      </trkpt>
      <trkpt lat="45.09328" lon="-72.206125">
        <ele>254.49</ele>
      </trkpt>
      <trkpt lat="45.09304" lon="-72.2068">
        <ele>261.29</ele>
      </trkpt>
      <trkpt lat="45.09279" lon="-72.207385">
        <ele>266.26</ele>
      </trkpt>
      <trkpt lat="45.09254" lon="-72.20797">
        <ele>271.25</ele>
      </trkpt>
      <trkpt lat="45.09214" lon="-72.20872">
        <ele>279.17</ele>
      </trkpt>
      <trkpt lat="45.09205" lon="-72.20899">
        <ele>281.19</ele>
      </trkpt>
      <trkpt lat="45.092" lon="-72.20934">
        <ele>282.83</ele>
      </trkpt>
      <trkpt lat="45.092" lon="-72.20962">
        <ele>284.15</ele>
      </trkpt>
      <trkpt lat="45.09211" lon="-72.21042">
        <ele>288.33</ele>
      </trkpt>
      <trkpt lat="45.09234" lon="-72.211565">
        <ele>296.01</ele>
      </trkpt>
      <trkpt lat="45.09257" lon="-72.21271">
        <ele>309.22</ele>
      </trkpt>
      <trkpt lat="45.092785" lon="-72.213515">
        <ele>315.86</ele>
      </trkpt>
      <trkpt lat="45.093" lon="-72.21432">
        <ele>320.58</ele>
      </trkpt>
      <trkpt lat="45.0932" lon="-72.21486">
        <ele>326.16</ele>
      </trkpt>
      <trkpt lat="45.09248" lon="-72.2155075">
        <ele>327.16</ele>
      </trkpt>
      <trkpt lat="45.09176" lon="-72.216155">
        <ele>325.23</ele>
      </trkpt>
      <trkpt lat="45.09104" lon="-72.2168025">
        <ele>324.9</ele>
      </trkpt>
      <trkpt lat="45.09032" lon="-72.21745">
        <ele>330.83</ele>
      </trkpt>
      <trkpt lat="45.089685" lon="-72.217985">
        <ele>334.24</ele>
      </trkpt>
      <trkpt lat="45.08905" lon="-72.21852">
        <ele>332.25</ele>
      </trkpt>
      <trkpt lat="45.0884067" lon="-72.2190067">
        <ele>332.35</ele>
      </trkpt>
      <trkpt lat="45.0877633" lon="-72.2194933">
        <ele>334.96</ele>
      </trkpt>
      <trkpt lat="45.08712" lon="-72.21998">
        <ele>336.53</ele>
      </trkpt>
      <trkpt lat="45.08711" lon="-72.21999">
        <ele>336.58</ele>
      </trkpt>
      <trkpt lat="45.08666" lon="-72.22033">
        <ele>337.74</ele>
      </trkpt>
      <trkpt lat="45.08616" lon="-72.22085">
        <ele>335.46</ele>
      </trkpt>
      <trkpt lat="45.08587" lon="-72.22121">
        <ele>334.34</ele>
      </trkpt>
      <trkpt lat="45.085376" lon="-72.22206">
        <ele>334.18</ele>
      </trkpt>
      <trkpt lat="45.084882" lon="-72.22291">
        <ele>333.23</ele>
      </trkpt>
      <trkpt lat="45.084388" lon="-72.22376">
        <ele>333.3</ele>
      </trkpt>
      <trkpt lat="45.083894" lon="-72.22461">
        <ele>337.98</ele>
      </trkpt>
      <trkpt lat="45.0834" lon="-72.22546">
        <ele>343.55</ele>
      </trkpt>
      <trkpt lat="45.08314" lon="-72.226">
        <ele>345.24</ele>
      </trkpt>
      <trkpt lat="45.08304" lon="-72.22628">
        <ele>345.71</ele>
      </trkpt>
      <trkpt lat="45.08296" lon="-72.22668">
        <ele>345.86</ele>
      </trkpt>
      <trkpt lat="45.08291" lon="-72.22735">
        <ele>346.48</ele>
      </trkpt>
      <trkpt lat="45.08296" lon="-72.22784">
        <ele>348.41</ele>
      </trkpt>
      <trkpt lat="45.08311" lon="-72.22842">
        <ele>352.13</ele>
      </trkpt>
      <trkpt lat="45.08336" lon="-72.22897">
        <ele>354.99</ele>
      </trkpt>
      <trkpt lat="45.08345" lon="-72.22913">
        <ele>355.48</ele>
      </trkpt>
      <trkpt lat="45.08357" lon="-72.22923">
        <ele>355.89</ele>
      </trkpt>
      <trkpt lat="45.08399" lon="-72.22945">
        <ele>357.31</ele>
      </trkpt>
      <trkpt lat="45.08426" lon="-72.22964">
        <ele>358.41</ele>
      </trkpt>
      <trkpt lat="45.08441" lon="-72.2298">
        <ele>359.95</ele>
      </trkpt>
      <trkpt lat="45.08454" lon="-72.22995">
        <ele>361.55</ele>
      </trkpt>
      <trkpt lat="45.084785" lon="-72.23052">
        <ele>365.8</ele>
      </trkpt>
      <trkpt lat="45.08503" lon="-72.23109">
        <ele>369.37</ele>
      </trkpt>
      <trkpt lat="45.08513" lon="-72.23133">
        <ele>369.52</ele>
      </trkpt>
      <trkpt lat="45.08519" lon="-72.23155">
        <ele>369.44</ele>
      </trkpt>
      <trkpt lat="45.08523" lon="-72.23178">
        <ele>369.19</ele>
      </trkpt>
      <trkpt lat="45.08525" lon="-72.23243">
        <ele>368.46</ele>
      </trkpt>
      <trkpt lat="45.08527" lon="-72.23308">
        <ele>368.67</ele>
      </trkpt>
      <trkpt lat="45.085265" lon="-72.2340975">
        <ele>369.31</ele>
      </trkpt>
      <trkpt lat="45.08526" lon="-72.235115">
        <ele>368.59</ele>
      </trkpt>
      <trkpt lat="45.085255" lon="-72.2361325">
        <ele>368.08</ele>
      </trkpt>
      <trkpt lat="45.08525" lon="-72.23715">
        <ele>366.61</ele>
      </trkpt>
      <trkpt lat="45.08529" lon="-72.238404">
        <ele>366.4</ele>
      </trkpt>
      <trkpt lat="45.08533" lon="-72.239658">
        <ele>362.73</ele>
      </trkpt>
      <trkpt lat="45.08537" lon="-72.240912">
        <ele>355.21</ele>
      </trkpt>
      <trkpt lat="45.08541" lon="-72.242166">
        <ele>354.8</ele>
      </trkpt>
      <trkpt lat="45.08545" lon="-72.24342">
        <ele>357.14</ele>
      </trkpt>
      <trkpt lat="45.0854633" lon="-72.24436">
        <ele>364.11</ele>
      </trkpt>
      <trkpt lat="45.0854767" lon="-72.2453">
        <ele>368.33</ele>
      </trkpt>
      <trkpt lat="45.08549" lon="-72.24624">
        <ele>374.66</ele>
      </trkpt>
      <trkpt lat="45.08554" lon="-72.24655">
        <ele>375.25</ele>
      </trkpt>
      <trkpt lat="45.08555" lon="-72.2475333">
        <ele>374.33</ele>
      </trkpt>
      <trkpt lat="45.08556" lon="-72.2485167">
        <ele>368.19</ele>
      </trkpt>
      <trkpt lat="45.08557" lon="-72.2495">
        <ele>361.84</ele>
      </trkpt>
      <trkpt lat="45.08558" lon="-72.25067">
        <ele>356</ele>
      </trkpt>
      <trkpt lat="45.08568" lon="-72.25145">
        <ele>352.21</ele>
      </trkpt>
      <trkpt lat="45.086295" lon="-72.251415">
        <ele>347.82</ele>
      </trkpt>
      <trkpt lat="45.08691" lon="-72.25138">
        <ele>346.85</ele>
      </trkpt>
      <trkpt lat="45.0874" lon="-72.251365">
        <ele>345.25</ele>
      </trkpt>
      <trkpt lat="45.08789" lon="-72.25135">
        <ele>343.97</ele>
      </trkpt>
      <trkpt lat="45.088495" lon="-72.25137">
        <ele>341.5</ele>
      </trkpt>
      <trkpt lat="45.0891" lon="-72.25139">
        <ele>338.47</ele>
      </trkpt>
      <trkpt lat="45.08961" lon="-72.25141">
        <ele>334.94</ele>
      </trkpt>
      <trkpt lat="45.09012" lon="-72.25143">
        <ele>333.25</ele>
      </trkpt>
      <trkpt lat="45.09074" lon="-72.25152">
        <ele>330.72</ele>
      </trkpt>
      <trkpt lat="45.09124" lon="-72.25152">
        <ele>329.9</ele>
      </trkpt>
      <trkpt lat="45.0917" lon="-72.25147">
        <ele>329.04</ele>
      </trkpt>
      <trkpt lat="45.09238" lon="-72.25143">
        <ele>326.93</ele>
      </trkpt>
      <trkpt lat="45.09293" lon="-72.25147">
        <ele>323.52</ele>
      </trkpt>
      <trkpt lat="45.09367" lon="-72.25157">
        <ele>316.05</ele>
      </trkpt>
      <trkpt lat="45.09452" lon="-72.25161">
        <ele>308.96</ele>
      </trkpt>
      <trkpt lat="45.09536" lon="-72.25162">
        <ele>301.5</ele>
      </trkpt>
      <trkpt lat="45.09623" lon="-72.25157">
        <ele>289.19</ele>
      </trkpt>
      <trkpt lat="45.09695" lon="-72.251588">
        <ele>291.76</ele>
      </trkpt>
      <trkpt lat="45.09767" lon="-72.251606">
        <ele>289.65</ele>
      </trkpt>
      <trkpt lat="45.09839" lon="-72.251624">
        <ele>291.92</ele>
      </trkpt>
      <trkpt lat="45.09911" lon="-72.251642">
        <ele>297.48</ele>
      </trkpt>
      <trkpt lat="45.09983" lon="-72.25166">
        <ele>299.07</ele>
      </trkpt>
      <trkpt lat="45.09983" lon="-72.25166">
        <ele>299.08</ele>
      </trkpt>
      <trkpt lat="45.09998" lon="-72.25166">
        <ele>298.81</ele>
      </trkpt>
      <trkpt lat="45.10064" lon="-72.25173">
        <ele>296.78</ele>
      </trkpt>
      <trkpt lat="45.1013" lon="-72.2518">
        <ele>290.53</ele>
      </trkpt>
      <trkpt lat="45.10148" lon="-72.25179">
        <ele>289.16</ele>
      </trkpt>
      <trkpt lat="45.10173" lon="-72.2517">
        <ele>288.37</ele>
      </trkpt>
      <trkpt lat="45.10189" lon="-72.25167">
        <ele>287.93</ele>
      </trkpt>
      <trkpt lat="45.10209" lon="-72.25166">
        <ele>287.48</ele>
      </trkpt>
      <trkpt lat="45.10245" lon="-72.25171">
        <ele>287.42</ele>
      </trkpt>
      <trkpt lat="45.103025" lon="-72.251725">
        <ele>287.64</ele>
      </trkpt>
      <trkpt lat="45.1036" lon="-72.25174">
        <ele>286.39</ele>
      </trkpt>
      <trkpt lat="45.10398" lon="-72.25189">
        <ele>285.01</ele>
      </trkpt>
      <trkpt lat="45.10432" lon="-72.25215">
        <ele>283.86</ele>
      </trkpt>
      <trkpt lat="45.1045" lon="-72.2522">
        <ele>283.86</ele>
      </trkpt>
      <trkpt lat="45.105" lon="-72.25219">
        <ele>282.38</ele>
      </trkpt>
      <trkpt lat="45.10527" lon="-72.2521">
        <ele>281.14</ele>
      </trkpt>
      <trkpt lat="45.10546" lon="-72.25206">
        <ele>280.29</ele>
      </trkpt>
      <trkpt lat="45.10575" lon="-72.25184">
        <ele>279.47</ele>
      </trkpt>
      <trkpt lat="45.1059" lon="-72.25176">
        <ele>279.32</ele>
      </trkpt>
      <trkpt lat="45.10617" lon="-72.25175">
        <ele>279.05</ele>
      </trkpt>
      <trkpt lat="45.10685" lon="-72.25179">
        <ele>277.2</ele>
      </trkpt>
      <trkpt lat="45.1071" lon="-72.25183">
        <ele>277.43</ele>
      </trkpt>
      <trkpt lat="45.10762" lon="-72.25196">
        <ele>276.05</ele>
      </trkpt>
      <trkpt lat="45.10831" lon="-72.25246">
        <ele>269.21</ele>
      </trkpt>
      <trkpt lat="45.10854" lon="-72.25246">
        <ele>266.09</ele>
      </trkpt>
      <trkpt lat="45.10873" lon="-72.25241">
        <ele>262.99</ele>
      </trkpt>
      <trkpt lat="45.10941" lon="-72.25215">
        <ele>257.04</ele>
      </trkpt>
      <trkpt lat="45.10965" lon="-72.25207">
        <ele>255.75</ele>
      </trkpt>
      <trkpt lat="45.1101" lon="-72.25206">
        <ele>252.78</ele>
      </trkpt>
      <trkpt lat="45.11055" lon="-72.25205">
        <ele>247.12</ele>
      </trkpt>
      <trkpt lat="45.11119" lon="-72.25215">
        <ele>242.29</ele>
      </trkpt>
      <trkpt lat="45.111885" lon="-72.252175">
        <ele>240.76</ele>
      </trkpt>
      <trkpt lat="45.11258" lon="-72.2522">
        <ele>240.54</ele>
      </trkpt>
      <trkpt lat="45.11291" lon="-72.2522">
        <ele>240.27</ele>
      </trkpt>
      <trkpt lat="45.1133" lon="-72.2522">
        <ele>239.94</ele>
      </trkpt>
      <trkpt lat="45.11412" lon="-72.25215">
        <ele>239</ele>
      </trkpt>
      <trkpt lat="45.11459" lon="-72.25206">
        <ele>239.11</ele>
      </trkpt>
      <trkpt lat="45.11501" lon="-72.25202">
        <ele>241.47</ele>
      </trkpt>
      <trkpt lat="45.11531" lon="-72.25202">
        <ele>244.75</ele>
      </trkpt>
      <trkpt lat="45.11579" lon="-72.25206">
        <ele>247.34</ele>
      </trkpt>
      <trkpt lat="45.11663" lon="-72.25203">
        <ele>245.16</ele>
      </trkpt>
      <trkpt lat="45.11698" lon="-72.25205">
        <ele>241.79</ele>
      </trkpt>
      <trkpt lat="45.11732" lon="-72.25201">
        <ele>237.81</ele>
      </trkpt>
      <trkpt lat="45.11752" lon="-72.25196">
        <ele>235.98</ele>
      </trkpt>
      <trkpt lat="45.11772" lon="-72.25185">
        <ele>235.32</ele>
      </trkpt>
      <trkpt lat="45.11824" lon="-72.25152">
        <ele>236.78</ele>
      </trkpt>
      <trkpt lat="45.11899" lon="-72.25095">
        <ele>236.89</ele>
      </trkpt>
      <trkpt lat="45.11957" lon="-72.25049">
        <ele>230.2</ele>
      </trkpt>
      <trkpt lat="45.11994" lon="-72.25028">
        <ele>227.36</ele>
      </trkpt>
      <trkpt lat="45.12016" lon="-72.25023">
        <ele>226.25</ele>
      </trkpt>
      <trkpt lat="45.12047" lon="-72.25022">
        <ele>225.54</ele>
      </trkpt>
      <trkpt lat="45.12091" lon="-72.25033">
        <ele>227.26</ele>
      </trkpt>
      <trkpt lat="45.12146" lon="-72.25058">
        <ele>235.06</ele>
      </trkpt>
      <trkpt lat="45.12168" lon="-72.25072">
        <ele>237.38</ele>
      </trkpt>
      <trkpt lat="45.12205" lon="-72.25108">
        <ele>240.24</ele>
      </trkpt>
      <trkpt lat="45.12243" lon="-72.25131">
        <ele>242.49</ele>
      </trkpt>
      <trkpt lat="45.12276" lon="-72.25147">
        <ele>245.55</ele>
      </trkpt>
      <trkpt lat="45.12323" lon="-72.251495">
        <ele>252.65</ele>
      </trkpt>
      <trkpt lat="45.1237" lon="-72.25152">
        <ele>259.95</ele>
      </trkpt>
      <trkpt lat="45.12395" lon="-72.25162">
        <ele>263.83</ele>
      </trkpt>
      <trkpt lat="45.12437" lon="-72.25185">
        <ele>268.52</ele>
      </trkpt>
      <trkpt lat="45.1245" lon="-72.25195">
        <ele>269.12</ele>
      </trkpt>
      <trkpt lat="45.12472" lon="-72.25205">
        <ele>270.05</ele>
      </trkpt>
      <trkpt lat="45.12494" lon="-72.25207">
        <ele>270.97</ele>
      </trkpt>
      <trkpt lat="45.125825" lon="-72.2521">
        <ele>275.24</ele>
      </trkpt>
      <trkpt lat="45.12671" lon="-72.25213">
        <ele>276.82</ele>
      </trkpt>
      <trkpt lat="45.127525" lon="-72.252105">
        <ele>278.84</ele>
      </trkpt>
      <trkpt lat="45.12834" lon="-72.25208">
        <ele>280.59</ele>
      </trkpt>
      <trkpt lat="45.12896" lon="-72.251945">
        <ele>280.68</ele>
      </trkpt>
      <trkpt lat="45.12958" lon="-72.25181">
        <ele>281.23</ele>
      </trkpt>
      <trkpt lat="45.130315" lon="-72.25162">
        <ele>281.82</ele>
      </trkpt>
      <trkpt lat="45.13105" lon="-72.25143">
        <ele>280.71</ele>
      </trkpt>
      <trkpt lat="45.13172" lon="-72.2513">
        <ele>274.69</ele>
      </trkpt>
      <trkpt lat="45.1322" lon="-72.25117">
        <ele>270.41</ele>
      </trkpt>
      <trkpt lat="45.13256" lon="-72.25112">
        <ele>268.94</ele>
      </trkpt>
      <trkpt lat="45.1331" lon="-72.25117">
        <ele>264.83</ele>
      </trkpt>
      <trkpt lat="45.13366" lon="-72.2513">
        <ele>261.98</ele>
      </trkpt>
      <trkpt lat="45.13422" lon="-72.25143">
        <ele>258.81</ele>
      </trkpt>
      <trkpt lat="45.13422" lon="-72.25143">
        <ele>258.93</ele>
      </trkpt>
      <trkpt lat="45.13479" lon="-72.25157">
        <ele>253.64</ele>
      </trkpt>
      <trkpt lat="45.1353" lon="-72.25166">
        <ele>246.76</ele>
      </trkpt>
      <trkpt lat="45.1357" lon="-72.25166">
        <ele>241.77</ele>
      </trkpt>
      <trkpt lat="45.13646" lon="-72.25171">
        <ele>236.89</ele>
      </trkpt>
      <trkpt lat="45.136945" lon="-72.251725">
        <ele>231.94</ele>
      </trkpt>
      <trkpt lat="45.13743" lon="-72.25174">
        <ele>228.7</ele>
      </trkpt>
      <trkpt lat="45.13782" lon="-72.2517">
        <ele>224.14</ele>
      </trkpt>
      <trkpt lat="45.13815" lon="-72.25174">
        <ele>219.69</ele>
      </trkpt>
      <trkpt lat="45.13837" lon="-72.25179">
        <ele>218.25</ele>
      </trkpt>
      <trkpt lat="45.13895" lon="-72.25207">
        <ele>213.45</ele>
      </trkpt>
      <trkpt lat="45.13923" lon="-72.25242">
        <ele>212.38</ele>
      </trkpt>
      <trkpt lat="45.13954" lon="-72.2527">
        <ele>212.74</ele>
      </trkpt>
      <trkpt lat="45.13965" lon="-72.25277">
        <ele>212.92</ele>
      </trkpt>
      <trkpt lat="45.13985" lon="-72.25277">
        <ele>213.34</ele>
      </trkpt>
      <trkpt lat="45.14002" lon="-72.25269">
        <ele>214</ele>
      </trkpt>
      <trkpt lat="45.14059" lon="-72.25235">
        <ele>217.08</ele>
      </trkpt>
      <trkpt lat="45.1402" lon="-72.2513">
        <ele>219.65</ele>
      </trkpt>
      <trkpt lat="45.14006" lon="-72.25067">
        <ele>223.21</ele>
      </trkpt>
      <trkpt lat="45.13976" lon="-72.24982">
        <ele>227.83</ele>
      </trkpt>
      <trkpt lat="45.13968" lon="-72.24901">
        <ele>228.94</ele>
      </trkpt>
      <trkpt lat="45.13963" lon="-72.2481167">
        <ele>229.74</ele>
      </trkpt>
      <trkpt lat="45.13958" lon="-72.2472233">
        <ele>231.85</ele>
      </trkpt>
      <trkpt lat="45.13953" lon="-72.24633">
        <ele>235.8</ele>
      </trkpt>
      <trkpt lat="45.13946" lon="-72.2455">
        <ele>237.09</ele>
      </trkpt>
      <trkpt lat="45.13939" lon="-72.24467">
        <ele>237.55</ele>
      </trkpt>
      <trkpt lat="45.13921" lon="-72.24346">
        <ele>239.42</ele>
      </trkpt>
      <trkpt lat="45.13906" lon="-72.242605">
        <ele>242.21</ele>
      </trkpt>
      <trkpt lat="45.13891" lon="-72.24175">
        <ele>245.61</ele>
      </trkpt>
      <trkpt lat="45.13883" lon="-72.24127">
        <ele>248.83</ele>
      </trkpt>
      <trkpt lat="45.13875" lon="-72.24091">
        <ele>251.76</ele>
      </trkpt>
      <trkpt lat="45.13869" lon="-72.24073">
        <ele>252.7</ele>
      </trkpt>
      <trkpt lat="45.13869" lon="-72.24073">
        <ele>252.65</ele>
      </trkpt>
      <trkpt lat="45.13843" lon="-72.24001">
        <ele>257.14</ele>
      </trkpt>
      <trkpt lat="45.13826" lon="-72.23966">
        <ele>257.72</ele>
      </trkpt>
      <trkpt lat="45.1379" lon="-72.239">
        <ele>256.33</ele>
      </trkpt>
      <trkpt lat="45.13754" lon="-72.23834">
        <ele>255.15</ele>
      </trkpt>
      <trkpt lat="45.13733" lon="-72.23796">
        <ele>254.91</ele>
      </trkpt>
      <trkpt lat="45.13702" lon="-72.23733">
        <ele>254.72</ele>
      </trkpt>
      <trkpt lat="45.1369" lon="-72.23702">
        <ele>254.61</ele>
      </trkpt>
      <trkpt lat="45.13656" lon="-72.23604">
        <ele>255.87</ele>
      </trkpt>
      <trkpt lat="45.13641" lon="-72.23549">
        <ele>259.35</ele>
      </trkpt>
      <trkpt lat="45.13638" lon="-72.2343">
        <ele>262.94</ele>
      </trkpt>
      <trkpt lat="45.13559" lon="-72.23425">
        <ele>263.62</ele>
      </trkpt>
      <trkpt lat="45.13504" lon="-72.23429">
        <ele>264.34</ele>
      </trkpt>
      <trkpt lat="45.13446" lon="-72.23441">
        <ele>265.47</ele>
      </trkpt>
      <trkpt lat="45.13401" lon="-72.234525">
        <ele>267.01</ele>
      </trkpt>
      <trkpt lat="45.13356" lon="-72.23464">
        <ele>268.4</ele>
      </trkpt>
      <trkpt lat="45.133065" lon="-72.23473">
        <ele>268.65</ele>
      </trkpt>
      <trkpt lat="45.13257" lon="-72.23482">
        <ele>267.55</ele>
      </trkpt>
      <trkpt lat="45.131785" lon="-72.234895">
        <ele>266.13</ele>
      </trkpt>
      <trkpt lat="45.131" lon="-72.23497">
        <ele>263.56</ele>
      </trkpt>
      <trkpt lat="45.13051" lon="-72.23412">
        <ele>260.72</ele>
      </trkpt>
      <trkpt lat="45.13002" lon="-72.23327">
        <ele>255.35</ele>
      </trkpt>
      <trkpt lat="45.12967" lon="-72.23276">
        <ele>252.81</ele>
      </trkpt>
      <trkpt lat="45.12926" lon="-72.23223">
        <ele>251.68</ele>
      </trkpt>
      <trkpt lat="45.129" lon="-72.23196">
        <ele>251.73</ele>
      </trkpt>
      <trkpt lat="45.12871" lon="-72.23172">
        <ele>252.56</ele>
      </trkpt>
      <trkpt lat="45.12807" lon="-72.23119">
        <ele>254.29</ele>
      </trkpt>
      <trkpt lat="45.12743" lon="-72.23066">
        <ele>258.2</ele>
      </trkpt>
      <trkpt lat="45.126754" lon="-72.230028">
        <ele>265.64</ele>
      </trkpt>
      <trkpt lat="45.126078" lon="-72.229396">
        <ele>272.03</ele>
      </trkpt>
      <trkpt lat="45.125402" lon="-72.228764">
        <ele>279.38</ele>
      </trkpt>
      <trkpt lat="45.124726" lon="-72.228132">
        <ele>286.02</ele>
      </trkpt>
      <trkpt lat="45.12405" lon="-72.2275">
        <ele>293.73</ele>
      </trkpt>
      <trkpt lat="45.1242133" lon="-72.2266267">
        <ele>293.51</ele>
      </trkpt>
      <trkpt lat="45.1243767" lon="-72.2257533">
        <ele>293.82</ele>
      </trkpt>
      <trkpt lat="45.12454" lon="-72.22488">
        <ele>299.93</ele>
      </trkpt>
      <trkpt lat="45.1247575" lon="-72.2239075">
        <ele>303</ele>
      </trkpt>
      <trkpt lat="45.124975" lon="-72.222935">
        <ele>303.77</ele>
      </trkpt>
      <trkpt lat="45.1251925" lon="-72.2219625">
        <ele>307.51</ele>
      </trkpt>
      <trkpt lat="45.12541" lon="-72.22099">
        <ele>309.62</ele>
      </trkpt>
      <trkpt lat="45.1256133" lon="-72.22">
        <ele>309.55</ele>
      </trkpt>
      <trkpt lat="45.1258167" lon="-72.21901">
        <ele>309.79</ele>
      </trkpt>
      <trkpt lat="45.12602" lon="-72.21802">
        <ele>308.55</ele>
      </trkpt>
      <trkpt lat="45.12601" lon="-72.21802">
        <ele>308.55</ele>
      </trkpt>
      <trkpt lat="45.1262" lon="-72.21714">
        <ele>308.2</ele>
      </trkpt>
      <trkpt lat="45.1264258" lon="-72.2159129">
        <ele>313.19</ele>
      </trkpt>
      <trkpt lat="45.1266515" lon="-72.2146858">
        <ele>315.64</ele>
      </trkpt>
      <trkpt lat="45.1268772" lon="-72.2134586">
        <ele>316.94</ele>
      </trkpt>
      <trkpt lat="45.1271029" lon="-72.2122315">
        <ele>320.49</ele>
      </trkpt>
      <trkpt lat="45.1273286" lon="-72.2110043">
        <ele>326.05</ele>
      </trkpt>
      <trkpt lat="45.1275543" lon="-72.2097772">
        <ele>329.53</ele>
      </trkpt>
      <trkpt lat="45.12778" lon="-72.20855">
        <ele>334.99</ele>
      </trkpt>
      <trkpt lat="45.12784" lon="-72.207855">
        <ele>337.7</ele>
      </trkpt>
      <trkpt lat="45.1279" lon="-72.20716">
        <ele>340.01</ele>
      </trkpt>
      <trkpt lat="45.12791" lon="-72.20652">
        <ele>342.13</ele>
      </trkpt>
      <trkpt lat="45.12792" lon="-72.20588">
        <ele>343.14</ele>
      </trkpt>
      <trkpt lat="45.12788" lon="-72.20483">
        <ele>342.77</ele>
      </trkpt>
      <trkpt lat="45.12783" lon="-72.20447">
        <ele>343.1</ele>
      </trkpt>
      <trkpt lat="45.12776" lon="-72.20414">
        <ele>343.2</ele>
      </trkpt>
      <trkpt lat="45.12768" lon="-72.20384">
        <ele>343.46</ele>
      </trkpt>
      <trkpt lat="45.12757" lon="-72.20357">
        <ele>343.35</ele>
      </trkpt>
      <trkpt lat="45.127245" lon="-72.20285">
        <ele>342.91</ele>
      </trkpt>
      <trkpt lat="45.12692" lon="-72.20213">
        <ele>344.35</ele>
      </trkpt>
      <trkpt lat="45.1265567" lon="-72.2011633">
        <ele>344.6</ele>
      </trkpt>
      <trkpt lat="45.1261933" lon="-72.2001967">
        <ele>345.84</ele>
      </trkpt>
      <trkpt lat="45.12583" lon="-72.19923">
        <ele>346.11</ele>
      </trkpt>
      <trkpt lat="45.12556" lon="-72.1984233">
        <ele>346.93</ele>
      </trkpt>
      <trkpt lat="45.12529" lon="-72.1976167">
        <ele>350.97</ele>
      </trkpt>
      <trkpt lat="45.12502" lon="-72.19681">
        <ele>354.29</ele>
      </trkpt>
      <trkpt lat="45.12489" lon="-72.19637">
        <ele>352.95</ele>
      </trkpt>
      <trkpt lat="45.12468" lon="-72.1952">
        <ele>347.04</ele>
      </trkpt>
      <trkpt lat="45.12447" lon="-72.19403">
        <ele>339.66</ele>
      </trkpt>
      <trkpt lat="45.12437" lon="-72.1936">
        <ele>336.62</ele>
      </trkpt>
      <trkpt lat="45.12419" lon="-72.19318">
        <ele>334.12</ele>
      </trkpt>
      <trkpt lat="45.12398" lon="-72.19282">
        <ele>331.42</ele>
      </trkpt>
      <trkpt lat="45.12378" lon="-72.19257">
        <ele>328.46</ele>
      </trkpt>
      <trkpt lat="45.12345" lon="-72.19237">
        <ele>324.91</ele>
      </trkpt>
      <trkpt lat="45.12312" lon="-72.1922">
        <ele>318.63</ele>
      </trkpt>
      <trkpt lat="45.12278" lon="-72.19207">
        <ele>314.25</ele>
      </trkpt>
      <trkpt lat="45.12209" lon="-72.1918867">
        <ele>308.96</ele>
      </trkpt>
      <trkpt lat="45.1214" lon="-72.1917033">
        <ele>301.09</ele>
      </trkpt>
      <trkpt lat="45.12071" lon="-72.19152">
        <ele>292.44</ele>
      </trkpt>
      <trkpt lat="45.11991" lon="-72.19135">
        <ele>285.98</ele>
      </trkpt>
      <trkpt lat="45.11966" lon="-72.19122">
        <ele>284.45</ele>
      </trkpt>
      <trkpt lat="45.11946" lon="-72.19105">
        <ele>282.87</ele>
      </trkpt>
      <trkpt lat="45.1193" lon="-72.19081">
        <ele>280.99</ele>
      </trkpt>
      <trkpt lat="45.11904" lon="-72.19023">
        <ele>275.78</ele>
      </trkpt>
      <trkpt lat="45.11889" lon="-72.18978">
        <ele>272.4</ele>
      </trkpt>
      <trkpt lat="45.11882" lon="-72.18946">
        <ele>267.44</ele>
      </trkpt>
      <trkpt lat="45.11878" lon="-72.18899">
        <ele>264.37</ele>
      </trkpt>
      <trkpt lat="45.118745" lon="-72.18818">
        <ele>257.72</ele>
      </trkpt>
      <trkpt lat="45.11871" lon="-72.18737">
        <ele>253.82</ele>
      </trkpt>
      <trkpt lat="45.1185867" lon="-72.18622">
        <ele>246.07</ele>
      </trkpt>
      <trkpt lat="45.1184633" lon="-72.18507">
        <ele>238.5</ele>
      </trkpt>
      <trkpt lat="45.11834" lon="-72.18392">
        <ele>232.81</ele>
      </trkpt>
      <trkpt lat="45.11827" lon="-72.18344">
        <ele>231.19</ele>
      </trkpt>
      <trkpt lat="45.11819" lon="-72.18308">
        <ele>230.19</ele>
      </trkpt>
      <trkpt lat="45.11795" lon="-72.1824">
        <ele>225.99</ele>
      </trkpt>
      <trkpt lat="45.11756" lon="-72.18155">
        <ele>223.31</ele>
      </trkpt>
      <trkpt lat="45.11756" lon="-72.18155">
        <ele>223.31</ele>
      </trkpt>
      <trkpt lat="45.117075" lon="-72.18054">
        <ele>220.72</ele>
      </trkpt>
      <trkpt lat="45.11659" lon="-72.17953">
        <ele>219.55</ele>
      </trkpt>
      <trkpt lat="45.11645" lon="-72.17899">
        <ele>217.58</ele>
      </trkpt>
      <trkpt lat="45.11644" lon="-72.17873">
        <ele>217.58</ele>
      </trkpt>
      <trkpt lat="45.11653" lon="-72.17754">
        <ele>215.6</ele>
      </trkpt>
      <trkpt lat="45.11662" lon="-72.17635">
        <ele>215.13</ele>
      </trkpt>
      <trkpt lat="45.11664" lon="-72.17546">
        <ele>216.96</ele>
      </trkpt>
      <trkpt lat="45.11667" lon="-72.17532">
        <ele>217.05</ele>
      </trkpt>
      <trkpt lat="45.1167" lon="-72.17523">
        <ele>217</ele>
      </trkpt>
      <trkpt lat="45.11676" lon="-72.17519">
        <ele>217</ele>
      </trkpt>
      <trkpt lat="45.11718" lon="-72.17514">
        <ele>215.48</ele>
      </trkpt>
      <trkpt lat="45.11739" lon="-72.17506">
        <ele>214.93</ele>
      </trkpt>
      <trkpt lat="45.11757" lon="-72.17497">
        <ele>214.72</ele>
      </trkpt>
      <trkpt lat="45.118075" lon="-72.1745">
        <ele>214.44</ele>
      </trkpt>
      <trkpt lat="45.11858" lon="-72.17403">
        <ele>214.69</ele>
      </trkpt>
      <trkpt lat="45.11889" lon="-72.1738">
        <ele>215.15</ele>
      </trkpt>
      <trkpt lat="45.11909" lon="-72.17371">
        <ele>215.15</ele>
      </trkpt>
      <trkpt lat="45.11929" lon="-72.17362">
        <ele>215.5</ele>
      </trkpt>
      <trkpt lat="45.119845" lon="-72.173515">
        <ele>216.33</ele>
      </trkpt>
      <trkpt lat="45.1204" lon="-72.17341">
        <ele>218.38</ele>
      </trkpt>
      <trkpt lat="45.12082" lon="-72.17331">
        <ele>219.56</ele>
      </trkpt>
      <trkpt lat="45.12133" lon="-72.17313">
        <ele>220.06</ele>
      </trkpt>
      <trkpt lat="45.12206" lon="-72.17274">
        <ele>221.33</ele>
      </trkpt>
      <trkpt lat="45.12272" lon="-72.17234">
        <ele>222.92</ele>
      </trkpt>
      <trkpt lat="45.12258" lon="-72.17168">
        <ele>225.04</ele>
      </trkpt>
      <trkpt lat="45.12249" lon="-72.17107">
        <ele>228.66</ele>
      </trkpt>
      <trkpt lat="45.12235" lon="-72.17048">
        <ele>234.43</ele>
      </trkpt>
      <trkpt lat="45.12223" lon="-72.17013">
        <ele>236.77</ele>
      </trkpt>
      <trkpt lat="45.12174" lon="-72.16919">
        <ele>247</ele>
      </trkpt>
      <trkpt lat="45.1211933" lon="-72.1682166">
        <ele>252.38</ele>
      </trkpt>
      <trkpt lat="45.1206467" lon="-72.1672433">
        <ele>255.96</ele>
      </trkpt>
      <trkpt lat="45.1201" lon="-72.16627">
        <ele>255.66</ele>
      </trkpt>
      <trkpt lat="45.11991" lon="-72.16588">
        <ele>254.81</ele>
      </trkpt>
      <trkpt lat="45.11983" lon="-72.16565">
        <ele>253.94</ele>
      </trkpt>
      <trkpt lat="45.11967" lon="-72.16489">
        <ele>249.57</ele>
      </trkpt>
      <trkpt lat="45.11963" lon="-72.16462">
        <ele>246.45</ele>
      </trkpt>
      <trkpt lat="45.11962" lon="-72.16409">
        <ele>244.14</ele>
      </trkpt>
      <trkpt lat="45.11967" lon="-72.16337">
        <ele>238.01</ele>
      </trkpt>
      <trkpt lat="45.11969" lon="-72.16238">
        <ele>231.67</ele>
      </trkpt>
      <trkpt lat="45.11968" lon="-72.1614">
        <ele>229.98</ele>
      </trkpt>
      <trkpt lat="45.11966" lon="-72.16096">
        <ele>229.45</ele>
      </trkpt>
      <trkpt lat="45.1195833" lon="-72.1601">
        <ele>226.45</ele>
      </trkpt>
      <trkpt lat="45.1195067" lon="-72.15924">
        <ele>224.39</ele>
      </trkpt>
      <trkpt lat="45.11943" lon="-72.15838">
        <ele>222.21</ele>
      </trkpt>
      <trkpt lat="45.11924" lon="-72.15727">
        <ele>217.26</ele>
      </trkpt>
      <trkpt lat="45.119045" lon="-72.156425">
        <ele>214.14</ele>
      </trkpt>
      <trkpt lat="45.11885" lon="-72.15558">
        <ele>212.33</ele>
      </trkpt>
      <trkpt lat="45.11857" lon="-72.15477">
        <ele>210.76</ele>
      </trkpt>
      <trkpt lat="45.11816" lon="-72.15379">
        <ele>210.37</ele>
      </trkpt>
      <trkpt lat="45.11775" lon="-72.15281">
        <ele>211.13</ele>
      </trkpt>
      <trkpt lat="45.11775" lon="-72.15281">
        <ele>211.13</ele>
      </trkpt>
      <trkpt lat="45.117475" lon="-72.152135">
        <ele>212.02</ele>
      </trkpt>
      <trkpt lat="45.1172" lon="-72.15146">
        <ele>213.67</ele>
      </trkpt>
      <trkpt lat="45.11708" lon="-72.15126">
        <ele>214.01</ele>
      </trkpt>
      <trkpt lat="45.117" lon="-72.15088">
        <ele>214.74</ele>
      </trkpt>
      <trkpt lat="45.11677" lon="-72.15021">
        <ele>217.64</ele>
      </trkpt>
      <trkpt lat="45.11637" lon="-72.14927">
        <ele>224.7</ele>
      </trkpt>
      <trkpt lat="45.11611" lon="-72.14855">
        <ele>231.16</ele>
      </trkpt>
      <trkpt lat="45.11582" lon="-72.14792">
        <ele>234.57</ele>
      </trkpt>
      <trkpt lat="45.11551" lon="-72.14711">
        <ele>244.13</ele>
      </trkpt>
      <trkpt lat="45.11497" lon="-72.14613">
        <ele>254.48</ele>
      </trkpt>
      <trkpt lat="45.11459" lon="-72.14556">
        <ele>259.11</ele>
      </trkpt>
      <trkpt lat="45.11459" lon="-72.14556">
        <ele>259.11</ele>
      </trkpt>
      <trkpt lat="45.11419" lon="-72.14491">
        <ele>260.02</ele>
      </trkpt>
      <trkpt lat="45.11379" lon="-72.14426">
        <ele>260.84</ele>
      </trkpt>
      <trkpt lat="45.11392" lon="-72.14403">
        <ele>262.11</ele>
      </trkpt>
      <trkpt lat="45.11429" lon="-72.14358">
        <ele>263.47</ele>
      </trkpt>
      <trkpt lat="45.11469" lon="-72.14302">
        <ele>265.71</ele>
      </trkpt>
      <trkpt lat="45.11509" lon="-72.14246">
        <ele>267.54</ele>
      </trkpt>
      <trkpt lat="45.11517" lon="-72.14229">
        <ele>267.54</ele>
      </trkpt>
      <trkpt lat="45.11531" lon="-72.14177">
        <ele>269.07</ele>
      </trkpt>
      <trkpt lat="45.11538" lon="-72.14157">
        <ele>269.05</ele>
      </trkpt>
      <trkpt lat="45.11563" lon="-72.14107">
        <ele>268.77</ele>
      </trkpt>
      <trkpt lat="45.11575" lon="-72.14089">
        <ele>268.84</ele>
      </trkpt>
      <trkpt lat="45.11628" lon="-72.14036">
        <ele>271.09</ele>
      </trkpt>
      <trkpt lat="45.117035" lon="-72.13981">
        <ele>279.81</ele>
      </trkpt>
      <trkpt lat="45.11779" lon="-72.13926">
        <ele>285.54</ele>
      </trkpt>
      <trkpt lat="45.118545" lon="-72.13871">
        <ele>287.87</ele>
      </trkpt>
      <trkpt lat="45.1193" lon="-72.13816">
        <ele>287.82</ele>
      </trkpt>
      <trkpt lat="45.11999" lon="-72.13759">
        <ele>290.22</ele>
      </trkpt>
      <trkpt lat="45.12055" lon="-72.13699">
        <ele>295.34</ele>
      </trkpt>
      <trkpt lat="45.12072" lon="-72.13673">
        <ele>295.68</ele>
      </trkpt>
      <trkpt lat="45.12124" lon="-72.13578">
        <ele>294.17</ele>
      </trkpt>
      <trkpt lat="45.1215733" lon="-72.1350567">
        <ele>293.63</ele>
      </trkpt>
      <trkpt lat="45.1219067" lon="-72.1343333">
        <ele>292.48</ele>
      </trkpt>
      <trkpt lat="45.12224" lon="-72.13361">
        <ele>291.5</ele>
      </trkpt>
      <trkpt lat="45.122545" lon="-72.13298">
        <ele>291.48</ele>
      </trkpt>
      <trkpt lat="45.12285" lon="-72.13235">
        <ele>293.12</ele>
      </trkpt>
      <trkpt lat="45.1231" lon="-72.13193">
        <ele>295.22</ele>
      </trkpt>
      <trkpt lat="45.12357" lon="-72.13096">
        <ele>295.96</ele>
      </trkpt>
      <trkpt lat="45.123935" lon="-72.13018">
        <ele>298.36</ele>
      </trkpt>
      <trkpt lat="45.1243" lon="-72.1294">
        <ele>296.95</ele>
      </trkpt>
      <trkpt lat="45.124645" lon="-72.128545">
        <ele>287.52</ele>
      </trkpt>
      <trkpt lat="45.12499" lon="-72.12769">
        <ele>278.6</ele>
      </trkpt>
      <trkpt lat="45.12529" lon="-72.1267">
        <ele>271.14</ele>
      </trkpt>
      <trkpt lat="45.12546" lon="-72.12625">
        <ele>266.6</ele>
      </trkpt>
      <trkpt lat="45.12556" lon="-72.12603">
        <ele>265.39</ele>
      </trkpt>
      <trkpt lat="45.12587" lon="-72.12522">
        <ele>261.7</ele>
      </trkpt>
      <trkpt lat="45.1263" lon="-72.12416">
        <ele>262.44</ele>
      </trkpt>
      <trkpt lat="45.1266" lon="-72.12335">
        <ele>266.52</ele>
      </trkpt>
      <trkpt lat="45.1269" lon="-72.12254">
        <ele>269.25</ele>
      </trkpt>
      <trkpt lat="45.12712" lon="-72.12204">
        <ele>265.18</ele>
      </trkpt>
      <trkpt lat="45.12745" lon="-72.12119">
        <ele>262.14</ele>
      </trkpt>
      <trkpt lat="45.12784" lon="-72.12005">
        <ele>268.4</ele>
      </trkpt>
      <trkpt lat="45.12784" lon="-72.12005">
        <ele>268.4</ele>
      </trkpt>
      <trkpt lat="45.12825" lon="-72.11914">
        <ele>281.95</ele>
      </trkpt>
      <trkpt lat="45.12844" lon="-72.1186">
        <ele>287.53</ele>
      </trkpt>
      <trkpt lat="45.12867" lon="-72.1181">
        <ele>292.71</ele>
      </trkpt>
      <trkpt lat="45.12871" lon="-72.11793">
        <ele>294.32</ele>
      </trkpt>
      <trkpt lat="45.12898" lon="-72.11722">
        <ele>299.89</ele>
      </trkpt>
      <trkpt lat="45.1293" lon="-72.11643">
        <ele>305.25</ele>
      </trkpt>
      <trkpt lat="45.12962" lon="-72.11564">
        <ele>306.65</ele>
      </trkpt>
      <trkpt lat="45.13006" lon="-72.11479">
        <ele>305.59</ele>
      </trkpt>
      <trkpt lat="45.13058" lon="-72.11385">
        <ele>304.25</ele>
      </trkpt>
      <trkpt lat="45.131055" lon="-72.11309">
        <ele>305.36</ele>
      </trkpt>
      <trkpt lat="45.13153" lon="-72.11233">
        <ele>309.76</ele>
      </trkpt>
      <trkpt lat="45.13164" lon="-72.1122">
        <ele>311.23</ele>
      </trkpt>
      <trkpt lat="45.13217" lon="-72.11171">
        <ele>318.03</ele>
      </trkpt>
      <trkpt lat="45.1327" lon="-72.11122">
        <ele>319.36</ele>
      </trkpt>
      <trkpt lat="45.13331" lon="-72.110735">
        <ele>319.47</ele>
      </trkpt>
      <trkpt lat="45.13392" lon="-72.11025">
        <ele>318.26</ele>
      </trkpt>
      <trkpt lat="45.13453" lon="-72.109765">
        <ele>314.7</ele>
      </trkpt>
      <trkpt lat="45.13514" lon="-72.10928">
        <ele>311.55</ele>
      </trkpt>
      <trkpt lat="45.135886" lon="-72.108668">
        <ele>304.73</ele>
      </trkpt>
      <trkpt lat="45.136632" lon="-72.108056">
        <ele>300.13</ele>
      </trkpt>
      <trkpt lat="45.137378" lon="-72.107444">
        <ele>302.19</ele>
      </trkpt>
      <trkpt lat="45.138124" lon="-72.106832">
        <ele>304.22</ele>
      </trkpt>
      <trkpt lat="45.13887" lon="-72.10622">
        <ele>306.64</ele>
      </trkpt>
      <trkpt lat="45.13956" lon="-72.105665">
        <ele>313.12</ele>
      </trkpt>
      <trkpt lat="45.14025" lon="-72.10511">
        <ele>320.06</ele>
      </trkpt>
      <trkpt lat="45.14094" lon="-72.104555">
        <ele>326.29</ele>
      </trkpt>
      <trkpt lat="45.14163" lon="-72.104">
        <ele>330.23</ele>
      </trkpt>
      <trkpt lat="45.14209" lon="-72.103575">
        <ele>332.09</ele>
      </trkpt>
      <trkpt lat="45.14255" lon="-72.10315">
        <ele>332.54</ele>
      </trkpt>
      <trkpt lat="45.14284" lon="-72.10283">
        <ele>331.82</ele>
      </trkpt>
      <trkpt lat="45.14323" lon="-72.10221">
        <ele>329.12</ele>
      </trkpt>
      <trkpt lat="45.14343" lon="-72.10181">
        <ele>327.74</ele>
      </trkpt>
      <trkpt lat="45.143785" lon="-72.1009175">
        <ele>324.27</ele>
      </trkpt>
      <trkpt lat="45.14414" lon="-72.100025">
        <ele>317.62</ele>
      </trkpt>
      <trkpt lat="45.144495" lon="-72.0991325">
        <ele>310.97</ele>
      </trkpt>
      <trkpt lat="45.14485" lon="-72.09824">
        <ele>307.02</ele>
      </trkpt>
      <trkpt lat="45.145272" lon="-72.097154">
        <ele>302.31</ele>
      </trkpt>
      <trkpt lat="45.145694" lon="-72.096068">
        <ele>294.8</ele>
      </trkpt>
      <trkpt lat="45.146116" lon="-72.094982">
        <ele>290.37</ele>
      </trkpt>
      <trkpt lat="45.146538" lon="-72.093896">
        <ele>287.62</ele>
      </trkpt>
      <trkpt lat="45.14696" lon="-72.09281">
        <ele>288.23</ele>
      </trkpt>
      <trkpt lat="45.147352" lon="-72.091824">
        <ele>290.62</ele>
      </trkpt>
      <trkpt lat="45.147744" lon="-72.090838">
        <ele>296.37</ele>
      </trkpt>
      <trkpt lat="45.148136" lon="-72.089852">
        <ele>304.37</ele>
      </trkpt>
      <trkpt lat="45.148528" lon="-72.088866">
        <ele>311.35</ele>
      </trkpt>
      <trkpt lat="45.14892" lon="-72.08788">
        <ele>310.97</ele>
      </trkpt>
      <trkpt lat="45.14892" lon="-72.08789">
        <ele>311</ele>
      </trkpt>
      <trkpt lat="45.1493133" lon="-72.0868333">
        <ele>308.17</ele>
      </trkpt>
      <trkpt lat="45.1497067" lon="-72.0857767">
        <ele>307.08</ele>
      </trkpt>
      <trkpt lat="45.1501" lon="-72.08472">
        <ele>304.18</ele>
      </trkpt>
      <trkpt lat="45.15061" lon="-72.08372">
        <ele>297.89</ele>
      </trkpt>
      <trkpt lat="45.1510133" lon="-72.0827533">
        <ele>281.58</ele>
      </trkpt>
      <trkpt lat="45.1514167" lon="-72.0817867">
        <ele>270.77</ele>
      </trkpt>
      <trkpt lat="45.15182" lon="-72.08082">
        <ele>270.29</ele>
      </trkpt>
      <trkpt lat="45.1521633" lon="-72.07965">
        <ele>276.31</ele>
      </trkpt>
      <trkpt lat="45.1525067" lon="-72.07848">
        <ele>272.28</ele>
      </trkpt>
      <trkpt lat="45.15285" lon="-72.07731">
        <ele>266.36</ele>
      </trkpt>
      <trkpt lat="45.15295" lon="-72.07678">
        <ele>263.19</ele>
      </trkpt>
      <trkpt lat="45.15301" lon="-72.07625">
        <ele>260.41</ele>
      </trkpt>
      <trkpt lat="45.153" lon="-72.07609">
        <ele>259.52</ele>
      </trkpt>
      <trkpt lat="45.15287" lon="-72.07522">
        <ele>251.49</ele>
      </trkpt>
      <trkpt lat="45.152815" lon="-72.074335">
        <ele>246.63</ele>
      </trkpt>
      <trkpt lat="45.15276" lon="-72.07345">
        <ele>244.13</ele>
      </trkpt>
      <trkpt lat="45.1536" lon="-72.073175">
        <ele>246.75</ele>
      </trkpt>
      <trkpt lat="45.15444" lon="-72.0729">
        <ele>251.51</ele>
      </trkpt>
      <trkpt lat="45.15523" lon="-72.0727">
        <ele>259.28</ele>
      </trkpt>
      <trkpt lat="45.15598" lon="-72.07248">
        <ele>269.42</ele>
      </trkpt>
      <trkpt lat="45.1566" lon="-72.072215">
        <ele>273.57</ele>
      </trkpt>
      <trkpt lat="45.15722" lon="-72.07195">
        <ele>270.24</ele>
      </trkpt>
      <trkpt lat="45.1578625" lon="-72.071635">
        <ele>264.73</ele>
      </trkpt>
      <trkpt lat="45.158505" lon="-72.07132">
        <ele>258.58</ele>
      </trkpt>
      <trkpt lat="45.1591475" lon="-72.071005">
        <ele>251.43</ele>
      </trkpt>
      <trkpt lat="45.15979" lon="-72.07069">
        <ele>248</ele>
      </trkpt>
      <trkpt lat="45.16017" lon="-72.07052">
        <ele>247.5</ele>
      </trkpt>
      <trkpt lat="45.16063" lon="-72.07025">
        <ele>247.74</ele>
      </trkpt>
      <trkpt lat="45.161315" lon="-72.0697917">
        <ele>252.13</ele>
      </trkpt>
      <trkpt lat="45.162" lon="-72.0693334">
        <ele>254.72</ele>
      </trkpt>
      <trkpt lat="45.162685" lon="-72.068875">
        <ele>254.72</ele>
      </trkpt>
      <trkpt lat="45.16337" lon="-72.0684167">
        <ele>253.82</ele>
      </trkpt>
      <trkpt lat="45.164055" lon="-72.0679584">
        <ele>253.53</ele>
      </trkpt>
      <trkpt lat="45.16474" lon="-72.0675">
        <ele>255.59</ele>
      </trkpt>
      <trkpt lat="45.16473" lon="-72.0675">
        <ele>255.58</ele>
      </trkpt>
      <trkpt lat="45.1653" lon="-72.06712">
        <ele>254.44</ele>
      </trkpt>
      <trkpt lat="45.16555" lon="-72.06693">
        <ele>252.96</ele>
      </trkpt>
      <trkpt lat="45.16586" lon="-72.06658">
        <ele>250.67</ele>
      </trkpt>
      <trkpt lat="45.16608" lon="-72.06612">
        <ele>248.91</ele>
      </trkpt>
      <trkpt lat="45.16624" lon="-72.06569">
        <ele>248.47</ele>
      </trkpt>
      <trkpt lat="45.16635" lon="-72.06518">
        <ele>248.56</ele>
      </trkpt>
      <trkpt lat="45.166588" lon="-72.064052">
        <ele>248.9</ele>
      </trkpt>
      <trkpt lat="45.166826" lon="-72.062924">
        <ele>247.21</ele>
      </trkpt>
      <trkpt lat="45.167064" lon="-72.061796">
        <ele>241.37</ele>
      </trkpt>
      <trkpt lat="45.167302" lon="-72.060668">
        <ele>238.63</ele>
      </trkpt>
      <trkpt lat="45.16754" lon="-72.05954">
        <ele>234.76</ele>
      </trkpt>
      <trkpt lat="45.16784" lon="-72.05847">
        <ele>231.11</ele>
      </trkpt>
      <trkpt lat="45.16817" lon="-72.05749">
        <ele>224.75</ele>
      </trkpt>
      <trkpt lat="45.1685" lon="-72.05651">
        <ele>219.05</ele>
      </trkpt>
      <trkpt lat="45.16869" lon="-72.0557">
        <ele>216.24</ele>
      </trkpt>
      <trkpt lat="45.16876" lon="-72.055015">
        <ele>212.69</ele>
      </trkpt>
      <trkpt lat="45.16883" lon="-72.05433">
        <ele>207.15</ele>
      </trkpt>
      <trkpt lat="45.1688733" lon="-72.0534733">
        <ele>201.5</ele>
      </trkpt>
      <trkpt lat="45.1689167" lon="-72.0526167">
        <ele>197.05</ele>
      </trkpt>
      <trkpt lat="45.16896" lon="-72.05176">
        <ele>190.18</ele>
      </trkpt>
      <trkpt lat="45.16901" lon="-72.05103">
        <ele>185.87</ele>
      </trkpt>
      <trkpt lat="45.16908" lon="-72.05046">
        <ele>183.16</ele>
      </trkpt>
      <trkpt lat="45.16919" lon="-72.05005">
        <ele>177.71</ele>
      </trkpt>
      <trkpt lat="45.16934" lon="-72.04974">
        <ele>175.64</ele>
      </trkpt>
      <trkpt lat="45.16969" lon="-72.04918">
        <ele>169.01</ele>
      </trkpt>
      <trkpt lat="45.17032" lon="-72.04857">
        <ele>163.63</ele>
      </trkpt>
      <trkpt lat="45.17102" lon="-72.04795">
        <ele>165.26</ele>
      </trkpt>
      <trkpt lat="45.17117" lon="-72.04787">
        <ele>165.84</ele>
      </trkpt>
      <trkpt lat="45.17106" lon="-72.04701">
        <ele>169.24</ele>
      </trkpt>
      <trkpt lat="45.17093" lon="-72.04651">
        <ele>169.93</ele>
      </trkpt>
      <trkpt lat="45.17078" lon="-72.04607">
        <ele>169.58</ele>
      </trkpt>
      <trkpt lat="45.17043" lon="-72.045155">
        <ele>169.53</ele>
      </trkpt>
      <trkpt lat="45.17008" lon="-72.04424">
        <ele>170.16</ele>
      </trkpt>
      <trkpt lat="45.16983" lon="-72.043635">
        <ele>170.37</ele>
      </trkpt>
      <trkpt lat="45.16958" lon="-72.04303">
        <ele>170.66</ele>
      </trkpt>
    </trkseg>
  </trk>
</gpx>