<?xml version='1.0' encoding='utf-8'?>
<gpx xmlns="http://www.topografix.com/GPX/1/1" xmlns:xsi="http://www.w3.org/2001/XMLSchema-instance" version="1.1" creator="Gravelle Estrie" xsi:schemaLocation="http://www.topografix.com/GPX/1/1 http://www.topografix.com/GPX/1/1/gpx.xsd">
  <metadata>
    <name>Sunrise 76KM</name>
  </metadata>
  <trk>
    <name>Sunrise 76KM</name>
    <trkseg>
      <trkpt lat="45.16953" lon="-72.04292">
        <ele>170.5</ele>
      </trkpt>
      <trkpt lat="45.16913" lon="-72.04196">
        <ele>171</ele>
      </trkpt>
      <trkpt lat="45.168746" lon="-72.041123">
        <ele>170.8</ele>
      </trkpt>
      <trkpt lat="45.168363" lon="-72.040286">
        <ele>171.3</ele>
      </trkpt>
      <trkpt lat="45.16798" lon="-72.03945">
        <ele>171.5</ele>
      </trkpt>
      <trkpt lat="45.16775" lon="-72.03922">
        <ele>171.8</ele>
      </trkpt>
      <trkpt lat="45.16763" lon="-72.03914">
        <ele>171.8</ele>
      </trkpt>
      <trkpt lat="45.16778" lon="-72.03886">
        <ele>171.7</ele>
      </trkpt>
      <trkpt lat="45.16779" lon="-72.03878">
        <ele>171.7</ele>
      </trkpt>
      <trkpt lat="45.16779" lon="-72.03879">
        <ele>171.7</ele>
      </trkpt>
      <trkpt lat="45.16783" lon="-72.03855">
        <ele>171.6</ele>
      </trkpt>
      <trkpt lat="45.16786" lon="-72.03853">
        <ele>171.6</ele>
      </trkpt>
      <trkpt lat="45.16783" lon="-72.03846">
        <ele>171.6</ele>
      </trkpt>
      <trkpt lat="45.16778" lon="-72.0384">
        <ele>171.7</ele>
      </trkpt>
      <trkpt lat="45.16756" lon="-72.03831">
        <ele>171.9</ele>
      </trkpt>
      <trkpt lat="45.16756" lon="-72.0383">
        <ele>171.9</ele>
      </trkpt>
      <trkpt lat="45.167005" lon="-72.038079">
        <ele>172</ele>
      </trkpt>
      <trkpt lat="45.16645" lon="-72.03786">
        <ele>171.8</ele>
      </trkpt>
      <trkpt lat="45.16588" lon="-72.037644">
        <ele>171.9</ele>
      </trkpt>
      <trkpt lat="45.16531" lon="-72.03743">
        <ele>171.8</ele>
      </trkpt>
      <trkpt lat="45.164615" lon="-72.037184">
        <ele>171.1</ele>
      </trkpt>
      <trkpt lat="45.16392" lon="-72.03694">
        <ele>170.7</ele>
      </trkpt>
      <trkpt lat="45.16345" lon="-72.03681">
        <ele>170.1</ele>
      </trkpt>
      <trkpt lat="45.16316" lon="-72.03677">
        <ele>169.8</ele>
      </trkpt>
      <trkpt lat="45.16294" lon="-72.03677">
        <ele>169.6</ele>
      </trkpt>
      <trkpt lat="45.16257" lon="-72.03682">
        <ele>169.1</ele>
      </trkpt>
      <trkpt lat="45.16256" lon="-72.03682">
        <ele>169.1</ele>
      </trkpt>
      <trkpt lat="45.16232" lon="-72.03685">
        <ele>168.7</ele>
      </trkpt>
      <trkpt lat="45.16219" lon="-72.0369">
        <ele>168.8</ele>
      </trkpt>
      <trkpt lat="45.16168" lon="-72.03712">
        <ele>167.9</ele>
      </trkpt>
      <trkpt lat="45.16142" lon="-72.03725">
        <ele>167.6</ele>
      </trkpt>
      <trkpt lat="45.16121" lon="-72.03739">
        <ele>167.1</ele>
      </trkpt>
      <trkpt lat="45.16098" lon="-72.03759">
        <ele>167</ele>
      </trkpt>
      <trkpt lat="45.16075" lon="-72.03779">
        <ele>167</ele>
      </trkpt>
      <trkpt lat="45.16028" lon="-72.03827">
        <ele>167</ele>
      </trkpt>
      <trkpt lat="45.159675" lon="-72.038912">
        <ele>166.9</ele>
      </trkpt>
      <trkpt lat="45.15907" lon="-72.039555">
        <ele>166.7</ele>
      </trkpt>
      <trkpt lat="45.158465" lon="-72.040197">
        <ele>166.7</ele>
      </trkpt>
      <trkpt lat="45.15786" lon="-72.04084">
        <ele>166.9</ele>
      </trkpt>
      <trkpt lat="45.15786" lon="-72.04085">
        <ele>166.9</ele>
      </trkpt>
      <trkpt lat="45.157265" lon="-72.041482">
        <ele>167.2</ele>
      </trkpt>
      <trkpt lat="45.15667" lon="-72.042115">
        <ele>167.3</ele>
      </trkpt>
      <trkpt lat="45.156075" lon="-72.042747">
        <ele>167.5</ele>
      </trkpt>
      <trkpt lat="45.15548" lon="-72.04338">
        <ele>167.8</ele>
      </trkpt>
      <trkpt lat="45.15519" lon="-72.04378">
        <ele>167.8</ele>
      </trkpt>
      <trkpt lat="45.1549" lon="-72.04424">
        <ele>167.4</ele>
      </trkpt>
      <trkpt lat="45.154407" lon="-72.045155">
        <ele>167.3</ele>
      </trkpt>
      <trkpt lat="45.153915" lon="-72.04607">
        <ele>167</ele>
      </trkpt>
      <trkpt lat="45.153422" lon="-72.046985">
        <ele>167</ele>
      </trkpt>
      <trkpt lat="45.15293" lon="-72.0479">
        <ele>167.3</ele>
      </trkpt>
      <trkpt lat="45.15293" lon="-72.04791">
        <ele>167.3</ele>
      </trkpt>
      <trkpt lat="45.15255" lon="-72.04853">
        <ele>167</ele>
      </trkpt>
      <trkpt lat="45.15214" lon="-72.04911">
        <ele>167</ele>
      </trkpt>
      <trkpt lat="45.15164" lon="-72.04965">
        <ele>167</ele>
      </trkpt>
      <trkpt lat="45.15101" lon="-72.05018">
        <ele>167.4</ele>
      </trkpt>
      <trkpt lat="45.15051" lon="-72.05045">
        <ele>167.4</ele>
      </trkpt>
      <trkpt lat="45.15003" lon="-72.05068">
        <ele>167.1</ele>
      </trkpt>
      <trkpt lat="45.14916" lon="-72.050982">
        <ele>166.9</ele>
      </trkpt>
      <trkpt lat="45.14829" lon="-72.051285">
        <ele>166.9</ele>
      </trkpt>
      <trkpt lat="45.14742" lon="-72.051587">
        <ele>167.3</ele>
      </trkpt>
      <trkpt lat="45.14655" lon="-72.05189">
        <ele>168.1</ele>
      </trkpt>
      <trkpt lat="45.14581" lon="-72.05198">
        <ele>168.1</ele>
      </trkpt>
      <trkpt lat="45.145264" lon="-72.05198">
        <ele>167.8</ele>
      </trkpt>
      <trkpt lat="45.14472" lon="-72.05198">
        <ele>167.8</ele>
      </trkpt>
      <trkpt lat="45.143896" lon="-72.051946">
        <ele>167.8</ele>
      </trkpt>
      <trkpt lat="45.143073" lon="-72.051913">
        <ele>168</ele>
      </trkpt>
      <trkpt lat="45.14225" lon="-72.05188">
        <ele>168.1</ele>
      </trkpt>
      <trkpt lat="45.141438" lon="-72.051851">
        <ele>168.2</ele>
      </trkpt>
      <trkpt lat="45.140626" lon="-72.051823">
        <ele>168.5</ele>
      </trkpt>
      <trkpt lat="45.139814" lon="-72.051794">
        <ele>169.1</ele>
      </trkpt>
      <trkpt lat="45.139003" lon="-72.051766">
        <ele>169.2</ele>
      </trkpt>
      <trkpt lat="45.138191" lon="-72.051738">
        <ele>169.6</ele>
      </trkpt>
      <trkpt lat="45.13738" lon="-72.05171">
        <ele>169.8</ele>
      </trkpt>
      <trkpt lat="45.13699" lon="-72.05171">
        <ele>169.3</ele>
      </trkpt>
      <trkpt lat="45.1366" lon="-72.05176">
        <ele>168.7</ele>
      </trkpt>
      <trkpt lat="45.13621" lon="-72.05185">
        <ele>168.5</ele>
      </trkpt>
      <trkpt lat="45.13581" lon="-72.05202">
        <ele>168.6</ele>
      </trkpt>
      <trkpt lat="45.13541" lon="-72.0522">
        <ele>168.9</ele>
      </trkpt>
      <trkpt lat="45.13516" lon="-72.05238">
        <ele>168.9</ele>
      </trkpt>
      <trkpt lat="45.13515" lon="-72.05238">
        <ele>168.9</ele>
      </trkpt>
      <trkpt lat="45.13477" lon="-72.05265">
        <ele>169.1</ele>
      </trkpt>
      <trkpt lat="45.13443" lon="-72.05292">
        <ele>169.1</ele>
      </trkpt>
      <trkpt lat="45.13372" lon="-72.0537">
        <ele>168.6</ele>
      </trkpt>
      <trkpt lat="45.13318" lon="-72.054332">
        <ele>168.1</ele>
      </trkpt>
      <trkpt lat="45.13264" lon="-72.054965">
        <ele>167.9</ele>
      </trkpt>
      <trkpt lat="45.1321" lon="-72.055597">
        <ele>167.8</ele>
      </trkpt>
      <trkpt lat="45.13156" lon="-72.05623">
        <ele>167.7</ele>
      </trkpt>
      <trkpt lat="45.131" lon="-72.056865">
        <ele>167.5</ele>
      </trkpt>
      <trkpt lat="45.13044" lon="-72.0575">
        <ele>167.7</ele>
      </trkpt>
      <trkpt lat="45.13044" lon="-72.05751">
        <ele>167.7</ele>
      </trkpt>
      <trkpt lat="45.129746" lon="-72.058298">
        <ele>167.8</ele>
      </trkpt>
      <trkpt lat="45.129053" lon="-72.059086">
        <ele>167.8</ele>
      </trkpt>
      <trkpt lat="45.12836" lon="-72.059875">
        <ele>168.4</ele>
      </trkpt>
      <trkpt lat="45.127666" lon="-72.060663">
        <ele>169.3</ele>
      </trkpt>
      <trkpt lat="45.126973" lon="-72.061451">
        <ele>170.6</ele>
      </trkpt>
      <trkpt lat="45.12628" lon="-72.06224">
        <ele>170.5</ele>
      </trkpt>
      <trkpt lat="45.12577" lon="-72.06284">
        <ele>170.3</ele>
      </trkpt>
      <trkpt lat="45.125075" lon="-72.063635">
        <ele>169.5</ele>
      </trkpt>
      <trkpt lat="45.124381" lon="-72.064431">
        <ele>169.2</ele>
      </trkpt>
      <trkpt lat="45.123686" lon="-72.065226">
        <ele>169.6</ele>
      </trkpt>
      <trkpt lat="45.122992" lon="-72.066022">
        <ele>170.2</ele>
      </trkpt>
      <trkpt lat="45.122297" lon="-72.066817">
        <ele>169.9</ele>
      </trkpt>
      <trkpt lat="45.121603" lon="-72.067613">
        <ele>169.6</ele>
      </trkpt>
      <trkpt lat="45.120908" lon="-72.068409">
        <ele>169.5</ele>
      </trkpt>
      <trkpt lat="45.120214" lon="-72.069204">
        <ele>169.7</ele>
      </trkpt>
      <trkpt lat="45.11952" lon="-72.07">
        <ele>170.5</ele>
      </trkpt>
      <trkpt lat="45.11892" lon="-72.07073">
        <ele>170.3</ele>
      </trkpt>
      <trkpt lat="45.11859" lon="-72.07115">
        <ele>170.5</ele>
      </trkpt>
      <trkpt lat="45.118023" lon="-72.071966">
        <ele>169.7</ele>
      </trkpt>
      <trkpt lat="45.117456" lon="-72.072783">
        <ele>170</ele>
      </trkpt>
      <trkpt lat="45.11689" lon="-72.0736">
        <ele>170.4</ele>
      </trkpt>
      <trkpt lat="45.11631" lon="-72.07439">
        <ele>170.8</ele>
      </trkpt>
      <trkpt lat="45.1163" lon="-72.07439">
        <ele>170.8</ele>
      </trkpt>
      <trkpt lat="45.11603" lon="-72.07477">
        <ele>170.9</ele>
      </trkpt>
      <trkpt lat="45.11576" lon="-72.07508">
        <ele>170.7</ele>
      </trkpt>
      <trkpt lat="45.115082" lon="-72.07583">
        <ele>170.5</ele>
      </trkpt>
      <trkpt lat="45.114405" lon="-72.07658">
        <ele>170.5</ele>
      </trkpt>
      <trkpt lat="45.113727" lon="-72.07733">
        <ele>170.4</ele>
      </trkpt>
      <trkpt lat="45.11305" lon="-72.07808">
        <ele>170.4</ele>
      </trkpt>
      <trkpt lat="45.112372" lon="-72.07883">
        <ele>170.6</ele>
      </trkpt>
      <trkpt lat="45.111695" lon="-72.07958">
        <ele>170.4</ele>
      </trkpt>
      <trkpt lat="45.111017" lon="-72.08033">
        <ele>170.7</ele>
      </trkpt>
      <trkpt lat="45.11034" lon="-72.08108">
        <ele>172</ele>
      </trkpt>
      <trkpt lat="45.10965" lon="-72.08171">
        <ele>173.6</ele>
      </trkpt>
      <trkpt lat="45.10926" lon="-72.08198">
        <ele>173.7</ele>
      </trkpt>
      <trkpt lat="45.10876" lon="-72.0822">
        <ele>173.5</ele>
      </trkpt>
      <trkpt lat="45.108002" lon="-72.082426">
        <ele>173.5</ele>
      </trkpt>
      <trkpt lat="45.107244" lon="-72.082652">
        <ele>174.1</ele>
      </trkpt>
      <trkpt lat="45.106486" lon="-72.082878">
        <ele>174.3</ele>
      </trkpt>
      <trkpt lat="45.105728" lon="-72.083104">
        <ele>174.8</ele>
      </trkpt>
      <trkpt lat="45.10497" lon="-72.08333">
        <ele>175</ele>
      </trkpt>
      <trkpt lat="45.104275" lon="-72.08355">
        <ele>174.6</ele>
      </trkpt>
      <trkpt lat="45.10358" lon="-72.08377">
        <ele>174.6</ele>
      </trkpt>
      <trkpt lat="45.1031" lon="-72.08395">
        <ele>174.8</ele>
      </trkpt>
      <trkpt lat="45.10274" lon="-72.08412">
        <ele>174.9</ele>
      </trkpt>
      <trkpt lat="45.10242" lon="-72.08431">
        <ele>174.4</ele>
      </trkpt>
      <trkpt lat="45.10174" lon="-72.08484">
        <ele>174</ele>
      </trkpt>
      <trkpt lat="45.101175" lon="-72.08533">
        <ele>174.1</ele>
      </trkpt>
      <trkpt lat="45.10061" lon="-72.08582">
        <ele>174.2</ele>
      </trkpt>
      <trkpt lat="45.1006" lon="-72.08582">
        <ele>174.2</ele>
      </trkpt>
      <trkpt lat="45.10006" lon="-72.086295">
        <ele>174.5</ele>
      </trkpt>
      <trkpt lat="45.09952" lon="-72.08677">
        <ele>174.3</ele>
      </trkpt>
      <trkpt lat="45.098784" lon="-72.087378">
        <ele>174.5</ele>
      </trkpt>
      <trkpt lat="45.098048" lon="-72.087987">
        <ele>174.7</ele>
      </trkpt>
      <trkpt lat="45.097312" lon="-72.088595">
        <ele>174.7</ele>
      </trkpt>
      <trkpt lat="45.096577" lon="-72.089204">
        <ele>174.2</ele>
      </trkpt>
      <trkpt lat="45.095841" lon="-72.089812">
        <ele>174</ele>
      </trkpt>
      <trkpt lat="45.095105" lon="-72.090421">
        <ele>173.9</ele>
      </trkpt>
      <trkpt lat="45.09437" lon="-72.09103">
        <ele>174.6</ele>
      </trkpt>
      <trkpt lat="45.09418" lon="-72.09063">
        <ele>173.2</ele>
      </trkpt>
      <trkpt lat="45.09406" lon="-72.09031">
        <ele>172.7</ele>
      </trkpt>
      <trkpt lat="45.09393" lon="-72.09012">
        <ele>172.8</ele>
      </trkpt>
      <trkpt lat="45.09362" lon="-72.08987">
        <ele>173.5</ele>
      </trkpt>
      <trkpt lat="45.09344" lon="-72.0898">
        <ele>173.6</ele>
      </trkpt>
      <trkpt lat="45.09286" lon="-72.08968">
        <ele>177.6</ele>
      </trkpt>
      <trkpt lat="45.09249" lon="-72.0895">
        <ele>182.5</ele>
      </trkpt>
      <trkpt lat="45.09237" lon="-72.08936">
        <ele>182.5</ele>
      </trkpt>
      <trkpt lat="45.09209" lon="-72.08892">
        <ele>188.3</ele>
      </trkpt>
      <trkpt lat="45.09172" lon="-72.088494">
        <ele>193.7</ele>
      </trkpt>
      <trkpt lat="45.09135" lon="-72.08807">
        <ele>201.4</ele>
      </trkpt>
      <trkpt lat="45.09113" lon="-72.08794">
        <ele>201.4</ele>
      </trkpt>
      <trkpt lat="45.091" lon="-72.08792">
        <ele>208.2</ele>
      </trkpt>
      <trkpt lat="45.09081" lon="-72.08792">
        <ele>210.2</ele>
      </trkpt>
      <trkpt lat="45.09072" lon="-72.08793">
        <ele>211.3</ele>
      </trkpt>
      <trkpt lat="45.09062" lon="-72.08801">
        <ele>212.6</ele>
      </trkpt>
      <trkpt lat="45.09045" lon="-72.08819">
        <ele>213.5</ele>
      </trkpt>
      <trkpt lat="45.09029" lon="-72.08838">
        <ele>216.4</ele>
      </trkpt>
      <trkpt lat="45.09004" lon="-72.08878">
        <ele>218.8</ele>
      </trkpt>
      <trkpt lat="45.08982" lon="-72.08903">
        <ele>223.2</ele>
      </trkpt>
      <trkpt lat="45.08982" lon="-72.08904">
        <ele>223.2</ele>
      </trkpt>
      <trkpt lat="45.08918" lon="-72.08968">
        <ele>230.2</ele>
      </trkpt>
      <trkpt lat="45.08859" lon="-72.0901">
        <ele>235.5</ele>
      </trkpt>
      <trkpt lat="45.088" lon="-72.09052">
        <ele>238.2</ele>
      </trkpt>
      <trkpt lat="45.0873" lon="-72.09093">
        <ele>243.2</ele>
      </trkpt>
      <trkpt lat="45.0866" lon="-72.09134">
        <ele>247.8</ele>
      </trkpt>
      <trkpt lat="45.08625" lon="-72.09151">
        <ele>251.1</ele>
      </trkpt>
      <trkpt lat="45.08611" lon="-72.09156">
        <ele>253.5</ele>
      </trkpt>
      <trkpt lat="45.08545" lon="-72.0916">
        <ele>263.3</ele>
      </trkpt>
      <trkpt lat="45.08487" lon="-72.09156">
        <ele>268.9</ele>
      </trkpt>
      <trkpt lat="45.08454" lon="-72.09157">
        <ele>270.6</ele>
      </trkpt>
      <trkpt lat="45.083985" lon="-72.091655">
        <ele>273.5</ele>
      </trkpt>
      <trkpt lat="45.08343" lon="-72.09174">
        <ele>274.4</ele>
      </trkpt>
      <trkpt lat="45.08254" lon="-72.09174">
        <ele>273.8</ele>
      </trkpt>
      <trkpt lat="45.08217" lon="-72.09165">
        <ele>272.8</ele>
      </trkpt>
      <trkpt lat="45.08188" lon="-72.09143">
        <ele>272.5</ele>
      </trkpt>
      <trkpt lat="45.081315" lon="-72.090689">
        <ele>274.1</ele>
      </trkpt>
      <trkpt lat="45.08075" lon="-72.08995">
        <ele>275.6</ele>
      </trkpt>
      <trkpt lat="45.0804" lon="-72.08967">
        <ele>276.5</ele>
      </trkpt>
      <trkpt lat="45.08002" lon="-72.08945">
        <ele>277.3</ele>
      </trkpt>
      <trkpt lat="45.07986" lon="-72.08932">
        <ele>278.5</ele>
      </trkpt>
      <trkpt lat="45.07921" lon="-72.08847">
        <ele>283</ele>
      </trkpt>
      <trkpt lat="45.07873" lon="-72.08793">
        <ele>285.4</ele>
      </trkpt>
      <trkpt lat="45.07835" lon="-72.087389">
        <ele>288.7</ele>
      </trkpt>
      <trkpt lat="45.07797" lon="-72.08685">
        <ele>294.1</ele>
      </trkpt>
      <trkpt lat="45.07781" lon="-72.08672">
        <ele>295.7</ele>
      </trkpt>
      <trkpt lat="45.0772" lon="-72.08631">
        <ele>303</ele>
      </trkpt>
      <trkpt lat="45.07662" lon="-72.08597">
        <ele>310.6</ele>
      </trkpt>
      <trkpt lat="45.07633" lon="-72.08587">
        <ele>311.8</ele>
      </trkpt>
      <trkpt lat="45.07601" lon="-72.08578">
        <ele>310.8</ele>
      </trkpt>
      <trkpt lat="45.07556" lon="-72.08569">
        <ele>307.6</ele>
      </trkpt>
      <trkpt lat="45.074916" lon="-72.085646">
        <ele>305.4</ele>
      </trkpt>
      <trkpt lat="45.074273" lon="-72.085603">
        <ele>304.9</ele>
      </trkpt>
      <trkpt lat="45.07363" lon="-72.08556">
        <ele>305.1</ele>
      </trkpt>
      <trkpt lat="45.072812" lon="-72.085539">
        <ele>305.3</ele>
      </trkpt>
      <trkpt lat="45.071994" lon="-72.085519">
        <ele>306</ele>
      </trkpt>
      <trkpt lat="45.071175" lon="-72.085499">
        <ele>307.6</ele>
      </trkpt>
      <trkpt lat="45.070357" lon="-72.085479">
        <ele>306.1</ele>
      </trkpt>
      <trkpt lat="45.06954" lon="-72.08546">
        <ele>304.4</ele>
      </trkpt>
      <trkpt lat="45.06896" lon="-72.08548">
        <ele>304.4</ele>
      </trkpt>
      <trkpt lat="45.06843" lon="-72.08548">
        <ele>306.1</ele>
      </trkpt>
      <trkpt lat="45.067654" lon="-72.085449">
        <ele>309.3</ele>
      </trkpt>
      <trkpt lat="45.06688" lon="-72.08542">
        <ele>309.4</ele>
      </trkpt>
      <trkpt lat="45.06622" lon="-72.08547">
        <ele>307.6</ele>
      </trkpt>
      <trkpt lat="45.065419" lon="-72.085457">
        <ele>309.4</ele>
      </trkpt>
      <trkpt lat="45.064619" lon="-72.085444">
        <ele>311.3</ele>
      </trkpt>
      <trkpt lat="45.063819" lon="-72.085432">
        <ele>314.3</ele>
      </trkpt>
      <trkpt lat="45.06302" lon="-72.08542">
        <ele>323.6</ele>
      </trkpt>
      <trkpt lat="45.062235" lon="-72.085485">
        <ele>330</ele>
      </trkpt>
      <trkpt lat="45.06145" lon="-72.08555">
        <ele>338</ele>
      </trkpt>
      <trkpt lat="45.060805" lon="-72.085745">
        <ele>342.1</ele>
      </trkpt>
      <trkpt lat="45.06016" lon="-72.08594">
        <ele>341.9</ele>
      </trkpt>
      <trkpt lat="45.06015" lon="-72.08594">
        <ele>341.9</ele>
      </trkpt>
      <trkpt lat="45.05964" lon="-72.0861">
        <ele>340.2</ele>
      </trkpt>
      <trkpt lat="45.0594" lon="-72.08614">
        <ele>339.5</ele>
      </trkpt>
      <trkpt lat="45.05873" lon="-72.086029">
        <ele>336.7</ele>
      </trkpt>
      <trkpt lat="45.05806" lon="-72.08592">
        <ele>334</ele>
      </trkpt>
      <trkpt lat="45.05744" lon="-72.085783">
        <ele>338.1</ele>
      </trkpt>
      <trkpt lat="45.05682" lon="-72.085646">
        <ele>342.7</ele>
      </trkpt>
      <trkpt lat="45.0562" lon="-72.08551">
        <ele>345.7</ele>
      </trkpt>
      <trkpt lat="45.055654" lon="-72.085399">
        <ele>349.4</ele>
      </trkpt>
      <trkpt lat="45.05511" lon="-72.08529">
        <ele>353.4</ele>
      </trkpt>
      <trkpt lat="45.05437" lon="-72.0851">
        <ele>354.8</ele>
      </trkpt>
      <trkpt lat="45.05386" lon="-72.0849">
        <ele>357.3</ele>
      </trkpt>
      <trkpt lat="45.053175" lon="-72.084559">
        <ele>352.9</ele>
      </trkpt>
      <trkpt lat="45.05249" lon="-72.08422">
        <ele>348.6</ele>
      </trkpt>
      <trkpt lat="45.05226" lon="-72.08417">
        <ele>347.8</ele>
      </trkpt>
      <trkpt lat="45.05201" lon="-72.08417">
        <ele>347.3</ele>
      </trkpt>
      <trkpt lat="45.05172" lon="-72.08422">
        <ele>347.6</ele>
      </trkpt>
      <trkpt lat="45.05158" lon="-72.08418">
        <ele>348.1</ele>
      </trkpt>
      <trkpt lat="45.05149" lon="-72.08413">
        <ele>348.6</ele>
      </trkpt>
      <trkpt lat="45.05143" lon="-72.08408">
        <ele>348.6</ele>
      </trkpt>
      <trkpt lat="45.0514" lon="-72.08394">
        <ele>349.4</ele>
      </trkpt>
      <trkpt lat="45.05141" lon="-72.08354">
        <ele>351.1</ele>
      </trkpt>
      <trkpt lat="45.05136" lon="-72.08337">
        <ele>351.3</ele>
      </trkpt>
      <trkpt lat="45.05088" lon="-72.08265">
        <ele>352.8</ele>
      </trkpt>
      <trkpt lat="45.05031" lon="-72.081819">
        <ele>351.3</ele>
      </trkpt>
      <trkpt lat="45.04974" lon="-72.08099">
        <ele>352.7</ele>
      </trkpt>
      <trkpt lat="45.04932" lon="-72.08027">
        <ele>355.9</ele>
      </trkpt>
      <trkpt lat="45.04908" lon="-72.07973">
        <ele>356.3</ele>
      </trkpt>
      <trkpt lat="45.0489" lon="-72.07921">
        <ele>356.7</ele>
      </trkpt>
      <trkpt lat="45.04883" lon="-72.07893">
        <ele>356.9</ele>
      </trkpt>
      <trkpt lat="45.04879" lon="-72.07866">
        <ele>357.6</ele>
      </trkpt>
      <trkpt lat="45.04876" lon="-72.07809">
        <ele>358.6</ele>
      </trkpt>
      <trkpt lat="45.04877" lon="-72.077289">
        <ele>360.4</ele>
      </trkpt>
      <trkpt lat="45.04878" lon="-72.07649">
        <ele>363.3</ele>
      </trkpt>
      <trkpt lat="45.04878" lon="-72.0765">
        <ele>363.3</ele>
      </trkpt>
      <trkpt lat="45.04879" lon="-72.07576">
        <ele>370.4</ele>
      </trkpt>
      <trkpt lat="45.04877" lon="-72.07527">
        <ele>373</ele>
      </trkpt>
      <trkpt lat="45.04872" lon="-72.07487">
        <ele>374.9</ele>
      </trkpt>
      <trkpt lat="45.04854" lon="-72.07423">
        <ele>379.7</ele>
      </trkpt>
      <trkpt lat="45.048183" lon="-72.073373">
        <ele>378.2</ele>
      </trkpt>
      <trkpt lat="45.047826" lon="-72.072516">
        <ele>373.7</ele>
      </trkpt>
      <trkpt lat="45.04747" lon="-72.07166">
        <ele>371.7</ele>
      </trkpt>
      <trkpt lat="45.04752" lon="-72.07141">
        <ele>370.4</ele>
      </trkpt>
      <trkpt lat="45.04764" lon="-72.07095">
        <ele>368.9</ele>
      </trkpt>
      <trkpt lat="45.046932" lon="-72.071477">
        <ele>365.7</ele>
      </trkpt>
      <trkpt lat="45.046225" lon="-72.072004">
        <ele>361.6</ele>
      </trkpt>
      <trkpt lat="45.045518" lon="-72.072531">
        <ele>359.8</ele>
      </trkpt>
      <trkpt lat="45.044811" lon="-72.073058">
        <ele>358.3</ele>
      </trkpt>
      <trkpt lat="45.044104" lon="-72.073585">
        <ele>357.7</ele>
      </trkpt>
      <trkpt lat="45.043397" lon="-72.074112">
        <ele>356.6</ele>
      </trkpt>
      <trkpt lat="45.04269" lon="-72.07464">
        <ele>356.1</ele>
      </trkpt>
      <trkpt lat="45.042" lon="-72.075165">
        <ele>354</ele>
      </trkpt>
      <trkpt lat="45.04131" lon="-72.07569">
        <ele>350.3</ele>
      </trkpt>
      <trkpt lat="45.04062" lon="-72.076215">
        <ele>345.7</ele>
      </trkpt>
      <trkpt lat="45.03993" lon="-72.07674">
        <ele>343.5</ele>
      </trkpt>
      <trkpt lat="45.039307" lon="-72.077195">
        <ele>343.3</ele>
      </trkpt>
      <trkpt lat="45.038685" lon="-72.07765">
        <ele>344.1</ele>
      </trkpt>
      <trkpt lat="45.038062" lon="-72.078105">
        <ele>345</ele>
      </trkpt>
      <trkpt lat="45.03744" lon="-72.07856">
        <ele>344.9</ele>
      </trkpt>
      <trkpt lat="45.036748" lon="-72.079092">
        <ele>344.1</ele>
      </trkpt>
      <trkpt lat="45.036056" lon="-72.079624">
        <ele>342.6</ele>
      </trkpt>
      <trkpt lat="45.035364" lon="-72.080156">
        <ele>340.3</ele>
      </trkpt>
      <trkpt lat="45.034672" lon="-72.080688">
        <ele>337</ele>
      </trkpt>
      <trkpt lat="45.03398" lon="-72.08122">
        <ele>333.4</ele>
      </trkpt>
      <trkpt lat="45.0334" lon="-72.08162">
        <ele>330.3</ele>
      </trkpt>
      <trkpt lat="45.03277" lon="-72.08198">
        <ele>327.9</ele>
      </trkpt>
      <trkpt lat="45.03241" lon="-72.08216">
        <ele>325.9</ele>
      </trkpt>
      <trkpt lat="45.03189" lon="-72.08233">
        <ele>324.2</ele>
      </trkpt>
      <trkpt lat="45.03148" lon="-72.08239">
        <ele>321</ele>
      </trkpt>
      <trkpt lat="45.03102" lon="-72.08238">
        <ele>318.7</ele>
      </trkpt>
      <trkpt lat="45.03059" lon="-72.08233">
        <ele>317.6</ele>
      </trkpt>
      <trkpt lat="45.029815" lon="-72.082059">
        <ele>315.6</ele>
      </trkpt>
      <trkpt lat="45.02904" lon="-72.08179">
        <ele>316.1</ele>
      </trkpt>
      <trkpt lat="45.02879" lon="-72.08175">
        <ele>316.8</ele>
      </trkpt>
      <trkpt lat="45.02858" lon="-72.08175">
        <ele>317.3</ele>
      </trkpt>
      <trkpt lat="45.02818" lon="-72.0818">
        <ele>318.6</ele>
      </trkpt>
      <trkpt lat="45.02798" lon="-72.08184">
        <ele>319.3</ele>
      </trkpt>
      <trkpt lat="45.02776" lon="-72.08193">
        <ele>319.8</ele>
      </trkpt>
      <trkpt lat="45.02747" lon="-72.08211">
        <ele>320.4</ele>
      </trkpt>
      <trkpt lat="45.026686" lon="-72.08265">
        <ele>321</ele>
      </trkpt>
      <trkpt lat="45.025903" lon="-72.08319">
        <ele>322.3</ele>
      </trkpt>
      <trkpt lat="45.02512" lon="-72.08373">
        <ele>325.4</ele>
      </trkpt>
      <trkpt lat="45.02471" lon="-72.08399">
        <ele>326.7</ele>
      </trkpt>
      <trkpt lat="45.02451" lon="-72.08408">
        <ele>326.7</ele>
      </trkpt>
      <trkpt lat="45.02415" lon="-72.08421">
        <ele>328</ele>
      </trkpt>
      <trkpt lat="45.02367" lon="-72.08425">
        <ele>329.3</ele>
      </trkpt>
      <trkpt lat="45.023546" lon="-72.085456">
        <ele>329.4</ele>
      </trkpt>
      <trkpt lat="45.023423" lon="-72.086663">
        <ele>328.9</ele>
      </trkpt>
      <trkpt lat="45.0233" lon="-72.08787">
        <ele>328.5</ele>
      </trkpt>
      <trkpt lat="45.02326" lon="-72.08864">
        <ele>328.6</ele>
      </trkpt>
      <trkpt lat="45.022521" lon="-72.089151">
        <ele>329.4</ele>
      </trkpt>
      <trkpt lat="45.021783" lon="-72.089663">
        <ele>329.4</ele>
      </trkpt>
      <trkpt lat="45.021045" lon="-72.090175">
        <ele>328.6</ele>
      </trkpt>
      <trkpt lat="45.020306" lon="-72.090686">
        <ele>327.8</ele>
      </trkpt>
      <trkpt lat="45.019568" lon="-72.091198">
        <ele>327</ele>
      </trkpt>
      <trkpt lat="45.01883" lon="-72.09171">
        <ele>326.4</ele>
      </trkpt>
      <trkpt lat="45.01882" lon="-72.09171">
        <ele>326.4</ele>
      </trkpt>
      <trkpt lat="45.01855" lon="-72.09191">
        <ele>326.3</ele>
      </trkpt>
      <trkpt lat="45.018813" lon="-72.092803">
        <ele>325.7</ele>
      </trkpt>
      <trkpt lat="45.019076" lon="-72.093696">
        <ele>324.4</ele>
      </trkpt>
      <trkpt lat="45.01934" lon="-72.09459">
        <ele>322</ele>
      </trkpt>
      <trkpt lat="45.01965" lon="-72.0955">
        <ele>316.9</ele>
      </trkpt>
      <trkpt lat="45.01978" lon="-72.09616">
        <ele>312.4</ele>
      </trkpt>
      <trkpt lat="45.01983" lon="-72.09665">
        <ele>309.7</ele>
      </trkpt>
      <trkpt lat="45.019915" lon="-72.097584">
        <ele>307.7</ele>
      </trkpt>
      <trkpt lat="45.02" lon="-72.09852">
        <ele>303.5</ele>
      </trkpt>
      <trkpt lat="45.020055" lon="-72.099589">
        <ele>299.3</ele>
      </trkpt>
      <trkpt lat="45.02011" lon="-72.100659">
        <ele>297.7</ele>
      </trkpt>
      <trkpt lat="45.020165" lon="-72.101729">
        <ele>295.2</ele>
      </trkpt>
      <trkpt lat="45.02022" lon="-72.1028">
        <ele>295.9</ele>
      </trkpt>
      <trkpt lat="45.02025" lon="-72.10365">
        <ele>296.1</ele>
      </trkpt>
      <trkpt lat="45.020215" lon="-72.10434">
        <ele>295.4</ele>
      </trkpt>
      <trkpt lat="45.02018" lon="-72.10503">
        <ele>295</ele>
      </trkpt>
      <trkpt lat="45.02019" lon="-72.10563">
        <ele>294.7</ele>
      </trkpt>
      <trkpt lat="45.02024" lon="-72.10659">
        <ele>291.7</ele>
      </trkpt>
      <trkpt lat="45.02033" lon="-72.107219">
        <ele>289</ele>
      </trkpt>
      <trkpt lat="45.02042" lon="-72.10785">
        <ele>288</ele>
      </trkpt>
      <trkpt lat="45.02052" lon="-72.10875">
        <ele>285.3</ele>
      </trkpt>
      <trkpt lat="45.02055" lon="-72.109404">
        <ele>284.3</ele>
      </trkpt>
      <trkpt lat="45.02058" lon="-72.11006">
        <ele>281.4</ele>
      </trkpt>
      <trkpt lat="45.02058" lon="-72.110839">
        <ele>277.6</ele>
      </trkpt>
      <trkpt lat="45.02058" lon="-72.11162">
        <ele>271.9</ele>
      </trkpt>
      <trkpt lat="45.02058" lon="-72.11163">
        <ele>271.9</ele>
      </trkpt>
      <trkpt lat="45.02051" lon="-72.11269">
        <ele>265.5</ele>
      </trkpt>
      <trkpt lat="45.020376" lon="-72.113536">
        <ele>262.4</ele>
      </trkpt>
      <trkpt lat="45.020243" lon="-72.114383">
        <ele>260.8</ele>
      </trkpt>
      <trkpt lat="45.02011" lon="-72.11523">
        <ele>260.2</ele>
      </trkpt>
      <trkpt lat="45.01999" lon="-72.11613">
        <ele>260.1</ele>
      </trkpt>
      <trkpt lat="45.019905" lon="-72.117125">
        <ele>263.6</ele>
      </trkpt>
      <trkpt lat="45.01982" lon="-72.11812">
        <ele>268.3</ele>
      </trkpt>
      <trkpt lat="45.01971" lon="-72.11878">
        <ele>268.4</ele>
      </trkpt>
      <trkpt lat="45.019475" lon="-72.11972">
        <ele>269.9</ele>
      </trkpt>
      <trkpt lat="45.01924" lon="-72.12066">
        <ele>274.4</ele>
      </trkpt>
      <trkpt lat="45.01899" lon="-72.1214">
        <ele>279.4</ele>
      </trkpt>
      <trkpt lat="45.01874" lon="-72.12214">
        <ele>280.9</ele>
      </trkpt>
      <trkpt lat="45.01867" lon="-72.12239">
        <ele>281.1</ele>
      </trkpt>
      <trkpt lat="45.01867" lon="-72.1224">
        <ele>281.1</ele>
      </trkpt>
      <trkpt lat="45.01839" lon="-72.12356">
        <ele>281.5</ele>
      </trkpt>
      <trkpt lat="45.018285" lon="-72.12421">
        <ele>281.4</ele>
      </trkpt>
      <trkpt lat="45.01818" lon="-72.12486">
        <ele>280</ele>
      </trkpt>
      <trkpt lat="45.01812" lon="-72.12504">
        <ele>279.9</ele>
      </trkpt>
      <trkpt lat="45.01808" lon="-72.12508">
        <ele>279.9</ele>
      </trkpt>
      <trkpt lat="45.01796" lon="-72.12514">
        <ele>280.4</ele>
      </trkpt>
      <trkpt lat="45.01765" lon="-72.12509">
        <ele>280.5</ele>
      </trkpt>
      <trkpt lat="45.01716" lon="-72.12494">
        <ele>280.5</ele>
      </trkpt>
      <trkpt lat="45.01669" lon="-72.12482">
        <ele>281.1</ele>
      </trkpt>
      <trkpt lat="45.016" lon="-72.12478">
        <ele>281.8</ele>
      </trkpt>
      <trkpt lat="45.01581" lon="-72.12465">
        <ele>281.9</ele>
      </trkpt>
      <trkpt lat="45.01542" lon="-72.124129">
        <ele>282</ele>
      </trkpt>
      <trkpt lat="45.01503" lon="-72.12361">
        <ele>279.2</ele>
      </trkpt>
      <trkpt lat="45.01492" lon="-72.12352">
        <ele>278.8</ele>
      </trkpt>
      <trkpt lat="45.01482" lon="-72.12352">
        <ele>278.5</ele>
      </trkpt>
      <trkpt lat="45.01439" lon="-72.12353">
        <ele>277.7</ele>
      </trkpt>
      <trkpt lat="45.01405" lon="-72.12348">
        <ele>277.8</ele>
      </trkpt>
      <trkpt lat="45.01394" lon="-72.12339">
        <ele>277.8</ele>
      </trkpt>
      <trkpt lat="45.01367" lon="-72.1229">
        <ele>278.6</ele>
      </trkpt>
      <trkpt lat="45.01341" lon="-72.12219">
        <ele>276.3</ele>
      </trkpt>
      <trkpt lat="45.01327" lon="-72.12178">
        <ele>273.5</ele>
      </trkpt>
      <trkpt lat="45.01288" lon="-72.12088">
        <ele>272.9</ele>
      </trkpt>
      <trkpt lat="45.012535" lon="-72.119919">
        <ele>273</ele>
      </trkpt>
      <trkpt lat="45.01219" lon="-72.11896">
        <ele>272</ele>
      </trkpt>
      <trkpt lat="45.01185" lon="-72.118284">
        <ele>271.3</ele>
      </trkpt>
      <trkpt lat="45.01151" lon="-72.11761">
        <ele>272.8</ele>
      </trkpt>
      <trkpt lat="45.01132" lon="-72.1173">
        <ele>272.2</ele>
      </trkpt>
      <trkpt lat="45.01111" lon="-72.11705">
        <ele>269.6</ele>
      </trkpt>
      <trkpt lat="45.0103" lon="-72.11661">
        <ele>275.3</ele>
      </trkpt>
      <trkpt lat="45.00961" lon="-72.11614">
        <ele>275.3</ele>
      </trkpt>
      <trkpt lat="45.00931" lon="-72.11606">
        <ele>273.3</ele>
      </trkpt>
      <trkpt lat="45.00907" lon="-72.11608">
        <ele>271.6</ele>
      </trkpt>
      <trkpt lat="45.00874" lon="-72.11618">
        <ele>266.6</ele>
      </trkpt>
      <trkpt lat="45.00836" lon="-72.11649">
        <ele>262.7</ele>
      </trkpt>
      <trkpt lat="45.00875" lon="-72.117384">
        <ele>260.7</ele>
      </trkpt>
      <trkpt lat="45.00914" lon="-72.11828">
        <ele>259.6</ele>
      </trkpt>
      <trkpt lat="45.00928" lon="-72.11862">
        <ele>259.3</ele>
      </trkpt>
      <trkpt lat="45.00941" lon="-72.11904">
        <ele>258.8</ele>
      </trkpt>
      <trkpt lat="45.00945" lon="-72.11932">
        <ele>258.6</ele>
      </trkpt>
      <trkpt lat="45.00948" lon="-72.1198">
        <ele>258.1</ele>
      </trkpt>
      <trkpt lat="45.0094" lon="-72.12076">
        <ele>256.4</ele>
      </trkpt>
      <trkpt lat="45.00937" lon="-72.12159">
        <ele>255.4</ele>
      </trkpt>
      <trkpt lat="45.00937" lon="-72.1216">
        <ele>255.4</ele>
      </trkpt>
      <trkpt lat="45.009326" lon="-72.122766">
        <ele>254.1</ele>
      </trkpt>
      <trkpt lat="45.009283" lon="-72.123933">
        <ele>252.7</ele>
      </trkpt>
      <trkpt lat="45.00924" lon="-72.1251">
        <ele>251.3</ele>
      </trkpt>
      <trkpt lat="45.009183" lon="-72.126233">
        <ele>250.3</ele>
      </trkpt>
      <trkpt lat="45.009126" lon="-72.127366">
        <ele>249.6</ele>
      </trkpt>
      <trkpt lat="45.00907" lon="-72.1285">
        <ele>248.3</ele>
      </trkpt>
      <trkpt lat="45.00907" lon="-72.12851">
        <ele>248.3</ele>
      </trkpt>
      <trkpt lat="45.00904" lon="-72.1292">
        <ele>247.7</ele>
      </trkpt>
      <trkpt lat="45.00901" lon="-72.12989">
        <ele>247.1</ele>
      </trkpt>
      <trkpt lat="45.00897" lon="-72.13037">
        <ele>246.6</ele>
      </trkpt>
      <trkpt lat="45.00874" lon="-72.13112">
        <ele>245.6</ele>
      </trkpt>
      <trkpt lat="45.00856" lon="-72.13149">
        <ele>245.4</ele>
      </trkpt>
      <trkpt lat="45.00838" lon="-72.13176">
        <ele>245</ele>
      </trkpt>
      <trkpt lat="45.00816" lon="-72.13198">
        <ele>244.8</ele>
      </trkpt>
      <trkpt lat="45.00758" lon="-72.13239">
        <ele>243.8</ele>
      </trkpt>
      <trkpt lat="45.00724" lon="-72.13257">
        <ele>243.8</ele>
      </trkpt>
      <trkpt lat="45.00685" lon="-72.13288">
        <ele>243.2</ele>
      </trkpt>
      <trkpt lat="45.00663" lon="-72.13316">
        <ele>242.8</ele>
      </trkpt>
      <trkpt lat="45.0065" lon="-72.13346">
        <ele>242.4</ele>
      </trkpt>
      <trkpt lat="45.00643" lon="-72.13369">
        <ele>242.4</ele>
      </trkpt>
      <trkpt lat="45.00641" lon="-72.13396">
        <ele>242.4</ele>
      </trkpt>
      <trkpt lat="45.00642" lon="-72.13458">
        <ele>241.8</ele>
      </trkpt>
      <trkpt lat="45.00646" lon="-72.13489">
        <ele>241.7</ele>
      </trkpt>
      <trkpt lat="45.00668" lon="-72.13598">
        <ele>240.6</ele>
      </trkpt>
      <trkpt lat="45.006826" lon="-72.136933">
        <ele>239.7</ele>
      </trkpt>
      <trkpt lat="45.006973" lon="-72.137886">
        <ele>239</ele>
      </trkpt>
      <trkpt lat="45.00712" lon="-72.13884">
        <ele>238.2</ele>
      </trkpt>
      <trkpt lat="45.00716" lon="-72.13906">
        <ele>238.1</ele>
      </trkpt>
      <trkpt lat="45.00735" lon="-72.13987">
        <ele>237.4</ele>
      </trkpt>
      <trkpt lat="45.007625" lon="-72.140729">
        <ele>236.9</ele>
      </trkpt>
      <trkpt lat="45.0079" lon="-72.14159">
        <ele>236.4</ele>
      </trkpt>
      <trkpt lat="45.00819" lon="-72.142614">
        <ele>235.2</ele>
      </trkpt>
      <trkpt lat="45.00848" lon="-72.14364">
        <ele>235.5</ele>
      </trkpt>
      <trkpt lat="45.009232" lon="-72.144122">
        <ele>234.3</ele>
      </trkpt>
      <trkpt lat="45.009985" lon="-72.144604">
        <ele>233.5</ele>
      </trkpt>
      <trkpt lat="45.010737" lon="-72.145087">
        <ele>232.6</ele>
      </trkpt>
      <trkpt lat="45.01149" lon="-72.14557">
        <ele>232.1</ele>
      </trkpt>
      <trkpt lat="45.01147" lon="-72.14614">
        <ele>231.6</ele>
      </trkpt>
      <trkpt lat="45.01147" lon="-72.14615">
        <ele>231.6</ele>
      </trkpt>
      <trkpt lat="45.01143" lon="-72.147418">
        <ele>230.8</ele>
      </trkpt>
      <trkpt lat="45.01139" lon="-72.148686">
        <ele>230.1</ele>
      </trkpt>
      <trkpt lat="45.01135" lon="-72.149954">
        <ele>229.9</ele>
      </trkpt>
      <trkpt lat="45.01131" lon="-72.151222">
        <ele>229.9</ele>
      </trkpt>
      <trkpt lat="45.01127" lon="-72.15249">
        <ele>229.6</ele>
      </trkpt>
      <trkpt lat="45.01124" lon="-72.153565">
        <ele>229.3</ele>
      </trkpt>
      <trkpt lat="45.01121" lon="-72.15464">
        <ele>228.9</ele>
      </trkpt>
      <trkpt lat="45.01118" lon="-72.155715">
        <ele>228.4</ele>
      </trkpt>
      <trkpt lat="45.01115" lon="-72.15679">
        <ele>227.3</ele>
      </trkpt>
      <trkpt lat="45.011135" lon="-72.15791">
        <ele>226.2</ele>
      </trkpt>
      <trkpt lat="45.01112" lon="-72.15903">
        <ele>225.8</ele>
      </trkpt>
      <trkpt lat="45.011105" lon="-72.16015">
        <ele>224.6</ele>
      </trkpt>
      <trkpt lat="45.01109" lon="-72.16127">
        <ele>221.3</ele>
      </trkpt>
      <trkpt lat="45.011075" lon="-72.16239">
        <ele>219.3</ele>
      </trkpt>
      <trkpt lat="45.01106" lon="-72.16351">
        <ele>223.5</ele>
      </trkpt>
      <trkpt lat="45.011045" lon="-72.16463">
        <ele>230.6</ele>
      </trkpt>
      <trkpt lat="45.01103" lon="-72.16575">
        <ele>241.8</ele>
      </trkpt>
      <trkpt lat="45.01103" lon="-72.16576">
        <ele>241.8</ele>
      </trkpt>
      <trkpt lat="45.011013" lon="-72.16687">
        <ele>247.1</ele>
      </trkpt>
      <trkpt lat="45.010996" lon="-72.16798">
        <ele>246.7</ele>
      </trkpt>
      <trkpt lat="45.01098" lon="-72.16909">
        <ele>242.8</ele>
      </trkpt>
      <trkpt lat="45.010963" lon="-72.1702">
        <ele>241.7</ele>
      </trkpt>
      <trkpt lat="45.010946" lon="-72.17131">
        <ele>234.7</ele>
      </trkpt>
      <trkpt lat="45.01093" lon="-72.17242">
        <ele>228.9</ele>
      </trkpt>
      <trkpt lat="45.010947" lon="-72.173549">
        <ele>228.5</ele>
      </trkpt>
      <trkpt lat="45.010965" lon="-72.174679">
        <ele>231.6</ele>
      </trkpt>
      <trkpt lat="45.010982" lon="-72.175809">
        <ele>237.7</ele>
      </trkpt>
      <trkpt lat="45.011" lon="-72.17694">
        <ele>247.7</ele>
      </trkpt>
      <trkpt lat="45.01099" lon="-72.178026">
        <ele>252.8</ele>
      </trkpt>
      <trkpt lat="45.01098" lon="-72.179113">
        <ele>256.9</ele>
      </trkpt>
      <trkpt lat="45.01097" lon="-72.1802">
        <ele>257.8</ele>
      </trkpt>
      <trkpt lat="45.01102" lon="-72.18067">
        <ele>257.5</ele>
      </trkpt>
      <trkpt lat="45.01098" lon="-72.18142">
        <ele>257.6</ele>
      </trkpt>
      <trkpt lat="45.01094" lon="-72.18217">
        <ele>260.3</ele>
      </trkpt>
      <trkpt lat="45.01095" lon="-72.1823">
        <ele>260.9</ele>
      </trkpt>
      <trkpt lat="45.010937" lon="-72.183423">
        <ele>266.6</ele>
      </trkpt>
      <trkpt lat="45.010925" lon="-72.184547">
        <ele>268.4</ele>
      </trkpt>
      <trkpt lat="45.010912" lon="-72.185671">
        <ele>262.6</ele>
      </trkpt>
      <trkpt lat="45.0109" lon="-72.186795">
        <ele>255.9</ele>
      </trkpt>
      <trkpt lat="45.010887" lon="-72.187918">
        <ele>248.5</ele>
      </trkpt>
      <trkpt lat="45.010875" lon="-72.189042">
        <ele>245.9</ele>
      </trkpt>
      <trkpt lat="45.010862" lon="-72.190166">
        <ele>245.4</ele>
      </trkpt>
      <trkpt lat="45.01085" lon="-72.19129">
        <ele>246.5</ele>
      </trkpt>
      <trkpt lat="45.01085" lon="-72.1913">
        <ele>246.6</ele>
      </trkpt>
      <trkpt lat="45.01086" lon="-72.1917">
        <ele>247.4</ele>
      </trkpt>
      <trkpt lat="45.01105" lon="-72.19265">
        <ele>239.4</ele>
      </trkpt>
      <trkpt lat="45.01109" lon="-72.19314">
        <ele>236.2</ele>
      </trkpt>
      <trkpt lat="45.01101" lon="-72.19421">
        <ele>225.8</ele>
      </trkpt>
      <trkpt lat="45.01084" lon="-72.19497">
        <ele>219.2</ele>
      </trkpt>
      <trkpt lat="45.01073" lon="-72.19619">
        <ele>217.5</ele>
      </trkpt>
      <trkpt lat="45.01058" lon="-72.19691">
        <ele>216.7</ele>
      </trkpt>
      <trkpt lat="45.01059" lon="-72.19775">
        <ele>216.7</ele>
      </trkpt>
      <trkpt lat="45.01062" lon="-72.198419">
        <ele>216.5</ele>
      </trkpt>
      <trkpt lat="45.01065" lon="-72.19909">
        <ele>216.6</ele>
      </trkpt>
      <trkpt lat="45.01066" lon="-72.199973">
        <ele>216.5</ele>
      </trkpt>
      <trkpt lat="45.01067" lon="-72.200856">
        <ele>217.8</ele>
      </trkpt>
      <trkpt lat="45.01068" lon="-72.20174">
        <ele>219.1</ele>
      </trkpt>
      <trkpt lat="45.01075" lon="-72.20231">
        <ele>220.5</ele>
      </trkpt>
      <trkpt lat="45.01081" lon="-72.20254">
        <ele>221.3</ele>
      </trkpt>
      <trkpt lat="45.01125" lon="-72.20354">
        <ele>229</ele>
      </trkpt>
      <trkpt lat="45.01174" lon="-72.20447">
        <ele>235.2</ele>
      </trkpt>
      <trkpt lat="45.01203" lon="-72.20518">
        <ele>242.9</ele>
      </trkpt>
      <trkpt lat="45.01211" lon="-72.20554">
        <ele>245.9</ele>
      </trkpt>
      <trkpt lat="45.01206" lon="-72.20599">
        <ele>251.5</ele>
      </trkpt>
      <trkpt lat="45.01205" lon="-72.2063">
        <ele>254.8</ele>
      </trkpt>
      <trkpt lat="45.0121" lon="-72.20644">
        <ele>255.5</ele>
      </trkpt>
      <trkpt lat="45.01218" lon="-72.20653">
        <ele>257</ele>
      </trkpt>
      <trkpt lat="45.01231" lon="-72.20662">
        <ele>258.2</ele>
      </trkpt>
      <trkpt lat="45.01258" lon="-72.20673">
        <ele>259.6</ele>
      </trkpt>
      <trkpt lat="45.01321" lon="-72.20694">
        <ele>262</ele>
      </trkpt>
      <trkpt lat="45.013695" lon="-72.207069">
        <ele>259.1</ele>
      </trkpt>
      <trkpt lat="45.01418" lon="-72.2072">
        <ele>254.3</ele>
      </trkpt>
      <trkpt lat="45.01443" lon="-72.20729">
        <ele>253.4</ele>
      </trkpt>
      <trkpt lat="45.01474" lon="-72.20747">
        <ele>251.6</ele>
      </trkpt>
      <trkpt lat="45.01524" lon="-72.207654">
        <ele>245.5</ele>
      </trkpt>
      <trkpt lat="45.01574" lon="-72.20784">
        <ele>238.7</ele>
      </trkpt>
      <trkpt lat="45.01599" lon="-72.20796">
        <ele>236.3</ele>
      </trkpt>
      <trkpt lat="45.01649" lon="-72.20824">
        <ele>234.3</ele>
      </trkpt>
      <trkpt lat="45.01688" lon="-72.20851">
        <ele>234.2</ele>
      </trkpt>
      <trkpt lat="45.01744" lon="-72.20899">
        <ele>233.7</ele>
      </trkpt>
      <trkpt lat="45.01796" lon="-72.20938">
        <ele>233.2</ele>
      </trkpt>
      <trkpt lat="45.01842" lon="-72.20972">
        <ele>232.4</ele>
      </trkpt>
      <trkpt lat="45.019055" lon="-72.210279">
        <ele>231.2</ele>
      </trkpt>
      <trkpt lat="45.01969" lon="-72.21084">
        <ele>227.1</ele>
      </trkpt>
      <trkpt lat="45.02004" lon="-72.2111">
        <ele>226.5</ele>
      </trkpt>
      <trkpt lat="45.02045" lon="-72.211364">
        <ele>225.4</ele>
      </trkpt>
      <trkpt lat="45.02086" lon="-72.21163">
        <ele>224.6</ele>
      </trkpt>
      <trkpt lat="45.02108" lon="-72.21167">
        <ele>224.1</ele>
      </trkpt>
      <trkpt lat="45.02128" lon="-72.21216">
        <ele>221.7</ele>
      </trkpt>
      <trkpt lat="45.02138" lon="-72.21231">
        <ele>221</ele>
      </trkpt>
      <trkpt lat="45.021775" lon="-72.212844">
        <ele>215.7</ele>
      </trkpt>
      <trkpt lat="45.02217" lon="-72.21338">
        <ele>213.6</ele>
      </trkpt>
      <trkpt lat="45.02241" lon="-72.21361">
        <ele>213.2</ele>
      </trkpt>
      <trkpt lat="45.02287" lon="-72.21397">
        <ele>212.2</ele>
      </trkpt>
      <trkpt lat="45.0232" lon="-72.21414">
        <ele>212.1</ele>
      </trkpt>
      <trkpt lat="45.02366" lon="-72.21427">
        <ele>213.1</ele>
      </trkpt>
      <trkpt lat="45.02447" lon="-72.2143">
        <ele>214.9</ele>
      </trkpt>
      <trkpt lat="45.02514" lon="-72.21422">
        <ele>216</ele>
      </trkpt>
      <trkpt lat="45.02583" lon="-72.214146">
        <ele>217.9</ele>
      </trkpt>
      <trkpt lat="45.02652" lon="-72.214073">
        <ele>220.5</ele>
      </trkpt>
      <trkpt lat="45.02721" lon="-72.214">
        <ele>223</ele>
      </trkpt>
      <trkpt lat="45.02757" lon="-72.21392">
        <ele>224.4</ele>
      </trkpt>
      <trkpt lat="45.028" lon="-72.21391">
        <ele>225.7</ele>
      </trkpt>
      <trkpt lat="45.02833" lon="-72.21391">
        <ele>228</ele>
      </trkpt>
      <trkpt lat="45.0288" lon="-72.21405">
        <ele>229.5</ele>
      </trkpt>
      <trkpt lat="45.02942" lon="-72.21442">
        <ele>230.5</ele>
      </trkpt>
      <trkpt lat="45.02974" lon="-72.21472">
        <ele>230.2</ele>
      </trkpt>
      <trkpt lat="45.02998" lon="-72.21504">
        <ele>229.3</ele>
      </trkpt>
      <trkpt lat="45.03013" lon="-72.2153">
        <ele>228.5</ele>
      </trkpt>
      <trkpt lat="45.03033" lon="-72.21571">
        <ele>226.3</ele>
      </trkpt>
      <trkpt lat="45.0308" lon="-72.216669">
        <ele>221.9</ele>
      </trkpt>
      <trkpt lat="45.03127" lon="-72.21763">
        <ele>219.1</ele>
      </trkpt>
      <trkpt lat="45.03146" lon="-72.21795">
        <ele>218.8</ele>
      </trkpt>
      <trkpt lat="45.03168" lon="-72.21826">
        <ele>218.1</ele>
      </trkpt>
      <trkpt lat="45.03188" lon="-72.21844">
        <ele>217.8</ele>
      </trkpt>
      <trkpt lat="45.03209" lon="-72.21854">
        <ele>217.6</ele>
      </trkpt>
      <trkpt lat="45.03262" lon="-72.21875">
        <ele>217.5</ele>
      </trkpt>
      <trkpt lat="45.033055" lon="-72.218974">
        <ele>218.1</ele>
      </trkpt>
      <trkpt lat="45.03349" lon="-72.2192">
        <ele>219.1</ele>
      </trkpt>
      <trkpt lat="45.03382" lon="-72.21942">
        <ele>220.3</ele>
      </trkpt>
      <trkpt lat="45.034343" lon="-72.219869">
        <ele>224</ele>
      </trkpt>
      <trkpt lat="45.034866" lon="-72.220319">
        <ele>228.8</ele>
      </trkpt>
      <trkpt lat="45.03539" lon="-72.22077">
        <ele>232.1</ele>
      </trkpt>
      <trkpt lat="45.03564" lon="-72.22103">
        <ele>232.7</ele>
      </trkpt>
      <trkpt lat="45.036095" lon="-72.221544">
        <ele>233.9</ele>
      </trkpt>
      <trkpt lat="45.03655" lon="-72.22206">
        <ele>235.2</ele>
      </trkpt>
      <trkpt lat="45.0367" lon="-72.22224">
        <ele>236.1</ele>
      </trkpt>
      <trkpt lat="45.03705" lon="-72.222844">
        <ele>236.5</ele>
      </trkpt>
      <trkpt lat="45.0374" lon="-72.22345">
        <ele>231.7</ele>
      </trkpt>
      <trkpt lat="45.03781" lon="-72.22426">
        <ele>225.6</ele>
      </trkpt>
      <trkpt lat="45.03832" lon="-72.22519">
        <ele>223.2</ele>
      </trkpt>
      <trkpt lat="45.03863" lon="-72.225849">
        <ele>221.5</ele>
      </trkpt>
      <trkpt lat="45.03894" lon="-72.22651">
        <ele>217.1</ele>
      </trkpt>
      <trkpt lat="45.03922" lon="-72.22703">
        <ele>211.4</ele>
      </trkpt>
      <trkpt lat="45.03944" lon="-72.22726">
        <ele>210.4</ele>
      </trkpt>
      <trkpt lat="45.03984" lon="-72.22744">
        <ele>210.4</ele>
      </trkpt>
      <trkpt lat="45.04059" lon="-72.22775">
        <ele>213.5</ele>
      </trkpt>
      <trkpt lat="45.04107" lon="-72.22798">
        <ele>221.2</ele>
      </trkpt>
      <trkpt lat="45.04126" lon="-72.22803">
        <ele>225</ele>
      </trkpt>
      <trkpt lat="45.04168" lon="-72.22806">
        <ele>228.5</ele>
      </trkpt>
      <trkpt lat="45.04198" lon="-72.22804">
        <ele>231.9</ele>
      </trkpt>
      <trkpt lat="45.04226" lon="-72.22797">
        <ele>234.9</ele>
      </trkpt>
      <trkpt lat="45.04282" lon="-72.22785">
        <ele>236.9</ele>
      </trkpt>
      <trkpt lat="45.0436" lon="-72.22775">
        <ele>236.9</ele>
      </trkpt>
      <trkpt lat="45.04359" lon="-72.22775">
        <ele>236.9</ele>
      </trkpt>
      <trkpt lat="45.04392" lon="-72.2277">
        <ele>237.2</ele>
      </trkpt>
      <trkpt lat="45.04439" lon="-72.22762">
        <ele>235.6</ele>
      </trkpt>
      <trkpt lat="45.04472" lon="-72.22749">
        <ele>233.1</ele>
      </trkpt>
      <trkpt lat="45.0454" lon="-72.227175">
        <ele>232.3</ele>
      </trkpt>
      <trkpt lat="45.04608" lon="-72.22686">
        <ele>236.8</ele>
      </trkpt>
      <trkpt lat="45.04683" lon="-72.226546">
        <ele>242.3</ele>
      </trkpt>
      <trkpt lat="45.04758" lon="-72.226232">
        <ele>250.4</ele>
      </trkpt>
      <trkpt lat="45.04833" lon="-72.225918">
        <ele>254.7</ele>
      </trkpt>
      <trkpt lat="45.04908" lon="-72.225604">
        <ele>258</ele>
      </trkpt>
      <trkpt lat="45.04983" lon="-72.22529">
        <ele>263.1</ele>
      </trkpt>
      <trkpt lat="45.05027" lon="-72.22512">
        <ele>265.4</ele>
      </trkpt>
      <trkpt lat="45.05079" lon="-72.224975">
        <ele>266.3</ele>
      </trkpt>
      <trkpt lat="45.05131" lon="-72.22483">
        <ele>263.7</ele>
      </trkpt>
      <trkpt lat="45.052" lon="-72.22454">
        <ele>259.5</ele>
      </trkpt>
      <trkpt lat="45.05272" lon="-72.22421">
        <ele>261.5</ele>
      </trkpt>
      <trkpt lat="45.05331" lon="-72.22386">
        <ele>264.7</ele>
      </trkpt>
      <trkpt lat="45.0539" lon="-72.22351">
        <ele>264.7</ele>
      </trkpt>
      <trkpt lat="45.05463" lon="-72.22314">
        <ele>262.5</ele>
      </trkpt>
      <trkpt lat="45.05503" lon="-72.223">
        <ele>259.8</ele>
      </trkpt>
      <trkpt lat="45.05562" lon="-72.22287">
        <ele>252.9</ele>
      </trkpt>
      <trkpt lat="45.056305" lon="-72.222585">
        <ele>242.6</ele>
      </trkpt>
      <trkpt lat="45.05699" lon="-72.2223">
        <ele>238</ele>
      </trkpt>
      <trkpt lat="45.05756" lon="-72.22202">
        <ele>237.6</ele>
      </trkpt>
      <trkpt lat="45.0581" lon="-72.22171">
        <ele>239.5</ele>
      </trkpt>
      <trkpt lat="45.05844" lon="-72.22143">
        <ele>240</ele>
      </trkpt>
      <trkpt lat="45.05893" lon="-72.22078">
        <ele>241.2</ele>
      </trkpt>
      <trkpt lat="45.05909" lon="-72.22062">
        <ele>241.4</ele>
      </trkpt>
      <trkpt lat="45.05939" lon="-72.22041">
        <ele>245.2</ele>
      </trkpt>
      <trkpt lat="45.05978" lon="-72.22014">
        <ele>249.5</ele>
      </trkpt>
      <trkpt lat="45.06046" lon="-72.21973">
        <ele>256.8</ele>
      </trkpt>
      <trkpt lat="45.06114" lon="-72.21932">
        <ele>260.7</ele>
      </trkpt>
      <trkpt lat="45.06114" lon="-72.21933">
        <ele>260.7</ele>
      </trkpt>
      <trkpt lat="45.061755" lon="-72.218975">
        <ele>263.7</ele>
      </trkpt>
      <trkpt lat="45.06237" lon="-72.21862">
        <ele>266.2</ele>
      </trkpt>
      <trkpt lat="45.062905" lon="-72.218285">
        <ele>267.4</ele>
      </trkpt>
      <trkpt lat="45.06344" lon="-72.21795">
        <ele>268.2</ele>
      </trkpt>
      <trkpt lat="45.06387" lon="-72.217635">
        <ele>268.7</ele>
      </trkpt>
      <trkpt lat="45.0643" lon="-72.21732">
        <ele>269.7</ele>
      </trkpt>
      <trkpt lat="45.06461" lon="-72.21704">
        <ele>270</ele>
      </trkpt>
      <trkpt lat="45.06514" lon="-72.2166">
        <ele>270.7</ele>
      </trkpt>
      <trkpt lat="45.06582" lon="-72.21611">
        <ele>271.3</ele>
      </trkpt>
      <trkpt lat="45.06648" lon="-72.215525">
        <ele>271.8</ele>
      </trkpt>
      <trkpt lat="45.06714" lon="-72.21494">
        <ele>269.8</ele>
      </trkpt>
      <trkpt lat="45.06762" lon="-72.21454">
        <ele>268.8</ele>
      </trkpt>
      <trkpt lat="45.06817" lon="-72.213985">
        <ele>268.1</ele>
      </trkpt>
      <trkpt lat="45.06872" lon="-72.21343">
        <ele>262.5</ele>
      </trkpt>
      <trkpt lat="45.06914" lon="-72.213045">
        <ele>262.2</ele>
      </trkpt>
      <trkpt lat="45.06956" lon="-72.21266">
        <ele>267.7</ele>
      </trkpt>
      <trkpt lat="45.070083" lon="-72.212216">
        <ele>270.1</ele>
      </trkpt>
      <trkpt lat="45.070606" lon="-72.211773">
        <ele>274.6</ele>
      </trkpt>
      <trkpt lat="45.07113" lon="-72.21133">
        <ele>277</ele>
      </trkpt>
      <trkpt lat="45.07158" lon="-72.211015">
        <ele>277.1</ele>
      </trkpt>
      <trkpt lat="45.07203" lon="-72.2107">
        <ele>276.2</ele>
      </trkpt>
      <trkpt lat="45.07277" lon="-72.21024">
        <ele>275.4</ele>
      </trkpt>
      <trkpt lat="45.073375" lon="-72.209875">
        <ele>274</ele>
      </trkpt>
      <trkpt lat="45.07398" lon="-72.20951">
        <ele>271.8</ele>
      </trkpt>
      <trkpt lat="45.07474" lon="-72.20912">
        <ele>270.4</ele>
      </trkpt>
      <trkpt lat="45.07521" lon="-72.20883">
        <ele>269.9</ele>
      </trkpt>
      <trkpt lat="45.07568" lon="-72.20854">
        <ele>270.4</ele>
      </trkpt>
      <trkpt lat="45.07609" lon="-72.208275">
        <ele>271.4</ele>
      </trkpt>
      <trkpt lat="45.0765" lon="-72.20801">
        <ele>272.1</ele>
      </trkpt>
      <trkpt lat="45.07649" lon="-72.20801">
        <ele>272.1</ele>
      </trkpt>
      <trkpt lat="45.077226" lon="-72.207516">
        <ele>272.7</ele>
      </trkpt>
      <trkpt lat="45.077963" lon="-72.207023">
        <ele>271.7</ele>
      </trkpt>
      <trkpt lat="45.0787" lon="-72.20653">
        <ele>270.9</ele>
      </trkpt>
      <trkpt lat="45.079175" lon="-72.20616">
        <ele>270.1</ele>
      </trkpt>
      <trkpt lat="45.07965" lon="-72.20579">
        <ele>269.1</ele>
      </trkpt>
      <trkpt lat="45.07984" lon="-72.20559">
        <ele>268.7</ele>
      </trkpt>
      <trkpt lat="45.08007" lon="-72.20528">
        <ele>268.6</ele>
      </trkpt>
      <trkpt lat="45.08021" lon="-72.205">
        <ele>268.7</ele>
      </trkpt>
      <trkpt lat="45.08033" lon="-72.20465">
        <ele>268.9</ele>
      </trkpt>
      <trkpt lat="45.080573" lon="-72.20375">
        <ele>268.2</ele>
      </trkpt>
      <trkpt lat="45.080816" lon="-72.20285">
        <ele>266.2</ele>
      </trkpt>
      <trkpt lat="45.08106" lon="-72.20195">
        <ele>265.4</ele>
      </trkpt>
      <trkpt lat="45.08131" lon="-72.2011">
        <ele>265</ele>
      </trkpt>
      <trkpt lat="45.08156" lon="-72.20025">
        <ele>265.3</ele>
      </trkpt>
      <trkpt lat="45.0817" lon="-72.19961">
        <ele>266</ele>
      </trkpt>
      <trkpt lat="45.08175" lon="-72.1991">
        <ele>266.7</ele>
      </trkpt>
      <trkpt lat="45.08169" lon="-72.19791">
        <ele>265.7</ele>
      </trkpt>
      <trkpt lat="45.08227" lon="-72.19766">
        <ele>264.1</ele>
      </trkpt>
      <trkpt lat="45.08278" lon="-72.19751">
        <ele>261.5</ele>
      </trkpt>
      <trkpt lat="45.08329" lon="-72.19736">
        <ele>258.8</ele>
      </trkpt>
      <trkpt lat="45.08376" lon="-72.19714">
        <ele>259</ele>
      </trkpt>
      <trkpt lat="45.08437" lon="-72.19699">
        <ele>258.9</ele>
      </trkpt>
      <trkpt lat="45.08455" lon="-72.19692">
        <ele>258.8</ele>
      </trkpt>
      <trkpt lat="45.085226" lon="-72.196543">
        <ele>257.3</ele>
      </trkpt>
      <trkpt lat="45.085903" lon="-72.196166">
        <ele>257.3</ele>
      </trkpt>
      <trkpt lat="45.08658" lon="-72.19579">
        <ele>259.6</ele>
      </trkpt>
      <trkpt lat="45.08705" lon="-72.1955">
        <ele>260.9</ele>
      </trkpt>
      <trkpt lat="45.087733" lon="-72.19499">
        <ele>259.4</ele>
      </trkpt>
      <trkpt lat="45.088416" lon="-72.19448">
        <ele>258.5</ele>
      </trkpt>
      <trkpt lat="45.0891" lon="-72.19397">
        <ele>255.9</ele>
      </trkpt>
      <trkpt lat="45.08947" lon="-72.194753">
        <ele>251.2</ele>
      </trkpt>
      <trkpt lat="45.08984" lon="-72.195536">
        <ele>243.8</ele>
      </trkpt>
      <trkpt lat="45.09021" lon="-72.19632">
        <ele>236.5</ele>
      </trkpt>
      <trkpt lat="45.09065" lon="-72.197243">
        <ele>228.9</ele>
      </trkpt>
      <trkpt lat="45.09109" lon="-72.198166">
        <ele>220.8</ele>
      </trkpt>
      <trkpt lat="45.09153" lon="-72.19909">
        <ele>216.4</ele>
      </trkpt>
      <trkpt lat="45.09177" lon="-72.19942">
        <ele>215.2</ele>
      </trkpt>
      <trkpt lat="45.09196" lon="-72.19965">
        <ele>214.6</ele>
      </trkpt>
      <trkpt lat="45.09172" lon="-72.19993">
        <ele>213.9</ele>
      </trkpt>
      <trkpt lat="45.09183" lon="-72.20013">
        <ele>213.3</ele>
      </trkpt>
      <trkpt lat="45.09226" lon="-72.20093">
        <ele>213.5</ele>
      </trkpt>
      <trkpt lat="45.09251" lon="-72.20142">
        <ele>218.2</ele>
      </trkpt>
      <trkpt lat="45.09277" lon="-72.20188">
        <ele>221.1</ele>
      </trkpt>
      <trkpt lat="45.09306" lon="-72.20223">
        <ele>221.6</ele>
      </trkpt>
      <trkpt lat="45.09348" lon="-72.20272">
        <ele>224.2</ele>
      </trkpt>
      <trkpt lat="45.09378" lon="-72.20303">
        <ele>227.8</ele>
      </trkpt>
      <trkpt lat="45.09413" lon="-72.20365">
        <ele>233.8</ele>
      </trkpt>
      <trkpt lat="45.09418" lon="-72.20393">
        <ele>235.7</ele>
      </trkpt>
      <trkpt lat="45.09416" lon="-72.20412">
        <ele>237</ele>
      </trkpt>
      <trkpt lat="45.09404" lon="-72.20442">
        <ele>239.7</ele>
      </trkpt>
      <trkpt lat="45.09352" lon="-72.20545">
        <ele>248</ele>
      </trkpt>
      <trkpt lat="45.09328" lon="-72.206125">
        <ele>256.1</ele>
      </trkpt>
      <trkpt lat="45.09304" lon="-72.2068">
        <ele>261.6</ele>
      </trkpt>
      <trkpt lat="45.0928" lon="-72.20735">
        <ele>265.2</ele>
      </trkpt>
      <trkpt lat="45.0928" lon="-72.20734">
        <ele>265.2</ele>
      </trkpt>
      <trkpt lat="45.09254" lon="-72.20797">
        <ele>269.8</ele>
      </trkpt>
      <trkpt lat="45.09214" lon="-72.20872">
        <ele>278.5</ele>
      </trkpt>
      <trkpt lat="45.09205" lon="-72.20899">
        <ele>280.6</ele>
      </trkpt>
      <trkpt lat="45.092" lon="-72.20934">
        <ele>282.7</ele>
      </trkpt>
      <trkpt lat="45.092" lon="-72.20962">
        <ele>284.5</ele>
      </trkpt>
      <trkpt lat="45.09211" lon="-72.21042">
        <ele>287.2</ele>
      </trkpt>
      <trkpt lat="45.09234" lon="-72.211564">
        <ele>296.2</ele>
      </trkpt>
      <trkpt lat="45.09257" lon="-72.21271">
        <ele>308.8</ele>
      </trkpt>
      <trkpt lat="45.092785" lon="-72.213514">
        <ele>315.4</ele>
      </trkpt>
      <trkpt lat="45.093" lon="-72.21432">
        <ele>320.2</ele>
      </trkpt>
      <trkpt lat="45.0932" lon="-72.21486">
        <ele>325.8</ele>
      </trkpt>
      <trkpt lat="45.09248" lon="-72.215507">
        <ele>327</ele>
      </trkpt>
      <trkpt lat="45.09176" lon="-72.216155">
        <ele>325.2</ele>
      </trkpt>
      <trkpt lat="45.09104" lon="-72.216802">
        <ele>324.1</ele>
      </trkpt>
      <trkpt lat="45.09032" lon="-72.21745">
        <ele>328</ele>
      </trkpt>
      <trkpt lat="45.089685" lon="-72.217985">
        <ele>333.9</ele>
      </trkpt>
      <trkpt lat="45.08905" lon="-72.21852">
        <ele>332</ele>
      </trkpt>
      <trkpt lat="45.08881" lon="-72.21869">
        <ele>331.7</ele>
      </trkpt>
      <trkpt lat="45.08881" lon="-72.2187">
        <ele>331.7</ele>
      </trkpt>
      <trkpt lat="45.088093" lon="-72.219243">
        <ele>333.5</ele>
      </trkpt>
      <trkpt lat="45.087376" lon="-72.219786">
        <ele>335.6</ele>
      </trkpt>
      <trkpt lat="45.08666" lon="-72.22033">
        <ele>337.4</ele>
      </trkpt>
      <trkpt lat="45.08616" lon="-72.22085">
        <ele>335.3</ele>
      </trkpt>
      <trkpt lat="45.08587" lon="-72.22121">
        <ele>334</ele>
      </trkpt>
      <trkpt lat="45.085376" lon="-72.22206">
        <ele>333.7</ele>
      </trkpt>
      <trkpt lat="45.084882" lon="-72.22291">
        <ele>332.7</ele>
      </trkpt>
      <trkpt lat="45.084388" lon="-72.22376">
        <ele>332.5</ele>
      </trkpt>
      <trkpt lat="45.083894" lon="-72.22461">
        <ele>337.1</ele>
      </trkpt>
      <trkpt lat="45.0834" lon="-72.22546">
        <ele>342.6</ele>
      </trkpt>
      <trkpt lat="45.08314" lon="-72.226">
        <ele>345.1</ele>
      </trkpt>
      <trkpt lat="45.08304" lon="-72.22628">
        <ele>345.4</ele>
      </trkpt>
      <trkpt lat="45.08296" lon="-72.22668">
        <ele>345.5</ele>
      </trkpt>
      <trkpt lat="45.08291" lon="-72.22735">
        <ele>346.1</ele>
      </trkpt>
      <trkpt lat="45.08296" lon="-72.22784">
        <ele>347.8</ele>
      </trkpt>
      <trkpt lat="45.08311" lon="-72.22842">
        <ele>352.2</ele>
      </trkpt>
      <trkpt lat="45.08336" lon="-72.22897">
        <ele>354.7</ele>
      </trkpt>
      <trkpt lat="45.08345" lon="-72.22913">
        <ele>355.2</ele>
      </trkpt>
      <trkpt lat="45.08357" lon="-72.22923">
        <ele>355.7</ele>
      </trkpt>
      <trkpt lat="45.08399" lon="-72.22945">
        <ele>356.9</ele>
      </trkpt>
      <trkpt lat="45.08426" lon="-72.22964">
        <ele>358.1</ele>
      </trkpt>
      <trkpt lat="45.08431" lon="-72.2297">
        <ele>358.4</ele>
      </trkpt>
      <trkpt lat="45.08454" lon="-72.22995">
        <ele>360.5</ele>
      </trkpt>
      <trkpt lat="45.084785" lon="-72.230519">
        <ele>365.7</ele>
      </trkpt>
      <trkpt lat="45.08503" lon="-72.23109">
        <ele>368.9</ele>
      </trkpt>
      <trkpt lat="45.08513" lon="-72.23133">
        <ele>369.4</ele>
      </trkpt>
      <trkpt lat="45.08519" lon="-72.23155">
        <ele>369.4</ele>
      </trkpt>
      <trkpt lat="45.08523" lon="-72.23178">
        <ele>369.3</ele>
      </trkpt>
      <trkpt lat="45.08525" lon="-72.232429">
        <ele>368.3</ele>
      </trkpt>
      <trkpt lat="45.08527" lon="-72.23308">
        <ele>368.3</ele>
      </trkpt>
      <trkpt lat="45.085265" lon="-72.234097">
        <ele>368.8</ele>
      </trkpt>
      <trkpt lat="45.08526" lon="-72.235115">
        <ele>367.9</ele>
      </trkpt>
      <trkpt lat="45.085255" lon="-72.236132">
        <ele>367.5</ele>
      </trkpt>
      <trkpt lat="45.08525" lon="-72.23715">
        <ele>366.1</ele>
      </trkpt>
      <trkpt lat="45.08529" lon="-72.238403">
        <ele>365.6</ele>
      </trkpt>
      <trkpt lat="45.08533" lon="-72.239657">
        <ele>362.7</ele>
      </trkpt>
      <trkpt lat="45.08537" lon="-72.240911">
        <ele>355.3</ele>
      </trkpt>
      <trkpt lat="45.08541" lon="-72.242165">
        <ele>353.5</ele>
      </trkpt>
      <trkpt lat="45.08545" lon="-72.24342">
        <ele>355.8</ele>
      </trkpt>
      <trkpt lat="45.085463" lon="-72.244359">
        <ele>361.6</ele>
      </trkpt>
      <trkpt lat="45.085476" lon="-72.245299">
        <ele>367.1</ele>
      </trkpt>
      <trkpt lat="45.08549" lon="-72.24624">
        <ele>374.2</ele>
      </trkpt>
      <trkpt lat="45.08554" lon="-72.24655">
        <ele>375.1</ele>
      </trkpt>
      <trkpt lat="45.08555" lon="-72.247643">
        <ele>373.8</ele>
      </trkpt>
      <trkpt lat="45.08556" lon="-72.248736">
        <ele>368.3</ele>
      </trkpt>
      <trkpt lat="45.08557" lon="-72.24983">
        <ele>360.2</ele>
      </trkpt>
      <trkpt lat="45.08558" lon="-72.25067">
        <ele>355.5</ele>
      </trkpt>
      <trkpt lat="45.08568" lon="-72.25145">
        <ele>352</ele>
      </trkpt>
      <trkpt lat="45.086294" lon="-72.251415">
        <ele>347.8</ele>
      </trkpt>
      <trkpt lat="45.08691" lon="-72.25138">
        <ele>346.4</ele>
      </trkpt>
      <trkpt lat="45.087399" lon="-72.251365">
        <ele>344.6</ele>
      </trkpt>
      <trkpt lat="45.08789" lon="-72.25135">
        <ele>343.6</ele>
      </trkpt>
      <trkpt lat="45.088494" lon="-72.251369">
        <ele>341.4</ele>
      </trkpt>
      <trkpt lat="45.0891" lon="-72.25139">
        <ele>338.2</ele>
      </trkpt>
      <trkpt lat="45.08961" lon="-72.251409">
        <ele>334.9</ele>
      </trkpt>
      <trkpt lat="45.09012" lon="-72.25143">
        <ele>332.7</ele>
      </trkpt>
      <trkpt lat="45.09074" lon="-72.25152">
        <ele>330.1</ele>
      </trkpt>
      <trkpt lat="45.09124" lon="-72.25152">
        <ele>329.4</ele>
      </trkpt>
      <trkpt lat="45.0917" lon="-72.25147">
        <ele>328.3</ele>
      </trkpt>
      <trkpt lat="45.09238" lon="-72.25143">
        <ele>326.4</ele>
      </trkpt>
      <trkpt lat="45.09293" lon="-72.25147">
        <ele>323.8</ele>
      </trkpt>
      <trkpt lat="45.09367" lon="-72.25157">
        <ele>319.4</ele>
      </trkpt>
      <trkpt lat="45.094515" lon="-72.251594">
        <ele>308.9</ele>
      </trkpt>
      <trkpt lat="45.09536" lon="-72.25162">
        <ele>301.4</ele>
      </trkpt>
      <trkpt lat="45.09623" lon="-72.25157">
        <ele>289.4</ele>
      </trkpt>
      <trkpt lat="45.09698" lon="-72.251587">
        <ele>291.5</ele>
      </trkpt>
      <trkpt lat="45.09773" lon="-72.251605">
        <ele>289.5</ele>
      </trkpt>
      <trkpt lat="45.09848" lon="-72.251623">
        <ele>292</ele>
      </trkpt>
      <trkpt lat="45.09923" lon="-72.251641">
        <ele>297.2</ele>
      </trkpt>
      <trkpt lat="45.09998" lon="-72.25166">
        <ele>298.6</ele>
      </trkpt>
      <trkpt lat="45.10064" lon="-72.251729">
        <ele>296.3</ele>
      </trkpt>
      <trkpt lat="45.1013" lon="-72.2518">
        <ele>290.1</ele>
      </trkpt>
      <trkpt lat="45.10148" lon="-72.25179">
        <ele>289</ele>
      </trkpt>
      <trkpt lat="45.10173" lon="-72.2517">
        <ele>288.5</ele>
      </trkpt>
      <trkpt lat="45.10189" lon="-72.25167">
        <ele>288.1</ele>
      </trkpt>
      <trkpt lat="45.10209" lon="-72.25166">
        <ele>287.4</ele>
      </trkpt>
      <trkpt lat="45.10245" lon="-72.25171">
        <ele>287.3</ele>
      </trkpt>
      <trkpt lat="45.103025" lon="-72.251724">
        <ele>287.4</ele>
      </trkpt>
      <trkpt lat="45.1036" lon="-72.25174">
        <ele>286.2</ele>
      </trkpt>
      <trkpt lat="45.10398" lon="-72.25189">
        <ele>285.1</ele>
      </trkpt>
      <trkpt lat="45.10432" lon="-72.25215">
        <ele>284</ele>
      </trkpt>
      <trkpt lat="45.1045" lon="-72.2522">
        <ele>284</ele>
      </trkpt>
      <trkpt lat="45.105" lon="-72.25219">
        <ele>282</ele>
      </trkpt>
      <trkpt lat="45.10527" lon="-72.2521">
        <ele>281</ele>
      </trkpt>
      <trkpt lat="45.10546" lon="-72.25206">
        <ele>280.1</ele>
      </trkpt>
      <trkpt lat="45.10575" lon="-72.25184">
        <ele>279.3</ele>
      </trkpt>
      <trkpt lat="45.1059" lon="-72.25176">
        <ele>279.2</ele>
      </trkpt>
      <trkpt lat="45.10617" lon="-72.25175">
        <ele>278.9</ele>
      </trkpt>
      <trkpt lat="45.10685" lon="-72.25179">
        <ele>277.1</ele>
      </trkpt>
      <trkpt lat="45.1071" lon="-72.25183">
        <ele>277.4</ele>
      </trkpt>
      <trkpt lat="45.10762" lon="-72.25196">
        <ele>276</ele>
      </trkpt>
      <trkpt lat="45.10831" lon="-72.25246">
        <ele>268.7</ele>
      </trkpt>
      <trkpt lat="45.10854" lon="-72.25246">
        <ele>266.2</ele>
      </trkpt>
      <trkpt lat="45.10873" lon="-72.25241">
        <ele>262.5</ele>
      </trkpt>
      <trkpt lat="45.10941" lon="-72.25215">
        <ele>256.7</ele>
      </trkpt>
      <trkpt lat="45.10965" lon="-72.25207">
        <ele>255.4</ele>
      </trkpt>
      <trkpt lat="45.1101" lon="-72.25206">
        <ele>252.3</ele>
      </trkpt>
      <trkpt lat="45.11055" lon="-72.25205">
        <ele>247.2</ele>
      </trkpt>
      <trkpt lat="45.11119" lon="-72.25215">
        <ele>241.9</ele>
      </trkpt>
      <trkpt lat="45.111979" lon="-72.252174">
        <ele>240.5</ele>
      </trkpt>
      <trkpt lat="45.11277" lon="-72.2522">
        <ele>240</ele>
      </trkpt>
      <trkpt lat="45.1133" lon="-72.2522">
        <ele>239.6</ele>
      </trkpt>
      <trkpt lat="45.11412" lon="-72.25215">
        <ele>238.6</ele>
      </trkpt>
      <trkpt lat="45.11459" lon="-72.25206">
        <ele>238.8</ele>
      </trkpt>
      <trkpt lat="45.11501" lon="-72.25202">
        <ele>240.8</ele>
      </trkpt>
      <trkpt lat="45.11531" lon="-72.25202">
        <ele>245</ele>
      </trkpt>
      <trkpt lat="45.11579" lon="-72.25206">
        <ele>247.2</ele>
      </trkpt>
      <trkpt lat="45.11663" lon="-72.25203">
        <ele>245</ele>
      </trkpt>
      <trkpt lat="45.11698" lon="-72.25205">
        <ele>242.8</ele>
      </trkpt>
      <trkpt lat="45.11732" lon="-72.25201">
        <ele>238</ele>
      </trkpt>
      <trkpt lat="45.11752" lon="-72.25196">
        <ele>236.5</ele>
      </trkpt>
      <trkpt lat="45.11772" lon="-72.25185">
        <ele>235.6</ele>
      </trkpt>
      <trkpt lat="45.11824" lon="-72.25152">
        <ele>236.3</ele>
      </trkpt>
      <trkpt lat="45.11899" lon="-72.25095">
        <ele>236.2</ele>
      </trkpt>
      <trkpt lat="45.11957" lon="-72.25049">
        <ele>229.4</ele>
      </trkpt>
      <trkpt lat="45.11994" lon="-72.25028">
        <ele>226.7</ele>
      </trkpt>
      <trkpt lat="45.12016" lon="-72.25023">
        <ele>225.8</ele>
      </trkpt>
      <trkpt lat="45.12047" lon="-72.25022">
        <ele>225.2</ele>
      </trkpt>
      <trkpt lat="45.12091" lon="-72.25033">
        <ele>226.9</ele>
      </trkpt>
      <trkpt lat="45.12146" lon="-72.25058">
        <ele>234.7</ele>
      </trkpt>
      <trkpt lat="45.12168" lon="-72.25072">
        <ele>237</ele>
      </trkpt>
      <trkpt lat="45.12205" lon="-72.25108">
        <ele>240.3</ele>
      </trkpt>
      <trkpt lat="45.12243" lon="-72.25131">
        <ele>242</ele>
      </trkpt>
      <trkpt lat="45.12276" lon="-72.25147">
        <ele>245.3</ele>
      </trkpt>
      <trkpt lat="45.123229" lon="-72.251494">
        <ele>253.5</ele>
      </trkpt>
      <trkpt lat="45.1237" lon="-72.25152">
        <ele>260.1</ele>
      </trkpt>
      <trkpt lat="45.12395" lon="-72.25162">
        <ele>262.1</ele>
      </trkpt>
      <trkpt lat="45.12437" lon="-72.25185">
        <ele>267.7</ele>
      </trkpt>
      <trkpt lat="45.1245" lon="-72.25195">
        <ele>268.7</ele>
      </trkpt>
      <trkpt lat="45.12472" lon="-72.25205">
        <ele>269.8</ele>
      </trkpt>
      <trkpt lat="45.12494" lon="-72.25207">
        <ele>270.4</ele>
      </trkpt>
      <trkpt lat="45.125824" lon="-72.252099">
        <ele>274.2</ele>
      </trkpt>
      <trkpt lat="45.12671" lon="-72.25213">
        <ele>276.6</ele>
      </trkpt>
      <trkpt lat="45.127525" lon="-72.252105">
        <ele>278.3</ele>
      </trkpt>
      <trkpt lat="45.12834" lon="-72.25208">
        <ele>280.2</ele>
      </trkpt>
      <trkpt lat="45.12896" lon="-72.251945">
        <ele>280.5</ele>
      </trkpt>
      <trkpt lat="45.12958" lon="-72.25181">
        <ele>281.1</ele>
      </trkpt>
      <trkpt lat="45.130315" lon="-72.25162">
        <ele>281.7</ele>
      </trkpt>
      <trkpt lat="45.13105" lon="-72.25143">
        <ele>280.6</ele>
      </trkpt>
      <trkpt lat="45.13172" lon="-72.2513">
        <ele>274.5</ele>
      </trkpt>
      <trkpt lat="45.1322" lon="-72.25117">
        <ele>270.4</ele>
      </trkpt>
      <trkpt lat="45.13256" lon="-72.25112">
        <ele>268.8</ele>
      </trkpt>
      <trkpt lat="45.1331" lon="-72.25117">
        <ele>265</ele>
      </trkpt>
      <trkpt lat="45.133945" lon="-72.251369">
        <ele>260.4</ele>
      </trkpt>
      <trkpt lat="45.13479" lon="-72.25157">
        <ele>253.8</ele>
      </trkpt>
      <trkpt lat="45.1353" lon="-72.25166">
        <ele>246.4</ele>
      </trkpt>
      <trkpt lat="45.1357" lon="-72.25166">
        <ele>241.9</ele>
      </trkpt>
      <trkpt lat="45.13646" lon="-72.25171">
        <ele>236</ele>
      </trkpt>
      <trkpt lat="45.136945" lon="-72.251724">
        <ele>233.1</ele>
      </trkpt>
      <trkpt lat="45.13743" lon="-72.25174">
        <ele>228.7</ele>
      </trkpt>
      <trkpt lat="45.13782" lon="-72.2517">
        <ele>224.6</ele>
      </trkpt>
      <trkpt lat="45.13815" lon="-72.25174">
        <ele>220.1</ele>
      </trkpt>
      <trkpt lat="45.13837" lon="-72.25179">
        <ele>217.9</ele>
      </trkpt>
      <trkpt lat="45.13895" lon="-72.25207">
        <ele>213.5</ele>
      </trkpt>
      <trkpt lat="45.13923" lon="-72.25242">
        <ele>212.2</ele>
      </trkpt>
      <trkpt lat="45.13954" lon="-72.2527">
        <ele>212.5</ele>
      </trkpt>
      <trkpt lat="45.13965" lon="-72.25277">
        <ele>212.6</ele>
      </trkpt>
      <trkpt lat="45.13985" lon="-72.25277">
        <ele>212.9</ele>
      </trkpt>
      <trkpt lat="45.14002" lon="-72.25269">
        <ele>214.4</ele>
      </trkpt>
      <trkpt lat="45.14046" lon="-72.25242">
        <ele>216</ele>
      </trkpt>
      <trkpt lat="45.14046" lon="-72.25243">
        <ele>216</ele>
      </trkpt>
      <trkpt lat="45.14059" lon="-72.25235">
        <ele>217.3</ele>
      </trkpt>
      <trkpt lat="45.1402" lon="-72.2513">
        <ele>219.3</ele>
      </trkpt>
      <trkpt lat="45.14006" lon="-72.25067">
        <ele>221.7</ele>
      </trkpt>
      <trkpt lat="45.13976" lon="-72.24982">
        <ele>227.3</ele>
      </trkpt>
      <trkpt lat="45.13968" lon="-72.24901">
        <ele>228.7</ele>
      </trkpt>
      <trkpt lat="45.13964" lon="-72.248269">
        <ele>229.3</ele>
      </trkpt>
      <trkpt lat="45.1396" lon="-72.24753">
        <ele>230.9</ele>
      </trkpt>
      <trkpt lat="45.1396" lon="-72.24763">
        <ele>230.5</ele>
      </trkpt>
      <trkpt lat="45.139565" lon="-72.246979">
        <ele>233.5</ele>
      </trkpt>
      <trkpt lat="45.13953" lon="-72.24633">
        <ele>235.6</ele>
      </trkpt>
      <trkpt lat="45.13946" lon="-72.245499">
        <ele>237</ele>
      </trkpt>
      <trkpt lat="45.13939" lon="-72.24467">
        <ele>237.5</ele>
      </trkpt>
      <trkpt lat="45.13921" lon="-72.24346">
        <ele>239.7</ele>
      </trkpt>
      <trkpt lat="45.13902" lon="-72.242364">
        <ele>243.2</ele>
      </trkpt>
      <trkpt lat="45.13883" lon="-72.24127">
        <ele>247.9</ele>
      </trkpt>
      <trkpt lat="45.13875" lon="-72.24091">
        <ele>249.7</ele>
      </trkpt>
      <trkpt lat="45.13864" lon="-72.24055">
        <ele>253</ele>
      </trkpt>
      <trkpt lat="45.13843" lon="-72.24001">
        <ele>256.5</ele>
      </trkpt>
      <trkpt lat="45.13826" lon="-72.23966">
        <ele>257.5</ele>
      </trkpt>
      <trkpt lat="45.1379" lon="-72.238999">
        <ele>256.3</ele>
      </trkpt>
      <trkpt lat="45.13754" lon="-72.23834">
        <ele>255</ele>
      </trkpt>
      <trkpt lat="45.13733" lon="-72.23796">
        <ele>254.2</ele>
      </trkpt>
      <trkpt lat="45.13702" lon="-72.23733">
        <ele>254.2</ele>
      </trkpt>
      <trkpt lat="45.1369" lon="-72.23702">
        <ele>254.3</ele>
      </trkpt>
      <trkpt lat="45.13656" lon="-72.23604">
        <ele>255.7</ele>
      </trkpt>
      <trkpt lat="45.13641" lon="-72.23549">
        <ele>259.2</ele>
      </trkpt>
      <trkpt lat="45.13638" lon="-72.2343">
        <ele>263</ele>
      </trkpt>
      <trkpt lat="45.13559" lon="-72.23425">
        <ele>263.8</ele>
      </trkpt>
      <trkpt lat="45.13504" lon="-72.23429">
        <ele>264.8</ele>
      </trkpt>
      <trkpt lat="45.13482" lon="-72.23434">
        <ele>265.1</ele>
      </trkpt>
      <trkpt lat="45.13481" lon="-72.23434">
        <ele>265.1</ele>
      </trkpt>
      <trkpt lat="45.13446" lon="-72.23441">
        <ele>266</ele>
      </trkpt>
      <trkpt lat="45.13401" lon="-72.234525">
        <ele>266.8</ele>
      </trkpt>
      <trkpt lat="45.13356" lon="-72.23464">
        <ele>268.2</ele>
      </trkpt>
      <trkpt lat="45.13293" lon="-72.23478">
        <ele>268.2</ele>
      </trkpt>
      <trkpt lat="45.13257" lon="-72.23482">
        <ele>267.4</ele>
      </trkpt>
      <trkpt lat="45.131784" lon="-72.234895">
        <ele>265.9</ele>
      </trkpt>
      <trkpt lat="45.131" lon="-72.23497">
        <ele>263.2</ele>
      </trkpt>
      <trkpt lat="45.13051" lon="-72.234119">
        <ele>259.5</ele>
      </trkpt>
      <trkpt lat="45.13002" lon="-72.23327">
        <ele>255.1</ele>
      </trkpt>
      <trkpt lat="45.12969" lon="-72.232799">
        <ele>252</ele>
      </trkpt>
      <trkpt lat="45.12936" lon="-72.23233">
        <ele>250.3</ele>
      </trkpt>
      <trkpt lat="45.12917" lon="-72.23213">
        <ele>250.1</ele>
      </trkpt>
      <trkpt lat="45.129" lon="-72.23196">
        <ele>249.9</ele>
      </trkpt>
      <trkpt lat="45.128225" lon="-72.231324">
        <ele>251.8</ele>
      </trkpt>
      <trkpt lat="45.12745" lon="-72.23069">
        <ele>258.1</ele>
      </trkpt>
      <trkpt lat="45.12677" lon="-72.230051">
        <ele>265.6</ele>
      </trkpt>
      <trkpt lat="45.12609" lon="-72.229413">
        <ele>272.4</ele>
      </trkpt>
      <trkpt lat="45.12541" lon="-72.228775">
        <ele>279.9</ele>
      </trkpt>
      <trkpt lat="45.12473" lon="-72.228137">
        <ele>285.9</ele>
      </trkpt>
      <trkpt lat="45.12405" lon="-72.2275">
        <ele>293.5</ele>
      </trkpt>
      <trkpt lat="45.124213" lon="-72.226626">
        <ele>294.3</ele>
      </trkpt>
      <trkpt lat="45.124376" lon="-72.225753">
        <ele>294.5</ele>
      </trkpt>
      <trkpt lat="45.12454" lon="-72.22488">
        <ele>300.2</ele>
      </trkpt>
      <trkpt lat="45.124757" lon="-72.223907">
        <ele>303.2</ele>
      </trkpt>
      <trkpt lat="45.124975" lon="-72.222935">
        <ele>304.1</ele>
      </trkpt>
      <trkpt lat="45.125192" lon="-72.221962">
        <ele>307.3</ele>
      </trkpt>
      <trkpt lat="45.12541" lon="-72.22099">
        <ele>309.5</ele>
      </trkpt>
      <trkpt lat="45.125607" lon="-72.220027">
        <ele>309.5</ele>
      </trkpt>
      <trkpt lat="45.125805" lon="-72.219065">
        <ele>309.7</ele>
      </trkpt>
      <trkpt lat="45.126002" lon="-72.218102">
        <ele>308.9</ele>
      </trkpt>
      <trkpt lat="45.1262" lon="-72.21714">
        <ele>308.2</ele>
      </trkpt>
      <trkpt lat="45.126372" lon="-72.216205">
        <ele>312.5</ele>
      </trkpt>
      <trkpt lat="45.126545" lon="-72.21527">
        <ele>314.1</ele>
      </trkpt>
      <trkpt lat="45.126717" lon="-72.214335">
        <ele>315.9</ele>
      </trkpt>
      <trkpt lat="45.12689" lon="-72.2134">
        <ele>317.4</ele>
      </trkpt>
      <trkpt lat="45.12689" lon="-72.21341">
        <ele>317.3</ele>
      </trkpt>
      <trkpt lat="45.127112" lon="-72.212195">
        <ele>320.8</ele>
      </trkpt>
      <trkpt lat="45.127335" lon="-72.21098">
        <ele>326.5</ele>
      </trkpt>
      <trkpt lat="45.127557" lon="-72.209765">
        <ele>329.8</ele>
      </trkpt>
      <trkpt lat="45.12778" lon="-72.20855">
        <ele>335.1</ele>
      </trkpt>
      <trkpt lat="45.12784" lon="-72.207855">
        <ele>338</ele>
      </trkpt>
      <trkpt lat="45.1279" lon="-72.20716">
        <ele>340.8</ele>
      </trkpt>
      <trkpt lat="45.12791" lon="-72.20652">
        <ele>342.2</ele>
      </trkpt>
      <trkpt lat="45.12792" lon="-72.20588">
        <ele>343</ele>
      </trkpt>
      <trkpt lat="45.12788" lon="-72.20483">
        <ele>342.6</ele>
      </trkpt>
      <trkpt lat="45.12783" lon="-72.20447">
        <ele>343</ele>
      </trkpt>
      <trkpt lat="45.12776" lon="-72.20414">
        <ele>343</ele>
      </trkpt>
      <trkpt lat="45.12768" lon="-72.20384">
        <ele>343.3</ele>
      </trkpt>
      <trkpt lat="45.12757" lon="-72.20357">
        <ele>343.2</ele>
      </trkpt>
      <trkpt lat="45.127245" lon="-72.202849">
        <ele>342.9</ele>
      </trkpt>
      <trkpt lat="45.12692" lon="-72.20213">
        <ele>344.1</ele>
      </trkpt>
      <trkpt lat="45.126556" lon="-72.201163">
        <ele>344.4</ele>
      </trkpt>
      <trkpt lat="45.126193" lon="-72.200196">
        <ele>345.4</ele>
      </trkpt>
      <trkpt lat="45.12583" lon="-72.19923">
        <ele>345.9</ele>
      </trkpt>
      <trkpt lat="45.12556" lon="-72.198423">
        <ele>346.5</ele>
      </trkpt>
      <trkpt lat="45.12529" lon="-72.197616">
        <ele>349.6</ele>
      </trkpt>
      <trkpt lat="45.12502" lon="-72.19681">
        <ele>353.4</ele>
      </trkpt>
      <trkpt lat="45.12489" lon="-72.19637">
        <ele>352.1</ele>
      </trkpt>
      <trkpt lat="45.12468" lon="-72.195199">
        <ele>346.4</ele>
      </trkpt>
      <trkpt lat="45.12447" lon="-72.19403">
        <ele>339</ele>
      </trkpt>
      <trkpt lat="45.12437" lon="-72.1936">
        <ele>337</ele>
      </trkpt>
      <trkpt lat="45.12419" lon="-72.19318">
        <ele>334.1</ele>
      </trkpt>
      <trkpt lat="45.12398" lon="-72.19282">
        <ele>331.4</ele>
      </trkpt>
      <trkpt lat="45.12378" lon="-72.19257">
        <ele>328.3</ele>
      </trkpt>
      <trkpt lat="45.12345" lon="-72.19237">
        <ele>320.9</ele>
      </trkpt>
      <trkpt lat="45.12312" lon="-72.1922">
        <ele>318.1</ele>
      </trkpt>
      <trkpt lat="45.12278" lon="-72.19207">
        <ele>316.7</ele>
      </trkpt>
      <trkpt lat="45.12209" lon="-72.191886">
        <ele>308.9</ele>
      </trkpt>
      <trkpt lat="45.1214" lon="-72.191703">
        <ele>301.3</ele>
      </trkpt>
      <trkpt lat="45.12071" lon="-72.19152">
        <ele>293.7</ele>
      </trkpt>
      <trkpt lat="45.11991" lon="-72.19135">
        <ele>285.8</ele>
      </trkpt>
      <trkpt lat="45.11966" lon="-72.19122">
        <ele>284.4</ele>
      </trkpt>
      <trkpt lat="45.11946" lon="-72.19105">
        <ele>282.8</ele>
      </trkpt>
      <trkpt lat="45.1193" lon="-72.19081">
        <ele>280.4</ele>
      </trkpt>
      <trkpt lat="45.11904" lon="-72.19023">
        <ele>275.8</ele>
      </trkpt>
      <trkpt lat="45.11889" lon="-72.18978">
        <ele>269.8</ele>
      </trkpt>
      <trkpt lat="45.11882" lon="-72.18946">
        <ele>267</ele>
      </trkpt>
      <trkpt lat="45.11878" lon="-72.18899">
        <ele>264.9</ele>
      </trkpt>
      <trkpt lat="45.118745" lon="-72.188179">
        <ele>260.3</ele>
      </trkpt>
      <trkpt lat="45.11871" lon="-72.18737">
        <ele>253.4</ele>
      </trkpt>
      <trkpt lat="45.118586" lon="-72.186219">
        <ele>246</ele>
      </trkpt>
      <trkpt lat="45.118463" lon="-72.185069">
        <ele>238.2</ele>
      </trkpt>
      <trkpt lat="45.11834" lon="-72.18392">
        <ele>234.1</ele>
      </trkpt>
      <trkpt lat="45.11827" lon="-72.18344">
        <ele>230.5</ele>
      </trkpt>
      <trkpt lat="45.11821" lon="-72.1832">
        <ele>230</ele>
      </trkpt>
      <trkpt lat="45.11819" lon="-72.18308">
        <ele>229.7</ele>
      </trkpt>
      <trkpt lat="45.11795" lon="-72.1824">
        <ele>225.9</ele>
      </trkpt>
      <trkpt lat="45.11783" lon="-72.18214">
        <ele>225.2</ele>
      </trkpt>
      <trkpt lat="45.11757" lon="-72.181574">
        <ele>223</ele>
      </trkpt>
      <trkpt lat="45.11731" lon="-72.18101">
        <ele>221.7</ele>
      </trkpt>
      <trkpt lat="45.117035" lon="-72.180454">
        <ele>220.3</ele>
      </trkpt>
      <trkpt lat="45.11676" lon="-72.1799">
        <ele>219.1</ele>
      </trkpt>
      <trkpt lat="45.11659" lon="-72.17953">
        <ele>218</ele>
      </trkpt>
      <trkpt lat="45.11645" lon="-72.17899">
        <ele>217.7</ele>
      </trkpt>
      <trkpt lat="45.11644" lon="-72.17873">
        <ele>217.2</ele>
      </trkpt>
      <trkpt lat="45.11652" lon="-72.17768">
        <ele>215.9</ele>
      </trkpt>
      <trkpt lat="45.1166" lon="-72.17663">
        <ele>215</ele>
      </trkpt>
      <trkpt lat="45.11664" lon="-72.17546">
        <ele>216.8</ele>
      </trkpt>
      <trkpt lat="45.11667" lon="-72.17532">
        <ele>216.8</ele>
      </trkpt>
      <trkpt lat="45.1167" lon="-72.17523">
        <ele>216.8</ele>
      </trkpt>
      <trkpt lat="45.11676" lon="-72.17519">
        <ele>216.8</ele>
      </trkpt>
      <trkpt lat="45.11718" lon="-72.17514">
        <ele>215.3</ele>
      </trkpt>
      <trkpt lat="45.11739" lon="-72.17506">
        <ele>214.7</ele>
      </trkpt>
      <trkpt lat="45.11757" lon="-72.17497">
        <ele>214.5</ele>
      </trkpt>
      <trkpt lat="45.118075" lon="-72.1745">
        <ele>214.4</ele>
      </trkpt>
      <trkpt lat="45.11858" lon="-72.17403">
        <ele>214.5</ele>
      </trkpt>
      <trkpt lat="45.11889" lon="-72.1738">
        <ele>215</ele>
      </trkpt>
      <trkpt lat="45.11909" lon="-72.17371">
        <ele>215.1</ele>
      </trkpt>
      <trkpt lat="45.11929" lon="-72.17362">
        <ele>215.3</ele>
      </trkpt>
      <trkpt lat="45.119844" lon="-72.173515">
        <ele>216.3</ele>
      </trkpt>
      <trkpt lat="45.1204" lon="-72.17341">
        <ele>218.1</ele>
      </trkpt>
      <trkpt lat="45.12082" lon="-72.17331">
        <ele>219.3</ele>
      </trkpt>
      <trkpt lat="45.12133" lon="-72.17313">
        <ele>219.9</ele>
      </trkpt>
      <trkpt lat="45.12206" lon="-72.17274">
        <ele>221.4</ele>
      </trkpt>
      <trkpt lat="45.12272" lon="-72.17234">
        <ele>222.9</ele>
      </trkpt>
      <trkpt lat="45.12258" lon="-72.17168">
        <ele>225.6</ele>
      </trkpt>
      <trkpt lat="45.12249" lon="-72.17107">
        <ele>228.1</ele>
      </trkpt>
      <trkpt lat="45.12235" lon="-72.17048">
        <ele>234.4</ele>
      </trkpt>
      <trkpt lat="45.12223" lon="-72.17013">
        <ele>237.7</ele>
      </trkpt>
      <trkpt lat="45.12174" lon="-72.16919">
        <ele>246.4</ele>
      </trkpt>
      <trkpt lat="45.121193" lon="-72.168216">
        <ele>251.6</ele>
      </trkpt>
      <trkpt lat="45.120646" lon="-72.167243">
        <ele>255.5</ele>
      </trkpt>
      <trkpt lat="45.1201" lon="-72.16627">
        <ele>255.1</ele>
      </trkpt>
      <trkpt lat="45.11991" lon="-72.16588">
        <ele>254.4</ele>
      </trkpt>
      <trkpt lat="45.11983" lon="-72.16565">
        <ele>253.6</ele>
      </trkpt>
      <trkpt lat="45.11967" lon="-72.16489">
        <ele>248.5</ele>
      </trkpt>
      <trkpt lat="45.11963" lon="-72.16462">
        <ele>246.7</ele>
      </trkpt>
      <trkpt lat="45.11962" lon="-72.16409">
        <ele>243.9</ele>
      </trkpt>
      <trkpt lat="45.11967" lon="-72.16337">
        <ele>236.8</ele>
      </trkpt>
      <trkpt lat="45.11968" lon="-72.16211">
        <ele>230.9</ele>
      </trkpt>
      <trkpt lat="45.11966" lon="-72.16096">
        <ele>228.8</ele>
      </trkpt>
      <trkpt lat="45.119583" lon="-72.160099">
        <ele>226.4</ele>
      </trkpt>
      <trkpt lat="45.119506" lon="-72.159239">
        <ele>223.4</ele>
      </trkpt>
      <trkpt lat="45.11943" lon="-72.15838">
        <ele>221.5</ele>
      </trkpt>
      <trkpt lat="45.11924" lon="-72.15727">
        <ele>216.3</ele>
      </trkpt>
      <trkpt lat="45.119045" lon="-72.156424">
        <ele>213.7</ele>
      </trkpt>
      <trkpt lat="45.11885" lon="-72.15558">
        <ele>211.6</ele>
      </trkpt>
      <trkpt lat="45.11857" lon="-72.15477">
        <ele>210.7</ele>
      </trkpt>
      <trkpt lat="45.118227" lon="-72.153942">
        <ele>210.1</ele>
      </trkpt>
      <trkpt lat="45.117885" lon="-72.153114">
        <ele>210.7</ele>
      </trkpt>
      <trkpt lat="45.117542" lon="-72.152287">
        <ele>211.5</ele>
      </trkpt>
      <trkpt lat="45.1172" lon="-72.15146">
        <ele>213.2</ele>
      </trkpt>
      <trkpt lat="45.11708" lon="-72.15126">
        <ele>214</ele>
      </trkpt>
      <trkpt lat="45.117" lon="-72.15088">
        <ele>214.8</ele>
      </trkpt>
      <trkpt lat="45.11677" lon="-72.15021">
        <ele>217.4</ele>
      </trkpt>
      <trkpt lat="45.11637" lon="-72.14927">
        <ele>224.5</ele>
      </trkpt>
      <trkpt lat="45.11611" lon="-72.14855">
        <ele>232.5</ele>
      </trkpt>
      <trkpt lat="45.11582" lon="-72.14792">
        <ele>236.5</ele>
      </trkpt>
      <trkpt lat="45.11551" lon="-72.14711">
        <ele>244.7</ele>
      </trkpt>
      <trkpt lat="45.11497" lon="-72.14613">
        <ele>254.8</ele>
      </trkpt>
      <trkpt lat="45.11472" lon="-72.14576">
        <ele>257.8</ele>
      </trkpt>
      <trkpt lat="45.114255" lon="-72.145009">
        <ele>260.7</ele>
      </trkpt>
      <trkpt lat="45.11379" lon="-72.14426">
        <ele>261</ele>
      </trkpt>
      <trkpt lat="45.11392" lon="-72.14403">
        <ele>262</ele>
      </trkpt>
      <trkpt lat="45.11429" lon="-72.14358">
        <ele>264</ele>
      </trkpt>
      <trkpt lat="45.11469" lon="-72.14302">
        <ele>265</ele>
      </trkpt>
      <trkpt lat="45.11509" lon="-72.14246">
        <ele>266.9</ele>
      </trkpt>
      <trkpt lat="45.11517" lon="-72.14229">
        <ele>267.8</ele>
      </trkpt>
      <trkpt lat="45.11531" lon="-72.14177">
        <ele>268.5</ele>
      </trkpt>
      <trkpt lat="45.11538" lon="-72.14157">
        <ele>268.5</ele>
      </trkpt>
      <trkpt lat="45.11563" lon="-72.14107">
        <ele>268.3</ele>
      </trkpt>
      <trkpt lat="45.11575" lon="-72.14089">
        <ele>268.4</ele>
      </trkpt>
      <trkpt lat="45.11628" lon="-72.14036">
        <ele>270.8</ele>
      </trkpt>
      <trkpt lat="45.117035" lon="-72.13981">
        <ele>280</ele>
      </trkpt>
      <trkpt lat="45.11779" lon="-72.13926">
        <ele>284.9</ele>
      </trkpt>
      <trkpt lat="45.118545" lon="-72.13871">
        <ele>287.3</ele>
      </trkpt>
      <trkpt lat="45.1193" lon="-72.13816">
        <ele>287.5</ele>
      </trkpt>
      <trkpt lat="45.11999" lon="-72.13759">
        <ele>290.3</ele>
      </trkpt>
      <trkpt lat="45.12055" lon="-72.13699">
        <ele>294.9</ele>
      </trkpt>
      <trkpt lat="45.12072" lon="-72.13673">
        <ele>295.1</ele>
      </trkpt>
      <trkpt lat="45.12124" lon="-72.13578">
        <ele>293.7</ele>
      </trkpt>
      <trkpt lat="45.121573" lon="-72.135056">
        <ele>292.8</ele>
      </trkpt>
      <trkpt lat="45.121906" lon="-72.134333">
        <ele>292.2</ele>
      </trkpt>
      <trkpt lat="45.12224" lon="-72.13361">
        <ele>291.2</ele>
      </trkpt>
      <trkpt lat="45.122545" lon="-72.13298">
        <ele>291.4</ele>
      </trkpt>
      <trkpt lat="45.12285" lon="-72.13235">
        <ele>293.1</ele>
      </trkpt>
      <trkpt lat="45.1231" lon="-72.13193">
        <ele>294.8</ele>
      </trkpt>
      <trkpt lat="45.12357" lon="-72.13096">
        <ele>295.7</ele>
      </trkpt>
      <trkpt lat="45.123935" lon="-72.13018">
        <ele>298.1</ele>
      </trkpt>
      <trkpt lat="45.1243" lon="-72.1294">
        <ele>296.6</ele>
      </trkpt>
      <trkpt lat="45.12465" lon="-72.12852">
        <ele>289</ele>
      </trkpt>
      <trkpt lat="45.125" lon="-72.12764">
        <ele>279.4</ele>
      </trkpt>
      <trkpt lat="45.125" lon="-72.12765">
        <ele>279.5</ele>
      </trkpt>
      <trkpt lat="45.12529" lon="-72.1267">
        <ele>272.1</ele>
      </trkpt>
      <trkpt lat="45.12546" lon="-72.12625">
        <ele>269</ele>
      </trkpt>
      <trkpt lat="45.12556" lon="-72.12603">
        <ele>267.4</ele>
      </trkpt>
      <trkpt lat="45.12587" lon="-72.12522">
        <ele>264</ele>
      </trkpt>
      <trkpt lat="45.1263" lon="-72.12416">
        <ele>264.5</ele>
      </trkpt>
      <trkpt lat="45.1266" lon="-72.12335">
        <ele>268.1</ele>
      </trkpt>
      <trkpt lat="45.1269" lon="-72.12254">
        <ele>268.7</ele>
      </trkpt>
      <trkpt lat="45.12712" lon="-72.12204">
        <ele>264.6</ele>
      </trkpt>
      <trkpt lat="45.12745" lon="-72.12119">
        <ele>262.6</ele>
      </trkpt>
      <trkpt lat="45.12784" lon="-72.12005">
        <ele>269.2</ele>
      </trkpt>
      <trkpt lat="45.12825" lon="-72.11914">
        <ele>281.3</ele>
      </trkpt>
      <trkpt lat="45.12844" lon="-72.1186">
        <ele>288.2</ele>
      </trkpt>
      <trkpt lat="45.12867" lon="-72.1181">
        <ele>294.4</ele>
      </trkpt>
      <trkpt lat="45.12871" lon="-72.11793">
        <ele>295.4</ele>
      </trkpt>
      <trkpt lat="45.12898" lon="-72.11722">
        <ele>300.3</ele>
      </trkpt>
      <trkpt lat="45.1293" lon="-72.11643">
        <ele>305.8</ele>
      </trkpt>
      <trkpt lat="45.12962" lon="-72.11564">
        <ele>306.7</ele>
      </trkpt>
      <trkpt lat="45.13006" lon="-72.11479">
        <ele>305.7</ele>
      </trkpt>
      <trkpt lat="45.13058" lon="-72.11385">
        <ele>303.9</ele>
      </trkpt>
      <trkpt lat="45.131055" lon="-72.11309">
        <ele>305.3</ele>
      </trkpt>
      <trkpt lat="45.13153" lon="-72.11233">
        <ele>310.1</ele>
      </trkpt>
      <trkpt lat="45.13164" lon="-72.1122">
        <ele>311.6</ele>
      </trkpt>
      <trkpt lat="45.13217" lon="-72.11171">
        <ele>317.3</ele>
      </trkpt>
      <trkpt lat="45.1327" lon="-72.11122">
        <ele>318.7</ele>
      </trkpt>
      <trkpt lat="45.13331" lon="-72.110735">
        <ele>318.5</ele>
      </trkpt>
      <trkpt lat="45.13392" lon="-72.11025">
        <ele>316.8</ele>
      </trkpt>
      <trkpt lat="45.13453" lon="-72.109765">
        <ele>314.5</ele>
      </trkpt>
      <trkpt lat="45.13514" lon="-72.10928">
        <ele>310.5</ele>
      </trkpt>
      <trkpt lat="45.135886" lon="-72.108668">
        <ele>303.9</ele>
      </trkpt>
      <trkpt lat="45.136632" lon="-72.108056">
        <ele>299.7</ele>
      </trkpt>
      <trkpt lat="45.137378" lon="-72.107444">
        <ele>301.5</ele>
      </trkpt>
      <trkpt lat="45.138124" lon="-72.106832">
        <ele>303.6</ele>
      </trkpt>
      <trkpt lat="45.13887" lon="-72.10622">
        <ele>306.3</ele>
      </trkpt>
      <trkpt lat="45.13956" lon="-72.105665">
        <ele>313.6</ele>
      </trkpt>
      <trkpt lat="45.14025" lon="-72.10511">
        <ele>321</ele>
      </trkpt>
      <trkpt lat="45.14094" lon="-72.104555">
        <ele>324.7</ele>
      </trkpt>
      <trkpt lat="45.14163" lon="-72.104">
        <ele>329.1</ele>
      </trkpt>
      <trkpt lat="45.14209" lon="-72.103575">
        <ele>330.4</ele>
      </trkpt>
      <trkpt lat="45.14255" lon="-72.10315">
        <ele>330.7</ele>
      </trkpt>
      <trkpt lat="45.14284" lon="-72.10283">
        <ele>329.9</ele>
      </trkpt>
      <trkpt lat="45.14323" lon="-72.10221">
        <ele>327.5</ele>
      </trkpt>
      <trkpt lat="45.14343" lon="-72.10181">
        <ele>326.5</ele>
      </trkpt>
      <trkpt lat="45.143785" lon="-72.100917">
        <ele>322</ele>
      </trkpt>
      <trkpt lat="45.14414" lon="-72.100025">
        <ele>315.5</ele>
      </trkpt>
      <trkpt lat="45.144495" lon="-72.099132">
        <ele>310</ele>
      </trkpt>
      <trkpt lat="45.14485" lon="-72.09824">
        <ele>306.4</ele>
      </trkpt>
      <trkpt lat="45.145272" lon="-72.097154">
        <ele>301</ele>
      </trkpt>
      <trkpt lat="45.145694" lon="-72.096068">
        <ele>294.7</ele>
      </trkpt>
      <trkpt lat="45.146116" lon="-72.094982">
        <ele>289.5</ele>
      </trkpt>
      <trkpt lat="45.146538" lon="-72.093896">
        <ele>286.3</ele>
      </trkpt>
      <trkpt lat="45.14696" lon="-72.09281">
        <ele>286.2</ele>
      </trkpt>
      <trkpt lat="45.147338" lon="-72.091868">
        <ele>288.4</ele>
      </trkpt>
      <trkpt lat="45.147716" lon="-72.090926">
        <ele>295</ele>
      </trkpt>
      <trkpt lat="45.148094" lon="-72.089984">
        <ele>302.9</ele>
      </trkpt>
      <trkpt lat="45.148472" lon="-72.089042">
        <ele>308.8</ele>
      </trkpt>
      <trkpt lat="45.14885" lon="-72.0881">
        <ele>309.2</ele>
      </trkpt>
      <trkpt lat="45.149266" lon="-72.086973">
        <ele>307</ele>
      </trkpt>
      <trkpt lat="45.149683" lon="-72.085846">
        <ele>305.8</ele>
      </trkpt>
      <trkpt lat="45.1501" lon="-72.08472">
        <ele>303.5</ele>
      </trkpt>
      <trkpt lat="45.15061" lon="-72.08372">
        <ele>293.7</ele>
      </trkpt>
      <trkpt lat="45.150993" lon="-72.0828">
        <ele>280.4</ele>
      </trkpt>
      <trkpt lat="45.151376" lon="-72.08188">
        <ele>270.4</ele>
      </trkpt>
      <trkpt lat="45.15176" lon="-72.08096">
        <ele>269.2</ele>
      </trkpt>
      <trkpt lat="45.15176" lon="-72.08097">
        <ele>269.2</ele>
      </trkpt>
      <trkpt lat="45.15182" lon="-72.08082">
        <ele>269.7</ele>
      </trkpt>
      <trkpt lat="45.152163" lon="-72.07965">
        <ele>275.1</ele>
      </trkpt>
      <trkpt lat="45.152506" lon="-72.07848">
        <ele>270.8</ele>
      </trkpt>
      <trkpt lat="45.15285" lon="-72.07731">
        <ele>265.7</ele>
      </trkpt>
      <trkpt lat="45.15295" lon="-72.07678">
        <ele>263.1</ele>
      </trkpt>
      <trkpt lat="45.15301" lon="-72.07625">
        <ele>259.7</ele>
      </trkpt>
      <trkpt lat="45.153" lon="-72.07609">
        <ele>258.8</ele>
      </trkpt>
      <trkpt lat="45.15287" lon="-72.07522">
        <ele>251.6</ele>
      </trkpt>
      <trkpt lat="45.152815" lon="-72.074334">
        <ele>246.3</ele>
      </trkpt>
      <trkpt lat="45.15276" lon="-72.07345">
        <ele>244</ele>
      </trkpt>
      <trkpt lat="45.1536" lon="-72.073175">
        <ele>246.8</ele>
      </trkpt>
      <trkpt lat="45.15444" lon="-72.0729">
        <ele>252.1</ele>
      </trkpt>
      <trkpt lat="45.15523" lon="-72.0727">
        <ele>259.8</ele>
      </trkpt>
      <trkpt lat="45.15598" lon="-72.07248">
        <ele>269.8</ele>
      </trkpt>
      <trkpt lat="45.1566" lon="-72.072215">
        <ele>273.8</ele>
      </trkpt>
      <trkpt lat="45.15722" lon="-72.07195">
        <ele>270.8</ele>
      </trkpt>
      <trkpt lat="45.157862" lon="-72.071635">
        <ele>266.1</ele>
      </trkpt>
      <trkpt lat="45.158505" lon="-72.07132">
        <ele>259</ele>
      </trkpt>
      <trkpt lat="45.159147" lon="-72.071005">
        <ele>253.3</ele>
      </trkpt>
      <trkpt lat="45.15979" lon="-72.07069">
        <ele>249.8</ele>
      </trkpt>
      <trkpt lat="45.16017" lon="-72.07052">
        <ele>249.3</ele>
      </trkpt>
      <trkpt lat="45.16063" lon="-72.07025">
        <ele>249.1</ele>
      </trkpt>
      <trkpt lat="45.161408" lon="-72.069728">
        <ele>252.9</ele>
      </trkpt>
      <trkpt lat="45.162186" lon="-72.069206">
        <ele>254.8</ele>
      </trkpt>
      <trkpt lat="45.162965" lon="-72.068685">
        <ele>254.4</ele>
      </trkpt>
      <trkpt lat="45.163743" lon="-72.068163">
        <ele>253.3</ele>
      </trkpt>
      <trkpt lat="45.164521" lon="-72.067641">
        <ele>255.4</ele>
      </trkpt>
      <trkpt lat="45.1653" lon="-72.06712">
        <ele>254.6</ele>
      </trkpt>
      <trkpt lat="45.16555" lon="-72.06693">
        <ele>253.4</ele>
      </trkpt>
      <trkpt lat="45.16586" lon="-72.06658">
        <ele>250.3</ele>
      </trkpt>
      <trkpt lat="45.16608" lon="-72.06612">
        <ele>249.1</ele>
      </trkpt>
      <trkpt lat="45.16624" lon="-72.06569">
        <ele>248.7</ele>
      </trkpt>
      <trkpt lat="45.16635" lon="-72.06518">
        <ele>248.7</ele>
      </trkpt>
      <trkpt lat="45.166595" lon="-72.064017">
        <ele>249</ele>
      </trkpt>
      <trkpt lat="45.16684" lon="-72.062855">
        <ele>246.7</ele>
      </trkpt>
      <trkpt lat="45.167085" lon="-72.061692">
        <ele>241.8</ele>
      </trkpt>
      <trkpt lat="45.16733" lon="-72.06053">
        <ele>238.6</ele>
      </trkpt>
      <trkpt lat="45.16733" lon="-72.06054">
        <ele>238.6</ele>
      </trkpt>
      <trkpt lat="45.16754" lon="-72.05954">
        <ele>235.8</ele>
      </trkpt>
      <trkpt lat="45.16784" lon="-72.05847">
        <ele>231.5</ele>
      </trkpt>
      <trkpt lat="45.16817" lon="-72.05749">
        <ele>226.3</ele>
      </trkpt>
      <trkpt lat="45.1685" lon="-72.05651">
        <ele>221.5</ele>
      </trkpt>
      <trkpt lat="45.16869" lon="-72.0557">
        <ele>216.3</ele>
      </trkpt>
      <trkpt lat="45.16876" lon="-72.055015">
        <ele>213.1</ele>
      </trkpt>
      <trkpt lat="45.16883" lon="-72.05433">
        <ele>207.5</ele>
      </trkpt>
      <trkpt lat="45.168873" lon="-72.053473">
        <ele>202.1</ele>
      </trkpt>
      <trkpt lat="45.168916" lon="-72.052616">
        <ele>197.4</ele>
      </trkpt>
      <trkpt lat="45.16896" lon="-72.05176">
        <ele>190.1</ele>
      </trkpt>
      <trkpt lat="45.16901" lon="-72.05103">
        <ele>186.2</ele>
      </trkpt>
      <trkpt lat="45.16908" lon="-72.05046">
        <ele>181.5</ele>
      </trkpt>
      <trkpt lat="45.16919" lon="-72.05005">
        <ele>179.1</ele>
      </trkpt>
      <trkpt lat="45.16934" lon="-72.04974">
        <ele>175.5</ele>
      </trkpt>
      <trkpt lat="45.16969" lon="-72.04918">
        <ele>169.2</ele>
      </trkpt>
      <trkpt lat="45.17032" lon="-72.04857">
        <ele>163.8</ele>
      </trkpt>
      <trkpt lat="45.17102" lon="-72.04795">
        <ele>165.1</ele>
      </trkpt>
      <trkpt lat="45.17117" lon="-72.04787">
        <ele>165.6</ele>
      </trkpt>
      <trkpt lat="45.17106" lon="-72.04701">
        <ele>168.9</ele>
      </trkpt>
      <trkpt lat="45.17093" lon="-72.04651">
        <ele>169.7</ele>
      </trkpt>
      <trkpt lat="45.17078" lon="-72.04607">
        <ele>169.4</ele>
      </trkpt>
      <trkpt lat="45.17043" lon="-72.045154">
        <ele>169.4</ele>
      </trkpt>
      <trkpt lat="45.17008" lon="-72.04424">
        <ele>170</ele>
      </trkpt>
      <trkpt lat="45.16983" lon="-72.043634">
        <ele>170.3</ele>
      </trkpt>
      <trkpt lat="45.16958" lon="-72.04303">
        <ele>170.5</ele>
      </trkpt>
    </trkseg>
  </trk>
</gpx>