<?xml version='1.0' encoding='utf-8'?>
<gpx xmlns="http://www.topografix.com/GPX/1/1" xmlns:xsi="http://www.w3.org/2001/XMLSchema-instance" version="1.1" creator="Gravelle Estrie" xsi:schemaLocation="http://www.topografix.com/GPX/1/1 http://www.topografix.com/GPX/1/1/gpx.xsd">
  <metadata>
    <name>Suspicious Mind</name>
  </metadata>
  <trk>
    <name>Suspicious Mind</name>
    <trkseg>
      <trkpt lat="45.34342" lon="-72.64905">
        <ele>132.92</ele>
      </trkpt>
      <trkpt lat="45.34339" lon="-72.64808">
        <ele>133.79</ele>
      </trkpt>
      <trkpt lat="45.34309" lon="-72.64811">
        <ele>134.01</ele>
      </trkpt>
      <trkpt lat="45.34294" lon="-72.6471">
        <ele>133.42</ele>
      </trkpt>
      <trkpt lat="45.34279" lon="-72.64609">
        <ele>133.19</ele>
      </trkpt>
      <trkpt lat="45.34264" lon="-72.64508">
        <ele>133.59</ele>
      </trkpt>
      <trkpt lat="45.34249" lon="-72.64407">
        <ele>133.85</ele>
      </trkpt>
      <trkpt lat="45.34214" lon="-72.64295">
        <ele>134.71</ele>
      </trkpt>
      <trkpt lat="45.34169" lon="-72.64192">
        <ele>135.68</ele>
      </trkpt>
      <trkpt lat="45.34118" lon="-72.640942">
        <ele>136.52</ele>
      </trkpt>
      <trkpt lat="45.34067" lon="-72.6399639">
        <ele>137.59</ele>
      </trkpt>
      <trkpt lat="45.34016" lon="-72.6389859">
        <ele>138.62</ele>
      </trkpt>
      <trkpt lat="45.33965" lon="-72.638008">
        <ele>140.18</ele>
      </trkpt>
      <trkpt lat="45.33914" lon="-72.63703">
        <ele>141.12</ele>
      </trkpt>
      <trkpt lat="45.33878" lon="-72.63624">
        <ele>141.87</ele>
      </trkpt>
      <trkpt lat="45.33861" lon="-72.6357">
        <ele>142.76</ele>
      </trkpt>
      <trkpt lat="45.338455" lon="-72.634875">
        <ele>143.56</ele>
      </trkpt>
      <trkpt lat="45.3383" lon="-72.63405">
        <ele>143.32</ele>
      </trkpt>
      <trkpt lat="45.33816" lon="-72.63284">
        <ele>143.54</ele>
      </trkpt>
      <trkpt lat="45.33802" lon="-72.63163">
        <ele>143.64</ele>
      </trkpt>
      <trkpt lat="45.33784" lon="-72.63094">
        <ele>143.84</ele>
      </trkpt>
      <trkpt lat="45.33766" lon="-72.63025">
        <ele>144.18</ele>
      </trkpt>
      <trkpt lat="45.33742" lon="-72.62968">
        <ele>144.08</ele>
      </trkpt>
      <trkpt lat="45.33718" lon="-72.62911">
        <ele>144.38</ele>
      </trkpt>
      <trkpt lat="45.3367088" lon="-72.6281812">
        <ele>145.85</ele>
      </trkpt>
      <trkpt lat="45.3362375" lon="-72.6272524">
        <ele>146.9</ele>
      </trkpt>
      <trkpt lat="45.3357663" lon="-72.6263236">
        <ele>147.45</ele>
      </trkpt>
      <trkpt lat="45.3352951" lon="-72.6253949">
        <ele>147.8</ele>
      </trkpt>
      <trkpt lat="45.3348238" lon="-72.6244661">
        <ele>147.93</ele>
      </trkpt>
      <trkpt lat="45.3343525" lon="-72.6235374">
        <ele>148.17</ele>
      </trkpt>
      <trkpt lat="45.3338813" lon="-72.6226087">
        <ele>148.45</ele>
      </trkpt>
      <trkpt lat="45.33341" lon="-72.62168">
        <ele>150.94</ele>
      </trkpt>
      <trkpt lat="45.333105" lon="-72.62101">
        <ele>150.43</ele>
      </trkpt>
      <trkpt lat="45.3328" lon="-72.62034">
        <ele>150.3</ele>
      </trkpt>
      <trkpt lat="45.33246" lon="-72.61922">
        <ele>150.97</ele>
      </trkpt>
      <trkpt lat="45.33222" lon="-72.61806">
        <ele>151.15</ele>
      </trkpt>
      <trkpt lat="45.3320375" lon="-72.6168425">
        <ele>152.07</ele>
      </trkpt>
      <trkpt lat="45.331855" lon="-72.615625">
        <ele>152.69</ele>
      </trkpt>
      <trkpt lat="45.3316725" lon="-72.6144075">
        <ele>153.28</ele>
      </trkpt>
      <trkpt lat="45.33149" lon="-72.61319">
        <ele>153.74</ele>
      </trkpt>
      <trkpt lat="45.33128" lon="-72.61229">
        <ele>154.36</ele>
      </trkpt>
      <trkpt lat="45.33098" lon="-72.61143">
        <ele>155.59</ele>
      </trkpt>
      <trkpt lat="45.33063" lon="-72.61067">
        <ele>157.04</ele>
      </trkpt>
      <trkpt lat="45.3303" lon="-72.61009">
        <ele>157.93</ele>
      </trkpt>
      <trkpt lat="45.33005" lon="-72.6097">
        <ele>158.72</ele>
      </trkpt>
      <trkpt lat="45.3295133" lon="-72.6089367">
        <ele>158.72</ele>
      </trkpt>
      <trkpt lat="45.3289767" lon="-72.6081733">
        <ele>159.82</ele>
      </trkpt>
      <trkpt lat="45.32844" lon="-72.60741">
        <ele>160.71</ele>
      </trkpt>
      <trkpt lat="45.32801" lon="-72.6066">
        <ele>161.42</ele>
      </trkpt>
      <trkpt lat="45.32777" lon="-72.60598">
        <ele>161.86</ele>
      </trkpt>
      <trkpt lat="45.32777" lon="-72.60598">
        <ele>161.87</ele>
      </trkpt>
      <trkpt lat="45.32758" lon="-72.60548">
        <ele>162.54</ele>
      </trkpt>
      <trkpt lat="45.3272223" lon="-72.6044255">
        <ele>163.7</ele>
      </trkpt>
      <trkpt lat="45.3268645" lon="-72.603371">
        <ele>164.99</ele>
      </trkpt>
      <trkpt lat="45.3265068" lon="-72.6023165">
        <ele>166.69</ele>
      </trkpt>
      <trkpt lat="45.326149" lon="-72.6012621">
        <ele>167.69</ele>
      </trkpt>
      <trkpt lat="45.3257912" lon="-72.6002076">
        <ele>168.69</ele>
      </trkpt>
      <trkpt lat="45.3254334" lon="-72.5991532">
        <ele>169.53</ele>
      </trkpt>
      <trkpt lat="45.3250756" lon="-72.5980988">
        <ele>170.65</ele>
      </trkpt>
      <trkpt lat="45.3247178" lon="-72.5970444">
        <ele>171.39</ele>
      </trkpt>
      <trkpt lat="45.32436" lon="-72.59599">
        <ele>172.43</ele>
      </trkpt>
      <trkpt lat="45.32417" lon="-72.59534">
        <ele>173.13</ele>
      </trkpt>
      <trkpt lat="45.32398" lon="-72.59469">
        <ele>173.58</ele>
      </trkpt>
      <trkpt lat="45.3238" lon="-72.59348">
        <ele>176.09</ele>
      </trkpt>
      <trkpt lat="45.3238" lon="-72.59334">
        <ele>176.15</ele>
      </trkpt>
      <trkpt lat="45.322912" lon="-72.59329">
        <ele>175.22</ele>
      </trkpt>
      <trkpt lat="45.322024" lon="-72.59324">
        <ele>172.59</ele>
      </trkpt>
      <trkpt lat="45.321136" lon="-72.59319">
        <ele>171.08</ele>
      </trkpt>
      <trkpt lat="45.320248" lon="-72.59314">
        <ele>167.51</ele>
      </trkpt>
      <trkpt lat="45.31936" lon="-72.59309">
        <ele>162.97</ele>
      </trkpt>
      <trkpt lat="45.31889" lon="-72.59312">
        <ele>162.1</ele>
      </trkpt>
      <trkpt lat="45.31858" lon="-72.5934">
        <ele>162.19</ele>
      </trkpt>
      <trkpt lat="45.31809" lon="-72.594115">
        <ele>161.55</ele>
      </trkpt>
      <trkpt lat="45.3176" lon="-72.59483">
        <ele>160.38</ele>
      </trkpt>
      <trkpt lat="45.31746" lon="-72.595">
        <ele>160.24</ele>
      </trkpt>
      <trkpt lat="45.31732" lon="-72.59506">
        <ele>160.16</ele>
      </trkpt>
      <trkpt lat="45.31714" lon="-72.59511">
        <ele>160.06</ele>
      </trkpt>
      <trkpt lat="45.31632" lon="-72.59514">
        <ele>160.89</ele>
      </trkpt>
      <trkpt lat="45.3155" lon="-72.59517">
        <ele>160.77</ele>
      </trkpt>
      <trkpt lat="45.31468" lon="-72.5952">
        <ele>160.25</ele>
      </trkpt>
      <trkpt lat="45.31386" lon="-72.59523">
        <ele>162.27</ele>
      </trkpt>
      <trkpt lat="45.31318" lon="-72.59525">
        <ele>162.68</ele>
      </trkpt>
      <trkpt lat="45.31317" lon="-72.59525">
        <ele>162.68</ele>
      </trkpt>
      <trkpt lat="45.31255" lon="-72.59526">
        <ele>161.49</ele>
      </trkpt>
      <trkpt lat="45.31193" lon="-72.59527">
        <ele>159.44</ele>
      </trkpt>
      <trkpt lat="45.31164" lon="-72.59532">
        <ele>158.71</ele>
      </trkpt>
      <trkpt lat="45.310975" lon="-72.59534">
        <ele>157.97</ele>
      </trkpt>
      <trkpt lat="45.31031" lon="-72.59536">
        <ele>156.73</ele>
      </trkpt>
      <trkpt lat="45.31004" lon="-72.59541">
        <ele>156.44</ele>
      </trkpt>
      <trkpt lat="45.30916" lon="-72.59541">
        <ele>156.83</ele>
      </trkpt>
      <trkpt lat="45.3089" lon="-72.59545">
        <ele>156.51</ele>
      </trkpt>
      <trkpt lat="45.3081" lon="-72.59548">
        <ele>154.96</ele>
      </trkpt>
      <trkpt lat="45.3073" lon="-72.59551">
        <ele>156.08</ele>
      </trkpt>
      <trkpt lat="45.3073017" lon="-72.5942567">
        <ele>157.91</ele>
      </trkpt>
      <trkpt lat="45.3073034" lon="-72.5930033">
        <ele>159.1</ele>
      </trkpt>
      <trkpt lat="45.3073051" lon="-72.59175">
        <ele>159.4</ele>
      </trkpt>
      <trkpt lat="45.3073067" lon="-72.5904967">
        <ele>162.38</ele>
      </trkpt>
      <trkpt lat="45.3073084" lon="-72.5892433">
        <ele>167.03</ele>
      </trkpt>
      <trkpt lat="45.30731" lon="-72.58799">
        <ele>170.49</ele>
      </trkpt>
      <trkpt lat="45.3072967" lon="-72.58709">
        <ele>172.61</ele>
      </trkpt>
      <trkpt lat="45.3072833" lon="-72.58619">
        <ele>173.13</ele>
      </trkpt>
      <trkpt lat="45.30727" lon="-72.58529">
        <ele>172.4</ele>
      </trkpt>
      <trkpt lat="45.307265" lon="-72.584035">
        <ele>167.84</ele>
      </trkpt>
      <trkpt lat="45.30726" lon="-72.58278">
        <ele>163.93</ele>
      </trkpt>
      <trkpt lat="45.30726" lon="-72.58278">
        <ele>163.93</ele>
      </trkpt>
      <trkpt lat="45.3072567" lon="-72.5815833">
        <ele>165</ele>
      </trkpt>
      <trkpt lat="45.3072534" lon="-72.5803867">
        <ele>168.05</ele>
      </trkpt>
      <trkpt lat="45.3072501" lon="-72.57919">
        <ele>166.99</ele>
      </trkpt>
      <trkpt lat="45.3072467" lon="-72.5779933">
        <ele>167.16</ele>
      </trkpt>
      <trkpt lat="45.3072434" lon="-72.5767967">
        <ele>170.15</ele>
      </trkpt>
      <trkpt lat="45.30724" lon="-72.5756">
        <ele>172.37</ele>
      </trkpt>
      <trkpt lat="45.3072625" lon="-72.57435">
        <ele>177.99</ele>
      </trkpt>
      <trkpt lat="45.307285" lon="-72.5731">
        <ele>185.44</ele>
      </trkpt>
      <trkpt lat="45.3073075" lon="-72.57185">
        <ele>192.25</ele>
      </trkpt>
      <trkpt lat="45.30733" lon="-72.5706">
        <ele>193.18</ele>
      </trkpt>
      <trkpt lat="45.30737" lon="-72.56998">
        <ele>193.63</ele>
      </trkpt>
      <trkpt lat="45.3076" lon="-72.56886">
        <ele>198.65</ele>
      </trkpt>
      <trkpt lat="45.30763" lon="-72.56827">
        <ele>203.47</ele>
      </trkpt>
      <trkpt lat="45.30754" lon="-72.567545">
        <ele>207.28</ele>
      </trkpt>
      <trkpt lat="45.30745" lon="-72.56682">
        <ele>207.4</ele>
      </trkpt>
      <trkpt lat="45.30736" lon="-72.56621">
        <ele>207.58</ele>
      </trkpt>
      <trkpt lat="45.30731" lon="-72.56563">
        <ele>208.27</ele>
      </trkpt>
      <trkpt lat="45.30728" lon="-72.56502">
        <ele>208.87</ele>
      </trkpt>
      <trkpt lat="45.3072851" lon="-72.563865">
        <ele>210.89</ele>
      </trkpt>
      <trkpt lat="45.3072901" lon="-72.56271">
        <ele>214.94</ele>
      </trkpt>
      <trkpt lat="45.3072951" lon="-72.561555">
        <ele>221.07</ele>
      </trkpt>
      <trkpt lat="45.3073001" lon="-72.5604">
        <ele>224.18</ele>
      </trkpt>
      <trkpt lat="45.3073051" lon="-72.559245">
        <ele>227.02</ele>
      </trkpt>
      <trkpt lat="45.3073101" lon="-72.55809">
        <ele>227.21</ele>
      </trkpt>
      <trkpt lat="45.3073151" lon="-72.556935">
        <ele>225.89</ele>
      </trkpt>
      <trkpt lat="45.3073201" lon="-72.55578">
        <ele>225.59</ele>
      </trkpt>
      <trkpt lat="45.3073251" lon="-72.554625">
        <ele>225.56</ele>
      </trkpt>
      <trkpt lat="45.30733" lon="-72.55347">
        <ele>225.55</ele>
      </trkpt>
      <trkpt lat="45.3073389" lon="-72.5523144">
        <ele>225.76</ele>
      </trkpt>
      <trkpt lat="45.3073479" lon="-72.5511589">
        <ele>226.1</ele>
      </trkpt>
      <trkpt lat="45.3073568" lon="-72.5500033">
        <ele>226.13</ele>
      </trkpt>
      <trkpt lat="45.3073657" lon="-72.5488478">
        <ele>227.48</ele>
      </trkpt>
      <trkpt lat="45.3073746" lon="-72.5476922">
        <ele>228.07</ele>
      </trkpt>
      <trkpt lat="45.3073834" lon="-72.5465367">
        <ele>228.27</ele>
      </trkpt>
      <trkpt lat="45.3073923" lon="-72.5453811">
        <ele>228.75</ele>
      </trkpt>
      <trkpt lat="45.3074012" lon="-72.5442256">
        <ele>229.02</ele>
      </trkpt>
      <trkpt lat="45.30741" lon="-72.54307">
        <ele>230.53</ele>
      </trkpt>
      <trkpt lat="45.30741" lon="-72.54308">
        <ele>230.53</ele>
      </trkpt>
      <trkpt lat="45.3074186" lon="-72.5419486">
        <ele>230.75</ele>
      </trkpt>
      <trkpt lat="45.3074272" lon="-72.5408171">
        <ele>231.35</ele>
      </trkpt>
      <trkpt lat="45.3074358" lon="-72.5396857">
        <ele>230.4</ele>
      </trkpt>
      <trkpt lat="45.3074444" lon="-72.5385543">
        <ele>228.04</ele>
      </trkpt>
      <trkpt lat="45.3074529" lon="-72.5374229">
        <ele>226.45</ele>
      </trkpt>
      <trkpt lat="45.3074615" lon="-72.5362914">
        <ele>227.53</ele>
      </trkpt>
      <trkpt lat="45.30747" lon="-72.53516">
        <ele>230.07</ele>
      </trkpt>
      <trkpt lat="45.307475" lon="-72.53407">
        <ele>228.03</ele>
      </trkpt>
      <trkpt lat="45.30748" lon="-72.53298">
        <ele>226.98</ele>
      </trkpt>
      <trkpt lat="45.307485" lon="-72.53189">
        <ele>227.2</ele>
      </trkpt>
      <trkpt lat="45.30749" lon="-72.5308">
        <ele>226.41</ele>
      </trkpt>
      <trkpt lat="45.307495" lon="-72.52971">
        <ele>224.4</ele>
      </trkpt>
      <trkpt lat="45.3075" lon="-72.52862">
        <ele>224.93</ele>
      </trkpt>
      <trkpt lat="45.30749" lon="-72.52736">
        <ele>222.81</ele>
      </trkpt>
      <trkpt lat="45.30753" lon="-72.52695">
        <ele>220.46</ele>
      </trkpt>
      <trkpt lat="45.30777" lon="-72.525945">
        <ele>212.33</ele>
      </trkpt>
      <trkpt lat="45.30801" lon="-72.52494">
        <ele>208.09</ele>
      </trkpt>
      <trkpt lat="45.30816" lon="-72.52382">
        <ele>211.92</ele>
      </trkpt>
      <trkpt lat="45.30825" lon="-72.52325">
        <ele>213.99</ele>
      </trkpt>
      <trkpt lat="45.308485" lon="-72.52215">
        <ele>215.85</ele>
      </trkpt>
      <trkpt lat="45.30872" lon="-72.52105">
        <ele>219.58</ele>
      </trkpt>
      <trkpt lat="45.308955" lon="-72.51995">
        <ele>222.43</ele>
      </trkpt>
      <trkpt lat="45.30919" lon="-72.51885">
        <ele>225.02</ele>
      </trkpt>
      <trkpt lat="45.30933" lon="-72.51813">
        <ele>226.86</ele>
      </trkpt>
      <trkpt lat="45.30939" lon="-72.51764">
        <ele>226.94</ele>
      </trkpt>
      <trkpt lat="45.30949" lon="-72.51657">
        <ele>228.29</ele>
      </trkpt>
      <trkpt lat="45.30958" lon="-72.515455">
        <ele>229.9</ele>
      </trkpt>
      <trkpt lat="45.30967" lon="-72.51434">
        <ele>230.97</ele>
      </trkpt>
      <trkpt lat="45.30969" lon="-72.51374">
        <ele>229.88</ele>
      </trkpt>
      <trkpt lat="45.30963" lon="-72.51288">
        <ele>226.64</ele>
      </trkpt>
      <trkpt lat="45.30957" lon="-72.51202">
        <ele>226.12</ele>
      </trkpt>
      <trkpt lat="45.30937" lon="-72.51111">
        <ele>229.35</ele>
      </trkpt>
      <trkpt lat="45.30923" lon="-72.51066">
        <ele>230.21</ele>
      </trkpt>
      <trkpt lat="45.30877" lon="-72.5097">
        <ele>224.85</ele>
      </trkpt>
      <trkpt lat="45.30831" lon="-72.50874">
        <ele>222.74</ele>
      </trkpt>
      <trkpt lat="45.30807" lon="-72.5082">
        <ele>223.87</ele>
      </trkpt>
      <trkpt lat="45.30783" lon="-72.50766">
        <ele>226.01</ele>
      </trkpt>
      <trkpt lat="45.30773" lon="-72.50734">
        <ele>227.08</ele>
      </trkpt>
      <trkpt lat="45.30773" lon="-72.50734">
        <ele>227.08</ele>
      </trkpt>
      <trkpt lat="45.30765" lon="-72.50708">
        <ele>227.21</ele>
      </trkpt>
      <trkpt lat="45.30758" lon="-72.50672">
        <ele>226.9</ele>
      </trkpt>
      <trkpt lat="45.30754" lon="-72.50637">
        <ele>226.32</ele>
      </trkpt>
      <trkpt lat="45.3075533" lon="-72.50544">
        <ele>223.5</ele>
      </trkpt>
      <trkpt lat="45.3075667" lon="-72.50451">
        <ele>222.61</ele>
      </trkpt>
      <trkpt lat="45.30758" lon="-72.50358">
        <ele>223.71</ele>
      </trkpt>
      <trkpt lat="45.3075775" lon="-72.5024925">
        <ele>223.59</ele>
      </trkpt>
      <trkpt lat="45.307575" lon="-72.501405">
        <ele>223.53</ele>
      </trkpt>
      <trkpt lat="45.3075725" lon="-72.5003175">
        <ele>220.91</ele>
      </trkpt>
      <trkpt lat="45.30757" lon="-72.49923">
        <ele>221</ele>
      </trkpt>
      <trkpt lat="45.30793" lon="-72.49933">
        <ele>221.36</ele>
      </trkpt>
      <trkpt lat="45.30815" lon="-72.49937">
        <ele>222.51</ele>
      </trkpt>
      <trkpt lat="45.30885" lon="-72.49937">
        <ele>224.08</ele>
      </trkpt>
      <trkpt lat="45.3087" lon="-72.4989">
        <ele>224.43</ele>
      </trkpt>
      <trkpt lat="45.308435" lon="-72.4979575">
        <ele>225.5</ele>
      </trkpt>
      <trkpt lat="45.30817" lon="-72.497015">
        <ele>226.82</ele>
      </trkpt>
      <trkpt lat="45.307905" lon="-72.4960725">
        <ele>230.76</ele>
      </trkpt>
      <trkpt lat="45.30764" lon="-72.49513">
        <ele>235.8</ele>
      </trkpt>
      <trkpt lat="45.30759" lon="-72.49476">
        <ele>236.57</ele>
      </trkpt>
      <trkpt lat="45.30757" lon="-72.49449">
        <ele>240.61</ele>
      </trkpt>
      <trkpt lat="45.3075625" lon="-72.49326">
        <ele>246.51</ele>
      </trkpt>
      <trkpt lat="45.307555" lon="-72.49203">
        <ele>251.45</ele>
      </trkpt>
      <trkpt lat="45.3075475" lon="-72.4908">
        <ele>254.79</ele>
      </trkpt>
      <trkpt lat="45.30754" lon="-72.48957">
        <ele>261.2</ele>
      </trkpt>
      <trkpt lat="45.30745" lon="-72.48901">
        <ele>262.67</ele>
      </trkpt>
      <trkpt lat="45.30725" lon="-72.488215">
        <ele>264.83</ele>
      </trkpt>
      <trkpt lat="45.30705" lon="-72.48742">
        <ele>266.86</ele>
      </trkpt>
      <trkpt lat="45.3069" lon="-72.4871">
        <ele>267.17</ele>
      </trkpt>
      <trkpt lat="45.3068" lon="-72.48702">
        <ele>267.36</ele>
      </trkpt>
      <trkpt lat="45.30599" lon="-72.48735">
        <ele>264.82</ele>
      </trkpt>
      <trkpt lat="45.30598" lon="-72.48735">
        <ele>264.88</ele>
      </trkpt>
      <trkpt lat="45.305305" lon="-72.487625">
        <ele>262.24</ele>
      </trkpt>
      <trkpt lat="45.30463" lon="-72.4879">
        <ele>259.69</ele>
      </trkpt>
      <trkpt lat="45.303955" lon="-72.488175">
        <ele>257.8</ele>
      </trkpt>
      <trkpt lat="45.30328" lon="-72.48845">
        <ele>252.72</ele>
      </trkpt>
      <trkpt lat="45.30305" lon="-72.48859">
        <ele>251.45</ele>
      </trkpt>
      <trkpt lat="45.302416" lon="-72.489216">
        <ele>248.59</ele>
      </trkpt>
      <trkpt lat="45.301782" lon="-72.489842">
        <ele>246.59</ele>
      </trkpt>
      <trkpt lat="45.301148" lon="-72.490468">
        <ele>244.67</ele>
      </trkpt>
      <trkpt lat="45.300514" lon="-72.491094">
        <ele>241.9</ele>
      </trkpt>
      <trkpt lat="45.29988" lon="-72.49172">
        <ele>237.92</ele>
      </trkpt>
      <trkpt lat="45.299515" lon="-72.4921">
        <ele>235.73</ele>
      </trkpt>
      <trkpt lat="45.29915" lon="-72.49248">
        <ele>233.56</ele>
      </trkpt>
      <trkpt lat="45.29914" lon="-72.49248">
        <ele>233.53</ele>
      </trkpt>
      <trkpt lat="45.2985267" lon="-72.49312">
        <ele>229.85</ele>
      </trkpt>
      <trkpt lat="45.2979133" lon="-72.49376">
        <ele>227.12</ele>
      </trkpt>
      <trkpt lat="45.2973" lon="-72.4944">
        <ele>223.39</ele>
      </trkpt>
      <trkpt lat="45.29708" lon="-72.49456">
        <ele>223.45</ele>
      </trkpt>
      <trkpt lat="45.2970433" lon="-72.4936433">
        <ele>226.42</ele>
      </trkpt>
      <trkpt lat="45.2970067" lon="-72.4927267">
        <ele>230.19</ele>
      </trkpt>
      <trkpt lat="45.29697" lon="-72.49181">
        <ele>233.26</ele>
      </trkpt>
      <trkpt lat="45.2969567" lon="-72.4909333">
        <ele>236.55</ele>
      </trkpt>
      <trkpt lat="45.2969433" lon="-72.4900567">
        <ele>239.55</ele>
      </trkpt>
      <trkpt lat="45.29693" lon="-72.48918">
        <ele>243.44</ele>
      </trkpt>
      <trkpt lat="45.296945" lon="-72.48792">
        <ele>243.65</ele>
      </trkpt>
      <trkpt lat="45.29696" lon="-72.48666">
        <ele>244.4</ele>
      </trkpt>
      <trkpt lat="45.296975" lon="-72.4854">
        <ele>244.92</ele>
      </trkpt>
      <trkpt lat="45.29699" lon="-72.48414">
        <ele>244.95</ele>
      </trkpt>
      <trkpt lat="45.2969767" lon="-72.48304">
        <ele>245.17</ele>
      </trkpt>
      <trkpt lat="45.2969633" lon="-72.48194">
        <ele>246.67</ele>
      </trkpt>
      <trkpt lat="45.29695" lon="-72.48084">
        <ele>248.38</ele>
      </trkpt>
      <trkpt lat="45.29695" lon="-72.47983">
        <ele>248.76</ele>
      </trkpt>
      <trkpt lat="45.29695" lon="-72.47882">
        <ele>247.49</ele>
      </trkpt>
      <trkpt lat="45.29702" lon="-72.47837">
        <ele>247.48</ele>
      </trkpt>
      <trkpt lat="45.29702" lon="-72.47838">
        <ele>247.48</ele>
      </trkpt>
      <trkpt lat="45.29705" lon="-72.47824">
        <ele>247.61</ele>
      </trkpt>
      <trkpt lat="45.29735" lon="-72.477076">
        <ele>248.55</ele>
      </trkpt>
      <trkpt lat="45.29765" lon="-72.475912">
        <ele>248.83</ele>
      </trkpt>
      <trkpt lat="45.29795" lon="-72.474748">
        <ele>250.85</ele>
      </trkpt>
      <trkpt lat="45.29825" lon="-72.473584">
        <ele>254.79</ele>
      </trkpt>
      <trkpt lat="45.29855" lon="-72.47242">
        <ele>256.34</ele>
      </trkpt>
      <trkpt lat="45.2979625" lon="-72.471815">
        <ele>255.73</ele>
      </trkpt>
      <trkpt lat="45.297375" lon="-72.47121">
        <ele>255.22</ele>
      </trkpt>
      <trkpt lat="45.2967875" lon="-72.470605">
        <ele>254.05</ele>
      </trkpt>
      <trkpt lat="45.2962" lon="-72.47">
        <ele>253.13</ele>
      </trkpt>
      <trkpt lat="45.2955633" lon="-72.4693533">
        <ele>251.74</ele>
      </trkpt>
      <trkpt lat="45.2949267" lon="-72.4687066">
        <ele>250.57</ele>
      </trkpt>
      <trkpt lat="45.29429" lon="-72.4680599">
        <ele>249.64</ele>
      </trkpt>
      <trkpt lat="45.2936533" lon="-72.4674133">
        <ele>248.09</ele>
      </trkpt>
      <trkpt lat="45.2930167" lon="-72.4667666">
        <ele>245.89</ele>
      </trkpt>
      <trkpt lat="45.29238" lon="-72.46612">
        <ele>241.3</ele>
      </trkpt>
      <trkpt lat="45.29184" lon="-72.465605">
        <ele>239.62</ele>
      </trkpt>
      <trkpt lat="45.2913" lon="-72.46509">
        <ele>237.51</ele>
      </trkpt>
      <trkpt lat="45.29059" lon="-72.46446">
        <ele>235.26</ele>
      </trkpt>
      <trkpt lat="45.29059" lon="-72.46446">
        <ele>235.25</ele>
      </trkpt>
      <trkpt lat="45.289965" lon="-72.463895">
        <ele>232.93</ele>
      </trkpt>
      <trkpt lat="45.28934" lon="-72.46333">
        <ele>228.41</ele>
      </trkpt>
      <trkpt lat="45.28865" lon="-72.46279">
        <ele>225.64</ele>
      </trkpt>
      <trkpt lat="45.28853" lon="-72.46267">
        <ele>225.41</ele>
      </trkpt>
      <trkpt lat="45.2878" lon="-72.4620575">
        <ele>220.27</ele>
      </trkpt>
      <trkpt lat="45.28707" lon="-72.461445">
        <ele>217.35</ele>
      </trkpt>
      <trkpt lat="45.28634" lon="-72.4608325">
        <ele>218.74</ele>
      </trkpt>
      <trkpt lat="45.28561" lon="-72.46022">
        <ele>216.37</ele>
      </trkpt>
      <trkpt lat="45.28484" lon="-72.4596525">
        <ele>216.03</ele>
      </trkpt>
      <trkpt lat="45.28407" lon="-72.459085">
        <ele>215.66</ele>
      </trkpt>
      <trkpt lat="45.2833" lon="-72.4585175">
        <ele>215.36</ele>
      </trkpt>
      <trkpt lat="45.28253" lon="-72.45795">
        <ele>216.76</ele>
      </trkpt>
      <trkpt lat="45.2819633" lon="-72.4574467">
        <ele>220.5</ele>
      </trkpt>
      <trkpt lat="45.2813967" lon="-72.4569433">
        <ele>222.33</ele>
      </trkpt>
      <trkpt lat="45.28083" lon="-72.45644">
        <ele>225.48</ele>
      </trkpt>
      <trkpt lat="45.2801867" lon="-72.4558433">
        <ele>234.41</ele>
      </trkpt>
      <trkpt lat="45.2795433" lon="-72.4552467">
        <ele>241.51</ele>
      </trkpt>
      <trkpt lat="45.2789" lon="-72.45465">
        <ele>247.54</ele>
      </trkpt>
      <trkpt lat="45.27836" lon="-72.454005">
        <ele>251.77</ele>
      </trkpt>
      <trkpt lat="45.27782" lon="-72.45336">
        <ele>255.16</ele>
      </trkpt>
      <trkpt lat="45.277245" lon="-72.452525">
        <ele>261.07</ele>
      </trkpt>
      <trkpt lat="45.27667" lon="-72.45169">
        <ele>267.47</ele>
      </trkpt>
      <trkpt lat="45.27606" lon="-72.45093">
        <ele>273.87</ele>
      </trkpt>
      <trkpt lat="45.27579" lon="-72.45067">
        <ele>275.31</ele>
      </trkpt>
      <trkpt lat="45.2754" lon="-72.45042">
        <ele>276.82</ele>
      </trkpt>
      <trkpt lat="45.274624" lon="-72.450056">
        <ele>278.41</ele>
      </trkpt>
      <trkpt lat="45.273848" lon="-72.449692">
        <ele>279.37</ele>
      </trkpt>
      <trkpt lat="45.273072" lon="-72.449328">
        <ele>280.57</ele>
      </trkpt>
      <trkpt lat="45.272296" lon="-72.448964">
        <ele>281.88</ele>
      </trkpt>
      <trkpt lat="45.27152" lon="-72.4486">
        <ele>283.29</ele>
      </trkpt>
      <trkpt lat="45.27076" lon="-72.44816">
        <ele>285.12</ele>
      </trkpt>
      <trkpt lat="45.27045" lon="-72.44789">
        <ele>285.26</ele>
      </trkpt>
      <trkpt lat="45.2698167" lon="-72.44713">
        <ele>283.07</ele>
      </trkpt>
      <trkpt lat="45.2691833" lon="-72.44637">
        <ele>280.17</ele>
      </trkpt>
      <trkpt lat="45.26855" lon="-72.44561">
        <ele>276.81</ele>
      </trkpt>
      <trkpt lat="45.268035" lon="-72.445115">
        <ele>276.04</ele>
      </trkpt>
      <trkpt lat="45.26752" lon="-72.44462">
        <ele>277.04</ele>
      </trkpt>
      <trkpt lat="45.26752" lon="-72.44462">
        <ele>277.04</ele>
      </trkpt>
      <trkpt lat="45.26686" lon="-72.44402">
        <ele>277.81</ele>
      </trkpt>
      <trkpt lat="45.2662" lon="-72.44342">
        <ele>278.9</ele>
      </trkpt>
      <trkpt lat="45.26554" lon="-72.44282">
        <ele>281.92</ele>
      </trkpt>
      <trkpt lat="45.26506" lon="-72.442245">
        <ele>283.88</ele>
      </trkpt>
      <trkpt lat="45.26458" lon="-72.44167">
        <ele>285.28</ele>
      </trkpt>
      <trkpt lat="45.2641" lon="-72.44081">
        <ele>289.57</ele>
      </trkpt>
      <trkpt lat="45.263795" lon="-72.44003">
        <ele>292.28</ele>
      </trkpt>
      <trkpt lat="45.26349" lon="-72.43925">
        <ele>295.09</ele>
      </trkpt>
      <trkpt lat="45.26326" lon="-72.43889">
        <ele>296.01</ele>
      </trkpt>
      <trkpt lat="45.26299" lon="-72.43884">
        <ele>295.62</ele>
      </trkpt>
      <trkpt lat="45.26236" lon="-72.4388867">
        <ele>293.58</ele>
      </trkpt>
      <trkpt lat="45.26173" lon="-72.4389333">
        <ele>289.75</ele>
      </trkpt>
      <trkpt lat="45.2611" lon="-72.43898">
        <ele>287.86</ele>
      </trkpt>
      <trkpt lat="45.26056" lon="-72.439">
        <ele>290.59</ele>
      </trkpt>
      <trkpt lat="45.26002" lon="-72.43902">
        <ele>292.64</ele>
      </trkpt>
      <trkpt lat="45.2599433" lon="-72.43802">
        <ele>296.61</ele>
      </trkpt>
      <trkpt lat="45.2598667" lon="-72.43702">
        <ele>304.39</ele>
      </trkpt>
      <trkpt lat="45.25979" lon="-72.43602">
        <ele>308.85</ele>
      </trkpt>
      <trkpt lat="45.2597367" lon="-72.43505">
        <ele>312.64</ele>
      </trkpt>
      <trkpt lat="45.2596833" lon="-72.43408">
        <ele>315.44</ele>
      </trkpt>
      <trkpt lat="45.25963" lon="-72.43311">
        <ele>318.27</ele>
      </trkpt>
      <trkpt lat="45.25956" lon="-72.432115">
        <ele>323.25</ele>
      </trkpt>
      <trkpt lat="45.25949" lon="-72.43112">
        <ele>328.86</ele>
      </trkpt>
      <trkpt lat="45.25942" lon="-72.430125">
        <ele>335.71</ele>
      </trkpt>
      <trkpt lat="45.25935" lon="-72.42913">
        <ele>345.09</ele>
      </trkpt>
      <trkpt lat="45.259275" lon="-72.428315">
        <ele>350.91</ele>
      </trkpt>
      <trkpt lat="45.2592" lon="-72.4275">
        <ele>358.08</ele>
      </trkpt>
      <trkpt lat="45.2592" lon="-72.4275">
        <ele>358.13</ele>
      </trkpt>
      <trkpt lat="45.25911" lon="-72.426455">
        <ele>366.31</ele>
      </trkpt>
      <trkpt lat="45.25902" lon="-72.42541">
        <ele>374.59</ele>
      </trkpt>
      <trkpt lat="45.258925" lon="-72.424205">
        <ele>384</ele>
      </trkpt>
      <trkpt lat="45.25883" lon="-72.423">
        <ele>401.64</ele>
      </trkpt>
      <trkpt lat="45.25879" lon="-72.4220967">
        <ele>409.91</ele>
      </trkpt>
      <trkpt lat="45.25875" lon="-72.4211933">
        <ele>417.24</ele>
      </trkpt>
      <trkpt lat="45.25871" lon="-72.42029">
        <ele>423.47</ele>
      </trkpt>
      <trkpt lat="45.2587421" lon="-72.419123">
        <ele>428.02</ele>
      </trkpt>
      <trkpt lat="45.2587741" lon="-72.417956">
        <ele>432.51</ele>
      </trkpt>
      <trkpt lat="45.2588061" lon="-72.416789">
        <ele>435.59</ele>
      </trkpt>
      <trkpt lat="45.2588381" lon="-72.415622">
        <ele>436.86</ele>
      </trkpt>
      <trkpt lat="45.2588701" lon="-72.414455">
        <ele>435.59</ele>
      </trkpt>
      <trkpt lat="45.2589021" lon="-72.413288">
        <ele>428.13</ele>
      </trkpt>
      <trkpt lat="45.2589341" lon="-72.412121">
        <ele>420.22</ele>
      </trkpt>
      <trkpt lat="45.2589661" lon="-72.410954">
        <ele>414.77</ele>
      </trkpt>
      <trkpt lat="45.2589981" lon="-72.409787">
        <ele>412.18</ele>
      </trkpt>
      <trkpt lat="45.25903" lon="-72.40862">
        <ele>407.07</ele>
      </trkpt>
      <trkpt lat="45.2590667" lon="-72.4076267">
        <ele>407.05</ele>
      </trkpt>
      <trkpt lat="45.2591033" lon="-72.4066333">
        <ele>410.61</ele>
      </trkpt>
      <trkpt lat="45.25914" lon="-72.40564">
        <ele>413.82</ele>
      </trkpt>
      <trkpt lat="45.2591775" lon="-72.40439">
        <ele>413.34</ele>
      </trkpt>
      <trkpt lat="45.259215" lon="-72.40314">
        <ele>414.87</ele>
      </trkpt>
      <trkpt lat="45.2592525" lon="-72.40189">
        <ele>415.8</ele>
      </trkpt>
      <trkpt lat="45.25929" lon="-72.40064">
        <ele>415.3</ele>
      </trkpt>
      <trkpt lat="45.2593133" lon="-72.3996733">
        <ele>414.12</ele>
      </trkpt>
      <trkpt lat="45.2593367" lon="-72.3987067">
        <ele>412.79</ele>
      </trkpt>
      <trkpt lat="45.25936" lon="-72.39774">
        <ele>411.47</ele>
      </trkpt>
      <trkpt lat="45.2593767" lon="-72.3966167">
        <ele>410.57</ele>
      </trkpt>
      <trkpt lat="45.2593934" lon="-72.3954933">
        <ele>409.96</ele>
      </trkpt>
      <trkpt lat="45.25941" lon="-72.39437">
        <ele>408.25</ele>
      </trkpt>
      <trkpt lat="45.2594267" lon="-72.3932467">
        <ele>404.9</ele>
      </trkpt>
      <trkpt lat="45.2594434" lon="-72.3921233">
        <ele>401.21</ele>
      </trkpt>
      <trkpt lat="45.25946" lon="-72.391">
        <ele>397.46</ele>
      </trkpt>
      <trkpt lat="45.25947" lon="-72.38977">
        <ele>391.25</ele>
      </trkpt>
      <trkpt lat="45.25951" lon="-72.38959">
        <ele>390.5</ele>
      </trkpt>
      <trkpt lat="45.25958" lon="-72.38942">
        <ele>388.64</ele>
      </trkpt>
      <trkpt lat="45.26012" lon="-72.38886">
        <ele>379.43</ele>
      </trkpt>
      <trkpt lat="45.26066" lon="-72.3883">
        <ele>372.74</ele>
      </trkpt>
      <trkpt lat="45.2612933" lon="-72.38766">
        <ele>361.5</ele>
      </trkpt>
      <trkpt lat="45.2619267" lon="-72.38702">
        <ele>352.29</ele>
      </trkpt>
      <trkpt lat="45.26256" lon="-72.38638">
        <ele>345.91</ele>
      </trkpt>
      <trkpt lat="45.26286" lon="-72.38584">
        <ele>340.26</ele>
      </trkpt>
      <trkpt lat="45.26333" lon="-72.38521">
        <ele>331.7</ele>
      </trkpt>
      <trkpt lat="45.26371" lon="-72.38463">
        <ele>320.9</ele>
      </trkpt>
      <trkpt lat="45.26409" lon="-72.38405">
        <ele>312.27</ele>
      </trkpt>
      <trkpt lat="45.26457" lon="-72.38346">
        <ele>303.93</ele>
      </trkpt>
      <trkpt lat="45.2647" lon="-72.38302">
        <ele>300.16</ele>
      </trkpt>
      <trkpt lat="45.26482" lon="-72.38216">
        <ele>296.18</ele>
      </trkpt>
      <trkpt lat="45.26493" lon="-72.38173">
        <ele>294.8</ele>
      </trkpt>
      <trkpt lat="45.26503" lon="-72.38146">
        <ele>294.26</ele>
      </trkpt>
      <trkpt lat="45.26513" lon="-72.38131">
        <ele>293.43</ele>
      </trkpt>
      <trkpt lat="45.26532" lon="-72.38122">
        <ele>292</ele>
      </trkpt>
      <trkpt lat="45.26558" lon="-72.38122">
        <ele>291.52</ele>
      </trkpt>
      <trkpt lat="45.26629" lon="-72.38094">
        <ele>292.31</ele>
      </trkpt>
      <trkpt lat="45.26628" lon="-72.38067">
        <ele>291.85</ele>
      </trkpt>
      <trkpt lat="45.26599" lon="-72.38061">
        <ele>288.15</ele>
      </trkpt>
      <trkpt lat="45.26581" lon="-72.38055">
        <ele>286.43</ele>
      </trkpt>
      <trkpt lat="45.26562" lon="-72.38043">
        <ele>285.15</ele>
      </trkpt>
      <trkpt lat="45.26541" lon="-72.3802">
        <ele>283.22</ele>
      </trkpt>
      <trkpt lat="45.26525" lon="-72.37993">
        <ele>281.98</ele>
      </trkpt>
      <trkpt lat="45.265" lon="-72.37938">
        <ele>280.38</ele>
      </trkpt>
      <trkpt lat="45.26462" lon="-72.3785625">
        <ele>279.07</ele>
      </trkpt>
      <trkpt lat="45.26424" lon="-72.377745">
        <ele>278.55</ele>
      </trkpt>
      <trkpt lat="45.26386" lon="-72.3769275">
        <ele>277.33</ele>
      </trkpt>
      <trkpt lat="45.26348" lon="-72.37611">
        <ele>275.97</ele>
      </trkpt>
      <trkpt lat="45.26295" lon="-72.37518">
        <ele>274.94</ele>
      </trkpt>
      <trkpt lat="45.26259" lon="-72.37469">
        <ele>274.99</ele>
      </trkpt>
      <trkpt lat="45.262" lon="-72.37419">
        <ele>275.43</ele>
      </trkpt>
      <trkpt lat="45.262" lon="-72.37418">
        <ele>275.42</ele>
      </trkpt>
      <trkpt lat="45.26152" lon="-72.37377">
        <ele>274.82</ele>
      </trkpt>
      <trkpt lat="45.26133" lon="-72.37357">
        <ele>274.93</ele>
      </trkpt>
      <trkpt lat="45.26104" lon="-72.37295">
        <ele>271.88</ele>
      </trkpt>
      <trkpt lat="45.26074" lon="-72.37205">
        <ele>269.98</ele>
      </trkpt>
      <trkpt lat="45.26056" lon="-72.37168">
        <ele>268.39</ele>
      </trkpt>
      <trkpt lat="45.26018" lon="-72.37106">
        <ele>267.35</ele>
      </trkpt>
      <trkpt lat="45.25963" lon="-72.37037">
        <ele>267.69</ele>
      </trkpt>
      <trkpt lat="45.25913" lon="-72.36964">
        <ele>267.42</ele>
      </trkpt>
      <trkpt lat="45.258785" lon="-72.368965">
        <ele>266.56</ele>
      </trkpt>
      <trkpt lat="45.25844" lon="-72.36829">
        <ele>267.22</ele>
      </trkpt>
      <trkpt lat="45.25802" lon="-72.36775">
        <ele>268.08</ele>
      </trkpt>
      <trkpt lat="45.257415" lon="-72.367255">
        <ele>268.5</ele>
      </trkpt>
      <trkpt lat="45.25681" lon="-72.36676">
        <ele>270.3</ele>
      </trkpt>
      <trkpt lat="45.25666" lon="-72.36654">
        <ele>270.7</ele>
      </trkpt>
      <trkpt lat="45.25632" lon="-72.3657">
        <ele>269.76</ele>
      </trkpt>
      <trkpt lat="45.2561" lon="-72.36538">
        <ele>268.47</ele>
      </trkpt>
      <trkpt lat="45.25591" lon="-72.3652">
        <ele>267.55</ele>
      </trkpt>
      <trkpt lat="45.25522" lon="-72.36479">
        <ele>265.7</ele>
      </trkpt>
      <trkpt lat="45.25501" lon="-72.36474">
        <ele>265.62</ele>
      </trkpt>
      <trkpt lat="45.25447" lon="-72.36472">
        <ele>265.23</ele>
      </trkpt>
      <trkpt lat="45.25393" lon="-72.3647">
        <ele>263.58</ele>
      </trkpt>
      <trkpt lat="45.25348" lon="-72.36475">
        <ele>262.86</ele>
      </trkpt>
      <trkpt lat="45.253015" lon="-72.364885">
        <ele>262.2</ele>
      </trkpt>
      <trkpt lat="45.25255" lon="-72.36502">
        <ele>262.18</ele>
      </trkpt>
      <trkpt lat="45.25222" lon="-72.36507">
        <ele>262.52</ele>
      </trkpt>
      <trkpt lat="45.25198" lon="-72.36506">
        <ele>263.65</ele>
      </trkpt>
      <trkpt lat="45.25177" lon="-72.36498">
        <ele>263.9</ele>
      </trkpt>
      <trkpt lat="45.25153" lon="-72.36484">
        <ele>264.13</ele>
      </trkpt>
      <trkpt lat="45.250945" lon="-72.364355">
        <ele>263.39</ele>
      </trkpt>
      <trkpt lat="45.25036" lon="-72.36387">
        <ele>262.46</ele>
      </trkpt>
      <trkpt lat="45.24987" lon="-72.36372">
        <ele>262.04</ele>
      </trkpt>
      <trkpt lat="45.24964" lon="-72.36363">
        <ele>261.82</ele>
      </trkpt>
      <trkpt lat="45.24945" lon="-72.36349">
        <ele>261.54</ele>
      </trkpt>
      <trkpt lat="45.24895" lon="-72.36286">
        <ele>261.09</ele>
      </trkpt>
      <trkpt lat="45.24854" lon="-72.36224">
        <ele>261.08</ele>
      </trkpt>
      <trkpt lat="45.24808" lon="-72.36148">
        <ele>263.38</ele>
      </trkpt>
      <trkpt lat="45.24745" lon="-72.36104">
        <ele>263.31</ele>
      </trkpt>
      <trkpt lat="45.24739" lon="-72.36099">
        <ele>263.6</ele>
      </trkpt>
      <trkpt lat="45.24724" lon="-72.36072">
        <ele>265.09</ele>
      </trkpt>
      <trkpt lat="45.24678" lon="-72.36014">
        <ele>267.75</ele>
      </trkpt>
      <trkpt lat="45.24646" lon="-72.35986">
        <ele>270.97</ele>
      </trkpt>
      <trkpt lat="45.24621" lon="-72.35968">
        <ele>272.54</ele>
      </trkpt>
      <trkpt lat="45.24585" lon="-72.35924">
        <ele>274.76</ele>
      </trkpt>
      <trkpt lat="45.24532" lon="-72.35867">
        <ele>275.75</ele>
      </trkpt>
      <trkpt lat="45.24463" lon="-72.35799">
        <ele>266.43</ele>
      </trkpt>
      <trkpt lat="45.24396" lon="-72.3575">
        <ele>257.72</ele>
      </trkpt>
      <trkpt lat="45.24349" lon="-72.35728">
        <ele>250.2</ele>
      </trkpt>
      <trkpt lat="45.24335" lon="-72.35724">
        <ele>248.93</ele>
      </trkpt>
      <trkpt lat="45.24255" lon="-72.357165">
        <ele>245.23</ele>
      </trkpt>
      <trkpt lat="45.24175" lon="-72.35709">
        <ele>245.79</ele>
      </trkpt>
      <trkpt lat="45.24159" lon="-72.35709">
        <ele>245.79</ele>
      </trkpt>
      <trkpt lat="45.24142" lon="-72.35706">
        <ele>246.22</ele>
      </trkpt>
      <trkpt lat="45.240745" lon="-72.3571">
        <ele>247.44</ele>
      </trkpt>
      <trkpt lat="45.24007" lon="-72.35714">
        <ele>248.7</ele>
      </trkpt>
      <trkpt lat="45.239395" lon="-72.35718">
        <ele>247.94</ele>
      </trkpt>
      <trkpt lat="45.23872" lon="-72.35722">
        <ele>246.24</ele>
      </trkpt>
      <trkpt lat="45.23871" lon="-72.35722">
        <ele>246.24</ele>
      </trkpt>
      <trkpt lat="45.23824" lon="-72.357245">
        <ele>245.55</ele>
      </trkpt>
      <trkpt lat="45.23777" lon="-72.35727">
        <ele>245.24</ele>
      </trkpt>
      <trkpt lat="45.237085" lon="-72.357205">
        <ele>245.66</ele>
      </trkpt>
      <trkpt lat="45.2364" lon="-72.35714">
        <ele>244.68</ele>
      </trkpt>
      <trkpt lat="45.23599" lon="-72.35714">
        <ele>244.27</ele>
      </trkpt>
      <trkpt lat="45.23552" lon="-72.35722">
        <ele>244.56</ele>
      </trkpt>
      <trkpt lat="45.23505" lon="-72.3573">
        <ele>245.26</ele>
      </trkpt>
      <trkpt lat="45.234495" lon="-72.35742">
        <ele>243.66</ele>
      </trkpt>
      <trkpt lat="45.23394" lon="-72.35754">
        <ele>242.9</ele>
      </trkpt>
      <trkpt lat="45.23348" lon="-72.357605">
        <ele>243.61</ele>
      </trkpt>
      <trkpt lat="45.23302" lon="-72.35767">
        <ele>243.73</ele>
      </trkpt>
      <trkpt lat="45.23258" lon="-72.35777">
        <ele>243.89</ele>
      </trkpt>
      <trkpt lat="45.23213" lon="-72.35803">
        <ele>243.79</ele>
      </trkpt>
      <trkpt lat="45.23188" lon="-72.35814">
        <ele>244.22</ele>
      </trkpt>
      <trkpt lat="45.23169" lon="-72.35813">
        <ele>244.37</ele>
      </trkpt>
      <trkpt lat="45.2315" lon="-72.35803">
        <ele>244.48</ele>
      </trkpt>
      <trkpt lat="45.23127" lon="-72.35782">
        <ele>245.12</ele>
      </trkpt>
      <trkpt lat="45.23109" lon="-72.35759">
        <ele>245.75</ele>
      </trkpt>
      <trkpt lat="45.231" lon="-72.3575">
        <ele>247.29</ele>
      </trkpt>
      <trkpt lat="45.23067" lon="-72.35727">
        <ele>248.61</ele>
      </trkpt>
      <trkpt lat="45.23053" lon="-72.35713">
        <ele>248.84</ele>
      </trkpt>
      <trkpt lat="45.23043" lon="-72.35696">
        <ele>248.85</ele>
      </trkpt>
      <trkpt lat="45.23033" lon="-72.35665">
        <ele>248.8</ele>
      </trkpt>
      <trkpt lat="45.23024" lon="-72.3562">
        <ele>247.73</ele>
      </trkpt>
      <trkpt lat="45.23016" lon="-72.35597">
        <ele>246.69</ele>
      </trkpt>
      <trkpt lat="45.23002" lon="-72.3558">
        <ele>245.23</ele>
      </trkpt>
      <trkpt lat="45.22934" lon="-72.3553">
        <ele>242.82</ele>
      </trkpt>
      <trkpt lat="45.22888" lon="-72.35481">
        <ele>242.72</ele>
      </trkpt>
      <trkpt lat="45.22871" lon="-72.35454">
        <ele>242.72</ele>
      </trkpt>
      <trkpt lat="45.22843" lon="-72.35377">
        <ele>242.52</ele>
      </trkpt>
      <trkpt lat="45.22837" lon="-72.35365">
        <ele>242.64</ele>
      </trkpt>
      <trkpt lat="45.22821" lon="-72.3535">
        <ele>242.84</ele>
      </trkpt>
      <trkpt lat="45.22812" lon="-72.35346">
        <ele>243.44</ele>
      </trkpt>
      <trkpt lat="45.22775" lon="-72.35338">
        <ele>243.76</ele>
      </trkpt>
      <trkpt lat="45.22759" lon="-72.35337">
        <ele>243.73</ele>
      </trkpt>
      <trkpt lat="45.22735" lon="-72.35338">
        <ele>243.82</ele>
      </trkpt>
      <trkpt lat="45.22704" lon="-72.35352">
        <ele>244.29</ele>
      </trkpt>
      <trkpt lat="45.2269" lon="-72.35365">
        <ele>244.86</ele>
      </trkpt>
      <trkpt lat="45.22664" lon="-72.35374">
        <ele>246.15</ele>
      </trkpt>
      <trkpt lat="45.22647" lon="-72.35379">
        <ele>247.07</ele>
      </trkpt>
      <trkpt lat="45.22611" lon="-72.35382">
        <ele>249.46</ele>
      </trkpt>
      <trkpt lat="45.22557" lon="-72.35377">
        <ele>250.24</ele>
      </trkpt>
      <trkpt lat="45.224775" lon="-72.3536">
        <ele>247.14</ele>
      </trkpt>
      <trkpt lat="45.22398" lon="-72.35343">
        <ele>246.04</ele>
      </trkpt>
      <trkpt lat="45.22339" lon="-72.35329">
        <ele>244.01</ele>
      </trkpt>
      <trkpt lat="45.2228" lon="-72.35315">
        <ele>240.74</ele>
      </trkpt>
      <trkpt lat="45.2224" lon="-72.3531">
        <ele>239.7</ele>
      </trkpt>
      <trkpt lat="45.22205" lon="-72.3531">
        <ele>238.88</ele>
      </trkpt>
      <trkpt lat="45.22172" lon="-72.35311">
        <ele>238.36</ele>
      </trkpt>
      <trkpt lat="45.220885" lon="-72.353335">
        <ele>238.19</ele>
      </trkpt>
      <trkpt lat="45.22005" lon="-72.35356">
        <ele>238.74</ele>
      </trkpt>
      <trkpt lat="45.21985" lon="-72.3536">
        <ele>238.77</ele>
      </trkpt>
      <trkpt lat="45.21932" lon="-72.35356">
        <ele>238.61</ele>
      </trkpt>
      <trkpt lat="45.21914" lon="-72.35356">
        <ele>238.61</ele>
      </trkpt>
      <trkpt lat="45.2189" lon="-72.3536">
        <ele>238.38</ele>
      </trkpt>
      <trkpt lat="45.21851" lon="-72.35378">
        <ele>238.69</ele>
      </trkpt>
      <trkpt lat="45.21821" lon="-72.35396">
        <ele>239.61</ele>
      </trkpt>
      <trkpt lat="45.21775" lon="-72.35418">
        <ele>239.8</ele>
      </trkpt>
      <trkpt lat="45.21765" lon="-72.35427">
        <ele>239.8</ele>
      </trkpt>
      <trkpt lat="45.21746" lon="-72.35431">
        <ele>239.96</ele>
      </trkpt>
      <trkpt lat="45.21746" lon="-72.35431">
        <ele>239.96</ele>
      </trkpt>
      <trkpt lat="45.21689" lon="-72.35446">
        <ele>241.39</ele>
      </trkpt>
      <trkpt lat="45.21621" lon="-72.35476">
        <ele>240.98</ele>
      </trkpt>
      <trkpt lat="45.21546" lon="-72.3549">
        <ele>238.99</ele>
      </trkpt>
      <trkpt lat="45.21523" lon="-72.35492">
        <ele>238.92</ele>
      </trkpt>
      <trkpt lat="45.21514" lon="-72.3549">
        <ele>238.92</ele>
      </trkpt>
      <trkpt lat="45.2149" lon="-72.35479">
        <ele>238.73</ele>
      </trkpt>
      <trkpt lat="45.21462" lon="-72.35454">
        <ele>238.23</ele>
      </trkpt>
      <trkpt lat="45.21449" lon="-72.35436">
        <ele>237.76</ele>
      </trkpt>
      <trkpt lat="45.21436" lon="-72.35409">
        <ele>237.39</ele>
      </trkpt>
      <trkpt lat="45.21427" lon="-72.35387">
        <ele>237.01</ele>
      </trkpt>
      <trkpt lat="45.21407" lon="-72.35405">
        <ele>236.67</ele>
      </trkpt>
      <trkpt lat="45.21347" lon="-72.35449">
        <ele>237.12</ele>
      </trkpt>
      <trkpt lat="45.21325" lon="-72.35459">
        <ele>237.67</ele>
      </trkpt>
      <trkpt lat="45.21268" lon="-72.3548">
        <ele>239.64</ele>
      </trkpt>
      <trkpt lat="45.21226" lon="-72.35489">
        <ele>240.38</ele>
      </trkpt>
      <trkpt lat="45.2116" lon="-72.3549">
        <ele>240.89</ele>
      </trkpt>
      <trkpt lat="45.210745" lon="-72.354765">
        <ele>240.42</ele>
      </trkpt>
      <trkpt lat="45.20989" lon="-72.35463">
        <ele>239.49</ele>
      </trkpt>
      <trkpt lat="45.20908" lon="-72.35463">
        <ele>238.09</ele>
      </trkpt>
      <trkpt lat="45.20838" lon="-72.35477">
        <ele>237.84</ele>
      </trkpt>
      <trkpt lat="45.20772" lon="-72.3550175">
        <ele>237.92</ele>
      </trkpt>
      <trkpt lat="45.20706" lon="-72.355265">
        <ele>238.28</ele>
      </trkpt>
      <trkpt lat="45.2064" lon="-72.3555125">
        <ele>238.68</ele>
      </trkpt>
      <trkpt lat="45.20574" lon="-72.35576">
        <ele>239.68</ele>
      </trkpt>
      <trkpt lat="45.2052" lon="-72.35592">
        <ele>239.66</ele>
      </trkpt>
      <trkpt lat="45.20496" lon="-72.35594">
        <ele>239.36</ele>
      </trkpt>
      <trkpt lat="45.20423" lon="-72.3559667">
        <ele>237.95</ele>
      </trkpt>
      <trkpt lat="45.2035" lon="-72.3559933">
        <ele>237.69</ele>
      </trkpt>
      <trkpt lat="45.20277" lon="-72.35602">
        <ele>236.84</ele>
      </trkpt>
      <trkpt lat="45.20198" lon="-72.356055">
        <ele>235.68</ele>
      </trkpt>
      <trkpt lat="45.20119" lon="-72.35609">
        <ele>236.93</ele>
      </trkpt>
      <trkpt lat="45.20073" lon="-72.357">
        <ele>237.64</ele>
      </trkpt>
      <trkpt lat="45.20029" lon="-72.35803">
        <ele>239.22</ele>
      </trkpt>
      <trkpt lat="45.20024" lon="-72.3583">
        <ele>240.6</ele>
      </trkpt>
      <trkpt lat="45.20021" lon="-72.35857">
        <ele>240.6</ele>
      </trkpt>
      <trkpt lat="45.20024" lon="-72.35885">
        <ele>240.68</ele>
      </trkpt>
      <trkpt lat="45.20033" lon="-72.35912">
        <ele>240.82</ele>
      </trkpt>
      <trkpt lat="45.2005" lon="-72.35948">
        <ele>241.84</ele>
      </trkpt>
      <trkpt lat="45.2005" lon="-72.35948">
        <ele>241.8</ele>
      </trkpt>
      <trkpt lat="45.20067" lon="-72.35982">
        <ele>243.68</ele>
      </trkpt>
      <trkpt lat="45.20091" lon="-72.36045">
        <ele>247.86</ele>
      </trkpt>
      <trkpt lat="45.20095" lon="-72.36072">
        <ele>248.19</ele>
      </trkpt>
      <trkpt lat="45.20095" lon="-72.36094">
        <ele>248.06</ele>
      </trkpt>
      <trkpt lat="45.20089" lon="-72.36153">
        <ele>247.35</ele>
      </trkpt>
      <trkpt lat="45.20072" lon="-72.36245">
        <ele>247.54</ele>
      </trkpt>
      <trkpt lat="45.20055" lon="-72.36337">
        <ele>254.81</ele>
      </trkpt>
      <trkpt lat="45.20055" lon="-72.3635">
        <ele>256.15</ele>
      </trkpt>
      <trkpt lat="45.20052" lon="-72.36372">
        <ele>258.49</ele>
      </trkpt>
      <trkpt lat="45.20053" lon="-72.36399">
        <ele>260.41</ele>
      </trkpt>
      <trkpt lat="45.20058" lon="-72.36421">
        <ele>261.64</ele>
      </trkpt>
      <trkpt lat="45.2008" lon="-72.3647">
        <ele>265.27</ele>
      </trkpt>
      <trkpt lat="45.201005" lon="-72.365305">
        <ele>267.74</ele>
      </trkpt>
      <trkpt lat="45.20121" lon="-72.36591">
        <ele>268.73</ele>
      </trkpt>
      <trkpt lat="45.20158" lon="-72.36677">
        <ele>271.09</ele>
      </trkpt>
      <trkpt lat="45.20173" lon="-72.36721">
        <ele>271.9</ele>
      </trkpt>
      <trkpt lat="45.20172" lon="-72.36735">
        <ele>272.28</ele>
      </trkpt>
      <trkpt lat="45.20152" lon="-72.36819">
        <ele>278.37</ele>
      </trkpt>
      <trkpt lat="45.20151" lon="-72.3685">
        <ele>280.67</ele>
      </trkpt>
      <trkpt lat="45.20157" lon="-72.36886">
        <ele>282.79</ele>
      </trkpt>
      <trkpt lat="45.20172" lon="-72.36945">
        <ele>285.36</ele>
      </trkpt>
      <trkpt lat="45.20173" lon="-72.36976">
        <ele>288.56</ele>
      </trkpt>
      <trkpt lat="45.201695" lon="-72.37054">
        <ele>291.75</ele>
      </trkpt>
      <trkpt lat="45.20166" lon="-72.37132">
        <ele>297.92</ele>
      </trkpt>
      <trkpt lat="45.2019" lon="-72.37245">
        <ele>303.33</ele>
      </trkpt>
      <trkpt lat="45.2019" lon="-72.37339">
        <ele>308.27</ele>
      </trkpt>
      <trkpt lat="45.20194" lon="-72.37375">
        <ele>309.08</ele>
      </trkpt>
      <trkpt lat="45.20202" lon="-72.37424">
        <ele>311.8</ele>
      </trkpt>
      <trkpt lat="45.20226" lon="-72.37536">
        <ele>321.02</ele>
      </trkpt>
      <trkpt lat="45.20237" lon="-72.37563">
        <ele>322.2</ele>
      </trkpt>
      <trkpt lat="45.2025" lon="-72.37581">
        <ele>323</ele>
      </trkpt>
      <trkpt lat="45.20261" lon="-72.37608">
        <ele>323.74</ele>
      </trkpt>
      <trkpt lat="45.20267" lon="-72.37639">
        <ele>324.81</ele>
      </trkpt>
      <trkpt lat="45.20266" lon="-72.37733">
        <ele>327.73</ele>
      </trkpt>
      <trkpt lat="45.20269" lon="-72.37819">
        <ele>332.28</ele>
      </trkpt>
      <trkpt lat="45.20275" lon="-72.37858">
        <ele>332.74</ele>
      </trkpt>
      <trkpt lat="45.20285" lon="-72.37892">
        <ele>334.62</ele>
      </trkpt>
      <trkpt lat="45.20314" lon="-72.37961">
        <ele>337.28</ele>
      </trkpt>
      <trkpt lat="45.2032" lon="-72.37984">
        <ele>338.24</ele>
      </trkpt>
      <trkpt lat="45.20334" lon="-72.38083">
        <ele>343.51</ele>
      </trkpt>
      <trkpt lat="45.20345" lon="-72.38118">
        <ele>344.46</ele>
      </trkpt>
      <trkpt lat="45.2039" lon="-72.38203">
        <ele>349.05</ele>
      </trkpt>
      <trkpt lat="45.20435" lon="-72.38288">
        <ele>350.61</ele>
      </trkpt>
      <trkpt lat="45.20447" lon="-72.38319">
        <ele>352.66</ele>
      </trkpt>
      <trkpt lat="45.204655" lon="-72.384105">
        <ele>360.67</ele>
      </trkpt>
      <trkpt lat="45.20484" lon="-72.38502">
        <ele>366.78</ele>
      </trkpt>
      <trkpt lat="45.20493" lon="-72.38597">
        <ele>370.9</ele>
      </trkpt>
      <trkpt lat="45.205" lon="-72.38615">
        <ele>372.06</ele>
      </trkpt>
      <trkpt lat="45.20536" lon="-72.386635">
        <ele>377.83</ele>
      </trkpt>
      <trkpt lat="45.20572" lon="-72.38712">
        <ele>379.47</ele>
      </trkpt>
      <trkpt lat="45.20596" lon="-72.38745">
        <ele>379.91</ele>
      </trkpt>
      <trkpt lat="45.2064" lon="-72.388145">
        <ele>382.61</ele>
      </trkpt>
      <trkpt lat="45.20684" lon="-72.38884">
        <ele>382.61</ele>
      </trkpt>
      <trkpt lat="45.2074267" lon="-72.38939">
        <ele>382.2</ele>
      </trkpt>
      <trkpt lat="45.2080133" lon="-72.38994">
        <ele>385.92</ele>
      </trkpt>
      <trkpt lat="45.2086" lon="-72.39049">
        <ele>385.9</ele>
      </trkpt>
      <trkpt lat="45.20927" lon="-72.39126">
        <ele>378.47</ele>
      </trkpt>
      <trkpt lat="45.20938" lon="-72.39147">
        <ele>377.83</ele>
      </trkpt>
      <trkpt lat="45.20948" lon="-72.39175">
        <ele>377.83</ele>
      </trkpt>
      <trkpt lat="45.20955" lon="-72.39219">
        <ele>378.87</ele>
      </trkpt>
      <trkpt lat="45.20957" lon="-72.39256">
        <ele>379.98</ele>
      </trkpt>
      <trkpt lat="45.20953" lon="-72.39354">
        <ele>381.78</ele>
      </trkpt>
      <trkpt lat="45.20937" lon="-72.39479">
        <ele>379.11</ele>
      </trkpt>
      <trkpt lat="45.20939" lon="-72.39506">
        <ele>378.52</ele>
      </trkpt>
      <trkpt lat="45.20948" lon="-72.39569">
        <ele>379.13</ele>
      </trkpt>
      <trkpt lat="45.20952" lon="-72.39658">
        <ele>378.03</ele>
      </trkpt>
      <trkpt lat="45.20946" lon="-72.39705">
        <ele>377.13</ele>
      </trkpt>
      <trkpt lat="45.20922" lon="-72.39797">
        <ele>371.46</ele>
      </trkpt>
      <trkpt lat="45.2092" lon="-72.39828">
        <ele>366.55</ele>
      </trkpt>
      <trkpt lat="45.209245" lon="-72.39951">
        <ele>355.12</ele>
      </trkpt>
      <trkpt lat="45.20929" lon="-72.40074">
        <ele>347.38</ele>
      </trkpt>
      <trkpt lat="45.20935" lon="-72.40119">
        <ele>341.58</ele>
      </trkpt>
      <trkpt lat="45.20945" lon="-72.40142">
        <ele>340.45</ele>
      </trkpt>
      <trkpt lat="45.20965" lon="-72.40173">
        <ele>337.19</ele>
      </trkpt>
      <trkpt lat="45.20996" lon="-72.40204">
        <ele>334.41</ele>
      </trkpt>
      <trkpt lat="45.21008" lon="-72.4021">
        <ele>333.94</ele>
      </trkpt>
      <trkpt lat="45.21064" lon="-72.4025">
        <ele>332.39</ele>
      </trkpt>
      <trkpt lat="45.21079" lon="-72.40267">
        <ele>332.63</ele>
      </trkpt>
      <trkpt lat="45.21107" lon="-72.40307">
        <ele>333.75</ele>
      </trkpt>
      <trkpt lat="45.21123" lon="-72.40334">
        <ele>333.85</ele>
      </trkpt>
      <trkpt lat="45.21145" lon="-72.40379">
        <ele>334.18</ele>
      </trkpt>
      <trkpt lat="45.21173" lon="-72.40453">
        <ele>333.76</ele>
      </trkpt>
      <trkpt lat="45.21201" lon="-72.40527">
        <ele>332.71</ele>
      </trkpt>
      <trkpt lat="45.21233" lon="-72.4063">
        <ele>329.78</ele>
      </trkpt>
      <trkpt lat="45.21248" lon="-72.4072">
        <ele>326.16</ele>
      </trkpt>
      <trkpt lat="45.2125133" lon="-72.4083467">
        <ele>322.75</ele>
      </trkpt>
      <trkpt lat="45.2125467" lon="-72.4094933">
        <ele>320.63</ele>
      </trkpt>
      <trkpt lat="45.21258" lon="-72.41064">
        <ele>320.53</ele>
      </trkpt>
      <trkpt lat="45.21258" lon="-72.4113">
        <ele>320.66</ele>
      </trkpt>
      <trkpt lat="45.21255" lon="-72.41207">
        <ele>320.28</ele>
      </trkpt>
      <trkpt lat="45.21248" lon="-72.41247">
        <ele>320.05</ele>
      </trkpt>
      <trkpt lat="45.21235" lon="-72.413">
        <ele>319.38</ele>
      </trkpt>
      <trkpt lat="45.21219" lon="-72.41345">
        <ele>317.68</ele>
      </trkpt>
      <trkpt lat="45.21202" lon="-72.41377">
        <ele>317.68</ele>
      </trkpt>
      <trkpt lat="45.21165" lon="-72.4144">
        <ele>316.71</ele>
      </trkpt>
      <trkpt lat="45.21128" lon="-72.41503">
        <ele>314.14</ele>
      </trkpt>
      <trkpt lat="45.21078" lon="-72.416">
        <ele>313.83</ele>
      </trkpt>
      <trkpt lat="45.21059" lon="-72.41639">
        <ele>314.75</ele>
      </trkpt>
      <trkpt lat="45.21041" lon="-72.41686">
        <ele>315.28</ele>
      </trkpt>
      <trkpt lat="45.21032" lon="-72.41722">
        <ele>315.12</ele>
      </trkpt>
      <trkpt lat="45.21028" lon="-72.41767">
        <ele>314.14</ele>
      </trkpt>
      <trkpt lat="45.21026" lon="-72.41803">
        <ele>313.87</ele>
      </trkpt>
      <trkpt lat="45.21028" lon="-72.41884">
        <ele>314.6</ele>
      </trkpt>
      <trkpt lat="45.210345" lon="-72.41966">
        <ele>314.43</ele>
      </trkpt>
      <trkpt lat="45.21041" lon="-72.42048">
        <ele>311.81</ele>
      </trkpt>
      <trkpt lat="45.2105075" lon="-72.4215825">
        <ele>307.94</ele>
      </trkpt>
      <trkpt lat="45.210605" lon="-72.422685">
        <ele>306.06</ele>
      </trkpt>
      <trkpt lat="45.2107025" lon="-72.4237875">
        <ele>304.23</ele>
      </trkpt>
      <trkpt lat="45.2108" lon="-72.42489">
        <ele>301.68</ele>
      </trkpt>
      <trkpt lat="45.21081" lon="-72.4255">
        <ele>300.41</ele>
      </trkpt>
      <trkpt lat="45.21076" lon="-72.42617">
        <ele>301.3</ele>
      </trkpt>
      <trkpt lat="45.21062" lon="-72.42707">
        <ele>305.81</ele>
      </trkpt>
      <trkpt lat="45.21056" lon="-72.42734">
        <ele>306.53</ele>
      </trkpt>
      <trkpt lat="45.21044" lon="-72.42775">
        <ele>306.5</ele>
      </trkpt>
      <trkpt lat="45.21024" lon="-72.42821">
        <ele>305.37</ele>
      </trkpt>
      <trkpt lat="45.21024" lon="-72.42822">
        <ele>305.35</ele>
      </trkpt>
      <trkpt lat="45.21014" lon="-72.42846">
        <ele>304.27</ele>
      </trkpt>
      <trkpt lat="45.209785" lon="-72.4292">
        <ele>300.83</ele>
      </trkpt>
      <trkpt lat="45.20943" lon="-72.42994">
        <ele>299.82</ele>
      </trkpt>
      <trkpt lat="45.20908" lon="-72.43073">
        <ele>300.83</ele>
      </trkpt>
      <trkpt lat="45.20899" lon="-72.43097">
        <ele>300.9</ele>
      </trkpt>
      <trkpt lat="45.20889" lon="-72.43137">
        <ele>300</ele>
      </trkpt>
      <trkpt lat="45.20877" lon="-72.432">
        <ele>297.12</ele>
      </trkpt>
      <trkpt lat="45.20865" lon="-72.43263">
        <ele>291.69</ele>
      </trkpt>
      <trkpt lat="45.2086" lon="-72.43307">
        <ele>289.53</ele>
      </trkpt>
      <trkpt lat="45.20859" lon="-72.43348">
        <ele>285.45</ele>
      </trkpt>
      <trkpt lat="45.2086733" lon="-72.43443">
        <ele>279.08</ele>
      </trkpt>
      <trkpt lat="45.2087567" lon="-72.43538">
        <ele>274.72</ele>
      </trkpt>
      <trkpt lat="45.20884" lon="-72.43633">
        <ele>269.85</ele>
      </trkpt>
      <trkpt lat="45.20887" lon="-72.43683">
        <ele>267.68</ele>
      </trkpt>
      <trkpt lat="45.20897" lon="-72.43759">
        <ele>266.73</ele>
      </trkpt>
      <trkpt lat="45.20907" lon="-72.43835">
        <ele>266.55</ele>
      </trkpt>
      <trkpt lat="45.20908" lon="-72.43863">
        <ele>266.43</ele>
      </trkpt>
      <trkpt lat="45.20903" lon="-72.43921">
        <ele>265.21</ele>
      </trkpt>
      <trkpt lat="45.2088633" lon="-72.4402967">
        <ele>262.85</ele>
      </trkpt>
      <trkpt lat="45.2086967" lon="-72.4413833">
        <ele>262.3</ele>
      </trkpt>
      <trkpt lat="45.20853" lon="-72.44247">
        <ele>263.38</ele>
      </trkpt>
      <trkpt lat="45.20838" lon="-72.44305">
        <ele>263.44</ele>
      </trkpt>
      <trkpt lat="45.20813" lon="-72.44381">
        <ele>263.8</ele>
      </trkpt>
      <trkpt lat="45.20794" lon="-72.44471">
        <ele>264.66</ele>
      </trkpt>
      <trkpt lat="45.20775" lon="-72.44543">
        <ele>263.83</ele>
      </trkpt>
      <trkpt lat="45.2076" lon="-72.44588">
        <ele>262.67</ele>
      </trkpt>
      <trkpt lat="45.2072567" lon="-72.44676">
        <ele>257.99</ele>
      </trkpt>
      <trkpt lat="45.2069133" lon="-72.44764">
        <ele>249.48</ele>
      </trkpt>
      <trkpt lat="45.20657" lon="-72.44852">
        <ele>244.36</ele>
      </trkpt>
      <trkpt lat="45.20641" lon="-72.449">
        <ele>240.85</ele>
      </trkpt>
      <trkpt lat="45.20619" lon="-72.449765">
        <ele>233.75</ele>
      </trkpt>
      <trkpt lat="45.20597" lon="-72.45053">
        <ele>227.8</ele>
      </trkpt>
      <trkpt lat="45.20587" lon="-72.45098">
        <ele>225.97</ele>
      </trkpt>
      <trkpt lat="45.20572" lon="-72.45183">
        <ele>225.7</ele>
      </trkpt>
      <trkpt lat="45.2056" lon="-72.452615">
        <ele>225.47</ele>
      </trkpt>
      <trkpt lat="45.20548" lon="-72.4534">
        <ele>225.96</ele>
      </trkpt>
      <trkpt lat="45.20548" lon="-72.45371">
        <ele>225.82</ele>
      </trkpt>
      <trkpt lat="45.20552" lon="-72.45393">
        <ele>225.82</ele>
      </trkpt>
      <trkpt lat="45.20561" lon="-72.45425">
        <ele>225.83</ele>
      </trkpt>
      <trkpt lat="45.20602" lon="-72.4551">
        <ele>224.54</ele>
      </trkpt>
      <trkpt lat="45.20609" lon="-72.45532">
        <ele>223.76</ele>
      </trkpt>
      <trkpt lat="45.20622" lon="-72.45631">
        <ele>223.12</ele>
      </trkpt>
      <trkpt lat="45.20627" lon="-72.45653">
        <ele>222.71</ele>
      </trkpt>
      <trkpt lat="45.20649" lon="-72.45725">
        <ele>222.6</ele>
      </trkpt>
      <trkpt lat="45.20653" lon="-72.45746">
        <ele>222.65</ele>
      </trkpt>
      <trkpt lat="45.20657" lon="-72.45825">
        <ele>223.47</ele>
      </trkpt>
      <trkpt lat="45.20661" lon="-72.45904">
        <ele>226.29</ele>
      </trkpt>
      <trkpt lat="45.20661" lon="-72.45934">
        <ele>227.16</ele>
      </trkpt>
      <trkpt lat="45.206475" lon="-72.460015">
        <ele>227.6</ele>
      </trkpt>
      <trkpt lat="45.20634" lon="-72.46069">
        <ele>227.59</ele>
      </trkpt>
      <trkpt lat="45.20623" lon="-72.46145">
        <ele>227.48</ele>
      </trkpt>
      <trkpt lat="45.20623" lon="-72.46146">
        <ele>227.49</ele>
      </trkpt>
      <trkpt lat="45.2061" lon="-72.462425">
        <ele>229.76</ele>
      </trkpt>
      <trkpt lat="45.20597" lon="-72.46339">
        <ele>231.94</ele>
      </trkpt>
      <trkpt lat="45.20598" lon="-72.46375">
        <ele>231.84</ele>
      </trkpt>
      <trkpt lat="45.20614" lon="-72.46477">
        <ele>231.64</ele>
      </trkpt>
      <trkpt lat="45.20615" lon="-72.46499">
        <ele>231.45</ele>
      </trkpt>
      <trkpt lat="45.20616" lon="-72.46563">
        <ele>229.44</ele>
      </trkpt>
      <trkpt lat="45.20625" lon="-72.46639">
        <ele>223.65</ele>
      </trkpt>
      <trkpt lat="45.20626" lon="-72.46666">
        <ele>222.39</ele>
      </trkpt>
      <trkpt lat="45.20584" lon="-72.46643">
        <ele>222.55</ele>
      </trkpt>
      <trkpt lat="45.2051733" lon="-72.46598">
        <ele>222.57</ele>
      </trkpt>
      <trkpt lat="45.2045067" lon="-72.46553">
        <ele>223.67</ele>
      </trkpt>
      <trkpt lat="45.20384" lon="-72.46508">
        <ele>224.53</ele>
      </trkpt>
      <trkpt lat="45.20342" lon="-72.46481">
        <ele>226.1</ele>
      </trkpt>
      <trkpt lat="45.20293" lon="-72.46434">
        <ele>227.46</ele>
      </trkpt>
      <trkpt lat="45.20258" lon="-72.46396">
        <ele>228.59</ele>
      </trkpt>
      <trkpt lat="45.20201" lon="-72.463115">
        <ele>231.6</ele>
      </trkpt>
      <trkpt lat="45.20144" lon="-72.46227">
        <ele>233.81</ele>
      </trkpt>
      <trkpt lat="45.20102" lon="-72.46177">
        <ele>234.98</ele>
      </trkpt>
      <trkpt lat="45.20052" lon="-72.46135">
        <ele>236.77</ele>
      </trkpt>
      <trkpt lat="45.20032" lon="-72.46123">
        <ele>237.11</ele>
      </trkpt>
      <trkpt lat="45.199745" lon="-72.460965">
        <ele>239.25</ele>
      </trkpt>
      <trkpt lat="45.19917" lon="-72.4607">
        <ele>241.14</ele>
      </trkpt>
      <trkpt lat="45.19861" lon="-72.4603">
        <ele>243.98</ele>
      </trkpt>
      <trkpt lat="45.19839" lon="-72.46002">
        <ele>245.58</ele>
      </trkpt>
      <trkpt lat="45.19818" lon="-72.45971">
        <ele>246.67</ele>
      </trkpt>
      <trkpt lat="45.19797" lon="-72.45927">
        <ele>247.31</ele>
      </trkpt>
      <trkpt lat="45.19763" lon="-72.45831">
        <ele>245.62</ele>
      </trkpt>
      <trkpt lat="45.19691" lon="-72.45881">
        <ele>244.17</ele>
      </trkpt>
      <trkpt lat="45.19672" lon="-72.45898">
        <ele>244.59</ele>
      </trkpt>
      <trkpt lat="45.19653" lon="-72.45917">
        <ele>245.69</ele>
      </trkpt>
      <trkpt lat="45.19623" lon="-72.45954">
        <ele>246.68</ele>
      </trkpt>
      <trkpt lat="45.19603" lon="-72.45963">
        <ele>246.85</ele>
      </trkpt>
      <trkpt lat="45.19553" lon="-72.45966">
        <ele>247.8</ele>
      </trkpt>
      <trkpt lat="45.19538" lon="-72.45971">
        <ele>248.99</ele>
      </trkpt>
      <trkpt lat="45.19525" lon="-72.45979">
        <ele>250.3</ele>
      </trkpt>
      <trkpt lat="45.19498" lon="-72.46002">
        <ele>254.01</ele>
      </trkpt>
      <trkpt lat="45.19498" lon="-72.46002">
        <ele>254.06</ele>
      </trkpt>
      <trkpt lat="45.19479" lon="-72.46021">
        <ele>256.9</ele>
      </trkpt>
      <trkpt lat="45.19441" lon="-72.46051">
        <ele>258.96</ele>
      </trkpt>
      <trkpt lat="45.19401" lon="-72.46091">
        <ele>262.6</ele>
      </trkpt>
      <trkpt lat="45.19372" lon="-72.46136">
        <ele>266.39</ele>
      </trkpt>
      <trkpt lat="45.19347" lon="-72.46178">
        <ele>269.08</ele>
      </trkpt>
      <trkpt lat="45.19324" lon="-72.46244">
        <ele>273.2</ele>
      </trkpt>
      <trkpt lat="45.19282" lon="-72.4633">
        <ele>280.67</ele>
      </trkpt>
      <trkpt lat="45.19265" lon="-72.46356">
        <ele>281.66</ele>
      </trkpt>
      <trkpt lat="45.1920733" lon="-72.46423">
        <ele>288.36</ele>
      </trkpt>
      <trkpt lat="45.1914967" lon="-72.4649">
        <ele>294.46</ele>
      </trkpt>
      <trkpt lat="45.19092" lon="-72.46557">
        <ele>305.97</ele>
      </trkpt>
      <trkpt lat="45.19061" lon="-72.46585">
        <ele>316.62</ele>
      </trkpt>
      <trkpt lat="45.19023" lon="-72.46611">
        <ele>321.96</ele>
      </trkpt>
      <trkpt lat="45.18999" lon="-72.46624">
        <ele>326.36</ele>
      </trkpt>
      <trkpt lat="45.18978" lon="-72.4663">
        <ele>328.41</ele>
      </trkpt>
      <trkpt lat="45.18962" lon="-72.4663">
        <ele>329.03</ele>
      </trkpt>
      <trkpt lat="45.18884" lon="-72.46624">
        <ele>322.91</ele>
      </trkpt>
      <trkpt lat="45.18868" lon="-72.4662">
        <ele>322.43</ele>
      </trkpt>
      <trkpt lat="45.18842" lon="-72.46602">
        <ele>323.07</ele>
      </trkpt>
      <trkpt lat="45.18793" lon="-72.46565">
        <ele>325.96</ele>
      </trkpt>
      <trkpt lat="45.1876" lon="-72.46548">
        <ele>326.98</ele>
      </trkpt>
      <trkpt lat="45.18732" lon="-72.46544">
        <ele>327.48</ele>
      </trkpt>
      <trkpt lat="45.18695" lon="-72.46543">
        <ele>328.31</ele>
      </trkpt>
      <trkpt lat="45.18662" lon="-72.46544">
        <ele>328.11</ele>
      </trkpt>
      <trkpt lat="45.18617" lon="-72.46535">
        <ele>326.42</ele>
      </trkpt>
      <trkpt lat="45.18593" lon="-72.46526">
        <ele>324.77</ele>
      </trkpt>
      <trkpt lat="45.18581" lon="-72.4653">
        <ele>324.13</ele>
      </trkpt>
      <trkpt lat="45.185215" lon="-72.46557">
        <ele>325.76</ele>
      </trkpt>
      <trkpt lat="45.18462" lon="-72.46584">
        <ele>328.9</ele>
      </trkpt>
      <trkpt lat="45.18453" lon="-72.46593">
        <ele>329.19</ele>
      </trkpt>
      <trkpt lat="45.18432" lon="-72.46624">
        <ele>329.46</ele>
      </trkpt>
      <trkpt lat="45.18417" lon="-72.46642">
        <ele>329.9</ele>
      </trkpt>
      <trkpt lat="45.18347" lon="-72.46719">
        <ele>341.91</ele>
      </trkpt>
      <trkpt lat="45.18332" lon="-72.46741">
        <ele>343.13</ele>
      </trkpt>
      <trkpt lat="45.183005" lon="-72.467945">
        <ele>345.54</ele>
      </trkpt>
      <trkpt lat="45.18269" lon="-72.46848">
        <ele>346.89</ele>
      </trkpt>
      <trkpt lat="45.18227" lon="-72.46893">
        <ele>347.48</ele>
      </trkpt>
      <trkpt lat="45.18198" lon="-72.4692">
        <ele>346.74</ele>
      </trkpt>
      <trkpt lat="45.18142" lon="-72.46983">
        <ele>345.86</ele>
      </trkpt>
      <trkpt lat="45.181025" lon="-72.470555">
        <ele>342.9</ele>
      </trkpt>
      <trkpt lat="45.18063" lon="-72.47128">
        <ele>341.92</ele>
      </trkpt>
      <trkpt lat="45.18054" lon="-72.47144">
        <ele>341.8</ele>
      </trkpt>
      <trkpt lat="45.18029" lon="-72.47174">
        <ele>341.71</ele>
      </trkpt>
      <trkpt lat="45.17997" lon="-72.47202">
        <ele>341.6</ele>
      </trkpt>
      <trkpt lat="45.17986" lon="-72.47211">
        <ele>341.43</ele>
      </trkpt>
      <trkpt lat="45.17967" lon="-72.47212">
        <ele>340.71</ele>
      </trkpt>
      <trkpt lat="45.17955" lon="-72.4721">
        <ele>340.14</ele>
      </trkpt>
      <trkpt lat="45.17943" lon="-72.47201">
        <ele>338.93</ele>
      </trkpt>
      <trkpt lat="45.17931" lon="-72.47189">
        <ele>338.31</ele>
      </trkpt>
      <trkpt lat="45.17916" lon="-72.47166">
        <ele>338.16</ele>
      </trkpt>
      <trkpt lat="45.17909" lon="-72.47152">
        <ele>338.26</ele>
      </trkpt>
      <trkpt lat="45.17905" lon="-72.47135">
        <ele>338.88</ele>
      </trkpt>
      <trkpt lat="45.17901" lon="-72.47071">
        <ele>340.89</ele>
      </trkpt>
      <trkpt lat="45.17898" lon="-72.4705">
        <ele>342.19</ele>
      </trkpt>
      <trkpt lat="45.1789" lon="-72.47032">
        <ele>343.5</ele>
      </trkpt>
      <trkpt lat="45.17879" lon="-72.47014">
        <ele>343.64</ele>
      </trkpt>
      <trkpt lat="45.17865" lon="-72.47">
        <ele>343.2</ele>
      </trkpt>
      <trkpt lat="45.17849" lon="-72.46988">
        <ele>342.86</ele>
      </trkpt>
      <trkpt lat="45.17833" lon="-72.46979">
        <ele>342.62</ele>
      </trkpt>
      <trkpt lat="45.17818" lon="-72.46977">
        <ele>342.44</ele>
      </trkpt>
      <trkpt lat="45.17806" lon="-72.46978">
        <ele>341.95</ele>
      </trkpt>
      <trkpt lat="45.17789" lon="-72.46987">
        <ele>340.96</ele>
      </trkpt>
      <trkpt lat="45.1773233" lon="-72.47029">
        <ele>337.14</ele>
      </trkpt>
      <trkpt lat="45.1767567" lon="-72.47071">
        <ele>334.07</ele>
      </trkpt>
      <trkpt lat="45.17619" lon="-72.47113">
        <ele>333.45</ele>
      </trkpt>
      <trkpt lat="45.17606" lon="-72.47127">
        <ele>333.21</ele>
      </trkpt>
      <trkpt lat="45.17579" lon="-72.47166">
        <ele>330.73</ele>
      </trkpt>
      <trkpt lat="45.17559" lon="-72.47206">
        <ele>329.2</ele>
      </trkpt>
      <trkpt lat="45.17535" lon="-72.47274">
        <ele>325.2</ele>
      </trkpt>
      <trkpt lat="45.1751" lon="-72.47333">
        <ele>323.17</ele>
      </trkpt>
      <trkpt lat="45.17484" lon="-72.47381">
        <ele>319.86</ele>
      </trkpt>
      <trkpt lat="45.17464" lon="-72.47413">
        <ele>317.87</ele>
      </trkpt>
      <trkpt lat="45.17443" lon="-72.47436">
        <ele>315.58</ele>
      </trkpt>
      <trkpt lat="45.17397" lon="-72.4748">
        <ele>314.71</ele>
      </trkpt>
      <trkpt lat="45.17377" lon="-72.47488">
        <ele>314.82</ele>
      </trkpt>
      <trkpt lat="45.17311" lon="-72.4747">
        <ele>316.41</ele>
      </trkpt>
      <trkpt lat="45.17254" lon="-72.47461">
        <ele>316.41</ele>
      </trkpt>
      <trkpt lat="45.17236" lon="-72.47462">
        <ele>316.18</ele>
      </trkpt>
      <trkpt lat="45.17186" lon="-72.4747">
        <ele>315.15</ele>
      </trkpt>
      <trkpt lat="45.17168" lon="-72.47475">
        <ele>314.95</ele>
      </trkpt>
      <trkpt lat="45.17149" lon="-72.47484">
        <ele>314.58</ele>
      </trkpt>
      <trkpt lat="45.17132" lon="-72.47497">
        <ele>314.16</ele>
      </trkpt>
      <trkpt lat="45.17094" lon="-72.47536">
        <ele>312.45</ele>
      </trkpt>
      <trkpt lat="45.17094" lon="-72.47537">
        <ele>312.45</ele>
      </trkpt>
      <trkpt lat="45.1703" lon="-72.47605">
        <ele>309.45</ele>
      </trkpt>
      <trkpt lat="45.16966" lon="-72.47673">
        <ele>308.2</ele>
      </trkpt>
      <trkpt lat="45.1691833" lon="-72.4772767">
        <ele>307.63</ele>
      </trkpt>
      <trkpt lat="45.1687067" lon="-72.4778233">
        <ele>305.52</ele>
      </trkpt>
      <trkpt lat="45.16823" lon="-72.47837">
        <ele>303.48</ele>
      </trkpt>
      <trkpt lat="45.167665" lon="-72.479075">
        <ele>301.31</ele>
      </trkpt>
      <trkpt lat="45.1671" lon="-72.47978">
        <ele>300.49</ele>
      </trkpt>
      <trkpt lat="45.16707" lon="-72.48079">
        <ele>300.65</ele>
      </trkpt>
      <trkpt lat="45.16694" lon="-72.48169">
        <ele>302.08</ele>
      </trkpt>
      <trkpt lat="45.166975" lon="-72.482775">
        <ele>302.53</ele>
      </trkpt>
      <trkpt lat="45.16701" lon="-72.48386">
        <ele>300.82</ele>
      </trkpt>
      <trkpt lat="45.167045" lon="-72.484945">
        <ele>301.79</ele>
      </trkpt>
      <trkpt lat="45.16708" lon="-72.48603">
        <ele>292.61</ele>
      </trkpt>
      <trkpt lat="45.1672" lon="-72.48706">
        <ele>290.62</ele>
      </trkpt>
      <trkpt lat="45.1674" lon="-72.48813">
        <ele>293.65</ele>
      </trkpt>
      <trkpt lat="45.1676" lon="-72.4892">
        <ele>295.77</ele>
      </trkpt>
      <trkpt lat="45.1678" lon="-72.49027">
        <ele>297.42</ele>
      </trkpt>
      <trkpt lat="45.168" lon="-72.49134">
        <ele>295.47</ele>
      </trkpt>
      <trkpt lat="45.1682" lon="-72.49241">
        <ele>298.59</ele>
      </trkpt>
      <trkpt lat="45.1682" lon="-72.49241">
        <ele>298.63</ele>
      </trkpt>
      <trkpt lat="45.168355" lon="-72.49329">
        <ele>300.91</ele>
      </trkpt>
      <trkpt lat="45.16851" lon="-72.49417">
        <ele>300.37</ele>
      </trkpt>
      <trkpt lat="45.16857" lon="-72.494815">
        <ele>300.03</ele>
      </trkpt>
      <trkpt lat="45.16863" lon="-72.49546">
        <ele>299.52</ele>
      </trkpt>
      <trkpt lat="45.16874" lon="-72.49637">
        <ele>293.29</ele>
      </trkpt>
      <trkpt lat="45.168945" lon="-72.497285">
        <ele>288.23</ele>
      </trkpt>
      <trkpt lat="45.16915" lon="-72.4982">
        <ele>288.55</ele>
      </trkpt>
      <trkpt lat="45.169205" lon="-72.49891">
        <ele>291.75</ele>
      </trkpt>
      <trkpt lat="45.16926" lon="-72.49962">
        <ele>295.32</ele>
      </trkpt>
      <trkpt lat="45.1693" lon="-72.500555">
        <ele>297.02</ele>
      </trkpt>
      <trkpt lat="45.16934" lon="-72.50149">
        <ele>297.18</ele>
      </trkpt>
      <trkpt lat="45.16947" lon="-72.50234">
        <ele>295.24</ele>
      </trkpt>
      <trkpt lat="45.169754" lon="-72.503476">
        <ele>292.09</ele>
      </trkpt>
      <trkpt lat="45.170038" lon="-72.504612">
        <ele>286.32</ele>
      </trkpt>
      <trkpt lat="45.170322" lon="-72.505748">
        <ele>282.76</ele>
      </trkpt>
      <trkpt lat="45.170606" lon="-72.506884">
        <ele>274.79</ele>
      </trkpt>
      <trkpt lat="45.17089" lon="-72.50802">
        <ele>271.42</ele>
      </trkpt>
      <trkpt lat="45.17103" lon="-72.50843">
        <ele>272.08</ele>
      </trkpt>
      <trkpt lat="45.17122" lon="-72.50918">
        <ele>272.72</ele>
      </trkpt>
      <trkpt lat="45.17157" lon="-72.51012">
        <ele>270.75</ele>
      </trkpt>
      <trkpt lat="45.171815" lon="-72.5107">
        <ele>266.47</ele>
      </trkpt>
      <trkpt lat="45.17206" lon="-72.51128">
        <ele>263.79</ele>
      </trkpt>
      <trkpt lat="45.17246" lon="-72.511955">
        <ele>262.86</ele>
      </trkpt>
      <trkpt lat="45.17286" lon="-72.51263">
        <ele>264.62</ele>
      </trkpt>
      <trkpt lat="45.17326" lon="-72.51316">
        <ele>267.55</ele>
      </trkpt>
      <trkpt lat="45.17361" lon="-72.51356">
        <ele>269.1</ele>
      </trkpt>
      <trkpt lat="45.1741875" lon="-72.514155">
        <ele>272.21</ele>
      </trkpt>
      <trkpt lat="45.174765" lon="-72.51475">
        <ele>274.08</ele>
      </trkpt>
      <trkpt lat="45.1753425" lon="-72.515345">
        <ele>276.42</ele>
      </trkpt>
      <trkpt lat="45.17592" lon="-72.51594">
        <ele>279.41</ele>
      </trkpt>
      <trkpt lat="45.17608" lon="-72.51613">
        <ele>279.37</ele>
      </trkpt>
      <trkpt lat="45.17624" lon="-72.51649">
        <ele>278.98</ele>
      </trkpt>
      <trkpt lat="45.17635" lon="-72.51704">
        <ele>279.13</ele>
      </trkpt>
      <trkpt lat="45.17705" lon="-72.51706">
        <ele>275.73</ele>
      </trkpt>
      <trkpt lat="45.17763" lon="-72.517035">
        <ele>274.54</ele>
      </trkpt>
      <trkpt lat="45.17821" lon="-72.51701">
        <ele>278.81</ele>
      </trkpt>
      <trkpt lat="45.17893" lon="-72.51701">
        <ele>287.4</ele>
      </trkpt>
      <trkpt lat="45.17965" lon="-72.51701">
        <ele>287.74</ele>
      </trkpt>
      <trkpt lat="45.17965" lon="-72.51701">
        <ele>287.76</ele>
      </trkpt>
      <trkpt lat="45.180295" lon="-72.51701">
        <ele>289.4</ele>
      </trkpt>
      <trkpt lat="45.18094" lon="-72.51701">
        <ele>291.2</ele>
      </trkpt>
      <trkpt lat="45.18165" lon="-72.51697">
        <ele>292.71</ele>
      </trkpt>
      <trkpt lat="45.18236" lon="-72.51693">
        <ele>297.56</ele>
      </trkpt>
      <trkpt lat="45.183105" lon="-72.5169175">
        <ele>293.8</ele>
      </trkpt>
      <trkpt lat="45.18385" lon="-72.516905">
        <ele>285.95</ele>
      </trkpt>
      <trkpt lat="45.184595" lon="-72.5168925">
        <ele>274.1</ele>
      </trkpt>
      <trkpt lat="45.18534" lon="-72.51688">
        <ele>273.03</ele>
      </trkpt>
      <trkpt lat="45.1862236" lon="-72.5168391">
        <ele>282.59</ele>
      </trkpt>
      <trkpt lat="45.1871073" lon="-72.5167982">
        <ele>288.31</ele>
      </trkpt>
      <trkpt lat="45.1879909" lon="-72.5167573">
        <ele>288.7</ele>
      </trkpt>
      <trkpt lat="45.1888745" lon="-72.5167164">
        <ele>288.3</ele>
      </trkpt>
      <trkpt lat="45.1897582" lon="-72.5166755">
        <ele>295.2</ele>
      </trkpt>
      <trkpt lat="45.1906418" lon="-72.5166346">
        <ele>296.77</ele>
      </trkpt>
      <trkpt lat="45.1915255" lon="-72.5165937">
        <ele>286.12</ele>
      </trkpt>
      <trkpt lat="45.1924091" lon="-72.5165527">
        <ele>284.89</ele>
      </trkpt>
      <trkpt lat="45.1932927" lon="-72.5165118">
        <ele>295.48</ele>
      </trkpt>
      <trkpt lat="45.1941764" lon="-72.5164709">
        <ele>310.14</ele>
      </trkpt>
      <trkpt lat="45.19506" lon="-72.51643">
        <ele>317.78</ele>
      </trkpt>
      <trkpt lat="45.1958967" lon="-72.5164167">
        <ele>324.74</ele>
      </trkpt>
      <trkpt lat="45.1967333" lon="-72.5164033">
        <ele>336.01</ele>
      </trkpt>
      <trkpt lat="45.19757" lon="-72.51639">
        <ele>345.3</ele>
      </trkpt>
      <trkpt lat="45.19829" lon="-72.5163667">
        <ele>345.35</ele>
      </trkpt>
      <trkpt lat="45.19901" lon="-72.5163433">
        <ele>345.95</ele>
      </trkpt>
      <trkpt lat="45.19973" lon="-72.51632">
        <ele>346.95</ele>
      </trkpt>
      <trkpt lat="45.19972" lon="-72.51632">
        <ele>346.95</ele>
      </trkpt>
      <trkpt lat="45.20006" lon="-72.51631">
        <ele>346.45</ele>
      </trkpt>
      <trkpt lat="45.20027" lon="-72.51639">
        <ele>344.93</ele>
      </trkpt>
      <trkpt lat="45.20041" lon="-72.5167">
        <ele>340.46</ele>
      </trkpt>
      <trkpt lat="45.2006" lon="-72.517305">
        <ele>334.89</ele>
      </trkpt>
      <trkpt lat="45.20079" lon="-72.51791">
        <ele>326.45</ele>
      </trkpt>
      <trkpt lat="45.2009" lon="-72.51819">
        <ele>323.72</ele>
      </trkpt>
      <trkpt lat="45.20113" lon="-72.51858">
        <ele>320.58</ele>
      </trkpt>
      <trkpt lat="45.20144" lon="-72.51892">
        <ele>318.78</ele>
      </trkpt>
      <trkpt lat="45.2009856" lon="-72.5199078">
        <ele>318.16</ele>
      </trkpt>
      <trkpt lat="45.2005312" lon="-72.5208957">
        <ele>319.59</ele>
      </trkpt>
      <trkpt lat="45.2000767" lon="-72.5218835">
        <ele>316.44</ele>
      </trkpt>
      <trkpt lat="45.1996223" lon="-72.5228713">
        <ele>312.96</ele>
      </trkpt>
      <trkpt lat="45.1991679" lon="-72.523859">
        <ele>310.9</ele>
      </trkpt>
      <trkpt lat="45.1987134" lon="-72.5248468">
        <ele>307.27</ele>
      </trkpt>
      <trkpt lat="45.1982589" lon="-72.5258346">
        <ele>305</ele>
      </trkpt>
      <trkpt lat="45.1978045" lon="-72.5268223">
        <ele>303.75</ele>
      </trkpt>
      <trkpt lat="45.19735" lon="-72.52781">
        <ele>302.66</ele>
      </trkpt>
      <trkpt lat="45.197" lon="-72.52863">
        <ele>304.61</ele>
      </trkpt>
      <trkpt lat="45.19665" lon="-72.52945">
        <ele>303.13</ele>
      </trkpt>
      <trkpt lat="45.1963" lon="-72.53027">
        <ele>300.93</ele>
      </trkpt>
      <trkpt lat="45.1963" lon="-72.53028">
        <ele>300.93</ele>
      </trkpt>
      <trkpt lat="45.1958734" lon="-72.5312434">
        <ele>301.27</ele>
      </trkpt>
      <trkpt lat="45.1954467" lon="-72.5322067">
        <ele>301.41</ele>
      </trkpt>
      <trkpt lat="45.19502" lon="-72.5331701">
        <ele>298.47</ele>
      </trkpt>
      <trkpt lat="45.1945934" lon="-72.5341334">
        <ele>296.01</ele>
      </trkpt>
      <trkpt lat="45.1941667" lon="-72.5350967">
        <ele>295.66</ele>
      </trkpt>
      <trkpt lat="45.19374" lon="-72.53606">
        <ele>291.98</ele>
      </trkpt>
      <trkpt lat="45.19423" lon="-72.53609">
        <ele>290.33</ele>
      </trkpt>
      <trkpt lat="45.194985" lon="-72.536105">
        <ele>288.88</ele>
      </trkpt>
      <trkpt lat="45.19574" lon="-72.53612">
        <ele>283.5</ele>
      </trkpt>
      <trkpt lat="45.19586" lon="-72.53613">
        <ele>282.13</ele>
      </trkpt>
      <trkpt lat="45.19613" lon="-72.53636">
        <ele>277.51</ele>
      </trkpt>
      <trkpt lat="45.19661" lon="-72.53684">
        <ele>272.2</ele>
      </trkpt>
      <trkpt lat="45.19682" lon="-72.53698">
        <ele>267.69</ele>
      </trkpt>
      <trkpt lat="45.19711" lon="-72.53712">
        <ele>265.5</ele>
      </trkpt>
      <trkpt lat="45.19743" lon="-72.53712">
        <ele>262.18</ele>
      </trkpt>
      <trkpt lat="45.19762" lon="-72.53708">
        <ele>260.98</ele>
      </trkpt>
      <trkpt lat="45.19782" lon="-72.53695">
        <ele>260.55</ele>
      </trkpt>
      <trkpt lat="45.198" lon="-72.53676">
        <ele>259.91</ele>
      </trkpt>
      <trkpt lat="45.19834" lon="-72.53618">
        <ele>257.29</ele>
      </trkpt>
      <trkpt lat="45.19846" lon="-72.53601">
        <ele>256.06</ele>
      </trkpt>
      <trkpt lat="45.1987" lon="-72.53586">
        <ele>252.57</ele>
      </trkpt>
      <trkpt lat="45.19888" lon="-72.53582">
        <ele>250.94</ele>
      </trkpt>
      <trkpt lat="45.19902" lon="-72.53581">
        <ele>250.1</ele>
      </trkpt>
      <trkpt lat="45.1992" lon="-72.53582">
        <ele>249.47</ele>
      </trkpt>
      <trkpt lat="45.19954" lon="-72.53577">
        <ele>249.49</ele>
      </trkpt>
      <trkpt lat="45.2001" lon="-72.53578">
        <ele>253.34</ele>
      </trkpt>
      <trkpt lat="45.2001" lon="-72.53578">
        <ele>253.28</ele>
      </trkpt>
      <trkpt lat="45.200595" lon="-72.53578">
        <ele>260.58</ele>
      </trkpt>
      <trkpt lat="45.20109" lon="-72.53578">
        <ele>265.45</ele>
      </trkpt>
      <trkpt lat="45.20141" lon="-72.53582">
        <ele>265.93</ele>
      </trkpt>
      <trkpt lat="45.20183" lon="-72.53595">
        <ele>265.18</ele>
      </trkpt>
      <trkpt lat="45.20211" lon="-72.53592">
        <ele>264.25</ele>
      </trkpt>
      <trkpt lat="45.2025" lon="-72.53582">
        <ele>262.51</ele>
      </trkpt>
      <trkpt lat="45.20271" lon="-72.53577">
        <ele>260.76</ele>
      </trkpt>
      <trkpt lat="45.20279" lon="-72.53577">
        <ele>260.28</ele>
      </trkpt>
      <trkpt lat="45.2034" lon="-72.53587">
        <ele>250.07</ele>
      </trkpt>
      <trkpt lat="45.20424" lon="-72.53584">
        <ele>240.35</ele>
      </trkpt>
      <trkpt lat="45.20508" lon="-72.53581">
        <ele>227.81</ele>
      </trkpt>
      <trkpt lat="45.205735" lon="-72.53583">
        <ele>220.47</ele>
      </trkpt>
      <trkpt lat="45.20639" lon="-72.53585">
        <ele>217.77</ele>
      </trkpt>
      <trkpt lat="45.207136" lon="-72.53586">
        <ele>216.76</ele>
      </trkpt>
      <trkpt lat="45.207882" lon="-72.53587">
        <ele>216.64</ele>
      </trkpt>
      <trkpt lat="45.208628" lon="-72.53588">
        <ele>216.87</ele>
      </trkpt>
      <trkpt lat="45.209374" lon="-72.53589">
        <ele>217.15</ele>
      </trkpt>
      <trkpt lat="45.21012" lon="-72.5359">
        <ele>212.01</ele>
      </trkpt>
      <trkpt lat="45.21083" lon="-72.5359275">
        <ele>208.35</ele>
      </trkpt>
      <trkpt lat="45.21154" lon="-72.535955">
        <ele>207.41</ele>
      </trkpt>
      <trkpt lat="45.21225" lon="-72.5359825">
        <ele>205.4</ele>
      </trkpt>
      <trkpt lat="45.21296" lon="-72.53601">
        <ele>207.77</ele>
      </trkpt>
      <trkpt lat="45.213145" lon="-72.53502">
        <ele>206.35</ele>
      </trkpt>
      <trkpt lat="45.21333" lon="-72.53403">
        <ele>205.78</ele>
      </trkpt>
      <trkpt lat="45.21345" lon="-72.53408">
        <ele>205.52</ele>
      </trkpt>
      <trkpt lat="45.21349" lon="-72.53408">
        <ele>205.39</ele>
      </trkpt>
      <trkpt lat="45.21357" lon="-72.53404">
        <ele>205.04</ele>
      </trkpt>
      <trkpt lat="45.2142167" lon="-72.5332467">
        <ele>202.25</ele>
      </trkpt>
      <trkpt lat="45.2148633" lon="-72.5324534">
        <ele>201.59</ele>
      </trkpt>
      <trkpt lat="45.21551" lon="-72.53166">
        <ele>201.41</ele>
      </trkpt>
      <trkpt lat="45.2155" lon="-72.53166">
        <ele>201.42</ele>
      </trkpt>
      <trkpt lat="45.216085" lon="-72.530955">
        <ele>200.79</ele>
      </trkpt>
      <trkpt lat="45.21667" lon="-72.53025">
        <ele>202</ele>
      </trkpt>
      <trkpt lat="45.217255" lon="-72.529545">
        <ele>204.28</ele>
      </trkpt>
      <trkpt lat="45.21784" lon="-72.52884">
        <ele>207.32</ele>
      </trkpt>
      <trkpt lat="45.2184367" lon="-72.52808">
        <ele>205.09</ele>
      </trkpt>
      <trkpt lat="45.2190333" lon="-72.52732">
        <ele>205.83</ele>
      </trkpt>
      <trkpt lat="45.21963" lon="-72.52656">
        <ele>206.02</ele>
      </trkpt>
      <trkpt lat="45.22028" lon="-72.52585">
        <ele>204.38</ele>
      </trkpt>
      <trkpt lat="45.22093" lon="-72.52514">
        <ele>202.85</ele>
      </trkpt>
      <trkpt lat="45.22121" lon="-72.52614">
        <ele>202.17</ele>
      </trkpt>
      <trkpt lat="45.22149" lon="-72.52714">
        <ele>201.77</ele>
      </trkpt>
      <trkpt lat="45.22177" lon="-72.52814">
        <ele>202.18</ele>
      </trkpt>
      <trkpt lat="45.22205" lon="-72.52914">
        <ele>202.83</ele>
      </trkpt>
      <trkpt lat="45.22218" lon="-72.52972">
        <ele>203.02</ele>
      </trkpt>
      <trkpt lat="45.22226" lon="-72.5303">
        <ele>203.07</ele>
      </trkpt>
      <trkpt lat="45.22229" lon="-72.5312">
        <ele>202.72</ele>
      </trkpt>
      <trkpt lat="45.22232" lon="-72.5321">
        <ele>202.39</ele>
      </trkpt>
      <trkpt lat="45.22235" lon="-72.533">
        <ele>202.17</ele>
      </trkpt>
      <trkpt lat="45.22231" lon="-72.53398">
        <ele>200.61</ele>
      </trkpt>
      <trkpt lat="45.222325" lon="-72.53497">
        <ele>199.84</ele>
      </trkpt>
      <trkpt lat="45.22234" lon="-72.53596">
        <ele>200.27</ele>
      </trkpt>
      <trkpt lat="45.2223833" lon="-72.5369133">
        <ele>207.44</ele>
      </trkpt>
      <trkpt lat="45.2224267" lon="-72.5378667">
        <ele>211.72</ele>
      </trkpt>
      <trkpt lat="45.22247" lon="-72.53882">
        <ele>213.48</ele>
      </trkpt>
      <trkpt lat="45.22263" lon="-72.53954">
        <ele>217.72</ele>
      </trkpt>
      <trkpt lat="45.22259" lon="-72.53977">
        <ele>220.24</ele>
      </trkpt>
      <trkpt lat="45.22248" lon="-72.54007">
        <ele>222.93</ele>
      </trkpt>
      <trkpt lat="45.22232" lon="-72.54042">
        <ele>225.89</ele>
      </trkpt>
      <trkpt lat="45.22203" lon="-72.54096">
        <ele>230.12</ele>
      </trkpt>
      <trkpt lat="45.22193" lon="-72.5411">
        <ele>231.94</ele>
      </trkpt>
      <trkpt lat="45.2216" lon="-72.54143">
        <ele>234.85</ele>
      </trkpt>
      <trkpt lat="45.22159" lon="-72.54143">
        <ele>234.98</ele>
      </trkpt>
      <trkpt lat="45.22148" lon="-72.54159">
        <ele>236.96</ele>
      </trkpt>
      <trkpt lat="45.22141" lon="-72.54174">
        <ele>238.84</ele>
      </trkpt>
      <trkpt lat="45.22136" lon="-72.54209">
        <ele>239.75</ele>
      </trkpt>
      <trkpt lat="45.22139" lon="-72.5424">
        <ele>242.66</ele>
      </trkpt>
      <trkpt lat="45.22154" lon="-72.5428">
        <ele>244.55</ele>
      </trkpt>
      <trkpt lat="45.22198" lon="-72.54353">
        <ele>247.95</ele>
      </trkpt>
      <trkpt lat="45.22242" lon="-72.54426">
        <ele>252</ele>
      </trkpt>
      <trkpt lat="45.22258" lon="-72.54459">
        <ele>254.36</ele>
      </trkpt>
      <trkpt lat="45.2226" lon="-72.54465">
        <ele>254.36</ele>
      </trkpt>
      <trkpt lat="45.222635" lon="-72.545895">
        <ele>255.59</ele>
      </trkpt>
      <trkpt lat="45.22267" lon="-72.54714">
        <ele>253</ele>
      </trkpt>
      <trkpt lat="45.2226833" lon="-72.54825">
        <ele>254.97</ele>
      </trkpt>
      <trkpt lat="45.2226967" lon="-72.54936">
        <ele>258.42</ele>
      </trkpt>
      <trkpt lat="45.22271" lon="-72.55047">
        <ele>264.12</ele>
      </trkpt>
      <trkpt lat="45.222755" lon="-72.551115">
        <ele>268.65</ele>
      </trkpt>
      <trkpt lat="45.2228" lon="-72.55176">
        <ele>273.48</ele>
      </trkpt>
      <trkpt lat="45.2233" lon="-72.55188">
        <ele>275.66</ele>
      </trkpt>
      <trkpt lat="45.22355" lon="-72.55189">
        <ele>277.57</ele>
      </trkpt>
      <trkpt lat="45.224035" lon="-72.55187">
        <ele>278.21</ele>
      </trkpt>
      <trkpt lat="45.22452" lon="-72.55185">
        <ele>278.14</ele>
      </trkpt>
      <trkpt lat="45.22471" lon="-72.55184">
        <ele>277.07</ele>
      </trkpt>
      <trkpt lat="45.2255033" lon="-72.5515867">
        <ele>275.27</ele>
      </trkpt>
      <trkpt lat="45.2262967" lon="-72.5513333">
        <ele>275.48</ele>
      </trkpt>
      <trkpt lat="45.22709" lon="-72.55108">
        <ele>274.69</ele>
      </trkpt>
      <trkpt lat="45.227875" lon="-72.550815">
        <ele>273.77</ele>
      </trkpt>
      <trkpt lat="45.22866" lon="-72.55055">
        <ele>275.75</ele>
      </trkpt>
      <trkpt lat="45.22865" lon="-72.55055">
        <ele>275.75</ele>
      </trkpt>
      <trkpt lat="45.2293" lon="-72.55033">
        <ele>279.05</ele>
      </trkpt>
      <trkpt lat="45.22995" lon="-72.55011">
        <ele>282.76</ele>
      </trkpt>
      <trkpt lat="45.2306" lon="-72.54989">
        <ele>285.06</ele>
      </trkpt>
      <trkpt lat="45.23135" lon="-72.54971">
        <ele>287.42</ele>
      </trkpt>
      <trkpt lat="45.23181" lon="-72.54965">
        <ele>287.32</ele>
      </trkpt>
      <trkpt lat="45.232655" lon="-72.549765">
        <ele>284.76</ele>
      </trkpt>
      <trkpt lat="45.2335" lon="-72.54988">
        <ele>280.08</ele>
      </trkpt>
      <trkpt lat="45.234375" lon="-72.54999">
        <ele>274.21</ele>
      </trkpt>
      <trkpt lat="45.23525" lon="-72.5501">
        <ele>268.26</ele>
      </trkpt>
      <trkpt lat="45.23581" lon="-72.55014">
        <ele>263.82</ele>
      </trkpt>
      <trkpt lat="45.23651" lon="-72.55027">
        <ele>259.39</ele>
      </trkpt>
      <trkpt lat="45.23696" lon="-72.55032">
        <ele>255.45</ele>
      </trkpt>
      <trkpt lat="45.23741" lon="-72.55037">
        <ele>254.54</ele>
      </trkpt>
      <trkpt lat="45.23818" lon="-72.5505">
        <ele>249.25</ele>
      </trkpt>
      <trkpt lat="45.23853" lon="-72.55059">
        <ele>246.9</ele>
      </trkpt>
      <trkpt lat="45.23859" lon="-72.55065">
        <ele>246.45</ele>
      </trkpt>
      <trkpt lat="45.23863" lon="-72.55091">
        <ele>246.04</ele>
      </trkpt>
      <trkpt lat="45.2386533" lon="-72.5517833">
        <ele>246.01</ele>
      </trkpt>
      <trkpt lat="45.2386767" lon="-72.5526567">
        <ele>247.63</ele>
      </trkpt>
      <trkpt lat="45.2387" lon="-72.55353">
        <ele>249.24</ele>
      </trkpt>
      <trkpt lat="45.2394" lon="-72.55357">
        <ele>244.23</ele>
      </trkpt>
      <trkpt lat="45.2401" lon="-72.55361">
        <ele>240.23</ele>
      </trkpt>
      <trkpt lat="45.2401" lon="-72.55361">
        <ele>240.26</ele>
      </trkpt>
      <trkpt lat="45.24082" lon="-72.5536567">
        <ele>234.29</ele>
      </trkpt>
      <trkpt lat="45.24154" lon="-72.5537033">
        <ele>226.77</ele>
      </trkpt>
      <trkpt lat="45.24226" lon="-72.55375">
        <ele>220.6</ele>
      </trkpt>
      <trkpt lat="45.24279" lon="-72.55376">
        <ele>216.31</ele>
      </trkpt>
      <trkpt lat="45.24335" lon="-72.55381">
        <ele>211.91</ele>
      </trkpt>
      <trkpt lat="45.2441" lon="-72.55391">
        <ele>206.59</ele>
      </trkpt>
      <trkpt lat="45.244605" lon="-72.553945">
        <ele>205.06</ele>
      </trkpt>
      <trkpt lat="45.24511" lon="-72.55398">
        <ele>202.85</ele>
      </trkpt>
      <trkpt lat="45.24568" lon="-72.55404">
        <ele>200.97</ele>
      </trkpt>
      <trkpt lat="45.24613" lon="-72.55404">
        <ele>200.04</ele>
      </trkpt>
      <trkpt lat="45.24641" lon="-72.55395">
        <ele>200.03</ele>
      </trkpt>
      <trkpt lat="45.24659" lon="-72.55382">
        <ele>200.24</ele>
      </trkpt>
      <trkpt lat="45.2473233" lon="-72.5543067">
        <ele>201.39</ele>
      </trkpt>
      <trkpt lat="45.2480567" lon="-72.5547933">
        <ele>200.07</ele>
      </trkpt>
      <trkpt lat="45.24879" lon="-72.55528">
        <ele>200.43</ele>
      </trkpt>
      <trkpt lat="45.24942" lon="-72.55564">
        <ele>200.36</ele>
      </trkpt>
      <trkpt lat="45.24965" lon="-72.55565">
        <ele>200.5</ele>
      </trkpt>
      <trkpt lat="45.250355" lon="-72.5556475">
        <ele>201.93</ele>
      </trkpt>
      <trkpt lat="45.25106" lon="-72.555645">
        <ele>203.15</ele>
      </trkpt>
      <trkpt lat="45.251765" lon="-72.5556425">
        <ele>203.45</ele>
      </trkpt>
      <trkpt lat="45.25247" lon="-72.55564">
        <ele>204.77</ele>
      </trkpt>
      <trkpt lat="45.2533" lon="-72.5556011">
        <ele>207.71</ele>
      </trkpt>
      <trkpt lat="45.25413" lon="-72.5555622">
        <ele>206.93</ele>
      </trkpt>
      <trkpt lat="45.25496" lon="-72.5555233">
        <ele>207.25</ele>
      </trkpt>
      <trkpt lat="45.25579" lon="-72.5554845">
        <ele>207.63</ele>
      </trkpt>
      <trkpt lat="45.25662" lon="-72.5554456">
        <ele>209.36</ele>
      </trkpt>
      <trkpt lat="45.25745" lon="-72.5554067">
        <ele>212.15</ele>
      </trkpt>
      <trkpt lat="45.25828" lon="-72.5553678">
        <ele>216.97</ele>
      </trkpt>
      <trkpt lat="45.25911" lon="-72.5553289">
        <ele>220.89</ele>
      </trkpt>
      <trkpt lat="45.25994" lon="-72.55529">
        <ele>221.9</ele>
      </trkpt>
      <trkpt lat="45.26006" lon="-72.55535">
        <ele>222.12</ele>
      </trkpt>
      <trkpt lat="45.26011" lon="-72.55556">
        <ele>222.26</ele>
      </trkpt>
      <trkpt lat="45.26012" lon="-72.55596">
        <ele>222.34</ele>
      </trkpt>
      <trkpt lat="45.26007" lon="-72.5571814">
        <ele>222.6</ele>
      </trkpt>
      <trkpt lat="45.2600201" lon="-72.5584029">
        <ele>222.92</ele>
      </trkpt>
      <trkpt lat="45.2599701" lon="-72.5596243">
        <ele>221.47</ele>
      </trkpt>
      <trkpt lat="45.2599201" lon="-72.5608457">
        <ele>219.29</ele>
      </trkpt>
      <trkpt lat="45.2598701" lon="-72.5620672">
        <ele>214.05</ele>
      </trkpt>
      <trkpt lat="45.25982" lon="-72.5632886">
        <ele>210.49</ele>
      </trkpt>
      <trkpt lat="45.25977" lon="-72.56451">
        <ele>208.17</ele>
      </trkpt>
      <trkpt lat="45.259735" lon="-72.565635">
        <ele>205.13</ele>
      </trkpt>
      <trkpt lat="45.2597" lon="-72.56676">
        <ele>202.7</ele>
      </trkpt>
      <trkpt lat="45.2597" lon="-72.56677">
        <ele>202.68</ele>
      </trkpt>
      <trkpt lat="45.259665" lon="-72.567835">
        <ele>201.82</ele>
      </trkpt>
      <trkpt lat="45.25963" lon="-72.5689">
        <ele>200.72</ele>
      </trkpt>
      <trkpt lat="45.259595" lon="-72.569965">
        <ele>200.64</ele>
      </trkpt>
      <trkpt lat="45.25956" lon="-72.57103">
        <ele>201.94</ele>
      </trkpt>
      <trkpt lat="45.259525" lon="-72.572095">
        <ele>201.63</ele>
      </trkpt>
      <trkpt lat="45.25949" lon="-72.57316">
        <ele>202.03</ele>
      </trkpt>
      <trkpt lat="45.25945" lon="-72.57421">
        <ele>203</ele>
      </trkpt>
      <trkpt lat="45.25941" lon="-72.57526">
        <ele>204.14</ele>
      </trkpt>
      <trkpt lat="45.25935" lon="-72.57598">
        <ele>204.7</ele>
      </trkpt>
      <trkpt lat="45.25944" lon="-72.57625">
        <ele>204.9</ele>
      </trkpt>
      <trkpt lat="45.25962" lon="-72.57647">
        <ele>204.84</ele>
      </trkpt>
      <trkpt lat="45.26048" lon="-72.576455">
        <ele>203.81</ele>
      </trkpt>
      <trkpt lat="45.26134" lon="-72.57644">
        <ele>203.12</ele>
      </trkpt>
      <trkpt lat="45.262152" lon="-72.576433">
        <ele>202.7</ele>
      </trkpt>
      <trkpt lat="45.262964" lon="-72.576426">
        <ele>202.19</ele>
      </trkpt>
      <trkpt lat="45.263776" lon="-72.576419">
        <ele>203.36</ele>
      </trkpt>
      <trkpt lat="45.264588" lon="-72.576412">
        <ele>202.46</ele>
      </trkpt>
      <trkpt lat="45.2654" lon="-72.576405">
        <ele>201.22</ele>
      </trkpt>
      <trkpt lat="45.266212" lon="-72.576398">
        <ele>198.94</ele>
      </trkpt>
      <trkpt lat="45.267024" lon="-72.576391">
        <ele>198.33</ele>
      </trkpt>
      <trkpt lat="45.267836" lon="-72.576384">
        <ele>197.61</ele>
      </trkpt>
      <trkpt lat="45.268648" lon="-72.576377">
        <ele>197.96</ele>
      </trkpt>
      <trkpt lat="45.26946" lon="-72.57637">
        <ele>199.81</ele>
      </trkpt>
      <trkpt lat="45.2703033" lon="-72.57637">
        <ele>199.59</ele>
      </trkpt>
      <trkpt lat="45.2711467" lon="-72.57637">
        <ele>200.41</ele>
      </trkpt>
      <trkpt lat="45.27199" lon="-72.57637">
        <ele>201.66</ele>
      </trkpt>
      <trkpt lat="45.272745" lon="-72.57633">
        <ele>202.87</ele>
      </trkpt>
      <trkpt lat="45.2735" lon="-72.57629">
        <ele>206</ele>
      </trkpt>
      <trkpt lat="45.274348" lon="-72.576256">
        <ele>206.16</ele>
      </trkpt>
      <trkpt lat="45.275196" lon="-72.576222">
        <ele>208.77</ele>
      </trkpt>
      <trkpt lat="45.276044" lon="-72.576188">
        <ele>207.63</ele>
      </trkpt>
      <trkpt lat="45.276892" lon="-72.576154">
        <ele>206.88</ele>
      </trkpt>
      <trkpt lat="45.27774" lon="-72.57612">
        <ele>205.49</ele>
      </trkpt>
      <trkpt lat="45.278588" lon="-72.576086">
        <ele>204.55</ele>
      </trkpt>
      <trkpt lat="45.279436" lon="-72.576052">
        <ele>202.93</ele>
      </trkpt>
      <trkpt lat="45.280284" lon="-72.576018">
        <ele>203.37</ele>
      </trkpt>
      <trkpt lat="45.281132" lon="-72.575984">
        <ele>202.25</ele>
      </trkpt>
      <trkpt lat="45.28198" lon="-72.57595">
        <ele>201.41</ele>
      </trkpt>
      <trkpt lat="45.282826" lon="-72.57592">
        <ele>200.72</ele>
      </trkpt>
      <trkpt lat="45.283672" lon="-72.57589">
        <ele>199.31</ele>
      </trkpt>
      <trkpt lat="45.284518" lon="-72.57586">
        <ele>197.4</ele>
      </trkpt>
      <trkpt lat="45.285364" lon="-72.57583">
        <ele>194.11</ele>
      </trkpt>
      <trkpt lat="45.28621" lon="-72.5758">
        <ele>189.91</ele>
      </trkpt>
      <trkpt lat="45.28707" lon="-72.5757433">
        <ele>186.73</ele>
      </trkpt>
      <trkpt lat="45.28793" lon="-72.5756867">
        <ele>184.65</ele>
      </trkpt>
      <trkpt lat="45.28879" lon="-72.57563">
        <ele>184.86</ele>
      </trkpt>
      <trkpt lat="45.28878" lon="-72.57563">
        <ele>184.84</ele>
      </trkpt>
      <trkpt lat="45.2895" lon="-72.5755833">
        <ele>184.86</ele>
      </trkpt>
      <trkpt lat="45.29022" lon="-72.5755367">
        <ele>183.42</ele>
      </trkpt>
      <trkpt lat="45.29094" lon="-72.57549">
        <ele>184.51</ele>
      </trkpt>
      <trkpt lat="45.291" lon="-72.57634">
        <ele>183.19</ele>
      </trkpt>
      <trkpt lat="45.29111" lon="-72.57723">
        <ele>181.64</ele>
      </trkpt>
      <trkpt lat="45.291334" lon="-72.578418">
        <ele>178.8</ele>
      </trkpt>
      <trkpt lat="45.291558" lon="-72.579606">
        <ele>174.29</ele>
      </trkpt>
      <trkpt lat="45.291782" lon="-72.580794">
        <ele>168.98</ele>
      </trkpt>
      <trkpt lat="45.292006" lon="-72.581982">
        <ele>167.24</ele>
      </trkpt>
      <trkpt lat="45.29223" lon="-72.58317">
        <ele>169.98</ele>
      </trkpt>
      <trkpt lat="45.29235" lon="-72.58385">
        <ele>172.1</ele>
      </trkpt>
      <trkpt lat="45.29247" lon="-72.58453">
        <ele>172.76</ele>
      </trkpt>
      <trkpt lat="45.29269" lon="-72.58547">
        <ele>168.46</ele>
      </trkpt>
      <trkpt lat="45.29288" lon="-72.58614">
        <ele>163.49</ele>
      </trkpt>
      <trkpt lat="45.29313" lon="-72.58695">
        <ele>161.12</ele>
      </trkpt>
      <trkpt lat="45.29341" lon="-72.5877">
        <ele>163.16</ele>
      </trkpt>
      <trkpt lat="45.2938767" lon="-72.5887766">
        <ele>167.66</ele>
      </trkpt>
      <trkpt lat="45.2943433" lon="-72.5898533">
        <ele>169.45</ele>
      </trkpt>
      <trkpt lat="45.29481" lon="-72.59093">
        <ele>168.94</ele>
      </trkpt>
      <trkpt lat="45.29481" lon="-72.59093">
        <ele>168.94</ele>
      </trkpt>
      <trkpt lat="45.295185" lon="-72.591825">
        <ele>169.31</ele>
      </trkpt>
      <trkpt lat="45.29556" lon="-72.59272">
        <ele>170.24</ele>
      </trkpt>
      <trkpt lat="45.29574" lon="-72.59335">
        <ele>170.7</ele>
      </trkpt>
      <trkpt lat="45.29583" lon="-72.59392">
        <ele>171</ele>
      </trkpt>
      <trkpt lat="45.29586" lon="-72.59432">
        <ele>171.54</ele>
      </trkpt>
      <trkpt lat="45.29652" lon="-72.59428">
        <ele>170.79</ele>
      </trkpt>
      <trkpt lat="45.29718" lon="-72.59424">
        <ele>170.36</ele>
      </trkpt>
      <trkpt lat="45.29738" lon="-72.5942">
        <ele>169.88</ele>
      </trkpt>
      <trkpt lat="45.29806" lon="-72.593865">
        <ele>167.33</ele>
      </trkpt>
      <trkpt lat="45.29874" lon="-72.59353">
        <ele>162.38</ele>
      </trkpt>
      <trkpt lat="45.29945" lon="-72.59339">
        <ele>154.55</ele>
      </trkpt>
      <trkpt lat="45.29996" lon="-72.59343">
        <ele>151.31</ele>
      </trkpt>
      <trkpt lat="45.30036" lon="-72.59348">
        <ele>148.64</ele>
      </trkpt>
      <trkpt lat="45.300925" lon="-72.593685">
        <ele>147.42</ele>
      </trkpt>
      <trkpt lat="45.30149" lon="-72.59389">
        <ele>145.29</ele>
      </trkpt>
      <trkpt lat="45.30197" lon="-72.593955">
        <ele>143.63</ele>
      </trkpt>
      <trkpt lat="45.30245" lon="-72.59402">
        <ele>143.05</ele>
      </trkpt>
      <trkpt lat="45.303225" lon="-72.59398">
        <ele>145.68</ele>
      </trkpt>
      <trkpt lat="45.304" lon="-72.59394">
        <ele>148.26</ele>
      </trkpt>
      <trkpt lat="45.30399" lon="-72.59394">
        <ele>148.25</ele>
      </trkpt>
      <trkpt lat="45.3046433" lon="-72.5938767">
        <ele>151.5</ele>
      </trkpt>
      <trkpt lat="45.3052967" lon="-72.5938133">
        <ele>154.45</ele>
      </trkpt>
      <trkpt lat="45.30595" lon="-72.59375">
        <ele>156.79</ele>
      </trkpt>
      <trkpt lat="45.306625" lon="-72.593705">
        <ele>157.7</ele>
      </trkpt>
      <trkpt lat="45.3073" lon="-72.59366">
        <ele>158.97</ele>
      </trkpt>
      <trkpt lat="45.3073" lon="-72.594585">
        <ele>157.34</ele>
      </trkpt>
      <trkpt lat="45.3073" lon="-72.59551">
        <ele>156.08</ele>
      </trkpt>
      <trkpt lat="45.3081" lon="-72.59548">
        <ele>154.96</ele>
      </trkpt>
      <trkpt lat="45.3089" lon="-72.59545">
        <ele>156.65</ele>
      </trkpt>
      <trkpt lat="45.30916" lon="-72.59541">
        <ele>156.83</ele>
      </trkpt>
      <trkpt lat="45.31004" lon="-72.59541">
        <ele>156.44</ele>
      </trkpt>
      <trkpt lat="45.31031" lon="-72.59536">
        <ele>156.73</ele>
      </trkpt>
      <trkpt lat="45.310975" lon="-72.59534">
        <ele>157.97</ele>
      </trkpt>
      <trkpt lat="45.31164" lon="-72.59532">
        <ele>158.71</ele>
      </trkpt>
      <trkpt lat="45.31193" lon="-72.59527">
        <ele>159.44</ele>
      </trkpt>
      <trkpt lat="45.312735" lon="-72.595255">
        <ele>162.07</ele>
      </trkpt>
      <trkpt lat="45.31354" lon="-72.59524">
        <ele>162.3</ele>
      </trkpt>
      <trkpt lat="45.31353" lon="-72.59524">
        <ele>162.3</ele>
      </trkpt>
      <trkpt lat="45.314252" lon="-72.595214">
        <ele>160.58</ele>
      </trkpt>
      <trkpt lat="45.314974" lon="-72.595188">
        <ele>160.15</ele>
      </trkpt>
      <trkpt lat="45.315696" lon="-72.595162">
        <ele>161.61</ele>
      </trkpt>
      <trkpt lat="45.316418" lon="-72.595136">
        <ele>160.13</ele>
      </trkpt>
      <trkpt lat="45.31714" lon="-72.59511">
        <ele>160.06</ele>
      </trkpt>
      <trkpt lat="45.31732" lon="-72.59506">
        <ele>160.16</ele>
      </trkpt>
      <trkpt lat="45.31746" lon="-72.595">
        <ele>160.24</ele>
      </trkpt>
      <trkpt lat="45.3176" lon="-72.59483">
        <ele>160.38</ele>
      </trkpt>
      <trkpt lat="45.31809" lon="-72.594115">
        <ele>161.55</ele>
      </trkpt>
      <trkpt lat="45.31858" lon="-72.5934">
        <ele>162.18</ele>
      </trkpt>
      <trkpt lat="45.31889" lon="-72.59312">
        <ele>162.1</ele>
      </trkpt>
      <trkpt lat="45.31936" lon="-72.59309">
        <ele>162.97</ele>
      </trkpt>
      <trkpt lat="45.320248" lon="-72.59314">
        <ele>167.51</ele>
      </trkpt>
      <trkpt lat="45.321136" lon="-72.59319">
        <ele>171.08</ele>
      </trkpt>
      <trkpt lat="45.322024" lon="-72.59324">
        <ele>173.2</ele>
      </trkpt>
      <trkpt lat="45.322912" lon="-72.59329">
        <ele>175.48</ele>
      </trkpt>
      <trkpt lat="45.3238" lon="-72.59334">
        <ele>176.15</ele>
      </trkpt>
      <trkpt lat="45.3238" lon="-72.59348">
        <ele>176.09</ele>
      </trkpt>
      <trkpt lat="45.32398" lon="-72.59469">
        <ele>173.58</ele>
      </trkpt>
      <trkpt lat="45.32417" lon="-72.59534">
        <ele>173.13</ele>
      </trkpt>
      <trkpt lat="45.32436" lon="-72.59599">
        <ele>172.43</ele>
      </trkpt>
      <trkpt lat="45.3247178" lon="-72.5970444">
        <ele>171.39</ele>
      </trkpt>
      <trkpt lat="45.3250756" lon="-72.5980988">
        <ele>170.65</ele>
      </trkpt>
      <trkpt lat="45.3254334" lon="-72.5991532">
        <ele>169.53</ele>
      </trkpt>
      <trkpt lat="45.3257912" lon="-72.6002076">
        <ele>168.69</ele>
      </trkpt>
      <trkpt lat="45.326149" lon="-72.6012621">
        <ele>167.69</ele>
      </trkpt>
      <trkpt lat="45.3265068" lon="-72.6023165">
        <ele>166.36</ele>
      </trkpt>
      <trkpt lat="45.3268645" lon="-72.603371">
        <ele>164.99</ele>
      </trkpt>
      <trkpt lat="45.3272223" lon="-72.6044255">
        <ele>163.7</ele>
      </trkpt>
      <trkpt lat="45.32758" lon="-72.60548">
        <ele>162.54</ele>
      </trkpt>
      <trkpt lat="45.3278" lon="-72.60607">
        <ele>161.77</ele>
      </trkpt>
      <trkpt lat="45.3278" lon="-72.60607">
        <ele>161.76</ele>
      </trkpt>
      <trkpt lat="45.32801" lon="-72.6066">
        <ele>161.42</ele>
      </trkpt>
      <trkpt lat="45.32844" lon="-72.60741">
        <ele>160.44</ele>
      </trkpt>
      <trkpt lat="45.3289767" lon="-72.6081733">
        <ele>159.28</ele>
      </trkpt>
      <trkpt lat="45.3295133" lon="-72.6089367">
        <ele>158.72</ele>
      </trkpt>
      <trkpt lat="45.33005" lon="-72.6097">
        <ele>158.72</ele>
      </trkpt>
      <trkpt lat="45.3303" lon="-72.61009">
        <ele>157.93</ele>
      </trkpt>
      <trkpt lat="45.33063" lon="-72.61067">
        <ele>157.04</ele>
      </trkpt>
      <trkpt lat="45.33098" lon="-72.61143">
        <ele>155.39</ele>
      </trkpt>
      <trkpt lat="45.33128" lon="-72.61229">
        <ele>154.36</ele>
      </trkpt>
      <trkpt lat="45.33149" lon="-72.61319">
        <ele>153.74</ele>
      </trkpt>
      <trkpt lat="45.3316725" lon="-72.6144075">
        <ele>153.28</ele>
      </trkpt>
      <trkpt lat="45.331855" lon="-72.615625">
        <ele>152.63</ele>
      </trkpt>
      <trkpt lat="45.3320375" lon="-72.6168425">
        <ele>152.07</ele>
      </trkpt>
      <trkpt lat="45.33222" lon="-72.61806">
        <ele>151.15</ele>
      </trkpt>
      <trkpt lat="45.33246" lon="-72.61922">
        <ele>150.97</ele>
      </trkpt>
      <trkpt lat="45.3328" lon="-72.62034">
        <ele>150.3</ele>
      </trkpt>
      <trkpt lat="45.333105" lon="-72.62101">
        <ele>150.43</ele>
      </trkpt>
      <trkpt lat="45.33341" lon="-72.62168">
        <ele>150.94</ele>
      </trkpt>
      <trkpt lat="45.3338813" lon="-72.6226087">
        <ele>148.45</ele>
      </trkpt>
      <trkpt lat="45.3343525" lon="-72.6235374">
        <ele>148.17</ele>
      </trkpt>
      <trkpt lat="45.3348238" lon="-72.6244661">
        <ele>147.93</ele>
      </trkpt>
      <trkpt lat="45.3352951" lon="-72.6253949">
        <ele>147.8</ele>
      </trkpt>
      <trkpt lat="45.3357663" lon="-72.6263236">
        <ele>147.17</ele>
      </trkpt>
      <trkpt lat="45.3362375" lon="-72.6272524">
        <ele>146.54</ele>
      </trkpt>
      <trkpt lat="45.3367088" lon="-72.6281812">
        <ele>145.85</ele>
      </trkpt>
      <trkpt lat="45.33718" lon="-72.62911">
        <ele>144.38</ele>
      </trkpt>
      <trkpt lat="45.33742" lon="-72.62968">
        <ele>144.08</ele>
      </trkpt>
      <trkpt lat="45.33766" lon="-72.63025">
        <ele>144.18</ele>
      </trkpt>
      <trkpt lat="45.33784" lon="-72.63094">
        <ele>143.84</ele>
      </trkpt>
      <trkpt lat="45.33802" lon="-72.63163">
        <ele>143.64</ele>
      </trkpt>
      <trkpt lat="45.33816" lon="-72.63284">
        <ele>143.54</ele>
      </trkpt>
      <trkpt lat="45.3383" lon="-72.63405">
        <ele>143.32</ele>
      </trkpt>
      <trkpt lat="45.338455" lon="-72.634875">
        <ele>143.51</ele>
      </trkpt>
      <trkpt lat="45.33861" lon="-72.6357">
        <ele>142.76</ele>
      </trkpt>
      <trkpt lat="45.33878" lon="-72.63624">
        <ele>141.87</ele>
      </trkpt>
      <trkpt lat="45.33914" lon="-72.63703">
        <ele>141.12</ele>
      </trkpt>
      <trkpt lat="45.33965" lon="-72.638008">
        <ele>140.18</ele>
      </trkpt>
      <trkpt lat="45.34016" lon="-72.6389859">
        <ele>138.62</ele>
      </trkpt>
      <trkpt lat="45.34067" lon="-72.6399639">
        <ele>137.45</ele>
      </trkpt>
      <trkpt lat="45.34118" lon="-72.640942">
        <ele>136.52</ele>
      </trkpt>
      <trkpt lat="45.34169" lon="-72.64192">
        <ele>135.68</ele>
      </trkpt>
      <trkpt lat="45.34214" lon="-72.64295">
        <ele>134.71</ele>
      </trkpt>
      <trkpt lat="45.34249" lon="-72.64407">
        <ele>133.85</ele>
      </trkpt>
      <trkpt lat="45.3426325" lon="-72.645035">
        <ele>133.59</ele>
      </trkpt>
      <trkpt lat="45.342775" lon="-72.646">
        <ele>133.19</ele>
      </trkpt>
      <trkpt lat="45.3429175" lon="-72.646965">
        <ele>133.42</ele>
      </trkpt>
      <trkpt lat="45.34306" lon="-72.64793">
        <ele>134.07</ele>
      </trkpt>
      <trkpt lat="45.343185" lon="-72.64871">
        <ele>133.02</ele>
      </trkpt>
      <trkpt lat="45.34331" lon="-72.64949">
        <ele>132.86</ele>
      </trkpt>
    </trkseg>
  </trk>
</gpx>