<?xml version='1.0' encoding='utf-8'?>
<gpx xmlns="http://www.topografix.com/GPX/1/1" xmlns:xsi="http://www.w3.org/2001/XMLSchema-instance" version="1.1" creator="Gravelle Estrie" xsi:schemaLocation="http://www.topografix.com/GPX/1/1 http://www.topografix.com/GPX/1/1/gpx.xsd">
  <metadata>
    <name>Take a Back Road 80KM</name>
  </metadata>
  <trk>
    <name>Take a Back Road 80KM</name>
    <trkseg>
      <trkpt lat="45.22234" lon="-72.5327">
        <ele>202.2</ele>
      </trkpt>
      <trkpt lat="45.2223" lon="-72.53175">
        <ele>202.5</ele>
      </trkpt>
      <trkpt lat="45.221443" lon="-72.531806">
        <ele>202.4</ele>
      </trkpt>
      <trkpt lat="45.220586" lon="-72.531863">
        <ele>202.7</ele>
      </trkpt>
      <trkpt lat="45.21973" lon="-72.53192">
        <ele>202.8</ele>
      </trkpt>
      <trkpt lat="45.21952" lon="-72.53187">
        <ele>202.6</ele>
      </trkpt>
      <trkpt lat="45.21913" lon="-72.5317">
        <ele>202.4</ele>
      </trkpt>
      <trkpt lat="45.21888" lon="-72.53156">
        <ele>202.5</ele>
      </trkpt>
      <trkpt lat="45.218125" lon="-72.531114">
        <ele>202.6</ele>
      </trkpt>
      <trkpt lat="45.21737" lon="-72.53067">
        <ele>201.8</ele>
      </trkpt>
      <trkpt lat="45.21725" lon="-72.53058">
        <ele>201.8</ele>
      </trkpt>
      <trkpt lat="45.21689" lon="-72.52997">
        <ele>202.9</ele>
      </trkpt>
      <trkpt lat="45.21628" lon="-72.530716">
        <ele>200.7</ele>
      </trkpt>
      <trkpt lat="45.21567" lon="-72.531463">
        <ele>200.9</ele>
      </trkpt>
      <trkpt lat="45.21506" lon="-72.53221">
        <ele>201.3</ele>
      </trkpt>
      <trkpt lat="45.21506" lon="-72.53222">
        <ele>201.3</ele>
      </trkpt>
      <trkpt lat="45.214563" lon="-72.532826">
        <ele>202.2</ele>
      </trkpt>
      <trkpt lat="45.214066" lon="-72.533433">
        <ele>202.4</ele>
      </trkpt>
      <trkpt lat="45.21357" lon="-72.53404">
        <ele>205.1</ele>
      </trkpt>
      <trkpt lat="45.21349" lon="-72.53408">
        <ele>205.2</ele>
      </trkpt>
      <trkpt lat="45.21345" lon="-72.53408">
        <ele>205.3</ele>
      </trkpt>
      <trkpt lat="45.21333" lon="-72.53403">
        <ele>205.6</ele>
      </trkpt>
      <trkpt lat="45.212645" lon="-72.533784">
        <ele>202.4</ele>
      </trkpt>
      <trkpt lat="45.21196" lon="-72.53354">
        <ele>204.7</ele>
      </trkpt>
      <trkpt lat="45.21184" lon="-72.53425">
        <ele>205.5</ele>
      </trkpt>
      <trkpt lat="45.21172" lon="-72.53496">
        <ele>205.9</ele>
      </trkpt>
      <trkpt lat="45.21172" lon="-72.53497">
        <ele>205.9</ele>
      </trkpt>
      <trkpt lat="45.21155" lon="-72.53595">
        <ele>206.8</ele>
      </trkpt>
      <trkpt lat="45.210834" lon="-72.535924">
        <ele>207.6</ele>
      </trkpt>
      <trkpt lat="45.21012" lon="-72.5359">
        <ele>211.1</ele>
      </trkpt>
      <trkpt lat="45.209397" lon="-72.535889">
        <ele>216.1</ele>
      </trkpt>
      <trkpt lat="45.208675" lon="-72.535879">
        <ele>216.2</ele>
      </trkpt>
      <trkpt lat="45.207952" lon="-72.535869">
        <ele>216</ele>
      </trkpt>
      <trkpt lat="45.20723" lon="-72.53586">
        <ele>216.1</ele>
      </trkpt>
      <trkpt lat="45.206513" lon="-72.535843">
        <ele>216.7</ele>
      </trkpt>
      <trkpt lat="45.205796" lon="-72.535826">
        <ele>219.7</ele>
      </trkpt>
      <trkpt lat="45.20508" lon="-72.53581">
        <ele>227.8</ele>
      </trkpt>
      <trkpt lat="45.204239" lon="-72.53584">
        <ele>240.4</ele>
      </trkpt>
      <trkpt lat="45.2034" lon="-72.53587">
        <ele>250.4</ele>
      </trkpt>
      <trkpt lat="45.20279" lon="-72.53577">
        <ele>259.5</ele>
      </trkpt>
      <trkpt lat="45.20271" lon="-72.53577">
        <ele>259.9</ele>
      </trkpt>
      <trkpt lat="45.20211" lon="-72.53592">
        <ele>263.5</ele>
      </trkpt>
      <trkpt lat="45.20183" lon="-72.53595">
        <ele>264.6</ele>
      </trkpt>
      <trkpt lat="45.20141" lon="-72.53582">
        <ele>265.4</ele>
      </trkpt>
      <trkpt lat="45.20109" lon="-72.53578">
        <ele>265</ele>
      </trkpt>
      <trkpt lat="45.200353" lon="-72.535793">
        <ele>257.3</ele>
      </trkpt>
      <trkpt lat="45.199616" lon="-72.535806">
        <ele>248.6</ele>
      </trkpt>
      <trkpt lat="45.19888" lon="-72.53582">
        <ele>250.5</ele>
      </trkpt>
      <trkpt lat="45.1987" lon="-72.53586">
        <ele>252.8</ele>
      </trkpt>
      <trkpt lat="45.19846" lon="-72.53601">
        <ele>255.7</ele>
      </trkpt>
      <trkpt lat="45.19834" lon="-72.53618">
        <ele>256.9</ele>
      </trkpt>
      <trkpt lat="45.198" lon="-72.53676">
        <ele>259.5</ele>
      </trkpt>
      <trkpt lat="45.19782" lon="-72.53695">
        <ele>259.9</ele>
      </trkpt>
      <trkpt lat="45.19762" lon="-72.53708">
        <ele>260.5</ele>
      </trkpt>
      <trkpt lat="45.19743" lon="-72.53712">
        <ele>261.8</ele>
      </trkpt>
      <trkpt lat="45.19711" lon="-72.53712">
        <ele>264.5</ele>
      </trkpt>
      <trkpt lat="45.19682" lon="-72.53698">
        <ele>268.5</ele>
      </trkpt>
      <trkpt lat="45.19661" lon="-72.53684">
        <ele>272.1</ele>
      </trkpt>
      <trkpt lat="45.19613" lon="-72.53636">
        <ele>278</ele>
      </trkpt>
      <trkpt lat="45.19586" lon="-72.53613">
        <ele>281</ele>
      </trkpt>
      <trkpt lat="45.19574" lon="-72.53612">
        <ele>283.2</ele>
      </trkpt>
      <trkpt lat="45.195225" lon="-72.536109">
        <ele>286.9</ele>
      </trkpt>
      <trkpt lat="45.19471" lon="-72.5361">
        <ele>289.2</ele>
      </trkpt>
      <trkpt lat="45.19423" lon="-72.53609">
        <ele>289.7</ele>
      </trkpt>
      <trkpt lat="45.19374" lon="-72.53606">
        <ele>291.5</ele>
      </trkpt>
      <trkpt lat="45.19325" lon="-72.53703">
        <ele>289.3</ele>
      </trkpt>
      <trkpt lat="45.192685" lon="-72.53783">
        <ele>289.6</ele>
      </trkpt>
      <trkpt lat="45.19212" lon="-72.53863">
        <ele>288.3</ele>
      </trkpt>
      <trkpt lat="45.191576" lon="-72.539543">
        <ele>284</ele>
      </trkpt>
      <trkpt lat="45.191033" lon="-72.540456">
        <ele>279.9</ele>
      </trkpt>
      <trkpt lat="45.19049" lon="-72.54137">
        <ele>274.7</ele>
      </trkpt>
      <trkpt lat="45.19038" lon="-72.54173">
        <ele>272.9</ele>
      </trkpt>
      <trkpt lat="45.190215" lon="-72.542645">
        <ele>265.2</ele>
      </trkpt>
      <trkpt lat="45.19005" lon="-72.54356">
        <ele>259.9</ele>
      </trkpt>
      <trkpt lat="45.18986" lon="-72.54423">
        <ele>257.2</ele>
      </trkpt>
      <trkpt lat="45.189535" lon="-72.54499">
        <ele>255.2</ele>
      </trkpt>
      <trkpt lat="45.18921" lon="-72.54575">
        <ele>250.2</ele>
      </trkpt>
      <trkpt lat="45.18876" lon="-72.546506">
        <ele>241.8</ele>
      </trkpt>
      <trkpt lat="45.18831" lon="-72.547263">
        <ele>233.9</ele>
      </trkpt>
      <trkpt lat="45.18786" lon="-72.54802">
        <ele>230.7</ele>
      </trkpt>
      <trkpt lat="45.18786" lon="-72.549043">
        <ele>230.7</ele>
      </trkpt>
      <trkpt lat="45.18786" lon="-72.550066">
        <ele>229.9</ele>
      </trkpt>
      <trkpt lat="45.18786" lon="-72.55109">
        <ele>227.5</ele>
      </trkpt>
      <trkpt lat="45.18784" lon="-72.55234">
        <ele>226.4</ele>
      </trkpt>
      <trkpt lat="45.187773" lon="-72.553373">
        <ele>226.3</ele>
      </trkpt>
      <trkpt lat="45.187706" lon="-72.554406">
        <ele>220.8</ele>
      </trkpt>
      <trkpt lat="45.18764" lon="-72.55544">
        <ele>216.9</ele>
      </trkpt>
      <trkpt lat="45.18758" lon="-72.5561">
        <ele>216.1</ele>
      </trkpt>
      <trkpt lat="45.18756" lon="-72.55655">
        <ele>214.7</ele>
      </trkpt>
      <trkpt lat="45.18757" lon="-72.55718">
        <ele>212.5</ele>
      </trkpt>
      <trkpt lat="45.18759" lon="-72.55749">
        <ele>211.8</ele>
      </trkpt>
      <trkpt lat="45.18773" lon="-72.5582">
        <ele>210.2</ele>
      </trkpt>
      <trkpt lat="45.18809" lon="-72.55932">
        <ele>209.4</ele>
      </trkpt>
      <trkpt lat="45.188435" lon="-72.560349">
        <ele>209</ele>
      </trkpt>
      <trkpt lat="45.18878" lon="-72.56138">
        <ele>209.1</ele>
      </trkpt>
      <trkpt lat="45.18844" lon="-72.5616">
        <ele>208</ele>
      </trkpt>
      <trkpt lat="45.18793" lon="-72.56177">
        <ele>207.2</ele>
      </trkpt>
      <trkpt lat="45.18719" lon="-72.562007">
        <ele>206.2</ele>
      </trkpt>
      <trkpt lat="45.18645" lon="-72.562245">
        <ele>206.3</ele>
      </trkpt>
      <trkpt lat="45.18571" lon="-72.562482">
        <ele>205.9</ele>
      </trkpt>
      <trkpt lat="45.18497" lon="-72.56272">
        <ele>205.8</ele>
      </trkpt>
      <trkpt lat="45.184376" lon="-72.562886">
        <ele>206.9</ele>
      </trkpt>
      <trkpt lat="45.183783" lon="-72.563053">
        <ele>210.5</ele>
      </trkpt>
      <trkpt lat="45.18319" lon="-72.56322">
        <ele>214.8</ele>
      </trkpt>
      <trkpt lat="45.182493" lon="-72.563393">
        <ele>215.5</ele>
      </trkpt>
      <trkpt lat="45.181796" lon="-72.563566">
        <ele>211.3</ele>
      </trkpt>
      <trkpt lat="45.1811" lon="-72.56374">
        <ele>209.7</ele>
      </trkpt>
      <trkpt lat="45.18063" lon="-72.56388">
        <ele>209.7</ele>
      </trkpt>
      <trkpt lat="45.17994" lon="-72.56399">
        <ele>209.6</ele>
      </trkpt>
      <trkpt lat="45.179156" lon="-72.56403">
        <ele>208.2</ele>
      </trkpt>
      <trkpt lat="45.178373" lon="-72.56407">
        <ele>207.2</ele>
      </trkpt>
      <trkpt lat="45.17759" lon="-72.56411">
        <ele>207.7</ele>
      </trkpt>
      <trkpt lat="45.17728" lon="-72.56407">
        <ele>205</ele>
      </trkpt>
      <trkpt lat="45.17659" lon="-72.56394">
        <ele>201.8</ele>
      </trkpt>
      <trkpt lat="45.17618" lon="-72.56384">
        <ele>201.6</ele>
      </trkpt>
      <trkpt lat="45.17547" lon="-72.56354">
        <ele>205.2</ele>
      </trkpt>
      <trkpt lat="45.17534" lon="-72.56351">
        <ele>206.1</ele>
      </trkpt>
      <trkpt lat="45.17496" lon="-72.56349">
        <ele>210.4</ele>
      </trkpt>
      <trkpt lat="45.17475" lon="-72.56353">
        <ele>212</ele>
      </trkpt>
      <trkpt lat="45.174085" lon="-72.56383">
        <ele>212.7</ele>
      </trkpt>
      <trkpt lat="45.17342" lon="-72.56413">
        <ele>213.6</ele>
      </trkpt>
      <trkpt lat="45.172755" lon="-72.56443">
        <ele>214.1</ele>
      </trkpt>
      <trkpt lat="45.17209" lon="-72.56473">
        <ele>214.2</ele>
      </trkpt>
      <trkpt lat="45.17152" lon="-72.56505">
        <ele>214.5</ele>
      </trkpt>
      <trkpt lat="45.17132" lon="-72.56519">
        <ele>214.3</ele>
      </trkpt>
      <trkpt lat="45.17098" lon="-72.56554">
        <ele>212.1</ele>
      </trkpt>
      <trkpt lat="45.1706" lon="-72.56578">
        <ele>207.2</ele>
      </trkpt>
      <trkpt lat="45.16991" lon="-72.56608">
        <ele>203.9</ele>
      </trkpt>
      <trkpt lat="45.169266" lon="-72.566273">
        <ele>206.3</ele>
      </trkpt>
      <trkpt lat="45.168623" lon="-72.566466">
        <ele>208.7</ele>
      </trkpt>
      <trkpt lat="45.16798" lon="-72.56666">
        <ele>212.8</ele>
      </trkpt>
      <trkpt lat="45.167519" lon="-72.56682">
        <ele>217.4</ele>
      </trkpt>
      <trkpt lat="45.16706" lon="-72.56698">
        <ele>220.9</ele>
      </trkpt>
      <trkpt lat="45.16671" lon="-72.5672">
        <ele>223</ele>
      </trkpt>
      <trkpt lat="45.16619" lon="-72.5676">
        <ele>225.9</ele>
      </trkpt>
      <trkpt lat="45.165585" lon="-72.567915">
        <ele>228.1</ele>
      </trkpt>
      <trkpt lat="45.16498" lon="-72.56823">
        <ele>229.4</ele>
      </trkpt>
      <trkpt lat="45.16434" lon="-72.568605">
        <ele>230.4</ele>
      </trkpt>
      <trkpt lat="45.1637" lon="-72.56898">
        <ele>231.5</ele>
      </trkpt>
      <trkpt lat="45.16369" lon="-72.56898">
        <ele>231.6</ele>
      </trkpt>
      <trkpt lat="45.16303" lon="-72.569365">
        <ele>232.6</ele>
      </trkpt>
      <trkpt lat="45.16237" lon="-72.56975">
        <ele>232.3</ele>
      </trkpt>
      <trkpt lat="45.1619" lon="-72.57">
        <ele>232.4</ele>
      </trkpt>
      <trkpt lat="45.16143" lon="-72.57025">
        <ele>233.4</ele>
      </trkpt>
      <trkpt lat="45.16114" lon="-72.57043">
        <ele>234.5</ele>
      </trkpt>
      <trkpt lat="45.1606" lon="-72.57064">
        <ele>236.3</ele>
      </trkpt>
      <trkpt lat="45.16001" lon="-72.57083">
        <ele>235.8</ele>
      </trkpt>
      <trkpt lat="45.1596" lon="-72.57085">
        <ele>235.4</ele>
      </trkpt>
      <trkpt lat="45.158839" lon="-72.570822">
        <ele>233.5</ele>
      </trkpt>
      <trkpt lat="45.158079" lon="-72.570794">
        <ele>232.5</ele>
      </trkpt>
      <trkpt lat="45.157319" lon="-72.570767">
        <ele>236.3</ele>
      </trkpt>
      <trkpt lat="45.15656" lon="-72.57074">
        <ele>243.1</ele>
      </trkpt>
      <trkpt lat="45.155824" lon="-72.570727">
        <ele>244.1</ele>
      </trkpt>
      <trkpt lat="45.155089" lon="-72.570714">
        <ele>246.5</ele>
      </trkpt>
      <trkpt lat="45.154354" lon="-72.570702">
        <ele>248.6</ele>
      </trkpt>
      <trkpt lat="45.15362" lon="-72.57069">
        <ele>250.6</ele>
      </trkpt>
      <trkpt lat="45.153165" lon="-72.570649">
        <ele>250.4</ele>
      </trkpt>
      <trkpt lat="45.15271" lon="-72.57061">
        <ele>251</ele>
      </trkpt>
      <trkpt lat="45.152019" lon="-72.570584">
        <ele>254.1</ele>
      </trkpt>
      <trkpt lat="45.15133" lon="-72.57056">
        <ele>257.6</ele>
      </trkpt>
      <trkpt lat="45.15103" lon="-72.5706">
        <ele>257.9</ele>
      </trkpt>
      <trkpt lat="45.15077" lon="-72.57065">
        <ele>257.4</ele>
      </trkpt>
      <trkpt lat="45.15064" lon="-72.57073">
        <ele>257</ele>
      </trkpt>
      <trkpt lat="45.15053" lon="-72.57083">
        <ele>255.8</ele>
      </trkpt>
      <trkpt lat="45.15035" lon="-72.57115">
        <ele>255</ele>
      </trkpt>
      <trkpt lat="45.149846" lon="-72.572143">
        <ele>253.3</ele>
      </trkpt>
      <trkpt lat="45.149343" lon="-72.573136">
        <ele>250.2</ele>
      </trkpt>
      <trkpt lat="45.14884" lon="-72.57413">
        <ele>246.7</ele>
      </trkpt>
      <trkpt lat="45.14883" lon="-72.57413">
        <ele>246.7</ele>
      </trkpt>
      <trkpt lat="45.148395" lon="-72.57502">
        <ele>244</ele>
      </trkpt>
      <trkpt lat="45.14796" lon="-72.57591">
        <ele>240.2</ele>
      </trkpt>
      <trkpt lat="45.147525" lon="-72.5768">
        <ele>236.9</ele>
      </trkpt>
      <trkpt lat="45.14709" lon="-72.57769">
        <ele>235.7</ele>
      </trkpt>
      <trkpt lat="45.1469" lon="-72.57804">
        <ele>235.9</ele>
      </trkpt>
      <trkpt lat="45.14681" lon="-72.57808">
        <ele>235.7</ele>
      </trkpt>
      <trkpt lat="45.14606" lon="-72.57807">
        <ele>236.4</ele>
      </trkpt>
      <trkpt lat="45.145182" lon="-72.57809">
        <ele>233.7</ele>
      </trkpt>
      <trkpt lat="45.144304" lon="-72.57811">
        <ele>232.4</ele>
      </trkpt>
      <trkpt lat="45.143426" lon="-72.57813">
        <ele>231.7</ele>
      </trkpt>
      <trkpt lat="45.142548" lon="-72.57815">
        <ele>232.5</ele>
      </trkpt>
      <trkpt lat="45.14167" lon="-72.57817">
        <ele>238.9</ele>
      </trkpt>
      <trkpt lat="45.141184" lon="-72.578154">
        <ele>240.6</ele>
      </trkpt>
      <trkpt lat="45.1407" lon="-72.57814">
        <ele>241.6</ele>
      </trkpt>
      <trkpt lat="45.140083" lon="-72.578176">
        <ele>241.4</ele>
      </trkpt>
      <trkpt lat="45.139466" lon="-72.578213">
        <ele>239.3</ele>
      </trkpt>
      <trkpt lat="45.13885" lon="-72.57825">
        <ele>237.7</ele>
      </trkpt>
      <trkpt lat="45.1384" lon="-72.57831">
        <ele>233.4</ele>
      </trkpt>
      <trkpt lat="45.13752" lon="-72.57826">
        <ele>226.5</ele>
      </trkpt>
      <trkpt lat="45.1373" lon="-72.57816">
        <ele>225.8</ele>
      </trkpt>
      <trkpt lat="45.13696" lon="-72.5779">
        <ele>226.2</ele>
      </trkpt>
      <trkpt lat="45.1368" lon="-72.57777">
        <ele>227.3</ele>
      </trkpt>
      <trkpt lat="45.13673" lon="-72.57768">
        <ele>228</ele>
      </trkpt>
      <trkpt lat="45.13658" lon="-72.57732">
        <ele>231.2</ele>
      </trkpt>
      <trkpt lat="45.13631" lon="-72.57701">
        <ele>237.1</ele>
      </trkpt>
      <trkpt lat="45.13608" lon="-72.57683">
        <ele>240.2</ele>
      </trkpt>
      <trkpt lat="45.1358" lon="-72.57666">
        <ele>244.1</ele>
      </trkpt>
      <trkpt lat="45.1355" lon="-72.57657">
        <ele>248.7</ele>
      </trkpt>
      <trkpt lat="45.13464" lon="-72.5766">
        <ele>254.7</ele>
      </trkpt>
      <trkpt lat="45.13447" lon="-72.57661">
        <ele>255.7</ele>
      </trkpt>
      <trkpt lat="45.13435" lon="-72.57669">
        <ele>256.2</ele>
      </trkpt>
      <trkpt lat="45.1342" lon="-72.57683">
        <ele>257.1</ele>
      </trkpt>
      <trkpt lat="45.13361" lon="-72.57758">
        <ele>259.5</ele>
      </trkpt>
      <trkpt lat="45.13339" lon="-72.5779">
        <ele>260</ele>
      </trkpt>
      <trkpt lat="45.13332" lon="-72.57796">
        <ele>260</ele>
      </trkpt>
      <trkpt lat="45.13294" lon="-72.57809">
        <ele>261.7</ele>
      </trkpt>
      <trkpt lat="45.1327" lon="-72.57816">
        <ele>263.5</ele>
      </trkpt>
      <trkpt lat="45.132194" lon="-72.578185">
        <ele>267.7</ele>
      </trkpt>
      <trkpt lat="45.13169" lon="-72.57821">
        <ele>271.9</ele>
      </trkpt>
      <trkpt lat="45.13156" lon="-72.57822">
        <ele>272.7</ele>
      </trkpt>
      <trkpt lat="45.13128" lon="-72.57836">
        <ele>273.6</ele>
      </trkpt>
      <trkpt lat="45.13118" lon="-72.57844">
        <ele>273.7</ele>
      </trkpt>
      <trkpt lat="45.13081" lon="-72.57889">
        <ele>273.4</ele>
      </trkpt>
      <trkpt lat="45.13039" lon="-72.57941">
        <ele>273.5</ele>
      </trkpt>
      <trkpt lat="45.12997" lon="-72.57993">
        <ele>275.8</ele>
      </trkpt>
      <trkpt lat="45.12997" lon="-72.57994">
        <ele>275.9</ele>
      </trkpt>
      <trkpt lat="45.12991" lon="-72.58001">
        <ele>276.4</ele>
      </trkpt>
      <trkpt lat="45.129525" lon="-72.580655">
        <ele>277.1</ele>
      </trkpt>
      <trkpt lat="45.12914" lon="-72.5813">
        <ele>275.7</ele>
      </trkpt>
      <trkpt lat="45.12865" lon="-72.58204">
        <ele>276.7</ele>
      </trkpt>
      <trkpt lat="45.12816" lon="-72.58278">
        <ele>276</ele>
      </trkpt>
      <trkpt lat="45.1278" lon="-72.583255">
        <ele>277.5</ele>
      </trkpt>
      <trkpt lat="45.12744" lon="-72.58373">
        <ele>277.1</ele>
      </trkpt>
      <trkpt lat="45.127035" lon="-72.584335">
        <ele>276.4</ele>
      </trkpt>
      <trkpt lat="45.12663" lon="-72.58494">
        <ele>275.5</ele>
      </trkpt>
      <trkpt lat="45.1263" lon="-72.5856">
        <ele>273.4</ele>
      </trkpt>
      <trkpt lat="45.12613" lon="-72.58627">
        <ele>270.9</ele>
      </trkpt>
      <trkpt lat="45.1259" lon="-72.586905">
        <ele>270.3</ele>
      </trkpt>
      <trkpt lat="45.12567" lon="-72.58754">
        <ele>271.1</ele>
      </trkpt>
      <trkpt lat="45.12549" lon="-72.58794">
        <ele>271.8</ele>
      </trkpt>
      <trkpt lat="45.12495" lon="-72.58868">
        <ele>269.2</ele>
      </trkpt>
      <trkpt lat="45.12441" lon="-72.58942">
        <ele>268.8</ele>
      </trkpt>
      <trkpt lat="45.12421" lon="-72.58976">
        <ele>269.6</ele>
      </trkpt>
      <trkpt lat="45.12415" lon="-72.5899">
        <ele>269.7</ele>
      </trkpt>
      <trkpt lat="45.123825" lon="-72.590435">
        <ele>266.8</ele>
      </trkpt>
      <trkpt lat="45.1235" lon="-72.59097">
        <ele>265.1</ele>
      </trkpt>
      <trkpt lat="45.12302" lon="-72.59169">
        <ele>265.1</ele>
      </trkpt>
      <trkpt lat="45.12272" lon="-72.59218">
        <ele>264</ele>
      </trkpt>
      <trkpt lat="45.12238" lon="-72.59263">
        <ele>263.7</ele>
      </trkpt>
      <trkpt lat="45.121805" lon="-72.59355">
        <ele>263.3</ele>
      </trkpt>
      <trkpt lat="45.12123" lon="-72.59447">
        <ele>259.8</ele>
      </trkpt>
      <trkpt lat="45.12091" lon="-72.59513">
        <ele>257.2</ele>
      </trkpt>
      <trkpt lat="45.1207" lon="-72.59559">
        <ele>254.8</ele>
      </trkpt>
      <trkpt lat="45.12043" lon="-72.5964">
        <ele>249.2</ele>
      </trkpt>
      <trkpt lat="45.120076" lon="-72.597326">
        <ele>245.2</ele>
      </trkpt>
      <trkpt lat="45.119723" lon="-72.598253">
        <ele>240.9</ele>
      </trkpt>
      <trkpt lat="45.11937" lon="-72.59918">
        <ele>237.8</ele>
      </trkpt>
      <trkpt lat="45.11913" lon="-72.59971">
        <ele>236.2</ele>
      </trkpt>
      <trkpt lat="45.11875" lon="-72.60034">
        <ele>235.1</ele>
      </trkpt>
      <trkpt lat="45.11837" lon="-72.60097">
        <ele>233.2</ele>
      </trkpt>
      <trkpt lat="45.11802" lon="-72.60145">
        <ele>232.8</ele>
      </trkpt>
      <trkpt lat="45.11732" lon="-72.60224">
        <ele>232.9</ele>
      </trkpt>
      <trkpt lat="45.11691" lon="-72.60267">
        <ele>233.4</ele>
      </trkpt>
      <trkpt lat="45.1163" lon="-72.60321">
        <ele>231.1</ele>
      </trkpt>
      <trkpt lat="45.11556" lon="-72.603695">
        <ele>226.2</ele>
      </trkpt>
      <trkpt lat="45.11482" lon="-72.60418">
        <ele>224.1</ele>
      </trkpt>
      <trkpt lat="45.11462" lon="-72.60434">
        <ele>221.8</ele>
      </trkpt>
      <trkpt lat="45.11443" lon="-72.60455">
        <ele>219.2</ele>
      </trkpt>
      <trkpt lat="45.11418" lon="-72.60494">
        <ele>214.8</ele>
      </trkpt>
      <trkpt lat="45.11393" lon="-72.60543">
        <ele>213.3</ele>
      </trkpt>
      <trkpt lat="45.11351" lon="-72.60634">
        <ele>214.9</ele>
      </trkpt>
      <trkpt lat="45.11333" lon="-72.60669">
        <ele>215.6</ele>
      </trkpt>
      <trkpt lat="45.11295" lon="-72.60724">
        <ele>216.2</ele>
      </trkpt>
      <trkpt lat="45.11253" lon="-72.60791">
        <ele>213.5</ele>
      </trkpt>
      <trkpt lat="45.1122" lon="-72.60855">
        <ele>205</ele>
      </trkpt>
      <trkpt lat="45.11187" lon="-72.60919">
        <ele>197.7</ele>
      </trkpt>
      <trkpt lat="45.11187" lon="-72.6092">
        <ele>197.7</ele>
      </trkpt>
      <trkpt lat="45.1114" lon="-72.6101">
        <ele>191.1</ele>
      </trkpt>
      <trkpt lat="45.11099" lon="-72.61094">
        <ele>186.9</ele>
      </trkpt>
      <trkpt lat="45.11058" lon="-72.61178">
        <ele>181.7</ele>
      </trkpt>
      <trkpt lat="45.11017" lon="-72.61262">
        <ele>180.6</ele>
      </trkpt>
      <trkpt lat="45.10976" lon="-72.61346">
        <ele>180.3</ele>
      </trkpt>
      <trkpt lat="45.10935" lon="-72.6143">
        <ele>180.6</ele>
      </trkpt>
      <trkpt lat="45.108895" lon="-72.615385">
        <ele>180.2</ele>
      </trkpt>
      <trkpt lat="45.10844" lon="-72.61647">
        <ele>179.8</ele>
      </trkpt>
      <trkpt lat="45.107625" lon="-72.615974">
        <ele>180.7</ele>
      </trkpt>
      <trkpt lat="45.10681" lon="-72.61548">
        <ele>181.8</ele>
      </trkpt>
      <trkpt lat="45.10639" lon="-72.61525">
        <ele>181.5</ele>
      </trkpt>
      <trkpt lat="45.10622" lon="-72.61516">
        <ele>181.1</ele>
      </trkpt>
      <trkpt lat="45.10592" lon="-72.61507">
        <ele>180.1</ele>
      </trkpt>
      <trkpt lat="45.10554" lon="-72.61507">
        <ele>179.6</ele>
      </trkpt>
      <trkpt lat="45.10531" lon="-72.6151">
        <ele>179.3</ele>
      </trkpt>
      <trkpt lat="45.10517" lon="-72.61516">
        <ele>178.9</ele>
      </trkpt>
      <trkpt lat="45.10485" lon="-72.61538">
        <ele>178</ele>
      </trkpt>
      <trkpt lat="45.1047" lon="-72.61556">
        <ele>177.7</ele>
      </trkpt>
      <trkpt lat="45.10435" lon="-72.616055">
        <ele>176.8</ele>
      </trkpt>
      <trkpt lat="45.104" lon="-72.61655">
        <ele>175.5</ele>
      </trkpt>
      <trkpt lat="45.103505" lon="-72.617297">
        <ele>174.3</ele>
      </trkpt>
      <trkpt lat="45.10301" lon="-72.618045">
        <ele>173.1</ele>
      </trkpt>
      <trkpt lat="45.102515" lon="-72.618792">
        <ele>171.5</ele>
      </trkpt>
      <trkpt lat="45.10202" lon="-72.61954">
        <ele>170.5</ele>
      </trkpt>
      <trkpt lat="45.10168" lon="-72.61995">
        <ele>169.4</ele>
      </trkpt>
      <trkpt lat="45.10148" lon="-72.62017">
        <ele>169.3</ele>
      </trkpt>
      <trkpt lat="45.101025" lon="-72.62057">
        <ele>168.6</ele>
      </trkpt>
      <trkpt lat="45.10057" lon="-72.62097">
        <ele>168</ele>
      </trkpt>
      <trkpt lat="45.099917" lon="-72.621505">
        <ele>167.5</ele>
      </trkpt>
      <trkpt lat="45.099265" lon="-72.62204">
        <ele>166.5</ele>
      </trkpt>
      <trkpt lat="45.098612" lon="-72.622575">
        <ele>166.9</ele>
      </trkpt>
      <trkpt lat="45.09796" lon="-72.62311">
        <ele>167.8</ele>
      </trkpt>
      <trkpt lat="45.097335" lon="-72.623545">
        <ele>166.4</ele>
      </trkpt>
      <trkpt lat="45.09671" lon="-72.62398">
        <ele>165</ele>
      </trkpt>
      <trkpt lat="45.095986" lon="-72.62444">
        <ele>163.9</ele>
      </trkpt>
      <trkpt lat="45.095263" lon="-72.6249">
        <ele>163.3</ele>
      </trkpt>
      <trkpt lat="45.09454" lon="-72.62536">
        <ele>162.7</ele>
      </trkpt>
      <trkpt lat="45.09405" lon="-72.62559">
        <ele>162.4</ele>
      </trkpt>
      <trkpt lat="45.09373" lon="-72.62568">
        <ele>162.2</ele>
      </trkpt>
      <trkpt lat="45.09351" lon="-72.62573">
        <ele>162.1</ele>
      </trkpt>
      <trkpt lat="45.0935" lon="-72.62573">
        <ele>162.1</ele>
      </trkpt>
      <trkpt lat="45.092795" lon="-72.625865">
        <ele>162.3</ele>
      </trkpt>
      <trkpt lat="45.09209" lon="-72.626">
        <ele>162.8</ele>
      </trkpt>
      <trkpt lat="45.091405" lon="-72.626155">
        <ele>162.7</ele>
      </trkpt>
      <trkpt lat="45.09072" lon="-72.62631">
        <ele>162.8</ele>
      </trkpt>
      <trkpt lat="45.09065" lon="-72.62666">
        <ele>162</ele>
      </trkpt>
      <trkpt lat="45.09056" lon="-72.62732">
        <ele>161.4</ele>
      </trkpt>
      <trkpt lat="45.09047" lon="-72.62798">
        <ele>162</ele>
      </trkpt>
      <trkpt lat="45.090375" lon="-72.628615">
        <ele>162.3</ele>
      </trkpt>
      <trkpt lat="45.09028" lon="-72.62925">
        <ele>164.1</ele>
      </trkpt>
      <trkpt lat="45.09007" lon="-72.63046">
        <ele>167.2</ele>
      </trkpt>
      <trkpt lat="45.089935" lon="-72.63134">
        <ele>169.3</ele>
      </trkpt>
      <trkpt lat="45.0898" lon="-72.63222">
        <ele>169.5</ele>
      </trkpt>
      <trkpt lat="45.089715" lon="-72.632915">
        <ele>170</ele>
      </trkpt>
      <trkpt lat="45.08963" lon="-72.63361">
        <ele>170.9</ele>
      </trkpt>
      <trkpt lat="45.089555" lon="-72.634345">
        <ele>173.4</ele>
      </trkpt>
      <trkpt lat="45.08948" lon="-72.63508">
        <ele>177.1</ele>
      </trkpt>
      <trkpt lat="45.08941" lon="-72.636175">
        <ele>180.2</ele>
      </trkpt>
      <trkpt lat="45.08934" lon="-72.63727">
        <ele>181.5</ele>
      </trkpt>
      <trkpt lat="45.08934" lon="-72.63728">
        <ele>181.5</ele>
      </trkpt>
      <trkpt lat="45.08933" lon="-72.638125">
        <ele>181.7</ele>
      </trkpt>
      <trkpt lat="45.08932" lon="-72.63897">
        <ele>179.6</ele>
      </trkpt>
      <trkpt lat="45.08927" lon="-72.64023">
        <ele>181.6</ele>
      </trkpt>
      <trkpt lat="45.08927" lon="-72.641502">
        <ele>184.5</ele>
      </trkpt>
      <trkpt lat="45.08927" lon="-72.642774">
        <ele>192.4</ele>
      </trkpt>
      <trkpt lat="45.08927" lon="-72.644047">
        <ele>199.2</ele>
      </trkpt>
      <trkpt lat="45.08927" lon="-72.64532">
        <ele>207.9</ele>
      </trkpt>
      <trkpt lat="45.0893" lon="-72.64568">
        <ele>209.6</ele>
      </trkpt>
      <trkpt lat="45.08942" lon="-72.64635">
        <ele>211</ele>
      </trkpt>
      <trkpt lat="45.089685" lon="-72.647224">
        <ele>207.8</ele>
      </trkpt>
      <trkpt lat="45.08995" lon="-72.6481">
        <ele>199.5</ele>
      </trkpt>
      <trkpt lat="45.09011" lon="-72.64874">
        <ele>199.3</ele>
      </trkpt>
      <trkpt lat="45.09014" lon="-72.64939">
        <ele>202.7</ele>
      </trkpt>
      <trkpt lat="45.09014" lon="-72.65003">
        <ele>204.8</ele>
      </trkpt>
      <trkpt lat="45.090142" lon="-72.651034">
        <ele>200.3</ele>
      </trkpt>
      <trkpt lat="45.090145" lon="-72.652039">
        <ele>191</ele>
      </trkpt>
      <trkpt lat="45.090147" lon="-72.653044">
        <ele>178.1</ele>
      </trkpt>
      <trkpt lat="45.09015" lon="-72.65405">
        <ele>169.4</ele>
      </trkpt>
      <trkpt lat="45.09014" lon="-72.65437">
        <ele>167.3</ele>
      </trkpt>
      <trkpt lat="45.09009" lon="-72.65479">
        <ele>162.7</ele>
      </trkpt>
      <trkpt lat="45.09009" lon="-72.6548">
        <ele>162.7</ele>
      </trkpt>
      <trkpt lat="45.09007" lon="-72.655">
        <ele>159.5</ele>
      </trkpt>
      <trkpt lat="45.08992" lon="-72.655785">
        <ele>154.8</ele>
      </trkpt>
      <trkpt lat="45.08977" lon="-72.65657">
        <ele>158.1</ele>
      </trkpt>
      <trkpt lat="45.08969" lon="-72.65716">
        <ele>160.5</ele>
      </trkpt>
      <trkpt lat="45.08958" lon="-72.6576">
        <ele>161.8</ele>
      </trkpt>
      <trkpt lat="45.0889" lon="-72.657419">
        <ele>161.9</ele>
      </trkpt>
      <trkpt lat="45.08822" lon="-72.65724">
        <ele>158.4</ele>
      </trkpt>
      <trkpt lat="45.0875" lon="-72.657094">
        <ele>155.8</ele>
      </trkpt>
      <trkpt lat="45.08678" lon="-72.656949">
        <ele>156.5</ele>
      </trkpt>
      <trkpt lat="45.08606" lon="-72.656804">
        <ele>163.3</ele>
      </trkpt>
      <trkpt lat="45.08534" lon="-72.65666">
        <ele>166.7</ele>
      </trkpt>
      <trkpt lat="45.08519" lon="-72.65661">
        <ele>166.5</ele>
      </trkpt>
      <trkpt lat="45.08504" lon="-72.65652">
        <ele>166</ele>
      </trkpt>
      <trkpt lat="45.08489" lon="-72.65638">
        <ele>165.6</ele>
      </trkpt>
      <trkpt lat="45.08443" lon="-72.65567">
        <ele>166.7</ele>
      </trkpt>
      <trkpt lat="45.08398" lon="-72.65486">
        <ele>169.3</ele>
      </trkpt>
      <trkpt lat="45.0836" lon="-72.654133">
        <ele>168.5</ele>
      </trkpt>
      <trkpt lat="45.08322" lon="-72.653406">
        <ele>165.5</ele>
      </trkpt>
      <trkpt lat="45.08284" lon="-72.65268">
        <ele>163.6</ele>
      </trkpt>
      <trkpt lat="45.08244" lon="-72.651934">
        <ele>164.9</ele>
      </trkpt>
      <trkpt lat="45.08204" lon="-72.65119">
        <ele>165</ele>
      </trkpt>
      <trkpt lat="45.08172" lon="-72.650519">
        <ele>165.7</ele>
      </trkpt>
      <trkpt lat="45.0814" lon="-72.64985">
        <ele>164.5</ele>
      </trkpt>
      <trkpt lat="45.08129" lon="-72.64967">
        <ele>164.2</ele>
      </trkpt>
      <trkpt lat="45.08119" lon="-72.64954">
        <ele>163.8</ele>
      </trkpt>
      <trkpt lat="45.081" lon="-72.64936">
        <ele>163.5</ele>
      </trkpt>
      <trkpt lat="45.08037" lon="-72.64881">
        <ele>160.5</ele>
      </trkpt>
      <trkpt lat="45.07972" lon="-72.64829">
        <ele>156</ele>
      </trkpt>
      <trkpt lat="45.079165" lon="-72.647844">
        <ele>156.2</ele>
      </trkpt>
      <trkpt lat="45.07861" lon="-72.6474">
        <ele>158.7</ele>
      </trkpt>
      <trkpt lat="45.07803" lon="-72.646969">
        <ele>156.9</ele>
      </trkpt>
      <trkpt lat="45.07745" lon="-72.64654">
        <ele>152.7</ele>
      </trkpt>
      <trkpt lat="45.07692" lon="-72.64622">
        <ele>152.5</ele>
      </trkpt>
      <trkpt lat="45.07651" lon="-72.646">
        <ele>155.5</ele>
      </trkpt>
      <trkpt lat="45.07619" lon="-72.64587">
        <ele>156.6</ele>
      </trkpt>
      <trkpt lat="45.07617" lon="-72.646">
        <ele>156.8</ele>
      </trkpt>
      <trkpt lat="45.07626" lon="-72.64658">
        <ele>157.1</ele>
      </trkpt>
      <trkpt lat="45.07625" lon="-72.6468">
        <ele>157.6</ele>
      </trkpt>
      <trkpt lat="45.07622" lon="-72.64694">
        <ele>157.8</ele>
      </trkpt>
      <trkpt lat="45.07616" lon="-72.64703">
        <ele>158.2</ele>
      </trkpt>
      <trkpt lat="45.07601" lon="-72.6472">
        <ele>158.8</ele>
      </trkpt>
      <trkpt lat="45.07531" lon="-72.647765">
        <ele>164.5</ele>
      </trkpt>
      <trkpt lat="45.07461" lon="-72.64833">
        <ele>173.4</ele>
      </trkpt>
      <trkpt lat="45.07436" lon="-72.64847">
        <ele>176.4</ele>
      </trkpt>
      <trkpt lat="45.07382" lon="-72.64873">
        <ele>180.4</ele>
      </trkpt>
      <trkpt lat="45.07305" lon="-72.64914">
        <ele>184.1</ele>
      </trkpt>
      <trkpt lat="45.07255" lon="-72.649425">
        <ele>186.6</ele>
      </trkpt>
      <trkpt lat="45.07205" lon="-72.64971">
        <ele>190.4</ele>
      </trkpt>
      <trkpt lat="45.07193" lon="-72.6498">
        <ele>191.2</ele>
      </trkpt>
      <trkpt lat="45.07188" lon="-72.64986">
        <ele>191.6</ele>
      </trkpt>
      <trkpt lat="45.0717" lon="-72.65021">
        <ele>192.6</ele>
      </trkpt>
      <trkpt lat="45.07145" lon="-72.65088">
        <ele>193</ele>
      </trkpt>
      <trkpt lat="45.0713" lon="-72.65151">
        <ele>191.1</ele>
      </trkpt>
      <trkpt lat="45.07128" lon="-72.65187">
        <ele>190.2</ele>
      </trkpt>
      <trkpt lat="45.07128" lon="-72.65188">
        <ele>190.2</ele>
      </trkpt>
      <trkpt lat="45.07124" lon="-72.652925">
        <ele>190.5</ele>
      </trkpt>
      <trkpt lat="45.0712" lon="-72.65397">
        <ele>191.2</ele>
      </trkpt>
      <trkpt lat="45.071173" lon="-72.654823">
        <ele>195.8</ele>
      </trkpt>
      <trkpt lat="45.071146" lon="-72.655676">
        <ele>201.6</ele>
      </trkpt>
      <trkpt lat="45.07112" lon="-72.65653">
        <ele>203.9</ele>
      </trkpt>
      <trkpt lat="45.07113" lon="-72.657239">
        <ele>206.4</ele>
      </trkpt>
      <trkpt lat="45.07114" lon="-72.65795">
        <ele>209.8</ele>
      </trkpt>
      <trkpt lat="45.07122" lon="-72.65868">
        <ele>210</ele>
      </trkpt>
      <trkpt lat="45.071275" lon="-72.659614">
        <ele>212.4</ele>
      </trkpt>
      <trkpt lat="45.07133" lon="-72.66055">
        <ele>214.6</ele>
      </trkpt>
      <trkpt lat="45.0714" lon="-72.66108">
        <ele>216.2</ele>
      </trkpt>
      <trkpt lat="45.07145" lon="-72.66131">
        <ele>216.6</ele>
      </trkpt>
      <trkpt lat="45.07156" lon="-72.66167">
        <ele>216.9</ele>
      </trkpt>
      <trkpt lat="45.07184" lon="-72.662294">
        <ele>219.4</ele>
      </trkpt>
      <trkpt lat="45.07212" lon="-72.66292">
        <ele>224.8</ele>
      </trkpt>
      <trkpt lat="45.07262" lon="-72.663929">
        <ele>230.4</ele>
      </trkpt>
      <trkpt lat="45.07312" lon="-72.66494">
        <ele>236.6</ele>
      </trkpt>
      <trkpt lat="45.07321" lon="-72.66516">
        <ele>237.5</ele>
      </trkpt>
      <trkpt lat="45.0733" lon="-72.66547">
        <ele>238.6</ele>
      </trkpt>
      <trkpt lat="45.07351" lon="-72.66668">
        <ele>242.4</ele>
      </trkpt>
      <trkpt lat="45.07353" lon="-72.66691">
        <ele>244</ele>
      </trkpt>
      <trkpt lat="45.07355" lon="-72.668159">
        <ele>247.1</ele>
      </trkpt>
      <trkpt lat="45.07357" lon="-72.66941">
        <ele>248.3</ele>
      </trkpt>
      <trkpt lat="45.073573" lon="-72.670273">
        <ele>249</ele>
      </trkpt>
      <trkpt lat="45.073576" lon="-72.671136">
        <ele>250.3</ele>
      </trkpt>
      <trkpt lat="45.07358" lon="-72.672">
        <ele>251.9</ele>
      </trkpt>
      <trkpt lat="45.073545" lon="-72.67297">
        <ele>251.8</ele>
      </trkpt>
      <trkpt lat="45.07351" lon="-72.67394">
        <ele>251.9</ele>
      </trkpt>
      <trkpt lat="45.0735" lon="-72.67519">
        <ele>249.4</ele>
      </trkpt>
      <trkpt lat="45.0737" lon="-72.676399">
        <ele>241.6</ele>
      </trkpt>
      <trkpt lat="45.0739" lon="-72.67761">
        <ele>240.8</ele>
      </trkpt>
      <trkpt lat="45.07405" lon="-72.678679">
        <ele>242.2</ele>
      </trkpt>
      <trkpt lat="45.0742" lon="-72.67975">
        <ele>244.2</ele>
      </trkpt>
      <trkpt lat="45.074357" lon="-72.680792">
        <ele>248.1</ele>
      </trkpt>
      <trkpt lat="45.074515" lon="-72.681834">
        <ele>253.8</ele>
      </trkpt>
      <trkpt lat="45.074672" lon="-72.682877">
        <ele>263.7</ele>
      </trkpt>
      <trkpt lat="45.07483" lon="-72.68392">
        <ele>266.3</ele>
      </trkpt>
      <trkpt lat="45.074935" lon="-72.684887">
        <ele>261.5</ele>
      </trkpt>
      <trkpt lat="45.07504" lon="-72.685854">
        <ele>258.7</ele>
      </trkpt>
      <trkpt lat="45.075145" lon="-72.686822">
        <ele>256.1</ele>
      </trkpt>
      <trkpt lat="45.07525" lon="-72.68779">
        <ele>255</ele>
      </trkpt>
      <trkpt lat="45.0754" lon="-72.68898">
        <ele>253.1</ele>
      </trkpt>
      <trkpt lat="45.075504" lon="-72.689991">
        <ele>253.1</ele>
      </trkpt>
      <trkpt lat="45.075608" lon="-72.691003">
        <ele>252.1</ele>
      </trkpt>
      <trkpt lat="45.075712" lon="-72.692015">
        <ele>250.9</ele>
      </trkpt>
      <trkpt lat="45.075816" lon="-72.693027">
        <ele>246.6</ele>
      </trkpt>
      <trkpt lat="45.07592" lon="-72.69404">
        <ele>244.4</ele>
      </trkpt>
      <trkpt lat="45.07593" lon="-72.69449">
        <ele>244.1</ele>
      </trkpt>
      <trkpt lat="45.075078" lon="-72.694498">
        <ele>240</ele>
      </trkpt>
      <trkpt lat="45.074227" lon="-72.694507">
        <ele>239.9</ele>
      </trkpt>
      <trkpt lat="45.073376" lon="-72.694516">
        <ele>239.2</ele>
      </trkpt>
      <trkpt lat="45.072525" lon="-72.694525">
        <ele>238.1</ele>
      </trkpt>
      <trkpt lat="45.071673" lon="-72.694533">
        <ele>238.7</ele>
      </trkpt>
      <trkpt lat="45.070822" lon="-72.694542">
        <ele>239.2</ele>
      </trkpt>
      <trkpt lat="45.069971" lon="-72.694551">
        <ele>240.6</ele>
      </trkpt>
      <trkpt lat="45.06912" lon="-72.69456">
        <ele>243.1</ele>
      </trkpt>
      <trkpt lat="45.068239" lon="-72.694585">
        <ele>241.2</ele>
      </trkpt>
      <trkpt lat="45.06736" lon="-72.69461">
        <ele>233.8</ele>
      </trkpt>
      <trkpt lat="45.066624" lon="-72.694569">
        <ele>230.3</ele>
      </trkpt>
      <trkpt lat="45.06589" lon="-72.69453">
        <ele>224.7</ele>
      </trkpt>
      <trkpt lat="45.065033" lon="-72.694533">
        <ele>222</ele>
      </trkpt>
      <trkpt lat="45.064176" lon="-72.694536">
        <ele>222.2</ele>
      </trkpt>
      <trkpt lat="45.06332" lon="-72.69454">
        <ele>221.4</ele>
      </trkpt>
      <trkpt lat="45.06331" lon="-72.69454">
        <ele>221.3</ele>
      </trkpt>
      <trkpt lat="45.062506" lon="-72.694556">
        <ele>218.2</ele>
      </trkpt>
      <trkpt lat="45.061703" lon="-72.694573">
        <ele>216.8</ele>
      </trkpt>
      <trkpt lat="45.0609" lon="-72.69459">
        <ele>218.2</ele>
      </trkpt>
      <trkpt lat="45.06061" lon="-72.69499">
        <ele>215.5</ele>
      </trkpt>
      <trkpt lat="45.06042" lon="-72.69546">
        <ele>214.3</ele>
      </trkpt>
      <trkpt lat="45.06035" lon="-72.69575">
        <ele>214.3</ele>
      </trkpt>
      <trkpt lat="45.06034" lon="-72.6962">
        <ele>214.9</ele>
      </trkpt>
      <trkpt lat="45.06035" lon="-72.69677">
        <ele>216.2</ele>
      </trkpt>
      <trkpt lat="45.0604" lon="-72.69714">
        <ele>217.5</ele>
      </trkpt>
      <trkpt lat="45.06053" lon="-72.697824">
        <ele>222.6</ele>
      </trkpt>
      <trkpt lat="45.06066" lon="-72.69851">
        <ele>228.5</ele>
      </trkpt>
      <trkpt lat="45.06071" lon="-72.69902">
        <ele>228.5</ele>
      </trkpt>
      <trkpt lat="45.0607" lon="-72.6995">
        <ele>235.2</ele>
      </trkpt>
      <trkpt lat="45.06063" lon="-72.70014">
        <ele>238.2</ele>
      </trkpt>
      <trkpt lat="45.06049" lon="-72.70098">
        <ele>241.3</ele>
      </trkpt>
      <trkpt lat="45.06037" lon="-72.70136">
        <ele>241.8</ele>
      </trkpt>
      <trkpt lat="45.06023" lon="-72.70102">
        <ele>242.6</ele>
      </trkpt>
      <trkpt lat="45.05993" lon="-72.70053">
        <ele>243.9</ele>
      </trkpt>
      <trkpt lat="45.05975" lon="-72.70031">
        <ele>244.5</ele>
      </trkpt>
      <trkpt lat="45.05929" lon="-72.69995">
        <ele>245.1</ele>
      </trkpt>
      <trkpt lat="45.05857" lon="-72.69928">
        <ele>242.6</ele>
      </trkpt>
      <trkpt lat="45.057955" lon="-72.698899">
        <ele>241.7</ele>
      </trkpt>
      <trkpt lat="45.05734" lon="-72.69852">
        <ele>242.7</ele>
      </trkpt>
      <trkpt lat="45.05716" lon="-72.69838">
        <ele>243.9</ele>
      </trkpt>
      <trkpt lat="45.05699" lon="-72.69816">
        <ele>244.7</ele>
      </trkpt>
      <trkpt lat="45.05686" lon="-72.69793">
        <ele>245.4</ele>
      </trkpt>
      <trkpt lat="45.05656" lon="-72.69727">
        <ele>245.2</ele>
      </trkpt>
      <trkpt lat="45.0564" lon="-72.69667">
        <ele>244.1</ele>
      </trkpt>
      <trkpt lat="45.05625" lon="-72.69574">
        <ele>243.4</ele>
      </trkpt>
      <trkpt lat="45.05613" lon="-72.695024">
        <ele>242.2</ele>
      </trkpt>
      <trkpt lat="45.05601" lon="-72.69431">
        <ele>240.2</ele>
      </trkpt>
      <trkpt lat="45.05591" lon="-72.69412">
        <ele>239.8</ele>
      </trkpt>
      <trkpt lat="45.05575" lon="-72.6939">
        <ele>240.1</ele>
      </trkpt>
      <trkpt lat="45.05516" lon="-72.693346">
        <ele>242.8</ele>
      </trkpt>
      <trkpt lat="45.05457" lon="-72.692793">
        <ele>244.6</ele>
      </trkpt>
      <trkpt lat="45.05398" lon="-72.69224">
        <ele>245.3</ele>
      </trkpt>
      <trkpt lat="45.053373" lon="-72.691706">
        <ele>245.2</ele>
      </trkpt>
      <trkpt lat="45.052766" lon="-72.691173">
        <ele>245</ele>
      </trkpt>
      <trkpt lat="45.05216" lon="-72.69064">
        <ele>245.4</ele>
      </trkpt>
      <trkpt lat="45.0516" lon="-72.69009">
        <ele>246.2</ele>
      </trkpt>
      <trkpt lat="45.05139" lon="-72.68978">
        <ele>246.3</ele>
      </trkpt>
      <trkpt lat="45.05134" lon="-72.68966">
        <ele>246.3</ele>
      </trkpt>
      <trkpt lat="45.05125" lon="-72.68933">
        <ele>246</ele>
      </trkpt>
      <trkpt lat="45.05119" lon="-72.6889">
        <ele>245.6</ele>
      </trkpt>
      <trkpt lat="45.051116" lon="-72.687989">
        <ele>243.7</ele>
      </trkpt>
      <trkpt lat="45.051043" lon="-72.687079">
        <ele>242.5</ele>
      </trkpt>
      <trkpt lat="45.05097" lon="-72.68617">
        <ele>240.4</ele>
      </trkpt>
      <trkpt lat="45.05087" lon="-72.68549">
        <ele>238</ele>
      </trkpt>
      <trkpt lat="45.050646" lon="-72.684553">
        <ele>234.1</ele>
      </trkpt>
      <trkpt lat="45.050423" lon="-72.683616">
        <ele>230.4</ele>
      </trkpt>
      <trkpt lat="45.0502" lon="-72.68268">
        <ele>228.1</ele>
      </trkpt>
      <trkpt lat="45.049895" lon="-72.681629">
        <ele>225.1</ele>
      </trkpt>
      <trkpt lat="45.04959" lon="-72.68058">
        <ele>219.3</ele>
      </trkpt>
      <trkpt lat="45.04934" lon="-72.679769">
        <ele>213.9</ele>
      </trkpt>
      <trkpt lat="45.04909" lon="-72.67896">
        <ele>210.8</ele>
      </trkpt>
      <trkpt lat="45.0488" lon="-72.67829">
        <ele>209.5</ele>
      </trkpt>
      <trkpt lat="45.04869" lon="-72.67811">
        <ele>209.6</ele>
      </trkpt>
      <trkpt lat="45.04862" lon="-72.67805">
        <ele>209.6</ele>
      </trkpt>
      <trkpt lat="45.04848" lon="-72.67798">
        <ele>209.9</ele>
      </trkpt>
      <trkpt lat="45.04781" lon="-72.67782">
        <ele>210.9</ele>
      </trkpt>
      <trkpt lat="45.0476" lon="-72.6777">
        <ele>211.2</ele>
      </trkpt>
      <trkpt lat="45.04744" lon="-72.67761">
        <ele>210.9</ele>
      </trkpt>
      <trkpt lat="45.04719" lon="-72.67733">
        <ele>210.1</ele>
      </trkpt>
      <trkpt lat="45.046718" lon="-72.676489">
        <ele>206.7</ele>
      </trkpt>
      <trkpt lat="45.046246" lon="-72.675649">
        <ele>203.9</ele>
      </trkpt>
      <trkpt lat="45.045774" lon="-72.674809">
        <ele>196.7</ele>
      </trkpt>
      <trkpt lat="45.045302" lon="-72.673969">
        <ele>190.3</ele>
      </trkpt>
      <trkpt lat="45.04483" lon="-72.67313">
        <ele>186.7</ele>
      </trkpt>
      <trkpt lat="45.044344" lon="-72.672287">
        <ele>184</ele>
      </trkpt>
      <trkpt lat="45.043858" lon="-72.671445">
        <ele>180</ele>
      </trkpt>
      <trkpt lat="45.043372" lon="-72.670603">
        <ele>177.8</ele>
      </trkpt>
      <trkpt lat="45.042886" lon="-72.669761">
        <ele>175.3</ele>
      </trkpt>
      <trkpt lat="45.0424" lon="-72.66892">
        <ele>172.8</ele>
      </trkpt>
      <trkpt lat="45.04217" lon="-72.66856">
        <ele>170.9</ele>
      </trkpt>
      <trkpt lat="45.04193" lon="-72.66829">
        <ele>170</ele>
      </trkpt>
      <trkpt lat="45.0415" lon="-72.66789">
        <ele>166.9</ele>
      </trkpt>
      <trkpt lat="45.04071" lon="-72.66745">
        <ele>165.6</ele>
      </trkpt>
      <trkpt lat="45.03992" lon="-72.667249">
        <ele>162.7</ele>
      </trkpt>
      <trkpt lat="45.03913" lon="-72.66705">
        <ele>161.4</ele>
      </trkpt>
      <trkpt lat="45.03869" lon="-72.667">
        <ele>161.1</ele>
      </trkpt>
      <trkpt lat="45.03837" lon="-72.666059">
        <ele>156.1</ele>
      </trkpt>
      <trkpt lat="45.03805" lon="-72.66512">
        <ele>157</ele>
      </trkpt>
      <trkpt lat="45.037643" lon="-72.664096">
        <ele>159.4</ele>
      </trkpt>
      <trkpt lat="45.037236" lon="-72.663073">
        <ele>158.1</ele>
      </trkpt>
      <trkpt lat="45.03683" lon="-72.66205">
        <ele>155.1</ele>
      </trkpt>
      <trkpt lat="45.03641" lon="-72.66108">
        <ele>154.2</ele>
      </trkpt>
      <trkpt lat="45.03594" lon="-72.66144">
        <ele>153.1</ele>
      </trkpt>
      <trkpt lat="45.03564" lon="-72.66163">
        <ele>152.3</ele>
      </trkpt>
      <trkpt lat="45.035095" lon="-72.66193">
        <ele>149.8</ele>
      </trkpt>
      <trkpt lat="45.03455" lon="-72.66223">
        <ele>147</ele>
      </trkpt>
      <trkpt lat="45.03454" lon="-72.66223">
        <ele>147</ele>
      </trkpt>
      <trkpt lat="45.03371" lon="-72.662685">
        <ele>142.5</ele>
      </trkpt>
      <trkpt lat="45.03288" lon="-72.66314">
        <ele>140.2</ele>
      </trkpt>
      <trkpt lat="45.03281" lon="-72.6635">
        <ele>139.5</ele>
      </trkpt>
      <trkpt lat="45.03265" lon="-72.6639">
        <ele>139.2</ele>
      </trkpt>
      <trkpt lat="45.03242" lon="-72.66426">
        <ele>138.9</ele>
      </trkpt>
      <trkpt lat="45.03223" lon="-72.6645">
        <ele>138.7</ele>
      </trkpt>
      <trkpt lat="45.03177" lon="-72.66494">
        <ele>137.9</ele>
      </trkpt>
      <trkpt lat="45.031345" lon="-72.665275">
        <ele>137.8</ele>
      </trkpt>
      <trkpt lat="45.03092" lon="-72.66561">
        <ele>137.8</ele>
      </trkpt>
      <trkpt lat="45.03079" lon="-72.66574">
        <ele>137.9</ele>
      </trkpt>
      <trkpt lat="45.03023" lon="-72.6661">
        <ele>137.6</ele>
      </trkpt>
      <trkpt lat="45.03001" lon="-72.66629">
        <ele>137.3</ele>
      </trkpt>
      <trkpt lat="45.02947" lon="-72.66704">
        <ele>138</ele>
      </trkpt>
      <trkpt lat="45.02934" lon="-72.66713">
        <ele>138.1</ele>
      </trkpt>
      <trkpt lat="45.02914" lon="-72.66722">
        <ele>137.6</ele>
      </trkpt>
      <trkpt lat="45.02863" lon="-72.66754">
        <ele>137.8</ele>
      </trkpt>
      <trkpt lat="45.02811" lon="-72.66794">
        <ele>140.3</ele>
      </trkpt>
      <trkpt lat="45.02759" lon="-72.66834">
        <ele>142.2</ele>
      </trkpt>
      <trkpt lat="45.02759" lon="-72.66835">
        <ele>142.3</ele>
      </trkpt>
      <trkpt lat="45.02741" lon="-72.66848">
        <ele>143.4</ele>
      </trkpt>
      <trkpt lat="45.02686" lon="-72.6691">
        <ele>143.6</ele>
      </trkpt>
      <trkpt lat="45.02631" lon="-72.66972">
        <ele>139.6</ele>
      </trkpt>
      <trkpt lat="45.02573" lon="-72.67026">
        <ele>136.9</ele>
      </trkpt>
      <trkpt lat="45.02548" lon="-72.67044">
        <ele>137.6</ele>
      </trkpt>
      <trkpt lat="45.02534" lon="-72.67049">
        <ele>138.1</ele>
      </trkpt>
      <trkpt lat="45.02512" lon="-72.67053">
        <ele>140.8</ele>
      </trkpt>
      <trkpt lat="45.02431" lon="-72.67022">
        <ele>145.7</ele>
      </trkpt>
      <trkpt lat="45.02405" lon="-72.67022">
        <ele>146.8</ele>
      </trkpt>
      <trkpt lat="45.02397" lon="-72.67022">
        <ele>147.2</ele>
      </trkpt>
      <trkpt lat="45.0239" lon="-72.67026">
        <ele>147.5</ele>
      </trkpt>
      <trkpt lat="45.02375" lon="-72.6704">
        <ele>148.1</ele>
      </trkpt>
      <trkpt lat="45.023365" lon="-72.67089">
        <ele>149</ele>
      </trkpt>
      <trkpt lat="45.02298" lon="-72.67138">
        <ele>150.1</ele>
      </trkpt>
      <trkpt lat="45.022585" lon="-72.67192">
        <ele>152.8</ele>
      </trkpt>
      <trkpt lat="45.02219" lon="-72.67246">
        <ele>154</ele>
      </trkpt>
      <trkpt lat="45.021805" lon="-72.67295">
        <ele>153.4</ele>
      </trkpt>
      <trkpt lat="45.02142" lon="-72.67344">
        <ele>150.6</ele>
      </trkpt>
      <trkpt lat="45.021065" lon="-72.673915">
        <ele>145.8</ele>
      </trkpt>
      <trkpt lat="45.02071" lon="-72.67439">
        <ele>143.4</ele>
      </trkpt>
      <trkpt lat="45.02024" lon="-72.67501">
        <ele>143.9</ele>
      </trkpt>
      <trkpt lat="45.01977" lon="-72.67563">
        <ele>148.3</ele>
      </trkpt>
      <trkpt lat="45.01961" lon="-72.67591">
        <ele>149</ele>
      </trkpt>
      <trkpt lat="45.019315" lon="-72.676555">
        <ele>148.8</ele>
      </trkpt>
      <trkpt lat="45.01902" lon="-72.6772">
        <ele>150.8</ele>
      </trkpt>
      <trkpt lat="45.01887" lon="-72.67779">
        <ele>155.2</ele>
      </trkpt>
      <trkpt lat="45.018773" lon="-72.67866">
        <ele>160.4</ele>
      </trkpt>
      <trkpt lat="45.018676" lon="-72.67953">
        <ele>163.4</ele>
      </trkpt>
      <trkpt lat="45.01858" lon="-72.6804">
        <ele>166.9</ele>
      </trkpt>
      <trkpt lat="45.018485" lon="-72.68158">
        <ele>175.2</ele>
      </trkpt>
      <trkpt lat="45.01839" lon="-72.68276">
        <ele>178.2</ele>
      </trkpt>
      <trkpt lat="45.01832" lon="-72.683515">
        <ele>178.6</ele>
      </trkpt>
      <trkpt lat="45.01825" lon="-72.68427">
        <ele>180.2</ele>
      </trkpt>
      <trkpt lat="45.01822" lon="-72.6845">
        <ele>180.2</ele>
      </trkpt>
      <trkpt lat="45.01817" lon="-72.6847">
        <ele>180.5</ele>
      </trkpt>
      <trkpt lat="45.01817" lon="-72.68471">
        <ele>180.5</ele>
      </trkpt>
      <trkpt lat="45.01783" lon="-72.685642">
        <ele>181.6</ele>
      </trkpt>
      <trkpt lat="45.01749" lon="-72.686575">
        <ele>181.9</ele>
      </trkpt>
      <trkpt lat="45.01715" lon="-72.687507">
        <ele>181.8</ele>
      </trkpt>
      <trkpt lat="45.01681" lon="-72.68844">
        <ele>180.7</ele>
      </trkpt>
      <trkpt lat="45.01644" lon="-72.68941">
        <ele>181.8</ele>
      </trkpt>
      <trkpt lat="45.01607" lon="-72.69038">
        <ele>184.7</ele>
      </trkpt>
      <trkpt lat="45.0157" lon="-72.69135">
        <ele>191.3</ele>
      </trkpt>
      <trkpt lat="45.01559" lon="-72.69168">
        <ele>194.2</ele>
      </trkpt>
      <trkpt lat="45.01557" lon="-72.69198">
        <ele>196.6</ele>
      </trkpt>
      <trkpt lat="45.01559" lon="-72.693143">
        <ele>209.8</ele>
      </trkpt>
      <trkpt lat="45.01561" lon="-72.694306">
        <ele>219.3</ele>
      </trkpt>
      <trkpt lat="45.01563" lon="-72.69547">
        <ele>216.7</ele>
      </trkpt>
      <trkpt lat="45.015636" lon="-72.696533">
        <ele>206</ele>
      </trkpt>
      <trkpt lat="45.015643" lon="-72.697596">
        <ele>198.6</ele>
      </trkpt>
      <trkpt lat="45.01565" lon="-72.69866">
        <ele>203.7</ele>
      </trkpt>
      <trkpt lat="45.01574" lon="-72.69902">
        <ele>209.9</ele>
      </trkpt>
      <trkpt lat="45.01613" lon="-72.69985">
        <ele>219.5</ele>
      </trkpt>
      <trkpt lat="45.01616" lon="-72.7">
        <ele>221.5</ele>
      </trkpt>
      <trkpt lat="45.0161" lon="-72.70038">
        <ele>224.9</ele>
      </trkpt>
      <trkpt lat="45.01614" lon="-72.7005">
        <ele>225.6</ele>
      </trkpt>
      <trkpt lat="45.01646" lon="-72.70084">
        <ele>227.7</ele>
      </trkpt>
      <trkpt lat="45.01675" lon="-72.70125">
        <ele>231.1</ele>
      </trkpt>
      <trkpt lat="45.01696" lon="-72.7017">
        <ele>233.3</ele>
      </trkpt>
      <trkpt lat="45.01716" lon="-72.70223">
        <ele>236.5</ele>
      </trkpt>
      <trkpt lat="45.0173" lon="-72.703034">
        <ele>239.7</ele>
      </trkpt>
      <trkpt lat="45.01744" lon="-72.70384">
        <ele>242.5</ele>
      </trkpt>
      <trkpt lat="45.01765" lon="-72.70465">
        <ele>244.9</ele>
      </trkpt>
      <trkpt lat="45.017946" lon="-72.705587">
        <ele>246.2</ele>
      </trkpt>
      <trkpt lat="45.018242" lon="-72.706525">
        <ele>247.4</ele>
      </trkpt>
      <trkpt lat="45.018538" lon="-72.707463">
        <ele>248.9</ele>
      </trkpt>
      <trkpt lat="45.018834" lon="-72.708401">
        <ele>249.9</ele>
      </trkpt>
      <trkpt lat="45.01913" lon="-72.70934">
        <ele>250.5</ele>
      </trkpt>
      <trkpt lat="45.01936" lon="-72.7102">
        <ele>250.9</ele>
      </trkpt>
      <trkpt lat="45.01946" lon="-72.7106">
        <ele>251.3</ele>
      </trkpt>
      <trkpt lat="45.01961" lon="-72.71158">
        <ele>252</ele>
      </trkpt>
      <trkpt lat="45.01974" lon="-72.71265">
        <ele>252.9</ele>
      </trkpt>
      <trkpt lat="45.02056" lon="-72.71262">
        <ele>255.5</ele>
      </trkpt>
      <trkpt lat="45.02126" lon="-72.71262">
        <ele>259.5</ele>
      </trkpt>
      <trkpt lat="45.02196" lon="-72.712649">
        <ele>262.4</ele>
      </trkpt>
      <trkpt lat="45.02266" lon="-72.712679">
        <ele>263.8</ele>
      </trkpt>
      <trkpt lat="45.02336" lon="-72.71271">
        <ele>267.6</ele>
      </trkpt>
      <trkpt lat="45.024215" lon="-72.712774">
        <ele>269.9</ele>
      </trkpt>
      <trkpt lat="45.02507" lon="-72.71284">
        <ele>273</ele>
      </trkpt>
      <trkpt lat="45.02591" lon="-72.71293">
        <ele>273.7</ele>
      </trkpt>
      <trkpt lat="45.026504" lon="-72.71293">
        <ele>272.8</ele>
      </trkpt>
      <trkpt lat="45.0271" lon="-72.71293">
        <ele>272.3</ele>
      </trkpt>
      <trkpt lat="45.027755" lon="-72.712865">
        <ele>272.1</ele>
      </trkpt>
      <trkpt lat="45.02841" lon="-72.7128">
        <ele>272.3</ele>
      </trkpt>
      <trkpt lat="45.02917" lon="-72.71266">
        <ele>272.4</ele>
      </trkpt>
      <trkpt lat="45.030029" lon="-72.71255">
        <ele>274.5</ele>
      </trkpt>
      <trkpt lat="45.03089" lon="-72.71244">
        <ele>274.3</ele>
      </trkpt>
      <trkpt lat="45.03139" lon="-72.71243">
        <ele>273.1</ele>
      </trkpt>
      <trkpt lat="45.03156" lon="-72.71244">
        <ele>272.9</ele>
      </trkpt>
      <trkpt lat="45.03189" lon="-72.71253">
        <ele>272.8</ele>
      </trkpt>
      <trkpt lat="45.03246" lon="-72.71281">
        <ele>272.2</ele>
      </trkpt>
      <trkpt lat="45.03278" lon="-72.71294">
        <ele>271.5</ele>
      </trkpt>
      <trkpt lat="45.03304" lon="-72.71302">
        <ele>271.6</ele>
      </trkpt>
      <trkpt lat="45.03371" lon="-72.71307">
        <ele>273.6</ele>
      </trkpt>
      <trkpt lat="45.034595" lon="-72.713087">
        <ele>279.1</ele>
      </trkpt>
      <trkpt lat="45.03548" lon="-72.713104">
        <ele>283.4</ele>
      </trkpt>
      <trkpt lat="45.036365" lon="-72.713122">
        <ele>286.1</ele>
      </trkpt>
      <trkpt lat="45.03725" lon="-72.71314">
        <ele>286.6</ele>
      </trkpt>
      <trkpt lat="45.03791" lon="-72.713149">
        <ele>284.8</ele>
      </trkpt>
      <trkpt lat="45.03857" lon="-72.71316">
        <ele>284.2</ele>
      </trkpt>
      <trkpt lat="45.039256" lon="-72.713159">
        <ele>284.3</ele>
      </trkpt>
      <trkpt lat="45.039943" lon="-72.713159">
        <ele>283.9</ele>
      </trkpt>
      <trkpt lat="45.04063" lon="-72.71316">
        <ele>283.4</ele>
      </trkpt>
      <trkpt lat="45.041169" lon="-72.713179">
        <ele>281.7</ele>
      </trkpt>
      <trkpt lat="45.04171" lon="-72.7132">
        <ele>279</ele>
      </trkpt>
      <trkpt lat="45.042195" lon="-72.7132">
        <ele>274.7</ele>
      </trkpt>
      <trkpt lat="45.04268" lon="-72.7132">
        <ele>273.1</ele>
      </trkpt>
      <trkpt lat="45.04352" lon="-72.71318">
        <ele>268.3</ele>
      </trkpt>
      <trkpt lat="45.04436" lon="-72.71316">
        <ele>272.2</ele>
      </trkpt>
      <trkpt lat="45.04485" lon="-72.7131">
        <ele>277.6</ele>
      </trkpt>
      <trkpt lat="45.045624" lon="-72.71306">
        <ele>284.9</ele>
      </trkpt>
      <trkpt lat="45.0464" lon="-72.71302">
        <ele>292.5</ele>
      </trkpt>
      <trkpt lat="45.046894" lon="-72.71302">
        <ele>296</ele>
      </trkpt>
      <trkpt lat="45.04739" lon="-72.71302">
        <ele>299.9</ele>
      </trkpt>
      <trkpt lat="45.048286" lon="-72.713003">
        <ele>302.9</ele>
      </trkpt>
      <trkpt lat="45.049183" lon="-72.712986">
        <ele>304.7</ele>
      </trkpt>
      <trkpt lat="45.05008" lon="-72.71297">
        <ele>307.4</ele>
      </trkpt>
      <trkpt lat="45.05092" lon="-72.71293">
        <ele>312.5</ele>
      </trkpt>
      <trkpt lat="45.05176" lon="-72.71289">
        <ele>315.5</ele>
      </trkpt>
      <trkpt lat="45.05257" lon="-72.71282">
        <ele>314.6</ele>
      </trkpt>
      <trkpt lat="45.05338" lon="-72.71275">
        <ele>313.6</ele>
      </trkpt>
      <trkpt lat="45.05419" lon="-72.71271">
        <ele>312.6</ele>
      </trkpt>
      <trkpt lat="45.05477" lon="-72.71262">
        <ele>311.6</ele>
      </trkpt>
      <trkpt lat="45.05512" lon="-72.71262">
        <ele>309.1</ele>
      </trkpt>
      <trkpt lat="45.05569" lon="-72.71271">
        <ele>304.7</ele>
      </trkpt>
      <trkpt lat="45.05617" lon="-72.71275">
        <ele>302.4</ele>
      </trkpt>
      <trkpt lat="45.05689" lon="-72.71271">
        <ele>298.1</ele>
      </trkpt>
      <trkpt lat="45.057764" lon="-72.712722">
        <ele>289.4</ele>
      </trkpt>
      <trkpt lat="45.058639" lon="-72.712734">
        <ele>282.1</ele>
      </trkpt>
      <trkpt lat="45.059514" lon="-72.712747">
        <ele>273.9</ele>
      </trkpt>
      <trkpt lat="45.06039" lon="-72.71276">
        <ele>270.8</ele>
      </trkpt>
      <trkpt lat="45.0604" lon="-72.713773">
        <ele>272.7</ele>
      </trkpt>
      <trkpt lat="45.06041" lon="-72.714786">
        <ele>276.8</ele>
      </trkpt>
      <trkpt lat="45.06042" lon="-72.7158">
        <ele>280</ele>
      </trkpt>
      <trkpt lat="45.06044" lon="-72.71676">
        <ele>285.2</ele>
      </trkpt>
      <trkpt lat="45.06049" lon="-72.71749">
        <ele>289</ele>
      </trkpt>
      <trkpt lat="45.06054" lon="-72.7179">
        <ele>290.2</ele>
      </trkpt>
      <trkpt lat="45.06063" lon="-72.71831">
        <ele>291.8</ele>
      </trkpt>
      <trkpt lat="45.06071" lon="-72.71857">
        <ele>291.8</ele>
      </trkpt>
      <trkpt lat="45.061043" lon="-72.719419">
        <ele>294.6</ele>
      </trkpt>
      <trkpt lat="45.061376" lon="-72.720269">
        <ele>298.3</ele>
      </trkpt>
      <trkpt lat="45.06171" lon="-72.72112">
        <ele>304.6</ele>
      </trkpt>
      <trkpt lat="45.06198" lon="-72.72189">
        <ele>312.6</ele>
      </trkpt>
      <trkpt lat="45.06209" lon="-72.72229">
        <ele>314.5</ele>
      </trkpt>
      <trkpt lat="45.062345" lon="-72.723369">
        <ele>323.1</ele>
      </trkpt>
      <trkpt lat="45.0626" lon="-72.72445">
        <ele>330.6</ele>
      </trkpt>
      <trkpt lat="45.06269" lon="-72.72497">
        <ele>333.5</ele>
      </trkpt>
      <trkpt lat="45.06283" lon="-72.72614">
        <ele>332.6</ele>
      </trkpt>
      <trkpt lat="45.062915" lon="-72.727189">
        <ele>330.5</ele>
      </trkpt>
      <trkpt lat="45.063" lon="-72.72824">
        <ele>327.5</ele>
      </trkpt>
      <trkpt lat="45.063096" lon="-72.729239">
        <ele>323.1</ele>
      </trkpt>
      <trkpt lat="45.063193" lon="-72.730239">
        <ele>313</ele>
      </trkpt>
      <trkpt lat="45.06329" lon="-72.73124">
        <ele>307.1</ele>
      </trkpt>
      <trkpt lat="45.06345" lon="-72.732489">
        <ele>298.5</ele>
      </trkpt>
      <trkpt lat="45.06361" lon="-72.73374">
        <ele>288</ele>
      </trkpt>
      <trkpt lat="45.06373" lon="-72.73446">
        <ele>284.7</ele>
      </trkpt>
      <trkpt lat="45.06382" lon="-72.73484">
        <ele>284.4</ele>
      </trkpt>
      <trkpt lat="45.06404" lon="-72.73474">
        <ele>284.5</ele>
      </trkpt>
      <trkpt lat="45.06428" lon="-72.73456">
        <ele>282.4</ele>
      </trkpt>
      <trkpt lat="45.06489" lon="-72.73429">
        <ele>279.4</ele>
      </trkpt>
      <trkpt lat="45.06531" lon="-72.7342">
        <ele>278.2</ele>
      </trkpt>
      <trkpt lat="45.06582" lon="-72.734115">
        <ele>276.4</ele>
      </trkpt>
      <trkpt lat="45.06633" lon="-72.73403">
        <ele>274.7</ele>
      </trkpt>
      <trkpt lat="45.0666" lon="-72.73388">
        <ele>274.5</ele>
      </trkpt>
      <trkpt lat="45.06678" lon="-72.73374">
        <ele>273.9</ele>
      </trkpt>
      <trkpt lat="45.06711" lon="-72.73334">
        <ele>273.6</ele>
      </trkpt>
      <trkpt lat="45.06727" lon="-72.73303">
        <ele>273.4</ele>
      </trkpt>
      <trkpt lat="45.06741" lon="-72.73259">
        <ele>272.5</ele>
      </trkpt>
      <trkpt lat="45.06764" lon="-72.73173">
        <ele>269.2</ele>
      </trkpt>
      <trkpt lat="45.06779" lon="-72.73128">
        <ele>267.4</ele>
      </trkpt>
      <trkpt lat="45.06785" lon="-72.73115">
        <ele>267</ele>
      </trkpt>
      <trkpt lat="45.06808" lon="-72.73084">
        <ele>266</ele>
      </trkpt>
      <trkpt lat="45.068705" lon="-72.730075">
        <ele>264.9</ele>
      </trkpt>
      <trkpt lat="45.06933" lon="-72.72931">
        <ele>262.7</ele>
      </trkpt>
      <trkpt lat="45.06962" lon="-72.72897">
        <ele>259.5</ele>
      </trkpt>
      <trkpt lat="45.07017" lon="-72.7286">
        <ele>255.6</ele>
      </trkpt>
      <trkpt lat="45.0707" lon="-72.72838">
        <ele>252.3</ele>
      </trkpt>
      <trkpt lat="45.07093" lon="-72.72834">
        <ele>250.2</ele>
      </trkpt>
      <trkpt lat="45.07103" lon="-72.72835">
        <ele>250.2</ele>
      </trkpt>
      <trkpt lat="45.071646" lon="-72.728503">
        <ele>246.7</ele>
      </trkpt>
      <trkpt lat="45.072263" lon="-72.728656">
        <ele>244.1</ele>
      </trkpt>
      <trkpt lat="45.07288" lon="-72.72881">
        <ele>242.6</ele>
      </trkpt>
      <trkpt lat="45.073657" lon="-72.729004">
        <ele>241.3</ele>
      </trkpt>
      <trkpt lat="45.074435" lon="-72.729199">
        <ele>241.6</ele>
      </trkpt>
      <trkpt lat="45.075212" lon="-72.729394">
        <ele>243.8</ele>
      </trkpt>
      <trkpt lat="45.07599" lon="-72.72959">
        <ele>246</ele>
      </trkpt>
      <trkpt lat="45.07624" lon="-72.72968">
        <ele>246.7</ele>
      </trkpt>
      <trkpt lat="45.07629" lon="-72.72972">
        <ele>246.7</ele>
      </trkpt>
      <trkpt lat="45.07638" lon="-72.72987">
        <ele>247.3</ele>
      </trkpt>
      <trkpt lat="45.076405" lon="-72.731004">
        <ele>247.8</ele>
      </trkpt>
      <trkpt lat="45.07643" lon="-72.73214">
        <ele>251.1</ele>
      </trkpt>
      <trkpt lat="45.07644" lon="-72.733273">
        <ele>254.5</ele>
      </trkpt>
      <trkpt lat="45.07645" lon="-72.734406">
        <ele>261.7</ele>
      </trkpt>
      <trkpt lat="45.07646" lon="-72.735539">
        <ele>268.4</ele>
      </trkpt>
      <trkpt lat="45.07647" lon="-72.736673">
        <ele>273.3</ele>
      </trkpt>
      <trkpt lat="45.07648" lon="-72.737806">
        <ele>276.5</ele>
      </trkpt>
      <trkpt lat="45.07649" lon="-72.73894">
        <ele>277.5</ele>
      </trkpt>
      <trkpt lat="45.076512" lon="-72.740118">
        <ele>277.7</ele>
      </trkpt>
      <trkpt lat="45.076534" lon="-72.741297">
        <ele>280</ele>
      </trkpt>
      <trkpt lat="45.076556" lon="-72.742476">
        <ele>281.2</ele>
      </trkpt>
      <trkpt lat="45.076579" lon="-72.743655">
        <ele>282.5</ele>
      </trkpt>
      <trkpt lat="45.076601" lon="-72.744834">
        <ele>283.1</ele>
      </trkpt>
      <trkpt lat="45.076623" lon="-72.746013">
        <ele>280.3</ele>
      </trkpt>
      <trkpt lat="45.076645" lon="-72.747192">
        <ele>277</ele>
      </trkpt>
      <trkpt lat="45.076667" lon="-72.748371">
        <ele>274.8</ele>
      </trkpt>
      <trkpt lat="45.07669" lon="-72.74955">
        <ele>272.7</ele>
      </trkpt>
      <trkpt lat="45.077546" lon="-72.749505">
        <ele>270.3</ele>
      </trkpt>
      <trkpt lat="45.078403" lon="-72.74946">
        <ele>271</ele>
      </trkpt>
      <trkpt lat="45.07926" lon="-72.749415">
        <ele>272.9</ele>
      </trkpt>
      <trkpt lat="45.080116" lon="-72.74937">
        <ele>270.6</ele>
      </trkpt>
      <trkpt lat="45.080973" lon="-72.749325">
        <ele>266.3</ele>
      </trkpt>
      <trkpt lat="45.08183" lon="-72.74928">
        <ele>261</ele>
      </trkpt>
      <trkpt lat="45.082562" lon="-72.749226">
        <ele>261.5</ele>
      </trkpt>
      <trkpt lat="45.083294" lon="-72.749172">
        <ele>263.4</ele>
      </trkpt>
      <trkpt lat="45.084026" lon="-72.749118">
        <ele>262.5</ele>
      </trkpt>
      <trkpt lat="45.084758" lon="-72.749064">
        <ele>261.5</ele>
      </trkpt>
      <trkpt lat="45.08549" lon="-72.74901">
        <ele>265</ele>
      </trkpt>
      <trkpt lat="45.086215" lon="-72.74896">
        <ele>270.4</ele>
      </trkpt>
      <trkpt lat="45.08694" lon="-72.74891">
        <ele>275.9</ele>
      </trkpt>
      <trkpt lat="45.08703" lon="-72.74888">
        <ele>276.8</ele>
      </trkpt>
      <trkpt lat="45.08715" lon="-72.74876">
        <ele>278.7</ele>
      </trkpt>
      <trkpt lat="45.08728" lon="-72.74849">
        <ele>279.3</ele>
      </trkpt>
      <trkpt lat="45.08755" lon="-72.74817">
        <ele>280.9</ele>
      </trkpt>
      <trkpt lat="45.08771" lon="-72.74808">
        <ele>281.9</ele>
      </trkpt>
      <trkpt lat="45.08835" lon="-72.7478">
        <ele>287.3</ele>
      </trkpt>
      <trkpt lat="45.0891" lon="-72.74749">
        <ele>298.1</ele>
      </trkpt>
      <trkpt lat="45.08958" lon="-72.74736">
        <ele>301.9</ele>
      </trkpt>
      <trkpt lat="45.08998" lon="-72.74714">
        <ele>304.6</ele>
      </trkpt>
      <trkpt lat="45.09051" lon="-72.7467">
        <ele>307.3</ele>
      </trkpt>
      <trkpt lat="45.09097" lon="-72.74642">
        <ele>309.4</ele>
      </trkpt>
      <trkpt lat="45.09136" lon="-72.7462">
        <ele>310.2</ele>
      </trkpt>
      <trkpt lat="45.09182" lon="-72.74604">
        <ele>311.4</ele>
      </trkpt>
      <trkpt lat="45.09228" lon="-72.74588">
        <ele>312.2</ele>
      </trkpt>
      <trkpt lat="45.09246" lon="-72.7458">
        <ele>312.3</ele>
      </trkpt>
      <trkpt lat="45.09277" lon="-72.74561">
        <ele>312.1</ele>
      </trkpt>
      <trkpt lat="45.09307" lon="-72.74535">
        <ele>312.1</ele>
      </trkpt>
      <trkpt lat="45.09327" lon="-72.74511">
        <ele>312.4</ele>
      </trkpt>
      <trkpt lat="45.093653" lon="-72.744376">
        <ele>313.2</ele>
      </trkpt>
      <trkpt lat="45.094036" lon="-72.743643">
        <ele>314.3</ele>
      </trkpt>
      <trkpt lat="45.09442" lon="-72.74291">
        <ele>316.1</ele>
      </trkpt>
      <trkpt lat="45.09484" lon="-72.74203">
        <ele>317</ele>
      </trkpt>
      <trkpt lat="45.09516" lon="-72.74127">
        <ele>315.3</ele>
      </trkpt>
      <trkpt lat="45.0954" lon="-72.74082">
        <ele>311.4</ele>
      </trkpt>
      <trkpt lat="45.09566" lon="-72.74043">
        <ele>307.4</ele>
      </trkpt>
      <trkpt lat="45.09599" lon="-72.74011">
        <ele>302.2</ele>
      </trkpt>
      <trkpt lat="45.09615" lon="-72.74001">
        <ele>301</ele>
      </trkpt>
      <trkpt lat="45.09635" lon="-72.73993">
        <ele>299.3</ele>
      </trkpt>
      <trkpt lat="45.09677" lon="-72.73993">
        <ele>297.4</ele>
      </trkpt>
      <trkpt lat="45.09697" lon="-72.73997">
        <ele>296.7</ele>
      </trkpt>
      <trkpt lat="45.09773" lon="-72.74024">
        <ele>295</ele>
      </trkpt>
      <trkpt lat="45.09799" lon="-72.74038">
        <ele>292.7</ele>
      </trkpt>
      <trkpt lat="45.09824" lon="-72.74059">
        <ele>289.9</ele>
      </trkpt>
      <trkpt lat="45.09889" lon="-72.74123">
        <ele>283.8</ele>
      </trkpt>
      <trkpt lat="45.09923" lon="-72.74149">
        <ele>281.4</ele>
      </trkpt>
      <trkpt lat="45.09966" lon="-72.741759">
        <ele>277.2</ele>
      </trkpt>
      <trkpt lat="45.10009" lon="-72.74203">
        <ele>274.1</ele>
      </trkpt>
      <trkpt lat="45.1007" lon="-72.742289">
        <ele>269.7</ele>
      </trkpt>
      <trkpt lat="45.10131" lon="-72.74255">
        <ele>266</ele>
      </trkpt>
      <trkpt lat="45.10203" lon="-72.742834">
        <ele>259.9</ele>
      </trkpt>
      <trkpt lat="45.10275" lon="-72.743119">
        <ele>252.6</ele>
      </trkpt>
      <trkpt lat="45.10347" lon="-72.743404">
        <ele>248.5</ele>
      </trkpt>
      <trkpt lat="45.10419" lon="-72.74369">
        <ele>248.2</ele>
      </trkpt>
      <trkpt lat="45.104916" lon="-72.743916">
        <ele>247.2</ele>
      </trkpt>
      <trkpt lat="45.105643" lon="-72.744143">
        <ele>242.6</ele>
      </trkpt>
      <trkpt lat="45.10637" lon="-72.74437">
        <ele>239</ele>
      </trkpt>
      <trkpt lat="45.10662" lon="-72.74446">
        <ele>238.6</ele>
      </trkpt>
      <trkpt lat="45.10698" lon="-72.74467">
        <ele>238.2</ele>
      </trkpt>
      <trkpt lat="45.10729" lon="-72.74499">
        <ele>237.6</ele>
      </trkpt>
      <trkpt lat="45.10759" lon="-72.74535">
        <ele>235.6</ele>
      </trkpt>
      <trkpt lat="45.10774" lon="-72.74557">
        <ele>234.1</ele>
      </trkpt>
      <trkpt lat="45.10829" lon="-72.74647">
        <ele>229.1</ele>
      </trkpt>
      <trkpt lat="45.10866" lon="-72.74722">
        <ele>225.8</ele>
      </trkpt>
      <trkpt lat="45.10875" lon="-72.74738">
        <ele>224.5</ele>
      </trkpt>
      <trkpt lat="45.1088" lon="-72.74745">
        <ele>224.5</ele>
      </trkpt>
      <trkpt lat="45.10887" lon="-72.74753">
        <ele>223.4</ele>
      </trkpt>
      <trkpt lat="45.10897" lon="-72.74758">
        <ele>222.5</ele>
      </trkpt>
      <trkpt lat="45.10908" lon="-72.74762">
        <ele>222</ele>
      </trkpt>
      <trkpt lat="45.1095" lon="-72.74762">
        <ele>220.3</ele>
      </trkpt>
      <trkpt lat="45.110369" lon="-72.74755">
        <ele>217.2</ele>
      </trkpt>
      <trkpt lat="45.11124" lon="-72.74748">
        <ele>220</ele>
      </trkpt>
      <trkpt lat="45.11188" lon="-72.74749">
        <ele>220.8</ele>
      </trkpt>
      <trkpt lat="45.11237" lon="-72.74745">
        <ele>220.6</ele>
      </trkpt>
      <trkpt lat="45.11258" lon="-72.74745">
        <ele>220.4</ele>
      </trkpt>
      <trkpt lat="45.11278" lon="-72.74749">
        <ele>219.6</ele>
      </trkpt>
      <trkpt lat="45.11284" lon="-72.74754">
        <ele>219.6</ele>
      </trkpt>
      <trkpt lat="45.11328" lon="-72.74688">
        <ele>222</ele>
      </trkpt>
      <trkpt lat="45.113788" lon="-72.74609">
        <ele>223.5</ele>
      </trkpt>
      <trkpt lat="45.114296" lon="-72.7453">
        <ele>224.1</ele>
      </trkpt>
      <trkpt lat="45.114804" lon="-72.74451">
        <ele>223.8</ele>
      </trkpt>
      <trkpt lat="45.115312" lon="-72.74372">
        <ele>223.2</ele>
      </trkpt>
      <trkpt lat="45.11582" lon="-72.74293">
        <ele>220.7</ele>
      </trkpt>
      <trkpt lat="45.116275" lon="-72.7422">
        <ele>218.4</ele>
      </trkpt>
      <trkpt lat="45.11673" lon="-72.74147">
        <ele>217.2</ele>
      </trkpt>
      <trkpt lat="45.117185" lon="-72.74074">
        <ele>217.2</ele>
      </trkpt>
      <trkpt lat="45.11764" lon="-72.74001">
        <ele>218</ele>
      </trkpt>
      <trkpt lat="45.118225" lon="-72.739105">
        <ele>219.4</ele>
      </trkpt>
      <trkpt lat="45.118811" lon="-72.738201">
        <ele>219.9</ele>
      </trkpt>
      <trkpt lat="45.119396" lon="-72.737296">
        <ele>218</ele>
      </trkpt>
      <trkpt lat="45.119982" lon="-72.736392">
        <ele>216.9</ele>
      </trkpt>
      <trkpt lat="45.120567" lon="-72.735487">
        <ele>216.7</ele>
      </trkpt>
      <trkpt lat="45.121153" lon="-72.734583">
        <ele>216.3</ele>
      </trkpt>
      <trkpt lat="45.121738" lon="-72.733679">
        <ele>215.4</ele>
      </trkpt>
      <trkpt lat="45.122324" lon="-72.732774">
        <ele>214.1</ele>
      </trkpt>
      <trkpt lat="45.12291" lon="-72.73187">
        <ele>213.8</ele>
      </trkpt>
      <trkpt lat="45.12346" lon="-72.73098">
        <ele>214.1</ele>
      </trkpt>
      <trkpt lat="45.12406" lon="-72.730125">
        <ele>214.8</ele>
      </trkpt>
      <trkpt lat="45.12466" lon="-72.72927">
        <ele>214.4</ele>
      </trkpt>
      <trkpt lat="45.125145" lon="-72.72864">
        <ele>216</ele>
      </trkpt>
      <trkpt lat="45.12563" lon="-72.72801">
        <ele>219.1</ele>
      </trkpt>
      <trkpt lat="45.12599" lon="-72.72762">
        <ele>223.2</ele>
      </trkpt>
      <trkpt lat="45.126549" lon="-72.727595">
        <ele>225.7</ele>
      </trkpt>
      <trkpt lat="45.12711" lon="-72.72757">
        <ele>228.2</ele>
      </trkpt>
      <trkpt lat="45.127827" lon="-72.727525">
        <ele>230</ele>
      </trkpt>
      <trkpt lat="45.128545" lon="-72.72748">
        <ele>231</ele>
      </trkpt>
      <trkpt lat="45.129262" lon="-72.727435">
        <ele>231.8</ele>
      </trkpt>
      <trkpt lat="45.12998" lon="-72.72739">
        <ele>231.2</ele>
      </trkpt>
      <trkpt lat="45.12997" lon="-72.72739">
        <ele>231.2</ele>
      </trkpt>
      <trkpt lat="45.13079" lon="-72.727336">
        <ele>229.4</ele>
      </trkpt>
      <trkpt lat="45.13161" lon="-72.727282">
        <ele>228.5</ele>
      </trkpt>
      <trkpt lat="45.13243" lon="-72.727228">
        <ele>227.2</ele>
      </trkpt>
      <trkpt lat="45.13325" lon="-72.727174">
        <ele>223.4</ele>
      </trkpt>
      <trkpt lat="45.13407" lon="-72.72712">
        <ele>217</ele>
      </trkpt>
      <trkpt lat="45.13492" lon="-72.727076">
        <ele>209.9</ele>
      </trkpt>
      <trkpt lat="45.13577" lon="-72.727032">
        <ele>208.3</ele>
      </trkpt>
      <trkpt lat="45.13662" lon="-72.726988">
        <ele>207</ele>
      </trkpt>
      <trkpt lat="45.13747" lon="-72.726945">
        <ele>204</ele>
      </trkpt>
      <trkpt lat="45.13832" lon="-72.726901">
        <ele>205.8</ele>
      </trkpt>
      <trkpt lat="45.13917" lon="-72.726857">
        <ele>208.8</ele>
      </trkpt>
      <trkpt lat="45.14002" lon="-72.726813">
        <ele>209.8</ele>
      </trkpt>
      <trkpt lat="45.14087" lon="-72.72677">
        <ele>214.8</ele>
      </trkpt>
      <trkpt lat="45.141749" lon="-72.726695">
        <ele>220.6</ele>
      </trkpt>
      <trkpt lat="45.14263" lon="-72.72662">
        <ele>223.9</ele>
      </trkpt>
      <trkpt lat="45.14279" lon="-72.72654">
        <ele>225.3</ele>
      </trkpt>
      <trkpt lat="45.14301" lon="-72.72636">
        <ele>226.1</ele>
      </trkpt>
      <trkpt lat="45.143504" lon="-72.725444">
        <ele>228.7</ele>
      </trkpt>
      <trkpt lat="45.143998" lon="-72.724528">
        <ele>232.4</ele>
      </trkpt>
      <trkpt lat="45.144492" lon="-72.723612">
        <ele>233.6</ele>
      </trkpt>
      <trkpt lat="45.144987" lon="-72.722697">
        <ele>233.4</ele>
      </trkpt>
      <trkpt lat="45.145481" lon="-72.721781">
        <ele>232.2</ele>
      </trkpt>
      <trkpt lat="45.145975" lon="-72.720865">
        <ele>232.3</ele>
      </trkpt>
      <trkpt lat="45.14647" lon="-72.71995">
        <ele>231.8</ele>
      </trkpt>
      <trkpt lat="45.14697" lon="-72.71895">
        <ele>229</ele>
      </trkpt>
      <trkpt lat="45.14747" lon="-72.71795">
        <ele>227.5</ele>
      </trkpt>
      <trkpt lat="45.14758" lon="-72.71781">
        <ele>226.6</ele>
      </trkpt>
      <trkpt lat="45.148176" lon="-72.717136">
        <ele>223.1</ele>
      </trkpt>
      <trkpt lat="45.148773" lon="-72.716463">
        <ele>219</ele>
      </trkpt>
      <trkpt lat="45.14937" lon="-72.71579">
        <ele>214.6</ele>
      </trkpt>
      <trkpt lat="45.149886" lon="-72.715253">
        <ele>212.5</ele>
      </trkpt>
      <trkpt lat="45.150403" lon="-72.714716">
        <ele>207.7</ele>
      </trkpt>
      <trkpt lat="45.15092" lon="-72.71418">
        <ele>206.1</ele>
      </trkpt>
      <trkpt lat="45.15151" lon="-72.71354">
        <ele>203</ele>
      </trkpt>
      <trkpt lat="45.1521" lon="-72.7129">
        <ele>199.1</ele>
      </trkpt>
      <trkpt lat="45.15269" lon="-72.71226">
        <ele>195.9</ele>
      </trkpt>
      <trkpt lat="45.153123" lon="-72.711673">
        <ele>192.5</ele>
      </trkpt>
      <trkpt lat="45.153556" lon="-72.711086">
        <ele>190.8</ele>
      </trkpt>
      <trkpt lat="45.15399" lon="-72.7105">
        <ele>187.2</ele>
      </trkpt>
      <trkpt lat="45.15455" lon="-72.709786">
        <ele>182.2</ele>
      </trkpt>
      <trkpt lat="45.15511" lon="-72.709073">
        <ele>179.4</ele>
      </trkpt>
      <trkpt lat="45.15567" lon="-72.70836">
        <ele>178.4</ele>
      </trkpt>
      <trkpt lat="45.15602" lon="-72.70797">
        <ele>179.1</ele>
      </trkpt>
      <trkpt lat="45.15639" lon="-72.70769">
        <ele>181.5</ele>
      </trkpt>
      <trkpt lat="45.15663" lon="-72.70756">
        <ele>183.1</ele>
      </trkpt>
      <trkpt lat="45.15703" lon="-72.70739">
        <ele>187.9</ele>
      </trkpt>
      <trkpt lat="45.157699" lon="-72.70734">
        <ele>187.9</ele>
      </trkpt>
      <trkpt lat="45.15837" lon="-72.70729">
        <ele>188.4</ele>
      </trkpt>
      <trkpt lat="45.159044" lon="-72.707265">
        <ele>187.3</ele>
      </trkpt>
      <trkpt lat="45.15972" lon="-72.70724">
        <ele>185.5</ele>
      </trkpt>
      <trkpt lat="45.16003" lon="-72.7072">
        <ele>184.8</ele>
      </trkpt>
      <trkpt lat="45.16026" lon="-72.70716">
        <ele>184.7</ele>
      </trkpt>
      <trkpt lat="45.16051" lon="-72.70707">
        <ele>185</ele>
      </trkpt>
      <trkpt lat="45.16073" lon="-72.70689">
        <ele>185.5</ele>
      </trkpt>
      <trkpt lat="45.16111" lon="-72.70622">
        <ele>187.4</ele>
      </trkpt>
      <trkpt lat="45.16145" lon="-72.70538">
        <ele>189.7</ele>
      </trkpt>
      <trkpt lat="45.16179" lon="-72.70454">
        <ele>192.8</ele>
      </trkpt>
      <trkpt lat="45.1618" lon="-72.70454">
        <ele>192.8</ele>
      </trkpt>
      <trkpt lat="45.162222" lon="-72.70353">
        <ele>195.9</ele>
      </trkpt>
      <trkpt lat="45.162644" lon="-72.70252">
        <ele>197.3</ele>
      </trkpt>
      <trkpt lat="45.163066" lon="-72.70151">
        <ele>198.9</ele>
      </trkpt>
      <trkpt lat="45.163488" lon="-72.7005">
        <ele>198.1</ele>
      </trkpt>
      <trkpt lat="45.16391" lon="-72.69949">
        <ele>197.2</ele>
      </trkpt>
      <trkpt lat="45.16409" lon="-72.6991">
        <ele>197</ele>
      </trkpt>
      <trkpt lat="45.16434" lon="-72.69883">
        <ele>197</ele>
      </trkpt>
      <trkpt lat="45.1645" lon="-72.69874">
        <ele>196.9</ele>
      </trkpt>
      <trkpt lat="45.16481" lon="-72.69865">
        <ele>196.6</ele>
      </trkpt>
      <trkpt lat="45.16526" lon="-72.698605">
        <ele>196.9</ele>
      </trkpt>
      <trkpt lat="45.16571" lon="-72.69856">
        <ele>196.6</ele>
      </trkpt>
      <trkpt lat="45.16626" lon="-72.69854">
        <ele>195.1</ele>
      </trkpt>
      <trkpt lat="45.16681" lon="-72.69852">
        <ele>192.6</ele>
      </trkpt>
      <trkpt lat="45.167279" lon="-72.698485">
        <ele>188.7</ele>
      </trkpt>
      <trkpt lat="45.16775" lon="-72.69845">
        <ele>184.9</ele>
      </trkpt>
      <trkpt lat="45.168205" lon="-72.698395">
        <ele>180.9</ele>
      </trkpt>
      <trkpt lat="45.16866" lon="-72.69834">
        <ele>176.9</ele>
      </trkpt>
      <trkpt lat="45.16945" lon="-72.69816">
        <ele>170.7</ele>
      </trkpt>
      <trkpt lat="45.16975" lon="-72.69807">
        <ele>170.7</ele>
      </trkpt>
      <trkpt lat="45.1703" lon="-72.69784">
        <ele>166.4</ele>
      </trkpt>
      <trkpt lat="45.17061" lon="-72.69766">
        <ele>165.8</ele>
      </trkpt>
      <trkpt lat="45.17117" lon="-72.69731">
        <ele>162.4</ele>
      </trkpt>
      <trkpt lat="45.1714" lon="-72.69712">
        <ele>161.6</ele>
      </trkpt>
      <trkpt lat="45.17194" lon="-72.69657">
        <ele>159.9</ele>
      </trkpt>
      <trkpt lat="45.17248" lon="-72.69602">
        <ele>157</ele>
      </trkpt>
      <trkpt lat="45.172985" lon="-72.695475">
        <ele>153</ele>
      </trkpt>
      <trkpt lat="45.17349" lon="-72.69493">
        <ele>150.4</ele>
      </trkpt>
      <trkpt lat="45.174105" lon="-72.694215">
        <ele>149.7</ele>
      </trkpt>
      <trkpt lat="45.17472" lon="-72.6935">
        <ele>148.8</ele>
      </trkpt>
      <trkpt lat="45.17515" lon="-72.69307">
        <ele>146.7</ele>
      </trkpt>
      <trkpt lat="45.175865" lon="-72.69241">
        <ele>142.8</ele>
      </trkpt>
      <trkpt lat="45.17658" lon="-72.69175">
        <ele>140.8</ele>
      </trkpt>
      <trkpt lat="45.17618" lon="-72.69117">
        <ele>142.5</ele>
      </trkpt>
      <trkpt lat="45.175535" lon="-72.690349">
        <ele>143.6</ele>
      </trkpt>
      <trkpt lat="45.17489" lon="-72.68953">
        <ele>143.8</ele>
      </trkpt>
      <trkpt lat="45.17484" lon="-72.68929">
        <ele>143.4</ele>
      </trkpt>
      <trkpt lat="45.17476" lon="-72.688189">
        <ele>141.6</ele>
      </trkpt>
      <trkpt lat="45.17468" lon="-72.68709">
        <ele>139.7</ele>
      </trkpt>
      <trkpt lat="45.17458" lon="-72.68606">
        <ele>138.5</ele>
      </trkpt>
      <trkpt lat="45.17447" lon="-72.68486">
        <ele>137.4</ele>
      </trkpt>
      <trkpt lat="45.17441" lon="-72.683779">
        <ele>137</ele>
      </trkpt>
      <trkpt lat="45.17435" lon="-72.6827">
        <ele>135.8</ele>
      </trkpt>
      <trkpt lat="45.17427" lon="-72.681969">
        <ele>134.9</ele>
      </trkpt>
      <trkpt lat="45.17419" lon="-72.68124">
        <ele>134</ele>
      </trkpt>
      <trkpt lat="45.17403" lon="-72.6802">
        <ele>133.7</ele>
      </trkpt>
      <trkpt lat="45.17394" lon="-72.67923">
        <ele>135.6</ele>
      </trkpt>
      <trkpt lat="45.17389" lon="-72.678183">
        <ele>141</ele>
      </trkpt>
      <trkpt lat="45.17384" lon="-72.677136">
        <ele>138.9</ele>
      </trkpt>
      <trkpt lat="45.17379" lon="-72.67609">
        <ele>134.2</ele>
      </trkpt>
      <trkpt lat="45.17371" lon="-72.67541">
        <ele>135.7</ele>
      </trkpt>
      <trkpt lat="45.173641" lon="-72.674351">
        <ele>138.4</ele>
      </trkpt>
      <trkpt lat="45.173573" lon="-72.673293">
        <ele>140.2</ele>
      </trkpt>
      <trkpt lat="45.173505" lon="-72.672234">
        <ele>140.7</ele>
      </trkpt>
      <trkpt lat="45.173436" lon="-72.671176">
        <ele>143.4</ele>
      </trkpt>
      <trkpt lat="45.173368" lon="-72.670118">
        <ele>146.6</ele>
      </trkpt>
      <trkpt lat="45.1733" lon="-72.66906">
        <ele>148.5</ele>
      </trkpt>
      <trkpt lat="45.17328" lon="-72.668074">
        <ele>148.7</ele>
      </trkpt>
      <trkpt lat="45.17326" lon="-72.66709">
        <ele>148.9</ele>
      </trkpt>
      <trkpt lat="45.17329" lon="-72.66683">
        <ele>148.4</ele>
      </trkpt>
      <trkpt lat="45.17335" lon="-72.66665">
        <ele>147.5</ele>
      </trkpt>
      <trkpt lat="45.173866" lon="-72.665786">
        <ele>144</ele>
      </trkpt>
      <trkpt lat="45.174383" lon="-72.664923">
        <ele>139.3</ele>
      </trkpt>
      <trkpt lat="45.1749" lon="-72.66406">
        <ele>133</ele>
      </trkpt>
      <trkpt lat="45.1749" lon="-72.66407">
        <ele>133.1</ele>
      </trkpt>
      <trkpt lat="45.175305" lon="-72.663425">
        <ele>128.1</ele>
      </trkpt>
      <trkpt lat="45.17571" lon="-72.66278">
        <ele>126.5</ele>
      </trkpt>
      <trkpt lat="45.17605" lon="-72.66212">
        <ele>127.9</ele>
      </trkpt>
      <trkpt lat="45.17661" lon="-72.662239">
        <ele>126.8</ele>
      </trkpt>
      <trkpt lat="45.17717" lon="-72.66236">
        <ele>127.3</ele>
      </trkpt>
      <trkpt lat="45.177619" lon="-72.662439">
        <ele>127.3</ele>
      </trkpt>
      <trkpt lat="45.17807" lon="-72.66252">
        <ele>127.3</ele>
      </trkpt>
      <trkpt lat="45.17849" lon="-72.66198">
        <ele>125.1</ele>
      </trkpt>
      <trkpt lat="45.17894" lon="-72.66132">
        <ele>127.7</ele>
      </trkpt>
      <trkpt lat="45.17905" lon="-72.66113">
        <ele>128.5</ele>
      </trkpt>
      <trkpt lat="45.17921" lon="-72.66055">
        <ele>132.8</ele>
      </trkpt>
      <trkpt lat="45.17927" lon="-72.65988">
        <ele>133.4</ele>
      </trkpt>
      <trkpt lat="45.179267" lon="-72.658817">
        <ele>133.6</ele>
      </trkpt>
      <trkpt lat="45.179265" lon="-72.657754">
        <ele>135.5</ele>
      </trkpt>
      <trkpt lat="45.179262" lon="-72.656692">
        <ele>139.4</ele>
      </trkpt>
      <trkpt lat="45.17926" lon="-72.65563">
        <ele>143.9</ele>
      </trkpt>
      <trkpt lat="45.17929" lon="-72.655">
        <ele>146.6</ele>
      </trkpt>
      <trkpt lat="45.17934" lon="-72.65464">
        <ele>146.9</ele>
      </trkpt>
      <trkpt lat="45.17946" lon="-72.65414">
        <ele>146.1</ele>
      </trkpt>
      <trkpt lat="45.17946" lon="-72.65415">
        <ele>146.1</ele>
      </trkpt>
      <trkpt lat="45.17973" lon="-72.652965">
        <ele>142.9</ele>
      </trkpt>
      <trkpt lat="45.18" lon="-72.65178">
        <ele>141.9</ele>
      </trkpt>
      <trkpt lat="45.180615" lon="-72.651755">
        <ele>138.5</ele>
      </trkpt>
      <trkpt lat="45.18123" lon="-72.65173">
        <ele>136.6</ele>
      </trkpt>
      <trkpt lat="45.181755" lon="-72.65169">
        <ele>138.8</ele>
      </trkpt>
      <trkpt lat="45.18228" lon="-72.65165">
        <ele>143.6</ele>
      </trkpt>
      <trkpt lat="45.182744" lon="-72.651645">
        <ele>148.2</ele>
      </trkpt>
      <trkpt lat="45.18321" lon="-72.65164">
        <ele>152.7</ele>
      </trkpt>
      <trkpt lat="45.1835" lon="-72.6516">
        <ele>155.2</ele>
      </trkpt>
      <trkpt lat="45.18387" lon="-72.65164">
        <ele>158.7</ele>
      </trkpt>
      <trkpt lat="45.18399" lon="-72.65168">
        <ele>160.2</ele>
      </trkpt>
      <trkpt lat="45.18406" lon="-72.65168">
        <ele>160.8</ele>
      </trkpt>
      <trkpt lat="45.1844" lon="-72.65178">
        <ele>162.2</ele>
      </trkpt>
      <trkpt lat="45.18463" lon="-72.65174">
        <ele>162.8</ele>
      </trkpt>
      <trkpt lat="45.18473" lon="-72.65169">
        <ele>163</ele>
      </trkpt>
      <trkpt lat="45.18505" lon="-72.6516">
        <ele>164.8</ele>
      </trkpt>
      <trkpt lat="45.18546" lon="-72.65155">
        <ele>165.9</ele>
      </trkpt>
      <trkpt lat="45.186315" lon="-72.651505">
        <ele>165</ele>
      </trkpt>
      <trkpt lat="45.18717" lon="-72.65146">
        <ele>158.1</ele>
      </trkpt>
      <trkpt lat="45.188025" lon="-72.651415">
        <ele>152.4</ele>
      </trkpt>
      <trkpt lat="45.18888" lon="-72.65137">
        <ele>152.1</ele>
      </trkpt>
      <trkpt lat="45.189503" lon="-72.65133">
        <ele>153</ele>
      </trkpt>
      <trkpt lat="45.190126" lon="-72.65129">
        <ele>153.6</ele>
      </trkpt>
      <trkpt lat="45.19075" lon="-72.65125">
        <ele>155.9</ele>
      </trkpt>
      <trkpt lat="45.19074" lon="-72.65125">
        <ele>155.9</ele>
      </trkpt>
      <trkpt lat="45.191557" lon="-72.651202">
        <ele>162</ele>
      </trkpt>
      <trkpt lat="45.192374" lon="-72.651155">
        <ele>164.9</ele>
      </trkpt>
      <trkpt lat="45.193192" lon="-72.651107">
        <ele>165.8</ele>
      </trkpt>
      <trkpt lat="45.19401" lon="-72.65106">
        <ele>166.8</ele>
      </trkpt>
      <trkpt lat="45.194773" lon="-72.651021">
        <ele>166.6</ele>
      </trkpt>
      <trkpt lat="45.195536" lon="-72.650983">
        <ele>167.9</ele>
      </trkpt>
      <trkpt lat="45.1963" lon="-72.650945">
        <ele>169.5</ele>
      </trkpt>
      <trkpt lat="45.197063" lon="-72.650906">
        <ele>171.9</ele>
      </trkpt>
      <trkpt lat="45.197826" lon="-72.650868">
        <ele>172.9</ele>
      </trkpt>
      <trkpt lat="45.19859" lon="-72.65083">
        <ele>173.4</ele>
      </trkpt>
      <trkpt lat="45.19924" lon="-72.650773">
        <ele>174.9</ele>
      </trkpt>
      <trkpt lat="45.19989" lon="-72.650716">
        <ele>179.1</ele>
      </trkpt>
      <trkpt lat="45.20054" lon="-72.65066">
        <ele>182.6</ele>
      </trkpt>
      <trkpt lat="45.201373" lon="-72.650643">
        <ele>183.7</ele>
      </trkpt>
      <trkpt lat="45.202206" lon="-72.650626">
        <ele>185</ele>
      </trkpt>
      <trkpt lat="45.20304" lon="-72.65061">
        <ele>188.4</ele>
      </trkpt>
      <trkpt lat="45.203885" lon="-72.650555">
        <ele>186.6</ele>
      </trkpt>
      <trkpt lat="45.20473" lon="-72.6505">
        <ele>184.8</ele>
      </trkpt>
      <trkpt lat="45.205574" lon="-72.650445">
        <ele>183.1</ele>
      </trkpt>
      <trkpt lat="45.20642" lon="-72.65039">
        <ele>183.8</ele>
      </trkpt>
      <trkpt lat="45.20682" lon="-72.65042">
        <ele>184.2</ele>
      </trkpt>
      <trkpt lat="45.20743" lon="-72.650405">
        <ele>186.3</ele>
      </trkpt>
      <trkpt lat="45.20804" lon="-72.65039">
        <ele>188.5</ele>
      </trkpt>
      <trkpt lat="45.20826" lon="-72.65042">
        <ele>189.3</ele>
      </trkpt>
      <trkpt lat="45.20858" lon="-72.65039">
        <ele>189.8</ele>
      </trkpt>
      <trkpt lat="45.20873" lon="-72.65035">
        <ele>189.7</ele>
      </trkpt>
      <trkpt lat="45.20958" lon="-72.650255">
        <ele>187</ele>
      </trkpt>
      <trkpt lat="45.21043" lon="-72.65016">
        <ele>181.4</ele>
      </trkpt>
      <trkpt lat="45.21061" lon="-72.65011">
        <ele>181.1</ele>
      </trkpt>
      <trkpt lat="45.21068" lon="-72.65007">
        <ele>180.4</ele>
      </trkpt>
      <trkpt lat="45.21098" lon="-72.64981">
        <ele>179.4</ele>
      </trkpt>
      <trkpt lat="45.21116" lon="-72.64971">
        <ele>178.8</ele>
      </trkpt>
      <trkpt lat="45.211925" lon="-72.649265">
        <ele>176.8</ele>
      </trkpt>
      <trkpt lat="45.21269" lon="-72.64882">
        <ele>172</ele>
      </trkpt>
      <trkpt lat="45.213455" lon="-72.648375">
        <ele>164.8</ele>
      </trkpt>
      <trkpt lat="45.21422" lon="-72.64793">
        <ele>165.1</ele>
      </trkpt>
      <trkpt lat="45.214873" lon="-72.647543">
        <ele>169.8</ele>
      </trkpt>
      <trkpt lat="45.215526" lon="-72.647156">
        <ele>175.5</ele>
      </trkpt>
      <trkpt lat="45.21618" lon="-72.64677">
        <ele>182.1</ele>
      </trkpt>
      <trkpt lat="45.216875" lon="-72.64638">
        <ele>185.7</ele>
      </trkpt>
      <trkpt lat="45.21757" lon="-72.64599">
        <ele>187.8</ele>
      </trkpt>
      <trkpt lat="45.21826" lon="-72.6456">
        <ele>190.7</ele>
      </trkpt>
      <trkpt lat="45.21896" lon="-72.64524">
        <ele>192.8</ele>
      </trkpt>
      <trkpt lat="45.21966" lon="-72.64488">
        <ele>194</ele>
      </trkpt>
      <trkpt lat="45.22036" lon="-72.64452">
        <ele>199.5</ele>
      </trkpt>
      <trkpt lat="45.221066" lon="-72.64417">
        <ele>204.3</ele>
      </trkpt>
      <trkpt lat="45.221773" lon="-72.64382">
        <ele>210</ele>
      </trkpt>
      <trkpt lat="45.22248" lon="-72.64347">
        <ele>214.9</ele>
      </trkpt>
      <trkpt lat="45.22267" lon="-72.64242">
        <ele>214</ele>
      </trkpt>
      <trkpt lat="45.2228" lon="-72.6418">
        <ele>217</ele>
      </trkpt>
      <trkpt lat="45.22293" lon="-72.6413">
        <ele>220.2</ele>
      </trkpt>
      <trkpt lat="45.22315" lon="-72.64071">
        <ele>224.5</ele>
      </trkpt>
      <trkpt lat="45.22329" lon="-72.64041">
        <ele>225.9</ele>
      </trkpt>
      <trkpt lat="45.22386" lon="-72.63952">
        <ele>229</ele>
      </trkpt>
      <trkpt lat="45.22433" lon="-72.638885">
        <ele>227.8</ele>
      </trkpt>
      <trkpt lat="45.2248" lon="-72.63825">
        <ele>228.9</ele>
      </trkpt>
      <trkpt lat="45.22488" lon="-72.63812">
        <ele>228.6</ele>
      </trkpt>
      <trkpt lat="45.22497" lon="-72.63781">
        <ele>228.1</ele>
      </trkpt>
      <trkpt lat="45.22499" lon="-72.63767">
        <ele>227.4</ele>
      </trkpt>
      <trkpt lat="45.224965" lon="-72.636879">
        <ele>226.2</ele>
      </trkpt>
      <trkpt lat="45.22494" lon="-72.63609">
        <ele>225.6</ele>
      </trkpt>
      <trkpt lat="45.22489" lon="-72.635079">
        <ele>225</ele>
      </trkpt>
      <trkpt lat="45.22484" lon="-72.634069">
        <ele>223.6</ele>
      </trkpt>
      <trkpt lat="45.22479" lon="-72.63306">
        <ele>223</ele>
      </trkpt>
      <trkpt lat="45.22477" lon="-72.632415">
        <ele>222.9</ele>
      </trkpt>
      <trkpt lat="45.22475" lon="-72.63177">
        <ele>221.5</ele>
      </trkpt>
      <trkpt lat="45.224711" lon="-72.630671">
        <ele>218.9</ele>
      </trkpt>
      <trkpt lat="45.224673" lon="-72.629573">
        <ele>220</ele>
      </trkpt>
      <trkpt lat="45.224635" lon="-72.628474">
        <ele>219</ele>
      </trkpt>
      <trkpt lat="45.224596" lon="-72.627376">
        <ele>218.1</ele>
      </trkpt>
      <trkpt lat="45.224558" lon="-72.626278">
        <ele>216.1</ele>
      </trkpt>
      <trkpt lat="45.22452" lon="-72.62518">
        <ele>214.3</ele>
      </trkpt>
      <trkpt lat="45.224466" lon="-72.623966">
        <ele>215.1</ele>
      </trkpt>
      <trkpt lat="45.224413" lon="-72.622753">
        <ele>215.7</ele>
      </trkpt>
      <trkpt lat="45.22436" lon="-72.621539">
        <ele>217.3</ele>
      </trkpt>
      <trkpt lat="45.224306" lon="-72.620326">
        <ele>216.8</ele>
      </trkpt>
      <trkpt lat="45.224253" lon="-72.619113">
        <ele>214.4</ele>
      </trkpt>
      <trkpt lat="45.2242" lon="-72.617899">
        <ele>214.2</ele>
      </trkpt>
      <trkpt lat="45.224147" lon="-72.616686">
        <ele>217</ele>
      </trkpt>
      <trkpt lat="45.224093" lon="-72.615473">
        <ele>216</ele>
      </trkpt>
      <trkpt lat="45.22404" lon="-72.614259">
        <ele>214.9</ele>
      </trkpt>
      <trkpt lat="45.223986" lon="-72.613046">
        <ele>214.2</ele>
      </trkpt>
      <trkpt lat="45.223933" lon="-72.611833">
        <ele>211.1</ele>
      </trkpt>
      <trkpt lat="45.22388" lon="-72.610619">
        <ele>209.4</ele>
      </trkpt>
      <trkpt lat="45.223826" lon="-72.609406">
        <ele>209</ele>
      </trkpt>
      <trkpt lat="45.223773" lon="-72.608193">
        <ele>210.5</ele>
      </trkpt>
      <trkpt lat="45.22372" lon="-72.60698">
        <ele>213.8</ele>
      </trkpt>
      <trkpt lat="45.223662" lon="-72.605858">
        <ele>215.4</ele>
      </trkpt>
      <trkpt lat="45.223605" lon="-72.604737">
        <ele>212.4</ele>
      </trkpt>
      <trkpt lat="45.223548" lon="-72.603615">
        <ele>210.2</ele>
      </trkpt>
      <trkpt lat="45.223491" lon="-72.602494">
        <ele>210.2</ele>
      </trkpt>
      <trkpt lat="45.223434" lon="-72.601372">
        <ele>212.9</ele>
      </trkpt>
      <trkpt lat="45.223377" lon="-72.600251">
        <ele>218.3</ele>
      </trkpt>
      <trkpt lat="45.22332" lon="-72.59913">
        <ele>221.1</ele>
      </trkpt>
      <trkpt lat="45.223277" lon="-72.597877">
        <ele>221.2</ele>
      </trkpt>
      <trkpt lat="45.223235" lon="-72.596625">
        <ele>219.4</ele>
      </trkpt>
      <trkpt lat="45.223193" lon="-72.595373">
        <ele>218.3</ele>
      </trkpt>
      <trkpt lat="45.223151" lon="-72.594121">
        <ele>216.3</ele>
      </trkpt>
      <trkpt lat="45.223109" lon="-72.592868">
        <ele>213.5</ele>
      </trkpt>
      <trkpt lat="45.223066" lon="-72.591616">
        <ele>210.4</ele>
      </trkpt>
      <trkpt lat="45.223024" lon="-72.590364">
        <ele>207.5</ele>
      </trkpt>
      <trkpt lat="45.222982" lon="-72.589112">
        <ele>203.7</ele>
      </trkpt>
      <trkpt lat="45.22294" lon="-72.58786">
        <ele>200.7</ele>
      </trkpt>
      <trkpt lat="45.222902" lon="-72.586703">
        <ele>201</ele>
      </trkpt>
      <trkpt lat="45.222864" lon="-72.585546">
        <ele>203</ele>
      </trkpt>
      <trkpt lat="45.222826" lon="-72.584389">
        <ele>205.4</ele>
      </trkpt>
      <trkpt lat="45.222789" lon="-72.583233">
        <ele>209.1</ele>
      </trkpt>
      <trkpt lat="45.222751" lon="-72.582076">
        <ele>214.8</ele>
      </trkpt>
      <trkpt lat="45.222713" lon="-72.580919">
        <ele>217.9</ele>
      </trkpt>
      <trkpt lat="45.222675" lon="-72.579763">
        <ele>222.5</ele>
      </trkpt>
      <trkpt lat="45.222637" lon="-72.578606">
        <ele>227.5</ele>
      </trkpt>
      <trkpt lat="45.2226" lon="-72.57745">
        <ele>233.2</ele>
      </trkpt>
      <trkpt lat="45.222595" lon="-72.576669">
        <ele>238</ele>
      </trkpt>
      <trkpt lat="45.22259" lon="-72.57589">
        <ele>245.3</ele>
      </trkpt>
      <trkpt lat="45.222603" lon="-72.574771">
        <ele>252.9</ele>
      </trkpt>
      <trkpt lat="45.222617" lon="-72.573652">
        <ele>259.5</ele>
      </trkpt>
      <trkpt lat="45.222631" lon="-72.572533">
        <ele>266.3</ele>
      </trkpt>
      <trkpt lat="45.222645" lon="-72.571415">
        <ele>272.5</ele>
      </trkpt>
      <trkpt lat="45.222658" lon="-72.570296">
        <ele>279</ele>
      </trkpt>
      <trkpt lat="45.222672" lon="-72.569177">
        <ele>282.5</ele>
      </trkpt>
      <trkpt lat="45.222686" lon="-72.568058">
        <ele>286</ele>
      </trkpt>
      <trkpt lat="45.2227" lon="-72.56694">
        <ele>286.2</ele>
      </trkpt>
      <trkpt lat="45.222723" lon="-72.565775">
        <ele>282.7</ele>
      </trkpt>
      <trkpt lat="45.222746" lon="-72.56461">
        <ele>273</ele>
      </trkpt>
      <trkpt lat="45.22277" lon="-72.563445">
        <ele>267.1</ele>
      </trkpt>
      <trkpt lat="45.222793" lon="-72.56228">
        <ele>263.8</ele>
      </trkpt>
      <trkpt lat="45.222816" lon="-72.561115">
        <ele>258.9</ele>
      </trkpt>
      <trkpt lat="45.22284" lon="-72.55995">
        <ele>256</ele>
      </trkpt>
      <trkpt lat="45.22283" lon="-72.559055">
        <ele>257.9</ele>
      </trkpt>
      <trkpt lat="45.22282" lon="-72.55816">
        <ele>264.5</ele>
      </trkpt>
      <trkpt lat="45.22287" lon="-72.55762">
        <ele>267.2</ele>
      </trkpt>
      <trkpt lat="45.22288" lon="-72.55695">
        <ele>268.5</ele>
      </trkpt>
      <trkpt lat="45.222864" lon="-72.555911">
        <ele>271.1</ele>
      </trkpt>
      <trkpt lat="45.222848" lon="-72.554873">
        <ele>275.2</ele>
      </trkpt>
      <trkpt lat="45.222832" lon="-72.553835">
        <ele>276.7</ele>
      </trkpt>
      <trkpt lat="45.222816" lon="-72.552797">
        <ele>275.5</ele>
      </trkpt>
      <trkpt lat="45.2228" lon="-72.55176">
        <ele>273.4</ele>
      </trkpt>
      <trkpt lat="45.222755" lon="-72.551114">
        <ele>268</ele>
      </trkpt>
      <trkpt lat="45.22271" lon="-72.55047">
        <ele>263.2</ele>
      </trkpt>
      <trkpt lat="45.222696" lon="-72.549359">
        <ele>258.5</ele>
      </trkpt>
      <trkpt lat="45.222683" lon="-72.548249">
        <ele>254.8</ele>
      </trkpt>
      <trkpt lat="45.22267" lon="-72.54714">
        <ele>253</ele>
      </trkpt>
      <trkpt lat="45.222635" lon="-72.545894">
        <ele>255.7</ele>
      </trkpt>
      <trkpt lat="45.2226" lon="-72.54465">
        <ele>254.8</ele>
      </trkpt>
      <trkpt lat="45.22258" lon="-72.54459">
        <ele>254.1</ele>
      </trkpt>
      <trkpt lat="45.22242" lon="-72.54426">
        <ele>252.8</ele>
      </trkpt>
      <trkpt lat="45.22198" lon="-72.543529">
        <ele>247.4</ele>
      </trkpt>
      <trkpt lat="45.22154" lon="-72.5428">
        <ele>244.2</ele>
      </trkpt>
      <trkpt lat="45.22139" lon="-72.5424">
        <ele>241.5</ele>
      </trkpt>
      <trkpt lat="45.22136" lon="-72.54209">
        <ele>239.9</ele>
      </trkpt>
      <trkpt lat="45.22141" lon="-72.54174">
        <ele>237.6</ele>
      </trkpt>
      <trkpt lat="45.22148" lon="-72.54159">
        <ele>237.6</ele>
      </trkpt>
      <trkpt lat="45.22159" lon="-72.54145">
        <ele>233.7</ele>
      </trkpt>
      <trkpt lat="45.22193" lon="-72.5411">
        <ele>231.1</ele>
      </trkpt>
      <trkpt lat="45.22203" lon="-72.54096">
        <ele>228.4</ele>
      </trkpt>
      <trkpt lat="45.22232" lon="-72.54042">
        <ele>224</ele>
      </trkpt>
      <trkpt lat="45.22248" lon="-72.54007">
        <ele>222.2</ele>
      </trkpt>
      <trkpt lat="45.22259" lon="-72.53977">
        <ele>219.7</ele>
      </trkpt>
      <trkpt lat="45.22263" lon="-72.53954">
        <ele>216.8</ele>
      </trkpt>
      <trkpt lat="45.22246" lon="-72.53855">
        <ele>212.2</ele>
      </trkpt>
      <trkpt lat="45.22242" lon="-72.537686">
        <ele>210.8</ele>
      </trkpt>
      <trkpt lat="45.22238" lon="-72.536823">
        <ele>204.4</ele>
      </trkpt>
      <trkpt lat="45.22234" lon="-72.53596">
        <ele>200.1</ele>
      </trkpt>
      <trkpt lat="45.222325" lon="-72.534969">
        <ele>199.6</ele>
      </trkpt>
      <trkpt lat="45.22231" lon="-72.53398">
        <ele>201.2</ele>
      </trkpt>
      <trkpt lat="45.22235" lon="-72.533">
        <ele>202.1</ele>
      </trkpt>
      <trkpt lat="45.22234" lon="-72.53271">
        <ele>202.2</ele>
      </trkpt>
    </trkseg>
  </trk>
</gpx>