<?xml version='1.0' encoding='utf-8'?>
<gpx xmlns="http://www.topografix.com/GPX/1/1" xmlns:xsi="http://www.w3.org/2001/XMLSchema-instance" version="1.1" creator="Gravelle Estrie" xsi:schemaLocation="http://www.topografix.com/GPX/1/1 http://www.topografix.com/GPX/1/1/gpx.xsd">
  <metadata>
    <name>We Were Young</name>
  </metadata>
  <trk>
    <name>We Were Young</name>
    <trkseg>
      <trkpt lat="45.16952" lon="-72.04287">
        <ele>170.75</ele>
      </trkpt>
      <trkpt lat="45.16913" lon="-72.04196">
        <ele>171.01</ele>
      </trkpt>
      <trkpt lat="45.1687433" lon="-72.0411167">
        <ele>171.02</ele>
      </trkpt>
      <trkpt lat="45.1683567" lon="-72.0402733">
        <ele>171.29</ele>
      </trkpt>
      <trkpt lat="45.16797" lon="-72.03943">
        <ele>171.48</ele>
      </trkpt>
      <trkpt lat="45.16815" lon="-72.03929">
        <ele>171.4</ele>
      </trkpt>
      <trkpt lat="45.1686" lon="-72.03908">
        <ele>171.45</ele>
      </trkpt>
      <trkpt lat="45.16858" lon="-72.03872">
        <ele>172.01</ele>
      </trkpt>
      <trkpt lat="45.16831" lon="-72.03875">
        <ele>172.04</ele>
      </trkpt>
      <trkpt lat="45.16824" lon="-72.03873">
        <ele>172.04</ele>
      </trkpt>
      <trkpt lat="45.16819" lon="-72.03868">
        <ele>172.08</ele>
      </trkpt>
      <trkpt lat="45.16816" lon="-72.03861">
        <ele>172.08</ele>
      </trkpt>
      <trkpt lat="45.16786" lon="-72.03853">
        <ele>172.22</ele>
      </trkpt>
      <trkpt lat="45.16778" lon="-72.0384">
        <ele>172.22</ele>
      </trkpt>
      <trkpt lat="45.167115" lon="-72.03813">
        <ele>172.4</ele>
      </trkpt>
      <trkpt lat="45.16645" lon="-72.03786">
        <ele>172.58</ele>
      </trkpt>
      <trkpt lat="45.16588" lon="-72.037645">
        <ele>172.69</ele>
      </trkpt>
      <trkpt lat="45.16531" lon="-72.03743">
        <ele>172.26</ele>
      </trkpt>
      <trkpt lat="45.16464" lon="-72.037195">
        <ele>171.36</ele>
      </trkpt>
      <trkpt lat="45.16397" lon="-72.03696">
        <ele>170.95</ele>
      </trkpt>
      <trkpt lat="45.16397" lon="-72.03696">
        <ele>170.95</ele>
      </trkpt>
      <trkpt lat="45.16345" lon="-72.03681">
        <ele>170.28</ele>
      </trkpt>
      <trkpt lat="45.16316" lon="-72.03677">
        <ele>169.98</ele>
      </trkpt>
      <trkpt lat="45.16294" lon="-72.03677">
        <ele>169.81</ele>
      </trkpt>
      <trkpt lat="45.16232" lon="-72.03685">
        <ele>169.08</ele>
      </trkpt>
      <trkpt lat="45.16223" lon="-72.0368">
        <ele>168.99</ele>
      </trkpt>
      <trkpt lat="45.16198" lon="-72.03639">
        <ele>168.92</ele>
      </trkpt>
      <trkpt lat="45.16194" lon="-72.03635">
        <ele>168.92</ele>
      </trkpt>
      <trkpt lat="45.16187" lon="-72.03633">
        <ele>168.85</ele>
      </trkpt>
      <trkpt lat="45.16163" lon="-72.03541">
        <ele>169.29</ele>
      </trkpt>
      <trkpt lat="45.1624" lon="-72.0351">
        <ele>168.23</ele>
      </trkpt>
      <trkpt lat="45.1626" lon="-72.03497">
        <ele>167.83</ele>
      </trkpt>
      <trkpt lat="45.16274" lon="-72.0348">
        <ele>167.73</ele>
      </trkpt>
      <trkpt lat="45.16285" lon="-72.0346">
        <ele>167.43</ele>
      </trkpt>
      <trkpt lat="45.16302" lon="-72.03411">
        <ele>167.48</ele>
      </trkpt>
      <trkpt lat="45.16315" lon="-72.0335">
        <ele>167.06</ele>
      </trkpt>
      <trkpt lat="45.16316" lon="-72.03295">
        <ele>166.02</ele>
      </trkpt>
      <trkpt lat="45.1631" lon="-72.03232">
        <ele>165.67</ele>
      </trkpt>
      <trkpt lat="45.1629933" lon="-72.0313833">
        <ele>165.22</ele>
      </trkpt>
      <trkpt lat="45.1628867" lon="-72.0304467">
        <ele>165.26</ele>
      </trkpt>
      <trkpt lat="45.16278" lon="-72.02951">
        <ele>165.69</ele>
      </trkpt>
      <trkpt lat="45.16278" lon="-72.02937">
        <ele>166</ele>
      </trkpt>
      <trkpt lat="45.16284" lon="-72.02919">
        <ele>166.38</ele>
      </trkpt>
      <trkpt lat="45.16288" lon="-72.02913">
        <ele>166.78</ele>
      </trkpt>
      <trkpt lat="45.16322" lon="-72.02883">
        <ele>167.16</ele>
      </trkpt>
      <trkpt lat="45.16331" lon="-72.02866">
        <ele>167.18</ele>
      </trkpt>
      <trkpt lat="45.16365" lon="-72.02789">
        <ele>169.07</ele>
      </trkpt>
      <trkpt lat="45.16378" lon="-72.02762">
        <ele>170.48</ele>
      </trkpt>
      <trkpt lat="45.16414" lon="-72.026705">
        <ele>172.44</ele>
      </trkpt>
      <trkpt lat="45.1645" lon="-72.02579">
        <ele>174.04</ele>
      </trkpt>
      <trkpt lat="45.16454" lon="-72.0256">
        <ele>174.04</ele>
      </trkpt>
      <trkpt lat="45.1646033" lon="-72.02474">
        <ele>174.16</ele>
      </trkpt>
      <trkpt lat="45.1646667" lon="-72.02388">
        <ele>174.15</ele>
      </trkpt>
      <trkpt lat="45.16473" lon="-72.02302">
        <ele>174.92</ele>
      </trkpt>
      <trkpt lat="45.1641367" lon="-72.0226933">
        <ele>179.67</ele>
      </trkpt>
      <trkpt lat="45.1635433" lon="-72.0223667">
        <ele>185.23</ele>
      </trkpt>
      <trkpt lat="45.16295" lon="-72.02204">
        <ele>186.68</ele>
      </trkpt>
      <trkpt lat="45.1623033" lon="-72.0216633">
        <ele>187.16</ele>
      </trkpt>
      <trkpt lat="45.1616567" lon="-72.0212867">
        <ele>187.5</ele>
      </trkpt>
      <trkpt lat="45.16101" lon="-72.02091">
        <ele>188.33</ele>
      </trkpt>
      <trkpt lat="45.16056" lon="-72.02069">
        <ele>189.06</ele>
      </trkpt>
      <trkpt lat="45.16004" lon="-72.0206">
        <ele>188.91</ele>
      </trkpt>
      <trkpt lat="45.15988" lon="-72.02054">
        <ele>189.21</ele>
      </trkpt>
      <trkpt lat="45.15976" lon="-72.02042">
        <ele>189.77</ele>
      </trkpt>
      <trkpt lat="45.15953" lon="-72.02014">
        <ele>190.85</ele>
      </trkpt>
      <trkpt lat="45.1591425" lon="-72.0192275">
        <ele>190.95</ele>
      </trkpt>
      <trkpt lat="45.158755" lon="-72.018315">
        <ele>193.33</ele>
      </trkpt>
      <trkpt lat="45.1583675" lon="-72.0174025">
        <ele>197.11</ele>
      </trkpt>
      <trkpt lat="45.15798" lon="-72.01649">
        <ele>201.68</ele>
      </trkpt>
      <trkpt lat="45.15773" lon="-72.01599">
        <ele>203.7</ele>
      </trkpt>
      <trkpt lat="45.15728" lon="-72.01527">
        <ele>203.7</ele>
      </trkpt>
      <trkpt lat="45.15728" lon="-72.01527">
        <ele>203.69</ele>
      </trkpt>
      <trkpt lat="45.1567467" lon="-72.0144667">
        <ele>205.79</ele>
      </trkpt>
      <trkpt lat="45.1562133" lon="-72.0136633">
        <ele>210.77</ele>
      </trkpt>
      <trkpt lat="45.15568" lon="-72.01286">
        <ele>218.76</ele>
      </trkpt>
      <trkpt lat="45.15626" lon="-72.012425">
        <ele>221.55</ele>
      </trkpt>
      <trkpt lat="45.15684" lon="-72.01199">
        <ele>223.4</ele>
      </trkpt>
      <trkpt lat="45.157554" lon="-72.01135">
        <ele>224.47</ele>
      </trkpt>
      <trkpt lat="45.158268" lon="-72.01071">
        <ele>225.29</ele>
      </trkpt>
      <trkpt lat="45.158982" lon="-72.01007">
        <ele>225.74</ele>
      </trkpt>
      <trkpt lat="45.159696" lon="-72.00943">
        <ele>224.53</ele>
      </trkpt>
      <trkpt lat="45.16041" lon="-72.00879">
        <ele>225.14</ele>
      </trkpt>
      <trkpt lat="45.16038" lon="-72.00752">
        <ele>229.9</ele>
      </trkpt>
      <trkpt lat="45.16033" lon="-72.00695">
        <ele>232</ele>
      </trkpt>
      <trkpt lat="45.16025" lon="-72.0064">
        <ele>233.71</ele>
      </trkpt>
      <trkpt lat="45.159965" lon="-72.00542">
        <ele>235.76</ele>
      </trkpt>
      <trkpt lat="45.15968" lon="-72.00444">
        <ele>240.02</ele>
      </trkpt>
      <trkpt lat="45.15936" lon="-72.00347">
        <ele>241.91</ele>
      </trkpt>
      <trkpt lat="45.15936" lon="-72.00347">
        <ele>241.91</ele>
      </trkpt>
      <trkpt lat="45.15929" lon="-72.00323">
        <ele>242.37</ele>
      </trkpt>
      <trkpt lat="45.1590272" lon="-72.0020657">
        <ele>245.34</ele>
      </trkpt>
      <trkpt lat="45.1587643" lon="-72.0009014">
        <ele>248.99</ele>
      </trkpt>
      <trkpt lat="45.1585015" lon="-71.9997371">
        <ele>253.48</ele>
      </trkpt>
      <trkpt lat="45.1582386" lon="-71.9985728">
        <ele>256.98</ele>
      </trkpt>
      <trkpt lat="45.1579758" lon="-71.9974085">
        <ele>261.16</ele>
      </trkpt>
      <trkpt lat="45.1577129" lon="-71.9962443">
        <ele>266.3</ele>
      </trkpt>
      <trkpt lat="45.15745" lon="-71.99508">
        <ele>269.19</ele>
      </trkpt>
      <trkpt lat="45.1573" lon="-71.99422">
        <ele>272.19</ele>
      </trkpt>
      <trkpt lat="45.15711" lon="-71.99338">
        <ele>274.45</ele>
      </trkpt>
      <trkpt lat="45.15693" lon="-71.992725">
        <ele>276.01</ele>
      </trkpt>
      <trkpt lat="45.15675" lon="-71.99207">
        <ele>279.2</ele>
      </trkpt>
      <trkpt lat="45.15658" lon="-71.99168">
        <ele>280.33</ele>
      </trkpt>
      <trkpt lat="45.15626" lon="-71.99107">
        <ele>281.61</ele>
      </trkpt>
      <trkpt lat="45.15594" lon="-71.99046">
        <ele>283.44</ele>
      </trkpt>
      <trkpt lat="45.155615" lon="-71.98988">
        <ele>283.71</ele>
      </trkpt>
      <trkpt lat="45.15529" lon="-71.9893">
        <ele>283.72</ele>
      </trkpt>
      <trkpt lat="45.155025" lon="-71.988785">
        <ele>284.11</ele>
      </trkpt>
      <trkpt lat="45.15476" lon="-71.98827">
        <ele>284.24</ele>
      </trkpt>
      <trkpt lat="45.1545" lon="-71.98773">
        <ele>284.56</ele>
      </trkpt>
      <trkpt lat="45.15424" lon="-71.98719">
        <ele>285.32</ele>
      </trkpt>
      <trkpt lat="45.1541" lon="-71.98675">
        <ele>286.1</ele>
      </trkpt>
      <trkpt lat="45.15401" lon="-71.98635">
        <ele>286.89</ele>
      </trkpt>
      <trkpt lat="45.15388" lon="-71.98556">
        <ele>288.84</ele>
      </trkpt>
      <trkpt lat="45.15375" lon="-71.98477">
        <ele>289.4</ele>
      </trkpt>
      <trkpt lat="45.15364" lon="-71.98397">
        <ele>290.46</ele>
      </trkpt>
      <trkpt lat="45.1536" lon="-71.98321">
        <ele>290.39</ele>
      </trkpt>
      <trkpt lat="45.15356" lon="-71.98245">
        <ele>286.33</ele>
      </trkpt>
      <trkpt lat="45.153485" lon="-71.981665">
        <ele>278.53</ele>
      </trkpt>
      <trkpt lat="45.15341" lon="-71.98088">
        <ele>275.28</ele>
      </trkpt>
      <trkpt lat="45.15325" lon="-71.97976">
        <ele>272.64</ele>
      </trkpt>
      <trkpt lat="45.1530367" lon="-71.9787733">
        <ele>273.76</ele>
      </trkpt>
      <trkpt lat="45.1528233" lon="-71.9777867">
        <ele>276.02</ele>
      </trkpt>
      <trkpt lat="45.15261" lon="-71.9768">
        <ele>276.35</ele>
      </trkpt>
      <trkpt lat="45.15239" lon="-71.9756">
        <ele>276.56</ele>
      </trkpt>
      <trkpt lat="45.15229" lon="-71.97494">
        <ele>278.92</ele>
      </trkpt>
      <trkpt lat="45.15217" lon="-71.97424">
        <ele>283.51</ele>
      </trkpt>
      <trkpt lat="45.15205" lon="-71.97354">
        <ele>285.81</ele>
      </trkpt>
      <trkpt lat="45.15197" lon="-71.972755">
        <ele>286.22</ele>
      </trkpt>
      <trkpt lat="45.15189" lon="-71.97197">
        <ele>286.01</ele>
      </trkpt>
      <trkpt lat="45.15186" lon="-71.97143">
        <ele>286.36</ele>
      </trkpt>
      <trkpt lat="45.15186" lon="-71.97064">
        <ele>287.05</ele>
      </trkpt>
      <trkpt lat="45.15186" lon="-71.96985">
        <ele>287.26</ele>
      </trkpt>
      <trkpt lat="45.15185" lon="-71.968845">
        <ele>287.55</ele>
      </trkpt>
      <trkpt lat="45.15184" lon="-71.96784">
        <ele>292.02</ele>
      </trkpt>
      <trkpt lat="45.15183" lon="-71.966835">
        <ele>295.58</ele>
      </trkpt>
      <trkpt lat="45.15182" lon="-71.96583">
        <ele>298.67</ele>
      </trkpt>
      <trkpt lat="45.152505" lon="-71.9658">
        <ele>297.59</ele>
      </trkpt>
      <trkpt lat="45.15319" lon="-71.96577">
        <ele>296.92</ele>
      </trkpt>
      <trkpt lat="45.153875" lon="-71.96574">
        <ele>301.82</ele>
      </trkpt>
      <trkpt lat="45.15456" lon="-71.96571">
        <ele>305.2</ele>
      </trkpt>
      <trkpt lat="45.15528" lon="-71.96562">
        <ele>305.47</ele>
      </trkpt>
      <trkpt lat="45.15548" lon="-71.96553">
        <ele>305.62</ele>
      </trkpt>
      <trkpt lat="45.15571" lon="-71.9653">
        <ele>305.62</ele>
      </trkpt>
      <trkpt lat="45.15625" lon="-71.96468">
        <ele>305.41</ele>
      </trkpt>
      <trkpt lat="45.15644" lon="-71.96441">
        <ele>305.84</ele>
      </trkpt>
      <trkpt lat="45.15703" lon="-71.96348">
        <ele>307.25</ele>
      </trkpt>
      <trkpt lat="45.15746" lon="-71.9627375">
        <ele>309.73</ele>
      </trkpt>
      <trkpt lat="45.15789" lon="-71.961995">
        <ele>312.48</ele>
      </trkpt>
      <trkpt lat="45.15832" lon="-71.9612525">
        <ele>311.94</ele>
      </trkpt>
      <trkpt lat="45.15875" lon="-71.96051">
        <ele>310.98</ele>
      </trkpt>
      <trkpt lat="45.159145" lon="-71.96001">
        <ele>310.55</ele>
      </trkpt>
      <trkpt lat="45.15954" lon="-71.95951">
        <ele>309.73</ele>
      </trkpt>
      <trkpt lat="45.15981" lon="-71.95926">
        <ele>310.6</ele>
      </trkpt>
      <trkpt lat="45.16011" lon="-71.95903">
        <ele>311.66</ele>
      </trkpt>
      <trkpt lat="45.16041" lon="-71.95872">
        <ele>312.52</ele>
      </trkpt>
      <trkpt lat="45.16082" lon="-71.95827">
        <ele>311.28</ele>
      </trkpt>
      <trkpt lat="45.1614175" lon="-71.9575175">
        <ele>310.55</ele>
      </trkpt>
      <trkpt lat="45.162015" lon="-71.956765">
        <ele>311.49</ele>
      </trkpt>
      <trkpt lat="45.1626125" lon="-71.9560125">
        <ele>311.32</ele>
      </trkpt>
      <trkpt lat="45.16321" lon="-71.95526">
        <ele>308.76</ele>
      </trkpt>
      <trkpt lat="45.1638367" lon="-71.95446">
        <ele>309.48</ele>
      </trkpt>
      <trkpt lat="45.1644633" lon="-71.95366">
        <ele>309.72</ele>
      </trkpt>
      <trkpt lat="45.16509" lon="-71.95286">
        <ele>307.56</ele>
      </trkpt>
      <trkpt lat="45.16579" lon="-71.9521">
        <ele>303.56</ele>
      </trkpt>
      <trkpt lat="45.16625" lon="-71.95152">
        <ele>298.41</ele>
      </trkpt>
      <trkpt lat="45.1665" lon="-71.95115">
        <ele>296.12</ele>
      </trkpt>
      <trkpt lat="45.16677" lon="-71.95066">
        <ele>296.75</ele>
      </trkpt>
      <trkpt lat="45.16728" lon="-71.9499">
        <ele>304.54</ele>
      </trkpt>
      <trkpt lat="45.16779" lon="-71.94914">
        <ele>309.56</ele>
      </trkpt>
      <trkpt lat="45.16827" lon="-71.94847">
        <ele>307.46</ele>
      </trkpt>
      <trkpt lat="45.16873" lon="-71.9477767">
        <ele>306.4</ele>
      </trkpt>
      <trkpt lat="45.16919" lon="-71.9470833">
        <ele>306.33</ele>
      </trkpt>
      <trkpt lat="45.16965" lon="-71.94639">
        <ele>306.48</ele>
      </trkpt>
      <trkpt lat="45.1702167" lon="-71.94567">
        <ele>305.48</ele>
      </trkpt>
      <trkpt lat="45.1707834" lon="-71.9449501">
        <ele>305.09</ele>
      </trkpt>
      <trkpt lat="45.17135" lon="-71.9442301">
        <ele>304.48</ele>
      </trkpt>
      <trkpt lat="45.1719167" lon="-71.9435101">
        <ele>307.5</ele>
      </trkpt>
      <trkpt lat="45.1724833" lon="-71.94279">
        <ele>312.67</ele>
      </trkpt>
      <trkpt lat="45.17305" lon="-71.94207">
        <ele>309.13</ele>
      </trkpt>
      <trkpt lat="45.17366" lon="-71.94131">
        <ele>305.33</ele>
      </trkpt>
      <trkpt lat="45.17396" lon="-71.941">
        <ele>304.49</ele>
      </trkpt>
      <trkpt lat="45.1747267" lon="-71.9403517">
        <ele>304.23</ele>
      </trkpt>
      <trkpt lat="45.1754933" lon="-71.9397034">
        <ele>305.38</ele>
      </trkpt>
      <trkpt lat="45.17626" lon="-71.9390551">
        <ele>306.51</ele>
      </trkpt>
      <trkpt lat="45.1770267" lon="-71.9384067">
        <ele>307.78</ele>
      </trkpt>
      <trkpt lat="45.1777933" lon="-71.9377584">
        <ele>310.45</ele>
      </trkpt>
      <trkpt lat="45.17856" lon="-71.93711">
        <ele>313.7</ele>
      </trkpt>
      <trkpt lat="45.17855" lon="-71.93712">
        <ele>313.63</ele>
      </trkpt>
      <trkpt lat="45.17895" lon="-71.9368">
        <ele>315.76</ele>
      </trkpt>
      <trkpt lat="45.17935" lon="-71.93648">
        <ele>317.32</ele>
      </trkpt>
      <trkpt lat="45.17959" lon="-71.93634">
        <ele>317.59</ele>
      </trkpt>
      <trkpt lat="45.17996" lon="-71.93616">
        <ele>317.19</ele>
      </trkpt>
      <trkpt lat="45.18047" lon="-71.93599">
        <ele>315.99</ele>
      </trkpt>
      <trkpt lat="45.18101" lon="-71.93589">
        <ele>314.77</ele>
      </trkpt>
      <trkpt lat="45.18172" lon="-71.93589">
        <ele>315.45</ele>
      </trkpt>
      <trkpt lat="45.18222" lon="-71.935955">
        <ele>316.87</ele>
      </trkpt>
      <trkpt lat="45.18272" lon="-71.93602">
        <ele>318.12</ele>
      </trkpt>
      <trkpt lat="45.18327" lon="-71.93615">
        <ele>318.41</ele>
      </trkpt>
      <trkpt lat="45.183815" lon="-71.936295">
        <ele>315.64</ele>
      </trkpt>
      <trkpt lat="45.18436" lon="-71.93644">
        <ele>312.99</ele>
      </trkpt>
      <trkpt lat="45.18511" lon="-71.93667">
        <ele>310.12</ele>
      </trkpt>
      <trkpt lat="45.18586" lon="-71.9369">
        <ele>306.18</ele>
      </trkpt>
      <trkpt lat="45.18654" lon="-71.93716">
        <ele>305.55</ele>
      </trkpt>
      <trkpt lat="45.187415" lon="-71.93719">
        <ele>305.43</ele>
      </trkpt>
      <trkpt lat="45.18829" lon="-71.93722">
        <ele>305.34</ele>
      </trkpt>
      <trkpt lat="45.189165" lon="-71.93725">
        <ele>304.53</ele>
      </trkpt>
      <trkpt lat="45.19004" lon="-71.93728">
        <ele>307.42</ele>
      </trkpt>
      <trkpt lat="45.190915" lon="-71.93731">
        <ele>310.75</ele>
      </trkpt>
      <trkpt lat="45.19179" lon="-71.93734">
        <ele>304.6</ele>
      </trkpt>
      <trkpt lat="45.19248" lon="-71.93741">
        <ele>296.05</ele>
      </trkpt>
      <trkpt lat="45.19274" lon="-71.93755">
        <ele>293.46</ele>
      </trkpt>
      <trkpt lat="45.19272" lon="-71.93728">
        <ele>294.65</ele>
      </trkpt>
      <trkpt lat="45.19285" lon="-71.93664">
        <ele>298.92</ele>
      </trkpt>
      <trkpt lat="45.19298" lon="-71.93619">
        <ele>300.66</ele>
      </trkpt>
      <trkpt lat="45.1933725" lon="-71.935365">
        <ele>304.24</ele>
      </trkpt>
      <trkpt lat="45.193765" lon="-71.93454">
        <ele>306.83</ele>
      </trkpt>
      <trkpt lat="45.1941575" lon="-71.933715">
        <ele>312.32</ele>
      </trkpt>
      <trkpt lat="45.19455" lon="-71.93289">
        <ele>318.73</ele>
      </trkpt>
      <trkpt lat="45.194955" lon="-71.93186">
        <ele>320.04</ele>
      </trkpt>
      <trkpt lat="45.19536" lon="-71.93083">
        <ele>320.07</ele>
      </trkpt>
      <trkpt lat="45.195795" lon="-71.929815">
        <ele>325.79</ele>
      </trkpt>
      <trkpt lat="45.19623" lon="-71.9288">
        <ele>324.66</ele>
      </trkpt>
      <trkpt lat="45.1963" lon="-71.92882">
        <ele>323.95</ele>
      </trkpt>
      <trkpt lat="45.19646" lon="-71.92873">
        <ele>323.53</ele>
      </trkpt>
      <trkpt lat="45.19719" lon="-71.9281675">
        <ele>320.35</ele>
      </trkpt>
      <trkpt lat="45.19792" lon="-71.927605">
        <ele>316.66</ele>
      </trkpt>
      <trkpt lat="45.19865" lon="-71.9270425">
        <ele>315.71</ele>
      </trkpt>
      <trkpt lat="45.19938" lon="-71.92648">
        <ele>318.49</ele>
      </trkpt>
      <trkpt lat="45.19992" lon="-71.92608">
        <ele>322.41</ele>
      </trkpt>
      <trkpt lat="45.20046" lon="-71.92568">
        <ele>322.49</ele>
      </trkpt>
      <trkpt lat="45.201" lon="-71.92528">
        <ele>320.7</ele>
      </trkpt>
      <trkpt lat="45.201" lon="-71.92529">
        <ele>320.71</ele>
      </trkpt>
      <trkpt lat="45.2015" lon="-71.92492">
        <ele>319.07</ele>
      </trkpt>
      <trkpt lat="45.20177" lon="-71.92465">
        <ele>317.23</ele>
      </trkpt>
      <trkpt lat="45.202358" lon="-71.92396">
        <ele>314.92</ele>
      </trkpt>
      <trkpt lat="45.202946" lon="-71.92327">
        <ele>314.01</ele>
      </trkpt>
      <trkpt lat="45.203534" lon="-71.92258">
        <ele>315.05</ele>
      </trkpt>
      <trkpt lat="45.204122" lon="-71.92189">
        <ele>315.81</ele>
      </trkpt>
      <trkpt lat="45.20471" lon="-71.9212">
        <ele>317.85</ele>
      </trkpt>
      <trkpt lat="45.20526" lon="-71.920645">
        <ele>316.86</ele>
      </trkpt>
      <trkpt lat="45.20581" lon="-71.92009">
        <ele>313.72</ele>
      </trkpt>
      <trkpt lat="45.206575" lon="-71.91946">
        <ele>306.44</ele>
      </trkpt>
      <trkpt lat="45.20734" lon="-71.91883">
        <ele>307.03</ele>
      </trkpt>
      <trkpt lat="45.207755" lon="-71.918545">
        <ele>309.77</ele>
      </trkpt>
      <trkpt lat="45.20817" lon="-71.91826">
        <ele>309.1</ele>
      </trkpt>
      <trkpt lat="45.20859" lon="-71.91803">
        <ele>308.17</ele>
      </trkpt>
      <trkpt lat="45.20903" lon="-71.91785">
        <ele>307.45</ele>
      </trkpt>
      <trkpt lat="45.20947" lon="-71.91767">
        <ele>305.3</ele>
      </trkpt>
      <trkpt lat="45.210265" lon="-71.9173675">
        <ele>302.43</ele>
      </trkpt>
      <trkpt lat="45.21106" lon="-71.917065">
        <ele>297.32</ele>
      </trkpt>
      <trkpt lat="45.211855" lon="-71.9167625">
        <ele>294.7</ele>
      </trkpt>
      <trkpt lat="45.21265" lon="-71.91646">
        <ele>293.8</ele>
      </trkpt>
      <trkpt lat="45.21282" lon="-71.91633">
        <ele>292.43</ele>
      </trkpt>
      <trkpt lat="45.21331" lon="-71.91588">
        <ele>291.4</ele>
      </trkpt>
      <trkpt lat="45.21367" lon="-71.91547">
        <ele>289.16</ele>
      </trkpt>
      <trkpt lat="45.21394" lon="-71.91512">
        <ele>287.95</ele>
      </trkpt>
      <trkpt lat="45.21434" lon="-71.914515">
        <ele>286.65</ele>
      </trkpt>
      <trkpt lat="45.21474" lon="-71.91391">
        <ele>286.68</ele>
      </trkpt>
      <trkpt lat="45.21489" lon="-71.91379">
        <ele>287.27</ele>
      </trkpt>
      <trkpt lat="45.2150675" lon="-71.9128375">
        <ele>292.15</ele>
      </trkpt>
      <trkpt lat="45.215245" lon="-71.911885">
        <ele>294.86</ele>
      </trkpt>
      <trkpt lat="45.2154225" lon="-71.9109325">
        <ele>295.06</ele>
      </trkpt>
      <trkpt lat="45.2156" lon="-71.90998">
        <ele>292.79</ele>
      </trkpt>
      <trkpt lat="45.21579" lon="-71.909325">
        <ele>287.85</ele>
      </trkpt>
      <trkpt lat="45.21598" lon="-71.90867">
        <ele>285.23</ele>
      </trkpt>
      <trkpt lat="45.21612" lon="-71.908">
        <ele>288.52</ele>
      </trkpt>
      <trkpt lat="45.2163533" lon="-71.9071933">
        <ele>290.33</ele>
      </trkpt>
      <trkpt lat="45.2165867" lon="-71.9063867">
        <ele>290.67</ele>
      </trkpt>
      <trkpt lat="45.21682" lon="-71.90558">
        <ele>293.83</ele>
      </trkpt>
      <trkpt lat="45.21697" lon="-71.90489">
        <ele>295.04</ele>
      </trkpt>
      <trkpt lat="45.21697" lon="-71.9049">
        <ele>295.02</ele>
      </trkpt>
      <trkpt lat="45.21724" lon="-71.90371">
        <ele>300.61</ele>
      </trkpt>
      <trkpt lat="45.21749" lon="-71.90298">
        <ele>295.34</ele>
      </trkpt>
      <trkpt lat="45.21784" lon="-71.90219">
        <ele>288.11</ele>
      </trkpt>
      <trkpt lat="45.21812" lon="-71.90168">
        <ele>284.51</ele>
      </trkpt>
      <trkpt lat="45.21868" lon="-71.90079">
        <ele>280.47</ele>
      </trkpt>
      <trkpt lat="45.21873" lon="-71.90065">
        <ele>280.41</ele>
      </trkpt>
      <trkpt lat="45.21876" lon="-71.90048">
        <ele>280.51</ele>
      </trkpt>
      <trkpt lat="45.21931" lon="-71.90012">
        <ele>284.16</ele>
      </trkpt>
      <trkpt lat="45.21992" lon="-71.89967">
        <ele>290.86</ele>
      </trkpt>
      <trkpt lat="45.220635" lon="-71.8991717">
        <ele>290.39</ele>
      </trkpt>
      <trkpt lat="45.22135" lon="-71.8986734">
        <ele>289.66</ele>
      </trkpt>
      <trkpt lat="45.222065" lon="-71.8981751">
        <ele>292.09</ele>
      </trkpt>
      <trkpt lat="45.22278" lon="-71.8976767">
        <ele>292.97</ele>
      </trkpt>
      <trkpt lat="45.223495" lon="-71.8971784">
        <ele>293.77</ele>
      </trkpt>
      <trkpt lat="45.22421" lon="-71.89668">
        <ele>290.16</ele>
      </trkpt>
      <trkpt lat="45.22462" lon="-71.89636">
        <ele>286.34</ele>
      </trkpt>
      <trkpt lat="45.22503" lon="-71.89604">
        <ele>283.18</ele>
      </trkpt>
      <trkpt lat="45.2256467" lon="-71.8955033">
        <ele>282.39</ele>
      </trkpt>
      <trkpt lat="45.2262633" lon="-71.8949667">
        <ele>283.05</ele>
      </trkpt>
      <trkpt lat="45.22688" lon="-71.89443">
        <ele>282.2</ele>
      </trkpt>
      <trkpt lat="45.22702" lon="-71.89434">
        <ele>281.42</ele>
      </trkpt>
      <trkpt lat="45.22762" lon="-71.8940433">
        <ele>279.91</ele>
      </trkpt>
      <trkpt lat="45.22822" lon="-71.8937467">
        <ele>279.31</ele>
      </trkpt>
      <trkpt lat="45.22882" lon="-71.89345">
        <ele>280.23</ele>
      </trkpt>
      <trkpt lat="45.22927" lon="-71.89327">
        <ele>281.27</ele>
      </trkpt>
      <trkpt lat="45.22977" lon="-71.89313">
        <ele>281.17</ele>
      </trkpt>
      <trkpt lat="45.22987" lon="-71.89311">
        <ele>280.77</ele>
      </trkpt>
      <trkpt lat="45.22986" lon="-71.89311">
        <ele>280.78</ele>
      </trkpt>
      <trkpt lat="45.23049" lon="-71.89301">
        <ele>279.81</ele>
      </trkpt>
      <trkpt lat="45.230955" lon="-71.893">
        <ele>279.89</ele>
      </trkpt>
      <trkpt lat="45.23142" lon="-71.89299">
        <ele>279.74</ele>
      </trkpt>
      <trkpt lat="45.23193" lon="-71.893">
        <ele>279.19</ele>
      </trkpt>
      <trkpt lat="45.23258" lon="-71.89308">
        <ele>279.31</ele>
      </trkpt>
      <trkpt lat="45.23323" lon="-71.89316">
        <ele>280.51</ele>
      </trkpt>
      <trkpt lat="45.2332067" lon="-71.8921733">
        <ele>279.37</ele>
      </trkpt>
      <trkpt lat="45.2331833" lon="-71.8911867">
        <ele>279.1</ele>
      </trkpt>
      <trkpt lat="45.23316" lon="-71.8902">
        <ele>279.6</ele>
      </trkpt>
      <trkpt lat="45.2331475" lon="-71.8890525">
        <ele>279.71</ele>
      </trkpt>
      <trkpt lat="45.233135" lon="-71.887905">
        <ele>279.57</ele>
      </trkpt>
      <trkpt lat="45.2331225" lon="-71.8867575">
        <ele>277.68</ele>
      </trkpt>
      <trkpt lat="45.23311" lon="-71.88561">
        <ele>274.98</ele>
      </trkpt>
      <trkpt lat="45.2330875" lon="-71.8846175">
        <ele>274.33</ele>
      </trkpt>
      <trkpt lat="45.233065" lon="-71.883625">
        <ele>273.52</ele>
      </trkpt>
      <trkpt lat="45.2330425" lon="-71.8826325">
        <ele>272.53</ele>
      </trkpt>
      <trkpt lat="45.23302" lon="-71.88164">
        <ele>271.49</ele>
      </trkpt>
      <trkpt lat="45.23304" lon="-71.88101">
        <ele>271.68</ele>
      </trkpt>
      <trkpt lat="45.23309" lon="-71.88073">
        <ele>271.48</ele>
      </trkpt>
      <trkpt lat="45.23313" lon="-71.88058">
        <ele>271.48</ele>
      </trkpt>
      <trkpt lat="45.23312" lon="-71.88058">
        <ele>271.48</ele>
      </trkpt>
      <trkpt lat="45.23322" lon="-71.88021">
        <ele>271.15</ele>
      </trkpt>
      <trkpt lat="45.23335" lon="-71.87989">
        <ele>270.76</ele>
      </trkpt>
      <trkpt lat="45.233675" lon="-71.87926">
        <ele>270.28</ele>
      </trkpt>
      <trkpt lat="45.234" lon="-71.87863">
        <ele>268.94</ele>
      </trkpt>
      <trkpt lat="45.23432" lon="-71.87818">
        <ele>267.45</ele>
      </trkpt>
      <trkpt lat="45.23467" lon="-71.87773">
        <ele>266.46</ele>
      </trkpt>
      <trkpt lat="45.23492" lon="-71.87743">
        <ele>265.74</ele>
      </trkpt>
      <trkpt lat="45.23511" lon="-71.87728">
        <ele>265.43</ele>
      </trkpt>
      <trkpt lat="45.23557" lon="-71.87702">
        <ele>264.69</ele>
      </trkpt>
      <trkpt lat="45.23594" lon="-71.87684">
        <ele>263.42</ele>
      </trkpt>
      <trkpt lat="45.23634" lon="-71.87657">
        <ele>260.56</ele>
      </trkpt>
      <trkpt lat="45.236735" lon="-71.87612">
        <ele>259.2</ele>
      </trkpt>
      <trkpt lat="45.23713" lon="-71.87567">
        <ele>257.8</ele>
      </trkpt>
      <trkpt lat="45.23761" lon="-71.87509">
        <ele>256.88</ele>
      </trkpt>
      <trkpt lat="45.23806" lon="-71.87449">
        <ele>256.56</ele>
      </trkpt>
      <trkpt lat="45.23811" lon="-71.87432">
        <ele>256.39</ele>
      </trkpt>
      <trkpt lat="45.23807" lon="-71.8731">
        <ele>256.01</ele>
      </trkpt>
      <trkpt lat="45.23803" lon="-71.87188">
        <ele>256.06</ele>
      </trkpt>
      <trkpt lat="45.23799" lon="-71.87066">
        <ele>256.21</ele>
      </trkpt>
      <trkpt lat="45.237975" lon="-71.869475">
        <ele>256.77</ele>
      </trkpt>
      <trkpt lat="45.23796" lon="-71.86829">
        <ele>257.15</ele>
      </trkpt>
      <trkpt lat="45.237926" lon="-71.86714">
        <ele>256.48</ele>
      </trkpt>
      <trkpt lat="45.237892" lon="-71.86599">
        <ele>255.11</ele>
      </trkpt>
      <trkpt lat="45.237858" lon="-71.86484">
        <ele>256.43</ele>
      </trkpt>
      <trkpt lat="45.237824" lon="-71.86369">
        <ele>257.35</ele>
      </trkpt>
      <trkpt lat="45.23779" lon="-71.86254">
        <ele>257.92</ele>
      </trkpt>
      <trkpt lat="45.23777" lon="-71.861355">
        <ele>257.01</ele>
      </trkpt>
      <trkpt lat="45.23775" lon="-71.86017">
        <ele>257.12</ele>
      </trkpt>
      <trkpt lat="45.23723" lon="-71.859975">
        <ele>256.5</ele>
      </trkpt>
      <trkpt lat="45.23671" lon="-71.85978">
        <ele>256.44</ele>
      </trkpt>
      <trkpt lat="45.23608" lon="-71.85961">
        <ele>256.09</ele>
      </trkpt>
      <trkpt lat="45.23554" lon="-71.85952">
        <ele>255.33</ele>
      </trkpt>
      <trkpt lat="45.23507" lon="-71.8595">
        <ele>254.58</ele>
      </trkpt>
      <trkpt lat="45.2345" lon="-71.85938">
        <ele>254.93</ele>
      </trkpt>
      <trkpt lat="45.23384" lon="-71.85915">
        <ele>256.6</ele>
      </trkpt>
      <trkpt lat="45.23298" lon="-71.85888">
        <ele>257.65</ele>
      </trkpt>
      <trkpt lat="45.232165" lon="-71.8584775">
        <ele>257.3</ele>
      </trkpt>
      <trkpt lat="45.23135" lon="-71.858075">
        <ele>257.34</ele>
      </trkpt>
      <trkpt lat="45.230535" lon="-71.8576725">
        <ele>257.56</ele>
      </trkpt>
      <trkpt lat="45.22972" lon="-71.85727">
        <ele>259.37</ele>
      </trkpt>
      <trkpt lat="45.229016" lon="-71.856906">
        <ele>260.26</ele>
      </trkpt>
      <trkpt lat="45.228312" lon="-71.856542">
        <ele>260.47</ele>
      </trkpt>
      <trkpt lat="45.227608" lon="-71.856178">
        <ele>260.18</ele>
      </trkpt>
      <trkpt lat="45.226904" lon="-71.855814">
        <ele>261.11</ele>
      </trkpt>
      <trkpt lat="45.2262" lon="-71.85545">
        <ele>261.91</ele>
      </trkpt>
      <trkpt lat="45.2262" lon="-71.85545">
        <ele>261.91</ele>
      </trkpt>
      <trkpt lat="45.22538" lon="-71.85503">
        <ele>263.62</ele>
      </trkpt>
      <trkpt lat="45.22456" lon="-71.85461">
        <ele>265.75</ele>
      </trkpt>
      <trkpt lat="45.22374" lon="-71.85419">
        <ele>269.81</ele>
      </trkpt>
      <trkpt lat="45.2230133" lon="-71.8538667">
        <ele>272.12</ele>
      </trkpt>
      <trkpt lat="45.2222867" lon="-71.8535433">
        <ele>273.08</ele>
      </trkpt>
      <trkpt lat="45.22156" lon="-71.85322">
        <ele>273.23</ele>
      </trkpt>
      <trkpt lat="45.2212" lon="-71.85302">
        <ele>273.06</ele>
      </trkpt>
      <trkpt lat="45.22101" lon="-71.85288">
        <ele>273.28</ele>
      </trkpt>
      <trkpt lat="45.22084" lon="-71.85267">
        <ele>273.27</ele>
      </trkpt>
      <trkpt lat="45.22108" lon="-71.85227">
        <ele>271.8</ele>
      </trkpt>
      <trkpt lat="45.22127" lon="-71.85181">
        <ele>270.09</ele>
      </trkpt>
      <trkpt lat="45.22139" lon="-71.85142">
        <ele>269.25</ele>
      </trkpt>
      <trkpt lat="45.22147" lon="-71.85101">
        <ele>267.63</ele>
      </trkpt>
      <trkpt lat="45.22153" lon="-71.85056">
        <ele>265.98</ele>
      </trkpt>
      <trkpt lat="45.22155" lon="-71.85024">
        <ele>265.1</ele>
      </trkpt>
      <trkpt lat="45.22151" lon="-71.8493167">
        <ele>262.63</ele>
      </trkpt>
      <trkpt lat="45.22147" lon="-71.8483933">
        <ele>258.99</ele>
      </trkpt>
      <trkpt lat="45.22143" lon="-71.84747">
        <ele>255.99</ele>
      </trkpt>
      <trkpt lat="45.22146" lon="-71.84658">
        <ele>251.91</ele>
      </trkpt>
      <trkpt lat="45.220575" lon="-71.846555">
        <ele>253.44</ele>
      </trkpt>
      <trkpt lat="45.21969" lon="-71.84653">
        <ele>255.75</ele>
      </trkpt>
      <trkpt lat="45.218805" lon="-71.846505">
        <ele>257.37</ele>
      </trkpt>
      <trkpt lat="45.21792" lon="-71.84648">
        <ele>260.12</ele>
      </trkpt>
      <trkpt lat="45.217035" lon="-71.846455">
        <ele>264.55</ele>
      </trkpt>
      <trkpt lat="45.21615" lon="-71.84643">
        <ele>270.23</ele>
      </trkpt>
      <trkpt lat="45.215265" lon="-71.846405">
        <ele>272.07</ele>
      </trkpt>
      <trkpt lat="45.21438" lon="-71.84638">
        <ele>277.04</ele>
      </trkpt>
      <trkpt lat="45.21377" lon="-71.84641">
        <ele>277.01</ele>
      </trkpt>
      <trkpt lat="45.21376" lon="-71.84641">
        <ele>277.01</ele>
      </trkpt>
      <trkpt lat="45.21347" lon="-71.84645">
        <ele>277.47</ele>
      </trkpt>
      <trkpt lat="45.21311" lon="-71.84674">
        <ele>280.99</ele>
      </trkpt>
      <trkpt lat="45.2123967" lon="-71.8474634">
        <ele>284.94</ele>
      </trkpt>
      <trkpt lat="45.2116833" lon="-71.8481867">
        <ele>286.21</ele>
      </trkpt>
      <trkpt lat="45.21097" lon="-71.84891">
        <ele>290.63</ele>
      </trkpt>
      <trkpt lat="45.2104" lon="-71.84926">
        <ele>290.98</ele>
      </trkpt>
      <trkpt lat="45.20987" lon="-71.84966">
        <ele>290.31</ele>
      </trkpt>
      <trkpt lat="45.20916" lon="-71.8503075">
        <ele>292.79</ele>
      </trkpt>
      <trkpt lat="45.20845" lon="-71.850955">
        <ele>296.99</ele>
      </trkpt>
      <trkpt lat="45.20774" lon="-71.8516025">
        <ele>296.37</ele>
      </trkpt>
      <trkpt lat="45.20703" lon="-71.85225">
        <ele>297.22</ele>
      </trkpt>
      <trkpt lat="45.20638" lon="-71.85293">
        <ele>300.45</ele>
      </trkpt>
      <trkpt lat="45.20566" lon="-71.85359">
        <ele>304.12</ele>
      </trkpt>
      <trkpt lat="45.20512" lon="-71.85397">
        <ele>305.08</ele>
      </trkpt>
      <trkpt lat="45.20481" lon="-71.85415">
        <ele>305.69</ele>
      </trkpt>
      <trkpt lat="45.20411" lon="-71.85447">
        <ele>305.77</ele>
      </trkpt>
      <trkpt lat="45.20341" lon="-71.85479">
        <ele>306.09</ele>
      </trkpt>
      <trkpt lat="45.20271" lon="-71.85511">
        <ele>305.86</ele>
      </trkpt>
      <trkpt lat="45.20201" lon="-71.85543">
        <ele>308.35</ele>
      </trkpt>
      <trkpt lat="45.2016" lon="-71.85548">
        <ele>308.3</ele>
      </trkpt>
      <trkpt lat="45.20081" lon="-71.855505">
        <ele>306.86</ele>
      </trkpt>
      <trkpt lat="45.20002" lon="-71.85553">
        <ele>305.71</ele>
      </trkpt>
      <trkpt lat="45.1992567" lon="-71.8555133">
        <ele>302.2</ele>
      </trkpt>
      <trkpt lat="45.1984933" lon="-71.8554967">
        <ele>301.77</ele>
      </trkpt>
      <trkpt lat="45.19773" lon="-71.85548">
        <ele>305.73</ele>
      </trkpt>
      <trkpt lat="45.19725" lon="-71.85544">
        <ele>305.68</ele>
      </trkpt>
      <trkpt lat="45.19674" lon="-71.85535">
        <ele>303.95</ele>
      </trkpt>
      <trkpt lat="45.19633" lon="-71.85526">
        <ele>300.13</ele>
      </trkpt>
      <trkpt lat="45.19579" lon="-71.855125">
        <ele>294.82</ele>
      </trkpt>
      <trkpt lat="45.19525" lon="-71.85499">
        <ele>290.28</ele>
      </trkpt>
      <trkpt lat="45.19476" lon="-71.85482">
        <ele>287.05</ele>
      </trkpt>
      <trkpt lat="45.19437" lon="-71.85467">
        <ele>286.15</ele>
      </trkpt>
      <trkpt lat="45.19358" lon="-71.85424">
        <ele>288.72</ele>
      </trkpt>
      <trkpt lat="45.19317" lon="-71.85409">
        <ele>291.48</ele>
      </trkpt>
      <trkpt lat="45.19286" lon="-71.854">
        <ele>292.58</ele>
      </trkpt>
      <trkpt lat="45.19247" lon="-71.85396">
        <ele>293.7</ele>
      </trkpt>
      <trkpt lat="45.191815" lon="-71.85396">
        <ele>293.09</ele>
      </trkpt>
      <trkpt lat="45.19116" lon="-71.85396">
        <ele>291.42</ele>
      </trkpt>
      <trkpt lat="45.19035" lon="-71.853935">
        <ele>291.08</ele>
      </trkpt>
      <trkpt lat="45.18954" lon="-71.85391">
        <ele>294.82</ele>
      </trkpt>
      <trkpt lat="45.1894" lon="-71.85386">
        <ele>295.62</ele>
      </trkpt>
      <trkpt lat="45.18874" lon="-71.8535">
        <ele>293.43</ele>
      </trkpt>
      <trkpt lat="45.188025" lon="-71.85297">
        <ele>287.68</ele>
      </trkpt>
      <trkpt lat="45.18731" lon="-71.85244">
        <ele>282.43</ele>
      </trkpt>
      <trkpt lat="45.18699" lon="-71.85226">
        <ele>280.66</ele>
      </trkpt>
      <trkpt lat="45.1863" lon="-71.85198">
        <ele>281.93</ele>
      </trkpt>
      <trkpt lat="45.18602" lon="-71.85189">
        <ele>284.77</ele>
      </trkpt>
      <trkpt lat="45.18602" lon="-71.85189">
        <ele>284.79</ele>
      </trkpt>
      <trkpt lat="45.18569" lon="-71.85181">
        <ele>288.12</ele>
      </trkpt>
      <trkpt lat="45.18492" lon="-71.85182">
        <ele>291.87</ele>
      </trkpt>
      <trkpt lat="45.18415" lon="-71.85183">
        <ele>295.35</ele>
      </trkpt>
      <trkpt lat="45.184102" lon="-71.85306">
        <ele>294.99</ele>
      </trkpt>
      <trkpt lat="45.184054" lon="-71.85429">
        <ele>286.84</ele>
      </trkpt>
      <trkpt lat="45.184006" lon="-71.85552">
        <ele>283.78</ele>
      </trkpt>
      <trkpt lat="45.183958" lon="-71.85675">
        <ele>283.87</ele>
      </trkpt>
      <trkpt lat="45.18391" lon="-71.85798">
        <ele>288.76</ele>
      </trkpt>
      <trkpt lat="45.183905" lon="-71.8592125">
        <ele>292.6</ele>
      </trkpt>
      <trkpt lat="45.1839" lon="-71.860445">
        <ele>295.93</ele>
      </trkpt>
      <trkpt lat="45.183895" lon="-71.8616775">
        <ele>300.33</ele>
      </trkpt>
      <trkpt lat="45.18389" lon="-71.86291">
        <ele>304.64</ele>
      </trkpt>
      <trkpt lat="45.18393" lon="-71.86373">
        <ele>305.57</ele>
      </trkpt>
      <trkpt lat="45.1840213" lon="-71.8649725">
        <ele>307.25</ele>
      </trkpt>
      <trkpt lat="45.1841126" lon="-71.866215">
        <ele>305.41</ele>
      </trkpt>
      <trkpt lat="45.1842039" lon="-71.8674575">
        <ele>306.84</ele>
      </trkpt>
      <trkpt lat="45.1842951" lon="-71.8687">
        <ele>305.72</ele>
      </trkpt>
      <trkpt lat="45.1843864" lon="-71.8699425">
        <ele>296.78</ele>
      </trkpt>
      <trkpt lat="45.1844776" lon="-71.871185">
        <ele>291.18</ele>
      </trkpt>
      <trkpt lat="45.1845688" lon="-71.8724275">
        <ele>302.08</ele>
      </trkpt>
      <trkpt lat="45.18466" lon="-71.87367">
        <ele>309.83</ele>
      </trkpt>
      <trkpt lat="45.1847175" lon="-71.87472">
        <ele>312.88</ele>
      </trkpt>
      <trkpt lat="45.184775" lon="-71.87577">
        <ele>308.27</ele>
      </trkpt>
      <trkpt lat="45.1848325" lon="-71.87682">
        <ele>303.01</ele>
      </trkpt>
      <trkpt lat="45.18489" lon="-71.87787">
        <ele>301.31</ele>
      </trkpt>
      <trkpt lat="45.184975" lon="-71.87875">
        <ele>303.42</ele>
      </trkpt>
      <trkpt lat="45.18506" lon="-71.87963">
        <ele>304.71</ele>
      </trkpt>
      <trkpt lat="45.18462" lon="-71.87975">
        <ele>305.46</ele>
      </trkpt>
      <trkpt lat="45.18388" lon="-71.8800833">
        <ele>307.33</ele>
      </trkpt>
      <trkpt lat="45.18314" lon="-71.8804167">
        <ele>307.51</ele>
      </trkpt>
      <trkpt lat="45.1824" lon="-71.88075">
        <ele>307.65</ele>
      </trkpt>
      <trkpt lat="45.18239" lon="-71.88075">
        <ele>307.65</ele>
      </trkpt>
      <trkpt lat="45.18212" lon="-71.88087">
        <ele>307.87</ele>
      </trkpt>
      <trkpt lat="45.181645" lon="-71.881">
        <ele>308.78</ele>
      </trkpt>
      <trkpt lat="45.18117" lon="-71.88113">
        <ele>309.28</ele>
      </trkpt>
      <trkpt lat="45.1808" lon="-71.88117">
        <ele>310.62</ele>
      </trkpt>
      <trkpt lat="45.18033" lon="-71.88118">
        <ele>313.81</ele>
      </trkpt>
      <trkpt lat="45.179715" lon="-71.881155">
        <ele>320.44</ele>
      </trkpt>
      <trkpt lat="45.1791" lon="-71.88113">
        <ele>324.5</ele>
      </trkpt>
      <trkpt lat="45.1789" lon="-71.88114">
        <ele>325.34</ele>
      </trkpt>
      <trkpt lat="45.17859" lon="-71.88122">
        <ele>325.84</ele>
      </trkpt>
      <trkpt lat="45.1782" lon="-71.88136">
        <ele>326.12</ele>
      </trkpt>
      <trkpt lat="45.17799" lon="-71.88135">
        <ele>326.44</ele>
      </trkpt>
      <trkpt lat="45.17727" lon="-71.88122">
        <ele>328.73</ele>
      </trkpt>
      <trkpt lat="45.1766" lon="-71.88102">
        <ele>332.49</ele>
      </trkpt>
      <trkpt lat="45.17593" lon="-71.88082">
        <ele>336.29</ele>
      </trkpt>
      <trkpt lat="45.175155" lon="-71.880555">
        <ele>346.39</ele>
      </trkpt>
      <trkpt lat="45.17438" lon="-71.88029">
        <ele>351.64</ele>
      </trkpt>
      <trkpt lat="45.1736625" lon="-71.8800875">
        <ele>354.81</ele>
      </trkpt>
      <trkpt lat="45.172945" lon="-71.879885">
        <ele>358.49</ele>
      </trkpt>
      <trkpt lat="45.1722275" lon="-71.8796825">
        <ele>362.2</ele>
      </trkpt>
      <trkpt lat="45.17151" lon="-71.87948">
        <ele>369.35</ele>
      </trkpt>
      <trkpt lat="45.17083" lon="-71.879345">
        <ele>376.15</ele>
      </trkpt>
      <trkpt lat="45.17015" lon="-71.87921">
        <ele>381.78</ele>
      </trkpt>
      <trkpt lat="45.16954" lon="-71.87919">
        <ele>383.99</ele>
      </trkpt>
      <trkpt lat="45.16893" lon="-71.87917">
        <ele>383.7</ele>
      </trkpt>
      <trkpt lat="45.16832" lon="-71.87915">
        <ele>383.41</ele>
      </trkpt>
      <trkpt lat="45.167545" lon="-71.879155">
        <ele>380.04</ele>
      </trkpt>
      <trkpt lat="45.16677" lon="-71.87916">
        <ele>371.68</ele>
      </trkpt>
      <trkpt lat="45.166135" lon="-71.879095">
        <ele>367.49</ele>
      </trkpt>
      <trkpt lat="45.1655" lon="-71.87903">
        <ele>361.84</ele>
      </trkpt>
      <trkpt lat="45.16518" lon="-71.87894">
        <ele>360.86</ele>
      </trkpt>
      <trkpt lat="45.16477" lon="-71.87877">
        <ele>360.4</ele>
      </trkpt>
      <trkpt lat="45.16421" lon="-71.8784667">
        <ele>359.79</ele>
      </trkpt>
      <trkpt lat="45.16365" lon="-71.8781633">
        <ele>358.22</ele>
      </trkpt>
      <trkpt lat="45.16309" lon="-71.87786">
        <ele>361.91</ele>
      </trkpt>
      <trkpt lat="45.16268" lon="-71.87759">
        <ele>363.93</ele>
      </trkpt>
      <trkpt lat="45.16209" lon="-71.87728">
        <ele>364</ele>
      </trkpt>
      <trkpt lat="45.16147" lon="-71.877085">
        <ele>364.4</ele>
      </trkpt>
      <trkpt lat="45.16085" lon="-71.87689">
        <ele>364.34</ele>
      </trkpt>
      <trkpt lat="45.160315" lon="-71.876705">
        <ele>363.86</ele>
      </trkpt>
      <trkpt lat="45.15978" lon="-71.87652">
        <ele>367.62</ele>
      </trkpt>
      <trkpt lat="45.15937" lon="-71.8764">
        <ele>366.39</ele>
      </trkpt>
      <trkpt lat="45.15937" lon="-71.8764">
        <ele>366.36</ele>
      </trkpt>
      <trkpt lat="45.15902" lon="-71.8763">
        <ele>365.23</ele>
      </trkpt>
      <trkpt lat="45.15824" lon="-71.876">
        <ele>372.35</ele>
      </trkpt>
      <trkpt lat="45.15746" lon="-71.8757">
        <ele>379.69</ele>
      </trkpt>
      <trkpt lat="45.15668" lon="-71.8754">
        <ele>382.85</ele>
      </trkpt>
      <trkpt lat="45.15605" lon="-71.8752">
        <ele>377.39</ele>
      </trkpt>
      <trkpt lat="45.15542" lon="-71.875">
        <ele>374.11</ele>
      </trkpt>
      <trkpt lat="45.15509" lon="-71.87482">
        <ele>373.51</ele>
      </trkpt>
      <trkpt lat="45.15489" lon="-71.87464">
        <ele>372.75</ele>
      </trkpt>
      <trkpt lat="45.15443" lon="-71.8741">
        <ele>369.34</ele>
      </trkpt>
      <trkpt lat="45.15405" lon="-71.87423">
        <ele>367.69</ele>
      </trkpt>
      <trkpt lat="45.15329" lon="-71.87478">
        <ele>363.78</ele>
      </trkpt>
      <trkpt lat="45.15313" lon="-71.87487">
        <ele>362.98</ele>
      </trkpt>
      <trkpt lat="45.15276" lon="-71.87496">
        <ele>362.15</ele>
      </trkpt>
      <trkpt lat="45.15244" lon="-71.87505">
        <ele>361.96</ele>
      </trkpt>
      <trkpt lat="45.15193" lon="-71.87562">
        <ele>364.39</ele>
      </trkpt>
      <trkpt lat="45.15171" lon="-71.87577">
        <ele>365.72</ele>
      </trkpt>
      <trkpt lat="45.15107" lon="-71.87619">
        <ele>371.78</ele>
      </trkpt>
      <trkpt lat="45.15043" lon="-71.87661">
        <ele>380.94</ele>
      </trkpt>
      <trkpt lat="45.15002" lon="-71.87697">
        <ele>383.78</ele>
      </trkpt>
      <trkpt lat="45.14961" lon="-71.87733">
        <ele>386.57</ele>
      </trkpt>
      <trkpt lat="45.1488467" lon="-71.8779333">
        <ele>391.81</ele>
      </trkpt>
      <trkpt lat="45.1480833" lon="-71.8785367">
        <ele>390.92</ele>
      </trkpt>
      <trkpt lat="45.14732" lon="-71.87914">
        <ele>400.44</ele>
      </trkpt>
      <trkpt lat="45.146595" lon="-71.879685">
        <ele>404.83</ele>
      </trkpt>
      <trkpt lat="45.14587" lon="-71.88023">
        <ele>405.93</ele>
      </trkpt>
      <trkpt lat="45.14511" lon="-71.880815">
        <ele>407.64</ele>
      </trkpt>
      <trkpt lat="45.14435" lon="-71.8814">
        <ele>409.4</ele>
      </trkpt>
      <trkpt lat="45.1436525" lon="-71.881975">
        <ele>410.67</ele>
      </trkpt>
      <trkpt lat="45.142955" lon="-71.88255">
        <ele>413.96</ele>
      </trkpt>
      <trkpt lat="45.1422575" lon="-71.883125">
        <ele>422.57</ele>
      </trkpt>
      <trkpt lat="45.14156" lon="-71.8837">
        <ele>429.55</ele>
      </trkpt>
      <trkpt lat="45.14087" lon="-71.8841767">
        <ele>431.67</ele>
      </trkpt>
      <trkpt lat="45.14018" lon="-71.8846533">
        <ele>430.65</ele>
      </trkpt>
      <trkpt lat="45.13949" lon="-71.88513">
        <ele>428.29</ele>
      </trkpt>
      <trkpt lat="45.13918" lon="-71.88538">
        <ele>427.23</ele>
      </trkpt>
      <trkpt lat="45.13903" lon="-71.88544">
        <ele>425.83</ele>
      </trkpt>
      <trkpt lat="45.13882" lon="-71.88548">
        <ele>424.92</ele>
      </trkpt>
      <trkpt lat="45.13864" lon="-71.88545">
        <ele>424.29</ele>
      </trkpt>
      <trkpt lat="45.13849" lon="-71.88539">
        <ele>422.66</ele>
      </trkpt>
      <trkpt lat="45.13806" lon="-71.88516">
        <ele>418.46</ele>
      </trkpt>
      <trkpt lat="45.13774" lon="-71.88503">
        <ele>415.81</ele>
      </trkpt>
      <trkpt lat="45.13758" lon="-71.88503">
        <ele>415.38</ele>
      </trkpt>
      <trkpt lat="45.1369133" lon="-71.88509">
        <ele>413.73</ele>
      </trkpt>
      <trkpt lat="45.1362467" lon="-71.88515">
        <ele>411.27</ele>
      </trkpt>
      <trkpt lat="45.13558" lon="-71.88521">
        <ele>408.49</ele>
      </trkpt>
      <trkpt lat="45.13528" lon="-71.88529">
        <ele>405.22</ele>
      </trkpt>
      <trkpt lat="45.13457" lon="-71.88552">
        <ele>395.06</ele>
      </trkpt>
      <trkpt lat="45.13403" lon="-71.88561">
        <ele>389.58</ele>
      </trkpt>
      <trkpt lat="45.1335" lon="-71.88557">
        <ele>389.03</ele>
      </trkpt>
      <trkpt lat="45.13297" lon="-71.88553">
        <ele>391.65</ele>
      </trkpt>
      <trkpt lat="45.132385" lon="-71.88548">
        <ele>398.67</ele>
      </trkpt>
      <trkpt lat="45.1318" lon="-71.88543">
        <ele>405.14</ele>
      </trkpt>
      <trkpt lat="45.13153" lon="-71.88534">
        <ele>408.78</ele>
      </trkpt>
      <trkpt lat="45.13113" lon="-71.88518">
        <ele>411.4</ele>
      </trkpt>
      <trkpt lat="45.1307" lon="-71.88503">
        <ele>411.6</ele>
      </trkpt>
      <trkpt lat="45.13035" lon="-71.88495">
        <ele>411.28</ele>
      </trkpt>
      <trkpt lat="45.12962" lon="-71.88484">
        <ele>410.65</ele>
      </trkpt>
      <trkpt lat="45.1289733" lon="-71.8847533">
        <ele>411.58</ele>
      </trkpt>
      <trkpt lat="45.1283267" lon="-71.8846667">
        <ele>413.33</ele>
      </trkpt>
      <trkpt lat="45.12768" lon="-71.88458">
        <ele>412.82</ele>
      </trkpt>
      <trkpt lat="45.1268067" lon="-71.8844233">
        <ele>412.43</ele>
      </trkpt>
      <trkpt lat="45.1259333" lon="-71.8842667">
        <ele>417.34</ele>
      </trkpt>
      <trkpt lat="45.12506" lon="-71.88411">
        <ele>422.93</ele>
      </trkpt>
      <trkpt lat="45.12484" lon="-71.88409">
        <ele>423</ele>
      </trkpt>
      <trkpt lat="45.1241467" lon="-71.8840733">
        <ele>422.94</ele>
      </trkpt>
      <trkpt lat="45.1234533" lon="-71.8840567">
        <ele>424.02</ele>
      </trkpt>
      <trkpt lat="45.12276" lon="-71.88404">
        <ele>427.19</ele>
      </trkpt>
      <trkpt lat="45.1220667" lon="-71.8839833">
        <ele>428.42</ele>
      </trkpt>
      <trkpt lat="45.1213733" lon="-71.8839267">
        <ele>429.04</ele>
      </trkpt>
      <trkpt lat="45.12068" lon="-71.88387">
        <ele>429.35</ele>
      </trkpt>
      <trkpt lat="45.12011" lon="-71.88382">
        <ele>429.97</ele>
      </trkpt>
      <trkpt lat="45.11943" lon="-71.88369">
        <ele>428.49</ele>
      </trkpt>
      <trkpt lat="45.11855" lon="-71.88346">
        <ele>426.28</ele>
      </trkpt>
      <trkpt lat="45.11777" lon="-71.88332">
        <ele>422.04</ele>
      </trkpt>
      <trkpt lat="45.11745" lon="-71.88321">
        <ele>421.01</ele>
      </trkpt>
      <trkpt lat="45.11669" lon="-71.8829833">
        <ele>420.55</ele>
      </trkpt>
      <trkpt lat="45.11593" lon="-71.8827567">
        <ele>419.67</ele>
      </trkpt>
      <trkpt lat="45.11517" lon="-71.88253">
        <ele>419.94</ele>
      </trkpt>
      <trkpt lat="45.11517" lon="-71.88253">
        <ele>419.94</ele>
      </trkpt>
      <trkpt lat="45.11459" lon="-71.8823">
        <ele>418.24</ele>
      </trkpt>
      <trkpt lat="45.114145" lon="-71.882055">
        <ele>416.8</ele>
      </trkpt>
      <trkpt lat="45.1137" lon="-71.88181">
        <ele>415.6</ele>
      </trkpt>
      <trkpt lat="45.11342" lon="-71.88172">
        <ele>414.99</ele>
      </trkpt>
      <trkpt lat="45.11321" lon="-71.88176">
        <ele>414.8</ele>
      </trkpt>
      <trkpt lat="45.11295" lon="-71.8819">
        <ele>414.83</ele>
      </trkpt>
      <trkpt lat="45.11237" lon="-71.88238">
        <ele>416.16</ele>
      </trkpt>
      <trkpt lat="45.11227" lon="-71.88243">
        <ele>416.57</ele>
      </trkpt>
      <trkpt lat="45.11211" lon="-71.88243">
        <ele>417.37</ele>
      </trkpt>
      <trkpt lat="45.112" lon="-71.88239">
        <ele>417.37</ele>
      </trkpt>
      <trkpt lat="45.1119" lon="-71.88234">
        <ele>417.96</ele>
      </trkpt>
      <trkpt lat="45.11161" lon="-71.88205">
        <ele>418.56</ele>
      </trkpt>
      <trkpt lat="45.11136" lon="-71.88181">
        <ele>419.19</ele>
      </trkpt>
      <trkpt lat="45.11121" lon="-71.88171">
        <ele>419.6</ele>
      </trkpt>
      <trkpt lat="45.11101" lon="-71.88167">
        <ele>420.68</ele>
      </trkpt>
      <trkpt lat="45.11078" lon="-71.88171">
        <ele>421.48</ele>
      </trkpt>
      <trkpt lat="45.11028" lon="-71.88185">
        <ele>422.1</ele>
      </trkpt>
      <trkpt lat="45.10973" lon="-71.88207">
        <ele>421.9</ele>
      </trkpt>
      <trkpt lat="45.1090775" lon="-71.8824025">
        <ele>422.48</ele>
      </trkpt>
      <trkpt lat="45.108425" lon="-71.882735">
        <ele>424.85</ele>
      </trkpt>
      <trkpt lat="45.1077725" lon="-71.8830675">
        <ele>429.8</ele>
      </trkpt>
      <trkpt lat="45.10712" lon="-71.8834">
        <ele>434.76</ele>
      </trkpt>
      <trkpt lat="45.10712" lon="-71.88258">
        <ele>431.54</ele>
      </trkpt>
      <trkpt lat="45.10708" lon="-71.88159">
        <ele>429.46</ele>
      </trkpt>
      <trkpt lat="45.10704" lon="-71.8806">
        <ele>429.47</ele>
      </trkpt>
      <trkpt lat="45.107" lon="-71.87961">
        <ele>429.8</ele>
      </trkpt>
      <trkpt lat="45.10696" lon="-71.87862">
        <ele>429.81</ele>
      </trkpt>
      <trkpt lat="45.10698" lon="-71.87814">
        <ele>429.4</ele>
      </trkpt>
      <trkpt lat="45.107055" lon="-71.87751">
        <ele>428.03</ele>
      </trkpt>
      <trkpt lat="45.10713" lon="-71.87688">
        <ele>425.51</ele>
      </trkpt>
      <trkpt lat="45.10718" lon="-71.87603">
        <ele>424.16</ele>
      </trkpt>
      <trkpt lat="45.1071067" lon="-71.8751133">
        <ele>423.98</ele>
      </trkpt>
      <trkpt lat="45.1070333" lon="-71.8741967">
        <ele>423.79</ele>
      </trkpt>
      <trkpt lat="45.10696" lon="-71.87328">
        <ele>423.99</ele>
      </trkpt>
      <trkpt lat="45.10612" lon="-71.873258">
        <ele>425.32</ele>
      </trkpt>
      <trkpt lat="45.10528" lon="-71.873236">
        <ele>427.64</ele>
      </trkpt>
      <trkpt lat="45.10444" lon="-71.873214">
        <ele>429.9</ele>
      </trkpt>
      <trkpt lat="45.1036" lon="-71.873192">
        <ele>432.74</ele>
      </trkpt>
      <trkpt lat="45.10276" lon="-71.87317">
        <ele>434.69</ele>
      </trkpt>
      <trkpt lat="45.10276" lon="-71.87317">
        <ele>434.71</ele>
      </trkpt>
      <trkpt lat="45.101956" lon="-71.873152">
        <ele>435.94</ele>
      </trkpt>
      <trkpt lat="45.101152" lon="-71.873134">
        <ele>436.67</ele>
      </trkpt>
      <trkpt lat="45.100348" lon="-71.873116">
        <ele>436.58</ele>
      </trkpt>
      <trkpt lat="45.099544" lon="-71.873098">
        <ele>436.55</ele>
      </trkpt>
      <trkpt lat="45.09874" lon="-71.87308">
        <ele>436.55</ele>
      </trkpt>
      <trkpt lat="45.0981" lon="-71.873125">
        <ele>436.63</ele>
      </trkpt>
      <trkpt lat="45.09746" lon="-71.87317">
        <ele>436.85</ele>
      </trkpt>
      <trkpt lat="45.09692" lon="-71.8733">
        <ele>437.65</ele>
      </trkpt>
      <trkpt lat="45.0961" lon="-71.87365">
        <ele>439.85</ele>
      </trkpt>
      <trkpt lat="45.09558" lon="-71.87379">
        <ele>440.45</ele>
      </trkpt>
      <trkpt lat="45.09474" lon="-71.87424">
        <ele>440.64</ele>
      </trkpt>
      <trkpt lat="45.09418" lon="-71.87451">
        <ele>442.05</ele>
      </trkpt>
      <trkpt lat="45.09351" lon="-71.87492">
        <ele>444.3</ele>
      </trkpt>
      <trkpt lat="45.09295" lon="-71.87545">
        <ele>445.75</ele>
      </trkpt>
      <trkpt lat="45.09251" lon="-71.87594">
        <ele>446.86</ele>
      </trkpt>
      <trkpt lat="45.09215" lon="-71.87652">
        <ele>447.95</ele>
      </trkpt>
      <trkpt lat="45.09179" lon="-71.8771">
        <ele>447.7</ele>
      </trkpt>
      <trkpt lat="45.09137" lon="-71.87769">
        <ele>446.87</ele>
      </trkpt>
      <trkpt lat="45.09102" lon="-71.87809">
        <ele>445.17</ele>
      </trkpt>
      <trkpt lat="45.09049" lon="-71.87863">
        <ele>443.83</ele>
      </trkpt>
      <trkpt lat="45.08983" lon="-71.87934">
        <ele>448.68</ele>
      </trkpt>
      <trkpt lat="45.089375" lon="-71.87993">
        <ele>452.01</ele>
      </trkpt>
      <trkpt lat="45.08892" lon="-71.88052">
        <ele>453.61</ele>
      </trkpt>
      <trkpt lat="45.08884" lon="-71.88069">
        <ele>453.41</ele>
      </trkpt>
      <trkpt lat="45.0888" lon="-71.88082">
        <ele>453.41</ele>
      </trkpt>
      <trkpt lat="45.08879" lon="-71.88131">
        <ele>453.56</ele>
      </trkpt>
      <trkpt lat="45.08886" lon="-71.88248">
        <ele>456.25</ele>
      </trkpt>
      <trkpt lat="45.08893" lon="-71.88365">
        <ele>455.38</ele>
      </trkpt>
      <trkpt lat="45.08853" lon="-71.88369">
        <ele>453.09</ele>
      </trkpt>
      <trkpt lat="45.0876854" lon="-71.8837254">
        <ele>458.04</ele>
      </trkpt>
      <trkpt lat="45.0868408" lon="-71.8837608">
        <ele>465.33</ele>
      </trkpt>
      <trkpt lat="45.0859962" lon="-71.8837962">
        <ele>461.59</ele>
      </trkpt>
      <trkpt lat="45.0851515" lon="-71.8838316">
        <ele>458.02</ele>
      </trkpt>
      <trkpt lat="45.0843069" lon="-71.8838669">
        <ele>454.31</ele>
      </trkpt>
      <trkpt lat="45.0834623" lon="-71.8839023">
        <ele>451.2</ele>
      </trkpt>
      <trkpt lat="45.0826177" lon="-71.8839377">
        <ele>446.91</ele>
      </trkpt>
      <trkpt lat="45.0817731" lon="-71.8839731">
        <ele>447.82</ele>
      </trkpt>
      <trkpt lat="45.0809285" lon="-71.8840085">
        <ele>448.49</ele>
      </trkpt>
      <trkpt lat="45.0800838" lon="-71.8840439">
        <ele>446.09</ele>
      </trkpt>
      <trkpt lat="45.0792392" lon="-71.8840792">
        <ele>446.31</ele>
      </trkpt>
      <trkpt lat="45.0783946" lon="-71.8841146">
        <ele>443.34</ele>
      </trkpt>
      <trkpt lat="45.07755" lon="-71.88415">
        <ele>439.91</ele>
      </trkpt>
      <trkpt lat="45.07754" lon="-71.88415">
        <ele>439.9</ele>
      </trkpt>
      <trkpt lat="45.07686" lon="-71.88418">
        <ele>438</ele>
      </trkpt>
      <trkpt lat="45.0764" lon="-71.88422">
        <ele>437.45</ele>
      </trkpt>
      <trkpt lat="45.07599" lon="-71.88428">
        <ele>437.12</ele>
      </trkpt>
      <trkpt lat="45.07571" lon="-71.8844">
        <ele>436.71</ele>
      </trkpt>
      <trkpt lat="45.07559" lon="-71.88449">
        <ele>436.54</ele>
      </trkpt>
      <trkpt lat="45.07515" lon="-71.8853">
        <ele>435.47</ele>
      </trkpt>
      <trkpt lat="45.07481" lon="-71.88604">
        <ele>434.8</ele>
      </trkpt>
      <trkpt lat="45.07447" lon="-71.88678">
        <ele>434.44</ele>
      </trkpt>
      <trkpt lat="45.074125" lon="-71.887545">
        <ele>436</ele>
      </trkpt>
      <trkpt lat="45.07378" lon="-71.88831">
        <ele>438.77</ele>
      </trkpt>
      <trkpt lat="45.07332" lon="-71.889285">
        <ele>441.24</ele>
      </trkpt>
      <trkpt lat="45.07286" lon="-71.89026">
        <ele>444.22</ele>
      </trkpt>
      <trkpt lat="45.0726" lon="-71.89048">
        <ele>444.78</ele>
      </trkpt>
      <trkpt lat="45.07223" lon="-71.89067">
        <ele>444.71</ele>
      </trkpt>
      <trkpt lat="45.071645" lon="-71.89087">
        <ele>443.93</ele>
      </trkpt>
      <trkpt lat="45.07106" lon="-71.89107">
        <ele>442.28</ele>
      </trkpt>
      <trkpt lat="45.070266" lon="-71.891294">
        <ele>441.17</ele>
      </trkpt>
      <trkpt lat="45.069472" lon="-71.891518">
        <ele>441.47</ele>
      </trkpt>
      <trkpt lat="45.068678" lon="-71.891742">
        <ele>441.41</ele>
      </trkpt>
      <trkpt lat="45.067884" lon="-71.891966">
        <ele>441.8</ele>
      </trkpt>
      <trkpt lat="45.06709" lon="-71.89219">
        <ele>443.52</ele>
      </trkpt>
      <trkpt lat="45.066272" lon="-71.89252">
        <ele>438.8</ele>
      </trkpt>
      <trkpt lat="45.065454" lon="-71.89285">
        <ele>438.99</ele>
      </trkpt>
      <trkpt lat="45.064636" lon="-71.89318">
        <ele>436.33</ele>
      </trkpt>
      <trkpt lat="45.063818" lon="-71.89351">
        <ele>438.23</ele>
      </trkpt>
      <trkpt lat="45.063" lon="-71.89384">
        <ele>440.01</ele>
      </trkpt>
      <trkpt lat="45.0624" lon="-71.8940033">
        <ele>437.01</ele>
      </trkpt>
      <trkpt lat="45.0618" lon="-71.8941667">
        <ele>433.21</ele>
      </trkpt>
      <trkpt lat="45.0612" lon="-71.89433">
        <ele>428.14</ele>
      </trkpt>
      <trkpt lat="45.0612" lon="-71.89434">
        <ele>428.08</ele>
      </trkpt>
      <trkpt lat="45.0604467" lon="-71.8945467">
        <ele>422.37</ele>
      </trkpt>
      <trkpt lat="45.0596933" lon="-71.8947533">
        <ele>415.29</ele>
      </trkpt>
      <trkpt lat="45.05894" lon="-71.89496">
        <ele>408.49</ele>
      </trkpt>
      <trkpt lat="45.05874" lon="-71.89506">
        <ele>406.75</ele>
      </trkpt>
      <trkpt lat="45.05849" lon="-71.89524">
        <ele>405.14</ele>
      </trkpt>
      <trkpt lat="45.0579" lon="-71.89575">
        <ele>404.59</ele>
      </trkpt>
      <trkpt lat="45.05752" lon="-71.89604">
        <ele>405.32</ele>
      </trkpt>
      <trkpt lat="45.05686" lon="-71.89647">
        <ele>406.05</ele>
      </trkpt>
      <trkpt lat="45.0562" lon="-71.8969">
        <ele>403.53</ele>
      </trkpt>
      <trkpt lat="45.05549" lon="-71.89729">
        <ele>402.82</ele>
      </trkpt>
      <trkpt lat="45.05478" lon="-71.89768">
        <ele>402.92</ele>
      </trkpt>
      <trkpt lat="45.05407" lon="-71.89807">
        <ele>404.52</ele>
      </trkpt>
      <trkpt lat="45.05359" lon="-71.8971567">
        <ele>412.93</ele>
      </trkpt>
      <trkpt lat="45.05311" lon="-71.8962433">
        <ele>425.59</ele>
      </trkpt>
      <trkpt lat="45.05263" lon="-71.89533">
        <ele>435.06</ele>
      </trkpt>
      <trkpt lat="45.05241" lon="-71.89479">
        <ele>440.9</ele>
      </trkpt>
      <trkpt lat="45.052145" lon="-71.894185">
        <ele>446.75</ele>
      </trkpt>
      <trkpt lat="45.05188" lon="-71.89358">
        <ele>456.07</ele>
      </trkpt>
      <trkpt lat="45.05188" lon="-71.89358">
        <ele>456</ele>
      </trkpt>
      <trkpt lat="45.05154" lon="-71.89296">
        <ele>462.81</ele>
      </trkpt>
      <trkpt lat="45.05105" lon="-71.89237">
        <ele>473.55</ele>
      </trkpt>
      <trkpt lat="45.05062" lon="-71.89169">
        <ele>484.03</ele>
      </trkpt>
      <trkpt lat="45.05016" lon="-71.89087">
        <ele>492.44</ele>
      </trkpt>
      <trkpt lat="45.05008" lon="-71.89093">
        <ele>492.51</ele>
      </trkpt>
      <trkpt lat="45.04983" lon="-71.89116">
        <ele>493.08</ele>
      </trkpt>
      <trkpt lat="45.049465" lon="-71.89165">
        <ele>496.5</ele>
      </trkpt>
      <trkpt lat="45.0491" lon="-71.89214">
        <ele>501.48</ele>
      </trkpt>
      <trkpt lat="45.04862" lon="-71.89268">
        <ele>502.51</ele>
      </trkpt>
      <trkpt lat="45.0480867" lon="-71.89316">
        <ele>504.4</ele>
      </trkpt>
      <trkpt lat="45.0475533" lon="-71.89364">
        <ele>506.49</ele>
      </trkpt>
      <trkpt lat="45.04702" lon="-71.89412">
        <ele>508.46</ele>
      </trkpt>
      <trkpt lat="45.04668" lon="-71.89448">
        <ele>511.22</ele>
      </trkpt>
      <trkpt lat="45.04607" lon="-71.89533">
        <ele>514.36</ele>
      </trkpt>
      <trkpt lat="45.04581" lon="-71.89583">
        <ele>514.76</ele>
      </trkpt>
      <trkpt lat="45.045445" lon="-71.896725">
        <ele>513.42</ele>
      </trkpt>
      <trkpt lat="45.04508" lon="-71.89762">
        <ele>512.57</ele>
      </trkpt>
      <trkpt lat="45.04482" lon="-71.89811">
        <ele>511.16</ele>
      </trkpt>
      <trkpt lat="45.0443267" lon="-71.8989867">
        <ele>507.71</ele>
      </trkpt>
      <trkpt lat="45.0438333" lon="-71.8998633">
        <ele>504.65</ele>
      </trkpt>
      <trkpt lat="45.04334" lon="-71.90074">
        <ele>500.96</ele>
      </trkpt>
      <trkpt lat="45.04299" lon="-71.901345">
        <ele>498.48</ele>
      </trkpt>
      <trkpt lat="45.04264" lon="-71.90195">
        <ele>495.64</ele>
      </trkpt>
      <trkpt lat="45.04244" lon="-71.90244">
        <ele>492.85</ele>
      </trkpt>
      <trkpt lat="45.04229" lon="-71.90287">
        <ele>490.5</ele>
      </trkpt>
      <trkpt lat="45.04228" lon="-71.90287">
        <ele>490.48</ele>
      </trkpt>
      <trkpt lat="45.04197" lon="-71.9038">
        <ele>486.85</ele>
      </trkpt>
      <trkpt lat="45.04188" lon="-71.90401">
        <ele>486.04</ele>
      </trkpt>
      <trkpt lat="45.04178" lon="-71.90415">
        <ele>485.7</ele>
      </trkpt>
      <trkpt lat="45.04149" lon="-71.90451">
        <ele>485.07</ele>
      </trkpt>
      <trkpt lat="45.04134" lon="-71.90464">
        <ele>485.2</ele>
      </trkpt>
      <trkpt lat="45.0409" lon="-71.90492">
        <ele>484.81</ele>
      </trkpt>
      <trkpt lat="45.0407" lon="-71.90513">
        <ele>483.71</ele>
      </trkpt>
      <trkpt lat="45.04048" lon="-71.90539">
        <ele>482.67</ele>
      </trkpt>
      <trkpt lat="45.04018" lon="-71.90584">
        <ele>480.41</ele>
      </trkpt>
      <trkpt lat="45.03972" lon="-71.90643">
        <ele>477.29</ele>
      </trkpt>
      <trkpt lat="45.03949" lon="-71.9067">
        <ele>474.53</ele>
      </trkpt>
      <trkpt lat="45.03878" lon="-71.90723">
        <ele>471.53</ele>
      </trkpt>
      <trkpt lat="45.03835" lon="-71.9075">
        <ele>472.45</ele>
      </trkpt>
      <trkpt lat="45.03757" lon="-71.90782">
        <ele>475.12</ele>
      </trkpt>
      <trkpt lat="45.03706" lon="-71.907965">
        <ele>476.81</ele>
      </trkpt>
      <trkpt lat="45.03655" lon="-71.90811">
        <ele>478.9</ele>
      </trkpt>
      <trkpt lat="45.03673" lon="-71.90917">
        <ele>477.46</ele>
      </trkpt>
      <trkpt lat="45.03691" lon="-71.91023">
        <ele>476.98</ele>
      </trkpt>
      <trkpt lat="45.03705" lon="-71.91077">
        <ele>475.79</ele>
      </trkpt>
      <trkpt lat="45.03718" lon="-71.91118">
        <ele>473.26</ele>
      </trkpt>
      <trkpt lat="45.03667" lon="-71.91154">
        <ele>472.66</ele>
      </trkpt>
      <trkpt lat="45.0365" lon="-71.91175">
        <ele>472.81</ele>
      </trkpt>
      <trkpt lat="45.03644" lon="-71.91185">
        <ele>472.72</ele>
      </trkpt>
      <trkpt lat="45.03641" lon="-71.91195">
        <ele>472.5</ele>
      </trkpt>
      <trkpt lat="45.03636" lon="-71.91265">
        <ele>472.36</ele>
      </trkpt>
      <trkpt lat="45.03638" lon="-71.913385">
        <ele>473.8</ele>
      </trkpt>
      <trkpt lat="45.0364" lon="-71.91412">
        <ele>476.21</ele>
      </trkpt>
      <trkpt lat="45.03645" lon="-71.91454">
        <ele>478.66</ele>
      </trkpt>
      <trkpt lat="45.03662" lon="-71.91552">
        <ele>482.44</ele>
      </trkpt>
      <trkpt lat="45.03692" lon="-71.91637">
        <ele>481.92</ele>
      </trkpt>
      <trkpt lat="45.03721" lon="-71.91712">
        <ele>482.59</ele>
      </trkpt>
      <trkpt lat="45.0375" lon="-71.91787">
        <ele>485.22</ele>
      </trkpt>
      <trkpt lat="45.03775" lon="-71.91861">
        <ele>488.44</ele>
      </trkpt>
      <trkpt lat="45.03791" lon="-71.91929">
        <ele>490.74</ele>
      </trkpt>
      <trkpt lat="45.03814" lon="-71.92036">
        <ele>493.84</ele>
      </trkpt>
      <trkpt lat="45.03818" lon="-71.92076">
        <ele>494.72</ele>
      </trkpt>
      <trkpt lat="45.03819" lon="-71.92174">
        <ele>496.78</ele>
      </trkpt>
      <trkpt lat="45.03815" lon="-71.92232">
        <ele>496.21</ele>
      </trkpt>
      <trkpt lat="45.03802" lon="-71.92317">
        <ele>493.86</ele>
      </trkpt>
      <trkpt lat="45.03789" lon="-71.92402">
        <ele>493.02</ele>
      </trkpt>
      <trkpt lat="45.03789" lon="-71.92403">
        <ele>493.02</ele>
      </trkpt>
      <trkpt lat="45.03786" lon="-71.92429">
        <ele>493.15</ele>
      </trkpt>
      <trkpt lat="45.03769" lon="-71.92512">
        <ele>493.43</ele>
      </trkpt>
      <trkpt lat="45.03752" lon="-71.92595">
        <ele>492.43</ele>
      </trkpt>
      <trkpt lat="45.03732" lon="-71.9265">
        <ele>489.98</ele>
      </trkpt>
      <trkpt lat="45.037045" lon="-71.92719">
        <ele>488.31</ele>
      </trkpt>
      <trkpt lat="45.03677" lon="-71.92788">
        <ele>487.82</ele>
      </trkpt>
      <trkpt lat="45.03656" lon="-71.92859">
        <ele>488.5</ele>
      </trkpt>
      <trkpt lat="45.03645" lon="-71.92926">
        <ele>488.46</ele>
      </trkpt>
      <trkpt lat="45.03641" lon="-71.93047">
        <ele>484.61</ele>
      </trkpt>
      <trkpt lat="45.036365" lon="-71.93116">
        <ele>480.48</ele>
      </trkpt>
      <trkpt lat="45.03632" lon="-71.93185">
        <ele>477.37</ele>
      </trkpt>
      <trkpt lat="45.03621" lon="-71.93235">
        <ele>476.22</ele>
      </trkpt>
      <trkpt lat="45.03616" lon="-71.9325">
        <ele>475.62</ele>
      </trkpt>
      <trkpt lat="45.03647" lon="-71.93289">
        <ele>473.14</ele>
      </trkpt>
      <trkpt lat="45.0369" lon="-71.93327">
        <ele>473.58</ele>
      </trkpt>
      <trkpt lat="45.03733" lon="-71.93365">
        <ele>478.09</ele>
      </trkpt>
      <trkpt lat="45.03742" lon="-71.9337">
        <ele>478.81</ele>
      </trkpt>
      <trkpt lat="45.03748" lon="-71.9337">
        <ele>479.12</ele>
      </trkpt>
      <trkpt lat="45.03759" lon="-71.93369">
        <ele>479.39</ele>
      </trkpt>
      <trkpt lat="45.03801" lon="-71.93334">
        <ele>483.3</ele>
      </trkpt>
      <trkpt lat="45.038535" lon="-71.932695">
        <ele>485.95</ele>
      </trkpt>
      <trkpt lat="45.03906" lon="-71.93205">
        <ele>486.65</ele>
      </trkpt>
      <trkpt lat="45.03953" lon="-71.931355">
        <ele>485.96</ele>
      </trkpt>
      <trkpt lat="45.04" lon="-71.93066">
        <ele>484.41</ele>
      </trkpt>
      <trkpt lat="45.04025" lon="-71.93038">
        <ele>482.22</ele>
      </trkpt>
      <trkpt lat="45.04048" lon="-71.9302">
        <ele>480.74</ele>
      </trkpt>
      <trkpt lat="45.04099" lon="-71.92993">
        <ele>477.85</ele>
      </trkpt>
      <trkpt lat="45.04182" lon="-71.9295">
        <ele>469.78</ele>
      </trkpt>
      <trkpt lat="45.04265" lon="-71.92907">
        <ele>464.51</ele>
      </trkpt>
      <trkpt lat="45.04348" lon="-71.92864">
        <ele>464.44</ele>
      </trkpt>
      <trkpt lat="45.0440833" lon="-71.92822">
        <ele>464.55</ele>
      </trkpt>
      <trkpt lat="45.0446867" lon="-71.9278">
        <ele>466.98</ele>
      </trkpt>
      <trkpt lat="45.04529" lon="-71.92738">
        <ele>470.29</ele>
      </trkpt>
      <trkpt lat="45.04568" lon="-71.92701">
        <ele>472.02</ele>
      </trkpt>
      <trkpt lat="45.046065" lon="-71.92668">
        <ele>473.3</ele>
      </trkpt>
      <trkpt lat="45.04645" lon="-71.92635">
        <ele>475.56</ele>
      </trkpt>
      <trkpt lat="45.04645" lon="-71.92636">
        <ele>475.52</ele>
      </trkpt>
      <trkpt lat="45.04693" lon="-71.92595">
        <ele>476.25</ele>
      </trkpt>
      <trkpt lat="45.04741" lon="-71.92554">
        <ele>481.17</ele>
      </trkpt>
      <trkpt lat="45.047825" lon="-71.92516">
        <ele>482.82</ele>
      </trkpt>
      <trkpt lat="45.04824" lon="-71.92478">
        <ele>483.72</ele>
      </trkpt>
      <trkpt lat="45.0488" lon="-71.9242">
        <ele>485.7</ele>
      </trkpt>
      <trkpt lat="45.04941" lon="-71.92345">
        <ele>486.93</ele>
      </trkpt>
      <trkpt lat="45.04953" lon="-71.92336">
        <ele>486.93</ele>
      </trkpt>
      <trkpt lat="45.04969" lon="-71.92327">
        <ele>487.21</ele>
      </trkpt>
      <trkpt lat="45.04989" lon="-71.92322">
        <ele>487.39</ele>
      </trkpt>
      <trkpt lat="45.05066" lon="-71.92308">
        <ele>495.59</ele>
      </trkpt>
      <trkpt lat="45.05124" lon="-71.92305">
        <ele>503.86</ele>
      </trkpt>
      <trkpt lat="45.05182" lon="-71.92302">
        <ele>505.18</ele>
      </trkpt>
      <trkpt lat="45.05255" lon="-71.92303">
        <ele>495.12</ele>
      </trkpt>
      <trkpt lat="45.05292" lon="-71.923">
        <ele>491.57</ele>
      </trkpt>
      <trkpt lat="45.05326" lon="-71.92295">
        <ele>487.81</ele>
      </trkpt>
      <trkpt lat="45.05366" lon="-71.92282">
        <ele>484.28</ele>
      </trkpt>
      <trkpt lat="45.0541" lon="-71.92262">
        <ele>478.5</ele>
      </trkpt>
      <trkpt lat="45.05454" lon="-71.92242">
        <ele>475.6</ele>
      </trkpt>
      <trkpt lat="45.054975" lon="-71.92221">
        <ele>475.08</ele>
      </trkpt>
      <trkpt lat="45.05541" lon="-71.922">
        <ele>476.08</ele>
      </trkpt>
      <trkpt lat="45.05579" lon="-71.92175">
        <ele>476.4</ele>
      </trkpt>
      <trkpt lat="45.05594" lon="-71.92155">
        <ele>476.39</ele>
      </trkpt>
      <trkpt lat="45.05617" lon="-71.92156">
        <ele>476.44</ele>
      </trkpt>
      <trkpt lat="45.05654" lon="-71.92151">
        <ele>476.38</ele>
      </trkpt>
      <trkpt lat="45.05663" lon="-71.92153">
        <ele>476.27</ele>
      </trkpt>
      <trkpt lat="45.05671" lon="-71.92162">
        <ele>476.24</ele>
      </trkpt>
      <trkpt lat="45.05679" lon="-71.92192">
        <ele>476.46</ele>
      </trkpt>
      <trkpt lat="45.05694" lon="-71.922685">
        <ele>478.55</ele>
      </trkpt>
      <trkpt lat="45.05709" lon="-71.92345">
        <ele>475.12</ele>
      </trkpt>
      <trkpt lat="45.05714" lon="-71.92385">
        <ele>474.56</ele>
      </trkpt>
      <trkpt lat="45.0572" lon="-71.92465">
        <ele>471.65</ele>
      </trkpt>
      <trkpt lat="45.05721" lon="-71.92514">
        <ele>471.23</ele>
      </trkpt>
      <trkpt lat="45.0572" lon="-71.926395">
        <ele>473.33</ele>
      </trkpt>
      <trkpt lat="45.05719" lon="-71.92765">
        <ele>475.52</ele>
      </trkpt>
      <trkpt lat="45.0572375" lon="-71.9287125">
        <ele>476.48</ele>
      </trkpt>
      <trkpt lat="45.057285" lon="-71.929775">
        <ele>474.75</ele>
      </trkpt>
      <trkpt lat="45.0573325" lon="-71.9308375">
        <ele>473.29</ele>
      </trkpt>
      <trkpt lat="45.05738" lon="-71.9319">
        <ele>470.33</ele>
      </trkpt>
      <trkpt lat="45.05749" lon="-71.93271">
        <ele>468.1</ele>
      </trkpt>
      <trkpt lat="45.05755" lon="-71.93365">
        <ele>466.64</ele>
      </trkpt>
      <trkpt lat="45.057545" lon="-71.934705">
        <ele>463.41</ele>
      </trkpt>
      <trkpt lat="45.05754" lon="-71.93576">
        <ele>458.14</ele>
      </trkpt>
      <trkpt lat="45.0575" lon="-71.93673">
        <ele>456.02</ele>
      </trkpt>
      <trkpt lat="45.05741" lon="-71.9379">
        <ele>457.47</ele>
      </trkpt>
      <trkpt lat="45.05729" lon="-71.938865">
        <ele>459.14</ele>
      </trkpt>
      <trkpt lat="45.05717" lon="-71.93983">
        <ele>462.49</ele>
      </trkpt>
      <trkpt lat="45.057015" lon="-71.94068">
        <ele>464.34</ele>
      </trkpt>
      <trkpt lat="45.05686" lon="-71.94153">
        <ele>463.8</ele>
      </trkpt>
      <trkpt lat="45.0567" lon="-71.942295">
        <ele>461.9</ele>
      </trkpt>
      <trkpt lat="45.05654" lon="-71.94306">
        <ele>460.59</ele>
      </trkpt>
      <trkpt lat="45.0565" lon="-71.94346">
        <ele>460.06</ele>
      </trkpt>
      <trkpt lat="45.05652" lon="-71.94433">
        <ele>459.44</ele>
      </trkpt>
      <trkpt lat="45.05654" lon="-71.9452">
        <ele>458.72</ele>
      </trkpt>
      <trkpt lat="45.05667" lon="-71.94614">
        <ele>453.96</ele>
      </trkpt>
      <trkpt lat="45.0568" lon="-71.94708">
        <ele>451.44</ele>
      </trkpt>
      <trkpt lat="45.056875" lon="-71.947865">
        <ele>451.46</ele>
      </trkpt>
      <trkpt lat="45.05695" lon="-71.94865">
        <ele>455.21</ele>
      </trkpt>
      <trkpt lat="45.05701" lon="-71.94901">
        <ele>456.09</ele>
      </trkpt>
      <trkpt lat="45.05711" lon="-71.94933">
        <ele>456.28</ele>
      </trkpt>
      <trkpt lat="45.05748" lon="-71.94995">
        <ele>454.33</ele>
      </trkpt>
      <trkpt lat="45.0579" lon="-71.95043">
        <ele>450.22</ele>
      </trkpt>
      <trkpt lat="45.05844" lon="-71.95116">
        <ele>449.36</ele>
      </trkpt>
      <trkpt lat="45.05862" lon="-71.95146">
        <ele>448.79</ele>
      </trkpt>
      <trkpt lat="45.05876" lon="-71.95179">
        <ele>447.44</ele>
      </trkpt>
      <trkpt lat="45.05902" lon="-71.95254">
        <ele>443.51</ele>
      </trkpt>
      <trkpt lat="45.05921" lon="-71.95322">
        <ele>442.18</ele>
      </trkpt>
      <trkpt lat="45.05927" lon="-71.95357">
        <ele>440.97</ele>
      </trkpt>
      <trkpt lat="45.05928" lon="-71.95411">
        <ele>439.04</ele>
      </trkpt>
      <trkpt lat="45.05925" lon="-71.95461">
        <ele>435.55</ele>
      </trkpt>
      <trkpt lat="45.05918" lon="-71.95497">
        <ele>434.12</ele>
      </trkpt>
      <trkpt lat="45.05909" lon="-71.95536">
        <ele>432.1</ele>
      </trkpt>
      <trkpt lat="45.05895" lon="-71.9562867">
        <ele>430.66</ele>
      </trkpt>
      <trkpt lat="45.05881" lon="-71.9572133">
        <ele>431.12</ele>
      </trkpt>
      <trkpt lat="45.05867" lon="-71.95814">
        <ele>431.25</ele>
      </trkpt>
      <trkpt lat="45.05855" lon="-71.95909">
        <ele>432.58</ele>
      </trkpt>
      <trkpt lat="45.05848" lon="-71.96002">
        <ele>433.37</ele>
      </trkpt>
      <trkpt lat="45.05847" lon="-71.96025">
        <ele>433.23</ele>
      </trkpt>
      <trkpt lat="45.05914" lon="-71.9602333">
        <ele>429.79</ele>
      </trkpt>
      <trkpt lat="45.05981" lon="-71.9602167">
        <ele>423.49</ele>
      </trkpt>
      <trkpt lat="45.06048" lon="-71.9602">
        <ele>418.53</ele>
      </trkpt>
      <trkpt lat="45.06077" lon="-71.96015">
        <ele>415.69</ele>
      </trkpt>
      <trkpt lat="45.06157" lon="-71.95979">
        <ele>408.25</ele>
      </trkpt>
      <trkpt lat="45.06185" lon="-71.95957">
        <ele>405.33</ele>
      </trkpt>
      <trkpt lat="45.06216" lon="-71.95921">
        <ele>399.84</ele>
      </trkpt>
      <trkpt lat="45.06239" lon="-71.95899">
        <ele>397.21</ele>
      </trkpt>
      <trkpt lat="45.06296" lon="-71.958205">
        <ele>398.27</ele>
      </trkpt>
      <trkpt lat="45.06353" lon="-71.95742">
        <ele>405.59</ele>
      </trkpt>
      <trkpt lat="45.06398" lon="-71.95689">
        <ele>406.9</ele>
      </trkpt>
      <trkpt lat="45.06414" lon="-71.95675">
        <ele>408.2</ele>
      </trkpt>
      <trkpt lat="45.06434" lon="-71.95666">
        <ele>409.7</ele>
      </trkpt>
      <trkpt lat="45.06508" lon="-71.95643">
        <ele>410.78</ele>
      </trkpt>
      <trkpt lat="45.06545" lon="-71.95627">
        <ele>409.6</ele>
      </trkpt>
      <trkpt lat="45.06545" lon="-71.95628">
        <ele>409.61</ele>
      </trkpt>
      <trkpt lat="45.06589" lon="-71.9561">
        <ele>408.51</ele>
      </trkpt>
      <trkpt lat="45.06633" lon="-71.95592">
        <ele>408.51</ele>
      </trkpt>
      <trkpt lat="45.06685" lon="-71.95573">
        <ele>410.63</ele>
      </trkpt>
      <trkpt lat="45.06737" lon="-71.95554">
        <ele>414.38</ele>
      </trkpt>
      <trkpt lat="45.06779" lon="-71.95545">
        <ele>412.23</ele>
      </trkpt>
      <trkpt lat="45.06856" lon="-71.955445">
        <ele>406.62</ele>
      </trkpt>
      <trkpt lat="45.06933" lon="-71.95544">
        <ele>406.77</ele>
      </trkpt>
      <trkpt lat="45.06977" lon="-71.95545">
        <ele>405.67</ele>
      </trkpt>
      <trkpt lat="45.07034" lon="-71.95554">
        <ele>405</ele>
      </trkpt>
      <trkpt lat="45.07117" lon="-71.95568">
        <ele>403.2</ele>
      </trkpt>
      <trkpt lat="45.072" lon="-71.95582">
        <ele>401.05</ele>
      </trkpt>
      <trkpt lat="45.07215" lon="-71.95587">
        <ele>400.9</ele>
      </trkpt>
      <trkpt lat="45.07275" lon="-71.95622">
        <ele>400.96</ele>
      </trkpt>
      <trkpt lat="45.07295" lon="-71.95643">
        <ele>400.8</ele>
      </trkpt>
      <trkpt lat="45.07328" lon="-71.95663">
        <ele>400.64</ele>
      </trkpt>
      <trkpt lat="45.07336" lon="-71.95674">
        <ele>400.64</ele>
      </trkpt>
      <trkpt lat="45.07319" lon="-71.95698">
        <ele>400.28</ele>
      </trkpt>
      <trkpt lat="45.07309" lon="-71.95716">
        <ele>400.19</ele>
      </trkpt>
      <trkpt lat="45.07298" lon="-71.95742">
        <ele>400.37</ele>
      </trkpt>
      <trkpt lat="45.072705" lon="-71.95846">
        <ele>400.49</ele>
      </trkpt>
      <trkpt lat="45.07243" lon="-71.9595">
        <ele>400.37</ele>
      </trkpt>
      <trkpt lat="45.07229" lon="-71.96029">
        <ele>401.34</ele>
      </trkpt>
      <trkpt lat="45.07214" lon="-71.96074">
        <ele>401.58</ele>
      </trkpt>
      <trkpt lat="45.0717575" lon="-71.9617575">
        <ele>402.17</ele>
      </trkpt>
      <trkpt lat="45.071375" lon="-71.962775">
        <ele>400.66</ele>
      </trkpt>
      <trkpt lat="45.0709925" lon="-71.9637925">
        <ele>400.24</ele>
      </trkpt>
      <trkpt lat="45.07061" lon="-71.96481">
        <ele>397.52</ele>
      </trkpt>
      <trkpt lat="45.07041" lon="-71.965415">
        <ele>396.43</ele>
      </trkpt>
      <trkpt lat="45.07021" lon="-71.96602">
        <ele>396.73</ele>
      </trkpt>
      <trkpt lat="45.07012" lon="-71.96633">
        <ele>397.4</ele>
      </trkpt>
      <trkpt lat="45.0701" lon="-71.96656">
        <ele>397.71</ele>
      </trkpt>
      <trkpt lat="45.0701" lon="-71.96736">
        <ele>395.84</ele>
      </trkpt>
      <trkpt lat="45.07017" lon="-71.96835">
        <ele>392.98</ele>
      </trkpt>
      <trkpt lat="45.07019" lon="-71.96898">
        <ele>391.6</ele>
      </trkpt>
      <trkpt lat="45.07026" lon="-71.97006">
        <ele>388.92</ele>
      </trkpt>
      <trkpt lat="45.07036" lon="-71.97081">
        <ele>387.22</ele>
      </trkpt>
      <trkpt lat="45.07046" lon="-71.97117">
        <ele>386.92</ele>
      </trkpt>
      <trkpt lat="45.07049" lon="-71.97136">
        <ele>386.68</ele>
      </trkpt>
      <trkpt lat="45.07058" lon="-71.97127">
        <ele>386.5</ele>
      </trkpt>
      <trkpt lat="45.07079" lon="-71.97112">
        <ele>385.37</ele>
      </trkpt>
      <trkpt lat="45.07099" lon="-71.97103">
        <ele>384.74</ele>
      </trkpt>
      <trkpt lat="45.07149" lon="-71.97087">
        <ele>384.29</ele>
      </trkpt>
      <trkpt lat="45.07199" lon="-71.97071">
        <ele>384.25</ele>
      </trkpt>
      <trkpt lat="45.07259" lon="-71.97041">
        <ele>384.24</ele>
      </trkpt>
      <trkpt lat="45.07333" lon="-71.97015">
        <ele>384.53</ele>
      </trkpt>
      <trkpt lat="45.07367" lon="-71.97009">
        <ele>384.43</ele>
      </trkpt>
      <trkpt lat="45.07415" lon="-71.97001">
        <ele>383.68</ele>
      </trkpt>
      <trkpt lat="45.07463" lon="-71.96992">
        <ele>383.66</ele>
      </trkpt>
      <trkpt lat="45.075185" lon="-71.96991">
        <ele>383.88</ele>
      </trkpt>
      <trkpt lat="45.07574" lon="-71.9699">
        <ele>382.93</ele>
      </trkpt>
      <trkpt lat="45.0766027" lon="-71.9699091">
        <ele>381.7</ele>
      </trkpt>
      <trkpt lat="45.0774655" lon="-71.9699182">
        <ele>381.61</ele>
      </trkpt>
      <trkpt lat="45.0783282" lon="-71.9699273">
        <ele>381.02</ele>
      </trkpt>
      <trkpt lat="45.0791909" lon="-71.9699364">
        <ele>379.94</ele>
      </trkpt>
      <trkpt lat="45.0800536" lon="-71.9699455">
        <ele>378.33</ele>
      </trkpt>
      <trkpt lat="45.0809164" lon="-71.9699545">
        <ele>377.73</ele>
      </trkpt>
      <trkpt lat="45.0817791" lon="-71.9699636">
        <ele>377.92</ele>
      </trkpt>
      <trkpt lat="45.0826418" lon="-71.9699727">
        <ele>376.78</ele>
      </trkpt>
      <trkpt lat="45.0835045" lon="-71.9699818">
        <ele>372.6</ele>
      </trkpt>
      <trkpt lat="45.0843673" lon="-71.9699909">
        <ele>370.09</ele>
      </trkpt>
      <trkpt lat="45.08523" lon="-71.97">
        <ele>367.41</ele>
      </trkpt>
      <trkpt lat="45.08594" lon="-71.9699567">
        <ele>364.25</ele>
      </trkpt>
      <trkpt lat="45.08665" lon="-71.9699133">
        <ele>361.99</ele>
      </trkpt>
      <trkpt lat="45.08736" lon="-71.96987">
        <ele>360.17</ele>
      </trkpt>
      <trkpt lat="45.08791" lon="-71.96982">
        <ele>358.55</ele>
      </trkpt>
      <trkpt lat="45.088485" lon="-71.96969">
        <ele>357.22</ele>
      </trkpt>
      <trkpt lat="45.08906" lon="-71.96956">
        <ele>355.64</ele>
      </trkpt>
      <trkpt lat="45.08988" lon="-71.96929">
        <ele>353.38</ele>
      </trkpt>
      <trkpt lat="45.09011" lon="-71.96927">
        <ele>352.28</ele>
      </trkpt>
      <trkpt lat="45.09009" lon="-71.96927">
        <ele>352.35</ele>
      </trkpt>
      <trkpt lat="45.09067" lon="-71.96924">
        <ele>348.87</ele>
      </trkpt>
      <trkpt lat="45.09082" lon="-71.96925">
        <ele>347.63</ele>
      </trkpt>
      <trkpt lat="45.09145" lon="-71.96951">
        <ele>343.58</ele>
      </trkpt>
      <trkpt lat="45.09191" lon="-71.96971">
        <ele>339.59</ele>
      </trkpt>
      <trkpt lat="45.09237" lon="-71.96991">
        <ele>337.81</ele>
      </trkpt>
      <trkpt lat="45.0932" lon="-71.9703133">
        <ele>331.95</ele>
      </trkpt>
      <trkpt lat="45.09403" lon="-71.9707167">
        <ele>324.21</ele>
      </trkpt>
      <trkpt lat="45.09486" lon="-71.97112">
        <ele>321.21</ele>
      </trkpt>
      <trkpt lat="45.09504" lon="-71.97121">
        <ele>319.9</ele>
      </trkpt>
      <trkpt lat="45.09523" lon="-71.97139">
        <ele>318.82</ele>
      </trkpt>
      <trkpt lat="45.09545" lon="-71.97162">
        <ele>316.12</ele>
      </trkpt>
      <trkpt lat="45.09571" lon="-71.97192">
        <ele>314.32</ele>
      </trkpt>
      <trkpt lat="45.09634" lon="-71.97269">
        <ele>307.01</ele>
      </trkpt>
      <trkpt lat="45.09655" lon="-71.97291">
        <ele>304.82</ele>
      </trkpt>
      <trkpt lat="45.09681" lon="-71.97306">
        <ele>299.96</ele>
      </trkpt>
      <trkpt lat="45.09692" lon="-71.97309">
        <ele>299.96</ele>
      </trkpt>
      <trkpt lat="45.09752" lon="-71.97314">
        <ele>292.81</ele>
      </trkpt>
      <trkpt lat="45.09783" lon="-71.97309">
        <ele>289</ele>
      </trkpt>
      <trkpt lat="45.09825" lon="-71.97309">
        <ele>284.65</ele>
      </trkpt>
      <trkpt lat="45.09844" lon="-71.97314">
        <ele>283.49</ele>
      </trkpt>
      <trkpt lat="45.09875" lon="-71.97325">
        <ele>281.19</ele>
      </trkpt>
      <trkpt lat="45.098995" lon="-71.973845">
        <ele>278.06</ele>
      </trkpt>
      <trkpt lat="45.09924" lon="-71.97444">
        <ele>275.69</ele>
      </trkpt>
      <trkpt lat="45.0995" lon="-71.97493">
        <ele>274.42</ele>
      </trkpt>
      <trkpt lat="45.09959" lon="-71.97515">
        <ele>274.3</ele>
      </trkpt>
      <trkpt lat="45.099825" lon="-71.976045">
        <ele>272.86</ele>
      </trkpt>
      <trkpt lat="45.10006" lon="-71.97694">
        <ele>271.44</ele>
      </trkpt>
      <trkpt lat="45.10007" lon="-71.97713">
        <ele>271.44</ele>
      </trkpt>
      <trkpt lat="45.10004" lon="-71.97757">
        <ele>270.62</ele>
      </trkpt>
      <trkpt lat="45.09997" lon="-71.97776">
        <ele>270.62</ele>
      </trkpt>
      <trkpt lat="45.09978" lon="-71.9781">
        <ele>270.09</ele>
      </trkpt>
      <trkpt lat="45.09939" lon="-71.97865">
        <ele>270.7</ele>
      </trkpt>
      <trkpt lat="45.09931" lon="-71.97881">
        <ele>271.22</ele>
      </trkpt>
      <trkpt lat="45.09918" lon="-71.97933">
        <ele>274.32</ele>
      </trkpt>
      <trkpt lat="45.09907" lon="-71.97958">
        <ele>276.47</ele>
      </trkpt>
      <trkpt lat="45.09887" lon="-71.98017">
        <ele>281.97</ele>
      </trkpt>
      <trkpt lat="45.0987" lon="-71.98053">
        <ele>284.1</ele>
      </trkpt>
      <trkpt lat="45.09823" lon="-71.98116">
        <ele>293.48</ele>
      </trkpt>
      <trkpt lat="45.09816" lon="-71.98138">
        <ele>295.77</ele>
      </trkpt>
      <trkpt lat="45.098" lon="-71.98218">
        <ele>300.18</ele>
      </trkpt>
      <trkpt lat="45.09767" lon="-71.98335">
        <ele>300.34</ele>
      </trkpt>
      <trkpt lat="45.09745" lon="-71.98438">
        <ele>303.02</ele>
      </trkpt>
      <trkpt lat="45.09727" lon="-71.98507">
        <ele>304.47</ele>
      </trkpt>
      <trkpt lat="45.09709" lon="-71.98576">
        <ele>305.54</ele>
      </trkpt>
      <trkpt lat="45.096855" lon="-71.98673">
        <ele>309.97</ele>
      </trkpt>
      <trkpt lat="45.09662" lon="-71.9877">
        <ele>316.11</ele>
      </trkpt>
      <trkpt lat="45.09649" lon="-71.98832">
        <ele>320.65</ele>
      </trkpt>
      <trkpt lat="45.09636" lon="-71.98894">
        <ele>324.2</ele>
      </trkpt>
      <trkpt lat="45.09608" lon="-71.98993">
        <ele>327.48</ele>
      </trkpt>
      <trkpt lat="45.0959" lon="-71.99097">
        <ele>333.72</ele>
      </trkpt>
      <trkpt lat="45.0958" lon="-71.99132">
        <ele>335.45</ele>
      </trkpt>
      <trkpt lat="45.09543" lon="-71.99246">
        <ele>341.94</ele>
      </trkpt>
      <trkpt lat="45.09506" lon="-71.9936">
        <ele>345.4</ele>
      </trkpt>
      <trkpt lat="45.094815" lon="-71.99432">
        <ele>349.49</ele>
      </trkpt>
      <trkpt lat="45.09457" lon="-71.99504">
        <ele>350.64</ele>
      </trkpt>
      <trkpt lat="45.094465" lon="-71.995845">
        <ele>351.69</ele>
      </trkpt>
      <trkpt lat="45.09436" lon="-71.99665">
        <ele>353.54</ele>
      </trkpt>
      <trkpt lat="45.09429" lon="-71.99787">
        <ele>356.36</ele>
      </trkpt>
      <trkpt lat="45.09429" lon="-71.99788">
        <ele>356.38</ele>
      </trkpt>
      <trkpt lat="45.09429" lon="-71.99894">
        <ele>359.22</ele>
      </trkpt>
      <trkpt lat="45.09429" lon="-72">
        <ele>364.34</ele>
      </trkpt>
      <trkpt lat="45.09436" lon="-72.000875">
        <ele>367.12</ele>
      </trkpt>
      <trkpt lat="45.09443" lon="-72.00175">
        <ele>366.18</ele>
      </trkpt>
      <trkpt lat="45.09457" lon="-72.00255">
        <ele>365.15</ele>
      </trkpt>
      <trkpt lat="45.09471" lon="-72.00335">
        <ele>364.73</ele>
      </trkpt>
      <trkpt lat="45.0949475" lon="-72.004375">
        <ele>361.89</ele>
      </trkpt>
      <trkpt lat="45.095185" lon="-72.0054">
        <ele>355.54</ele>
      </trkpt>
      <trkpt lat="45.0954225" lon="-72.006425">
        <ele>350.71</ele>
      </trkpt>
      <trkpt lat="45.09566" lon="-72.00745">
        <ele>348.31</ele>
      </trkpt>
      <trkpt lat="45.09511" lon="-72.00822">
        <ele>347.04</ele>
      </trkpt>
      <trkpt lat="45.09456" lon="-72.00899">
        <ele>345.21</ele>
      </trkpt>
      <trkpt lat="45.09401" lon="-72.00976">
        <ele>348.48</ele>
      </trkpt>
      <trkpt lat="45.09354" lon="-72.01061">
        <ele>348.9</ele>
      </trkpt>
      <trkpt lat="45.0930919" lon="-72.0116283">
        <ele>350.24</ele>
      </trkpt>
      <trkpt lat="45.0926437" lon="-72.0126465">
        <ele>353</ele>
      </trkpt>
      <trkpt lat="45.0921956" lon="-72.0136647">
        <ele>354.89</ele>
      </trkpt>
      <trkpt lat="45.0917474" lon="-72.014683">
        <ele>355.8</ele>
      </trkpt>
      <trkpt lat="45.0912992" lon="-72.0157011">
        <ele>353.55</ele>
      </trkpt>
      <trkpt lat="45.090851" lon="-72.0167193">
        <ele>350.3</ele>
      </trkpt>
      <trkpt lat="45.0904029" lon="-72.0177375">
        <ele>346.6</ele>
      </trkpt>
      <trkpt lat="45.0899547" lon="-72.0187556">
        <ele>345.04</ele>
      </trkpt>
      <trkpt lat="45.0895064" lon="-72.0197738">
        <ele>342.02</ele>
      </trkpt>
      <trkpt lat="45.0890582" lon="-72.0207919">
        <ele>339.9</ele>
      </trkpt>
      <trkpt lat="45.08861" lon="-72.02181">
        <ele>339.24</ele>
      </trkpt>
      <trkpt lat="45.0883" lon="-72.02235">
        <ele>338.15</ele>
      </trkpt>
      <trkpt lat="45.08847" lon="-72.02231">
        <ele>338.05</ele>
      </trkpt>
      <trkpt lat="45.08873" lon="-72.0223">
        <ele>337.68</ele>
      </trkpt>
      <trkpt lat="45.089395" lon="-72.0223">
        <ele>335.37</ele>
      </trkpt>
      <trkpt lat="45.09006" lon="-72.0223">
        <ele>333.94</ele>
      </trkpt>
      <trkpt lat="45.09059" lon="-72.022325">
        <ele>332.31</ele>
      </trkpt>
      <trkpt lat="45.09112" lon="-72.02235">
        <ele>329.17</ele>
      </trkpt>
      <trkpt lat="45.09162" lon="-72.02232">
        <ele>326.4</ele>
      </trkpt>
      <trkpt lat="45.09212" lon="-72.02229">
        <ele>324.04</ele>
      </trkpt>
      <trkpt lat="45.09258" lon="-72.02217">
        <ele>321.64</ele>
      </trkpt>
      <trkpt lat="45.09344" lon="-72.021915">
        <ele>319.64</ele>
      </trkpt>
      <trkpt lat="45.0943" lon="-72.02166">
        <ele>318.81</ele>
      </trkpt>
      <trkpt lat="45.09476" lon="-72.021575">
        <ele>319.43</ele>
      </trkpt>
      <trkpt lat="45.09522" lon="-72.02149">
        <ele>319.39</ele>
      </trkpt>
      <trkpt lat="45.09594" lon="-72.02128">
        <ele>317.65</ele>
      </trkpt>
      <trkpt lat="45.0966433" lon="-72.02111">
        <ele>315.49</ele>
      </trkpt>
      <trkpt lat="45.0973467" lon="-72.02094">
        <ele>314.76</ele>
      </trkpt>
      <trkpt lat="45.09805" lon="-72.02077">
        <ele>312.97</ele>
      </trkpt>
      <trkpt lat="45.09861" lon="-72.020575">
        <ele>314.69</ele>
      </trkpt>
      <trkpt lat="45.09917" lon="-72.02038">
        <ele>314.96</ele>
      </trkpt>
      <trkpt lat="45.0998067" lon="-72.0202133">
        <ele>314.17</ele>
      </trkpt>
      <trkpt lat="45.1004433" lon="-72.0200467">
        <ele>311.93</ele>
      </trkpt>
      <trkpt lat="45.10108" lon="-72.01988">
        <ele>311.41</ele>
      </trkpt>
      <trkpt lat="45.101755" lon="-72.019655">
        <ele>310.65</ele>
      </trkpt>
      <trkpt lat="45.10243" lon="-72.01943">
        <ele>308.14</ele>
      </trkpt>
      <trkpt lat="45.10322" lon="-72.01912">
        <ele>304.35</ele>
      </trkpt>
      <trkpt lat="45.10401" lon="-72.01881">
        <ele>299.36</ele>
      </trkpt>
      <trkpt lat="45.1048" lon="-72.0185">
        <ele>295.2</ele>
      </trkpt>
      <trkpt lat="45.10567" lon="-72.01826">
        <ele>295.22</ele>
      </trkpt>
      <trkpt lat="45.10567" lon="-72.01827">
        <ele>295.22</ele>
      </trkpt>
      <trkpt lat="45.10618" lon="-72.01813">
        <ele>294.17</ele>
      </trkpt>
      <trkpt lat="45.10689" lon="-72.01788">
        <ele>292.08</ele>
      </trkpt>
      <trkpt lat="45.1076" lon="-72.01763">
        <ele>291.72</ele>
      </trkpt>
      <trkpt lat="45.10784" lon="-72.01756">
        <ele>292.38</ele>
      </trkpt>
      <trkpt lat="45.10793" lon="-72.01757">
        <ele>292.48</ele>
      </trkpt>
      <trkpt lat="45.1082" lon="-72.01764">
        <ele>292.2</ele>
      </trkpt>
      <trkpt lat="45.10875" lon="-72.017845">
        <ele>292.08</ele>
      </trkpt>
      <trkpt lat="45.1093" lon="-72.01805">
        <ele>291.48</ele>
      </trkpt>
      <trkpt lat="45.11017" lon="-72.01833">
        <ele>288.56</ele>
      </trkpt>
      <trkpt lat="45.11104" lon="-72.01861">
        <ele>285.85</ele>
      </trkpt>
      <trkpt lat="45.11191" lon="-72.01889">
        <ele>285.27</ele>
      </trkpt>
      <trkpt lat="45.11278" lon="-72.01917">
        <ele>284.26</ele>
      </trkpt>
      <trkpt lat="45.11301" lon="-72.01926">
        <ele>283.56</ele>
      </trkpt>
      <trkpt lat="45.11351" lon="-72.01931">
        <ele>281.03</ele>
      </trkpt>
      <trkpt lat="45.11433" lon="-72.01932">
        <ele>279.99</ele>
      </trkpt>
      <trkpt lat="45.114835" lon="-72.019305">
        <ele>280.78</ele>
      </trkpt>
      <trkpt lat="45.11534" lon="-72.01929">
        <ele>279.93</ele>
      </trkpt>
      <trkpt lat="45.1161" lon="-72.019416">
        <ele>277.4</ele>
      </trkpt>
      <trkpt lat="45.11686" lon="-72.019542">
        <ele>274.72</ele>
      </trkpt>
      <trkpt lat="45.11762" lon="-72.019668">
        <ele>273.89</ele>
      </trkpt>
      <trkpt lat="45.11838" lon="-72.019794">
        <ele>272.56</ele>
      </trkpt>
      <trkpt lat="45.11914" lon="-72.01992">
        <ele>271.32</ele>
      </trkpt>
      <trkpt lat="45.11963" lon="-72.01997">
        <ele>269.64</ele>
      </trkpt>
      <trkpt lat="45.11983" lon="-72.01996">
        <ele>269.01</ele>
      </trkpt>
      <trkpt lat="45.12044" lon="-72.019965">
        <ele>266.36</ele>
      </trkpt>
      <trkpt lat="45.12105" lon="-72.01997">
        <ele>263.4</ele>
      </trkpt>
      <trkpt lat="45.1219188" lon="-72.0199088">
        <ele>259.05</ele>
      </trkpt>
      <trkpt lat="45.1227875" lon="-72.0198475">
        <ele>256.49</ele>
      </trkpt>
      <trkpt lat="45.1236563" lon="-72.0197863">
        <ele>254.45</ele>
      </trkpt>
      <trkpt lat="45.124525" lon="-72.019725">
        <ele>253.05</ele>
      </trkpt>
      <trkpt lat="45.1253938" lon="-72.0196638">
        <ele>250.33</ele>
      </trkpt>
      <trkpt lat="45.1262625" lon="-72.0196025">
        <ele>248.99</ele>
      </trkpt>
      <trkpt lat="45.1271313" lon="-72.0195413">
        <ele>247.79</ele>
      </trkpt>
      <trkpt lat="45.128" lon="-72.01948">
        <ele>246.12</ele>
      </trkpt>
      <trkpt lat="45.12878" lon="-72.01938">
        <ele>245.33</ele>
      </trkpt>
      <trkpt lat="45.1296" lon="-72.01939">
        <ele>244.59</ele>
      </trkpt>
      <trkpt lat="45.130115" lon="-72.01945">
        <ele>244.08</ele>
      </trkpt>
      <trkpt lat="45.13063" lon="-72.01951">
        <ele>243.75</ele>
      </trkpt>
      <trkpt lat="45.1307" lon="-72.01948">
        <ele>243.61</ele>
      </trkpt>
      <trkpt lat="45.1312" lon="-72.01956">
        <ele>243.29</ele>
      </trkpt>
      <trkpt lat="45.13178" lon="-72.019605">
        <ele>242.61</ele>
      </trkpt>
      <trkpt lat="45.13236" lon="-72.01965">
        <ele>241.65</ele>
      </trkpt>
      <trkpt lat="45.13307" lon="-72.01979">
        <ele>240.9</ele>
      </trkpt>
      <trkpt lat="45.13362" lon="-72.01993">
        <ele>240.04</ele>
      </trkpt>
      <trkpt lat="45.13417" lon="-72.02007">
        <ele>238.22</ele>
      </trkpt>
      <trkpt lat="45.13449" lon="-72.02019">
        <ele>237.77</ele>
      </trkpt>
      <trkpt lat="45.13521" lon="-72.02054">
        <ele>235.92</ele>
      </trkpt>
      <trkpt lat="45.13571" lon="-72.02073">
        <ele>236.02</ele>
      </trkpt>
      <trkpt lat="45.13637" lon="-72.02082">
        <ele>235.53</ele>
      </trkpt>
      <trkpt lat="45.13685" lon="-72.02092">
        <ele>234.23</ele>
      </trkpt>
      <trkpt lat="45.13729" lon="-72.021">
        <ele>232.01</ele>
      </trkpt>
      <trkpt lat="45.13779" lon="-72.02113">
        <ele>232.09</ele>
      </trkpt>
      <trkpt lat="45.13816" lon="-72.02118">
        <ele>233.05</ele>
      </trkpt>
      <trkpt lat="45.139055" lon="-72.02122">
        <ele>235.03</ele>
      </trkpt>
      <trkpt lat="45.13995" lon="-72.02126">
        <ele>237.66</ele>
      </trkpt>
      <trkpt lat="45.1407" lon="-72.02127">
        <ele>238.7</ele>
      </trkpt>
      <trkpt lat="45.141565" lon="-72.021245">
        <ele>238.19</ele>
      </trkpt>
      <trkpt lat="45.14243" lon="-72.02122">
        <ele>237.75</ele>
      </trkpt>
      <trkpt lat="45.14243" lon="-72.02122">
        <ele>237.76</ele>
      </trkpt>
      <trkpt lat="45.14288" lon="-72.02118">
        <ele>236.59</ele>
      </trkpt>
      <trkpt lat="45.14334" lon="-72.02118">
        <ele>235.34</ele>
      </trkpt>
      <trkpt lat="45.1438" lon="-72.02118">
        <ele>234.86</ele>
      </trkpt>
      <trkpt lat="45.14444" lon="-72.02113">
        <ele>233.36</ele>
      </trkpt>
      <trkpt lat="45.14526" lon="-72.02114">
        <ele>231.96</ele>
      </trkpt>
      <trkpt lat="45.1454" lon="-72.02116">
        <ele>231.98</ele>
      </trkpt>
      <trkpt lat="45.14565" lon="-72.02122">
        <ele>231.33</ele>
      </trkpt>
      <trkpt lat="45.14577" lon="-72.02128">
        <ele>231.12</ele>
      </trkpt>
      <trkpt lat="45.14621" lon="-72.02172">
        <ele>229</ele>
      </trkpt>
      <trkpt lat="45.146785" lon="-72.0224125">
        <ele>222.71</ele>
      </trkpt>
      <trkpt lat="45.14736" lon="-72.023105">
        <ele>220.41</ele>
      </trkpt>
      <trkpt lat="45.147935" lon="-72.0237975">
        <ele>216.93</ele>
      </trkpt>
      <trkpt lat="45.14851" lon="-72.02449">
        <ele>217.36</ele>
      </trkpt>
      <trkpt lat="45.14886" lon="-72.02413">
        <ele>215.13</ele>
      </trkpt>
      <trkpt lat="45.14902" lon="-72.0239">
        <ele>214.17</ele>
      </trkpt>
      <trkpt lat="45.1494" lon="-72.02343">
        <ele>211.31</ele>
      </trkpt>
      <trkpt lat="45.14978" lon="-72.02296">
        <ele>210.09</ele>
      </trkpt>
      <trkpt lat="45.15009" lon="-72.0225">
        <ele>208.28</ele>
      </trkpt>
      <trkpt lat="45.1505467" lon="-72.0234333">
        <ele>208.11</ele>
      </trkpt>
      <trkpt lat="45.1510033" lon="-72.0243667">
        <ele>209.18</ele>
      </trkpt>
      <trkpt lat="45.15146" lon="-72.0253">
        <ele>210.41</ele>
      </trkpt>
      <trkpt lat="45.151805" lon="-72.02588">
        <ele>210.35</ele>
      </trkpt>
      <trkpt lat="45.15215" lon="-72.02646">
        <ele>209.78</ele>
      </trkpt>
      <trkpt lat="45.15263" lon="-72.02713">
        <ele>207.35</ele>
      </trkpt>
      <trkpt lat="45.15304" lon="-72.02758">
        <ele>204.79</ele>
      </trkpt>
      <trkpt lat="45.15349" lon="-72.02803">
        <ele>200.88</ele>
      </trkpt>
      <trkpt lat="45.15406" lon="-72.02852">
        <ele>197.48</ele>
      </trkpt>
      <trkpt lat="45.1546367" lon="-72.0290067">
        <ele>191.6</ele>
      </trkpt>
      <trkpt lat="45.1552133" lon="-72.0294933">
        <ele>188.56</ele>
      </trkpt>
      <trkpt lat="45.15579" lon="-72.02998">
        <ele>183.43</ele>
      </trkpt>
      <trkpt lat="45.15579" lon="-72.02998">
        <ele>183.41</ele>
      </trkpt>
      <trkpt lat="45.15644" lon="-72.030524">
        <ele>178.43</ele>
      </trkpt>
      <trkpt lat="45.15709" lon="-72.031068">
        <ele>175.32</ele>
      </trkpt>
      <trkpt lat="45.15774" lon="-72.031612">
        <ele>174.44</ele>
      </trkpt>
      <trkpt lat="45.15839" lon="-72.032156">
        <ele>174.54</ele>
      </trkpt>
      <trkpt lat="45.15904" lon="-72.0327">
        <ele>174.39</ele>
      </trkpt>
      <trkpt lat="45.15916" lon="-72.03282">
        <ele>174.39</ele>
      </trkpt>
      <trkpt lat="45.159855" lon="-72.03326">
        <ele>173.76</ele>
      </trkpt>
      <trkpt lat="45.16055" lon="-72.0337">
        <ele>173.05</ele>
      </trkpt>
      <trkpt lat="45.16093" lon="-72.03398">
        <ele>172.43</ele>
      </trkpt>
      <trkpt lat="45.16127" lon="-72.03445">
        <ele>170.94</ele>
      </trkpt>
      <trkpt lat="45.16136" lon="-72.03465">
        <ele>170.31</ele>
      </trkpt>
      <trkpt lat="45.16163" lon="-72.03541">
        <ele>169.29</ele>
      </trkpt>
      <trkpt lat="45.16187" lon="-72.03633">
        <ele>168.85</ele>
      </trkpt>
      <trkpt lat="45.16194" lon="-72.03635">
        <ele>168.92</ele>
      </trkpt>
      <trkpt lat="45.16198" lon="-72.03639">
        <ele>168.92</ele>
      </trkpt>
      <trkpt lat="45.16223" lon="-72.0368">
        <ele>168.99</ele>
      </trkpt>
      <trkpt lat="45.16232" lon="-72.03685">
        <ele>169.08</ele>
      </trkpt>
      <trkpt lat="45.16294" lon="-72.03677">
        <ele>169.81</ele>
      </trkpt>
      <trkpt lat="45.16316" lon="-72.03677">
        <ele>169.98</ele>
      </trkpt>
      <trkpt lat="45.16345" lon="-72.03681">
        <ele>170.28</ele>
      </trkpt>
      <trkpt lat="45.16392" lon="-72.03694">
        <ele>170.99</ele>
      </trkpt>
      <trkpt lat="45.164615" lon="-72.037185">
        <ele>171.36</ele>
      </trkpt>
      <trkpt lat="45.16531" lon="-72.03743">
        <ele>172.26</ele>
      </trkpt>
      <trkpt lat="45.16588" lon="-72.037645">
        <ele>172.69</ele>
      </trkpt>
      <trkpt lat="45.16645" lon="-72.03786">
        <ele>172.58</ele>
      </trkpt>
      <trkpt lat="45.167115" lon="-72.03813">
        <ele>172.4</ele>
      </trkpt>
      <trkpt lat="45.16778" lon="-72.0384">
        <ele>172.22</ele>
      </trkpt>
      <trkpt lat="45.16786" lon="-72.03853">
        <ele>172.09</ele>
      </trkpt>
      <trkpt lat="45.16816" lon="-72.03861">
        <ele>172.08</ele>
      </trkpt>
      <trkpt lat="45.16819" lon="-72.03868">
        <ele>172.08</ele>
      </trkpt>
      <trkpt lat="45.16824" lon="-72.03873">
        <ele>172.04</ele>
      </trkpt>
      <trkpt lat="45.16831" lon="-72.03875">
        <ele>172.04</ele>
      </trkpt>
      <trkpt lat="45.16858" lon="-72.03872">
        <ele>172.01</ele>
      </trkpt>
      <trkpt lat="45.1686" lon="-72.03908">
        <ele>171.45</ele>
      </trkpt>
      <trkpt lat="45.16815" lon="-72.03929">
        <ele>171.4</ele>
      </trkpt>
      <trkpt lat="45.16797" lon="-72.03943">
        <ele>171.48</ele>
      </trkpt>
      <trkpt lat="45.1683567" lon="-72.0402733">
        <ele>171.29</ele>
      </trkpt>
      <trkpt lat="45.1687433" lon="-72.0411167">
        <ele>171.02</ele>
      </trkpt>
      <trkpt lat="45.16913" lon="-72.04196">
        <ele>171.01</ele>
      </trkpt>
      <trkpt lat="45.16951" lon="-72.04287">
        <ele>170.75</ele>
      </trkpt>
    </trkseg>
  </trk>
</gpx>